song_id,title,artist,category,lyrics,token_count
0,Euta Mancheko,Narayan Gopal,nepali,"एउटा मान्छेको मायाले
कति
फरक पर्दछ जिन्दगीमा
एउटा मान्छेको मायाले
कति
फरक पर्दछ जिन्दगीमा
एउटा साथीको साथले कति
फरक पर्दछ जिउनुमा
एउटा मान्छेको मायाले
कति
फरक पर्दछ जिन्दगीमा
शिशिर यामकाे जाडोमा
पनि
शिशिर यामकाे जाडोमा
पनि
फुल्दछ फुल मुस्कानकाे
अधाँराे अाैंशीकाे
रातमा पनि
बल्दछ दियो विश्वासको
नयनभरीकाे अाशुमा पनि
नयनभरीकाे अाशुमा पनि
बसेकाे हुन्छ तस्बिर
त्यो
हृदयभरीकाे चाेटमा पनि
लुकेको हुन्छ मायालु
त्यो
एउटा मान्छेको मायाले
कति
फरक पर्दछ जिन्दगीमा
बिछाेड हुदाकाे दुखमा
पनि
बिछाेड हुदाकाे दुखमा
पनि
भराेसा हुन्छ मिलनकाे
झगडा हुदाकाे बेलामा
पनि
पत्यार हुन्छ
साहाराकाे
मायालु बिनाकाे हुदाे
हो कति
मायालु बिनाकाे हुदाे
हो कति
उराथ लाग्दाे संन्सार
यो
पीरति बिनाकाे
हुदाेहाे कति
निरासिकलाे सम्झना यो
एउटा मान्छेको मायाले
कति
फरक पर्दछ जिन्दगीमा",67
1,गाउँछ गीत नेपाली (Gaucha Geet Nepali),Madhav prasad ghimire,nepali,"जय, जय, जय नेपाल, सुन्दर, शान्त, बिशाल
सुन्दर, शान्त, बिशाल
जय, जय, जय नेपाल, सुन्दर, शान्त, बिशाल
सुन्दर, शान्त, बिशाल
गण्डकी, कोसी, कर्णाली, मेची, र महाकाली
लेक र बेसी बिउझाउँछन्, लहर लाखौँ उचाली
हिमालचुली बोलाउँछ पहिलो झुल्का निकाली
सगरमाथा शिखरमा पुग्दछ पहिले नेपाली
सीताले सारा भिजाइन दक्षिण लंका-भारत
भृकुटी तारा उदाइन उत्तर चीन-तिब्बत
बुद्धले यहीँ पाएथे ज्ञानको पहिलो मुहान
शिवले यहीँ ल्याएथे सृस्टीको पहिलो बिहान
जय, जय, जय नेपाल, सुन्दर, शान्त, बिशाल
सुन्दर, शान्त, बिशाल
पश्चिम किल्ला काँगडा, पूर्वमा टिस्टा पुगेथ्यौँ
कुन शक्तिको सामुमा कहिले हामी झुकेथ्यौँ?
हामीले हिमाल उठायौँ एसियाको माझमा
सभ्यता बास बसेथ्यो आएर यहीँ साँझमा
यही नेपाली माटोमा दिलको फूल रोपेर
यही पहाडी शिलामा प्रीतको गीत खोपेर
बाँचौला हामी नेपालमा चन्द्र र सुर्य ध्वोजा लिई
नाँचौला हामी हिमालमा ज्योतिको पंख उचाली
जय, जय, जय नेपाल, सुन्दर, शान्त, बिशाल
सुन्दर, शान्त, बिशाल
जय, जय, जय नेपाल, सुन्दर, शान्त, बिशाल
सुन्दर, शान्त, बिशाल
सुन्दर, शान्त, बिशाल, सुन्दर, शान्त, बिशाल",127
2,KT Nepali,SACAR aka Lil Buddha & Chintu,romanized,"मलाई मान पर्चा केटी नेपाली
गाउ गोरी काली उसको ओठ मा लाली
अली अली नख्र उसको चाला बिराली
घुम्टो त्यो हाली आहा केटी नेपाली
हाम्रो घर चेउ को घर मा बस्ने केटी सराई पोट
साझ जोगिङ अनि जिएम चाई ब्याना को साधे दास
च्यारा, हेर्दा हेर्दै मलाई पारिसक्यो लोव
हरेक सुक्रबार रति ओ निस्किन्छे जाना लाई क्लब
तारा, चोटो लुगा वन्दा सारी मै बबाल
चुरो लगाई, जुरो बनाई, पारी झै कपाल
कुर्दिना मा तिमलाई पाउन, चाइन कुनै सवाल
तिमी मेरो करिशमा मा तिम्रो राजेश हमाल
बा ले नमाने तिमलाई लान्चु भगै
हाम्रो माया को दियो मा बल्चु सलाई
आगो निवाइदेउ की निवाइदेउ मेरो यूएनआई को भूमिका
ढाल्थे होला ठाउ को ठाउ मा मा तिम्रो ओठ ले चुमिदा
ना ना ना ना ना ना ना ना, नाकै मा फुली
गजालु टीका अनि दुई चुल्थो नवुली
पा पा पा पा पा पा पा पा, पातालो कम्मर
एकचोटि लायेसी नेपाली माया अजम्बर",130
3,Emerge - Maicha,Genius Nepali Translations (नेपाली आनुवाद),nepali,"फूल हेरेई, तिम्रै सम्झना आयो
माँ मेरो, सिलात भाई दियो
तेसैले तिमी नजाउ
चोडेर मलाई येता
हुरी आयेनी पाँइ परेनी
तिमी मात्रै, मेरो माँ भित्र
काहा जना लागेको
काहा जना लागेको
काहा जना लागेको, ओ मायालु
नजाउ अहिले, हत्तरिनु पर्चा रा
काहा जना लागेको रे
काहा जना लागेको
काहा जना लागेको
काहा जना लागेको, ओ मायालु
नजाउ अहिले, हत्तरिनु पर्चा रा
काहा जना लागेको रे
ओह ओह ओह ओह
ओह ओह ओह ओह
मायालु
ओह ओह ओह ओह
ओह ओह ओह ओह
मायालु",62
4,Himali Nepali,Mantra Band,nepali,"गौथली चिरबिर गर्दैन
भने त्यो होइन गौथली
कोयली कुहु भन्दैन
भने त्यो होइन कोयली
गर्भ नै बाट आउछँन
सबै भेष र भाषाली
यो भेष र भाषा नबिर्सौं हामी
हिमाली, नेपाली
कसैले पो भन्ला तिमीलाई
कतै त्यो होइन तिम्रो देश
भन्दिनु उनलाई जहाँ म
उभेछु त्यहिँ हो मेरो देश
सगरमाथा सेरो र
फेरो हिमाली प्रदेश
यसैमा बित्यो विवशता हाम्रो
यहिँ हो मेरो देश
भाषा र संस्कृती सबको जनमको
सबको जनमको अधिकार
कसैमा यो धुन नहोला भने
त्यसैलाई छ मेरो धिक्कार
बाच्न र हास्न पाइन्न भने
पाइन्न भने के को स्वाधिनता?
बाच्नलाई गासँ नभए
भैगो आमा चाहिन्छ
मर्मको कुरा खोल्न गर्भको
गर्भको भाषा त चाहिन्छ",79
5,Raila Roka - Nepali Ho Ft. Vten,Genius Romanizations,romanized,"हिमाल, पहाड, तेरै , हाम्रै हो
रेटो सेतो, रङ्गै हो
चन्द्र, सूर्य, हाम्रै हो
ढाका टोपी, हाम्रै हो
दौरा, सुरवाल, हाम्रै हो
सगरमाथा, हाम्रै हो
लिपुलेख, हाम्रै हो
गर्व गर्चु मा, नेपाली हो
हो हाई हो, हु..... हो हो
हो हाई
हो हाई
हो हाई
हु..... हो हो
बीर गोर्खालिनी, हामी हो
ढाका टोपी, सिरमा लगाको
खुकुरी विदी हिडाको ओह
संसार को माँ मा, बसेको
तिस्था देखि कागडा सम्म, हाम्रै हो
पृथिवी बजेयले, पहिलाई बनाको
थचाइन मेरो साथी, भाई, काटा ग्यो ?
जाहा वयेपानी, अखिर तिम्रो माँ टा नेपाली हो
रैला पारा मा, हिड्नी हो
धेउसी, भैलो पानी खेल्ने हो
काँ मा, जमरा
निधार मा, टीका, असिश
आमा, बुवा को
सिर मा, लालीगुरास आह हा ! कति सुहाको
तेसैले !
माँ बदलिदैन
समये ब्याडली पानी, हाम्रो
माँ बदलिदैन
दुई हात जोडी नमस्ते ! नेपाली हो
नेपाल सगरमाथा को, मुटु मा चा
3 क्रोर नेपाली, एउटै नेपाली हो
नेपाली माटो, नेपाली सबै को
हामी नेपाली, नेपाल को रक्चक हो
हामी सबै को, नेपाल आमा हो !
जन्मिये येही माटो मा, मा
जल्चु, येही माटो मा, मा
नेपाल, मेरो चाटी मा चा
स्वर्ग हो यो, चड्डिन मा",142
6,Malai Chodi Mero Chaya,Narayan Gopal,nepali,"मलाई छोडी मेरो छायाँ
कतै झरेछ
तिमीसम्म आइपुग्दा
साँझै परेछ
त्यसै कति बिते मेरा
चिसा चिसा रातिहरु
तातो माया संगालेर
खोजिरहें साथीहरु
वैंश छँदा नपुगेको रातै
ढलेछ
तिमीसम्म आइपुग्दा
साँझै परेछ
नलेखेको गीत मेरो
पाखाभरि गाए जस्तो
नदेखेको माया मेरो
आँखाभरि पाए जस्तो
जिन्दगीको छेउमा कतै
ज्योति झरेछ
तिमीसम्म आइपुग्दा
साँझै परेछ",33
7,いきものがかり (Ikimonogakari) - ブルーバード (Blue Bird),Genius Nepali Translations (नेपाली आनुवाद),nepali,"नीलो त्यो आकाशमा, फिजाइ पखेटा तिम्रो
उड्नेछ तिम्रो मन
नीलो त्यो आकाशमा पन्छी बनी ।
सिख्नेछौ धेरै कुरा के हो दुख भनी
अझै आउदैछन् निराशाहरू पनि
तिमी त उडी गयौ निलो आकाशमा
मेरो यो भावना सबै छोडी
अनौठो यो संसर देखि बिउझिएपछि तिमी
फिजाइ पखेटा तिम्रो र उडिजाउ ।
नीलो त्यो आकाशमा , फिजाइ पखेटा तिम्रो
उड्नेछ तिम्रो मन
नीलो त्यो आकाशमा पन्छी बनी ।
ठूलो त्यो आकाशमा , बादलहरूको भीडमा
उड्दैछ तिम्रो मन
बादलहरूको माझ पन्छी बनी
कठिन नै छ उडान
बुझ्दैछु व्यथा त्यो
नमान हार , अघि बड
उज्यालो भविष्य तिर",72
8,K Pais Nepali ?,The Shadows 'Nepal',nepali,"के पाइस् नेपाली? केरा
सत्र हजारलाई शहिद बनाइस्
राजा निकालिस्, अनि बिजय मनाइस्, हेइ
गोली सलाइस्, जङ्गलमा डडाँइस्, सत्तामा आइस् अनि भुँडी फुलाइस्, हे
के पाइस् नेपाली? केरा
सिँन्का पनि नधाल्नेलाई मायोर बनाइस् तैँले
भुत्रो पनि ननापिने लोकतन्त्र ल्याइस् तैँले
दस कक्षा नि नपढेको मन्त्री बनाइस् तैँले
चुट्किलाको मास्टरलाई प्र.म. बनाइस् तैँले
के पाइस् नेपाली? केरा
हरियो केरा, पहेलो केरा, पाकेको केरा, काँचो केरा
हरियो केरा, पहेलो केरा, पाकेको केरा, काँचो केरा
हरियो केरा, पहेलो केरा, पाकेको केरा, काँचो केरा
हरियो केरा, पहेलो केरा, पाकेको केरा, काँचो केरा
के पाइस् नेपाली? केरा
बिचार पोख्छस् कम्प्युटर मा, दुई हजार लाइक्स, अनि
रोजगारीको सुइटकेस बोकि बिदेश पलाएन, अनि
सपना देख्छस् पानी जहाजको, गाडी खोलामा, अनि
गु दिमाग लाइस्, आफू भेडा बनाइस्, अनि
के पाइस् नेपाली? केरा",106
9,ROSÉ - Gone,Genius Nepali Translations (नेपाली आनुवाद),nepali,"सम्झन्छौ भनेर सोचेको थिँँए, तर बिर्सियौ जस्तो छ
तिमीलाई दोश पनि दिन सक्दिन, जब तिमी आफैँ हराइसकेको छौ
ओह, येअह
थाकिसके सधैँ पर्खिरहदा
ओह, येअह, येअह
फोन नम्बर फेरेछौ, त्यसैले मेरो कल नपाएको होला
मैले आफ्नो सबै दिएको थिँए, अहिले मसंगै संलग्न हुन चाहान्नौ
ओह, येअह, येअह
आफै सामना गर्ने बेला भयो
ओह, येअह, येअह
तिम्रो लागि म एकमात्रै हुन चाहान्छु
तर तिम्रो लागि हामी सक्किसक्यौँ
भन, किन मलाई पीडा दिएर गयौ?
अहिले म एक्लै रुइरहेको छु
मजाकको लागि मेरो मन तोड्यौ
मेरो माया सबै लग्यो र मलाई सुन्न बनायौ
अहिले बिहानको ८ बजिसक्यो
एकबिहानै मनमा घृणा भरिसक्यो (सबै तिमीले गर्दा)
यो अर्को दुःखी र साँचो कथा
म पीडा महसुस गर्न सक्छु, तिमी?
मलाई निराश पार्ने, मेरो मन नीलो रंगाउने तिमी नै भयौ
म तिमी नयाँ मान्छे सँग देख्न सक्दिन
म उ र तिमी माथि सराप हालिदिन्छु
अब पछाडि हेर्दिन, मेरो लागि तिमी मरेर गयौ
मेरो माया पनि हरायो",128
10,Nepali Superman,Mc Flo,romanized,"मा तिम्रो सुपर मान
हुना चाहन्छु
मा तिम्रो सुपर मान
मा तिम्रो लागी आकाश को जुन तारा
ल्याउन सक्दिन टिपेर, तारा मा
थचाइन किना हो माया मा तिमी लाई
गरी रहन्छु
तिम्रै बाटो मा पर्की, चोकै मा बासी
त्येइ तिम्रो क्याफे मा जाहा खाँचु कफी
अठेनौ तिमी टा हिजो रा अस्ती
आजा नि मलाई टा हेरनौ फर्की
मेरो मेसेन्जर चट पानी ब्लक चा
अरू गुनासो धेरै चा तारा
रीसै बस्न मा सक्दिन तिमी संग
राखेछु सजारा मुटु वित्र
तिम्रो लागी मा कोर्दै छु पत्र
मेरो माया लाई खोलेर पढा
मा तिम्रो जीवन को एक मात्र हेरो हो मा
आयेर बसा तिमी मा संग
मा तिम्रो सुपर मान
हुना चाहन्छु
मा तिम्रो सुपर मान",92
11,Speech By A Nepali Teenager,MC Rage,romanized,"डाँकिदैछ प्रलयग्नी आगो, क्रान्ति कै
सबै भन्दो ठूलो प्रस्न सन्ती खाइ
फ्याग्स लेफ्ट नेपाल लिके ""नोन-स्टप डिके
थे शुद'आ पवेद आ पाठ फोर यूएस, नोट स्टप थे वे
थाउष्ट वे कड माके आ चाँगे, बुट थे एआइएन'टी लेटिन यूएस
सेल्फिश प्रिक्स, जेनेरेटेड हाते आइएन यूएस
जाता हेरे नि त्यस्तै , एएलएल योउ सी आइएस सीआरआई एएनडी पाइँ
सहिद को बलिदान याद गर , डिड थे दिए आइएन वैं ?
नाह, वे क्यान्ट लेटेम, आई मियन होव वे कड वे लेट'ईएम
फेलो सिटिजेन्स ओएफ नेपाल जीएस-गो गेट'ईएम
स्टे टोगेथर, हाते टोगेथर, क्रिएट टोगेथर",86
12,Nepali Angreji,Sajjan Raj Vaidya,nepali,"के के गरेर जहाज चढेर
अनौठो सहरमा बस्ती बसाएँ
टाक्राक र टुक्रुक गर्दा गर्दै
दुई चार वटा त्यही गाना बनाएँ
सोध्न त्यसबारे म भनिहाल्छु क्यारे
के गरी यहाँ आएँ म
तलाई चाहिँ मेरो अङ्ग्रेजी कै चासो छ
त्यस्तै हो भने न सुन्न त कुरो
रोएर नै होलास् तँ बुढो
नत्र भने चाहिँ किचकिच नगरी
रमाइलो तालले सुन् कथा मेरो
सोध् बरु मलाई अनि भन्छु तलाई
के कसो कहाँ गएँ म
तलाई चाहिँ मेरो अङ्ग्रेजी कै चासो छ
ढाका नलाए नेपाली होइन रे
र दोहोरी नगए परदेशी
म नेपाली हुन तेरै अनुमति
चाहिने पो मलाई भनेछि
नेपाल नबसे नेपाली होइन रे
गाउँदा खेरि मुख नबटर्नु अरे
यो भन त्यो भन"" सोध्यो चाहिँ कोल्ले?
मुख बटारेरै गीत गाउनु छ रे",98
13,Nepali Ho,Raila Roka,nepali,"हिमाल पहाड तराई हाम्रै हो
रातो सेतो रंगै हो
चन्द्र सुर्य हाम्रै हो
ढाका टोपी हाम्रै हो
दौरासुरुवाल हाम्रै हो
सगरमाथा हाम्रै हो
लुपिलेखा हाम्रै हो
गर्व गर्छु म नेपाली हो
हो है हो (हो है हो है हो)
हो है हो है हो
हो है हो (हो है हो है हो)
हो है हो है हो
बिर गोर्खाली नि हामि हो (बिर गोर्खाली)
ढाका टोपी सिरमा लगाको (ढाका टोपी)
खुकुरी भिडी हिडेको
संसारको मनमा बसेको
तिस्था देखि कांगड़ा सम्म हाम्रै हो (हाम्रै हो)
पृथ्वी बाजेले पहिले बनाको (बनाको)
थाछैन मेरो साथि भाई कता गो? (कता गो, थाछैन)
जहाँ भए पनि आखिर तिम्रो मन त नेपाली हो
रैला पारामा हिड्ने हो
द्यौसी भैलो पनि खेल्ने हो
कानमा जमरा
निधारमा टिका आशिस आमा बुवाको
सिरमा लालिगुरास आहा कति सुहाको
त्यसैले मन बद्लिदैन
समय बदले पनि हाम्रो मन बद्लिदैना
दुई हात जोडी नमस्ते! नेपालि हो
नेपाल सगरमाथाको मुटुमा खोज
तिन करोड नेपाली एउटै नेपाल हो
नेपालि माटो नेपाली सबैको (नेपालि सबैको)
हामि नेपाली नेपालको रक्षक हो (नेपाली रक्षक हो)
हामि सबैको नेपाल आमा हो
जन्मिए यहि माटोमा म, जल्छु यहि माटोमा म
नेपाल मेरो छातीमा छ, स्वोर्ग हो यो छाड्दिन म",164
14,Nepali Ho,1974 AD,nepali,"जसो गर, जे भन, जता सुकै लैजाउ मलाई
यो मन त मेराे नेपाली हाे
जसो गर, जे भन, जता सुकै लैजाउ मलाई
यो मन त मेराे नेपाली हाे
मलाई गर्भ छ, हाम्रो पुर्खाले
कति व्यर्थाहरु सहेर?
कति व्यर्थाहरु सहेर?
इतिहासमा कथा त लेखेकै छ
जसो गर, जे भन, जता सुकै लैजाउ मलाई
यो मन त मेराे नेपाली हाे
न नै लडाईको मैदानबाट भागी दिन्छ
न त सूनको तराजुमा बेखिदिन्छ
न नै लडाईको मैदानबाट भागी दिन्छ
न त सूनको तराजुमा बेखिदिन्छ
आफ्नै कर्ममा अटल रहने
आफनै पसिनामा बिस्वास राख्ने
यो मन त मेरो नेपाली हो!
न नै आरुको भरोशामा बाची दिन्छ
न त आफ्नो अधिकारलाई लुट्न दिन्छ
न नै आरुको भरोशामा बाची दिन्छ
न त आफ्नो अधिकारलाई लुट्न दिन्छ
हिमाल झैँ चम्किलो सफा छ छाती
आकाश जाहाँ फिजिएको बिचार छ बिशाल
यो मन त मेरो नेपाली हो!",116
15,ROSÉ - On The Ground,Genius Nepali Translations (नेपाली आनुवाद),nepali,"मेरो जिवन जादु सरह भएको छ, हेर्दा कति राम्रो देखिन्छ
भुईमा गद्दा र भित्तामा प्वाल हुने गर्थ्यो
जब चाहन्छु, अचानक पाउँछु
अनि पछि थहा पाउँछु कि ति सुनहरु प्लास्टिक मात्र हुन् भनेर
हरेक दिन, हरेक रात
म तिमी र मेरो बारेमा सोँच्दैछु
हरेक दिन, हरेक रात
मैले जीवनभर काम गरें
केवल सही हुन, बस यति सोँच्न
मलाई हेर, म कहिलै तल झर्दिन
मैले जीवनभर काम गरें
केवल आकाश छुन, केवल महसुस गर्न कि
मलाई चाहिने सबै कुरा
मलाई चाहिने सबै कुरा जमीनमै छ
जमीनमै
मलाई चाहिने सबै कुरा जमीनमै छ
अहँ, तर तिनीहरूले मलाई सुन्दैनन्
(हो, जे माथि जान्छ, त्यो तल आउनै पर्छ)
अहँ, तर तिनीहरूले मलाई सुन्दैनन्
(तिम्रो समय सकिन लागिसक्यो)",96
16,Tyo mann ma,Ashit Ryee sikkimese,romanized,"कुनै दिन माया पलाउने चा ×2
तारा वन्न सक्दिन त्यो दिन
तारा वन्न सक्दिन त्यो दिन
मेरो म्यान मा तिमिनै हुन्चौ हुदैनौ×2
कुनै दिन माया पलाउने चा....",23
17,Saunko Jhari Bani,Narayan Gopal,nepali,"साउनको झरी बनि, तिमी आऊ
न।
मेरो मनको अन्धेरिमा
जुन छाऊ न।
हो
बाफ़िएर आज हिमाल
किन रोएछ।
कता-कता मनभित्र, घाऊ
दुखेछ।
बिहानी भो किरण संगै
तिमी आऊ न।
छातीभित्र मुटु बोल्छ
तिमी आऊ न।
मेरो मनको अन्धेरिमा
जुन छाऊ न।
साउनको झरी बनि।
हो
निसास्सिएको पारी
पाखा, कति धुमैलो।
डुब्दै जाने घामले हो
कि, डढेलो लागेको।
भन्ज्यांग अनि पाखा
भन्छ, तिमी आऊ न।
फूलहरु रोई भन्छ, तिमी
आऊ न।
मेरो मनको अन्धेरिमा
जुन छाऊ न।
साउनको झरी बनि।",66
18,Ma Chahi Nepali,Samriddhi Rai,nepali,"आज कति भागमा फुट्यौं हामी?
जातकै कुरामा अल्झी जानी-नजानी
जब संसार मिलिजुली एकै हुँदैछ
केटा कुन जातको मनपराईस्?
केटी कुन थरको तैले भगाईस्?
किन यहाँ सबैलाई राज्य चाहिएको छ?
को मतवाली, को बाहुन क्षेत्री?
के हामी एकै होइनौं र?
त्यसैले जातभात छुट्याउनेलाई
तिमी यही भन्ने गर
तिमी को हो थाहा भएन
म चाहिँ नेपाली
तिमी को हो थाहा भएन
म चाहिँ नेपाली
मानिस ठूलो जातले हुन्न यहाँ
दिल नै ठूलो सबै थोक भन्दा
मुना-मदन आए गए, कसैले केही बुझेन
सगरमाथा कसको भागमा पर्ला फेरि?
बुद्ध बाड्ने कसको जिम्मेवारी
नेपाल, हाम्रो प्यारो देशमा
हिंसा अब चाहिएन",84
19,Nepali,Albatross,nepali,"मान्छेको बोली बन्दुकको गोली
झुक्याएका छन् जथाभाबी बोली
सुनेर बसेकाछौँ नेपाली
बाजेले भन्थे कलियुग लागे
देउताले नि मन्दिर छोडी भागे
बुझेर बसेकाछौँ नेपाली
बुझेर बसेकाछौँ नेपाली
बस्दिन पापी यो शहरमा
बिरानो लोभी यो नगरमा
मान्छेको बोली बन्दुक को गोली
सजाय होला आज या भोलि
कुरेर बसेकाछौँ नेपाली
कसैले केहि गर्दिए नि हुन्थ्यो
कोही कहिँ जागे नि हुन्थ्यो
पर्खेर बसेकाछौँ नेपाली
पर्खेर बसेकाछौँ नेपाली
बस्दिन पापी यो शहरमा
बिरानो रोघी यो नगरमा
बस्दिन पापी यो शहरमा
मुक्ति देऊ मलाई",59
20,Aam Nepali Buwa,Balen,nepali,"घाम झुल्किन्छ म हिड्छु खोज्न परिवार को हासो
खुसी कुल्चिन्छु त्यो स्वार्थ एकमात्र यो धर्म बुझी
यहि हो मेरो कर्म सोची, किलकिले हासोको खोजी
टिलटिले आसुलाइ पुछी, बिहान बेलकाको भुजा रोटि
कार्यालय नै पुजा कोठी, दुई पैसा जोगिने हो कि
त्यही आशामा दौडिन्छु, बेलका सम्मै होमिन्छु
हाकिम हरुको इशारा मा पुगिन्छ कि किनार मा
भौसागर लाई तरेर यहि लेख्याछ निधार मा
केही भएन पढेर चाप्लुसिको संसार मा
सकिँदैन लडेर मनखुशि यो ब्यापार मा
बेइमानी कै चल्दो रैछ, रुखमा पैसा फल्दो रैछ
इमान्दारी बेच्नेको, टाउको मा अरुको टेक्ने को
आफुलाइ मात्र देख्ने को, झुठा कुरा लेख्ने को
बेसहारा लाई हेप्ने को, मैले त्यो सकिन कहिले
समाज नै दुस्मन भो अहिले, छोरा किचकिच गर्छ जहिले
हातहात मा आइफोन छ भन्नुस के दिनुभो तपाइले?
छोरा गर्छ हेला मलाइ केही दिन सकिन रे
बुढी जान्छे मुटु जलाइ लायक श्रीमान होइन रे
हाकिम मलाइ हेप्ने गर्छ थुक्क पाजी भनेर
नेताहरुले छेक्ने गर्छ देउ चन्दा गनेर
छोरा गर्छ हेला मलाइ केही दिन सकिन रे
बुढी जान्छे मुटु जलाइ लायक श्रीमान होइन रे
हाकिम मलाइ हेप्ने गर्छ थुक्क पाजी भनेर
नेताहरुले छेक्ने गर्छ देउ चन्दा गनेर",157
21,Central Cee Doja REMIX (Nepali Version),Cute Boka,romanized,"इन्ट्रो [लिल रक लुक]
हुक [लिल रक लुक]
होव क्यान आई बे आ क्युट बोका
आईएफ आई लोव योउ ब्याक
आईएफ आ काखी त्र्यिना फुल मे
एक रात एक थ्याक सेन्ड हेर होम ब्याक
थेम बिचेस वना गेट क्लोज टो मे
टोल्ड हेर गो एएसके माइ फ्रेन्ड्स
रज्जो रुकिए पब्लो एबी अनुप
ग्याङ ग्याङ ग्याङ
वर्स [लिल रक लुक]
लगाउ च्यानल, डो एएलएल युर नेल्स
अनि चाई लाँचु मा दाते मा
यूडी दै चु प्लेन मा, टिकेट्स चा साले मा
टुर हाँदै चा ओटा स्टेट मा
फिचर लाई क्याश या गर्देउ ट्रान्सफर
कन्ट्र्याक्ट चाई पठाउछु मेल मा
केटी को मान, चोरेको आरोप मा
पेयरी मा 6 महिना जेल मा",94
22,OH MY GIRL - 살짝 설렜어 (Nonstop),Genius Nepali Translations (नेपाली आनुवाद),nepali,"ओह नो, येअह येअह
गोइङ ननस्टप
ओह नाना
यसको केहि अर्थ छैन, हैन? यययाय
हामी बिच थाहा नभएको कुरा केहि छैन
त्यो त स्पष्टै छ, नननानाना
लिके नननानाना
हामी बिच कुराहरु गोप्य राख्नु कुनै आवश्यक छैन
हामीले देख्नुपर्ने सबै देखिसकेको छौँ
हि, हि, वेक बडी
लिके थेम बर्निङ एएनडी बर्न बुट श
आज, भोलि र हरेक दिन फरक तर थाहा भएका लुगाहरूले
तिमी फरक देखिन्छौ हु
मेरो लाजलाग्ने पलहरु सबै तिमीलाई थाहा छ
येअह, त्यस्तो मलाई कहिल्यै हुने छैन
नेवर इभर त्यो त्यस्तै नै रहोस्
यदि एक दिन उजाड टापुमा
हामी फस्यौँ भने
र त्यहाँ हामी दुई मात्र बाँकी थियौँ भने
तिमी के गर्थ्यौ?
सोँच्दा पनि डर लाग्छ
मेरो अनुहार निराश देखिएपनि
म तिमीलाई यो कुरा भन्न सक्दिन कि",98
23,Cover song nepali sad version,Ashit Ryee sikkimese,romanized,"माया गर्थे सन्धै तिमीलाई
आझा चु मा यहा एकुलाई
गयोउ तिमी मलाई चोडी
संघै बष्णे कसम खुयाई....
अबा टा भुलेउ होला मलाई
मा भुल्ने चाइन तिमीलाई
.
.
साचो माया गर्ने हरले
धोखा मात्रै पाउदो रेइचा
जसले धेरै चोटा दिन्छ
उसकै याद अव्दो रेइचा...
.
.
.
मा टा सन्धै तिम्रो नै हु
मुटु तिमीलाई सम्पी सके
तिमले चोडे ढेकी मलाई
मा टा जेउदै मारी सके
.
.
तिमी ताडा हुदा.....
मलाई याध आयी रन्थ्यो
तिमीलाई सम्झी आखा बाट
आशु सन्धै झरी रन्थ्यो....
हम..... हम.... हम...
...
माया गर्थे सन्धै तिमीलाई...",71
24,0 To 100 (Nepali Remix,Emikid,romanized,"आई राप थिस आइएन माइ मिन्ड निग्ग
योउ वन्न व्रप थिस एएस आ ग्रिन्ड निग्ग
शीत, योउ वान्ट सक्सेस ओभरनाइट निग्ग?
आई काउल्डन'टी गेटिङ सक्सेस इवेन आई कीप वर्किङ ओवर नाइट निग्ग!
मलाई गर्नु चाइन ओभरक्राइम निग्ग
आईमा हाइ लिके आइटीएस माइ सोबर टाइम निग्ग
मा हैन स्टार तारा चम्किलो फ्लेयर मान
बच्न लाउन पुगेकै चा के॰एस गर्नु पैसा को येदी जानी नै हो बारेह्यान्ड
आई'मा ब्रान्ड मान
अहिले ना भये पानी मेरो हाइप तेत्रो
गर्न सक्छु जाति ताइले सोचेको चास बन्न लाग्छ नाइट नेलव
टेरो बोली ठूलो मुख सानो कसरी दिनचस् अरू लाई अबा बीजे
टा अक्दम फनी जोहन्नी लेवर को बाउ हेन्गनेग डीजे
टा मार मेट घर जाउ मा अक्कै चोटी खाने तालाई शार्क को हजुर बाउ
हुना टा भनलास हजुर बाउ पुगे सके होलन 80
तारा टेरो हजुर बाउ को पारा युङ ठुग जस्तै 30
आइजा टेरो सबै दात बच्छ झर्छ मात्र 32
मेरो कुकुर को मुख टेरो मुटो को अबा 4 पिस",143
25,Timilai Maya garchu R&B Nepali love songs 2019 (RP BEATS),Dt Stork,romanized,"यो डीटी स्टोर्क ब्याक ओन्स अगाइँ
थिस सोङ्स ओन्ली फोर योउ बिच
माँ मा तिमीलाई साधै साझै दाख्छु
तिमीलाई माया गर्ने तेही साचो प्रेमी हु
तिमीलाई हसै आफू पानी हास्ने चु अंगाली
तिमीलाई माँ को कुरा भन्ने चु
तिमी ताधा हुदा तिम्रो याद ले धेरै
साथौचा तिमी नजदिक हुदा मेरो माँ
निकै रमाउछ जे॰एस भैये पानी तिमीलाई
आफ्नो बनाउने चु अन्ती सास समाह तिम्रो
हात समै बस्ने चु तिमी संघै हास बे
चु तिमी संघै रुने चु दुःख जाति लियेर
खुसी सभै दिने चु योउ आरे माइ क्वीन
एएनडी एएम युर किङ तिम्रो माँ भित्र
साधै भरि बास्ने चु अरू काशै को
भर ना परे पानी तिम्रो भर पर्ने चु
यो गीत मा तिमीलाई माँ को कुरा भन्दै
चु माया गर्चु तिमीलाई साधै भरिलाई
येदी तिमीलाई कै भने की मा मर्चु की
मारी दिन्छु......
मा तिमीलाई नेइ माया गर्चु
तिमीलाई नेइ माँ पराउछु
(2)
मा हु तिम्रो जिन्दगी को जीवनसाथी
हाम्रो माया पुग्नेछ धेरै माथि
तिम्रो मेरो सम्भन्दा जुनी जुनी को
तिम्रो मेरो सम्भन्दा साधै वारी को
मा तिम्रो पागल प्रेमी कहिले ना बाशा
भ्रममा चाहन्छु तिमीलाई साधै मेरो
माँ मा एकलो ना ठान्न आफूलाई कहिले पानी
मा हुन्चा तिम्रो वोरी पारी साथा दिन्छु
तिमीलाई जाहीले पानी भन्छु
तिमीलाई मा जाहीले पानी तिम्रो अधुरो सप्न
गर्ने चु मा पुरा तिम्रो लागी नया संसार
बनाउने चु मा तिमी संग हासी खुसी
जेउने चु मा यो तिम्रै लागी हो यो मेरो
ढुक ढुकी धर्कन तिमीलाई मा सम्झी बास
चु हरेक चेन हरेक पाल तिमीले ले मलाई
धेरै माया गर्चौ मलाई था चा तारा बेबी
मा कोहीले चोर्दिन गर्ने चु मा बाचा",223
26,Nehaš co nepálíš,James Cole,romanized,"उः, उः-उः-उः, उः-उः-उः-उः
याह, याह
आ नेदोकážउ पोचोपित, प्रोč सी नेमůžउ उबलित
आ ट्याम केडीई सीएचसीआई आ केडीआई सीएचसीआई, वे वीएलáडीě जेसोउ समí बीएलबीसीआई
डिमेन्टी वीएस॰ केवीáड्रेच, को ओ टोम वीएस॰í टाइ स्टारý डीěडीसीआई
रोजहोदुजोउ ओ टोम को एमůžउ आ को ने, टो जे॰एसá नेच्ची
सीएचटीěजे॰एस टीě जावříटी केवीůली तोमु, žए पीएसएěस्टुजेš किटकी
जेनोम šईडीěजे॰एस ना जाडकु, एसएमěजोउ से आ केचाज ब्लिटकी
सेडěटी जा पेड्सáटी बाइक से टाकी एसएमáएलएल
आले ओनी निčí žआइवोटी, जे॰एसá šलापु ना पेडáएलएल
आ एमůजे॰एस आरýएम जे जेबीआरएň आ जे॰एसá ओटीáčआइएम जे॰एसí ना एनě
ओनी मज नाšए दानě, जे॰एसá डबíआरáएम क्रुतý जब्रानě
आ टेď एसटीříलिम, कुर्वा, डाउफáएम, žए नेमिनु सीएसएमसीíएलएल
सेस्टु टोटáएलएनí रिप्रिज उž नेविद्रžआइएम जे॰एसíटी डीýएलएल
आ जे॰एसá विम, žए न्यूडěएलएलáएम एनआईसी स टिम
केवीůली एनěजकेजम वीएस॰ěसीएसएमसीí जाको बाइ बाइल डीýएम
आ जे॰एसá से नेस्टिडिम पीएसएřआईएचएलáसिट, žए जेसेम टेन केडीओ से स्वाइम रापेम
जेडीई से जेáस्टुपेम लिडí, क्टरý जेडीओ स प्लेमनेम, वीएस॰íš ओ čईएम म्लुविम
आरáडी सी डीáएम हित, केडीआई बुडु सीएचटीíटी
नेचáपु, प्रोč मी टो नेक्टěजे॰एस उमोžनित, वीएस॰žडाइť निकोमु नेšकोडिम
जे॰एसá जेन पीएसएáलिम, को जे॰एसá पीएसएáलिम
जे टो čआइएसटीě मोजे वोल्बा आ फर्ट जे टो ह्रोज्नá होल्बा
Žए प्रेज जीएसéčका उ सेबे एमůžएš एमíटी
आले पीएसएěस्टोवट जे ट्रेस्टनý टाक केडीई जे एमáš लेगáएलएल वीजेíटी
टाक टीě स्टेविम मिमो जेáकोन जेनोम प्रोटो, žए सेस रोजहोड पीएसएáलिट",192
27,100% Nepali,Riwaj,romanized,"किन्दिन्छु प्रदा गुच्छी फेन्डी
के चाहियो ला मा दिन्छु सत्राङ्गी
बास चाहियो माया 100% नेपाली
मा बाँचु तिम्रो फ्युचर वा बाँचु तिम्रो हबी
किन्दिन्छु प्रदा गुच्छी फेन्डी
के चाहियो ला मा दिन्छु सत्राङ्गी
बास चाहियो माया 100% नेपाली
मा बाँचु तिम्रो फ्युचर वा बाँचु तिम्रो हबी
जिन्दगी कसरी बच्ने हो
सँगै कसरी सात राख्ने हो
रात-दिन कसरी गुजार्ने हो
माया कसरी बसाउने हो
यो हात ठमेर सब सिक्ने हो
संसार को सुन-चण्डी लुटने हो
सब को भरोसा कमाउने हो
पैसा पैसा बढाउने हो
मा देखाउछु देसा तिमीले देख्न नसकेको
लाग्छु हिमाल पहाड तिमीले चड्न नसकेको
पुरा गर्चु इच्या तिमीले सचेर राखेको
घुमाउछु दुन्या को कुना-कच, लेट गो
किन्दिन्छु प्रदा गुच्छी फेन्डी
के चाहियो ला मा दिन्छु सत्राङ्गी
बास चाहियो माया 100% नेपाली
मा बाँचु तिम्रो फ्युचर वा बाँचु तिम्रो हबी",110
28,Mann Ta Nepali,Chhewang Lama,nepali,"विदेश बस्दैमा हुन्न
म त प्रदेशी
मेरो मन त नेपाली
म त गाउछु नेपाली
विदेश बस्दैमा हुन्न
म त प्रदेशी
मेरो मन त नेपाली
म त गाउछु नेपाली
आफ्नै कथा,आफ्नै व्यथा
लियी आए म यता
मेरो आफ्नै कथा,आफ्नै व्यथा
लियी आए म यता
तर कसलाई के थाहा मेरो व्यथा
कुरा काटछन् यता तेता
अंग्रेजी बोल्दैमा हुन्न
अंग्रेजी बोल्दैमा हुन्न
म त प्रदेशी
मेरो मन त नेपाली
म त गाउछु नेपाली
विदेश बस्दैमा हुन्न
म त प्रदेशी
मेरो मन त नेपाली
म त गाउछु नेपाली",64
29,Sybyr - A,Genius Nepali Translations (नेपाली आनुवाद),nepali,"हेल्लो? हुन्छ, चिक्दे, म त्यो गर्ने छुइन
ऐ, ऐ, ऐ, ऐ, ऐ, ऐ, ऐ, ऐ
ऐ, ऐ, ऐ, ऐ, ऐ, ऐ, ऐ, ऐ
ऐ, ऐ, ऐ, ऐ, ऐ, ऐ, ऐ, ऐ
ऐ, ऐ, ऐ, ऐ, ऐ, ऐ, ऐ, ऐ
ऐ, ऐ, ऐ, ऐ, ऐ, ऐ, ऐ, ऐ
ऐ, ऐ, ऐ, ऐ, ऐ, ऐ, ऐ, ऐ
ऐ, ऐ, ऐ, ऐ, ऐ, ऐ, ऐ, ऐ
ऐ, ऐ, ऐ, ऐ, ऐ, ऐ, ऐ, ऐ
ऐ, ऐ, ऐ, ऐ, ऐ, ऐ, ऐ, ऐ
ऐ, ऐ, ऐ, ऐ, ऐ, ऐ, ऐ, ऐ
ऐ, ऐ, ऐ, ऐ, ऐ, ऐ, ऐ, ऐ
ऐ, ऐ, ऐ, ऐ, ऐ, ऐ, ऐ, ऐ
ऐ, ऐ, ऐ, ऐ, ऐ, ऐ, ऐ, ऐ
ऐ, ऐ, ऐ, ऐ, ऐ, ऐ, ऐ, ऐ
ऐ, ऐ, ऐ, ऐ, ऐ, ऐ, ऐ, ऐ
ऐ, ऐ, ऐ, ऐ, ऐ, ऐ, ऐ, ऐ
ऐ, ऐ, ऐ, ऐ, ऐ, ऐ, ऐ, ऐ
ऐ, ऐ, ऐ, ऐ, ऐ, ऐ, ऐ, ऐ
ऐ, ऐ, ऐ, ऐ, ऐ, ऐ, ऐ, ऐ
ऐ, ऐ, ऐ, ऐ, ऐ, ऐ, ऐ, ऐ
ऐ, ऐ, ऐ, ऐ, ऐ, ऐ, ऐ, ऐ
ऐ, ऐ, ऐ, ऐ, ऐ, ऐ, ऐ, ऐ
ऐ, ऐ, ऐ, ऐ, ऐ, ऐ, ऐ, ऐ
ऐ, ऐ, ऐ, ऐ, ऐ, ऐ, ऐ, ऐ
ऐ, ऐ, ऐ, ऐ, ऐ, ऐ, ऐ, ऐ
ऐ, ऐ, ऐ, ऐ, ऐ, ऐ, ऐ, ऐ
ऐ, ऐ, ऐ, ऐ, ऐ, ऐ, ऐ, ऐ
ऐ, ऐ, ऐ, ऐ, ऐ, ऐ, ऐ, ऐ
ऐ, ऐ, ऐ, ऐ, ऐ, ऐ, ऐ, ऐ
ऐ, ऐ, ऐ, ऐ, ऐ, ऐ, ऐ, ऐ
ऐ, ऐ, ऐ, ऐ, ऐ, ऐ, ऐ, ऐ
ऐ, ऐ, ऐ, ऐ, ऐ, ऐ, ऐ, ऐ
ऐ, ऐ, ऐ, ऐ, ऐ, ऐ, ऐ, ऐ
ऐ, ऐ, ऐ, ऐ, ऐ, ऐ, ऐ, ऐ
ऐ, ऐ, ऐ, ऐ, ऐ, ऐ, ऐ, ऐ",252
30,Hey Nepali Ho,Adrian Pradhan,nepali,"हे, नेपली हो, हामी एकै हौं
एकै भाषी हौं, एकै ठाउँका हौं
हे, नेपली हो, हामी एकै हौं
एकै भाषी हौं, एकै ठाउँका हौं
जागरितको पथमा लागी उन्नति गरौं
अन्याय र अत्याचार हुदा चुपचपा नबसौं
जागरितको पथमा लागी उन्नति गरौं
अन्याय र अत्याचार हुदा चुपचपा नबसौं
हे, नेपली हो, हामी एकै हौं
एकै भाषी हौं, एकै ठाउँका हौं
अस्थित्वको पश्न उठ्दा जागौं आज हामी
जातपात-धर्म मतभेद छाडी, एक हौं नेपली
अस्थित्वको पश्न उठ्दा जागौं आज हामी
जातपात-धर्म मतभेद छाडी, एक हौं नेपली
हे, नेपली हो, हामी एकै हौं
एकै भाषी हौं, एकै ठाउँका हौं
हे, नेपली हो, हामी एकै हौं
एकै भाषी हौं, एकै ठाउँका हौं",91
31,"Nehas, čo ťa nepáli",H16,romanized,"ग्रिमासो जे šअमान
पोड मस्कोउ जे प्रवदा
काली, कोको नाज्स, पेट्रžअलका 85 10 16
2एक्स रिफ्रéएन:
वीएस॰ôबीईसी सा टीýएम नेताजíएम, नेहासíएम čओ मा नेपáली
काžडीý बाइ सी स्वोजपोमोच्ने मल ओडप्रतत फेकáलाइ
नसरल सी सी सáएम, टाक सáएम सी वित्री रीť
नेहासíएम čओ मा नेपáली
टाक एसकेúस टो पोचोपित
काली:
मोžनो सी बुडेš मिस्लिएट, žए सोम सेबेक, स्लेपेक
Žए नेच्सम विडिएट प्रोब्लेमी द्रुःýच आको पेक्लो-एसवीäटीईसी
Žए सा नेस्तरáएम, नेपोमáह्याम, इग्नोरुजेम, नेच्सम
Žए सú मोजे úवाही माइल्नé, नेप्रेस्नé
मिस्लिम, žए बाइ स्मे सा माली स्तरत ह्लाव्ने ओ सेबा
नेजेब सा टाइ डो म्ना, नेबुडेम सा जेबाť डो तेबा
नेरिएšआईť केडीओ ना कोहो čओ केडी प्रेčओ पोवेदल
ट्रेटí बाइ नेमाल बाइť ट्याम, केडीई जेबú सा डीवीई होवäडीए
प्रोसिली मा काली वाइब्याव हेन्टो, युरोब तोतो
आ काली वाइबावोवल आज केड पीआईčउ वेदेल ओ टोम
आ नकोन्सी सोम जे तोहो प्रेतो वीšआइईएल आको कोकोट
डीएनईएस उž निए सोम डो पोमोसी द्रुःýएम žएरावý
माम टो पीआईčआई क्लुद्ने एसपीáवाम वायरोवनानý स नर्वामी
रियाक्सी जा ओचोटु ना म्ने स्टोपी नेहाली
पोपालील सोम सा, नो उž नेहासिम čओ मा नेपáली
एमýलिया सा
रेफ्रेन
काली:
नेहासíएम čओ नेपáली मा, नेहास टाइ टो टिएž
नेस्ताराज सा ओ द्रुःéहो, ओटोč सा आ बेž
नेलिएč कड्जी र्यानी, कामोŠ निए सी प्रेड्सा माश
बो ज्याप्लेटीš सा टाक, žए जे तोहो ľआहको नेúजेडीईš
इना वेसी जे पोकियल सा जेड्न ओ त्वोझो ब्रता
त्वोजु रोडिनु, čआई एलएलáस्कु čओ सु वियाक जाक सेना ज्लाटा
नेनेकáएम आइएम जेसीएचáट्राट žआइवोट आ अक मोžईएम पोमोžईएम
प्रे निच बुडेम हसित वीएस॰šआदे आज केď जे टो नेमोžएनé
नेव्रविम žए मुसíš टेराज हेन्ड जेबीúराť मोस्ट
नेहाज čओकोľवेक सा पोबिजú ओ स्वोजु कोसť
एसआरडीसीई बिजे प्रे रादोसť आ निए प्रे द्रुःýच ज्लोसť
नेव्रविम žए मुसíš टेराज हेन्ड जेबीúराť मोस्ट
नेहाज čओकोľवेक सा पोबिजú ओ स्वोजु कोसť
एसआरडीसीई बिजे प्रे रादोसť आ निए प्रे द्रुःýच ज्लोसť
रेफ्रेन
कोको नाज्स:
दवाज पोजोर जे तु पोžआईएआर आ स्वेट जे वीएस॰ प्लेमňओसीएच आ मुसíš वेदिएť काम एमôžएš सा स्क्रिट
आज केड सा जेडीá žए नेनí यूएनíके॰एस, जे तु एनáदेज आ विएर, čओ नेनí एमôžए बाइť
एमôžए बाइť निएčओ वियाक आको मत स्वोजíच 5, 6, 7 पोकोपे आ लेन सी žआइटी
नेपचज नोस डो वेसीí čओ आईडीú मिमो तेबा, जे टीआइ टो नानीč, एमôžएš सा अकुरáटी एसपीáलीť
जे टो पीआईčओविना स्नाžआईť सा बाइť सिलोउ मोकाउ हर्दिना, डोब्रोवोľएनý हासीč, केď सा नेवीš अनि बीआरáनिť
मुसíš बाइť वीएस॰ एसपीआरáवीएनआई čआš, ना एसपीआरáवीएनओएम मिएस्टे आ वेर मी žए नेवी टो काžडीý ľयूडीí नाओजाज सीएचआरáनिť
जे टो बेह ना डीएलएचú ट्राť, मुसíš विट्र्वť, निएčओ वाइड्रžआť आ जा काžडीýएम टीú बोल्सť आज एसटीआरáविť",362
32,Nepali Vibes,Sparga,romanized,"मर्रे डे पानामे, मर्रे डी'आया नाकामुरा
जे॰एस'मे बर्रे à पोखरा पोउर रेजोइन्द्रे मोन रोया बौद्ध
लेस पिड्स सुर टेर्रे ला टीêटे डान्स लेस अन्नपूर्णस्
सिउलिमेन्ट 6 मोइस ईटी वोइलà क्वे पापा मोउर्रा
लेस पिड्स सुर टेर्रे ला टीêटे एन्टर लेस अन्नपूर्णस् ईटी ला माछापुचारे
क्वेउ डे पोइसन, मोन्टाग्ने स्याक्रé, रिएन क्यूà ला र्गार्डर जाई लिम्प्रेसन डी'ला प्रोफेनर
जे॰एस'आरêवे डे टाउचर सेस सिमेस, डीéक्रिप्टर सेस सिग्नेस ईटी पर्सर सेस मिस्टèरेस
जेआरêवे डु ससीसीसीèस डेस्टिम, लाइबर्टé प्यालेस्टाइन ईटी डी'ला फियर्टé डे मोन पीएसएèरे
पुनमार्क डे थाइलासिन डान्स लेस रिलेस-ओ
आईसीआई पास बेसोइन डे आरéसेऔ नि डे कार्टे सिम
आईसीआई पास बेसोइन डे सेइलले-ओ नि डे कार्टे गोल्ड
जुसिस एवेक डेस व्राई र्हो, क्वे जे॰एस'अप्पेलले मेस एफआरéरोट्स
डीपीएनएमई ईटी सेस एमéट्रोस ओन सेस्ट वीएस॰é-साउ
वेउइलेज एक्सक्युजेज मेस एब्सेन्सेस डे सेट
सिभिलाइजेसन डु नोन-सेन्स क्वी स'एनसेन्स सान्स सेस
जीएसéएनéरेशन क्वी सेनफोन्स डान्स ला डीéफोन्स ईटी पोउर क्वी या पास डी'एम्बियन्स सान्स सीएसएमसी
जे॰एस'चाँते ला एमéलान्चोलिए डेस टेम्प्स मोडर्नेस
ज्रेगर्दे अटर डे मोइ... जोविस क्वुन मोन्डे प्लेइन धैने
लोइन डेस सोइरéईएस मोन्दैनेस ईटी डी'सीईएस पुटेस हौटाइनेस
जेटेन्टे डे रेस्टर मोइ-एमêमे, जेटेन्टे डे रेस्टर जेन
ला लुमीèरे डे ला लुने इलुमाइन ला नुइट
सीआइईएल नोइर्सी पार ला ब्रुम पुइस ला ब्रुइन ईटी ला प्लुइ",192
33,Je Ne Parle Pas Nepali,Un Rodo Cora,romanized,"थिस आइएस थे बेजिनिङ थिस आइएस नथिङ बुट आ स्टार्ट
थिस आइएस जस्ट एएन इन्टरएक्टिभ लेक्चर ओएफ थे हर्ट
आईएफ योउ टाके थिस काउन्ट्री, एएलएल थेसे माउन्टेन्स, फ्लेटेन थेम आउट इन्टो थे सीईए
आइटी'डी बे थे बिगेस्ट ओएफ थेम एएलएल आईएफ योउ एएसके मे
शिवा सिंगिङ नोसो पोरो मेक्स थिस बोय सो ह्यापी थाट हे
प्रमिसेस थे अर्थ एएनडी स्काई थे'एलएल ओने डे मीत थे सीईए
एनी विथ थे प्यानी मेकिङ त्सम्प सोमेवाट रनी
शे काउल्ड बे थे मोथर ओएफ आइटी एएलएल आईएफ योउ एएसके मे
इयेस थाट स्क्यान थे ल्यान्ड
माइ मिन्ड आइएस हाइ अगाइँ
माइस पोर्टेन्ट सीएसएमसी'इएसटी टेलिमेन्ट क्लेयर
एएनडी हेवेन आइएस थेरे आईएफ योउ टर्न लेफ्ट
बुट आईएफ योउ टर्न राइट थेरे आइएस हेल
थे वेल्थियर थे वाइजर सो आई'एम आउटविटिङ थे ट्याक्सी ड्राइवर
हेस टेलिङ मे आइव गोट टो बे थे स्मार्टेस्ट आइएन थे वर्ल्ड
थें हे रिप्स मे ओएफएफ, माइ रुपीज सैल अवे
आई'एम नोट टेकिङ नोटिस
ब्लाइन्डेड बाइ थे फ्याक्ट ओएफ बेइङ
थे स्मार्टेस्ट जर्क आइएन थे वर्ल्ड
वोइसेस सिघ अगाइँ
एएनडी आई एएम हाइ अगाइँ",157
34,Short finite of it all (Nepali Version),Eddison Patterson,nepali,"तर सीमितताको नजिक, हामी समय बिताउँछौं र डरहरू बनाउँछौं
सम्झौताले हाम्रो दिमाग गुमाएको छ
तर यसले तपाईंलाई परिमितमा ल्याउन सक्छ
र यसले तपाईंलाई परिमितमा ल्याउन सक्छ
आशा छ तपाइँ यसलाई परिमित मा मनपर्छ
त्यहाँ छिटो पुग्नुहोस्
यो सबैको छोटो परिमित
यो सबैको छोटो परिमित
यो सबैको छोटो परिमित
यो सबैको छोटो परिमित
केहि त्यो भन्दा खराब छैन
मलाई दिनुहोस् जहाँ तपाईं सीमित हुनुहुन्छ
उह, यसले लगभग कुनै अर्थ राख्दैन
यो मेरो लाइनको सिमित होइन
उह, यसले लगभग कुनै अर्थ राख्दैन
यो मेरो लाइनको सिमित होइन
खुल्दै छ, कहिले टुङ्गिन्छ ?
तल आउँदैछ, अर्को परिमित कहिले हो?
यो सबैको छोटो परिमित
यो सबैको छोटो परिमित
यो सबैको छोटो परिमित
यो सबैको छोटो परिमित",92
35,Ma Timi,Rupesh Man,nepali,"म, तिमी
यो हात थामेर, हिडौन
बतासको सुसेलीलाई हामी पछ्याउन
डोर्याउँदै
लगन
मलाई तिम्रो खुशीको शहरमा
राखन बनाई गाजलधर आँखामा
ढालन मलाई तिम्रो त्यो आकारमा
रंगाउन मायाका इन्द्रेणी गगनमा
म, तिमी
म, तिमी
एक अर्कालाई हेरी , बसौन
फिरफिरे
घुमेझै हामी, घुमौन
किनारा तिमी नै, साहारा तिमी नै
मेरो मनको डुंगामा सवार तिमिनै
मेरो याद तिमि नै, भुलेका हरेक पल तिमी नै
रंगाउन समेटी हरेक रंग गगनमा
माया नै मायालाई भरौन मायालाई
म, तिमी",54
36,Jai Bhola Nath (Nepali Bhajan),Bindu,romanized,"सब दुख हाम्रो हारा
वारी पशुपति, पारी गुह्येश्वरी
माझै मा गङ्गा बाहा हारा हारा
सब दुख हाम्रो हारा
अच्छेता चन्दन बेल को पाट हरू
शिवाज्येव को मात्र धारा हारा हारा
सब दुख हाम्रो हारा
सार्प को गहना पहिरे रहेको
हाथमै त्रिशूल धारा हारा हारा
सब दुख हाम्रो हारा
वृषभ वहाना ट्रिनेट्रा धारी
आँगा मा भस्म धारा हारा हारा
सब दुख हाम्रो हारा
सिरा मा चन्द्रमा शान्ति मूर्ति
जाता मा गङ्गा बाहा हारा हारा माइ
सब दुख हाम्रो हारा",63
37,Janam Diyew (Nepali Bhajan),Bindu,romanized,"दर्शन ड्येव, आजा हामी लाई
दर्शन ड्येव, आजा हामी लाई
हरि नामा भुल्येव, आजा पशु झै
हरि नामा भुल्येव, आजा पशु झै
कृपा यो तिम्रो, भजी रहेछौ
हरि नामा भुल्येव, आजा पशु झै
कृपा यो तिम्रो, भजी रहेछौ
जनम सुधारी, चौरासी तारी
पार लगाई ड्येव, आजा हामीलाई
दर्शन ड्येव, आजा हामी लाई
सत्य करमा लाई, निश्चय हामीलाई
सत्य करमा लाई, निश्चय हामीलाई
अजोताल गर्दैद्येव
टीन दिन बित्यो, अवसरा चुक्यो
पार लगाई ड्येव, आजा हामीलाई
पार लगाई ड्येव, आजा हामीलाई
नरतन लियेव, जीवन बित्यो
नरतन लियेव, जीवन बित्यो
जीवन को परिचय
यो जीवन हाम्रो, ना भुलाउ भाई
हरि गुन गाई, हरि गुन गाई",82
38,Way To my Heart Nepali poetry,Birendra Ghimire,nepali,"जन्मदिन आज मेरो जन्म दिन तर मलाइ खास छैन
खुसी खोज्दै हिडिराछु आराम गर्ने ठाउँ छैन
भबिस्य कस्तो होला सोच्दै बस्छु
आज को मलाइ बाल छैन ।
धेरै पटक लडि सके तर हार भने मान्या छैन
मन मा कुरा राख्या छैन
सबै कुरा छर्लङ्ग केही कुरा नि मन मा छैन
केही भन्नू छैन कसैलाइ
गरेर देखाउने हो सबै लाई
पैसा को पछाडि लाग्ने आफन्त
खुट्टा तान्ने समाज लाई
एक्दिन सबै राम्रो हुन्छ भन्दै आफू र आफ्ना लाई
देखाउन लाई भए पनि माया गर्छ्न सबैले
दुख पर्दा साथ दिने कोहि हुदैन प्राए
त्यसैले छोडिसके सबै लाई
मुख मा राम बगली मा छुरा बोक्ने लाई
एकान्त मै बस्छु सधै तर मान्या छैन हार मैले
हार पछि नै जित आउँछ त्यसैले कुरि रा छु दिन ऐले
आँखा बन्द जताततै अन्दकार
भबिस्य को बारे सोच्दा हुन्छु म बेमिसाल
सोच्दा सोच्दै एकान्त मा बित्छ कयौ रात
चुरोट को सहारा छ फिल्टर बलिसक्यो अनि पोलिराछ हात
खिन्न भाछ मन , तर भिन्नै मेरो सोच
छोद्दे यस्तो कुरा अब उस्को बारे बोल
सायद चोखो माया नै थियो कि त्यो
मुटुको धड्कन नै रोकियो
एक अर्का को देख भेट
भेट्नु नै ठूलो गल्ती भो
जलि राछ मन माया गर्छु भन्थी त्यस्ले
तर थाहै भएन छोडी सकिछ्न
उस्लाइ नै सम्झिराछ मेरो पागल मन ।
अझै नि कुरि राछु फुल्बारिको हामी बस्ने ठाम
तर तिमी आउदिनौ भनी खिन्न भाछ मन
एक्दिन सबै ठिक हुन्छ भनि सम्झाउदै छु म मेरो आफ्नो मन ।
पीस",198
39,Dhanya Chaw (Nepali Bhajan),Bindu,romanized,"यो तिम्रो कस्तो लीला जाघमा
यो तिम्रो कस्तो लीला जाघमा
दुषाशना ले द्रौपदी ज्युव लाई
दुषाशना ले द्रौपदी ज्युव लाई
गर्दा भयो आपमाँ
गर्दा भयो आपमाँ
सारी बढाई इज्जतै राख्येव
सारी बढाई इज्जतै राख्येव
यो तिम्रो कस्तो लीला जाघमा
यो तिम्रो कस्तो लीला जाघमा
दोर्योधनको मेवा त्यागोउ
दोर्योधनको मेवा त्यागोउ
मीथो मीथो पक्वाँ
मीथो मीथो पक्वाँ
बाइडोर को घर मा सागै खायोउ
बाइडोर को घर मा सागै खायोउ",53
40,Mera Mitha Chhyan,Rupesh Man,nepali,"मेरा मीठा क्षणहरुलाई रोकेर, तिम्रै प्रतीक्षा गर्दैछु
बिताएका ती पलहरुलाई सम्झिदै, खाली पानामा भर्दैछु
झलकिन्छौं एकपल, बिलिन हुन्छौं फेरी
लेख्दा लेख्दै मेरो शब्द हराएसरी
टिमटिम तारा घुम्छन् तिम्रो वरिपरि
लाग्छ मलाई चन्द्रमा त तिम्रै छवि
तिमी आउने आशामा हरदिन कुरेर, संध्या बनी म ढल्दैछु
मेरा मीठा क्षणहरुलाई रोकेर, तिम्रै प्रतीक्षा गर्दैछु
साचेर राखेका सबै मेरा सारा
पोख्छु तिमीलाई नै मेरो यो अथाह माया
मेरा हरेक पाईला अगाडि बढ्दा बढ्दै
लाग्छ तिमी साथमा हिंड्छौं बनी छाया
तिमी तिमी तिमी
तिमी अजर , तिमि नूर
सधै फुल्ने तिमी फुल
नाम, तिमी शान
तिमी नै हौ मेरो इनाम
तिमी रूप, तिमी साँस
तिमीनै जल, तिमी प्यास
लत, तिमी जाम
तिमीनै हौ मेरो आराम",89
41,"Hataarindai, Bataasindai",Sajjan Raj Vaidya,nepali,"सज्जनस् मेसेज फोर थे न्यू यियर, हटारिँदै, बतासिँदै, डिपिक्ट्स थे आइडिया ओएफ फलिङ आइएन लोव विथ सोमियोन आइएन थे नियर फ्युचर. थे सोङ वास इनिशियली प्रिमियर्ड ओन जानुअरी 1, 2019, आइएन सज्जनस् युट्युब... रिड मोर
कता कता छौ, कुन रुपमा?
कुन सोचमा, हराउँदै?
कुन गीतको, कुन बोलमा?
आफैलाई, पहिल्याउँदै
पर्खि बसेछु, म बोकेर
यो माया मेरो, दिन तिमीलाई
आउनु म कहाँ, माया तिमी
हतारिंदै, बतासिंदै
हो-ओ-हो-ओ
हो-हो
तिम्रो र मेरो, हाम्रो कथाको
शिर्षक धैर्य बनिसकेछ
तिमीलाई नदेखी, तिम्रो अनुहार
आँखामा मेरो बसिसकेछ, माया
शिशिरको अँगारले भाकेछ तिम्रो आगमन
यै मायामा निसासिने कस्तो हाम्रो यो पागलपन?
शिशिरको अँगारले भाकेछ तिम्रो आगमन
यै मायामा निसासिने कस्तो हाम्रो यो पागलपन?",96
42,Yeshuko Chhatima,Adrian Dewan,nepali,"(येशूको छातीमा ढुकढुकिने येशूको आँखैमा बसिरहने) २
प्राणभन्दा प्यारो छ आफ्नो रगतले किनेको साइनो
माया यो क्रूसको कहिले नमेटिने
(मण्डली हामी हौँ ख्रीष्ट येशूको दुलही हामी हौँ ख्रीष्ट प्रभुको) २
सम्बन्ध गहिरिएको मन मुटु खिलिएको
प्रेमले उनको कहिले नटुटने यो
(ए नी ल है )२ भयौं भेला फेरी आज नी ल है
आए येशू हाम्रो माझ ...
(ए नी ल है )२ गायौं गीत प्रेमको आज नी ल है
दिलको राजा येशू राजा ...
(शरीर हामी हौं ख्रीष्ट येशूको, शिर हुनुहुन्छ वहाँ हाम्रो) २
आपसमा गाँसिएको जीवनले भरिएको
प्रभावले यसको संसारै ढाकिने भो
(हे नी ल है )२ ...",88
43,Arsa,Taran Singh Sethi,romanized,"अभि टो मिले थे कुछ दिन पेहले
कब आइएनएन दिनो मेइन इत्ने साल निकाल गये
बच्पन से जवाँगी के रस्ते पे चल्ते
यारी की कायी पार हम फिसल गये
फिसल कर जो म्यान मेइन घाव हुए
उनहोने टो मन्जर बदल दिये
अंशेरी रातों मेइन हम जो तान्हा हुए
भेला कर दिल को चमक गये
जाने तुझको एक अर्सा हो गाया
मेरे दिल मेइन टेरा एक घर सा हो गाया
जाने तुझको एक अर्सा हो गाया
मेरे दिल मेइन टेरा एक घर सा हो गाया
आँकोन मेइन थे हुमारे सप्ने
सजाये हुए टीएचе ना जाने कब से
आँखो मेइन टीएचе हुमारे सप्ने
सजाये हुए थे ना जाने कब से
तु जो गाया अकेला कार्के
बिखर गये सारे सप्ने
तु जो रुथा दिल मेरा टुटा
रेह ना पाये हम आप्ने",109
44,Ayush Gauchan - Maya,Genius Romanizations,romanized,"माया नरुवाउ माना भरि नगरा
माना का सबै कुरा भन्छु सुनी बसना
यो मुटु मा तिम्रो नाम गरिदिउला
चाहना मा तिमी चौ के॰एस भन्नु के॰एस ठहा
याद चा के॰एस तिमीलाई हामी भेटेको त्यो राता
समय को होश नभयी नसिद्धिने तिम्रो बाट
चिनेनी ना चिने झै गरी हिड्चौ अबा भने
राता का निन्द्रा जुन चोर्योउ, आसु बनी
माया नरुवाउ माना भरि नगरा
माना का सबै कुरा भन्छु सुनी बसना
यो मुटु, मा तिम्रो नाम गरिदिउला
चाहना मा तिमी चौ के॰एस भन्नु के॰एस ठहा
साथी भाई ले भन्छन् मलाई तिम्रो पर्वः चोड्डा
माइले भने सकिननमालाई बिर्सिना सजिलो थियो रा
चिनेनी ना चिने झै गरी हिड्चौ अबा भने
राता का निन्द्रा जुन चोर्योउ आसु बनी
आशा चा सपना होस यो बिहाना बिलाउला
नसोचेको रात बार मा अपरिचित हाउला
माया एटीआई धेरै ना गर्नु पर्ने रहेछ
अपरिपाका मुटु मेरो",116
45,Angalney Chu,Oshin Karki,nepali,"अंगाल्ने छु तिमीलाई म
तिमी केही नभन
थामी राख्नेछु म तिम्रो साथ
परनै बसेर
मायालु
हा-हा-हा-हा-हा-हा
मायालु
हा-हा-हा-हा-हा-हा
चलै पायीन थाहै भएन
कसरि भए बिलोप भावना
चित्त बुझाउ कसरी म
हा-हा-हा-हा-हा-हा
हा-हा-हा-हा-हा-हा
ती सबै दिन कपास म
तिमी सिन्दुरी साझ बन।
चली बस्ने छु दोबाटोमा
किरणनै बनेरा, मायालु
हा-हा-हा-हा-हा-हा
मायालु
हा-हा-हा-हा-हा-हा
अंगाल्ने छु तिमीलाई म
तिमी केही नभन
थामी राख्नेछु म तिम्रो साथ
परनै बसेर",73
46,Sajjan Raj Vaidya - Chitthi Bhitra,Genius Romanizations,romanized,"चिट्ठी भित्र राखेर पठाउँदै छु
मेरो माया मा तिमी लाई
खोली पढी देउन हाई
एटी जाति भरेर पाँआ हरू
माया का कुरा लेखेर
म्यान ले जानेको सबै
अक्च्यार अक्चयर जोधेर
भावना हरू सबै पोखेर
तिमी लाई नै, सुम्पिदियेँ यो म्यान
तिम्रो अस्तित्व ले नै
मेरो अस्तित्व लाई अर्थ दिन्छ
हाँसो ले खुसी चीने झैं
मेरो मुटु ले तिमी लाई चाएँछ
हुःः, एचएमएमएम, एचएमएमएम, एचएमएमएम, हुः
हामी दुई एक-अर्का कै सहरावा ले
बाँचौँला हाम्रो जिन्दगी
एउटै नाम बोकेर
बुढेसलेकालमा हाँसो ले चौरियेका
हाम्रा अनुहार का रेखा ले
हाम्रै काव्य कोरेर
मेरो स्वर, मेरो संगीत
तिम्रै नाम गरेर
मा तिम्रै निम्ती जियेँ जीवन",80
47,Timi Nai Hau,Sabin Rai,nepali,"उपहार स्वोरुप यो तस्बिर माया गर्नेहरु लाई
भलै छोटो होला यहाँ सबै दृश्य अटाउन लाई
जिन्दगि नरहोस् , रही रहनेछ यसमा कैद पलहरु
तिमि छौ, तिम्रो प्यारो मान्छे छ
त्यो भन्दा अरु ले चाहिन्छ एउटा माया गर्ने व्यक्तिलाई
तिमि नै हौ
मलाई माया गर्ने
तिमि नै हौ, तिमि नै हौ
तिमि नै हौ, तिमि नै हौ
तिमि नै हौ
मलाई खुसि दिने
तिमि नै हौ, तिमि नै हौ
तिमि नै हौ, तिमि नै हौ
तिमि नै हौ,
तिमि नै हौ
हेर मलाई समाउ यो हात
नछुटोस हाम्रो दरिलोसाथ
देख्ने ले देखोस, सुनोस
हाम्रो यो सम्बन्ध
पश्चाताप छैन कुनै यहाँ
खुसि छौ हामि छौ जहाँ
भन्ने के भनोस, गरोस
हाम्रो बारे कुरा
जति जे छ मेरो
तिमि हौ",93
48,Ma Sansar Jitne,Sabin Rai,nepali,"म संसार जित्ने आठ गर्दै छु
मात्र तिमि मेरो साथ् बसिदेउ
भबिष्य ले गाउने गीत म रच्दै छु
मात्र तिमि सुर मा ताल मिलाई देउ
यहि हो आर्थ रच्नु को
इतिहास मा अमर रहोस
तिम्रो मेरो कहानी सधै सधै
जब हिड्दा हिड्दा थाक्छु म कहिले कहिँ
त्यति बेला मेरो आड बनि देउ
जिन्दगि को मोडमा सोच्न सकिन भने
तिम्रो मिठो विचार मलाई देउ
यहि हो अर्थ भन्नु को
सपना ठुलो छैन
बिलौना गर्न नपरोस
जिन्दगीमा
सुनौलो हाम्रो भबिष्य
साकार हुन्छ मलाई भरोसा छ
म हरपल तिम्रो रक्षा गर्ने छु
मात्र तिमि आत्मबल बनिदेउ
भबिष्य ले गाउने गात म रच्दै छु
मात्र तिमि सुर मा ताल मिलाई देउ
यहि हो अर्थ रच्नु को
इतिहास मा अमर रहोस
तिम्रो र मेरो कहानी सधै सधै",99
49,Laakhau Hajarau,Yabesh Thapa,nepali,"लाखौं हजारौं मध्ये तिम्रो मुस्कानले
किन हो मलाई पागल बनाउँछ?
लाखौं प्रयास गर्दा पनि
किन हो मलाई तिम्रै यादले सताउछ?
माया के हो भनेर
तिम्रै वरिपरि रहँदा यो मनले थाहा पाउँछ
आज भोलि, सुन्दा तिम्रो बोली
यो मुटु असाध्यै रमाउँछ
घामलाई हेरी बस्छु, बादलमा नी तिमी देख्छु
तिमी बिना कसरी बिताउने होला जिन्दगी?
ढाटेको केही छैन, तिम्रो लागि मेरो माया—
कति रैछ हेरिदेउन, यो सानो मुटुमा
चन्द्रमा र तारागण सामु, सारा संसार सामु
देखाइदिन्छु कति माया गर्छु तिमीलाई
भन्नेले भन्नेछन्, माया, मात्र तिमी पाए बालै छैन अरू कोहीको
सातौं जुनी भरि तिम्रै मुहार हेरी
तिम्रै हात समाई जीवन बिताउला
भनन मात्र तिमी, माया
सारा संसार तिम्रै हातमा थमाइदिउला",93
50,Maya,Ayush Gauchan,nepali,"माया, नरुवाउ मन भारी नगर
मनका सबै कुरा भन्छु
सुनि बसन
यो मुटु, म तिम्रै नाम गरिदिउँला
चाहना, मा तिमी छौ के भन्नु के थाहा
याद छ के तिमीलाई
हामी भेटेको त्यो रात
समयको होस नभइ
नसिद्धिँने तिम्रो वात
चिनेनि नचिनेझैं गरी हिँड्छौ अब भने
यहाँ, रातका निन्द्रा जुन चोरेउ
आँसु बनि
माया, नरुवाउ मन भारी नगर
मनका सबै कुरा भन्छु
सुनि बसन
यो मुटु, म तिम्रै नाम गरिदिउँला
चाहना, मा तिमी छौ के भन्नु के थाहा
साथी भाईले भन्छन् मलाई तिम्रो पर्वा छोड
मैले भने सकिन मलाई बिर्सिन सजिलो थ्यो र ?
चिनेनि नचिनेझैं गरी हिँड्छौ अब भने
यहाँ, रातका निन्द्रा जुन चोरेउ आँसु बनि
आशा छ सपना होस् यो बिहान बिलाउला
नसोचेको रात भरमा अपरिचित हौला
माया यति धेरै न गर्नु पर्ने रहेछ
अपरिपक्व मुटु मेरो",104
51,Najeek,Bartika Eam Rai,nepali,"येस!
रात धेरै पर्यो धेरै-धेरै
मायाका कुरा नगर न, ए
भोलिबारे केहि थाहा नभई जीवनभरीका
दिनहरु मेरै नाम नगर न, ए
सागरमा होस् कि आकाशमा
जहीँकहीँ मैसँग डुल्ने
मेरा आँखा नै सबैभन्दा राम्रा भएजस्तो
बेकम्फुसे गफ नगर न, ए
नजिक नआऊ, डर लाग्दैछ
आफ्नै भावनाहरुसंग
शिथिल छ मुटु, रुखो बनाएको छु
धेरै-धेरै साल लगाई
नजुधाऊ आँखाहरु भावना बन्न
कत्ति नि समय लाग्दैन
किन सोध्छौ""किन यति डर?
थाहा छैन र
भावना हराउन पनि
कत्ति नि समय लाग्दैन",63
52,Marijau,Bikki Gurung,nepali,"कुरा सबै थाहै छ नि, तिमीलाई के भनु म?
पागल छु म तिम्रै लागि, तिम्रो के नै छ र दोष?
तिमी हाँसेको हेरीरहे, सधैं भरि, यसरी नै
तिम्रो आँखामा आँसु देखे, मरी जाँऊ, सासै राेकी
कुरा सबै थाहै छ नि, तिमीलाई के भनु म?
पागल छु म तिम्रै लागि, तिम्रो के नै छ र दोष?
तिमी हाँसेको हेरीरहे, सधैं भरि, यसरी नै
तिम्रो आँखामा आँसु देखे, मरी जाँऊ, सासै राेकी
मरी जाँऊ, मरी जाँऊ
मरी जाँऊ, मरी जाँऊ
तिमी नै हौ, तिमी नै हौ
मनले रोजेको, तिमी नै हौ
हाँसी-खुशी सजाएका सपना सबै बिलाई सकेछ
माटोको महल सरी संसार मेरो आधिले बगाई लगि सकेछ
तिम्रो जीवन सधैं भरी यसरी नै फलीफूली रहोस्
तिम्रो आँखामा आँशु देखे, मरी जाँऊ, सासै राेकी
मरी जाँऊ, मरी जाँऊ
मरी जाँऊ, मरी जाँऊ
तिमी नै हौ, तिमी नै हौ
मनले रोजेको, तिमी नै हौ",125
53,Gajalu Ti Thula Thula Ankha,Ghulam Ali,nepali,"ओ, हो
ओ, ओ, ओ, ओ
ओ, ओ, ओ, ओ
ओ, ओ, ओ, ओ
गाजलु ति ठूला-ठूला आँखा
तीर बनि पसे यो दिलैमा
कालो लामो परेली केश
छाल परे कलिलो मायामा
गाजलु ति ठूला-ठूला आँखा
तीर बनि पसे यो दिलैमा
निधारको त्यो रातो टिका
छाप बनि बस्यो यो दिलैमा
निधारको त्यो रातो टिका
छाप बनि बस्यो यो दिलैमा
झल्केको त्यो नाकको फूली
झल्केको त्यो नाकको फूली
ज्योति बन्यो कलिलो मायामा
गाजलु ति ठुला-ठुला आँखा
तीर बनि पसे यो दिलैमा
पातली त्यो मधुर ओंठ
स्वाद बनि पस्यो यो दिलैमा
पातली त्यो मधुर ओंठ
स्वाद बनि पस्यो यो दिलैमा
मिलेका ति दाँतका पंक्ती
मिलेका ति दाँतका पंक्ती
मोती बने कलिलो मायामा",87
54,Oasis Thapa - Juni Vari Lai (Romanzied),Genius Romanizations,romanized,"आजा पल्टाउदै छु फेरी तिम्रो रा मेरो
पुरानो कहाँगी का पाँआ हरू
दस्तक दिदै चा हाई तिम्रो माया ले
मेरो माया को ब्यान्ड दरवाजा हरू
भुलेर गाइगएउ तिमी मलाई
तैनी साची रन्छु किना तिम्रो याद हरू लाई?
प्रश्न चान धेरै
उत्तर तिमी मै टुंगिन्छ हाई, मायालु
तिम्रो नामा पुकारेर यो गीत कोरी रहेको छु हाई
मुटु टुट्नु नै पर्छ रा, माया को मूल्य ठहाँ पाउनु लाई?
तिम्रो मुस्काँ को किरण
भुलाउन सेकी माइले भुलिजाउला
नास्के माया गर्छु जुनी वारी लाई
वोह, माया गर्छु जुनी वारी लाई
आजा चुम्दै छु यी काला बादल पानी
खोक्रो यो चाटि मा बार्सुस वनी
झुठो एएस बोकी हिडेको छु
अनिस्चित बाटो मा पर्वा ना गरी",95
55,Hami,Prajina,romanized,"दिउला माया तिमीलाई
तिमीले म्याजी जातिलाई
कोशिस को अर्थ जित्नै पर्चा
भन्ने कतै, लेखेको चाइन
खुसी थियौ हामी दुई जना
एक अपसा मै सम्पूर्ण
समय बित्दा, परिवर्तन
नाउने
भन्ने हुदैन
हासेको त्यो दुई राता
तिम्रो घाम झै मुस्काना
एकचिन भयेनी, खुसी थिये मा
हाम्रो कथा को
एन्टिम पन्न पानी
मुस्कान ले भिजोस्.~
अरू टा चाइन, केही चाहना
याद हरू भने
रही रहन्छ",47
56,Juni Vari Lai,Oasis Thapa,nepali,"आज पल्टाउँदैं छु फेरि
तिम्रो र मेरो पुरानो कहानीका पानाहरू
डस्तक दिदै छ है तिम्रो मायाले
मेरो मायाको बन्द् दर्वाजाहरू
भुलेर गैगयौ तिमी मलाई
त्यही नी साँची रहन्छु किन तिम्रो यादहरूलाई?
प्रश्न छन धेरै उत्तर तिमी मै टुङ्गिन्छ है, मायालु
तिम्रो नाम पुकारेर यो गीत कोरी रहेको छु है
मुटु टुट्नु नै पर्छ र, मायाको मुल्य थाहा पाउनुलाई?
तिम्रो मुस्कान को किरण
भुलाउन सकें मैले भुलिजाउँला, नसके माया गर्छु
जुनीभरिलाई, वोह
माया गर्छु जुनीभरिलाई (जुनीभरिलाई)
आज चुम्दैछु यि काला बादल पनि
खोक्रो यो छातीमा बर्सोस् भनि
झुठो आश बोकी हिँडेको छु
अनिश्चित बाटोमा परवाह नगरी
भुलेर गैगयौ तिमी मलाई
त्यही नी साँची रहन्छु किन तिम्रो यादहरूलाई?
प्रश्न छन धेरै उत्तर तिमी मै टुङ्गिन्छ है, मायालु",100
57,Axix - Adhuro Prem,Genius Romanizations,romanized,"एकलो जीवन मा केवल साथ खोजे थिये
माँ का कुरा सुनाउन तिमीलाई रोजे थिये
मेरा सारा माया तिमीलाई दिने प्रयासा गर्दा
आँजना मा तिमीलाई बढ्न पुगे छु
सायद त्यो मुटुमा मेरो नाम कोरियेको छैन
सायद यो भाग्यमा तिम्रो साथ लेखियेको छैन
सायद त्यो मुटुमा मेरो नाम कोरियेको छैन
सायद यो भाग्यमा तिम्रो साथ लेखियेको छैन
अधुरो मेरो प्रेम, अधुरो मेरो प्रेम
चाहन छु मलाई भन थियोउ, तिमी पानी
माइले तिमीलाई चाहेको बह्न्दा बादी
तारा आजा त्यो भावना बेलिन भयोउ"", भन्छौ
त्यो केबल एयौटा भरमा मात्र थियो
सायद त्यो मुटुमा मेरो नाम कोरियेको छैन
सायद यो भाग्यमा तिम्रो साथ लेखियेको छैन
सायद त्यो मुटुमा मेरो नाम कोरियेको छैन
सायद यो भाग्यमा तिम्रो साथ लेखियेको छैन
अधुरो मेरो प्रेम, अधुरो मेरो प्रेम",103
58,Sajjan Raj Vaidya - Phutki Jaaney Jovan,Genius Romanizations,romanized,"फुटकी गयो यो उमेर नि
धक ले ढाकेर राखेको
आँफै मा आई लाग्यो की? खाइ के?
जवाँगी भर को धातेको
बुझ्न नस्किने खाइ के हो
दुई दिन रितको संसार यो
एक टा हिजो मै खेरा गाइगो
आजा नि एबर भाई सको
मा चाई आफ्नै बाटो लागुम हाई आबा
मा चाई आफ्नै बाटो लागुम हाई आबा
हिको टा जोवन ढल्कियो थेयो
आजा नै त्यिही कुरा खाइ के भो?
पिरती लखेटेर हो की, जिन्दगी मेरो खेरा गाको?
अरुको कुरो टा सुनेर दौडिनु दौडियो चराई तिरा
चाउरो पर्सी पो था भो धन सबै कुरा नहुदो रहेछ
मा चाई आफ्नै बाटो लागुम हाई आबा
मा चाई आफ्नै बाटो लागुम हाई आबा",94
59,Jau ki Basu,Sabin Rai,nepali,"ना ना ना ना
ना ना ना ना
ना ना
माया तिमीले कहिले गरे जस्तै मलाई लाग्दैन
खाली दोश दिदैं आयौ मलाई किन हो कहिले बुझिन
जस्तो आपत्ति आए पनि हामी माझ सँगै हुन्छु म भन्थ्यौ पहिले
कहाँ गयो त्यो तिम्रो जाँगर कहाँ सुक्यो मायाको सागर
जाऊँ कि बसुँ किन कि अझै लाग्छ माया तिम्रो मलाई
रुवाउँ कि हाँसौं कसो गरुँ अब म
तिमी नै भन न...
तिमी नै भन न..
तिमी नै भन न..
तिमी नै भन न..
प्राय सँगै हुन्थ्यौ त्यस्तो कुनै संकोच थिएन
बिस्तारै परिवर्तन देखायौ किन हो कहिले बुझिन
कहिलेकाहिं यसो म सम्झन्छु कति सजिलो छ बिर्स भन्नु
सम्झेर त हेर एक चोटि तिमी कति गार्हो छ बिर्सनु
जाऊँ कि बसुँ किन कि अझै लाग्छ माया तिम्रो मलाई
रुवाउँ कि हाँसौं कसो गरुँ अब म",115
60,Nischal,Albatross,nepali,"तिमी अनि मेरो त्यही एउटै कुरा
लाज नमानी बोल जीवनको भाका
तिमीलाई नै चाल छैन, खै के भन्छाै मलाई?
अमुल्य यो समय दिन्छु तिमीलाई
आफूलाई हेर, के देख्दैनौ मलाई?
संसार छोडी आयाै मेरो
यो जीवनमा, यो जीवनमा
जीवनमा, जीवनमा
अघि-अघि तिमी बाटो मलाई देखाउदै
आज फेरी कहाँ बिलायाै?
हाम्रो अर्को भेटमा देखाउँने छु तिमीलाई
साना-साना तारा, चमकिला तिम्रा आँखा
सुन्ने गर तिमी मलाई कहिलेकाहीँ
भन्नु केही छैन मलाई तर
यो जीवनमा, यो जीवनमा
जीवनमा, जीवनमा",65
61,Aparibhasit,Swar [NPL],nepali,"भ्रम नै होस् मनको खुसी नै छु म
माया धेरै धेरै गर्छु , तर अर्थ केही छैन
भावनाहरु पोखुँ पनि अधिकार छैन
तर, यो नमान कि भावना नै छैन ।
तिमी कल्पना हौ, बास्तबिकता मा छैनौ
मेरो भ्रम हौ , परिभाषित मैले गर्न सक्दिन
तिमी मेरा, हरेक चाहना अनि बाहना हौ
मेरो मन भित्रका हरेक खुसी हौ
मेरो सपना भरी तिमी तिमी नै छौ
मेरो जीवन भरी तिमी रहनेछौ
मेरो मृत्यु संगै, तिमी पनि मर्नेछौ
हौ सपना मलाई बिउँझाइदेउन
हौ चाहना तर केही चाहन्न
भ्रम होस तर खुसी नै छु म
यो माया हो तर अर्थ केही छैन
मेरो मन भित्रका हरेक खुसी हौ
मेरो सपना भरी तिमी तिमी नै छौ
मेरो जीवन भरी तिमी रहनेछौ
मेरो मृत्यु संगै, तिमी पनि मर्नेछौ",102
62,Batash,Shashwot Khadka,nepali,"किन पछ्याइ रहन्छौ तिमी?
सोधेनौ के आफैलाई यो एकचोटी?
देख्दैनौ र माया यो मेरो?
लुकाई लुक्दैन भावना मनका
चल्न देऊ बतास उडाइ लगोस् यो संसार
समाई रहन्छु त्यो हात बाँकी रहुन्जेल यो सास
शीतल छाया बनि आइदेऊ, माया
शून्य-शून्य छ यहाँ, खोज्छन् तिम्लाई नै आँखा
येअह, म हेर्छु डराउदै, हिँड्छु भौतारिदै
दृश्य तिम्रो पाउन (दृश्य तिम्रो पाउन)
खसेका तारा होस् या झारेका परेला
माग्छु तिम्लाई हरेक दिन म (माग्छु तिम्लाई हरेक दिन म)
किन हो किन, त्यसै लाग्छ माया
छैन कुनै कारण खास
गुम्सेको मन र थाकेको तन
खोजी रहन्छ दिन राता तिम्रो नै आभास
चल्न देऊ बतास उडाइ लगोस् यो संसार
समाई रहन्छु त्यो हात बाँकी रहुन्जेल यो सास
शीतल छाया बनि आइदेऊ, माया
शून्य-शून्य छ यहाँ, खोज्छन् तिम्लाई नै आँखा",110
63,Adhuro Prem,AXIX,nepali,"एक्लो जीवनमा केवल साथ खोजेथेँ
मनका कुरा सुनाउन तिमीलाई रोजेथेँ
मेरा सारा माया तिमीलाई दिने प्रयास गर्दा
अनजानमा तिमीलाई बाध्न पुगेछु
सायद त्यो मुटुमा मेरो नाम कोरिएको छैन
सायद यो भाग्यमा तिम्रो साथ लेखिएको छैन
सायद त्यो मुटुमा मेरो नामा कोरिएको छैन
सायद यो भाग्यमा तिम्रो साथ लेखिएको छैन
अधुरो
मेरो प्रेम अधुरो
मेरो प्रेम
चाहन्छु मलाई भन्थ्योउ, तिमी पनि
मैले तिमीलाई चाहेको भन्दा बढी
तर आज त्यो भावना बिलिन भयो भन्छौ
त्यो केबल एउटा भ्रम मात्र थियो
सायद त्यो मुटुमा मेरो नाम कोरिएको छैन
सायद यो भाग्यमा तिम्रो साथ लेखिएको छैन
सायद त्यो मुटुमा मेरो नामा कोरिएको छैन
सायद यो भाग्यमा तिम्रो साथ लेखिएको छैन
अधुरो
मेरो प्रेम अधुरो
मेरो प्रेम",91
64,Sadhai Sadhai,Mantra Band,nepali,"सधैं सधैं आइ रहन्छ
तिम्रो यादहरु
यो मन एक्लै गुनगुनाउछ
अतितका ति धुनहरु
कती तड्पे पर्खिरहे
फर्की तिमी आएनौ
बेदनामा गीत कोरे
फर्की तिमी आएनौ
बेदनामा गीत कोरे
सुनिदेउ यो गीत मेरो
अमर रहोस् त्यो प्रीत हाम्रो
हेर्दा हेर्दै पारी क्षितिजलाई
आसुँ खस्छ थाहा नपाई
सक्ने भए फर्काइ ल्याउथे म
मेरी माया तिम्रो हात समाइ
कती तड्पे पर्खिरहे
फर्की तिमी आएनौ
बेदनामा संगीत रचे
फर्की तिमी आएनौ
बेदनामा संगीत रचे
सुनिदेउ संगीत मेरो
अमर रहोस् त्यो प्रीत हाम्रो",57
65,Sajjan Raj Vaidya - Naganya Maya,Genius Romanizations,romanized,"उसले तिम्रो हाथ समायो की
तिमीलाई अली नजिक ल्यायो की
अनि उसका सबै पिर हरू
तिम्रो काँध मा बिसायो की
अँधेरी आउदा तिमीलाई
अँगालेर निदायो की
बिहाना आँख खोलेर
तिमीलाई नै फेरी पायो की
उसका आँख कै अगाडी
ओठा नै भिजाउन मिल्ने
कम्बल मुनी बतासियेका
ढुक ढुकी सुनाउनै मिल्ने गरी...
हो हो हो.., हो हो हो हो.. हो..
हो ओ ओ...
हो हो हो.. हो हो हो..
हो हो हो.. हो हो हो..
हो हो हो.. हो हो हो..
हो हो हो.. हो हो हो..
भोली आकाश गड्गडाये
उसैलाई खोज्छौ होला
उसकै समुन्द्र तिरा बगी जान्छन्
तिम्रा खोला
कल्पना ले भ्याउने जम्बै
तिम्रा दिना हरू सबै
उसकै आउनुहर ले भरि
निदाउने गर्छौ होला",95
66,Sathi,Sushant KC,nepali,"धेरै दिनबाट यहाँ सुन्यता कालो बादल छाएको जस्तो
ए साथी, तिमी कहाँ छाै भनन? लामो दिनहरू काट्नै गाह्रो भो
सानो छदा हामी खोल्ने गर थियाै त्यो गल्लीमा छिमेकी कराउथे सारो
आज को कता छ, को कता छ तर मनले मेरो बाल्यकाल नै पुकार्यो
खोजी रहेको छु दिनहरू त्यतै, जवानीले जवानीले कहाँ पुरायो
बाटो छ बेग्लै तर भेटने छाै हामी, निरास हुनु पर्दैन भो
साझ यताबाट तारा हेर छु, तिमी पनि उताबाट हेर है
चम्किला तारा सारा मेरा प्यारा साथीभाईहरू नजिकीयाै है
जिवनको बाटो भन्थे घाम र छाया, छाता ओढेर कटाउनै पर्ने
बच्चा देखी पढीलेखी अघि बढयाै हामीसँगै अब जानु नै पर्ने
कोहीलाई बन्नु छ ठूलो मान्छे, कोही भने खाडी सँगै
बिताउछन् जीन्दगी जसरी तर साथीभाई हुन्छन् सजिलै
सम्झना बाकी छ हाम्रा ती पलको
सँगै नहोला हामी तर साथ सधैको
सम्झना बाकी छ हाम्रा ती पलको
सँगै नहोला हामी तर साथ सधैको
धेरै दिनबाट यहाँ सुन्यता कालो बादल छाएको जस्तो",133
67,Tribal Rain - Sahara,Genius Romanizations,romanized,"तिमीले दुःख टा नगरेको हैन
तिम्रो जस्तो पिर मेरो पानी छ
माइले पानी दुःख टा नपायेको हैन
मेरो जस्तो पिर कति हो कति
सबै को आफ्नै आफ्नै सपना यहा
सकार ह्युनी हरू टा गये छोडेर
तिम्रो रा मेरो आजा केही छैन
तारा यो समय मा ह्युनी छु माह तिम्रो
सहरा ह्युनी छु तिम्रो सहरा
सबै को आफ्नै आफ्नै सपना यहा
सकार ह्युनी हरू टा गये छोडेर
तिम्रो रा मेरो आजा केही छैन
तारा यो समय मा ह्युनी छु माह तिम्रो
सहरा ह्युनी छु तिम्रो सहरा",72
68,Hera Na Hera Kanchha,Aruna Lama,nepali,"हेर न, हेर कान्छा
डाडाँलाई फूलले ढाक्यो
टिप न, टिपेर एउटा
चुल्ठोमा गाँसीदेउन
हुन्छ लौ हुन्छ कान्छी
त्यो फूल म टिपी ल्याउँला
फूलेको फूल झैँ तर
एकपल्ट हाँसीदेउन
सुम्पिए हृदय तिमीलाई
हृदय मेरो नतोड
जीवनको बाटो छ लामो
एकलै बिचमा नछोड
आकाश, धर्ती साछी छ
हृदयको माया तिम्रै हो
यो जीवन मात्र होइन
अर्को जीवन पनि तिम्रै हो
हेर न, हेर कान्छा
डाँडालाई फूलले ढाक्यो
टिप न, टिपेर एउटा
चुल्ठोमा गाँसीदेउन",52
69,Sarangi,Sushant KC,nepali,"उडीउडी मन भाग्छ किन
तिम्रैतिर? हेर, भन, के गरूँ म?
चाहेर पनि मैले भन्न सकिन
तिमीलाई, मेरो मुटु चोरिसक्यौ तिमीले
भागेर शरीरबाट यो आत्माले छोडेर गाछ
तिम्लाई नै खोजी हिँड्छु रे
मेरो दिन बर्बाद भो यादमा तिम्रो फेरि
बिहानीको सुरुवात भो यादमा तिम्रो फेरि
मेरो दिन बर्बाद भो यादमा तिम्रो फेरि
बिहानीको सुरुवात भो यादमा तिम्रो फेरि
उडीउडी मन भाग्छ किन
तिम्रैतिर? हेर, भन, के गरूँ म?
मुस्कानले तिम्रो मेरो मन सारङ्गीझैँ
आज बज्न थाल्यो, भन, के गरूँ म? के गरूँ?
हाँसेर बोल न, माया, सहन सकिन्न
रुठो तिमी भइदिए, कि दुखिदिन्छ मन नै
चुँडिएला बाजाका तार तर मन त मेरो सालौँ साल
तिमी सुन्छौ भने बजिरहन्छ रे",94
70,Aa Budi,Chirag Khadka,nepali,"थे सेकेन्ड स्टुडियो सोङ ओएफ चिराग सिंघ खड्का, बुदी, डिपिक्ट्स थे म्यारिड लाइफ ओएफ टीडब्ल्यूओ स्टोनर्स. इनिशियली, बुदी, वास रिलिज्ड ओन चिराग'स युट्युब च्यानल, थाट फिचर्ड चिराग प्लेइङ टेनोर गुइटार विथ आ... रिड मोर
ऐ, बुढी
म मान्छे निक्कै रिसाहा अलि मुडी
तर माया तिमीलाई निकै गर्छु, बुढी
तोप तानि आकाशमा उडी, उडी, उडी, उडी
बुढी
म मान्छे निक्कै रिसाहा अलि मुडी
तर माया तिमीलाई निकै गर्छु, बुढी
तोप तानि आकाशमा उडी, उडी, उडी, उडी
तिम्रो लागि गरिदिन्छु चुरोट नि त्याग
तिमी छेउमा नहुदा हुन्छ सारै नै र्याग
किनी दिन्छु गुच्छीको ब्याग, लिपस्टिक पनि म्याक
तिम्रै लागि भनि बनाउदै छु सिक्स प्याक
सालारी जति सबै मेरो तिमीलाई गर्छु खर्च नि!
तिमी सारै पर्फेक्ट छाैँ, नगर ओठ सर्जरी
हाँस्दै जाउँ, हाँसाउदै जाउँ, दिनहरू यसै कट्छ नि
दुबै जना स्टोन्डमा मनाउला एनिभर्सरी
हेर्दा मिठो अंगुर पनि एक दिन जान्छ कुइएर
नेगेटिभिटी फैलिन्छ जहिले झगडामा झुन्डिएर
टुवा पर्दै बसै हामी सबै कुरा भुल्दिएर
एकछिनलाई चिलमा बस तिमी आकाशको जून हेर
ऐ, बुढी
म मान्छे निक्कै रिसाहा अलि मुडी
तर माया तिमीलाई निकै गर्छु, बुढी
तोप तानि आकाशमा उडी, उडी, उडी, उडी
बुढी
म मान्छे निक्कै रिसाहा अलि मुडी
तर माया तिमीलाई निकै गर्छु, बुढी
तोप तानि आकाशमा उडी, उडी, उडी, उडी",172
71,King of NEPHOP,SACAR aka Lil Buddha,nepali,"एयी यो, नमस्ते सबै जनालाई
वेल्कोम टो फर्स्ट सोङ फ्रोम थे न्यू अल्बम श्री ५ बाइ लिल बुद्ध
थिस आइएस जीएस ओ डी प्रोडक्सन्स, माइ नामे आइएस गोडोन्थबीट
यो
लिल बुद्ध ओन थे मिक
ह्वाट्स यूपी? ह्वाट्स यूपी, बीन आ लोङ टाइम, उः-हुः
श्री ५ , आईबी रेकर्ड्स, किङ ओएफ नेफोप, यो, उः-हुः, यो
यो, आई'वे बीन डोपे फ्रोम थे गेट गो
एमसी थाट थे बेग फोर
लोवेद बाइ म्यानी सो डोन'टी स्पीक ओन माइ शीत, ब्रो
काउस व्याक फक्स लिके योउ
आई जस्ट ईएटी एएनडी आई शीत ब्रो
माइ फ्रेन्ड्स गिवे मे थाट ग्रिन
लिके आ वेगन हिस वेजेटेबल
आई बेलिभ आइएन माइ सेट गोल्स
सो आइएम फोरिभर मोविन, कीप आइटी रुन्निन
अलवेज लर्निन, नेवर एन्डिन, अलवेज स्टुडेन्ट
मे एएनडी माइ टिम, वे बे क्लिभर विथ ओउर मोभमेन्ट्स
वे केएनओडब्ल्यू थाट वे गोट थे एआरटी ओन्ली थिङ थाट्स लेफ्टस टो प्रोव आइटी
नेफोप फ्रन्टम्यान, गिवे योउ ह्वाट योउ वान्ट मान
व्हाइ योउ ट्राइना फ्रन्ट-मान?
डोन'टी बे आ कन्ट, मान
काउस वे एबाउट टो रुन शीत लिके यीजी एएनडी जम्पम्यान
व्हीले योउ डोइङ थाट डम्ब शीत
कोम ओन, ह्वाट थे फक, मान?
लेवल यूपी मान, योउ फलिङ टु डीप
वे व्राइट सोङ्स आइएन फाइव मिन्युट्स व्हीले आइटी टेक्स योउ टीडब्ल्यूओ वीक्स
आइएस आइटी काउस युरे टु वेक
ओर आइएस आइटी काउस युरे टु स्टुपिड?
एनिवे, आई डोन'टी गिवे आ फक होव योउ डो आइटी, यो
काउस थिस आइएस होव वे डो
सिकेस्ट र्यापर्स इभर टो कोम आउट ओएफ काठमाण्डु
आई डो ह्वाट थेसे ओथर क्याट्स क्यान'टी डो
क्नोन आइएन थे स्ट्रीट्स फोर थे फ्लोव्स
योउ क्यान एएसके आ मान टु
गो एएसके आ मान, डुडे
राइट एनओडब्ल्यू आई वाउल्ड लिके टो क्याल उपोन थे मिक
माइ ब्रोथर, यूएनआईक पोएट
टो स्पिट सोमे बार्स, एयी",256
72,Firfirey,Yabesh Thapa,nepali,"यो
हावालाई सोधी हेर न
यो आकाशलाई पनि
थाहा छ दिन वितिगो माया
तर रात छदै छ नि
सपनीमा आईरहनु है माया
सताई रहनु मलाई
चन्द्रमा झैँ चकीलो मुहार माया
त्यो सानो कालो टीका लगाई
तिम्रो अंगालोको न्यानो स्पर्श कसरी बयान गरुँ
मनमा उथुल पुथुल भएका भावना कहाँ छरुँ
मन चाहन्छ तिम्रै आकृति सधैं हेरी रहन पाउँ
छोडी संसारका रिती तिम्रै अंगालोमा आउँ
फिरफिरे घुमाउँला सान्नानी तिम्रै यादमा
जूनतारा पनि खसाईदिउँला तिम्रै नाममा
थाहा छ तिम्रा आँखाहरू मा
जुन-तारा सबै छ नि
याद गरिरहनु है माया मलाई
म भए या नभएनी",74
73,Vek & Yabesh Thapa - Mayalu,Genius Romanizations,romanized,"नसुने झै गरी मेरो
कुरा हरू अझा फेरी
रिसाउदै तार्के नजर नलाउन
माया,साना साना कुरा नबुजी
भये नि नभये झै खुसी
रिसाउदै हात चोडी नजाउन
नसुने झै गरी मेरो
कुरा हरू अझा फेरी
रिसाउदै तार्के नजर नलाउन
माया,साना साना कुरा नबुजी
भये नि नभये झै खुसी
रिसाउदै हात चोडी नजाउन
मायालु, गजालु, अखाई मा
कैदी बनायेर मलाई नि राखना
माया मेरो एक चोटी
सुनिदेउन कुरा फेरी
हेरिदेउन.. मलाई तिम्रो
मान्दा मुस्कान लियेर
माया मेरो एक चोटी
सुनिदेउन कुरा फेरी
हासिदेउन फेरी तिम्रो
मान्दा मुस्कान लियेर",66
74,Maile Haasna Sikey,Mc Flo,nepali,"वेल थिस आइएस आ ग्रिट ट्रेजिक सोङ बाइ एमसी फ्लो, आइटी किन्न्दा लिके बेकामे एएन एन्थम फोर हर्ट-ब्रोकेन नेपालेसे टीन फोक्स, आइएन थिस सोङ हे एक्सप्लेन्स थे लोव थाट हे हाड फोर हेर एएनडी होव शे फक्ड यूपी एएनडी अफ्टर ह्याविङ हे... रिड मोर
मैले हास्न सिके दुःख लाई भुलाइ
ठिक पारी दिए मुटु को दुखाई
तिम्रो आस्वासन थियो कुकुर को भुकाई
अब म आउदिन तिमी ले बोलाए
मैले हास्न सिके दुःख लाई भुलाइ
ठिक पारी दिए मुटु को दुखाई
तिम्रो आस्वासन थियो कुकुर को भुकाई
अब म आउदिन तिमी ले बोलाए
मलाई कुनै पश्चाताप छैन मैले गल्ती गरे
हजारै केटीहरू थिय तिमी भनि बसे
तिमी रूदा खेरि तिम्रो आँसु पुछी दिन्थे
तिमी गर्दा मैले साथ दिन्थे
अन्धकार दुनियामा म तिम्रो घाम बनी दिन्थे
घरमा लाई तिम्रो नाम भनि दिन्थे
मलाई तिमी बाट केही आस थिएन साथ खोजे थे
जिन्दगीको सहयात्री बनाउन हात खोजे थे
सेक्स को लागि होईन, त्यस्ता केटी कति थे कति
म बनेको थिए तिम्रो पुजारी तिम्रौ नाम जपी
म पन्छीन्थे त्यो सबै बाट छ भनी
साथीहरु के के गर्थे म जैले तिमी संगै मै
घण्टा त्यस्तो हुदा पनि मलाई गर्ने?
ठिक छ छन होला केटाहरू तिम्रो लागी मर्ने
एक दिन ठुलो भाग खान्छौ, त्येस्ले तिमीलाइ छोडछ
अनि आउने छ त्यो दिन, मेरो यादले तिम्रो छाति पोल्छ।",188
75,Timi Ra Ma,Dixita Karki,nepali,"आकाशै रंगियो सपनाहरु ले
बतासै बनेर आय छन खुसि नि
पल पल राखौ कि, अन्जुली भरेर
सम्झना पछि लाई मायाको चिनारी
यो पलमा तिमि र म मात्र हुने है
हुनिदेउ बर्तमान भबिष्य के सोच्नु
अंगालो तिम्रो नै समय को परिधि
माया का दुइ चरी ,माया मा दुइ चरी
तिमि र म
तिमि र म
तिमि र म
तिमि र म
तिमि र म
तिमि र म
आजको पल सधै भोलि को सम्झना
उनेर मुटु मा समाली राख्न
जादैनौ छोडेर खाउन कसम
ठुलो भो अंगालो कसेर थामन
सपना जे देख्थें तेही तिमि नै हो
एक सास पर छ मुटु को धड्कन
थामियोस यो पल समयको परिधि
माया का दुइ चरी, माया मा दुइ चरी",92
76,Case No. 420,Laure,romanized,"बिक्रम सम्बत 2066 साल 4 महिना 10 गेटी, थमेल मा
सु श्री सिता संग रेन्जी हात पक्रौ परेका
अब्युक्त दाये श्री लौरे रा श्री गुण एस
गीता मा हात राखी कसम खानुहोस्
सिता लाई आँख लाउदा टा येस्तो वायो
गीता माथि हात राख्दा झन् के होला?
दुई बर्सा अगाडी, मा रा गुण एस थमेल मा
राजधानी जादा खेरी काम, थाकै रा झमेल मा
गयेउ हामी चिया खाना
बैरा होटेल ठिक्कै थियो, भित्र छिर्दा चिडियाखाना
वेल्कोम टो हेल
कोठाई कोठा मा एकदम रंगिन थियो बाताबरण
वडा को अप्सरा लाई पैसा तिर्दै छिरहरण
कलिला, कलिला थिये थुप्रै बलिका
येस्तो हुदा किना चुप्चन समाज, नगरपालिका?
तारा मलाई बाल चिक्नी!
टेटी बेला थिये मा नि हलका माला माला
बिकिनी, पन्तिए रा ढाल थियो छारप्रस्त भुई वारी
उत्तेजना ले मत्ताउथियो मलाई घरी घरी
जाबा देख्थिये माइले अर्ध-नाँगी पारी येहा थरी थरी
गोरी, पाताली, काली, मोती
ओठ मा चम्किलो लाली पोती
सुम्सुमाउदै मेरो गाला घाटी
साला जाथी ले समाति मेरो ताला को पाखुरा
मा पानी के॰एस काम? समात्दै टेसको चट्टी को टाकुरा",146
77,Kholai Khola,Neetesh Jung Kunwar,nepali,"नभन्दा भन्दै , रसाउछन् आँखा
बुझिन मैले तिम्रो हृदयको भाका
जलन किन जब तिम्रै हुन सकिन
खै के को मात, लाग्यो है म मा
रम्न पुगेछु,तिम्रो दु:खमा
दोष कसलाई दिउ, आफैलाई रोक्न सकिन
अब पछुतोको भारी जोकेर
तिम्रो कुरा पछि छोडेर, लागे म त
खोलै खोला तिरै तिर
चौतारी र भिरै भिर
मनमा छ पिरै पिर हो
भन्ने कसलाई
बलिरहनु है तिमी
पुर्णिामाको जुन झैँ
यात्रा हाम्रो यहीं नै टुङ्गेछ
कि कसो गाइने दाइ!
चाहेको तिम्लाई, हितै नै भरी
आँखाको लोभले, भैदियो मन पारी
भाग्यमानी रैछु,छाडि गैदेनौ रिसाई
पहिलो गल्ती मै हिड्द्या भए हुन्थ्यो
नभड्किन्थे म, न मुटु टुट्थ्यो
सजिलै मन झुट बोली बिताएका रात
अब पछुतोको भारी जोकेर
तेरो कुरा पछि छोडेर, लागे म त",96
78,Kusume Rumal,Udit Narayan,nepali,"आ, आ, आ
कुसुमे रुमाल, कुसुमे रुमाल
मायाको बारीमा प्रितीको फूल
संगाली राखेको कुसुमे रुमाल
कुसुमे रुमाल, कुसुमे रुमाल
मायाको बारीमा प्रितीको फूल
संगाली राखेको कुसुमे रुमाल
कुसुमे रुमाल, कुसुमे रुमाल
कुसुमे रुमाल, कुसुमे रुमाल
योबनको गोरेटोमा पछेउरी कसको अल्झेछ?
नयाँ चोट लागेको होइन पुरानो घाउ बल्झेछ
योबनको गोरेटोमा पछेउरी कसको अल्झेछ?
नयाँ चोट लागेको होइन पुरानो घाउ बल्झेछ
बिहानीको सीतको थोपा पातले बोके जस्तो
मायालुको माया बोक्ने कुसुमे रुमाल
कुसुमे रुमाल, कुसुमे रुमाल
कुसुमे रुमाल, कुसुमे
मायाको बारीमा प्रितीको
मायाको बारीमा पिरतीको फूल
पिरती हैन प्रिती, प्रितीको फूल, प्रितीको फूल
मायाको बारीमा प्रितीको फूल
आ, संगाली राखेको कुसुमे रुमाल
कुसुमे रुमाल, कुसुमे रुमाल
कुसुमे रुमाल, कुसुमे रुमाल",87
79,Kaalpanik / Maayajastai,Bartika Eam Rai,nepali,"सुनेजस्तै बग्ने रहेछ हावाको बेगमा यो झरी
नहुने रहेछ कहिले एकनास
मायाका कुरा नसाटि कलेजीमा गाँसिदियौ
जुनीभरि तिम्रै चाहना कसोगरि साँचिदियौ?
शहरभरि गुनासो गरेछौ सकेसम्म म तिम्रै रहेको हु
आखिरीमा सत्य यो पनि रहेछ
चलेसम्म सास चल्ने मुटु
हावासंगै सोध्छु म
ती मायाजस्ता कुरा
समय जति अघि बढ्यो
उति लाग्छ थियो कल्पना
रु, रु, रु, रु
रु, रु, रु, रु
आफूभन्दा बेसी चिनेसरि
थाहै नपाई तिम्रै भएछु म
कति दयनीय भावना पनि
भरोसाको काबिल रहेन यही
एकैछिनमा अपरिचित बोलेका
शब्द ती खै कता गए?
अरु त सबै निको होला
कुनै समयमा संगै बाचेको
संगै नाचेको, संगै हासेको (खै?)
खै? कसरी निको हुने?",83
80,Sajjan Raj Vaidya - Kuraakaani,Genius Romanizations,romanized,"हेर्दा हेर्दै नसरेरै बगी गये मा
तिम्रो सोचाए, तिम्रो बोलाई को तरङ्ग मा
बगायेर लाग्यौ मलाई, मा तैरियेर आयिदियेँ
तिम्रो नजर मा बेरिँदै, परेलीमा मा अल्झियेँ
घामा ढल्की साँझ फेरी फर्की आयेचा
मेरो माँ चाहिँ, तिमी सँगै उडिगयेछ
उडायेर लाग्यौ मलाई, मा सुल्कियेरै आयिदियेँ
तिम्रै लागी बनेँ की खाइ?
मा तिमी मै आयी टुंगियेँ
थरी, थरी चान राङ तिम्रा
जगत नै रगाउने
गगन सारी को म्यान तिम्रो
नक्ष्यात्रा नै अटाउने
थरी, थरी चान राङ तिम्रा
जगत नै रगाउने
गगन सारी को म्यान तिम्रो
नक्ष्यात्रा नै अटाउने",71
81,Sunna,Oasis Thapa,nepali,"नजर मिल्यो तिमीसंग फेरी
कम्जोर बन्यो मुटु जोगाउँदा नि
जोड्न थाल्यो च्याती फालेको
नमिठो यादले भरेको तस्बिर
खुसी लग्यौ तिमीले खोसेर
रोएको मन देख्न खोजेनौ
तैनी मन मेरो रमाईदियो
केवल मुस्कान तिम्रै देखेर
न्यानोपन महसुस गराउँछ होला
अँगालोमा बेरेर तिमीलाई उसले
चुम्दै होला ओठ तिम्रो जुन
मेरो लागी थियो भन्थ्यौ कुनै समय
थाहा छ तैनी चुहिन्छ माया मेरो
बन्द मुट्ठीबाट तिम्रो बाटो बग्दै
भनिदेउ आफै एउटा उपाए
कसरी सुन्न पारु मुटुको दुखाई
बल्झिन्छ नि कहिले आफै
सहनुपर्छ पिडा किन माया पाउनलाई
याद मेटाउँछौ भने मेरो
मुटु फिर्ता गरि मेटाईदिनु है
मेटाईदिनु है",72
82,Teenpatey - Dekhera Timilai,ArtMandu & Sujan Chapagain,nepali,"देखेर तिमीलाई, हेरेर तिमीलाई
तिमीलाई, तिमीलाई
भेटेर तिमीलाई, सम्झेर तिमीलाई
तिमीलाई, तिमीलाई
देखेर तिमीलाई, हेरेर तिमीलाई
भेटेर तिमीलाई, सम्झेर तिमीलाई
मनै मनमा माया तीनपाते भैदियो
विपनीमा तिमीलाई, सपनीमा तिमीलाई
तिमीलाई, तिमीलाई
दिनैरात तिमीलाई, सम्झेर तिमीलाई
तिमीलाई, तिमीलाई
विपनीमा तिमीलाई, सपनीमा तिमीलाई
दिनैरात तिमीलाई, सम्झेर तिमीलाई
मेरो रसरङ्ग सबै, तिमीतिरै गैदियो
मेरो रसरङ्ग सबै, तिमीतिरै गैदियो
बाँसै काटे चोया, बाँसै खिपी डोको
तिमीसँगै घामछाँया हुने मनको धोको
बाँसै काटे चोया, बाँसै खिपी डोको
तिमीसँगै घामछाँया हुने मनको धोको
शिरै फूल शिरैमा लाउँला कसरी
नौगेडी कानैमा लाउँला कसरी
ओठैमा हाँसो आउला कसरी
ओठैमा हाँसो आउला कसरी
सुन्छु नि कानै भरी
मन उड्छ डाँडै पारी
सुन्छु नि कानै भरी
मन उड्छ डाँडै पारी",84
83,Mayalu,Vek,nepali,"नसुने झैँ गरि मेरो कुराहरु आज फेरी
रिसाउदै तर्के नजर नलाउन
माया, साना-साना कुरा नबुझी
भएनी नभए झैँ खुशी
रिसाउँदै हात छोडी नजाउन
नसुने झैँ गरि मेरो
कुराहरु आज फेरी रिसाउदै तर्के नजर नलाउन
माया, साना-साना कुरा नबुझी
भएनी नभए झैँ खुशी
रिसाउदै हात छोडी नजाउन
मायालु, गाजलु,आँखैमा
कैदी बनाएर मलाई नराखन
माया, मेरो एक चोटी, सुनिदेउन कुरा फेरी
हेरिदेउन मलाई तिम्रो मन्द मुस्कान लिएर
माया, मेरो एक चोटी, सुनिदेउन कुरा फेरी
हाँसी देउन फेरी तिम्रो मन्द मुस्कान लिएर
हाम्रो यो कुराकानी हाँसो-रोधन जहिले पनि
अंगालोमा बेर्छु तिमीलाई केहि नभनी
मुस्कुराउदै हेर्नु मलाई तिम्रो त्यो मुहारलाई
चम्किलो नभएको सुहाउदैन नि",85
84,Monkey Temple - Sangai Bachauna,Genius Romanizations,romanized,"आजा फर्की हेर्दा मा
धेरै नै पाची परेचु
जीवना को मोडे मा
मा अड्की बसेचु
सुन्यता मा अज्झै
मलाई रमाउन देउन
तिमी हसा तारा मलाई नरुवाउन
माइले चाहेको दिना सक्चौ भने
माइले मागेको दिना सक्चौ भने
तिमी आउन
हामी सँगै बचाउन
आजा मेरो मृत्यु कतै
मलाई नै पर्खदै चा
सम्झौता यो किना जाबा जीवना यो त्याग्नु नै चा
देचेको पाइँन रे लेचेको मात्रै किना
सत्य लाई अंगले तारा सत्य के हो भुज्नै सकिना
बुझ्नै सकेन
जीवन टा के हो रा
सुस्केर मै बचिदेउला
मारिलानु के चा रा
सम्झना यो साची देउला",71
85,Dina Timilai,Mystic East,nepali,"दिन तिमीलाई केहि नसके पनि
सुम्पी रहेछु माया यो मन भरि
दिन तिमीलाई केहि नसके पनि
सुम्पी रहेछु माया यो मन भरि
स्विकार, टुक्राउ केहि भन्दिन म
मन को ब्यथा कसलाई सुनाउदिन म
तिमी नै ढुकढुकी, तिमी नै हर खुशी
तिमी नै मेरो जिन्दगी
चाहने तिमीलाई धेरै छन अरु
मनको कुरा मनमै रख्ने छु बरु
चाहने तिमीलाई धेरै छन अरु
मनको कुरा मनमै रख्ने छु बरु
सुनाउदिन म, कथा कसलाई
देखाउदिन मनको ब्यथा कसलाई
तिमी नै ढुकढुकी, तिमी नै हर खुशी
तिमी नै मेरो जिन्दगी",70
86,Nachaheko Hoina Timilai,The Edge Band,nepali,"नचाहेको
हैन तिमीलाई
चाहन्थे जुनि जुनि भरीलाई
नचाहेको हैन तिमीलाई
चाहन्थे जुनि जुनि भरीलाई
गर्नु त तिम्रो के वास्ता
बुझेनौ तिम्ले मेरो ब्यथा
नचाहेको हैन तिमीलाई
चाहन्थे जुनि जुनि भरीलाई
मेरि दिल कि रानी तिमी लाई
फूल सरि सजायको थिए
मेरि दिल कि रानी तिमी लाई
फूल सरि सजायको थिए
सारा संसार भरी मा मैले
केवल तिमिलाइ नै रोजेको थिए
गर्नु त तिम्रो के वास्ता
बुझेनौ तिम्ले मेरो ब्यथा
नचाहेको हैन तिमीलाई
चाहन्थे जुनि जुनि भरीलाई",58
87,Chirag Khadka - Samadhi,Genius Romanizations,romanized,"समाधिइस आ सिमल्टेनियस रिथमिक अपबिट ट्र्याक थाट डिसिफर्स चिराग'स स्ट्रगल्स विथ लाइफ. थे सोङ शेयर्स थे कमन थेमे टोलिफज्याकेट,"" ह्वेरे हे रिफ्लेक्ट्स हिस फ्रस्ट्रेसन्स. चिराग टिम्स यूपी विथ... रिड मोर
*स्क्राम्बल्ड वर्ड्स*
ओएम
ओएम नामः शिवाया
जे शम्भो, शिवा जीआई
धर्तीमा आकोचौ धेरै पाची
ध्यान देयेर पुरा सोच्दै गहिरो कुरा सोची हेरौ हामी एक्सिन बासी
आँख चिम्मा गरी, पार्सना दिमाग भरि
आनदा ले आफै भित्रैको फील
जाति आफ्ट्यारो यो लाइफमा भयेपानी हुनु पर्चा निकै सम्बादनशील
पार्दै चु जिल, आहारा टकेर बसेका चान यहा गिधा रा चिल
खुट्टा तान्नेहरू कति हुन कति?
येहा ढुकी रहन चा सबै को चित्त रा दिल
पैसा टा कमाउलासम् धेरैले बौलाउलास्
जिन्दगी भरलाई नै तिर्ने हो बिल
सब संग हाँसी डे, हस्दैने बाची डे
मा भन्छु सत्रु संग नि मिल
लाइफ आइएस रियल, येही नै हो येतहर्ता
भना, ""तिमीलाई चाई के ठहा चा?
मनमा ढुकाया चा चोट
मुटु मा खोट, प्रस्नले साता चा
मरेर आउने हो येही
उपाये अरू मा देख्दिन अरू खेइ
चली रहन्छ दिन, घुमी रनहन्छ घडी
त्यो भन्दा भादी टा मलाई नि के ठहा टा?
मा मान्छे हिप्पी चु
जाहेले पानी हुन्चा मेरो ट्रिपी मुड
डाडा काडा बाट माइले टप ल्याको चु
हाँला डायमै शाउल्ड बे गुड
मुख शुक्क, आँख लाथा
चिसो पानी खाना थल चु घुट की घुट
खाल्ती भुक्क, स्टोन्ड मा टा
सत्य बोली राचु बोल्दिन झुट
हाइ हुदै, स्काई चुडाई
ट्रिनेट्रा निकाल दिउ
अरुको बाल दिउ
बोटै उखल दिउ
गेडा दथलाई केलाई फाल दिउ?
भेदा जातलाई येसै हातलाई
वच्दिम दातलाई
मुखलाई ताल दिउ
सब जना चुप, मुजी, न्हेव खोजी
केही पानी हुदैन
धर्तीमा बसेर आकाश चुडाइन
धर्तीमा बसेर आकाश चुडाइन
धर्तीमा, धर्तीमा बसेर आकाश चुडाइन
अह्ह, हाँ
जिन्दगी भुज्न नि थालेको चु
लाइफ भन्या पुजले मिलाउन सक्चास
धेरै नबोली मुख तालेको
भित्रको आत्मलाई जगाउन सक्चास
जादु मन्त्र पानी जानेको चु
जुन सुकै बेलानी बेलाउन सक्चास
भ्रमण्ड निकै नै ठूलो चा
हामी हाउ भुसुना सोच्यचास खा पुग्न सक्चास?
कपाल जातधारी, मेरो लामो जुंगा दारी
दिमाग भरि प्रस्न मेरो जाहीले सोची मात्र राथे
बस्दिन आफैलाई आबा ढिकारी
मा बनाउछु लक्च्या, मा आफै सिकारी
हुदिन आल्ची, मा पर्दिन पाची
सिकन्च नौलो चिज बर्माबार हरि
लाइफ हेर्दा घिन लाग्छ
गर्चु जे थिक लाग्छ
फेरिना दिनलाग चा तेसैले चुप!
मान भरि चिन्ता चा सोच्दा नै दिनजान्छ
संघर्ष दनाहु गरेको चु
चड चडो हिड डीए टा के नै येहा मिल्ला टा?
हेरारै हिड्डा नि लडेकै चु
रामराई सोच्दा टा, कुरा सब भुज्दा टा
ग्राविटी ले पो मा आड्केको हु?
जाहेले नै राप पानी हाँदै ना
सुनी मा दया ना बाया ना माथि ना मुनी
धेरै चा बाटो, चडो हिन जाथो
बिस्तारै हिडेर चाई कहिले नि पुगिन्न
अरूले भने को पानी टा सुन
हिड्दै चाई बाटो चाई पर्यो भन कुन?
ग्रैचा पुग्न लाई गन्तब्य तिरा
ना लिएया त्यो पिरसै त्यो बाटो चाई चुन
चुनु चा मुन, चुनु चा चन्द्रमा
बिस्वाश नै लाग्दैन तन्त्र रा मात्र मा
आफै ले नगरी केही पानी हुदै ना
तेसैले एकलाई नै मर्ने हो आँटा मा
यो ठूलो प्रान्त मा खोइ ठूलो हुदै ना
आफै ले आफै लाई ठाँडै मा
बस्न चाहन्छु मा एकान्त मा
नबोली, नाचली, नहल्ली साँट मा
ओएम शान्ति
जाहेले माइले खुसी चाहन्ते
गर्ने सबै आफै नै हो येहा
भरपर्ने को येहा, को चा येहा साथी
सब जना खोया, येस्टै नै भो येहा
बराम बार मन्दिर रा मस्जिद मा जान थे
मरामार कटाकट सब जना येउतै जात
समाति हात बन्दा गर क्रान्ति
ठूलो प्रीती भुई मा
मेरो अनेकस्थिति मा
धेरै सोचेरै होला
नदी रा खोला चल्न थाल्यो दिमागमा
धेरै ना टोला सूर्य चोला
बेसरी आफै लाई एकताली चिमत
राप हान्न थालेको धेरै टा भा चाइन
ला हाई टा नमस्ते मेरो नाम चिराग",493
88,Phul Butte Sari Male,Marmik Lama,nepali,"फुलबुट्टे सारी छपक्क पारी
पछौरी मलमलको
फुलबुट्टे सारी छपक्क पारी
पछौरी मलमलको
कौसीमा बसि तिमीले हेर्दा
मन मेरो हल्चल भो
कौसीमा बसि तिमीले हेर्दा
मन मेरो हल्चल भो
कान्छीको केश फिजारीएछ
मै कोरी बाटी गर्दिउ कि
रेसमी चुलटो उडाई घुम्टो
मायाको रङ्ग भरिदेउ कि
मायाको रङ्ग भरिदेउ कि
ना-ना-ना-ना-ना-ना
ना-ना-ना-ना-ना-ना
ना-ना-ना-ना-ना-ना
ना-ना-ना-ना-ना-ना
कान्छीको केश फिजारीएछ
मै कोरी बाटी गर्दिउ कि
रेसमी चुलटो उडाई घुम्टो
मायाको रङ्ग भरिदेउ कि
मायाको रङ्ग भरिदेउ कि",71
89,Bluesss - La La La La (Remix) (ft. Lil Buddha & VTEN),Genius Romanizations,romanized,"ला, ला, ला, ला
ला, ला, ला, ला
ला, ला, ला अबा मा पानी गर्चु मेरा अधुरा सपना पुरा
उः, ला, ला, ला अबा ठहा हुदैछ काहा जानी भनेर यो हुल मा
ला, ला, ला गर्दै मा, ला, ला, ला भन्दै मा हुदै ना हो काम पुरा
उः, मा रा टा के नै फरक चा रा?
जाबा हामी आउटै बोट को फुला
ला, ला, ला, ला, ला
ला, ला, ला, ला, ला, ला, ला, ला
ह्वाट'स यूपी?
लिल' बुद्ध ओन थे मिक
हिडिरचु मा यहा नया सोच ले
केही गार्नी आश ज्ञान को खोज ले
मा चु गहिरो ध्यान मा मा हु जोगी
खाली ना होस मेरो गोजी
तारा सपना सबै सपना नै हो की?
सोची बस्दिन अबा
सुन्दिना कच कच मा कसैको
लाग्दैन दार, के चा रा मसँग लाफाङ्ग?
परामा हल्लेर, ड्रेडामा बसेर टुप, एयी, सल्काउछु मा
गरिरचु आजा केटा हरू संग मोज
तारा होस, यो सब केइ काम चाइन
चैरचा मलाई टा अकाटे हजार को नोट तारा डामा चाइन
टेसाइले मा बनाइराछु यहा तान्न गठ पैसो कमाउने
सोच नसको बिसायेमा, ब्रो
तिमीलाई नि था चा मा को
लिल' बुद्ध स्मोकिङ थाट पो
गुड टाइम्स ह्वेनेभर आई'एम यूपी आइएन थे जोन, यो
काटा गयो सचार कालाई ठहा चाइन
सेबली दिन्छ बाल तारा बाल चाइन
केम विथ थे विबे काउस आइटीएस बीन आ व्हीले
मे एएनडी वीएस॰ चिलिन' आइएन नेपाल",195
90,Mero Priye,Yabesh Thapa,nepali,"मेरो प्रिय,
मेरो सबैथोक
मेरो हासो
ओखती र रोग
मेरो रुवाई,
उत्तेजना र शोक
मेरो नर्ग र
मेरो स्वर्गलोक
मलाई याद आउँछ ति दिन
पर्खी बसन एकैछिन
र नछोड समातिराखेको हात
टुङ्गाउन तिम्रो बात
भन मलाई बिछोडको वेदना
यो लत्रिएको भावना
यो मुटु सम्हालेर राख्नु
कति गाह्रो हो
तिम्रो उदासिपनको प्रेरणा को
दोषी मै हो हैन र?
मलाई थाहाछ नसम्झाउन
म सिद्ध छैन
होला तिम्रो
ठूला ठूला सोच विचार
छाडी जाने संसार
जहाँ जुन रमाउँछ
अस्ताउँदा घाम",56
91,Zariya,"A.R. Rahman, Farah Siraj & Ani Choying Drolma",nepali,"तू जरिया, हूँ मैं जरिया
और उसकी किरपा दरिया दरिया
हैं जो अँखियाँ निर्मल, दुनिया निर्मल
छलका, छलका, छल, छल, छल, छल
हो ज़ुबाँ कोई भी बोल दिल से तू बोल
या मिस्री सी हो या शेहद सी हो
तू जरिया, हूँ मैं जरिया
और उसकी किरपा दरिया दरिया
أنت الأم
أنت الحياه
أنت الحب
أنت لي الدنيا
أنت لي الدنيا
तू जरिया, हूँ मैं जरिया
और उसकी किरपा दरिया दरिया
हैं जो अँखियाँ निर्मल, दुनिया निर्मल
छलका छलका, छल छल छल छल
رضاها، رضاها
كيفما، رضاها
طفلة يا هلي
و العسل رجاها",73
92,Sabin Rai - Timi Nai Hau [Romanized],Genius Romanizations,romanized,"उपहार स्वरूप यो टासबीर माया गर्ने हरू लाई
भलाई चोटो होला यहा सबै दृश्य अटाउन लाई
जिन्दगी नरहोस्, रही रहनेछ येसमा कैद पाल हरू
तिमी चौ, तिम्रो प्यारो मान्छे चा
त्यो भन्दा अरू के नै चाहिँचा एउटा माया गर्ने ब्यक्ति लाई
तिमी नै हाउ
मलाई माया गर्ने
तिमी नै हाउ, तिमी नै हाउ
तिमी नै हाउ, तिमी नै हाउ
तिमी नै हाउ
मलाई खुशी डाइनी
तिमी नै हाउ, तिमी नै हाउ
तिमी नै हाउ, तिमी नै हाउ
तिमी नै हाउ
तिमी नै हाउ
हेरा मलाई समाउ यो हात
नछुटोष हाम्रो दरिलो साथ
देख्ने ले देखोश, सुनोष
हाम्रो यो सम्बन्ध
पश्चातप चाइन कुनै यहा
खुसी चौ हामी चौ जाहा
वन्ने ले वनोष, गरोश
हाम्रो बेयरी कुरा
जाति जे॰एस चा मेरो
तिमी हाउ",97
93,Varsha Thapa - Maaya,Genius Romanizations,romanized,"मान मेरो ढुक-डुकिन्छ, तिम्रो पहिलो झलक देख्दा खेरी
मेरो सास थामिन्छ, तिमीले मायाले बोलाउदा
माया, जाति-जाति बेत्चु तिमीलाई टेटी बादी लाग्दै जाँचा
यो मान टा सतियो
माया तिमीलाई जाति गर्चु माइले, टेटी टा गर्दैन कसैले
तिमीमा माइले आफूलाई पाये
ओह, ओह, ओह, ओह, ओह, ओह, ओह
ओह, ओह, ओह, ओह, ओह, ओह, ओह
मेरो आँखमा, खाली, मलाई जाबा हेर्दै चौ, मान पग्लिन्छ
मेरो हात समै, मलाई जाबा भाँचौ
तिमी मेरो हाउ, आबा कहिँ नजाउ
तिम्रो सबै त्यो कुरा मलाई मान पर्चा
मा के गर्नु, मा के भनु?
तिम्रो सबै त्यो कुराले मलाई बाध्यचा
मा के गरु, मा के भनु?
लुकीचुपी आउचा तिम्रो याद मलाई टा
माया, जाति-जाति बेत्चु तिमीलाई टेटी बादी लाग्दै जाँचा
यो मान टा सतियो
माया तिमीलाई जाति गर्चु माइले, टेटी टा गर्दैन कसैले
तिमीमा माइले आफूलाई पाये",116
94,Kewal,Genius Romanizations,romanized,"मात्रै सम्झना
बाकी राखी चडी गयेउ
झुटो
आशाला झुटो सपना
देखाई बीलाई चडी गयेउ
खेलाउन टा हैन मा
खेली मसँग जनालाई
खाली खाली लाग्छ हरेक कुरा
यदी तिमी नवये
आफैलाई खोजिरहन्छु
केही गलत गरेचु की
बिर्सना मा सक्दिन
सम्हालु कसरी आफैलाई
नाटा होसा चा मलाई
नाटा जोस चा केही
माता सुन्यतालाई साथी बनाई
एकान्त मा तोलाई बस्छु
नाटा होस चा मलाई
नाटा जोस चा केही
माता सुन्यतालाई साथी बनाई
एकान्त मा तोलाई बस्छु",53
95,Shashwot Khadka - Batash (English Translation),Genius English Translations,romanized,"व्हाइ डो योउ कीप फोलोइङ मे?
डिडिएन'टी योउ एएसके युर्सेल्फ थिस ओन्स?
डोन'टी योउ सी थिस लोव ओएफ मिने?
फीलिङ्स क्यान'टी स्टे हिड्डेन थाउग योउ ट्राइ टो हाइड थेम
लेट थे विन्ड ब्लोव एएनडी टाके अवे थे वर्ल्ड विथ आइटी
आई विल बे होल्डिङ युर ह्यान्ड एएस लोङ एएस माइ ब्रेथ रिमेन्स
कोम एएस आ कुल शादे, माइ लोव
आइटी फील्स एम्प्टी विथआउट योउ हेरे
योउ आरे थे ओन्ली थिङ माइ इयेस सर्च
आई लुक एटी योउ विथ फियर आइएन माइ हर्ट
आई वाल्क अराउन्ड रेस्टलेस, जस्ट टो गेट आ ग्लिम्पस ओएफ योउ
बे आइटी फलिङ स्टार्स ओर फल्लें एयेलाशेस
आई एएसके फोर योउ, इभरी डे
डोन'टी केएनओडब्ल्यू व्हाइ आई जस्ट लोव योउ
थेरे'स नो स्पेसिफिक रियासन फोर आइटी
माइ सफोकेटिङ हर्ट एएनडी एक्सहाउस्टेड बडी
सियरचेस युर प्रिजेन्स डे एएनडी नाइट",123
96,Nyano Ghar,Arthur Gunn,nepali,"लाएको माया भुलाउन गाह्रो छ
थाहा होला तिमीलाई नै
चाहन्छु म धेरै तिमीलाई
हिजो झै भोली पनि त्यसरी नै
बित्यो केहि समय हामी टाढिएको
तर याद बनेछ अझै
बिहानीको किरण झै
उदाउ मेरो जीवनमा
साँचेर रख्ने छु तिमीलाई
अनौठो यो मुटुमा तिमीलाई नै
उडिदेउ पन्छी झै खुल्ला आकाशमा
म बन्छु तिम्रो न्यानो घर
फूली देउ फूल झै आफ्नै बारीमा
तिमी मेरो म तिम्रो घर
जीवनको रङ्ग झै छाउ संसारमा
बनौंला हामी आफ्नै शहर
बिहानीको किरण झै
उदाउ मेरो जीवनमा
साँचेर रख्ने छु तिमीलाई
अनौठो यो मुटुमा तिमीलाई नै",69
97,Bartika Eam Rai - Kaalpanik / Maayajastai,Genius Romanizations,romanized,"सुने जस्तो बग्ने रहेछ हावाको भेगमा यो झरी
नहुने रहेछ कहिले एकनास
मायाका कुरा नसाती कलेझीमा गसिँदैयौ
जुनी भरि तिम्रै चाहना कसो गरी सचिँदेयौ?
सहर भरि गुनासो गरेचौ सकेसम्म मा तिम्रै रहेको हु
आखिरमा सत्य यो पानी रहेछ
चाले सम्म सास चल्ने मुटु
हावा सँगै सोध्चु मा
टीआइ माया जस्ता कुरा
समय जाति अघि भद्यो
यूटीआई लाग्छ थियो कल्पना
रु, रु, रु, रु, रु, रु
आफू भन्दा बासी चिने सारी
ठहै नपाई तिम्रै भयेचु मा
कति दयानीय भावना पानी
भ्रोसको कबिल रहेन येही
एकैचिनमा अपरचित बोलेका
सब्द टीआइ खाइ काटा गये
अरू टा सबै निको होला
कुनै समयमा सँगै बचेको
सनै नाचेको, सँगै हाँसेको
खाइ? कसरी निको हुने?",88
98,Insta Ko Photo,Kali Prasad Baskota,nepali,"सम्झिन्छौ रे, अझै पनि
उसै गरी मलाई
बिर्सीएको जस्तो गर्छौ रे देखाउनलाई
खबर सुने पछि, नराम्रे लाग्यो
झष्स झष्कि झझ्लको बनि आयो तिमी
अझै मलाई माया गर्छेउ रे
मेरो इन्सटाको फोटो सधैं हेरि बस्छेेउ रे
माया गर्छेउ रे
तर साथीभाईको सामु मेरो कुरा काट्छेउ रे
माया गर्छेउ रे
माया गर्छेउ रे
माया गर्छेउ रे
माया गर्छेउ रे
सम्झिन्छेउ रे
बर्बराउछेउ रे, निन्द्रमा सधैं तिमी
झष्किएर, ओहो, मेरो नाम लिइ टोलाउछेउ रे
एक्लै एक्लै रहन्छेउ रे
भिड भन्दा बेग्लै बेग्लै",62
99,Sarangi / Mero Din Barbaad Bho,Sushant KC,nepali,"चाहेर पनि मैले
भन्न सकिन्
तिमीलाई मेरो मुटु
चोरी लगि सक्यौ तिमीले
भागेर शरीरबाट
यो आत्माले छोडेर गाछ
तिम्लाईनै खोजी हिड्छु रे
मेरो दिन बर्बाद भो
यादमा तिम्रो फेरी
बिहानीको सुरुवातको
यादमा तिम्रो फेरी
उडी उडी मन भाग्छ किन
तिम्रै तिर हेर
भन के गरु म
मुस्कानले तिम्रो
मेरो मन सारंगी झैँ
आज फस्न थाल्यो
भन के गरु म?",42
100,Birsiney Hau Ki,The Elements (NPL),nepali,"मुस्कान, तिम्रो मुस्कान याद भो
घाम ढल्के झै मन अध्यारो भो
तस्बिर, तिम्रो तस्बिर बाँकी भो
सपनामा तर्से झैँ मन आतियो
ओत लिएँ, बर्सियो झरी
सिमसिमे पानी लाग्छ बाढी
कतै फर्किन्छौ त म तिरै तिमी?
आजले हिजो बिर्सेझै बिर्सिने हौ कि?
चञ्चल यो चञ्चल मन तिमीलाई नै खोज्छ
भेट्दैन जब अनि याद खोतल्छ
हाम्रा दुई आँखा लुकामारी खेल्छन
जुनले घाम नचिने झै चिन्दैनन्
चुट्टेको डोरीलाई के कसरी बाध्ने?
साट्ने हो कि यो माया नै त्यागी दिने?
समय चाहिय ल्यौ, घडी नै रोकि दिएँ
आजले हिजो बिर्सेझै बिर्सिने हौ कि?
ओह-ओह-ओह, ओह-ओह-ओह
ओह-ओह-ओह, ओह-ओह-ओह",89
101,B-8eight - K Yo Maya Ho,Genius Romanizations,romanized,"के॰एस यो माया हो ?
आजा मलाई यो के॰एस वायेको?
कस्तो नौलो अवशा हो ?
आफैमा हराउछु मा
के॰एस यो माया हो ?
आजा मलाई यो के॰एस वायेको?
के॰एस वनु मा तिमिलाईनै सोधिरन्छु खोजिरन्छु तिम्रै बारेमा
गाट्थे यो के॰एस वो मेरो माँको काम फत्ते वो
सत्य हो मेरो हलत प्रेमीको दुरुस्त वो
पिरतीकै गीत हरू किना गुनगुनाउन थाल्सु मा
यो वन्दा अनौठो सुनला तारा उनकै सोचमा ब्यस्त चु मा
आस्चर्य लाग्छ आजा देख्दा आफ्नै स्वोभाव
अभावमा उनको फेरी मेरो माना हुन्सा खिन्न
फरक लाग्छ सबै कुरा आजा सबै भिन्न
चलचित्र को दृश्यमा झै स्लोवमोशनमा चाइन
तारा अनुभवी प्रेमीले वनेका कुरा नवको पानी हैन
दोहोरियेर आउचा वन्थे एउटै मान्छे को सोच
महसुस गर्दैछु आफै वित्र यी परिवर्तन
नौलो चा आवश खुसी दार उत्साह को मिश्रण
आत्तेको मेरो माँ चा उः खोज्दछ आरच्यान
कसलाई सोधु के॰एस मा गरु मायाकोनै हो की यो लक्ष्यान",123
102,Yestai Ta Ho Ni Bro,"VTEN, Bluesss & BeatsByHype",nepali,"ब्लुएस एएनडी बिट्सबाइप एसिस्टेड ट्र्याक, येस्टै टा हो नि ब्रो, गोट रिलिज्ड ओन युट्युब इनिशियली ओन जुने 7, 2019, एएनडी वास्न'टी एवेलेबल ओन मजोर स्ट्रिमिङ सर्विसेस अनटिल जुने 9, 2019. आइएन थे सोङ, वेटेन... रिड मोर
(सहि हो) सिमसिमे पानी र जस्कीने नानी (सहि हो, सहि हो)
अइच, छैन रहेछ, कान्छी, तिम्रो बच्किने बानि (सहि हो, सहि हो)
येअह, ह्वाट?
हामी यस्तै त हो नि, ब्रो
जहिले यस्तै त हो नि हो
हामी यस्तै त हो नि, ब्रो
जहिले यस्तै त हो नि हो
हामी यस्तै त हो नि, ब्रो
जहिले यस्तै त हो नि हो
हामी यस्तै त हो नी, ब्रो
हामी यस्तै त हो नि, ब्रो
जहिले यस्तै त हो नि हो
ठीकठाक आफ्नो ठाउँमा बस्छु, राम्रो गाउन सक्छु
खासमा यस्तै त हो नि हो
ओह, के सोचेको होला?
हामीलाई के सोचेको होला?
अघि बढिसक्यो हेर् भोटेको छोरा
(भो-भो-भो-भो-भो-भोटेको छोरा)
येअह, हाँस्छु हसाउँछु, म नाच्छु, म नचाउछु
चिल्लाक्स पारामा मासु चपाउछु
झाडु लगाउँछु, म डाढु ठटाउछु
पार्टी हान्न आइज बोरू दारु मगाउछु (दारु)
गांजा सल्काउछु, म गाना घन्काउछु
नचाइ दिन्छु आमाबाउ, दाजु र भाउजु
आइज मेरो घरमा, पार्टी हान्न आइज
बोरू सिमसिमे पानीको पार्ट टीडब्ल्यूओ बनाउँछु",175
103,Maaya,Varsha Thapa,nepali,"मन मेरो ढुकढुकीन्छ, तिम्रो पहिलो झलक देख्दा खेरी
मेरो सास थामिन्छ, तिमीले मायाले बोलाउदा खेरी
माया, जति-जति भेट्छु तिमीलाई, त्यती बढी लाग्दै जान्छ
यो मन त साटियौ
माया तिमीलाई जति गर्छु मैले, त्यति त गर्दैन कसैले
तिमीमा मैले आफूलाई पाए
ओह, ओह, ओह, ओह, ओह, ओह, ओह
ओह, ओह, ओह, ओह, ओह, ओह, ओह
मेरो आँखामा, खाली, मलाई जब हेर्दछौ, मन पग्लिन्छ
मेरो हात समाई मलाई जब भन्छौ
तिमी मेरो हौ, अब काही नजाऊ
तिम्रो सबै त्यो कुरा मलाई मन पर्छ
म के गरुँ, म के भनु?
तिम्रो सबै त्यो कुराले मलाई बाध्याछ
म के गरुँ, म के भनु?
लुकिछुपी आउँछ तिम्रो याद मलाई त
माया, जति-जति भेट्छु तिमीलाई, त्यती बढी लाग्दै जान्छ
यो मन त साटियौ
माया तिमीलाई जति गर्छु मैले, त्यति त गर्दैन कसैले
तिमीमा मैले आफूलाई पाए",115
104,The Edge Band - Nachaheko Hoina Timilai,Genius Romanizations,romanized,"नचाहेको होइन तिमीलाई
चाहाँथे जुनी जुनी भरिलाई
नचाहेको होइन तिमीलाई
चाहाँथे जुनी जुनी भरिलाई
गर्नु टा तिम्रो के॰एस वस्ता
बुजेनौ तिमले मेरो बेथा
नचाहेको होइन तिमीलाई
चाहाँथे जुनी जुनी भरिलाई
मेरो दिल किराँगै तिमीलाई
फूल सारी सझायेको थिये
सारा संसार भरि मा माइले
केवल तिमीलाई नै रोजेको थिये
गर्नु टा तिम्रो के॰एस वस्ता
बुजेनौ तिमले मेरो बेथा
नचाहेको होइन तिमीलाई
चाहाँथे जुनी जुनी भरिलाई
आखाए भरि आसु बोकेर मा
तिम्रै याद मा तर्पी रहेछु मा
जिन्दगी येस्टै रहेछ मेरो
जाहीले पानी ढोका पाई रह्ने",65
105,Kasari Bhanu,Swoopna Suman,nepali,"अँध्यारो छ यो रात आज किन लामो लाग्दै छ?
सयाैँ कोल्टे फे्रिसके तर निन्द्रा आउँदैन!
सँधै झैँ आज पनि जुन चम्कीरहेछ
तर बादलपारी लुकी मलाई जिस्काउँछ किन?
हो, आज धेरैपछि तिमीसँग बोलेको
तर जुनी बित्याे होला मैले मुटु सुम्पेको
हो, सधै झैँ आज पनि कुरा अधुरो नै रह्यो
भन्छु भने मनका कुरा त्यो मुटुमै लुक्यो
कसरी भनौ तिमीलाई?
तिम्रो आँखामा एउटा जाँदु छ
तिम्रो मुस्कुराउने पारामा एउटा बेग्लै नै आभाष छ
खै त तिमीले बुझेको?
किन मुटु मेरो चोरेको?
अझै याद छ तिमीले पहिलो पल्ट मलाई छोएको
थाहा छैन, तिमी को हौ मेराे
थाहा छैन, कसरी आयाै?
थाहा छैन, तिमी को हौ मेराे
थाहा छैन, कसरी आयाै?
तर सम्झेर तिमीलाई हराउने गर्छु म
सोचेर तिमीलाई-आई निदाउने गर्छु म
सम्झेर तिमीलाई-आई हराउने गर्छु म
सोचेर तिमीलाई-आई निदाउने गर्छु म",118
106,Naganya Maya,Sajjan Raj Vaidya,nepali,"उसले तिम्रो हात समायो कि?
तिमीलाई अलि नजिक ल्यायो कि?
अनि उसका सबै पिरहरु
तिम्रो काँधमा बिसायो कि?
अंधेरी आउँदा तिमीलाई अंगालेर निदायो कि?
बिहान आँखा खोलेर तिमीलाई नै फेरि पायो कि?
उसका आँखा कै अगाडी
ओठ नै भिजाउन मिल्ने
कम्बल मुनि बतासिएका
ढुकढुकी सुनाउनै मिल्नेगरी
हो हो हो..., हो हो हो हो.. हो..
हो ओ हो
हो हो हो.. हो हो हो..
हो हो हो.. हो हो हो..
हो हो हो.. हो हो हो..
हो हो हो.. हो हो हो..
भोलि आकाश गड्गडाए, उसैलाई खोज्छौ होला
उसकै समुन्द्र तिर, बगी जान्छन् तिम्रा खोला
कल्पनाले भ्याउने जम्मै, तिम्रा दिनहरू सबै
उसकै अनुहारले भरी निदाउने गर्छौं होला",97
107,La La La La (Remix),Bluesss,nepali,"ल-ल-ल
ल-ल-ल
ल-ल
ल, ल, ल अब म पनि गर्छु मेरा अधुरा सपना पुरा, उः
ल, ल, ल अब थाहा हुदैँछ काहा जाने भनेर यो हुलमा
ल, ल, ल, गर्दैमा;ल, ल, ल"" भन्दैमा हुदैन हो काम पुरा, उः
म र तँमा के नै फरक छ र? जब हामी एउटै बोटको फूल
ल, ल, ल, ल, ल, ल, ल, ल, ल, ल, ल, ल, ल, ल, ल, ल
ल, ल, ल, ल, ल, ल, ल, ल, ल, ल, ल, ल, ल, ल, ल, ल
ह्वाट्स यूपी? लिल बुद्ध ओन थे मिक
हिँडीराछु म यहाँ नयाँ सोच लिइ
केहि गर्ने आश ज्ञानको खोजी
म छु गहिरो ध्यानमा म हु जोगी
खाली न होस् मेरो गोजी (सहि), तर सपना सबै सपना नै हो कि?
सोची बस्दिनँ अब
सुन्दिन कच-कच म कसैको
लाग्दैन डर, के छ र मसंग लफङ्गा?
पारामा हल्लेर, डाडामा बसेर तोप, एयी, सालकाउछु म
गरिराछु आज केटाहरुसंग मोज, तर होस्, यो सब केहि काम छैन
चाहिराछ मलाई त अकटए हजारको नोट तर दाम छैन
त्यसैले म बनाहिराछु यहाँ टन्न गाठ पैसो कमाउने, सोच् नसाको विषयमा, ब्रो
तिमीलाई नि था छ म को
लिल' बुद्ध स्मोकिङ थाट पो
गुड टाइम्स ह्वेनेभर आई'एम यूपी आइएन थे जोन, यो
कता गयो साकार कलाई थाहा छैन
सबले दिन्छ बाल तर बाल छैन
केम विथ थे विबे काउस आइटीएस बीन आ व्हीले
मे एएनडी वीएस॰. चिलिन' आइएन नेपाल",205
108,Mooskaan,Sajjan Raj Vaidya,nepali,"तिमीलाई थाहा छैन
तिम्रो मुस्कान, त्याे मुस्कानले
मलाई के गर्छ?
तिम्रो मुस्कान, त्याे मुस्कानले
तिमीलाई थाहा छैन
हेर्दा, तिमीले हेर्दा मलाई
के हुन्छ? के हुन्छ?
तिमी आउँदा मुस्कुरौदै मलाई
तिम्रो नाम, तिम्राे आवाज, तिम्राे न्यानाे-न्यानाे स्पर्श
मेरो हात, मेरो पाईला, सबैले तिमीलाई खाेज्छ
तिमीलाई थाहा छैन, तर माया धेरै-धेरै गर्छु
मात्र तिमी हासिदेऊ
तिमीलाई थाहा छैन, तर माया धेरै-धेरै गर्छु
मात्र तिमी हासिदेऊ
तिमी आऊ फर्खेर, फर्खेर एता
तिमीलाई, तिमीलाई नहेरी
सकेन बसेर याहाँ
तिमी नहुदा, मलाई गाह्राे, अफ्ठायाराे हन्छ
त्यसैले अहिले नै आउ, मुस्कुराउ, सताउ मलाई
तिम्रो नाम, तिम्राे आवाज, तिम्राे न्यानाे-न्यानाे स्पर्श
मेरो हात, मेरो पाईला, सबैले तिमीलाई खाेज्छ
तिमीलाई थाहा छैन, तर माया धेरै-धेरै गर्छु
मात्र तिमी हासिदेऊ
तिमीलाई थाहाँ छैन, तर माया धेरै-धेरै गर्छु
मात्र तिमी हासिदेऊ",105
109,Sahara,Tribal Rain,nepali,"तिमीले दुख त नगरेको हैन
तिम्रो जस्तो पिर मेरो पनि छ
मैले पनि दुख त नपाएको हैन
मेरो जस्तो पिर कति हो कति
सबै को आफ्नै आफ्नै सपना यहाँ
साकार हुनेहरु त गए छोडेर
तिम्रो र मेरो आज केहि छैन
तर यो समय मा हुने छु म तिम्रो
साहारा हुने छु तिम्रो साहार
सबै को आफ्नै आफ्नै सपना यहाँ
साकार हुने हरु त गए छोडेर
तिम्रो र मेरो आज केहि छैन
तर यो समय मा हुने छु म तिम्रो
साहारा हुने छु तिम्रो साहार",71
110,Bhanai,Tribal Rain,nepali,"हेर, तिम्रो लागि तारा तोडी दिन्छु त भनाइ मात्र हो
एउटा भनाइ मात्र हो
हेर, तिम्रो लागि जीवन त्यागी दिन्छु
ति बचन त हैन, हो भावना
केही रहने छैन तिमी बिना
मरेर कहाँ जान्छु मलाई थाहा छैन
तर तिमी संग जिउन फेरी पाउँदिन
हेर, तिम्रो लागि बादल सारी दिन्छु त भनाइ मात्र हो
एउटा भनाइ मात्र हो
हेर, तिम्रो लागि समय रोकी दिन्छु
ति बचन त हैन, हो भावना
केही रहने छैन तिमी बिना
मरेर कहाँ जान्छु मलाई थाहा छैन
तर तिमी संग जिउन फेरी पाउँदिन
तिमी नै छैनौ भने, म त एउटा भ्रम मात्र हो
तिमी नै छैनौ भने, म त एउटा भनाइ मात्र हो...
तिमी नै छैनौ भने, म त एउटा भ्रम मात्र हो
तिमी नै छैनौ भने, म त एउटा भनाइ मात्र हो",110
111,Hola At Your Boy,"Badshah, KR$NA & Prajina",nepali,"जे गर्छौ तिम्रै मर्जी, जान्छु म तिम्रै पछि
म तिर पनि हेर न, एएनडी बे आ गुड बोय
क्यों पूछे, कैसी हूँ मैं? पागल, कुछ ऐसी हूँ मैं
जैसा तू, वैसी हूँ मैं, अलवेज बे युर्स, बोय
केआर$ना, बड बोय, वे आइएन ग्रिट गेम टाइम
रियल जीएस'स मोव आइएन साइलेन्स लिके डोलर सिग्न
रोलेक्स एपीआरएम, वे वर्किङ ओभर्टिम
मैं नहीं शवन पाउल बुट शे डोएस्न'टी मिन्ड
बड बोय 'शाह लेके आया डोलर होम
गेम इनसे संभली नहीं, टूटे इनके कोल्लर बोने
बेबी मेरे विबे की, मैं उसका जोन
मेरा कोलोसियम, उसमें है कोलो रोम
बेबी, आई ड्रेस वेल बुट आई फ्लोव बेटर
आई'एम आ शोव-गेटर, डोपे-गेटर, कोके-गेटर
योउ'रे लुकिङ प्रेटी आइएन थे ब्लू स्वीटеआर
मैं एक रात का मेहमान, बेबी, योउ बेटर",116
112,Pinjada,Satish Ghalan,romanized,"चाइन सरम चाइन लाजा
चाइन सरम चाइन लाजा
माया मा दुबेचु हेरा आजा
आजा को यो गोधुली साझा
फर्की आये तिम्रै माझा
तिम्रो नै गीता माह गौडैछु हेरा
सुनिदेउ तिमी एका फेरा
मायाको डोरीले मलाई बाधा
चडी आये सबै कामा काजा
मेरो माना चरी भये
तिम्रो माना पिँजादा
थुनी देउ मायालु
आखा चोपी हेर्दा पानी
तिमीलाई नै देख्दछु
माना वित्र झाकी हेर्दा
तिम्रै माया पाउदछु
थामी सकेको माना
तिमले गर्दा धड्कियो
हिउदो महिना मा
साउने बर्सा बर्सियो
सब्द हरू कोर्दै चु
गीता एउटा लेख्दै चु
भावनामा खेल्दै चु
सपनीमा दुल्दै चु",68
113,KTM Grime,Yama Buddha,romanized,"म्यान्डम वन्न टाल्क शीत
बुट नेवर लिस्टेन थे पर्फेक्ट डिफिनिशन ओएफ ह्वाट आ फुल आइएस
आ रुलर यामा बुद्ध थे रुडेस्ट
आई अलवेज ईएनडी यूपी विनिङ ह्वेन आई लोसे आइटी, मद टेम्पर
क्यान'टी रिड थे ट्र्याक्स ओएफएफ आ सीडी लिके आ बड सेक्टर
आइएम डीप लिके लेजी, ब्रिङ हेट लिके क्रेजी, थे बिट लिके या बेबी, मोथर्स लाइफ, आई व्रेक्ड हेर
पुर शट्स, बड डाइरेक्टर
योउ होपे टो बे डोपे काउल्ड नेवर कोप विथ थे प्रेसर
आई'एम ब्रिङ्गिङ ब्याक थे क्र्याक थे राप रिजरेक्टर
अल्लो आइटी! आई'एम फ्रेशर
आईएफ आइटी'स ओन आई ब्रेक बोन्स योउ गो होम ओन आ स्ट्रेचर
येस, सिर! थाट'स होव आई डो
कमिङ एटी या स्ट्रेइट आउट्टा काठमाण्डु
थिङ्क बेफोर योउ रिस्क आइटी, डोन'टी गेट आइटी ट्विस्टेड
यल पिग्स सिक्काउस ओएफ स्वाइन फ्लु
मिन्ड योउ! थे मोस्ट वान्टेड
प्लस थे फ्लोव आइएस सो सुपरसोनिक
हेडेड फोर थे सुम्मित, येअह, आइटी'स आइरोनिक
एनिथिङ टो इभरिथिङ योउ ड्रिम आई डोन आइटी
येअह! आई'एम ओन आइटी
योउ थिङ्क योउ थे गुया बुट योउ मिस ह्वेन योउ ट्राइ
रियल टाल्क! एआइएन'टी डोन शीत आइएन या लाइफ
एएलएल थाट योउ बीन स्पिटिङ आरे लाइज
या विजन आइएस फक्ड यूपी लिके डिक आइएन या इयेस
आई'एम इलिगेन्ट, इक्विप्प्ड विथ रिक्वायर्ड इलिमेन्ट्स
थे मोस्ट डिफिनाइट टो माके योउ सिंक लिके सेडिमेन्ट्स
आई मेडिटेट ओवर थे बिट 'टिल आई लेविटेट इलिभेटेड टो थे पीक
सेलिब्रेट बेटर स्टेट 7 डेज ओएफ थे वीक, आ रेनेगेड नेवर लाटे जेनेरेटिङ थे हेट
डिमनस्ट्रेट बेटर वेज टो रिजोनेट थे स्पिट, रिलेगेट, डेसीमेट थे बेस्ट आइएन थे बिज्ज
आ डिलिगेट रिनोभेटिङ थे शीत, नेवर हेसिटेट, डेभास्टेट व्हीले टेकिङ आ पिस
लुक! वे शुट डाउन थे बेस्ट ओएफ पार्टीज
डोन्ट लिके मे? आइएम या गर्ल्स बेस्ट आर्टिस्ट
व्हीले योउ एआइएन'टी मेकिङ आ मोव, योउ पार्किङ
आई पुष इग्निशन लिके साश कार के
आईबी ओन आ बिट एएनडी आइटी'स ओवर
आईबी एक्यापेला, स्टिल ओवर
ब्रिङ हेट लिके स्क्वीजिङ आ टोस्टर
फीड ओन एमसीएस लिके एएन इटिङ डिसोर्डर
गेट डिपर थान थे नेवी बे
काउल्डन'टी सक आईएफ आई वान्टेड लिके आ बेबी बी
योउ बाउन्ड टो फल ओएफएफ लिके बेबी टीथ
काउस व्रिटिङ आ वर्स टेक्स योउ 80 वीक्स
एएनडी स्टिल एएलएल योउ राप आइएस एबीसी
काउल्डन'टी स्पिट सिक विथ रेबिज प्लीज
एएनडी सिन्स या बिच गोट लैद बाइ मे
आई हेर्ड एनओडब्ल्यू योउ गुयस बारेली स्पीक
शीत! योउ एआइएन'टी आ म्याच
ट्राइना चाँगे थे फ्याक्ट थाट योउ लामे एएनडी व्याक
डिक्राइडिङ टु मुच गोट या एनस प्याक्ड
फ्लेम्स आई राप ओएफएफ थे टप 'टिल माइ ब्रेन्स आइएस आश
लुक! आई कोम एलिभ आइएन थे नाइट टाइम
गो हार्ड लिके थे फक ओएफ आ लाइफटाइम
रक थे शोव एएस योउ वाच फ्रोम थे साइडलाइन्स
रुन थे अन्डरग्राउण्ड फ्लोव लिके आ पाइपलाइन
उसे माइ मिन्ड किन्दा लिके ऐन्स्टिन
ओन आ डोपर एडिक्शन थान व्हाइट लाइन्स
आई थाउष्ट या क्रिउ वार्न्ड योउ विथ आ हाइ सिग्न
आई गेट मोर विवर्स थान प्राइम टाइम",427
114,Halkhabar,VTEN,nepali,"हलखबर"" आइएस आ साउलफुल राप सोङ. आइटी आइएस एएन एक्सपेरिमेन्टल सोङ थाट डेस्क्राइब्स थे सिच्युएशन ओएफ आ युङ गुया ह्वो'स बीन ओन ड्रग्स बुट बेलिभ्स आइएन आ बेटर फ्युचर. हे रिकल्स हिस पास्ट रिकलेक्सन्स एबाउट होव हिस... रिड मोर
दिदिले सोध्यो, के चल्दैछ तेरो कामकाज?
दाइले भन्छ आफ्नो परिवार को नाम राख
आमाले भन्छ, बाबू के छ तेरो हालखबर?
बाउले भन्छ, छोरो के गर्दैछस आजकल?
हे, दिदिले सोध्यो, के चल्दैछ तेरो कामकाज?
दाइले भन्छ आफ्नो परिवार को नाम राख
आमाले भन्छ, बाबू के छ तेरो हालखबर?
बाउले भन्छ, छोरो के गर्दैछस आजकल?
केहिपनी गर्दिन म यत्तिकै बसिराछु
किन होला म आजकाल एकदमै प्सिचो भाछु
वाट, सत खान्छु अनि जोइन्ट, सोइन्ट तान्छु
किन होला म आजकाल एकदमै प्सिचो भाछु
केटाहरु बटुलेर गल्ली तिर जान्छु, दिनभरी गोटि को चार्ज मा
या, या दिनभरी गोटि को चार्ज मा
छैन केही अप्शन, गल्ली मेरो जक्शन, ढिक्का र ब्ल्याक मेरो हातमा (हातमा)
या, या ढिक्का र ब्ल्याक मेरो हातमा
जहिले पनि खान्छु, अहिले पनि तान्छु, मरेरै जानुछ लास्ट मा
या एकदिन मरेरै जानुछ लास्ट मा
जब जान्छु म मरेर मलाइ जलाउदा मेरो धुवा मै गाजा को बास्ना, ये ये
जिन्दगी यसरी चल्दैछ खासमा
मेरो कोहि छैन आफ्नो मान्छे वरिपरि
आज बोल्न खोज्दा बिक्दैन मेरो बोली पनि
त्यति माया गर्ने छम्माले पनि छोडि गए
तर बालै भएन, एक्लै बस्दिन्छु भोलि पनि",199
115,Phulbaari,Yabesh Thapa,nepali,"हेरन के भयो
मलाई थाहा छैन
तिमीलाई देखेपछि यो मुटु
थामिदै थामिएन
जुन तारा सामु पनि तिम्रो
वर्णन गर्दा सकिएन
तिमी नजिक आउँदा मेरो
ओठबाट त्यो मुस्कान पनि टाढिएन
हिजो को कुरा
हिजो मै रहन देऊ
भुली देऊ न ती दिनहरू
त्यो ओठमा
मुस्कान सजाइरख्नु
है सधैं मायालु
तिम्रो सानो
प्रितको फूलबारीको
गुलाब बन्न
देऊ न मलाई
मेरो सारा
जीवन
बिताउनचाहन्छु
तिम्रो हात समाई",43
116,Khaseka Tara,Albatross,nepali,"तिमी भन्दा धेरै माया
कस्ले गर्न सक्छ र?
तिमी जस्तो झुटो कसम
कस्ले गर्न सक्छ र?
हेरन
नहेर मलाई
जलाउन मलाई
एक्लो नै छु म आज
एक्लै रमाउन देउ
एकान्तको सुन्यतामा आसुँ खसाल्न देउ
जीवनको यो गोरेटोमा फर्की तेही पुगे
जीवन यो के हो, के हो?
नबुझी बौलाई रहे म
तिमी बिना म
जलाउन मलाई
खसेका तारा गन्दै
तिमीलाई नै मागी बसे
खसेका तारा गन्दै
तिमीलाई नै मागी बसे
खसेका तारा गन्दै
तिमीलाई नै मागी बसे
रात बितेको चालै पाइन",62
117,Timi Bhayera,Akash Khadka & Samir Shrestha,nepali,"आजमा नै खुसी छु म
अतीतको पर्वा छैन
तिमी छौ साथ त
आउने दिनको डर छैन
आशा छ माया हाम्रो
टुटेर जाने छैन
मन भरी कति माया छ
तिमीलाई पो थाहा छैन
तिमी भएर
अर्थ रह्यो मेरो सासको
तिमी बिना त
जीत पनि मेरो हार हो
अङ्गाल न, सम्हाल न
साँचेर राख माया सबै
समेटेर साँची राख
उपहार भए म नै
तिमीलाई
तिमीलाई
पाए जब मैले तिम्रो साथ
जीत भयो मेरो सबै हार
जागी उठे रहर कयौं हजार
बुन्न थाले सपनाको संसार
सार्है राम्री देखिन्छौ तिमी
हाँसोले मुहार ढाक्दा तिम्रो
पाउँछु हराएको म
निगाली हेर्दा आँखामा तिम्रो",72
118,Thamana Haat,Samir Shrestha,nepali,"थामन हात यो
तिमी मेरो
राखने छु तिमीलाई म
अँगालोमा बेरी यो
खाउन कसम
नछोडिने कहिले
जुनी भरीको लागि साथ दिन्छु म
देखि अहिले
हा... हा... हा...
हा... हा... हा...
एचएमएम एचएमएम एचएमएम
बेस्त हुन्छु आज भोलि
तिम्रै कल्पनामा
अड्केको छ मन यो मेरो
तिम्रो हासोमा
रोकिदिउला यो समय
एउटा तस्बिरमा
सहारा बन्ने छ इ यादहरू
बुढेस कालमा
हा... हा... हा...
हा... हा... हा...
एचएमएम एचएमएम एचएमएम",50
119,Mantra Band - Sadhai Sadhai (Romanization),Genius Romanizations,romanized,"साधै साधै आई रहन चा
तिम्रो याद हरू
यो मान एलकै गुनगुनौ चा
अतीत का टीआइ धुन हरू
कति तड्पे, पर्खी रहे
फर्की तिमी आयेनौ
बेदनामा गीत कोरे
फर्की तिमी आयेनौ
बेदनामा गीत कोरे
सुनिदेउ यो गीत मेरो
अमर रहोस् त्यो प्रीट हाम्रो
हेर्दा हेर्दै पारी चितिज लाई
आँसु खास चा ताहा नपाई
सक्ने वाये फर्कै ल्याउथे मा
मेरी माया तिम्रो हात समै
कति तड्पे, पर्खी रहे
फर्की तिमी आयेनौ
बेदनामा गीत कोरे
फर्की तिमी आयेनौ
बेदनामा गीत कोरे
सुनिदेउ यो गीत मेरो
अमर रहोस् त्यो प्रीट हाम्रो",67
120,Gahiro Gahiro,Bipul Chettri,romanized,"तारी नै रहेछु मा
बगी रहेको रुख को मुडा झै
किनार खोजेछु मा
किना किना हो
आतुर छ म्यान मेरो
बिरानो बिरानो
बिरानो लाग्छ आजा यहा
दिना रा राता, दिना रा राता यहा
खोजी नै रहेछु मा
की मलाई साधै माया डाइनी हरू लाई
सोधी नै रहेछु मा
आफूलाई सम्भालेर
खोट हरू मेरो आँगालेयर
हिँडेछु हिँडेछु
हिँडेछु यहा सारा चडेर
किना किना हो
आतुर छ म्यान मेरो
बिरानो बिरानो
बिरानो लाग्छ यहा",54
121,Nisthuri Mori,Neetesh Jung Kunwar,nepali,"सायिङ थाट लोव आइएसएन'टी अलवेज एएस रिवार्डिङ एएस आइटी मे सीम, निस्थुरी मोरी आइएस आ ट्र्याक डेस्क्राइबिङ आ चिटिङ परामौर. डेस्पाइट एएलएल थे थिङ्स थाट नीतेश डिड फोर हिस... रिड मोर
पाखुरेले उडाई लगेयो
बाँकी अब केनै रहयो?
सिद्दी सक्यो आसु पनि रुनलाई
पछिपछि हिडेकै थिए
सबै खर्च तिरेकै थिए
रित्ति सक्यो खल्ती पनि पिउनलाई
भिरै बाट धकेल्दी निष्ठुरी मोरीले
हो, भिरै बाट धकेल्दी निष्ठुरी मोरीले
म त परे गुवाचै, हजुर
न त केहि गरेकै छु
थुईय्,"" भन्छन केटाहरुले
झुटो हैन दैव कसम
अर्को दिनै देख्न नपाम
विहे पछि दिन्छु भन्थि जाठिले
सम्झिरन्छु झलझली निष्ठुरी मोरिलाई
हो, कोशी रहन्छु मन मनै पाखुरे तोरीलाई
२०७२को सालमा
देखे उसलाई मस्की हिड्ने चालमा
२०७२को सालमा
देखे उसलाई मस्की हिड्ने चालमा",99
122,Khoj,ShreeGo,romanized,"नहेर मलाई तेसरी
माया बासलाई हाई बेसरी
भुलाउ भाँचौ आजा तिमी
तारा भुलाउनु कसरी, माया?
बताशा बनेर आयौ
माथि आकाशा चुडाई
हुरी बनेर भोली
ताधा नगाइदिनु हाई, माया
हो हेरी राहु झै लाग्छ
तारा माना टा ताधा भाग्छ, किना
ठहा थियेन मलाई माया एस्टो हुन्चा हाई
तिमी आयेपछि पो ठहा भो
अनौठो रैचा माया
सीतल हुदो रैचा चाय
घामा लायेपछि पो ठहा भो
यो आकाश, यो पातल
यो धर्ती माथि को बादल
आवाजा लगाई खोज्दै चु तिमलाई
भौतारियेको यो म्यान
यो जुना रा तारा अन्तरीक्ष्य माथि
पौडिन काटेई मिलन
अबा हारा नामनी जादेई चु माथि
आकाश लाई चिरी, बादल पारी
माया को खोजी, खाइ को हो दोषी
एटीआई मै सिमित, भाग्य मा लिखित, माया",91
123,Aashish,Bipul Chettri,nepali,"ईन्द्रेनि रङ्गको छ, तिम्रो निर्मल संसार
कमलको फुल झै तिम्रो कमलो मुहार
साना साना पाइला हिडि
ठुला ठुला आशा बोकेर
जगतलाई उज्यालो पार्ने तिम्रो हसाइ
हृदयमा छापिने साँचो तिम्रो हेराइ
तिम्रो खुसीमा नै मेरो खुसीयाली गासिए छ
जीवनको बाटोमा तिमी सधै अघि बढ
सफलताको सिखर तिमी सधै माथि चढ
जित भए हार दुबैलाई सुइकारेर हिड
अहंकारलाई तिमी कहिले कहिले आफ्नो नबनाउ
अत्याचार कसैको कहिले कहिले नसहनु
सुख भए पनि दुःखलाई नबिर्सि राख्नु
आशिस मेरो यो तिमी फलिफुलि रहोस्
प्राथना छ मेरो तिमी सधै सुखी रहोस्
अन्धकार माझ उज्यालो दिप नै बनोस्
ममता तिमी हैउ, तिमी नै हैउ लक्ष्मी
सुन्दरता तिमी हैउ, तिमी सबै हैउ छोरी
मेरो खालि होइन संसारकै हउ तिमी रानी",94
124,Apurva Tamang - Sano,Genius Romanizations,romanized,"आउ चेउ एटा बाट गराउन
मिठो कुरा गरी याद बनाउन
जादो भये अंगाली रखौला
हासी खुसी आफ्नु दुःख बताउला
त्यो चिसो हाथ मेरो हाथ मा
थमाइदेउ समय मेरो साथ मा
हिडौ हामी मायाको बाटोमा
सानो ना चोडा मलाई
देखौ सबैलाई
खुशी रा हसो
यो मायाको बाटोमा
हसिलो मुहार को कारण मा जाहीले बनु
तिम्रो त्यो चिसो मुटुलाई न्यानो मो बनाउ
हामी दुई को कथा साधै लेख्न पाउ
मिठो धुन बुनेर साधै तिमीलाई सुनौ
हजारो को भीड मा तिमी नै देखे
तिम्रो हासो हेरी आफै रमाये
प्रतिक्षा मा धेरै ना राखा प्रिये
आउन माया, मेरी माया",77
125,Maaya Dherai Samjhana,Bekcha,nepali,"जीवन अन्धकार भए माया तिमि मेरी जून
तिम्ले मुस्कुराई दिए हराई जान्छ सारा दुख
लास्ट डे मा तिमीलाई फुल दिन्छु सोचेथे
लास्ट डे मा तिमीलाई फुल दिन्छु सोचेथे
लास्ट डे मा तिम्रो फोन नम्बर माग्छु सोचेथे
दिन तिम्लाई सच्चाई डोराइ पत्र ब्याग मा रोपेथे
नडराई पत्रै भरि भावनालाइ खोपेथे
पर्खी रहेथे माया
लास्ट डे नै आएन माया
लास्ट डे नै भएन माया
लास्ट डे नै आएन माया
एचएमएमएम माया
लास्ट डे मा सोचेथे तिम्रो झोलामा पत्र लुकाई दिउला
लास्ट डे मा सोचेथे तिम्रो झोलामा पत्र लुकाई दिउला
सोचेथे शुभकामना दिदै हातनी समाई दिउला
तिम्रो स्पर्स सम्हालेर राखी रहन्थे सकुन्जेल
बिदाइ पछिनी हेरी रहनेथे म तिमालाई देखुन्जेल
लास्ट डे नै आएन माया
लास्ट डे नै आएन माया
लास्ट डे नै भएन माया
लास्ट डे नै आएन माया
एचएमएमएम माया",107
126,Yabesh Thapa - Ae Mutu Ft. Zeroo,Genius Romanizations,romanized,"आए मुटु सुन्न मेरो कुरा
नखस्की राख टीआइ मिठा कुरा हरूमा
ना आत्ति धेरै ना फुर्किहाल
संसार टेरो होइन बुझेर पाइला चाल
आजमबारी माया बिस्तारै पाउलस्
आइले लाई चाई रोक्दे यो खोजी तलस
सम्हाल आफैलाई आबा बच्छ छैनस्
बारु छाती भित्रै गुम्शियेर बास
नसोध मलाई
यो थिक हो की हैन
खास मा मलाई पानी थाछैन
नसुना मलाई टेरा बेदना
एक चोटी लाई सुन्न येता
मा तालाई सम्झाउदा थाकिसके
खुसी छु वनेर प्रये जसो धतिरन्थे
मा पार्थे माख्छ, हासिरन्थे मातिरथे
तारा टा फास्थिस माया मा
तारा उसले छोड्थ्यो लास्ट मा साथी बन्दै
हो मा मान्छु यूएनआई रामरी छिन् अति
उसको त्यो मुस्काँ हेरी थाम्नै नसक्नी टा
फुर्सद को बेला उसकै नाम लेरा बस्थे
सुत्न डे ना मलाई, नबस रातभरि
मस्की आये",98
127,Malai Angali Deu,Sabin Rai,nepali,"मलाइ अंगाली देउ, तिम्रो न्यानो अंगालोमा
जहाँ धेरै सपना सजि जिउदो छ, अनि बेग्लै आनन्द पनि
जहाँ सबै उज्यालो अनि प्रस्ट छ, दुनियाले नमाने पनि
मलाइ डुबाइ देउ, तिम्रो गहिरो माया तालमा
जहाँ जिन्दगी भरि, रही रहन पाउ, एक-अर्काको खुशी बनि
जहाँ अफसोच नहोस, धोका नहोस, जति बाधा आएपनि
सोच्नै सक्दिन म, तिमी बिनाको जीवन
छुनै सक्दिन म, तिमी बिनाको गगन
तिमि नै हौ सहयात्री, तिमि नै हौ जिन्दगी
तिमी नै हौ सर्बोपरि
मलाइ अंगाली देउ, तिम्रो न्यानो अंगालोमा
जहाँ धेरै सपना सजि जिउदो छ, अनि बेग्लै आनन्द पनि
जहाँ सबै उज्यालो अनि प्रस्ट छ, दुनियाले नमाने पनि
ना ना ना, ना ना
ना ना ना
ना ना ना ना ना ना
ना ना ना ना ना
ना ना ना
ना ना ना ना ना ना",109
128,Sushant KC - Aama,Genius Romanizations,romanized,"नौ नौ महिना कोख मा राखी तिमले
भित्रयोउ मलाई यो संसार मा बोकी जाति
कठिन परिस्तिथि आयेपानी तिमले
हुना देनौ आमा केइ पानी तिम्रो
माया रा मामाता अपर, मा सम्झिनेछु जाहीले तिम्रो साथ
च्यामा पाउ आमा येदी मा बाट गल्ती भये
तिम्रो माया को अभर मा आजा सम्म बचिरहे
च्यामा पाउ आमा येदी मा बाट गल्ती भये
तिम्रो माया को अभर मा आजा सम्म बचिरहे
आफ्नो काँध मा सिरा राखी हल्लायौ सुताउन
रोयो फेरी भनी बिउझियौ अद्ध रात मा
हात समयी सिकायौ हिड्न दौडिन
आजा ठूलो भये तारा सक्दिन बिर्सना त्यो
माया रा मामाता अपर, मा सम्झिनेछु जाहीले तिम्रो साथ
च्यामा पाउ आमा येदी मा बाट गल्ती भये
तिम्रो माया को अभर मा आजा सम्म बचिरहे
च्यामा पाउ आमा येदी मा बाट गल्ती भये
तिम्रो माया को अभर मा आजा सम्म बचिरहे",115
129,K Maya Lagchha Ra,Nishan Bhattarai & Eleena Chauhan,nepali,"जुन उदाउने तारा लाग्ने सधै राति राति
एक्लै झ्यालमा बसि मैले कति हेर्नु माथि
जुन उदाउने तारा लाग्ने सधै राति राति
एक्लै झ्यालमा बसि मैले कति हेर्नु माथि
कालो कपाल घुंग्रियो, मनमा माया उम्रियो
कति बस्नु हेरेर, राख मायाले बेरेर
कति डुल्छौ वरिपरी भुन्भुनाउदै मौरी सरि
कति हेर्छौ घरि घरि ज्यान सुकला लौरी सरि
कति डुल्छौ वरिपरी भुन्भुनाउदै मौरी सरि
कति हेर्छौ घरि घरि ज्यान सुकला लौरी सरि
के माया लाग्छ र?
उखुम नै लाग्छा नि
मेरो याद आउछ र?
हुर हुरी औछा नि, हौ
तिमीलाई हेरे पुग्छ किन जानु अन्तो?
तिम्रो यती माया पाए जाग्छ तन्तु तन्तु
तिमीलाई हेरे पुग्छ किन जानु अन्तो?
तिम्रो यती माया पाए जाग्छ तन्तु तन्तु
नछोप त्यो मुहार बनाइँदिन्छु जुहार
मेटाई देउ तल तल, लाग्दैन पर [?] अल्मल",108
130,Phool,Sujan Chapagain,nepali,"फूलहरू मुस्काउंछन, तिमीले देख्छौ र?
पुतलीले गीत गाउँछन्, तिमीले सुन्छौ र?
फूलहरू मुस्काउंछन, तिमीले देख्छौ र?
पुतलीले गीत गाउँछन्, तिमीले सुन्छौ र?
फूलहरू मुस्काउंछन, तिमीले देख्छौ र?
पुतलीले गीत गाउँछन्, तिमीले सुन्छौ र?
जून हेर्नु तिमी, माथी माथी सगरको
जून हेर्नु तिमी, माथी माथी सगरको
म हेर्छु मेरो जून, तिम्रो नजरको
म हेर्छु मेरो जून, तिम्रो नजरको
चिना रेखा केही देखाउन्न, म भाग्य फेरौंला
तिमी बिहान सांझ मेरो, तिम्रै बाटो हेरौंला
तिमी बिहान सांझ मेरो, तिम्रै बाटो हेरौंला
फूलहरू मुस्काउंछन, तिमीले देख्छौ र?
पुतलीले गीत गाउँछन्, तिमीले सुन्छौ र?
लेकैमा कुहिरो पर्खिरहेछ
सिमसिम सिमसिम हिउंपानी बर्षिरहेछ
सिमसिम सिमसिम हिउंपानी बर्षिरहेछ
फूलहरू मुस्काउंछन, तिमीले देख्छौ र?
पुतलीले गीत गाउँछन्, तिमीले सुन्छौ र?
फूलहरू मुस्काउंछन, तिमीले देख्छौ र?
पुतलीले गीत गाउँछन्, तिमीले सुन्छौ र?",112
131,Aaja Matra,Sajjan Raj Vaidya,romanized,"हेरा, तिमीलाई के भन्नु मा
कसरी बुझाउनै, किना माया तिमलाई धेरै गर्चु?
ठहा चा, तिमी लाई धेरै भन्नु चा
कसरी बुझाउनै किना
अहिलय सम्म सपना मा मात्रै थियौ
कसरी बुझाउनै, किना तिमीलाई धेरै हेरी राख्छु
तिम्रो अवाज तिम्रो बोलाई, कल्पना मा थियौ
कसरी नहेर्नै तिम्रो आँखा को इशारा?
सकिँदैन बिर्सना त्यो मोस्काँ तिम्रो
हेरा तिमीलाई के॰एस भन्नु अबा?
ठहा नै चाइन, सबै कुरा काटा हराइसक्यो;
के ठहा रा सन्छै येस्तो हुन्चा भनी?
कसरी बुझाउनै तिमीलाई?
अहिलय सम्म तिमी मा मा हराइबसेँ
कसरी बुझाउनै, किना तिमलाई सन्धै खोजी राक्छु?
अबा बिउँझै संग डराउनु पर्दैन
तिम्रो अवाज सुन्नालाई निदाउनु पर्दैन
आँखा चोपी कल्पना मा हराउनु पर्दैन
तिम्रो न्याँओ अँगालो मा बस्न",98
132,Oh Maicha,Brijesh Shrestha,nepali,"मेरी आमा घैटा बोकी पधेरोमा गइ
मेरा बां हल बोकी खेतमा जोत्न गए
आँखी झ्यालमा बसि तिमी आँखा लाउनु है
आँखा मिले मन साटेर माया लाउनु है
ऐ, मईचा, छंगु मिखा गुली बांला?
ओ, दाईचा, छिगु ख्वा: तस्कं बांला
(ओ-हो) मईचा, छःगु मिखा गुली बाला?
ओ, दाईचा, छिगु ख्वा: तस्कं बांला
आँखा तिम्रो देखे पछि एकै छिनमा फसे
तिम्रो बाउ देखे पछि छिनको छिनमै तर्से
जगल्ता तानदै भित्र आमाले मलाई तानि
माया चिनो छोडेको छु कानको झुम्का झारी
ऐ, मईचा, छंगु मिखा गुली बांला?
ओ, दाईचा, छिगु ख्वा: तस्कं बांला
(ओ-हो) मईचा, छःगु मिखा गुली बाला?
ओ, दाईचा, छिगु ख्वा: तस्कं बांला
मः पुजाको टक्क पारी तिमीलाई भट्न आए
झ्याल चढि कोठा भत्र तिम्रो बहिनी पाए
मांले तिमीलाई देखे पछि गाली मैले खाए
कोठा भत्र रूदै जाँदा मेरै झुम्का पाए",119
133,Kaalo,Uniq Poet,romanized,"उ-एन-आई-क्यूएसडब्ल्यू
ओ-एम-जीएस, 2019
फेरी को जग्यो
उ-एन-आई-क्यूएसडब्ल्यू
हिडिरथे आफ्नै बाटो
तारा भन्न थाली, ""नेप होप नीड्स योउ
तेसैले फर्के तताउन जिउ
मेरो फ्लोव आगो, चाइन सेलाको
टेरो के॰एस भाको, मेरो बेला भो, चेला हो
क्लास सुरु हुना लाग्यो
सब जना गोलो पारी भेला हो
टा भेदा ब्रो मा नेता हो
सुन भसन यो केटा को
टेरो नाथे पावर कललाई देखाको?
एललाई थिक पार्टा मेरा केटा हो
आइएम जस्ट किद्दिन, आई डोन'टी रिजोर्ट टो वायोलेन्स
प्लस माइ मामा टाउगेट मे होव टो किल 'ईएम एएलएल विथ किन्डनेस
तारा माफ पाउ आमा तिम्रो चोरो अबा थिस भो
राव बार्ज ताका देखिनै मान मा मेरो ऋष थ्यो
तेइ ऋष थुप्रिदै गयेर बनेचा बिस्पो
अनि आजा अचानक यो बिट सुन्नासाथ गीत भनेर निस्क्यो
बिस्फोट, आतंका
तान्नै भो नभेटेको आफन्त
कलनका, कुलन्घर, खट्टामै भयेछ नि काँचो टा
तालाई बाल चाये मा जे सुकै गरुम
चाये बचुम चाये मरुम बारु एउटा साचो कुरा भनुम?",133
134,Kaamanaa,Yabesh Thapa,nepali,"अल्झाएर
नराख है त्यो मुटुलाई
जान देऊ
मलाई
यो फिक्का आकाशमा
उड्न दिनु है मलाई
बादल गर्जिए भने
नबोलाउनु है
यो तीतो भावना
कहाँ ओकालौ नी है
यो पच्छ्याई रहने यादबाट
कहाँ भागौं नी खै
माया खोजिरहे
यो पापी संसार बाट
कति रुवाउँछौ माया
अब चाहिँ नढाट
भनन मलाई
हामी दुई बीचको
सबै माया नै त थियो नी
हैन र ?
बुझाइदेउन मलाई
सम्हालन मलाई
विलाउँदैछु आज
अँगाली राख न मलाई",48
135,Yabesh Thapa - Jhari,Genius Romanizations,romanized,"समय सँगै
हिड्ने कोशिश
आफैलाई
चिन्ने कोशिश
भागिरचु
दारा लाग्छ
कतै यो मान फेरी
अल्झी लाद्छ
यो झरी ओर्ली, आकाशमा घाम आयेपछि
टीआइ किरण महसुस गर्न मान चा
यो इन्द्रेणी आई आकाश खुसी भये जस्तै
मलाई नि मुस्कुराउन मान चा
यो चराचुरुङ्गी बतासमा
खेलिहाइड सारी
मलाई नि उडिरहना मान चा
यो छिटिज माथि
यो संसार पारी
एकलाई बासी सास फेर्न मान चा
खोजी रहन्छु आफैलाई
यो भिडा भित्र अल्झिरहेको चा की मेरो मान
सोधी बस्छु आफैलाई
के॰एस येइ नै हो रा जीवना
बर्खा मा रुजिरहन्छु
फिक्क लगादै चा जिन्दगी का रंगहरू
कोरेका चित्रहरू
सँगै बगिगये भावनाहरू",71
136,Komal Tyo Timro,Sabin Rai,nepali,"कोमल त्यो तिम्रो बदन मा ढल्न मन लाग्यो
एकछिन लाई सारा भुलेर हराउन मलाइ इच्छा जाग्यो
केही गर्न भएपनी हिड्न मन लाग्यो
तिमी संगै गहिराइ मा डुबि हेर्न इच्छा जाग्यो
तिम्रो आगमन ले मेरो जीवन मा
बेग्लै असर छाड्यो हेर मेरो आँखा मा स्पष्ट देख्नेछौ
तिम्रो नाम
सुनिदिने दैब पनि बहिरो छैन होला
कसम छ मेरो तिमिलाइ
साथ कहिले छोड्ने छुइन
मलाइ हसाउ या रुवाउ फरक पर्ने छैन
चालिसके कैयौ कदम बाचुन्चेल लाई डग्ने छैन
तिम्रो मायामा डुबेको छु यति सारो कि
एकछिन नदेख्दा सारा बिरानो लाग्छ परिचित ठाउँ पनि
तिमी बिना
सुख होस या दुख तिम्रो साथमा हुनेछु
जहिले तिमिलाइ मेरो साथ चाहिन्छ
तिमिलाइ जस्तै अरुलाइ म माया गर्न सक्दिन
मेरो यहि हो अन्तिम शब्द
सुख होस या दुख तिम्रो साथमा हुनेछु
जहिले तिमिलाइ मेरो साथ चाहिन्छ
तिमिलाइ जस्तै अरुलाइ म माया गर्न सक्दिन
मेरो यहि हो अन्तिम शब्द",118
137,Sasto Mutu,Sajjan Raj Vaidya,nepali,"के खाले माया यो?
दिनदिनै कमाउनु पर्ने रे
मनले पुग्दैन शिरमाथि चढाउनु पर्ने रे
यसरी मरेर, माया लाउँदा के पाइयो र, खै?
लौ, तिमी नै राख यो कहीँ नभाको मन तिमीसँगै, ओ
किन गाउछन् कुन्नि माया बारेमा?
आफूलाई त पिरतीले कहिल्यै फापेन
बस्दिन है म चाहिँ तिमी पर्खेर
जान्छु जुन बाटो आएँ त्यहीँ बाटो फर्केर
वोह, ओह, ओह, ओह
वोह, ओह, ओह, ओह
के तालको मनपरी आफैँलाई महारानी रे?
कुन चाहिँले गफ लाइ दियो
आफूलाई खुबै ठानिछे
कि के हो खै? तिम्रो कुरै बुझेँ त के भन्नु
कहिले घुमाउरो कुरामा तिम्ले घुमायौ, म नि घुम्दे",84
138,Chatta Rumal Kya Malum,Sambhujeet Baskota & Sadhana Sargam,nepali,"चट्ट रुमाल क्या मालुम कोटैको खल्तीमा
ए...
चट्ट रुमाल क्या मालुम कोटैको खल्तीमा
{माफी हुन्छ क्या मालुम मायाको गल्तीमा} एक्स२
चट्ट कपाल क्या मालुम कैयोले कोरेर
चट्ट कपाल क्या मालुम कैयोले कोरेर
{लाईदेउ माया क्या मालुम दिलै चोरेर} एक्स२
उहिले त बाजेको पालामा
मोहोर गन्थे दालामा
अहिले त हाम्रो पालामा
मकै छैन दालामा
लाली चद्ध्यो क्या मालुम तिम्रो गलामा
ठीक देख्दिन क्या मालुम तिम्रो चालामा
पिरतीको जाडो कस्तो
मुटु काम्ने थर थर थर थर
तिमीले नै मुटु भित्र
बर्बरायौ बर बर बर बर
ए...
पिरतीको जाडो कस्तो
मुटु काम्ने थर थर थर थर
तिमीले नै मुटु भित्र
बर्बरायौ बर बर बर बर
{पाल्पाली ढाका टोपी धल्कौला सिरैमा}
{के के हुन्छ खै कुन्नि बैंसको बेलैमा}
उहिले त बाजेको पालामा
मोहोर गन्थे दालामा
अहिले त हाम्रो पालामा
मकै छैन दालामा
लाली चद्ध्यो क्या मालुम तिम्रो गलामा
ठीक देख्दिन क्या मालुम तिम्रो चालामा",118
139,Life Jacket,Chirag Khadka,nepali,"येअह, थिस आइएस पाँच:पच्पन्न
उठ्ने बित्तिकै केही छैन नयाँ, भोलिको दिन सोची आत्तेको म
बेवारिस भैसकेँ दिनदिनै, म यहाँ सोसाइटी ले गर्दा नै बाधिएको म
सपना ठुलो, गर्नुछ केही, घरमै बसि होला मात्तेको म
पैसा भन्दापनि खुशी खोजिराछु त्यहिभएर घरबाटै भाग्देको म
कोठाबाट चाडो मुजि निस्की, जिन्दगी धेरैनै छ रिस्की
ठूलो हुदैछौ हामी दिनदिनै, जति ठूलो भयो त्यति बढन थाल्यो किचकिच
आकाङ्क्षा र परिस्थिति बिच-बिच
सानै कदम बढाउन नि हुन थाल्यो निकै अप्ठ्यारो अनि हिचकिच
सबैकुरा ठिक छ, यसरी नै बित्छ भनेर सोचेको थिइस् कि?
लाइफ भनेको ठिस् हो, तल न माथी न बिचको
सब कुरा खोलेर, झर्केर बोलेर, काम बन्ने छैन यहाँ रिसको
कमि भो उज्यालो चिजको, आवश्यक भैसक्यो पीस, ब्रो
पागलै पागलको दुनियामा हेर यो माया र ममता नै विष भो
के हो बुझिन मैले, राम्रोसँग सुनिन मैले
२६ बर्ष पुगिसके बुद्धि मेरो आउने हो कैले?
धेरै चोटि थुकिसकेँ खुशी मागेर पाइदैन कैले
होला अलि फुस्कि सकेँ, जहाँ थे म पैला फेरि त्यही अहिले
नहिँडी गन्तव्य पुगिन्न रे
नउडि आकाशलाई छुईन्न रे
डुबिन्छ धेरै यो जिन्दगीमा
तर लाइफ ज्याकेट लाए त डुबिन्न रे?
नहिँडी गन्तव्य पुगिन्न रे
नउडि आकाशलाई छुईन्न रे
डुबिन्छ धेरै यो जिन्दगीमा
तर लाइफ ज्याकेट लाए त डुबिन्न रे",174
140,Gedai Jasto Jindagi,Neetesh Jung Kunwar,nepali,"धेरै जस्तो साथी अष्ट्रेलिया
कोही चाइना, कोही जापान, मलेसिया
दाइ भने मेरो आम्ष्टाडाममा अनि दाइको बुढी भने टोटनह्याममा
सार्है गाह्रो छ भन्छन् सबैजाना, हेर कोही नि फर्क्या होइन
माकस्सम, ढाट्या होइन, तर आफु भने अहिलेसम्म इन्डिया नि गाको छैन
हंम, गेडै जस्तो जिन्दगी
गेडै भयो जिन्दगी
जोडीहरु अपलोड गर्छन् फोटो एक अर्कालाई च्यापेको
आफू भने हात मात्रै जाबो छुदा मोरीले झण्डै न्याक्देको!
स्त्रिलिंगको कमी छैन तर भाग्य भने मेरो चम्क्या होइन
माकस्सम, ढाट्या होइन, मैले अहिलेसम्म राम्रोसँग मैइ पनि खाको छैन
गेडै जस्तो जिन्दगी
गेडै भयो जिन्दगी
गेडै जस्तो जिन्दगी
मेरो नि इच्छा छ एउटा, एकदिन ठूलो मान्छे बन्ने
जन्म दिने मेरो आमाबाउको त्यो सपना पूरा गर्ने
तर हुने कहिले?
आफू त अल्लारे जहिले
काम पाउँथे होला राम्रै ठाँउमा, त्यति पढ्या छैन मैले
यो सब त मान्छेको एउटा सोचको भ्रम मात्र हो मित्र
जे लेख्या छ त्यही हुन्छ, अब डर केहीको छैन मन भित्र
तर गफ, गफ, गफ, गफै त हो!
पसिना गनाए नि मन सफै त हो
छाडी जानू छ सबै एकदिन यो जिन्दगानी एउटा गफै त हो
गफ, गफ, गफ, गफै त हो, पसिना गनाए नि मन सफै त हो
छाडी जानू छ सबै एकदिन यो जिन्दगानी एउटा गफै त हो",171
141,Chinta,Tribal Rain,nepali,"थियो त्यो माया सधै सोच्थे मैले
कुनै दिन नशामा
तर त्यस्तै थियो मेरो संसार
कसैले पनि मलाई बुझ्न चाहेन
तर तिमीलाई म सोच्थेँ मेरो मनमा
कहिले व्यक्त गर्न सकिन
समय छ अझै पनि
तर कहाँ हुन्छ र त्यो आँट बोल्न
हुनु त केही थिएन भन्नको लागि
भन्नको लागि
थियो एउटा स्यानो डर यो मनमा तिमी प्रति
चाहाना मेरो यो थियो कि मेरो सारा
जीवन तिमी सँग बिताउन
तर कस्तो भाग्य मेरो छुट्यो साथ
सपनामा मा यहाँ जिउनु खोज्दा
विपनामा यहाँ मर्नु पर्दा
खै यस्तो रहेछ मेरो भाग्यमा
छ यो गीत यही नै हो साहारा
पाए त अंगल्ने थिए तिम्रो त्यो माया
एक्लै भए पनि छ तिम्रो चिन्ता
तिम्रो चिन्ता
थियो त्यो माया सधै सोच्थे मैले
कुनै दिन नशामा
तर त्यस्तै थियो मेरो संसार
कसैले पनि मलाई बुझ्न चाहेन
तर तिमीले दिएको हर कसम
म आफैमा खोजी रहे आज सम्म
तर तिमीले दिएको हर कसम
म आफैमा खोजी रहे आज सम्म",122
142,Kaha Hola Ghar,Karma Band,nepali,"कहाँ होला घरबार, कहाँ होला गाउँ?
कहाँ होला घरबार, कहाँ होला गाउँ?
चिठी लेखी पठाउला है, के हो तिम्रो नाउँ?
चिठी लेखी पठाउला है, के हो तिम्रो नाउँ?
कहाँ होला घरबार, कहाँ होला गाउँ?
च्यैट, च्यैट, च्यै
च्यैट, च्यैट, च्यै
हिमाल चुली पल्लो पट्टि छ्याङ्छ्याङ गर्ने खोला
हिमाल चुली पल्लो पट्टि छ्याङ्छ्याङ गर्ने खोला
लुकि चोरी लाउछु माया, बिन्ती नभन्नु होला
लुकि चोरी लाउछु माया, बिन्ती नभन्नु होला
हिमालचुली पल्लो पट्टि छ्याङ्छ्याङ गर्ने खोला
च्यैट, च्यैट, च्यै
च्यैट, च्यैट, च्यै
पानी पर्यो पानधारेमा, घाम लग्यो बरमा
पानी पर्यो पानधारेमा, घाम लग्यो बरमा
जता हेर्यो माया मात्रै, कहिले लगौ घरमा?
जता हेर्यो माया मात्रै, कहिले लगौ घरमा?
पानी पर्यो पानधारेमा, घाम लग्यो बरमा",101
143,Apurva Tamang - Timrai Tira,Genius Romanizations,romanized,"हावा चली रहेछ
मलाई तिम्रै तिरा उडाई लैजानय
न्यानो लाग्छ मलाई तिम्रो अँगालोमा
की साधै बाढी राख्नै?
चन्द्रमा झै उझ्यालो
तिम्रो मुहार हेरिरहु झै लाग्छ
तिम्रो मुस्कान हेरी
सबै दुःख भुलिदेउ झै लाग्छ
हावा चली रहेछ
मलाई तिम्रै तिरा उडाई लैजानय
मेरो लागी तिमी नै हो सबै
आजा हो याह भोली
ब्यक्त गर्न सके गरिदिनी थे
मेरो मान खोली
सपना नि चाहियेन
बिपना मा तिमी भये पुग्छ
बोल्नु खोज्दा अज्जै नि
पहिलो भेट जस्तो मुखा नै सुख्च",61
144,Mayako Katha,Yabesh Thapa,nepali,"सुनाउँछु तिमीलाई एउटा मायाको कथा
एउटा पात्र रहेछ, उ मायामा परेछ
एकछिनलाई उ म
भन्नाले अब उसको पर्सपेक्टिभ बाट भन्छु म स्टोरी
पहिलो दिनको भेटमा हाम्रा आँखाहरु बोले
लजालु मेरो स्वभाव, म मनमनै खुशी भए
एकान्तमै मुस्कुराए
दुई-तीन दिनको कुरा यसरी नै चलिरह्यो
हाम्रा आँखाहरु जुधे, तर बोली कसैको फुटेन
दुबैको आटै जुटेन
भाग्यको आशमा म बसिरेहेथे
केहि हुन्छ की भनी म कुरीरहेथे
समयको बाटो म हेरिरहेथे
अति भो भनि, साहस जुटाएर
उनको अगाडि गई, ठिङ्रीग उभिए
म बोले, तर बोल्दा १०० पल्ट अड्के जस्तो लाग्यो
उनी हाँसिन् मेरो मनको सबै डर भाग्यो
मेरो मुटु खुशी भई छाति भित्रै नाँच्यो
उनले हात अगाडी बडाइन्हा हामीले थामि रह्यौ
दिनहरू बित्दै गए, हामी नजिकियौ
दुई भव्य भिन्न आत्मा हामी एक भयौ
हामी दुईको परिभाषा हामीले माया राख्यौ
बर्षौं बितिगयो हाम्रो माया बढिरह्यो
घनघोर सम्बन्ध हाम्रोमा धेरैको आँखा लाग्यो
माया गार्हो भयो
संसार समाजले हाम्रो माया स्वीकारेने
बाधा विग्न आए हाम्रो हात नछुट्ने थियो
तर अन्तमा छुटि गयो
आवेगना दुवै आफ्नो बाटो लाग्यौ
म पछुताइरहें, तर भन्न डराए
म कुरीबसे, रुए, ध्वस्तै भए
७ वर्ष पछि बुद्धि खुल्यो
उसको खोजीमा लागे",147
145,"A. R. Rahman, Farah Siraj & Ani Choying Drolma - Zariya",Genius Romanizations,romanized,"!तु जरिया, हुन मैं जरिया
आउर उसकी किर्पा दरिया दरिया
हैं जो आँखिया निर्मल
दुनिया निर्मल
छलका छलका, छल छल छल छल
योउ आरे थे मिडियम, सो एएम आई
एएनडी हिस किन्डनेस आइएस वास्त लिके आ सीईए
आईएफ युर इयेस आरे सेरेने
थे वर्ल्ड इटसेल्फ विल सीम सेरेने
हो जुबाँ कोइ भी
बोल दिल से तु बोल
या मिस्री सी हो
या शहाद सी हो
ल्यान्गुएज माइट बे एनी
बुट वर्ड्स शाउल्ड कोम स्ट्रेइट फ्रोम थे हर्ट
ऐथर आइटी शाउल्ड बे लिके स्वीट सुगर
ओर, स्वीट एएस होनी
अन्ती एएल यूएमएम
अन्ती आइएल हयाँ
अन्ती अल्होब
एन्टीले अल्दुना, अन्ती ली अल्दुन्या",81
146,K Hunthyo Hola Hami Sangai Bhayeko Bhaye?,Bartika Eam Rai,nepali,"हामी हुनेछौँ सँगै अन्त्यमा, रोज्नेछौ तिमीले मलाई, रोज्नेछु मैले तिमी
यहाँ छैनन् अरू कोही, मात्र यही जुनकिरी चारैतिर मध्यरात हुन्छ सबैभन्दा खुशी
यही, यही नै हो अर्को जुनी, म तिम्रो, मेरो तिमी मायाका गीतसरि
यही, यही नै हो अन्त्य, थाहा छ हामीलाई, तैपनि खुशी छौँ हामी दुई
यही, यही नै हो अर्को जुनी, म तिम्रो, मेरो तिमी मायाका गीतसरि
के हुन्थ्यो होला हामी सँगै भएको भए?
यस्तै नै कुरा मैले कति सोची बसेँ
अफसोस गर्ने मान्छे म कहिले बनेछु?
यस्तै नै कुरा कति मैले सोची बसेछु, तर
तिमीलाई मन पर्ने गीत म सुन्दिन
हामीले सँगै हेरको मोवाइ म हेर्दिन
तिमीलाई मन पर्ने किताब मैले साटिसकेको छु
तिम्रो शहरमा म झुक्केर नि आउँदिन
सक्ने भए बनाइदिन्थेँ तिम्रो लागि एउटा शहर
हुँदैन थियौ कहिल्यै एक्लो तिमी
डम, डम, डम, डम
तिमीलाई माया गर्ने सबैजना समेटी
हुँदैन थियौ कहिल्यै एक्लो तिमी",123
147,Sajjan Raj Vaidya - Parkhaai,Genius Romanizations,romanized,"पर्खा ना, हेरा ना मलाई तिमी फर्केर
मा टा येतै बासी रहे चु नि हाई
कुरा टा गरेकै हो
एक अर्का लाई कसम ख्वाएर
यै बस्चु भनी जुनी वारी लाई
आउचाउ भनी बसेकै हो
तिम्रै लागी पर्खी माया मा
एयी, पर्खी माया मा
आउचाउ भनी बसेकै हो
तिम्रै लागी पर्खी माया मा
एयी, पर्केर—
अंगला, सम्हाला
हाम्रा सबै सम्झना
तिमी फर्की आउदा सम्झौला सँगै
हुना टा ह्युनी नै हो
हुने कुरा जे जस्तो जतै
येही बस्चु पर्खेरै मा तिमी लाई
अनौठो-अनौठो लाग्छ जिन्दगी यो
तिमी बिना, तिमी बिनाए
बिरानो-बिरानो लाग्छ
घम पाँइ यो तिमी बिना
तिमी बिना, ओह",79
148,Antim Chahana Pt.II,VTEN,romanized,"मलाई काम लागेनौ बेकाम वो थिक वो
माया प्रिति वन्ने कुरा बेकार को चेज हो
लागेको छ मलाई यहाँ आत्तिइ नै दशा
माया गर्ने मुटु फुट्यो कट्टी नमजाआ
मलाई के॰एस ताहा चोखो माया बाट चुट पाइने
त्यो केटी लाई बिर्सिदे वाँचा मेरो साथी वाई ले
खास मा वन्नु पर्दा मलाई तिमी मात्र चाहिने
तिम्रो धेरै याद आउदा माइले लोकल रक्षी खाइदे
कसरी बिताउ यो मेरो अधुरो जीवन
रुदै चु भक्कानो चडी माया को वायो निधन
मेरो चोको माया मा आजा सैतान ले ब्यास गर्यो
तिमी संग बच्ने इत्च्या, चाहना रा आश मार्यो
साँचो चाइन मलाई, मुटु को घाउ काट-कट्टी
निन्द्रै लाग्दैन मलाई र्याट वारी चट-पट्टी
मान्छे चिन्नु वन्दा पाइला हुन्चु सतारका
तिम्रो चाटी वित्र मुटु होइन पत्थर चा
साधै वन्ने गर्थेउ, ना चोडा हाई मलाई
तारा आजा त्यो केटीआई खोइ काटा हराई
ब्येक्ता गर्दै चु मेरो केबल एक भावना
तिमी नै मेरो पहिलो रा एन्टिम चाहना
साधै वन्ने गर्थेउ, ना चोडा हाई मलाई
तारा आजा त्यो केटीआई खोइ काटा हराई
ब्येक्ता गर्दै चु मेरो केबल एक भावना
तिमी नै मेरो पहिलो रा एन्टिम चाहना",153
149,Kati Baschau Maiti Kai,Diwas Gurung,romanized,"हे... कति बस्चौ मैती कै कौसी मा, मैती कै कौसी मा
लाग्छ आखा पाकेको लौसी मा
माइले के गरु, तिमी औचौ की अर्कै बे गरु, तिमी औचौ की अर्कै बे गरु
हो... तिम्रो पानी सिउदो बाझै चा, सिउदो बाझै चा
घर मा बाउ लाई बुहारी खचाई चा
माइले के गरु, तिमी औचौ की अरको बे गरु, तिमी औचौ की अर्कै बे गरु
सेतो घोडा क्या मिल्यो जोडा, क्या मिल्यो जोडा
स्वाउदो जोडी उम्केला, नाचोडा
माइले के गरु, तिमी औचौ की अर्कै बे गरु, तिमी औचौ की अर्कै बे गरु
उमेर मा घरा बार नजोडे, घरा बार नजोडे
भाग्य खुट्टा मै झिल्के लाई चोडे
माइले के गरु, तिमी औचौ की अर्कै बे गरु, तिमी औचौ की अर्कै बे गरु
तिम्रो घर मा आउन टा मान लाग्छ, आउन टा मान लाग्छ
आउथे तारा कुकुर को दार लाग्छ
माइले के गरु, तिमी औचौ की अर्कै बे गरु, तिमी औचौ की अर्कै बे गरु
कालो चोलो कुम कुम मा तालेको, कुम कुम मा तालेको
टोक्ने कुकुर के काम ले पालेको
माइले के गरु, तिमी औचौ की अर्कै बे गरु, तिमी औचौ की अर्कै बे गरु",164
150,Timilai,James Shrestha,romanized,"एउटा कुरा साचो हो
अरको कुरा साचो हो
समय संग हामी पानी
कति चडाई पाली गयौ
समय ले हामीलाई
काहा बाट काहा पुर्यायो
माया गर्चु मा तिमीलाई नै
साथ दिन्छु मा तिमीलाई नै
साधै त्यो हात तिम्रो थामी
साधै हुन्चु मा तिमी सँगै
साधै भरि को लागी
एउटा कुरा साचो हो
अरको कुरा साचो हो
आखा मा तस्बीर चापी सके
बचुन्जेल सम्म
तिम्रो मान मा ल्याइदिन्छु रङ्ग
तिम्रो ओठा मा खुसी को उमङ्ग
हुने चा यो सम्भव जाबा
दुबै जना सम्बन्ध मा पागल प्रेमी",66
151,Aama,Yama Buddha,nepali,"कसरी व्यक्त गरौ? म यी मेरा भावना
सधैं खुसी राख्न सँकु तिमीलाई मेरी आमा
जुनीजुनी रहोस मेरो साथमा तिम्रो छाँया
तिम्रो आशीर्वाद अनि तिम्रो अजम्बरी माया
दैबले सधैं खुशी थमाइदिउन् तिम्रो हातमा
सुस्ताउन पाऊँ सधैभरी तिम्रो काखमा
झरनाको पानी भन्दा निश्चल तिम्रो ममता
हिमाल झै बिशाल तिम्रो संघर्ष क्षमता
अतितका सबै अप्ठ्यारा क्षण एक्लै रुदै सह्यौ तिमीले
तर पुछि दिन्थ्यौ मेरा सबै आशु पछ्यौरिले
स-साना आवश्यकता पूरा गर्न पछि हटेनौ
हाम्रो भविस्यलाई लड्यौ आफ्नै खयाल गरेनौ
महसुस हुदैछ मेरा सबै भुलहरु, आज
पश्चात्ताप गर्दैछु म बिहान-साझ
कति जानी नजानी मैले पिडा दिए होला
माफ गरिदेउ आमा म तिम्रो बदमास छोरा!
तिम्रो मुहारमा सधैं हाँसो होस
तिम्रो सदैबको आयु होस
तिमी भन्दा ठूलो इश्वर हुँदैन भो
तिमी देवी तिमी नै मेरो दैब हो
सुर्यको ताप छेकी दिन्छ आमा तिम्रो छायाले
सर्वश्रेष्ठ रहने छौ आमा तिमी जहिले
दु: ख पीडा सहेर नि मुसकुराउछौ मायाले
मातृप्रेम भन्दा ठूलो अरु हुने छैन केही
म सक्दिन आमा तिमीलार्इ कोहि सङ्ग नि दाज्न
पवित्र यो बन्धनलाई कसले सक्छ र नाघ्न
त्यो कस्तो मानिस जसले सक्छ आफ्नो आमा त्याग्न
अरुको कुरा सुनेर जो खोज्द छ भाग्न
गर्न गाह्रो छ वर्णन तिम्रो सहनसिलता
रोकिएला खोला रोक्ने छैन तिम्रो ममता
केही नबोले नि तिमी बुझछौ मेरो मौनता
मेरि आमा तिमी नै हौ मेरो देविदेवता
जब म रुन्थे पिडाले आधी रातमा
स्वर्गको अनुभूति पाउथे तिम्रो काखमा
भाग्यमानी भएछु म तिमीलाई पाई साथमा
तिमीले सिकायौ आमा कलम कापी च्याप्न",196
152,Mero Prem,AXIX,nepali,"पाइला सार्दा सार्दै जीवन थाकिसक्यो
विश्वासको हातले तिमीले आँगाल्यौ
हारी सकेको यो मेरो मुटु
दुई शरीर एक आत्मा तिमीले बनायौ
तिमीले...
हो तिमीले... (तिमीले)
यदि माया नशा हो भने
मलाई यही भ्रममा छोडि देऊ
सारा संसारले आँखा फेरोस्
मलाई तिम्रो नयनमा बस्न देऊ
यो गीत... तिम्रै लागि हो
मेरो प्रेम...को कोसेली हो
यो धुन... तिम्रै लागि हो
मेरो प्रेम...को उपहार हो
मेरो प्रेम
रा री रा री रा रा रा रा
रा री रा री रा रा रा रा
रा री रा री रा रा जीवन रहे सम्म
रा री रा री रा रा रा रा
रा री रा री रा रा रा रा
रा री रा री रा रा जीवन रहे सम्म",97
153,Aparachit Bhaawanaa,Oasis Thapa,nepali,"आकाशै मा एउटा तारा टुट्यो
मनको कामना माग्दिउ कि
तर डर लाग्छ पुराना यादहरु
झहरी झै दोहोरिने पो हो कि
अपरिचित तिम्रो मेरो भावनाहरु एक आपसमा
बुझिदेउ न मायाका कुरा आँखा ले म बेक्त गर्दै छु
तिमीलाई मैले
मायालु
तिमीलाई
लुकेका भावना बुझिदेउ
हा हा
तिमी र मेरो
हा हा
अपरिचित भावना
हा हा
परेली मा अल्झिएका
हा हा
अपरिचित भावना
मेरो हातको रेखाहरु ले
तिम्रो कथा कोरि बसि रहन्छ
अपरिपक्व मेरो मुटुको
चित्त बुझाउ कसरी तिमी नै भन
हजारौं संका लाग्छ किन
मायाहरु का कविता माथी
तैनी बुझिदेउ न माया का कुरा
आँखा ले बेक्त गर्दै छु",73
154,Bhanchhan Kohi Jindagi,Kunti Moktan,nepali,"भन्छन् कोही जिन्दगी यो कर्कलाको पानी जस्तै हो
कोही भन्छन् जिन्दगी यो डुबी जाने घाम जस्तै हो
म त भन्छु सृष्टि कै अमूल्य उपहार
मानिसको जुनी झैँ के छ र बराबर?
बाँचुन्जेल गरौँ रमाइलो, नाँच्दै गाउँदै गरौँ रमाइलो
आएका थ्यौँ खाली हात, जान्छौँ नै खाली
बाँचुन्जेल आऊ न नाँचौ, रिस-राग फाली
हो, आएका थ्यौँ खाली हात, जान्छौँ नै खाली
बाँचुन्जेल आउन नाँचौ, रिस-राग फाली
दुई वचन मिठो बोलिदेऊ (हुर्रर्रर्र)
मिठो वचन बोल्दैमा के नै हाम्रो जान्छ र?
मै हुँ भन्ने मान्छेले पनि खै के लान्छ र?
बाँचुन्जेल गरौँ रमाइलो, नाच्दै गाउँदै गरौँ रमाइलो (हुर्रर्रर्र)
दिउँसो सुक्ने शीत पनि बिहान हाँसी रन्छ
ओईली झर्ने फूल पनि हाँस्दै बाँची दिन्छ
हो, दिउँसो सुक्ने शीत पनि बिहान हाँसी रन्छ
ओईलि झर्ने फूल पनि, हाँस्दै बाँची दिन्छ
जति पाउछौँ जिउन जिन्दगी (हुर्रर्रर्र)
पाएको यो जिन्दगी, नबिताउ है रोएर
मनको मैलो पखालौँ, मायाले धोएर
बाँचुन्जेल गरौँ रमाइलो, नाँच्दै गाउँदै गरौँ रमाइलो",134
155,Jiunu Nai Hola,Tribal Rain,nepali,"जिउनु नै होला यसरी नै
यो गीत गाउदै अरुलाई सुनाउदै
संसारले देखेन तिम्रो खुशी
ऊ संगै थियो भनेर
आँफैलाई बाहना बनाएर
भन्थे अरुको पर्वा थिएन
सबैलाई भएको थियो मलाई पनि
एक समयमा त्यस्तै माया
कहाँ लाने होला
यो समयले मलाई
पर्खिन्दैछु सबैको भिडमा
आफ्नु भन्नु तर कसलाई
आफ्नु भन्नु तर कसलाई
ओओ येअह! ओओ!
जिउनु नै होला यसरी नै
यो गीत गाउदै अरुलाई सुनाउदै
संसारले देखेन तिम्रो खुशी
ऊ संगै थियो भनेर
आँफैलाई बाहना बनाएर
भन्थे अरुको पर्वा थिएन
सबैलाई भएको थियो मलाई पनि
एक समयमा त्यस्तै माया",68
156,Mellow,Sajjan Raj Vaidya,nepali,"हिजोआज तिम्रोमेरो कुराकानी हुँदै
भोलीपर्सी मायाप्रिती बस्ने हो की कतै?
अहिलेलाई त राखीरहेछु सम्हालेर मुटु
तर भोली कतै तिमीले चोरी लाने होकी?
भन मात्रै, तिमीलाई के चाहिन्छ दिन्छु म सबै
तर छियाछिया मुटु मेरो नगरीदिनु है
तिमीलाई नै कुर्दाकुर्दै बित्ला है यो जिन्दगी
त्यसैले आउन माया एता...
कहिले कहीँ मध्य रातमा
तिम्रो यादले मलाई
उठाइदिन्छ फेरी सुत्नै नसकिने गरी
माया केहो थाहा थियो जस्तो लाग्थ्यो पहिले
यसरी मनले उसैलाई खोजे थिएन कहिलै
भन मात्रै, तिमीलाई के चाहिन्छ दिन्छु म सबै
तर छियाछिया मुटु मेरो नगरीदिनु है
तिमीलाई नै कुर्दाकुर्दै बित्ला है यो जिन्दगी
त्यसैले आउन माया एता...
मुटुले थाम्नै नसक्ने त्यस्तो माया, ए कान्छी, नगरन है
मुटुले थाम्नै नसक्ने त्यस्तो माया, ए कान्छी, नगरन है",101
157,Hawaijahaj,Sajjan Raj Vaidya,nepali,"सायिङ लोव क्यान कनेक्ट पियोपले, हवाईजहाज आइएस फिल्ल्ड विथ इमोशन्स फोर थे बेलोवेद अफ्टर बेइङ डिस्टेन्ट. हवाईजहाज राउग्ली मिन्स एयरप्लेन्स. आइएन थे म्युजिक विदेओ फोर हवाईजहाज, प्रिमियर्ड ओन आउग 1, 2016... रिड मोर
हवाइजहाज म लाखौं चढी आउँला
बाटै नभए समुन्द्र तरी आउँला
थाहा छैन कसरी, जसरी, त्यसरी म आउँछु
मेरै मन तिमीलाई अंगाली नै बुझाउँछु
धेरै गरे प्रयास तिमीलाई भन्न
मेरा भावना शब्दहरुलाई सिंगारेर
शब्दहरुलाई सजाएर
तर, बुझाउने तिमीलाई मैले शब्दहरुमा समेटेर
कसरी पाए खुशी, तिमीलाई मैले भेटेर
सकिदैन, सम्भव छैन, तिमीलाई न अङ्गालेसम्म मैले
म आउँनेछु त्येसैले हवाइजहाजमा
बिहान बेलुका त्यहि एउटा सपना बोकी
तिमीलाई अंगालोमा राखौ म एक चोटी
आज, भोलि भन्दै, गन्दै दिनहरुलाई
तिमीलाई देख्ने, तिमीलाई अघि बढाई ल्याउछु
धेरै भैसक्यो तिमीलाई नदेखेको
मेरो मुटुले आफ्नो धड्कनलाई नभेटेको
तर अब सामु नपरी, भन न माया कसरी
बुझाउने तिमीलाई मैले शब्दहरुमा समेटेर
कसरी पाए खुशी, तिमीलाई मैले भेटेर
सकिदैन, सम्भव छैन, तिमीलाई न अङ्गालेसम्म मैले
म आउँनेछु त्येसैले हवाइजहाजमा",129
158,No Peace in Love,SACAR aka Lil Buddha,romanized,"इक्सटेसी आइएन थे प्यालेस
इक्सटेसी आइएन थे प्यालेस
इक्सटेसी आइएन थे प्यालेस
इक्सटेसी, हाहा
स्टारबोई
गर्ल, योउ ट्राइना लिए टो मे
गर्ल, योउ ट्राइना लिए टो मे
ह्वेन योउ से योउ'एलएल दिए फोर मे
गर्ल, आई केएनओडब्ल्यू योउ'रे ट्राइना लिए टो मे
थे फेक्स टियर्स थाट योउ सीआरआई फोर मे
आई केएनओडब्ल्यू योउ'रे ट्राइना लिए टो मे
आइटी एआइएन'टी इवेन हार्ड टो सी
गर्ल, आई केएनओडब्ल्यू योउ'रे ट्राइना लिए टो मे
युरे ल्यिन, आई'एम नोट लिके थे ओथर गुयस
आई केएनओडब्ल्यू टु मुच, आई क्यान सी आइटी आइएन युर इयेस
स्टप ट्राइना पुत ओन डिसगाइज
सिक एएनडी टायर्ड ओएफ युर फक्ड यूपी सुरप्रिसеस
बेसाइड्स, आई केएनओडब्ल्यू थाट माइ क्रिउ आइएस टीएचе फ्लाइस्ट
कपल यियर्स आइएन थिस एएनडी वे गोन्न बे एएस हाइ एएस पाइलट्स आइएन जीएस4 फ्लाइट्स आइएन थे स्काई
सो योउ बेटर केएनओडब्ल्यू होव प्रिसियस माइ टाइम आइएस
बेबी, माइ टाइम आइएस मोनी
सो योउ ट्रिप्पिनिफ योउ थिन्किन योउ गेट एनिथिङ फ्रोम मे
योउ से योउ वन्न राइड विथ मे
योउ स्टिल वन्न गेट डाउन विथ मे
बुट आई एआइएन'टी नो डम्मी
आई'एम नोट लुकिङ फोर आ गर्ल टो लोव मे
आई'एम नोट लुकिङ एटी एएलएल
शेस नोट लोविन सो शे मस्ट बे प्लटिन' माइ फल",179
159,Timi Muskurayeko,Sainesh,nepali,"हिजो को रात सरि आज पनि
निद हराएपछि
बादल पारि त्यो जुनलाई हेरी
मन लाई बुझाउदै गरि
बतासै चल्यो फेरी खै कसो गरि
मनै उडाए सरि
सम्झना तिम्रो कति यो मुटु भरि
फर्केर आउछ फेरी
रात बित्यो हेर तिमीलाई सम्झेर
दिन ढल्यो हेर तिमीलाई पर्खेर
सोचेर पलहरु संगै बिताएको
झल्झली सम्झन्छु तिमि मुस्कुराएको
हिड्न खोज्छु म ति याद लाइ छोडी
फर्की नआउने गरि
बिर्सन खोज्छु जति म तिमीलाई
सम्झिनै रन्छु त्यति
फर्केर हेर्छु फेरी म घरि घरि
तिमि पो छौ कि पछी या वरिपरि
सम्झना तिम्रो कति यो मुटु भरि
फर्केर आउछ फेरी
रात बित्यो हेर तिमीलाई सम्झेर
दिन ढल्यो हेर तिमीलाई पर्खेर
सोचेर पलहरु संगै बिताएको
झल्झली सम्झन्छु तिमि मुस्कुराएको",88
160,Kina Kina Timro Tasbir,Ghulam Ali,nepali,"किन किन तिम्रो तस्वीर मलाई निको लाग्छ
किन किन तिम्रो तस्वीर मलाई निको लाग्छ
नबोलेर जति हेर्छौ , उति हिस्सी लाग्छ
अध्यारोमा रात बीच तर बिचै घुम्छ
जुनेलीमा जुन सितै ओर्ली मुख चुम्छ
किन किन तिम्रो तस्वीर मलाई निको लाग्छ
एक लाश ठाउँमा त्यो साथी मेरै बन्छ
आधा रातमा बिउझे पनि सिरानामै हुन्छ
एक लाश ठाउँमा त्यो साथी मेरै बन्छ
आधा रातमा बिउझे पनि सिरानामै हुन्छ
प्रभातको, प्रभातको
मिर्मिरे उषा जब हुन्छ
मेरो मनको झझल्कोमा पहिले आई पुग्छ
किन किन तिम्रो तस्वीर मलाई निको लाग्छ
बिछोडको वेदनामा जति छाती पोल्छ
मिलनको कल्पनामा तेही आशा बन्छ
बिछोडको वेदनामा जति छाती पोल्छ
मिलनको कल्पनामा तेही आशा बन्छ
कोपिलामा, कोपिलामा
आँसु जस्तै मुटु भित्रै पुग्छ
जति टाढा पुग्छु सधै नजिक तेही हुन्छ",98
161,Ae Mutu,Yabesh Thapa,nepali,"ए मुटु, सुन्न मेरो कुरा
नखस्किराख् तँ मीठा कुराहरूमा
नआत्ती धेरै, नफुर्कीहाल्
संसार तेरो होइन, बुझेर पाइला चाल
अझम्बरी माया, बिस्तारै पाउँलास्
अहिलेलाई चाहिँ रोक्दे यो खोजितलास
सम्हाल आफैलाई अब बच्चा छैनस्
बरु छाती भित्रै गुम्सिएर बस्
नसोध् मलाई यो ठीक हो कि हैन (ठीक हो कि हैन)
खासमा मलाई पनि थाहा छैन (थाहा छैन)
नसुना मलाई तेरा वेदना (वेदना)
एक चोटीलाई सुन्न यता
म तँलाई सम्झाउदै थाकिसके
खुशी छु भनेर प्राय जस्तो ढाँटी रहन्थे
म पर्थे मख्ख हाँसी रहन्थे, मात्ति रहन्थे
तर तँ फस्थिस मायामा
उसले छोड थियो लास्ट मा तलाई साथि भन्दै
हो, म मान्छु उनि राम्री छिन अति
उसको त्यो मुस्कान हेरी थाम्नै नसक्ने
तँ फुस्रद को बेला उसकै नाम लिएर बस्ने
सुत्न दिएन मलाई नबस्न रातभरी मस्की, एयी",105
162,Bachau,Albatross,nepali,"अल्बाट्रोस एड्रेस थे मेन्टल हेल्थ प्रोब्लेम्स प्रिभेलिङ आइएन थे सोसाइटी युजिङ थेइर रक मेलोडी आइएन बचाउ, थे सेकेन्ड सिङले फ्रोम थेइर सोफोमोर अल्बम, रात को रानी. बचाउ राउग्ली मिन्स सावे मे ह्वेन... रिड मोर
के यही हो अस्तित्व मेरो? जीउनु बाँकी नै थीयो
कजाउन नसकेपछि ईच्छा नी मर्दै गयो
कहिल्यै नभेटिने डरले आत्ती-चिच्च्याई बसे
अनि संसारलाई त्याग्ने बिचारमा बाैलाही मात्ती हिंडे
के यही नै हो भाग्य मेरो? विश्वासै गर्न नि गार्हो
नचाही अपनाए पनि, तिमीलाई गुमाए पनि
कहिल्यै नपाउने आशामा अरूमै तिमी खोजी बसे
कहिल्यै नपाउने आशामै तिमी ठानी अरू नै रोजें
बचाऊ मलाई, म आफै संग बोली रहेछु
बचाऊ, बचाऊ मलाई, म आफ्नै रचनामा भुली रहेछु
बचाऊ, बचाऊ मलाई, म आफ्नै कल्पनामा डुबी रहेछु
बचाऊ, बचाऊ मलाई, बचाऊ मलाई
बचाऊ मलाई, म आफै संग बोली रहेछु
बचाऊ, बचाऊ मलाई, म आफ्नै रचनामा भुली रहेछु
बचाऊ, बचाऊ मलाई, म आफ्नै कल्पनामा डुबी रहेछु
बचाऊ, बचाऊ मलाई, बचाऊ मलाई",133
163,Straight Outta,Uniq Poet & Bluesss,romanized,"प्रणम नमस्ते, हेरा आयो जोशी बाही
दावे को साथ, चेताउन सबै तोरीलाई
इमिनेम को चेला जाबा पर्चास फेला
ताबा कलले बचाई डेला, जा लेयेर टेरो टोली लाई
बुट आई हिप टो थे होप लिके आ ब्ल्याक मान डो
थिर्ड वर्ल्ड किड विथ एएन इन्टरनेट एक्सेस
एएनडी आ फन्की एएसएस सोङ योउ क्यान टीएपी डान्स टो
वे लिभिङ आइटी हार्ड इभरिडे
फक आ गभर्नमेन्ट जोब
काउस आइटी डोन'टी रियली पे
हे! आई'डी राथर स्टे ब्रोक फोर रियल
वे इवेन गोट आ हिन्दु गोड ह्वो स्मोक्स एएनडी चिल्स
आई'एम थे मान ह्वेन आई डो थिस
इभरीबडी क्लुलेस ह्वेन आई'एम ड्रपिङ आ राइम
नीड आ ब्रोड फ्रोम एब्रोड ह्वो'स आ फान ओएफ माइ म्युजिक
एएनडी शे बेटर ड्रप आइटी लवर थान थे पोभर्टी लाइन
ह्वो क्यान डो आइटी बेटर थान थाट?
आई'एम ह्वाट योउ माके ह्वेन योउ गो एएनडी पेन्ट इमिनेम ब्ल्याक
उः, गिम्मे थे मिक, एएनडी आई'एम रेडी टो राप
पुत माइ नेसन ओन थे म्याप विथ आ पेन एएनडी आ पाद, गो
डोएस्न्ट रियली म्याटर ह्वेरे युरे फ्रोम
काउस थे फन्की ड्रम्स आरे गोन्न टर्न योउ ओन
लेम्मे टेल योउ बाउट थे थिङ आइएम ओन
हिप-होप डोन्ट स्टप्टिल थे ब्रेक ओएफ डब्ल्यूएन
सो डो ह्वाट योउ वान्ट, फोर्गेट एबाउट थे रुलेस
डोन्ट वरीबाउट नादा काउस थेरेस नथिङ टो लोसे
डोएस्न्ट रियली म्याटर ह्वेरे युरे फ्रोम
काउस थे फन्की ड्रम्स आरे गोन्न टर्न योउ ओन",205
164,Sakdina,Mahesh Dong,nepali,"एसएनजेवी ओन थे बिट
येअह
हाम्रो साथ तोड्न सक्दिनँ
तिम्रो हात छोड्न सक्दिनँ
सँगै बस्न मन छ सधैँ भरि
छुट्टिने बात गर्न सक्दिनँ
हाम्रो साथ तोड्न सक्दिनँ
तिम्रो हात छोड्न सक्दिनँ
सँगै बस्न मन छ सधैँ भरि
छुट्टिने बात गर्न सक्दिनँ
हेर रात अझ बाँकी छ
पर्दैन तिमी आत्तिन
जूनतारा सबै साक्षी छ
आउ अंगालोमा बाँधिन
धेरै होला तिम्रो बाध्यता
सुन कसको चाँहि हुन्न र
अरूको कुरा नसुन तिमी
केवल भावनालाई बुझ न
येअह
सँगै बसी प्लान बनाउँला
के गर्न मन छ फ्युचर मा
तिमी रिसाउ, म फकाउँला
एक ज्यान हामी दुई आत्मा
सँगै बसी प्लान बनाउँला
के गर्न मन छ फ्युचर मा
तिमी रिसाउ, म फकाउँला
एक ज्यान हामी दुई आत्मा",86
165,Kanchi Hey Kanchi,Brijesh Shrestha,nepali,"हो-हो, हो-हो, हो-हो, हो-हो
कान्छी, हे कान्छी
हे कान्छी, केही त बोल न
हे, मनको कुरा खोल न
म मादल घङ्-घङ् घङ्काउला
तिमी जुरेली जस्तै नाच न
कान्छा, हो, कान्छा
यो मन मेरो कहाँ मान्छ नी
हे, हुरुरु उडेर जान्छ नी
जहाँ आफ्नो हितको माया छ
त्यही तानी-तानी लान्छ नी
कान्छी, व्हाइ योउ वन्न बे लिके थिस?
कान्छी, व्हाइ योउ माके मे फील लिके थिस?
कान्छी, आई जस्ट वन्न आइटी अलराइट
योउ'एलएल नेवर-इभर इमागिने ओएफ
कान्छी, व्हाइ योउ वन्न बे लिके थिस?
कान्छी, व्हाइ योउ माके मे फील लिके थिस?
कान्छी, आई जस्ट वन्न आइटी अलराइट
योउ'एलएल नेवर-इभर इमागिने ओएफ
निधाउरो किन आजको दिन?
बिरह गाउँनु हुदैन
पर्देशीसित बिर्सेर पनि पिरती लाउनु हुदैन
हे, पिरती लाउनु हुदैन
सुरिलो रुखको खिरीलो हाँन्गा टुप्पैमा पात छैन
भोकैलाई भोजन, निद्रालाई ओछ्यान
पिरतीलाई जात छैन
हे, पिरतीलाई जात छैन
भरेर माया लाइन्न, जोखेर माया पाइन्न
भरेर माया लाइन्न, जोखेर माया पाइन्न
आँखाले हेर्यो, मनले बेर्यो, मायाको फेरो, कान्छी",140
166,Sano,Apurva Tamang,nepali,"आउ छेउ एता बात गरौं न
मिठो कुरा गरी याद बनाउ न
जाडो भए अंगाली रखौंला
हाँसी खुशी आफ्नो दुःख बाटौंला
त्यो चिसो हात मेरो हातमा
थमाइदेउ समय मेरो साथमा
हिँडौं हामी मायाको बाटोमा
सानु, नछोड मलाई
देखाउ सबैलाई
खुशी र हाँसो
यो मायाको बाटोमा, बाटोमा
हसिलो मुहारको कारण म जहिले बनु
तिम्रो त्यो चिसो मुटुलाई न्यानो म बनाउँ
हामी दुइ को कथा सधै लेख्न पाउँ
मिठो धुन बुनेर सधै तिमीलाई सुनाउ
हजारौ को भीड मा तिमी नै देखे
तिम्रो हाँसो हेरी आफै रमाए
प्रतिक्षा मा धेरै नराख प्रिय
आउन माया, मेरी माया",75
167,Prayas,Samriddhi Rai,nepali,"साँझ को बेलामा, भयो तिम्रो मेरो भेट
अन्धेरीमा मुस्कान उज्यालो
नयाँ मित्रताको हात अघी, बडाई हिंडे थिंयौ
खुशीका पल, त्यो पलमै बिलिन भयो
प्रयास गर्दै नगरेको होइन
प्रेममा नी फस्दै नफसेको होइन
माया साचो हुँदानी टुट्दो रहेछ
दुई बाटो लग्योउं मन यो मारेर
माया त्यो प्रघाड हाम्रो गहिरो हाम्रो प्रीत
जीवन संगै बाच्ने चाहना ठुलो
अंगालोमा बाधि छदा संसार आफ्नै थाने थियौ
ति सम्झना आंसुमै बद्लीगयो
प्रयास गर्दै नगरेको होइन
प्रेममा नी फस्दै नफसेको होइन
माया साचो हुँदानी टुट्दो रहेछ
दुई बाटो लग्योउं मन यो मारेर
त्यसो त ईतिहास कै कथा सुने
सांचो प्रेमको हार
शायद हाम्रो माया त्यस्तै पो हो कि ?
छिन् छिन् मै निराशा अनी आंसु, दुवैलाई अत्याचार
शायद असल मित्र हुनु लेखे थियो कि ?",98
168,Hamro Nepalma,Neetesh Jung Kunwar,nepali,"नीतेश पोर्ट्रेज थे फीलिङ्स ओएफ नेपाली ह्वो आरे एब्रोड एएनडी रिमेम्बर्स एएलएल हिस फ्रेन्ड्स एएनडी फ्यामिली. हाम्रो नेपालमा राउग्ली ट्रान्सलेट्स टो आइएन ओउर नेपाल. थे सोङ डिपिक्ट्स होम-सिकनेस एक्सपिरियन्स्ड बाइ थे पियोपले... रिड मोर
घरआगन अनि साथीभाई
दर्शन नमस्ते है सबैलाई
सुखदुःख भन्नु यस्तै रैछ
को आफ्नो विदेशमा? को पराई?
ठूला शहर यहाँ, बेग्लै सोचाई
आइपुगें म पनि, केहि गर्नलाई
सबैलाई सम्झना, मनबाट नै
आशा छ माया यो, नमरोस है
मेरो तन, अहिले यहाँ भएनी
मन भने सान्नानी उतै छ, हाम्रो नेपालमा
हाम्रो नेपालमा
मन थिएन, यहाँ आउनलाई
मरिमेटी, धन कमाउनलाई
के गर्नु देशभरी, बेरोजगारी
थाम्न सकिएन, ऋणको भारी
आमा मेरी, तिमी क्षितिज पारी
याद आउँछ झलझली, मुटुभरी
बाबा र बहिनीलाई, ठिकै छ नि?
सम्झन्छन होला नि, मलाई पनि
मेरो तन, अहिले यहाँ भएनी
मन भने सान्नानी उतै छ, हाम्रो नेपालमा
हाम्रो नेपालमा",114
169,Herana,Samriddhi Rai,nepali,"हेरन तिमी र म
यहाँ सम्म पुग्न
कत्ति समय लाग्यो है
सोचे जस्तो भयो नाइ
आँखा हेरी बोलन
गाह्रो छ? मन खोलन
बिती गए दिनहरू केही सोच्छु म बोरू
स्वर्गकी परी तिमी
मुटु भरी पनि तिमी
कि यही भन्छाै केही बर्षमा?
निराशा अनि हर्षमा
जीवन यो बग्दो खोला
सोचेझै सधैँ नहोला
के थाम छाै मेरो यो हात
अटुट मायाको साथ?
हेरन तिमी र म
भविष्य साथैको
हिडि रहेछाै आज
आशा र खुसी माझ
अतित पछि छोड्दै
मिठा सपना जोडदै
आइ पुग्यो यो मोडमा
अब मन नतोडन",66
170,Samjhanama (Ma Sadhai Haasirahu),Bartika Eam Rai,nepali,"बाटो छुटेदेखि कस्तो-कस्तो संसार तिमीले एक्लै देख्यौ होला—सबैभन्दा टाढा
कति फेरी-फेरी यहिं एउटा जीवन
कति थरि बाच्यौ होला, छ कसलाई थाहा?
दुःखकै कुरा गर्ने हो भने
साँझ हैन धेरै साँझ चाहिन्छ, तिमीलाई थाहा छ
झुटो नबोली खुला सत्य बोल्ने हो भने
कति आँसु बग्नेछन् यहाँ, तिमीलाई थाहा छ
सम्झनामा म सधैँ हाँसीरहु
सम्झनामा तिमी सधैँ हाँसीरह
अनि ए साथी भेट भयो, आज कति वर्षपछि?
माईला दाईको रेडियोमा सँगै गीत गाईहिड्थे
हुने हो म गायिका भन्दै हिड्थे म
तैँले बुनिदिएको सपना पछ्याउँदै आईपुगे यहाँसम्म
सपनाको झोला बोकी आकाश चुम्ने साहस लिँदै
ठूलो मान्छे बन्ने हू म भन्दै गाथ्यिस् तँ
एकचोटी पनि नफर्किकन उडीहालिस् त्यहि ठूलो जहाजमा
सम्झनामा म सधैँ हाँसीरहु
सम्झनामा तिमी सधैँ हाँसीरह",100
171,Albatross - Bhool,Genius Romanizations,romanized,"मौका पाये सचायुँ थिये
सोचाई सोचमा, मौका गुमाये
भुल मा बाट भयेछ यो कस्तो
रिसाई रिस मा जान रिस ओथे जस्तो
दिन आउँछ भनी पर्खी बस्ये
पर्खैमै दिन भोली दिये
चोडी आये आफ्नो चाहना लाई
तोडी दिया सबै बन्धन
भुल भयेछ यो कस्तो
चोखो माया नबुजे जस्तो
भुल भयेछ यो कस्तो
ना सोधा मलाई
आँधि यो चल्न देउओ
आफूलाई नरोका
भो भो टेटी नसतौ
सक्दिन सुम्पिन्न मा
बाध्यता मेरो बुझी देउ
बुझे को चु तिम्रो चाहना लाई
तिम्रा हरेक बहाना
हरेक भावना हरू लाई",65
172,Pohor Saal Khusi,Aruna Lama,nepali,"पोहोर साल खुशी फाट्दा
जतन गरि मनले टाले
त्यहि साल माया फाट्यो
त्यसलाई पनि मनले टाले
यसपाली त मनै फाट्यो
केले सिउने केले टाल्ने हो?
पोहोर साल खुशी फाट्दा
जतन गरि मनले टाले
त्यहि साल माया फाट्यो
त्यसलाई पनि मनले टाले
यसपाली त मनै फाट्यो
केले सिउने केले टाल्ने हो?
सास फेरे जस्तो लाग्छ
तर भन्छन मरि सकिस्
तेरो भाग्य यतिनै हो
भोगचलन गरि सकिस्
सलहको भाग्य मेरो
मर्ने बाच्ने ठेगान छैन
भाग्य फाटे सिउथेँ बरु
तर मन सिउने केले हो?",64
173,Somebody Else,Sajjan Raj Vaidya,romanized,"हे, येअह, येअह
ओह, ओह, ओह, ओह
हे, येअह, येअह
लेट मे फल असलीप काउस आई क्यान्ट ड्रिम
योउ वाच मे एएस आई'एम ब्रेकिङ एटी थे सिम्स
एएलएल थेसे यियर्स ओएफ लिङ एएलएल अवेक
एएलएल थेसे यियर्स, आई डिडिएन'टी वन्न बे
येअह, येअह, ओह-ओह, ओह-ओह
योउ माडे मे ह्वाट आई नेवर वान्टेड टो
एएनडी स्लोवली आई वास टर्निङ इन्टो योउ
एएनडी मेब थाट'स थे रियासन थाट योउ स्टेयड
बुट बेबी, आई वास स्लोवली लोसिङ ग्रेस
मेब आई गावे एएलएल आई हाड टो गिवे
बुट जस्ट होव म्यानी सिन्स डो आई फोर्जिभ
बेफोर योउ से, आई'एम सोरी, आई वास व्रोङ?
आई स्वीर टो गोड योउ'वे अलवेज बीन थे ओने
सी, आई डोन'टी बेलिभ योउ एनीमोर
थेसे वर्ड्स आरे ओनेस थाट आई हावे यूजेड बेफोर
एएनडी आई डोन्ट केएनओडब्ल्यू आईएफ युरे थे ओने आई मिन्ट
ओर मेब ह्वो आई रियली मिन्ट आइटी फोर",131
174,Galbandi (गलबन्दी),Prakash Saput,nepali,"हे, ल सुरु गरौं
गरम गरम गरम
हे
भेट भैयो झमक्क साझमा
राख्छु तिम्लाई यो दिल्को माझमा
गल्बन्दी
गल्बन्दी च्यातियो तिम्ले तानेर
बोलाउन खोजेको आफ्नै ठानेर
गल्बन्दी च्यातियो तिम्ले तानेर
बोलाउन खोजेको आफ्नै ठानेर
हाय हाय बोलाउन खोजेको आफ्नै ठानेर।
हे
मैले यता मन्पेट खोल्ने
ढुङ्गा हो कि मान्छे हो नबोल्ने
गल्बन्दी
गल्बन्दी च्यातियो तिम्ले तानेर
बोलाउन खोजेको आफ्नै ठानेर
गल्बन्दी च्यातियो तिम्ले तानेर
बोलाउन खोजेको आफ्नै ठानेर
हाय हाय बोलाउन खोजेको आफ्नै ठानेर।
हे
के भनौ खोइ
गाइदेउ गीत किन भाउ खाकी छौ
कि त मुख्मा पिँडालु राखिछौ
गल्बन्दी
गल्बन्दी च्यातियो तिम्ले तानेर
बोलाउन खोजेको आफ्नै ठानेर
गल्बन्दी च्यातियो तिम्ले तानेर
बोलाउन खोजेको आफ्नै ठानेर
हाय हाय बोलाउन खोजेको आफ्नै ठानेर।",85
175,B-8eight - Aakhako Bato,Genius Romanizations,romanized,"दिन हप्ता महिना गर्दै आजा हेरा बर्षौ बित्यो
तिम्रो साथ मा मेरो मनले दुःख पिडा सबै बिर्स्यो
समय सँगै हाम्रो सम्बन्ध ले नया रूप लियो
साचो भन्दा तिम्रो माया ले मलाई यति खुसी दियो
आजा ठहा पाये के हो तिमी मेरो निम्ती
अधुरो हुनेछु मा तिमी नपाये देखि
खुसी तिमी मेरो एउटै चाहा मेरो
आखा को बाटो हुदै मान मा बसेको चा
इन्द्रेणी धनुस् बनी जिन्दगी नै रंगायो
तिमी नै अबा मेरो झुल्के को बिहानी
तिमी बिना सक्दिन रमाउन खुसी मा नि
ओन्स उपोन आ टाइम हेरा यसरी नै सुरु भयो
एक कदम उसको, दुई कदम मेरो
कन्भर्सेसन स्टार्टेड एएनडी हेर वोइस आइएस किन्ड ओएफ मेलव
हेल्लो के चा? बेबी आरे योउ सिङले?
क्यान वे माके यूपी सोमेथिङ सो वे क्यान बे थे कपल
लवर्स पर्फेक्ट जोडी आउट ओएफ एएलएल ट्राउबल
युर पिक्चर आइएन माइ इयेस गोएस डाउन टो माइ हर्ट
आई'एम लेभिटेटेड टो थे स्काई योउ आरे डाउन टो थे अर्थ",136
176,Samadhi,Chirag Khadka,nepali,"*स्क्राम्बल्ड वर्ड्स*
ॐ
ॐ नमः शिवाय
जय शम्भो शिव जि
धर्तिमा आको छौ धेरै पछि
ध्यान देर पूरा, सोच्दै गहिरो कुरा, सोची हेरौ हामी एकछिन बसि
आँखा चिम्म गरि, प्रश्न दिमाग भरी, आनन्दले आफै भित्र गर फील
जति अफ्ट्यारो यो लाइफ मा भए पनि हुनु पर्छ निकै संबेदनसिल
पर्दै छु जिल आहारा ताकेर बसेका छन् यहाँ गिद्द र चील
खुट्टा तान्नेहरु कति हुन कति यहाँ दुखी रन्छ सबको चित्त र दिल
पैसा त कमाउलास, धेरैले बनाउलास जिन्दगी भर लाई नै तिर्ने हो बिल
सबसग हासी दे, हास्दै नै बाचिदे, म भन्छु शत्रु संग नि मिल
लाइफ आइएस रियल यहि नै हो यथार्थ, भन तिम्लाइ चै के था छ?
मनमा दुख्या छ चोट, मुटुमा खोट, प्रश्नले सताछ
मरेर आउने हो यहीँ, उपाए अरु म देख्दिन केही
चली रन्छ दिन, घुमी रन्छ घडी, त्यो भन्दा बढी त मलाइ नि के था त
म मान्छे हिप्पी छु, जहिले पनि हुन्छ मेरो ट्रिपी मुड
डाडाकाडा बाट मैले तोप ल्याको छु, हान ला ड्याम्मै शाउल्ड बे गुड
मुख सुख्खा आँखा लठ्ठ, चिसो पानी खान थाल्छु घुट कि घुट
खल्ती भुक्का स्टोन्ड म त, सत्य बोली राछु बोल्दिन झुठ
हाइ हुँदै स्काई छुदै त्रिनेत्र निकाल्दिउ, अर्को बाल्दिउ
बोटै उखाल्दिउ, गेडा डाठलाई केलाइ फाल्दिउ
भेडा जातलाइ यसै हातलाइ, भाच्दिउ दातलाइ, मुखलाइ टाल्दिउ
सबजना चुप मुजि, निहु खोजि केही पनि हुदैन
धर्तिमा बसेर आकाश छुदैन
धर्तिमा बसेर आकाश छुदैन
धर्तिमा, धर्तिमा बसेर आकाश छुदैन
जिन्दगी बुझ्न नी थालेको छु
लाइफ भन्या पुजले मिलाउन सक्छ्स, धेरै न बोली मुख टालेको छु
भित्रको आत्मालाइ जगाउन सक्छ्स, जादु मन्तर पनि जानेको छु
जुनसुकै बेला नि बिलाउन सक्छस
ब्राह्मण निकै नै ठुलो छ हामी है भुसुना, सोच आफै का पुग्न सक्छस
कपाल जटाधारी मेरो लामो जुँगादारी
दिमाग भरी प्रश्न मेरो जैले सोची मात्र राथी
बस्दिन आफैलाई अब धिक्कारी
म बनाउछु लक्ष्य म आफै शिकारी
हुदिन अल्छी म पर्दिन पछि म, सिकिन्छ नौलो चिज बारम्बार हारी
लाइफ हेर्दा घिनलाग्छ, गर्छु जे ठिक लाग्छ, फेरिन दिन लाग्छ तेसैले चुप
मनभरी चिन्ता छ सोच्दा नै दिन जान्छ, संघर्ष दिनहु गरेको छु
चाड्चाडो हिंड्दा त के नै या मिल्ला त हेरेरै हिंड्दा नि लडेको छु
राम्ररी सोच्दा त कुरा सब बुज्दा त ग्राविटी ले पो म अड्केको छु
जैले नि राप पनि हान्दिन सुनी
म दायाँ र बायाँ न माथी न मुनि र
धेरै छ बाटो चाडो हिड जाठो
बिस्तारै हिडेर चै कहिल्यै नि पुगिन्न
अरुले भनेको पनि त सुन
हिंड्दै छस बाटो चै भए भर खुन
गाह्रै छ पुग्नलाइ गन्तब्य तिर नलेर त्यो पिर सहि बाटो चै चुन
छुनु छ मुन, छुनु छ चन्द्रमा, बिश्वासै लाग्दैन तन्त्र र मन्त्रमा
आफैले नगरी केहिपनी हुँदैन त्यसैले एक्लैनै मर्ने हो अन्त्यमा
यो ठुलो प्रान्तमा कोहि ठुलो हुदैन आफैले आफैलाइ जहिल्यै नि ठान्दैमा
बस्न चाहान्छु म अहिले एकान्तमा, न बोली न चली न हलि शान्तमा
ॐ शान्ती जैले मैले खुसी चान्थी
गर्ने सबै आफैनै हो या, भर पर्ने को या? को छ या साथी?
सबजना खोया, यस्तै नै भो या, बारम्बार मन्दिर र मस्जिदमा जान्थी
मारामार काटाकाट सबजना एउटै जात, समाती हात बरु बन्द गर क्रान्ति
ठुलो पृथ्वीमा, मेरो अनेक स्थितिमा
धेरै सोचेरै होला, नदि र खोला चल्न थाल्यो दिमाग
धेरै नटोला, सुर्य नै छोला
बेस्मारी आफैलाइ एकताली चिमाट
राप हन्न थलेको धेरै त भाछैन
ल है त नमस्ते मेरो नाम चिराग",465
177,Sunyata,Tribal Rain,nepali,"सुन्यता र अन्धकार भित्र भित्रै बिलाएर
इच्छाहरु मरी सक्यो
आकाश धर्ती सुन्दर संसार सबै पाएर पनि
तिमीमा प्राण भर्न सकेन
यो दिन फेरी आउँदैन, जीवन फेरी पाउदैन
बाहिर देखेको जस्तो, भित्र हुँदैन
समयले त छोडिदिए, सपनालाई तोडिदिए
सोचेको जस्तै यहाँ हुँदैन
काडाँको बाटोमा
एक्लो हिड्न सके
आज यहाँ आँफैलाई सम्हाली देउ
कसैको याद, कसैको साथ
कसैको मायालाई, भुलिदेउ
सुन्यता र अन्धकार भित्र भित्रै बिलाएर
इच्छाहरु मरी सक्यो
आकाश धर्ती सुन्दर संसार सबै पाएर पनि
तिमीमा प्राण भर्न सकेन
यो दिन फेरी आउँदैन, जीवन फेरी पाउदैन
बाहिर देखेको जस्तो, भित्र हुँदैन
समयले त छोडिदिए, सपनालाई तोडिदिए
सोचेको जस्तै यहाँ हुँदैन",79
178,Kramasha,Swoopna Suman,nepali,"धेरै धेरै वर्ष पछी आज फेरी
तिमी र म भेटियाैँ कतै
बोलाए झैँ लाग्यो फेरी जुगाैँ जुग पछी
तिम्रा बाटुला आँखाले मालाई (आँखाले मालाई)
तिमी नि त्यही, म पनि त्यही
रात उही याद अझै
तिमी नि त्यही, म पनि त्यही
रात उही याद अझै
न बद्लीयाै तिमी अनि उस्तै नै छु म
न बद्लीयाै तिमी अनि उस्तै नै छु म
शायद समय नै पो हकमा रहेने
हाम्रो समय नै पो हकमा रहेन
तिमी नि त्यही, म पनि त्यही
रात उही याद अझै
ओ-हो-हो
ओ-हो-हो
ओ-हो-हो
ओ-हो-हो",78
179,Jeevan,Dixita Karki,romanized,"बिहाना साधै उठेर
सोच चु किना मा यहा चु रा
सुरु गर्नु पर्चा यो दिन सुरु देखि
झ्याउ लागी सक्यो ह्वेन लाइफ सुरु नि भचाइन
अबा के॰एस नै गर्नु चा रा
कुरा सबै कुरा थिक हुना
थाचा समय लाग्छ रा गरो हुन्चा
तारा टेटिन्जेल सामा यो पिडा खापी बसा ना
एक दिन टा मरेर जनै चा नि
रामररी बचुम यो पाल को लागी हाई हामी
भविस्य मा के॰एस हुन्चा मलाई केइ पानी थचाइन हाई
जे॰एस भये नि बासी राख्नु मेरै साथ
तिमी चाई
यो जीवन एस्टै टा हो
आइले लाई हासा , भोली फेरी रोउ
यो जीवन येस्टै टा हो
यो जीवन जीवन नै टा हो
भन्छन् धेरै म्यान्ची हरू
थिक चाइनौ तिमी
सो ह्वाट शाउल्ड आई डो?
भन्ने ले भन्छन् भनी राखोस् तिनी
अरू के॰एस नै काम चा बाहेक खुट्टा तान्नु",111
180,Laijaw Malai,Tribal Rain,nepali,"के हुनेछ तिम्रो म बिना? वोह
आफ्नो मनलाई सोधेर भन मलाई
हरेक समय बित्नेछ
बदलिन्छ तिम्रो मन र तिम्रो बोली
चाहे संसारमा जे गरे पनि
चाहे संसारमा जे भए पनि
लैजाऊ मलाई तिमीसँग
लैजाऊ मलाई तिमीसँग
के रहने छ मेरो तिमी बिना? वोह
जहाँ तिमी जानेछौ लैजाऊ मलाई
हरेक समय बिताउँने छु
बदलिने छुइन दुःखमा पनि
चाहे संसारमा जे गरे पनि
चाहे संसार मा जे भए पनि
लैजाऊ मलाई तिमीसँग
लैजाऊ मलाई तिमीसँग
हरेक समय बिताउँने छु
बदलिने छुइन दुःखमा पनि
हरेक समय बित्नेछ छ
बदलिन्छ तिम्रो मन र तिम्रो बोली",72
181,Rato Ra Chandra Surya,Nepathya,nepali,"रातो र चन्द्र सुर्य जङ्गी निशान हाम्रो
जिउंदो रगत सरी यो वल्दो यो शान हाम्रो
रातो र चन्द्र सुर्य
हिमाल झै अटल यो झुकेन यो कहिल्यै
लत्रेन यो कहिले जङ्गी निशान हाम्रो
यो जन्मदै जगतमा कयौ प्रहार आए
साम्राज्य दुई हारे हारेन यो शान हाम्रो
रातो र चन्द्र सुर्य जङ्गी निशान हाम्रो
जिउंदो रगत श्री यो वल्दो यो शान हाम्रो
रातो र चन्द्र सुर्य
जब सम्म चन्द्र र सुर्य आकाशमा रहन्छन
तब सम्म हुन्छ आफ्नै रातो रगत यो हाम्रो
गाई सारी छन साधु जो जो यहाँ जगतमा
सबको शरण बलियो जङ्गी निशान हाम्रो
रातो र चन्द्र सुर्य जङ्गी निशान हाम्रो
जिउंदो रगत सरी यो वल्दो यो शान हाम्रो
रातो र चन्द्र सुर्य",96
182,VTEN - Halkhabar,Genius Romanizations,romanized,"दिदी ले सोध्यो, के॰एस चल्दै चा टेरो काम काज?
दै ले भाँचा, आफ्नो परिवार को नाम राख
आमा ले भाँचा बाबु, के चा टेरो हलखबर?
बाउ ले भाँचा, चोरो के गर्दै चास अजकाल?
हे, दिदी ले सोध्यो, के॰एस चल्दै चा टेरो काम काज?
दै ले भाँचा, आफ्नो परिवार को नाम राख
आमा ले भाँचा बाबु, के चा टेरो हलखबर?
बाउ ले भाँचा, चोरो के गर्दै चास अजकाल?
केही पानी गर्दिन मा एट्टीकै बसिरची
किना होला मा अजकाल एकदुमै प्सिचो भाचा
वाट, सत कह्न्चु अनि जोइन्ट, सोइन्ट तान्चु
किना होला मा अजकाल एकदुमै प्सिचो भाचु
केटा हरू बटुलेर गल्ली तिरा जान्चु
दिन भरि गोटीको चार्ज मा
या, या दिन भरि गोटीको चार्ज मा
चाइन केही अप्शन, गल्ली मेरो जंक्शन
धिक्क रा ब्ल्याक मेरो हातामा
धिक्क रा ब्ल्याक मेरो हातामा
जाहीले पानी खान्चु, अहिले पानी तान्चु
मरेर जानु चा लास्ट मा
या, एकदिन मरेर जानु चा लास्ट मा
जाबा जान्चु मा मरेर मलाई जलाउदा मेरो
धुँवा मै गाँजा को बासन
जिन्दगी एसरी चल्दै चा खसमा
मेरो कोही चाइन आफ्नो मान्छे वारी पारी
आजा बोल्न खोज्दा बिक्दैन मेरो बोली पानी
टेटी माया गर्ने चम्म ले पानी चोडी गये
तारा बलाई भयेन एकलाई बसिदिन्छु भोली पानी",171
183,Mercedes Benz,Cobweb,nepali,"तिमीलाई मैले देखेको हिजो राती सपनीमा
पर्खी बसेको थियाै तिमी कसैको लागि दो-बाटोमा
तिमीलाई मैले देखेको हिजो राती सपनीमा
पर्खी बसेको थियाै तिमी कसैको लागि दो-बाटोमा
खोजी हिडे बिपनीमा तर मैले भेटाउन सकिन तिमीलाई
सायद तिमी भेटेको भए घुमाउन लान्थे
तिमीलाई मर्सिडेस बेन्ज मा, मर्सिडेस बेन्ज मा
सपनीमा मसुक हासीँ कहाँ गयाै तिमी ट्याक्सी मा?
बिहानीको किरण सँगै खोज्न हिड्छु म कहाँ-कहाँ
सपनीमा मसुक हासीँ कहाँ गयाै तिमी ट्याक्सी मा?
बिहानीको किरण सँगै खोज्न हिड्छु म कहाँ-कहाँ
भेटाउन सकिन मैले कहाँ हरायाै हावाको लहर सँगै
सायद तिमी भेटेको भए घुमाउन लान्थे
तिमीलाई मर्सिडेस बेन्ज मा, मर्सिडेस बेन्ज मा
सपनीमा मसुक हासीँ कहाँ गयाै तिमी ट्याक्सी मा?
बिहानीको किरण सँगै खोज्न हिड्छु म कहाँ-कहाँ
तिमीलाई मैले देखेको हिजो राती सपनीमा
पर्खी बसेको थियाै तिमी कसैको लागि दो-बाटोमा
खोजी हिडे बिपनीमा तर मैले भेटाउन सकिन तिमीलाई
सायद तिमी भेटेको भए घुमाउन लान्थे
तिमीलाई मर्सिडेस बेन्ज मा, मर्सिडेस बेन्ज मा",136
184,Sushant KC - Timile,Genius Romanizations,romanized,"आकाश बाट पानी पर्यो झाम झाम
रुझ्न जाम हामी पानी भनी बोलायौ तिमीले
भिज्न टा मान थियेन बुझ्न तिम्रो मान
आये मा पानी अनि हात समै घुमायौ तिमीले
हराये मा तिम्रै दुनिया मा
सजाये सपना तिम्रै साथ
मेरो सपना की पारी यहा जादु गरी
ना औ मेरो सामु घरी घरी
यहा नाना थरी का कुरा चलचन
चलचन मेरो मान मा घरी घरी
टाके मे टो आ प्लेस आई नेवर क्नेव
ह्वेरे थे वर्ल्ड आइएस जस्ट सो सिम्पल
आई क्यान ओन्ली स्टेयर एटी योउ
आई वन्न सी थे स्टार्स एबोव थे ग्रेजिङ ल्यान्ड
ह्वेरे वे लिए टो प्रिटेन्ड योउ एएनडी मे ओन्ली एक्सिस्ट
वे काउल्ड डो एनिथिङ वे वन्न डो
से एनी सोङ आई'डी सिङ टो योउ,एमएमएम
वे काउल्ड डो एनिथिङ वे वन्न डो
से एनी सोङ आई'डी सिङ टो योउ...
ह्वेन आई सी योउ स्मीले योउ टाके माइ ब्रेथ अवे
प्लीज बे राइट बाइ माइ साइड इभरिडे
आईएफ योउ वन्न कोम क्लोज आई काउल्ड वार्म योउ यूपी
इभरी टच ओएफ युर ह्यान्ड्स माके माइ हर्ट बिट स्टप",149
185,Bhijhideu,VTEN,nepali,"खसेको तारा सम्झी, एयी, एयी
खसेका तारा सम्झी नमाग मलाई
रित्तो छु म छैन, केही दिनलाई
सक्दिन तिमीसंगै, संगै हिँड्नलाई
यो कुरा तिमी बुझीदेऊ
तिमीलाई नि गाह्रो भैइराछ, यो थाहा छ मलाई
बुझेको छु भावना माया तिम्रो लाग्छ अझै
बस्न मन छ तिम्रो साथ सधैं
हात समाई, गाह्रो छ एक्लै बच्नलाई
तर दिन सकिन साथ, एक्लो परेर छोडे
म मान्छे स्वार्थी, मैले मेरै बारेमा सोचे
लागे म आफ्नै बाटो
हो, म आफै गाको, छोडेर तिमीलाई तर हुदो रहेछ लास्टै गाह्रो
छैन म हाँस्न पाको, सम्झनाले मार्नै लग्यो
दिन-रात किन आज हुँदै छ यहाँ बाँच्न गाह्रो?
मेरो भरमा आफ्नो समय बर्बाद
गर्यौ तिमीले, मलाई भन्दा बेसि तिमीलाई घाटा लाग्यो
चित्त दुख्या छ यो कुरामा
हो, गाह्रो छ भावनालाई सुनाउन
म त परेको छु पीडाको थुनामा
अनि सम्झना तिता-मिठा पुरानो
याद आहि रहन्छ झल-झल
यो सम्झनाको दलदलमा फसेर, तिमीलाई फोन गर्न खोजे भर्खर
तर सकिन बोल्न अब गर्छु आश मात्र
मान्छे म बेजती त्यसैले धेरै लाज लाग्छ
धेरै लाज लाग्छ, मलाई किन? (खसेका तारा)
किनकि मलाई तिम्रो अगाडी आउँन एकदम धेरै लाज लाग्छ",150
186,Ma Sanga Hidideu,Kelsang Shrestha,nepali,"सपना र माया, तिमी संग हुदा
हराउछु म यहाँ, त्यो धुन सुन्दा
चित्रहरु तिम्रै बनाएर
खुसुक्क बोल्दानी मन यो रमाएर
यहिँ छु म तिम्रो , तिमी संगै गाइ
मायाका कुरामा, मेरो मन रमाई
हँसाउछु अलिअलि म तिमीलाई
बनाउछु गीत सबै, म तिमीलाई
मसँग हिडिदेउ
मायाको यो बाटो
मलाईनी भरीदेऊ
तिम्रा रङ्गहरुले
मसँग हिडिदेउ
जानुछ धेरै टाढा यो
मलाईनी भरीदेऊ
माया मात्रै चहिने
यो मन
त्यसैले तिमीलाई मैले मेरो मुटुमा सजाई
म त हेरी बस्नेछु
मायालाई पोको पारी, एउटा गीतमा सजाई
गाई बस्नेछु",61
187,Ultaa Paailaa,Sajjan Raj Vaidya,nepali,"ठीकै छ, एकछिन भए पनि भेट्नु थियो रहेछ
तिमी म यहाँ एक अर्कासँग
केही बेरमा पराया हुनेनै हो
त्यतीन जेल समाई राख
नबोल झूटा कुरा, बरु केही नभन
बिछोडिँदा, उल्टा पाइला चाल्नू नरोईकन
रुनु त छदैछ नि, तिमी र म
अहिलेलाई हाँसेरै माया गर्दै गर
कुनै दिन सम्झीएलाउ मलाई
कुनै ठाउँ बतास चल्दा खेरि
अहिले चाहिँ एथार्थमै हुँदा
मेरा हात थमाई राख
नबोल झूटा कुरा, बरु केहि नभन
बिछोडीदा उल्टा पाइला चाल्नु नरोइकन
रुनु त छदै छ नि, तिमी र म
अहिलेलाई हाँसेरै माया गर्दै गर
रुनु त छदै छ नि, तिमी र म
अहिलेलाई हाँसन, हाँसन
नबोल झुटा कुरा, बरु केहि नभन
बिछोडीदा उल्टा पाइला चाल्नु नरोइकन
रुनु त छदै छ नि, तिमी र म
अहिलेलाई हाँसेरै माया गर्दै गर",100
188,VTEN ft. Young Lama - Dolla Bill,Genius Romanizations,romanized,"एयी, एयी, एयी, एयी, एयी, एयी, एयी
डोल्ला, डोल्ला बिल, येअह
डोल्ला, डोल्ला बिल, येअह
येअह, उः, येअह
डोल्ला' बिल एएलएल आई वान्टेड
नो, आई डोन'टी वन्न बे नो स्टार
लेट मे टाल्क माइ शीत व्हीले योउ प्ले थाट गुइटार
ओह, येअह, येअह, येअह
आईएफ योउ माइ ल्याडी, कीप आइटी हन्निड
12 ओन माइ डिक, पुष थे पडले, आउट रुन आइटी
पल युर थाङ यूपी, पसी बोय, योउ बेटर गुण आइटी
बीफिङ विथ माइ लामास, स्वीर टो गोड योउ डोन'टी वान्ट आइटी
फक एएलएल थे लिल' गोर्जी, बिच, आई नीड मे बिग हन्निड्स
वोरी-पारी जाता तेतै देक्चु मेरो क्रेजी
आजा भोली राप हानी हललाई रा चु देश
महँगो चाइन तारा दामी लाउँछु ड्रेस
तात्तोओ हाने नाक चेदे, बौला जस्तो केस
मेरे के कुरा गर्नु, आफ्नै बारे
काम-धाँदा चाइन हाल्यो हिड्यो गाँजा तानी
पुरा चार्ज मा बासी रा चु आजा रति
मोज गर्ने मान चा, चाममा हरू काख मा राखी
बिस्तारी हात समाति, लाज नामनी चाख मा सारी
लाई जान्चु डाडा माथि, आफ्नो पार्टी आजा रति
पाताउन मात्र बाकी, मा मान्छे आसा बादी
कहिले पानी सुधेरना हाउ यो मेरो चडा बनी",160
189,Timro Maya,Sushant KC,nepali,"एचएम, लेट मे कीप योउ क्लोज
कीप योउ क्लोज टो मे
बन्द कोठामा म र तिमि आज
हटाइदेउ सारा शङ्का संगै नहुने
मलाई केवल सुन्न मन छ बोलि मन छुने
तिम्रो नशा कि के हो लाग्छ भन्थ्यौ आज गईसके, हो
मजा छ जहाँ तिमि छौ म पागल भईसकेँ
तिम्रो माया, तिम्रो माया, तिम्रो मायामा
तिम्रो माया, तिम्रो माया, तिम्रो मायामा
तिम्रो माया, तिम्रो माया, तिम्रो मायामा
तिम्रो माया, तिम्रो माया, तिम्रो मायामा
बुझाउँथे प्यास पाइन्छ हाँसो भनेर
थाहै थिएन, धान्ने भएन अबेर
यो मनले त्यो मनलाई खोजिरहेको थियो सधैं
बोलि मुहार मात्र होइन चाहन्छु सबै
कच्चा धागोले चेट् नहोस् हाम्रो चंगा
मच्चिने मनको गरिदियौं बाटो बन्द
बादल साथी बन् भन्दै घुमदै छ मन यहाँ
संगै तिमि भए उड्दै गर्छु म दङ्ग",103
190,Photo Firimma,Pratap Das,nepali,"चर्किएको ऐना सरी फुट्यो हाम्रो माया
तिम्ले घात गरेपछि टुट्यो हाम्रो माया
चोखो माया गर्ने मेरो दिल तोडी गयौं
छुट्ने बेला चिनो आफ्नै फोटो छोडी गयौं
फोटो फिरिममा
कहिले मिलन कहिले बिछोड मया पिरिममा
फोटो फिरिममा
सधैं उस्तै नहुने यो मया पिरिममा
तिम्ले सास फेर्दा मात्रै मेरो मुटु चल्थ्यो
हेरे तिम्ले अन्त कतै भित्री मन जल्थ्यो
तिम्ले सास फेर्दा मात्रै मेरो मुटु चल्थ्यो
हेरे तिम्ले अन्त कतै भित्री मन जल्थ्यो
अझै पनि मेरा आंखा तिम्रै लागि रुन्छ
मलाई मात्रै यस्तो हो कि, सबलाई उस्तै हुन्छ
फोटो फिरिममा
कहिले मिलन कहिले बिछोड मया पिरिममा
फोटो फिरिममा
सधैं उस्तै नहुने यो मया पिरिममा",84
191,Vagwan,YABI The G.O.A.T,nepali,"स्याचुर्दे, सुन्दै साथि भाई साथमा
रेजिल्ला हानेर रातो छ आँखा
टाइममा घर आईजा भन्दै छिन् आमा
तर घर जाने बाटोमा छ मामा
आर्टिस्ट हु भन्दा लग्यो उसलाई ड्रामा
भन्दैछ मन पर्दैन तेस्तो गाना
किरा लागेको छ तेरो जरामा
सबै र्यापर्स हरु हुन्छौ नासामा
कुरा तेस्तो, हैन नि हौ
छैन नि बिग्रेको
यो सामाजिक कुराले, न जान्ने बुडाले
आर्टिस्ट लाई ट्यापे बनाईदियो
मेरो समाजमा कसैले न गर्या कुरा गर्न मनाहि थियो
मैले गर्न थाले, नराम्रो चरित्र म माथि खनाईदियो
यस्तै कुराहरुले सताउछ मलाई
तेही भएर हिड्छु म रेजिल्ला जलाई
म छु भन्ने साथीहरु पनि भए गाएब
तर गीत लेखि रात काट्ने म र मेरो भाई
म र मेरो भाई
दिनभरी दिदिको स्कुटीमा राइड
आमाले पस्केको भात न खाई
चल्दिने म्युजिक रेकर्ड गर्नलाई
तेसैले खुसी भई बाच्छुम
दुखमा हास्चु म
थोरै छ मिल्ने साथी, उनको लागि खास छु म
के होला भविष्यमा मेरो, मलाई केहि थाहा छैन
चुरोट एउटा, केटाहरु चार, लोभ लाग्ने पास दिन
साएद बच्दिन होला म तर मारेर पुग्नु छ त्यहाँ सम्म जहाँ बुद्धको आश्रम छ",140
192,Bhaagera,Sushant KC & Cute Boka,nepali,"लिल रक & सुशान्त केसी हावे कलेबोरेटेड आइएन म्यानी प्रोजेक्ट्स आइएन पास्ट विथ ओने बेइङ लक्ष्य. व्हिच सिट्स आ लिटल ओवर 1⁄2 मिलियन विवेस ओन युट्युब. भागेर. मार्क्स थे डुओ'स सेकेन्ड कलेबोरेसन व्हिच आइएस... रिड मोर
लिल स्टोन फिन्न कुक थिस बिट
ट्याकलिन्हर पसिन सोमे डलर्स, येअह
वन्डेरिन' आईएफ आई काउल्ड ब्लोव थिस एएलएल यूपी
शे टोल्ड आई कोम अराउन्ड लिके आ बलर
ओवर टीडब्ल्यूओ जीएस'स, शट्स लिके निकोला
योउ शोव युर कलर्स, येअह-येअह
लोव-के विथ माइ हिट्स एएनडी थे हस्टल
टोक्यो देखि किराना पसलमा
सम्झना भरि राखा
जति मेरो त्यति तिम्रो अधिकार यो
सम्झना भरि राख, भरि राख
दुई-तिन दिनको समयमा
लाउन माया सझिलो त छैन
खै कुन्नि? म ऐनै नहेरी बसेँको थिए
भागेर, भागेर, भागेर (हँ)
जानेर, जानेर, जानेर (हँ)
भागेर, भागेर, भागेर (हँ)
नजाने म, नजाने, येअह",119
193,Ganja Man Rough,SACAR aka Lil Buddha,nepali,"ल, तपाईंले मलाई चिन्नु भा छैन?
एयी, एयी, यामा [?]
फक थे लोव, फक नेताहरूको गफ्फ
फक थे लोव, फक बेइङ टाउग
(पाँच-पच्पन्नको बाऊ पाँच-छप्नन)
योउ केएनओडब्ल्यू ह्वाट
थे रियल लौरे , लिल बुद्ध, गाँजा मान
एयी, रोल यूपी एनोथर ओने
प्याक मे आ कोन ओएफ ब्लन्ट
वे डोन'टी स्टप टिल थे सुन
वे स्मोकिङ एएलएल नाइट लोङ
रोल यूपी एनोथर ओने
प्याक मे आ कोन ओएफ ब्लन्ट
वे डोन'टी स्टप टिल थे सुन
वे स्मोकिङ एएलएल नाइट लोङ
गाँजा मान, गाँजा मान, गाँजा मान, गाँजा मान, गाँजा मान
गाँजा मान, गाँजा मान, गाँजा मान, गाँजा मान, गाँजा मान
गाँजा मान, गाँजा मान, गाँजा मान, गाँजा मान, गाँजा मान
गाँजा मान, गाँजा मान, गाँजा मान, गाँजा मान, गाँजा मान, गाँजा मान",109
194,The Axe - Lukna Deu,Genius Romanizations,romanized,"लुक्न देउ मलाई तिम्रो केशा मा
त्यहाँ धेरै शीतला छ
निदाउन देउ तिम्रो परेलीमा
त्यहाँ धेरै सपना छ
लुक्न देउ मलाई तिम्रो केशा मा
त्यहाँ धेरै शीतला छ
निदाउन देउ तिम्रो परेलीमा
त्यहाँ धेरै सपना छ
मुटु भित्र राखा मलाई
जिउने आधार देउ मलाई
मुटु भित्र राखा मलाई
जिउने आधार देउ मलाई
जाबा कतै भेट्छु तिमीलाई
एकोहोरो तोलाई रहन छु मा
हत्केला ले मुहार चोप्दै
लाजा मान्दै भागी दिन्छौ तिमी
जाबा कतै भेट्छु तिमीलाई
एकोहोरो तोलाई रहन छु मा
हत्केला ले मुहार चोप्दै
लाजा मान्दै भागी दिन्छौ तिमी
मुसा-काउँदै इशारा ले
लजाउँदै बोलाउ मलाई
मुटु भित्र राखा मलाई
जिउने आधार देउ मलाई",80
195,Sapana Ko Mayalu,The Elements (NPL),nepali,"कोरेछु चित्र, तिम्रै तिमी हासिदेउ
पोखेको शब्द, समेट्दै छु सुनिदेउ
नाता यो चित्त को
आँखा ले नै बुझिदेउ
बुझाउनै सकिन , ईशारा ले नै बुजिदेउ
नहोला तिम्रो सपना को मायालु म
तिमीलाई निन्द्रा ले सताए लोरि सुनाइदिन्छु म
न सकुला तिमीलाई फुलले सजाउन
तिम्रो मन दुखे तिमिलाई
गीत गाइदी फकाउछु म
तिम्रो मागेको हात तिमिले त मुटु नै सुम्पिदेउ
तिमिले मागेको तारा , ढिलो भो एक्छिन पर्खिदेउ
सात जुनि बिताउने कसम पो खाएको
हराइ सकेको थिए धन्नै तिमिलाइ पाएको
न होल ठुला महल जत्रै घर यो
तिम्रो सिरानी बन्दिन्छु मात्रै तिमी पल्टिदेउ
न सकुला तिमीलाई फुल ले सजाउन
तिम्रो मन दुखे तिमी लाइ गीत गाइदी फकाउछु म",88
196,"Yabesh Thapa - Saacho Kura Ft. Zeroo, Easi 12 & Dong",Genius Romanizations,romanized,"आए हेरा ना कति अध्यारो
फेरी पानी तिम्रै मुहारा को यादा आयो
त्यो मुस्कुरै रहने तिम्रो बनी
अत्तो पत्तो छैन मलाई जानी नजानी
माया बस्यो की क्या हो
ठही नपाई काना मलाई तिम्रो लाट लाग्यो
यो कफी पिउदै तिम्रै कथा सुन्दै
तिम्रै आँख हरू भित्र हराउदै
ठहा छैन मलाई के॰एस भयो
तारा साचो कुरा भन्नु पर्दा
यो मुटु भित्र केही भयेकै हो
ठहा छैन कसरी थपाउने होला
यो मुटु भित्र को कुरा कसरी बुझ्ने होला
मलाई लाग्यो तिम्रो लाट, तिमी अति ग्लामोरस
फिक्क लाग्छ अरू सब, येअह
365 डेज चाहिदैन मेरो लागी
एक पाल कफी छ फोर मे टो फल आइएन लोव
तिम्रो लागी चाँगे गर्छु सबै हबित मा
तिम्रो आँख सराई म्याजिकल
भोली कसले देख्या छ रा तारा थाछ
तिम्रो आँगलो को प्यारेटाइज मा
हुन्छु एकदम ह्यापी मा
तिमी जुलिएट मा तिम्रो पागल रोमियो
तिमी मेरो साथी
मेरो बेस्टफ्रेण्ड, मेरो होमी हो
तिम्रो याद मा जाहीले डुबी बस्छु
माइले चलाई पायिना मुटु कति खेरा चोरी भो
किना की, योउ स्वीटर थान थे वाइन्स
अरू भन्दा भिन्न छौ योउ'रे थे फाइनेस्ट
तिमलाई राक्छु मा रानी बनाई साधै आफ्नै साथा मा
लिके योउ आरे माइ हाइनेस",156
197,Bimbaakash,Bartika Eam Rai,nepali,"एकैछिन अभिनय गरौँ न
भनौँ न मेरो तिमी, तिमी मेरो छौ
हर साँझ चिसो
रहेन बिहानी
पर्खनको निम्ति लायक भयाै रे
पुराना साथीहरु बारे भन न
कति खुशी छौ त?
मलाई सोधन
तिम्रा सपनाहरुको कुरा सुनाऊ
मेरा सपनाहरु म तिमीलाई सुनाउँछु
माग्दिन तिम्रो सारा जुनी
मात्र एकैछिन केबल दुर्इ शब्द
सत्य त हाम्रो यति नै त हो नि
जति बढ्दो छ उमेर, तेती घट्दो छ आँट
एक्लो जननीको मुनि
आकाश भै आजको राती
अनगिन्ती होला सपनाहरुका बिम्ब, कति बिम्ब
तिम्रो-मेरो सपनाले
रंगिएको छ हो आज आकाश
बिम्बआकाश, बिम्बआकाश, बिम्बआकाश, बिम्बआकाश
बिम्बआकाश, बिम्बआकाश, बिम्बआकाश, बिम्बआकाश
एकैछिन साथ बसाैँ न
मलाई, दिन कस्तो भयो? मन देखि सोध न
हामी बीचको सम्बन्ध
धमिलो हुदैछ
परिभाषा तर त्यही हो भन न
गल्ती पछुतो सारा सुनाऊ
टिप्पणी बेगर म सुनी रहन्छु
त्यसै गरेर आफ्नो कमजोरी बारे डर बेगर म भनिरहनछु",109
198,Kuraakaani,Sajjan Raj Vaidya,nepali,"हेर्दा हेर्दै नसरेरै बगी गए म
तिम्रो सोचाई, तिम्रो बोलाईको तरङ्गमा
बगाएर लग्यौ मलाई, म तैरिएर आइदिए
तिम्रो नजरमा बेरिदै, परेलीमा म अल्झिए
घाम ढल्की साँझ फेरी फर्की आएछ
मेरो मन चाहि तिमीसँगै उडि गएछ
उडाएर लग्यौ मलाई, म शुल्किएरै आइदिए
तिम्रै लागि बने कि खै ?
म तिमी मै आई टुङ्गिए
थरी-थरी छन् रङ्ग तिम्रा
जगत नै रङ्गाउने
गगन सरिको मन तिम्रो
नक्षत्र नै अटाउने
थरी-थरी छन् रङ्ग तिम्रा
जगत नै रङ्गाउने
गगन सरिको मन तिम्रो
नक्षत्र नै अटाउने",66
199,Uniq Poet - Mero Desh Birami,Genius Romanizations,romanized,"थिस ओने डेडिकेटेड टो ईएच एएनडी इभरी ओने ओएफ योउ
फ्रोम माइ नेसन फ्रोम माइ मोथर, लेट'स गो
मेरो देश बिरामी
मेरो देश बिरामी
मेरो देश बिरामी
तारा पर्नेछौ येलाई थिक येक्दिन हामी
मेरो देश बिरामी
उः! मेरो देश बिरामी
येअह !मेरो देश बिरामी
तारा पर्नेछौ येलाई थिक येक्दिन हामी उह्ह
माथि बाट हेर्दै सहिदहरू को आतमा
सती ले सरापिन भविस्य चाइन हात मा
जुइदो लास बनेछु मारी मारी बच्दा
पाना मा क्रान्तिकारी गना होइन गाईजात्रा
लेख्न टा लेखेरे राव कसरी हनुम
सत्ये को साथ दिदैन ह्या को कानुन
के॰एस गलत के॰एस थिक टियो टा दैबा नै जानुन
तारा मेरो पानी टा कुनै हाक चा हैन रा?
वोरी पारी हेर्छु राख्छ्यास को राज
दानब को बस्ती मा खोज्दै मानवताबाद
व्रस्ताचार, बलात्कार अत्याचार को चाप
माइले गर्ने काला मा कनाका को चाप
हिफप माने समाज को आइन
बलात्कार रोक हाम्रो अवाज लाई होइन
हिफप माने परिवर्तन को गोली
अति हेर देश आवस्यपनि बदलन्छ भोली उहा",131
200,Hidaa Hiddai,Adrian Pradhan,nepali,"हिंड्दा हिंड्दै दो बाटोमा तिमी त काहाँ हराइदियोउ
म भने चै अल्मलेर तिमीलाई त्याहि पर्खी रहे
हिंड्दा हिंड्दै दो बाटोमा तिमी त काहाँ हराइदियोउ
म भने चै अल्मलेर तिमीलाई त्याहि पर्खी रहे
तिमीले मलाई सोध्दा पनि सोधेनौ
तिमीले मलाई कहिले पनि खोजेनौ
तिमीले मलाई सोध्दा पनि सोधेनौ
तिमीले मलाई कहिले पनि खोजेनौ
आब त आस पनि मरिसक्यो
रहरहरु मुटुबाट हटि सक्यो
आब त आस पनि मरिसक्यो
रहरहरु मुटुबाट हटि सक्यो
किन, हो किन? यस्तै नै भो
तिमीले मलाई सोध्दा पनि सोधेनौ
तिमीले मलाइ कहिले पनि खोजेनौ
तिमीले मलाई सोध्दा पनि सोधेनौ
तिमीले मलाई कहिले पनि खोजेनौ
आब त आस पनि मरिसक्यो
रहरहरु मुटुबाट हटि सक्यो
आब त आस पनि मरिसक्यो
रहरहरु मुटुबाट हटि सक्यो
किन, हो किन? यस्तै नै भो",99
201,1994,Uniq Poet,romanized,"वु-वु-वु-वु, वु-वु
वु-वु-वु-वु, वु-वु
वु-वु-वु-वु, वु-वु
वु-वु-वु-वु, वु-वु
वु-वु-वु-वु, वु-वु
वु-वु-वु-वु, वु-वु
आई जस्ट वन्न बे बेटर
बेटर थान ह्वो आई वास बेफोर
पेटियन्स एएनडी एन्डिवर थाट'स माइ रिसिप फोर ग्रोव्थ
एआइएन'टी ट्राइना लाइव विथ आ सिन
लेट थे पोजिटिभिटी विन
आईएफ योउ वन्न ब्रिङ एनी चाँगे
आइटी गोट्टा कोम फ्रोम विथिन्
सो आई वोके यूपी अर्ली आइएन थे मोर्निङ विथ आ मेसेज
योउ'रे ऐथर डेड ओर डेडिकेटेड आइएन थिस पाठ थाट योउ हेडेड
एएनडी आई'एम स्पीकिङ फ्रोम थे कोर ओएफ माइ हर्ट
आइटी'स हार्ड टो लाइव विथ थे लाइट विथआउट इग्नोरिङ थे डार्क
बुट आई ट्राइ माइ बेस्ट काउस थाट्स थे ओन्ली थिङ आई क्यान डो
आई'डी लिके टो थान्क योउ जर्माइने फोर सेटिङ आ गुड एक्साम्पल
इभरी टाइम आई बम्प फोरेस्ट हिल्स ड्राइव
आई टेल माइसेल्फ आई वन्न स्प्रेड थे समे किन्दा विबे
टो थे किड्स आइएन थे वर्ल्ड फाइनली कोम एलिभ
होपे आई स्टिल रिमेन ट्रू टो माइ अथेन्टिक साइड
इन्स्पिरेशन, मोटिभेसन एएनडी एक्शन
लिभिङ विथ थे डिसिजन्स आई माके ड्राइव बाइ प्यासन",172
202,Mana ki raani,Yabesh Thapa,nepali,"हेरन बतासमा तिम्रो नाम
गुञ्जिरहेछ
हेरन बादलमा पनि तिम्रो मुहारको
तस्बिर रहेछ
आकाशका ताराहरू मा पनि
तिम्रो आँखाको चमक रहेछ
तिमीलाई देखेपछि यो पनि
मुटु घायल भएछ
तिम्रो त्यो मधुरो मुस्कान
ती ठूला ठूला आँखाहरू
यो बहकिरहने मनलाई
कसरी मा सम्हालु
मेरो सपनीमा मात्र हैन
बिपनी मा पनि
सधैं भरिलाई हौ न तिमी
मेरी मनकी रानी",41
203,Gala Pukka - Ma Fakauchu Bhanera Hola,Sujan Chapagain,nepali,"के साँच्चै रिसाकै होउ र तिमी?
के रिसाको जस्तो गरेकी?
सुनन, रिसाकै होउ र तिमी?
के रिसाको जस्तो गरेकी?
थाहा छ तिमीलाई, म फकाउँछु भनेर होला?
कि गाला पुक्क पारी हसाँउछु भनेर होला?
कि गाला पुक्क पारी हसाँउछु भनेर होला?
जाउ आज त, फकाउँन्न तिमीलाई, के गर्छौ तिमी?
जाउ आज त, फकाउँन्न तिमीलाई, के गर्छौ तिमी?
साँच्चै रिसाकै होउ र तिमी, के रिसाको जस्तो गरेकी?
हिड्छौ की नाई तिमी कि फुलेर बस्छौ यही
कालो बादल आइसक्यो बतासको साथ भै
हिड्छौ की नाई तिमी कि फुलेर बस्छौ यही
कालो बादल आइसक्यो बतासको साथ भै
थाहा छ तिमीलाई, म फकाउँछु भनेर होला?
कि गाला पुक्क पारी हसाँउछु भनेर होला?
कि गाला पुक्क पारी हसाँउछु भनेर होला?
जाउ आज त फकाउँन्न तिमीलाई, के गर्छौ तिमी?",118
204,Bekcha - Nabola Masanga,Genius Romanizations,romanized,"अल्झियेर बस्न मेरो म्यान ले चाहेन
के॰एस चाहन्छौ मा बाट तिमी, नबिराई भना
अल्झियेर बस्न मेरो म्यान ले चाहेन
के॰एस चाहन्छौ मा बाट तिमी, नबिराई भना
बिरामी म्यान लियेर बसिरहु मा
मानेर तिमी बिना मेरो जिन्दगी छैन
नबोला मा संग, ताढिने भये
नभेटा मा संग, छुटिने भये
नबोला मा संग, ताढिने भये
नभेटा मा संग, छुटिने भये
मा पागल हुदै छु
मा पागल हुदै छु
मा पागल हुदै छु
मा पागल हुदै छु
के॰एस कोरु चिठी तिमीले च्यात्ने भये
के॰एस लेखु मा गीत तिमीले नसुन्ने भये
के॰एस कोरु चिठी तिमीले च्यात्ने भये
के॰एस लेखु मा गीत तिमीले नसुन्ने भये
मेरो भयिदिने हैन तिमी
मेरो भयिदिने हैन तिमी
सुनिदेउ ना प्रिये
अवाज मेरो मर्दै छ आजा
सुनिदेउ ना मलाई",96
205,Thaa Chaina,VTEN,nepali,"हेर न मलाई, कहाँ छु आज, के हुन्छ भोलि
थाहा छैन मलाई जिन्दगी यतिकै बित्ने पो हो कि
तर यो जोश जाँगर अझै साथमै छ
एयी, खासै नराम्रो केही भा छैन
या' हिन्दै छु अझै धेरै हाँस्दै म
या' यस्तै हो पारा लाज लाग्दैन, येअह
मन भित्र हजारैं कुरा छ, सबैलाई बुझाँउन मन लाग्छ
तर या' कसैले बुझ्दैन, किन यस्तो भाको सबै जना (किन)
म पनि चाहान्छु केही न केही राम्रो काम गर्न यो समाजमा
तर या' राम्रो कसैलाई नि पच्दैन, के गर्नु यस्तै छ जमाना, एयी
आफ्नो ठान्नु पनि बेकार, आफ्नो लाग्नै छोड्यो नेपाल
खिन्न भाछु आज एकदम तर मान्या छैन मैले हार
कसलाई के थाहा या' कति गारो रैछ गरी खान
कसैको बाउको केही खाइदिया छुइन
लाइफ चलाई राछु आफ्नै तरिकामा
सोरी, आमा माफ पाउ, मबाट आज धेरै गल्ती भा छ
झुट बोले मैले ढाट्न थाले तिमीलाई जिन्दगीको हर हिसाबमा
परीराछ चोट मुटुको बिचमा पश्चतापले मन जलिराछ तर
खुशी हुन्छौ तिमी जब देख्छौ मेरो झुटो हाँसोलाई पत्रिकामा
येअह, राम्रो त मैले पनि सोचेकै हो, येअह
एयी, तर नराम्रो भैराछ तै पनि जिन्दगीमा लडेर उठ्न खोज्दैछु म आज",160
206,Sushant KC - Mausam ft. Yodda,Genius Romanizations,romanized,"शीश हार्दिक
लिल स्टोन फिन्न कुक थिस बिट
ओह, ओह
थाकी सके मा, थाकी सके
तिम्रो नख्र ले मा थाकिसके मा
थाकी सके मा, थाकी सके
तिम्रो नख्र ले मा थाकिसके मा
बाकी चाइन अली कति पानी ऊर्जा
ऊर्जा मेरो ज्याँ मा
मौसम-मौसम बर्खा ले कस्तो जादो भयो यो झन्
तिम्रो बदन नजिक येही भये सुस्ताउथ्यो यो धड्कन
मौसम-मौसम बर्खा ले कस्तो जादो भयो यो झन्-झन्
तिम्रो बदन नजिक येही भये सुस्ताउथ्यो यो धड्कन
तिम्रै बारे सम्झेर बस्चु खाली तिम्रै बारे, हैन यो के॰एस भयो?
तिमलाई लागी खोजी पो राथे क्या हो तिम्रै लागी
पाये मा टा चौबीसै घन्टा दिन हप्ता
बिहानी रा साझा को भिन्नता चिन्नै गर्हो हुने गरी
मस्ता तान्न हरू को बिच मा
चाइन अरू को, चाइन अरू को केही चिन्ता मलाई
अजकाल के वन्चु, माँ वायो बेकाबु
मलाई याद मात्र हैन आउदछ डीéजे॰एसà वु
हा-हा-हरपाल चलपाल डाइनी केटीए हु
तिम्रो फ्लिर्ट गार्नी टेक्स्ट हरू लाई मा के॰एस ठानु?
का-का-कति दिन, कति दिन वायो मान चा जोखिम
बर्षा वाको दिन, बस्दिन एकचिन, तिमलाई नसोची, वाये मधोसी
तिम्रो रूप देखे सीएसएमसी—माइले झुट देख की
मा-मलाई लाग्दैन रात वारी निन्द्रा
खाली तिम्रै चित्र चा आँखा चिम्लिँदा
एचएमएम, हरेक दिन मेरो सञ्ज्या झै बिच्छ
मलाई आउन डेब्लू तिम्रो बंगैचा वित्र
कोरी राये गीत, भावना वो आतंकित, सोची वाचा बिश
सम्झेर बस्दा बस्दै थाकी सके मा",194
207,Traditional Swang,Tribal Rain,nepali,"सम्झी रहन्छु आज पनि
नदेखेको त्यही कथा
सुन्य रातमा आँखाबाट
भुइमा झरेको त्यही ब्यथा
सुर्यको किरण आँखामा पर्दा पनि
दिन बितेको थाहा थिएन
तिम्रो अङ्गालोमा
झुमी हिँड्छु आज पनि त
सम्झिन्छु त्यो न्यानो पल
तिमीसंग हुँदा, तिमीसंग हुँदा
सम्झी रहन्छु आज पनि
नदेखेको त्यही कथा
सुन्य रातमा आँखाबाट
भुइमा झरेको त्यही ब्यथा
सम्हाली हिँड्छु म एक-एक पाइला
जिउन बिर्सेंको जस्तै हिजो आज
दोभानमा छुटेको खोला जस्तै
तिमीले छोड्यौ मलाई
मेरो संघर्शको दिनमा
साथ नदिनु सक्दा, साथ नदिनु सक्दा",60
208,Maya ma,Sushant KC,nepali,"पर्खी बसेछु त्यही ठाउँमा जाहाँ तिमी आउने भन्थ्याै
थोपा पानीहरूको माझमा रुझी-भिजी म अझैँ कुर्छु
तिमी आउँ या नआउ
म सातै दिन त्यही बाटो हेरी बस्नेछु सम्झदै
तिम्रो त्यो मुस्कानलाई
मायामा परेछु म, आज यो के भयो?
छाया तिम्रै चाहाँन्छु जीवनमा मेरो
मायामा परेछु म, आज यो के भयो?
छाया तिम्रै चाहाँन्छु जीवनमा मेरो
केही अघिको कुरा यो, भेटेको उसलाई पोखरामा
आँखा मेरो अडियो उसको ति गुलाबी गालामा
हिँडे म नि पछिपछि, भुले अब सब कुरा
मनमा मेरो खेल्छन् कुरा, तर भन्न सक्छु र?
सुस्तरी-सुस्तरी हिँडे म उनको तिर
उनले हेरिन मलाई गहिरा ति आँखाले, बढ्यो मेरो ढुकढुकि
ऊ पनि आइन म तिर, सोधिन मलाई येदि कहिँ बाट चिनेको छु
किन रोकिन मैले आफुलाई, भने सारै नै राम्रो तिम्रो मुहार देखेर
लाग्यो मिठो होला तिम्रो आवाज
मेरो साज बनाइदेउ अब एक सीयूपी कफी को साथ
पुगेर त्यो कुनाको क्याफे मा गराैं हामी कुराकानी खुलेर
भुलेर सबै कामसाम, बस्छु तिमीलाई नै सुनेर",136
209,VTEN - Thaa Chaina,Genius Romanizations,romanized,"हेरना मा मलाई, काहा छु आजा, के हुन्छ भोली?
था चाइन मलाई, जिन्दगी येतिकै बित्ने पो हो की?
तारा यो जोश-जागर अझै साथमै छ
एयी, खसै नराम्रो केही भा चाइन
येअह, हिँदैछु अझै धेरै हास्दै मा
येअह, येस्टै हो पारा लाज लाग्दैन, येअह
म्यान भित्र हजारौ कुरा छ
सबैलाई बुझाउन म्यान लाग्छ
तारा या कसैले बुझ्दैन
किना यस्तो भाको सब्जना?
मा पानी चाहन्छु केही ना केही
राम्रो काम गर्न यो समाजमा
तारा या राम्रो कसैलाई नि पच्दैन
के गर्नु येस्टै छ जमना, एयी
आफ्नो ठाँनु पानी बेकार
आफ्नु लाग्नै छोड्यो नेपाल
खिन्न भाछु आजा एकदम
तारा मान्य चाइन माइले हार
कसलाई के॰एस था? या कति गारो रैछ गरिखाना
कसै को बाउको केही खाइद्या छुइन
लाइफ चलाइराछु आफै तरिका मा
सोरी, आमा माफ पाउ
मा बाट आजा धेरै गल्ती भाछ
झुट बोले माइले धत्न थाले तिमीलाई
जिन्दगीको हर हिसाबमा
परिराछ चुट मुटु को बीचमा
पश्चातप ले म्यान जलिराछ
तारा खुसी हुन्चौ तिमी जाबा देख्छौ मेरो
झुटो हासो लाई पत्रिकामा",134
210,Yatra,VTEN,nepali,"येअह, येअह, येअह, येअह, येअह, येअह, येअह, येअह
येअह, एयी
ह्वोआ-ओह, यात्रा म गरिराछु , हिजो देखि आज सम्म
आँखा बन्द गरि बस्न मन छ आनन्दमा
येअह, एयी, एयी
ह्वोआ-ओह, एक्लै म लडीराछु (किन) धेरै चोटी हार पनि खाछु
हारे पनि दुःख गरिराछु म
येअह, येअह
म याद गरिराछु मरो पुरानो दिनहरू
सम्झना आउछ म मेरो केटाहरूलाई मिस गर्छु
ए खै कहाँ गयो त्यो रण्डी चिक्स हरू?
तर मुजी मलाई पनि बाल म त चिल मा छु
आफ्नै तालमा बसेर हराइराछु
आफ्नतहरुको लागि म आज पराई भाछु (किन)
राम्रो गर्न खोज्छु अन्तय सजाय पाउँछु
त्यसैले उपहार ठानेर मनमा सजाइराछु, येअह (किन)
दुखीराछ मेरो मन, एयी, हुन त मेरो पनि गल्ती छ, येअह
गाह्रो भयो मलाई झन, येअह, मुटुमा यादहरू बल्झिदा
एयी, दुखीराछ मेरो मन, एयी, हुन त मेरो पनि गल्ती छ, येअह
गाह्रो भयो मलाई झन, येअह, मुटुमा यादहरू बल्झिदा",125
211,Aau Timi,Prabesh Kumar Shrestha,nepali,"[
लिरिक्स फोर प्रबेश कुमार श्रेस्थ - आउ तिमी आइएन नेपाली]
खोजेर यहाँ पाहिन्न्न माया पहिलो जस्तै
कल्पना कै संसारमा भेटौ हामी दुई
भोलि फेरी भेट होला या न होला
दिन हरु गन्दै बसी रहेको छु म
आउ तिमी यो जिन्दगीमा
संगै बाचौला यो समयमा
नजिकिंने प्रयासहरु मा
अंगालो मै बाधी राखौला
तिमीलाई म, तिमीलाई म
निसब्ध छु म तिम्रै अगाडि, के भनु खै
भए जति सबै आँखाहरुले भन्दै छन् है
सपनी, सधै आईरहन्छ तिम्रै मलाई
बिपनिमा भनि सारै नै सातौ रहन्छ
बोली सबै गुम्सिएर बसिरहेछ मन भित्र
लेखिरहेछु यो गीत तिम्रै प्रतिक्षा मै मत
समयको पर्वा छैन मात्र तिमी आई देउन
बसौला हामी संगै यो गीत गाई रमाएर",91
212,Balidan,Balen,nepali,"देशको रक्षा गर्ने जती सबै चुतिया छन्
नेता जती सबै चोर, देश लुटी खाछन्
आमाको सारीमा, कट्टु सोची मुतिराछन्
खानेबेला एक, गर्ने बेला फुटिराछन्
नाङ्रेस, नेमाले, नाउबादी
सबै मिली घुमी देश खाउँ बाँडि हामी
सधै चिलिम फुकी जस्तो केस नि बिगारी
सस्तो सारी, महँगो गाडी
कानुन कयदालाई नाङ्गो-बाङ्गो पारिदै उघारी
नारीमा कुमारी जोगाउने बलतकारी
खाडिमा चिनारी लुटाउने सधैं हामी
बाढिमा बिरामी फुकाउने त्यही पानी
देशको कर्माचारी शक्तिशाली सरकारी
३० हजार को तलब, ३० वटा घरबारी
बिचबजारको सडक बिसवटा खाल्डो पारी
खल्ती भारी, बैन्क मारी, सात तहको अधिकारी
कस्ले तिर्ने सात समुद्र पारी देशको सात उधारी
गाई त बान्यौ ढुङ्ग्रोमा, मोइ छैन, मोइ छैन
गरिबको, चमेली, बोल दिने कोही छैन
गरिबको बोल दिने कोही छैन, कोही छैन
गरिबको, चमेली, बोल दिने कोही छैन
पुरानो भो इतिहास केहि फेरिएन
बाँकी हुँदा एत्ती सास मोहा मेटिएन
कहाँ कुद्छ रेल, यहाँ बाटो भेट्टिएन
कलाकारलाई जेल, मुर्खा लाटोले बुझेन
जङ्गल भयो फडानी, त्यो आगोनै निभेन
सात तोपको सलामीमा बाठोनै थिएन
कसरी पो बन्छ देश, बिदेशी माटो किनेर
हेर त्यो मुटु चिरेर, छिमेकीनै तिम्रो मनमा
त्यो आत्मियता हैने आँखा लाछौ तिमीले धनमा
अपराधी देशमा छन, घुमिराको साईरनमा
सफा पानी चढाकोछ आउँदैछ रे साईकलामा
फोक्कटमा बेच, मेलम्ची कस्ले ल्याईरहन्छ
यो ब्यापार हो सबै, यो राजनिती हैन
यो राज्यको राजाहरुमा राजयोगनै छैन
यो रामराज्य हैन, राम्रोनै रमाउदैन
नराम्रो नै हाम्रो भो, जो कमाउदैछ",180
213,Lolayaka Ti Thula,Ghulam Ali,nepali,"लोलाएका ति ठुला, तिम्रा दुई नजरले
हेरिदिए मलाई, चाहिन्न अर्को केहि
लोलाएका ति ठुला, तिम्रा दुई नजरले
हेरिदिए मलाई, चाहिन्न अर्को केहि
लोलाएका ति ठुला
सौभाग्यशाली औठी, तिम्रो त्यो हातको भै
सौभाग्यशाली औठी, तिम्रो त्यो हातको भै
स्पर्श मात्र पाए, चाहिन्न अर्को केहि
सुन्दर मुहार तिम्रो, चन्द्रमा सर्माउने
एक पल्ट देख्न पाए, चाहिन्न अर्को केहि
लोलाएका ति ठुला
छिनेको त्यो कटि मा, जलको घडा सरि भै
छिनेको त्यो कटि मा, जलको घडा सरि भै
टाँसीईरहन पाए, चाहिन्न अर्को केहि
काला घटा भदौका, जस्ता ति केशरामा
छायाँ भए मलाई, चाहिन्न अर्को केहि
लोलाएका ति ठुला, तिम्रा दुई नजरले
हेरिदिए मलाई, चाहिन्न अर्को केहि
लोलाएका ति ठुला",87
214,"DJ Bishow - Aattinchey ft. Yabesh Thapa, VEK & Bizen",Genius Romanizations,romanized,"जाबा काँची आत्तिन्छे, बिनी सित्तिकै म्याटिन्चे
ताबा मेरी सानी कमबार हललाई मेरो लागी नाच्दिन्छे
ताबा मेरो ओठा ले, तिम्रो ओठा लाई खोजी राको हुन्चा
तिमलाई चाइनै तहै
तिमीलाई चाइन ताहा के॰एस हुन्चा भनेर यो मेरो मुटु लाई
मलाई औधोरो बनाई नजाउ ना तिमी त्यो क्षितिज पारी
जाबा तिमी चाइनौ मेरो सामु हुन्चा यो माना भारी
अबा नाचोडा यी हात फसाई मलाई तिम्रो माया माया जालाई मा
माया माया जालाई मा, लाठै पेयरी तिम्रो त्यो मोहनी को यो मातै मा
माया माया जालाई मा, माया माया जालाई मा
लाठै पेयरी तिम्रो त्यो मोहनी को यो मातालाई मा
जाबा काँची एटिन्चे, बिनी सित्तिकै म्याटिन्चे
ताबा मेरी सानी कमबार हललाई मेरो लागी नाच्दिन्छे
ताबा मेरो ओठा ले, तिम्रो ओठा लाई खोजी राको हुन्चा
तिमलाई चाइनै तहै
योउ केएनओडब्ल्यू ह्वो'स ब्याक अगाइँ
काँची गर्न थाली माँ पारी हार घडी
काटा दुक्च भनी सोछ्चु भाँचा मुटु भरि
आतंका मचाउन सिपालु, हेरै चा बिशालु
माँ भा चा बेकाबु
मायालु थितो बोकी मिठो बोली गीता कोरी भइर चा डेजा वु
तिम्रो मा भेनाजु
तिम्रो साथी को साथी लाई भनिदिनु
हेरा मा टा अबा एटा चु
सायौ प्रश्न मेरो थरी थरी वारी पारी
काटा गायिन भनी खोज्छु उनलाई घरी घरी
झलक उनको पाउन बाची रचौ मारी मारी
लाखौ हजारौ मा एक तान्नै पारी सारी अगी",181
215,Bhikhaari,Oasis Thapa,nepali,"सुरु भो साँझ सम्झिँदै नाम फेरि तिम्रै, पियारी
खतम कहिले हुनी हो? मेरो दम घुट्दै छ नि
लाओ के अचम्मको लत तिम्रो? छुट्दै छुट्दैन नि
पहिल्याएको भए पहिल्यै माया लाउनी नै थिइन नि
मेरो आँसु तिमी, मेरो खुसी पनि
सपनीको इन्द्रिय रङ्ग सबै तिमी
खडेरीको तिर्खा, हावाको शीतलता
मीठो निन्द्राको न्यानो सिरानी तिमी
मेरो (मेरो) सबै तिमी (सबै तिमी)
तिमी मेरो सबै (मेरो सबै)
मेरो (मेरो), ओह-ओह-ओह
आ-हा-हा-हा...
भर्यौ छाती सासले तिम्रो, त्यही सास कहाँ छ मेरो? (छ मेरो)
लोभी नबनूँ कसरी, कान्छी? पर्छ नि अप्ठेरो (अप्ठेरो)
तिमी त गऊ लुटेर, माया, जे बाँकी थ्यो त्यो पनि (त्यो पनि)
अन्धो यी आँखा, लाटो मन मेरो, भओ नि बिचल्ली (भओ नि बिचल्ली)
रित्तियो आत्मा, जिउँदो लास भएझैँ भओ नि
रित्तियो आत्मा, जिउँदो लास भएझैँ भओ नि
छायाँ नै मेरो सहारा एक्लो, त्यो नि नमाग सापटी
तिम्रो मायामा मैले कुरेँ यसरी कि भएँ म भिखारी",136
216,Fuck Song,Vek,nepali,"ओन्ली थिङ आई मिस राइट एनओडब्ल्यू बेबी
तिम्रो माया तिम्रै साहारा
आई एएम सो ओवर एएनडी आई एएम सो डोन नानि
तिम्रो नाटक तिम्रै बाहाना
माया यो खेल होइन
आई गिवे यूपी बेबी तिमि मान
थान्क योउ लोव आइटी मे बे वास शोर्ट
बुट योउ फक मे यूपी एएनडी एएलएल ओएफ माइ लोव एएनडी चाहाना
अनि झुटो सपना तिम्रो (झुटो माया)
अनि झुटै सपना तिम्रो
बेबी गर्ल, योउ फक मे यूपी
फक मे यूपी
बेबी गर्ल, योउ फक मे यूपी
फक मे यूपी
या या या
थिस आइएस 5:55
लेट्स गो
या या
नजिक छैनौ मलाई घेर्न थाल्यो सुन्यता ले
एकान्ता मा नि मैले तिम्रै आवाज सुन्न थाल्ये
नशा मा जस्तै लथै पर्दै तिम्रो सुन्दरता ले
आज हामि बादल माथि हात समात्दै उड्न पाए
हे मेरो बेबी तिम्रो माया लाग्छ हिवी
जिन्दगी लामो छ यदि फेरी तिमीलाई मैले भेटि मेब अंगालो मा बेरी
पहिला जस्तो छैन केहि, हेरी मात्र रहन्छु होला सायद तिमीलाई भेट्दा खेरि
तिम्रो मायाले गर्दा म आज हाइ भए
बिर्सिन चाहन्छु सम्झना फेरी आइ रहने (आइ रहने)
फकाउन खोज्दा तिमि जहिले रिसाइ रहने
आई क्यान अल्सो फक योउ यूपी यदि मैले चाहे भने
बुझ्न सकेनौ तिमीले यो मेरो मन
ठिक हुन्छ भनेर अब तिमि मलाई नभन
तिम्रै सम्झनामा जहिले तान्दै बस्छु मरिवाना
मेरो याद आएमा घडी हेर देख्छौ 5:55",182
217,Phul Butte Sari,Pratik Gurung,nepali,"फुलबुट्टे सारी छपक्क पारी
पछौरी मलमलको
फुलबुट्टे सारी छपक्क पारी
पछौरी मलमलको
कौसीमा बसि तिमीले हेर्दा
मन मेरो हल्चल भो
कौसीमा बसि तिमीले हेर्दा
मन मेरो हल्चल भो
कान्छीको केश फिजारीएछ
मै कोरी बाटी गर्देउ कि
रेसमी चुलटो उडाई घुम्टो
मायाको रङ्ग भरिदेउ कि
मायाको रङ्ग भरिदेउ कि
जै फुली सक्यो जुइ फुली सक्यो
चमेली फुल्दै छ
जै फुली सक्यो जुइ फुली सक्यो
चमेली फुल्दै छ
किन होला कुन्नी यो मन
मेरो तिमी तिर भुल्दै छ
किन होला कुन्नी यो मन
मेरो तिमी तिर भुल्दै छ",66
218,Khali,Bikki Gurung,nepali,"भन थियौ मलाई माया गर्छौ
मरी-मेटी तिम्रो कसम
चोरेर मेरो मन, चिरेर मेरो छाती
छाडी गयौ एक्लै यहाँ
छैन केहि गुनासो हेर, छैन केहि अब आशा
तिम्रो र मेरो याद हेर, सम्हाली राखौंला मनमा
जाउँ-न-जाउँ हाँस तिमी, जाउँ-न-जाउँ रमाउ
मेरो त खुशी तिमी नै थियौ, खालि भएछु म आज
खालि मेरो साँझ (साँझ)
खालि-खालि मेरो दिन-र-रात
खालि (खालि) मेरो संसार (मेरो संसार)
खालि भएछु म एक्लै यहाँ (एक्लै यहाँ)
आँखामा आँसु (आँसु), मनमा छ पिडा (पिडा)
हाँसेर हिंड्छु मान्छेको भिडमा
मेरो गुनासो खै कसलाई पोख्ने?
तिमी नै थियौ मलाई बुझ्ने
छाती छ भारी (भारी) संसार रित्तै (रित्तै)
मनको यो घाउ (घाउ) खै कहिले मेट्ने?
खोजेर ल्याउ (ल्याउ) खै मेरो माया?
तिमी छौ कहाँ, म भए कहाँ",113
219,Sunideu,Apurva Tamang,nepali,"ओह माया गाजलु आँखाको त्यो हेराई
सुनिरहू झैँ लाग्ने त्यो बोलाई
मायामा पारेऊ किन हो मलाई
हेर न सुनी दिन्छु कुरा त्यो सबै
तिम्रो हातमा हात थमाई
समाली राख्छु तिमीलाई सधैं
घामको त्यो किरण जस्तो उज्यालो हेराई
अन्धकारको जीवनमा
दिएउ माया धेरै
घामको त्यो किरण जस्तो उज्यालो हेराई
अन्धकारको जीवनमा
दिएउ माया धेरै
समय त बितेको थहा हुदैन तिमीसंग
तिम्रो न्यानो अंगालोमा
तिमी हास्दा जहिले कोरिंन्छ मनमा
खुशीको रंग मेरो न्यानो यो मुटूमा
सुनिदेउ, आउने छ बाधाहरु धेरै
नछोडिदेउ मेरो साथ कतै
समाली राख्छु सधै तिमीलाई",68
220,Chitta Bujhaunu,Salil Maharjan,nepali,"निदाउनु कसरी
तिम्रै त्यो तस्बीर नहेरेर
ब्युझीनु कसरी
तिम्रै बारेमा नसोचेर
लै जाउ मलाई
अंगालीएर
तिमी जान्छौं कतै
पश्चिमै तिर
सयद नभेटे भए
आशा गर्दिन थे
तर भाग्यले नै
आशा बदल्दै छ
चित्त बुझाउनु कसरी
यो हात खाली छ
दुख लुकाउनु कसरी
यो मनले पोख्दिन्छ
मध्यरातमा कुराकानी
गर्दै हाम्रो साथ बित्छ
आकाशको तारा झैँ हामी भेटने दिन
गन्दै हाम्रो साथ बित्छ",42
221,K Yo Maya Ho,B-8eight,nepali,"के यो माया हो?
आज मलाई यो के भएको?
कस्तो नौलो आभास हो?
आफैमा हराउछु म
के यो माया हो?
आज मलाई यो के भएको?
के भनु म तिमीलाई नै
सोधी रहन्छु खोजि रहन्छु तिम्रै बारेमा
गाँट्ठे! यो के भो?
मेरो मनको काम फत्ते भो
सत्य हो, मेरो हालत प्रेमीको दुरुस्त भो
पिरतीकै गीत किन गुनगुनाउन थाल्छु म?
यो भन्दा अनौठो सुनला तर उनकै सोचमा व्यसत छु म
आसचरीय लाग्छ आज देख्दा आफ्नै स्वोभाव
बदलिदै गएका यी बनि सबै उनकै प्रभाव
अभावमा उनको फेरी मेरो मन हुन्छ खिन्न
फरक लाग्छ सबै कुरा आज सबै भिन्न
चलचित्रको दृश्यमा झैँ स्लोव मोशनमा छैन
तर अनुभवी प्रेमीले भनेका कुरा नभाको पनि हैइन
दोहोरिएर अाउँछ भन्थे एउटै मान्छेको सोच
विशिषट श्रेणीको यो पलमा बिर्सिन्छन रे सबै थोक
महसुस गर्दैछु आफै भित्र यी परिवर्तन
नौलो छ आभास खुसी डर उत्साहको मिश्रण
आत्तेको मेरो मन छ उ खोज्दछ अारक्षण
कसलाई सोधु के म गरु मायाको नै हो कि यो लक्षण",137
222,Banideu,Akash Khadka,nepali,"बनुदेउ"" इन्युनसिएट्स फीलिङ्स ओएफ आकाश खड्का टावार्ड्स हिस सिग्निफिकेन्ट ओथर. ओन जुने 02, 2021, आकाश टिज्ड थे सोङ ओन हिस युट्युब, अफ्टर आइटी गाइनेड पपुलारिटी ओन टिकटक.
म कालो रात तिमी चन्द्रमा
यसै बिति जाने नै हो
तिमी टुक्की बन मेरो अँधेरीमा
किरण आउछ खुशीको
खोजि रन्छ तिमीलाई मन, निशासिदा पनि
सोचि रन्छ तिम्रै बारे
दिन रात भुलि सकेछ
तिम्रो यादमा
म जान्छु आकास छुन
जहाज बनिदेउ
तर्ने छु म समुन्द्र
बहर बनिदेउ
जाने छु त्यो युद्दमा
साहस बनिदेउ
हराउने छु हर हारलाई
प्रयास बनिदेउ",69
223,Sadhana,John Rai,nepali,"एमएचएम, एचएम-एचएम-एचएम-एचएम
एमएचएम
त्यतिकै छोड न केशलाई
उदाउन देऊ हावालाई
डुब्छु होला तिम्रै आँखामै
डुबी रहनछ त्यही मलाई
म, म माया मार्दिन
तिमीलाई छाड्दिन
म माया मर्दिन
तिमी मानमा छौ मेरो
सम्झना हौ मेरो
कहिले बिर्सिन्न
छाया हौ कहिले नछुट्ने
सपना हौ हर रात आउने
मन यो कहिले नमर्ने
तिमीलाई सम्झी, तिमीलाई सम्झी
एचएम, एचएम-एचएम-एचएम-एचएम
एचएम-एचएम-एचएम-एचएम, एमएचएम",49
224,"Ko Hau Timi (From ""First Love"")",Karma Band,nepali,"को हौ तिमी, मेरो को हौ तिमी?
को हौ तिमी, मेरो को हौ तिमी?
आँखामा हेर मेरो सपना छ
त्यो सपना भित्र एउटा संसार छ
त्यो संसार तिमी बिना अधुरो छ
त्यो संसार तिमी बिना अधुरो छ
थाहा छैन किन, चोखो माया गर्छु
मेरो आयु तिमीलाई सरे तिम्रै समु म हाँस्दै मार्छु
कसकी हुन्छौ कहाँ हुन्छौ?
मेरी हुन्छौ, हुन्नउ के छ?
ती सबैको मत्लब छैन, तिमी हँसे मलाई पुग्छ
तिमीलाई थाहा नहोस तर एकोहोरो माया गर्छु
एकोहोरो माया गर्छु
हेहेहेहे, हेहेहेहे, हेहेहेहे, नाना
हेहेहेहे, हेहेहेहे, हेहेहेहे, नाना
मेरो दुःख पन्छाउदै, नजिक भन्दा नजिक भाछौ
कस्तो नाता साइनो सम्झि, मेरो आंसु पुछी रछौ
सन्का लाग्छ बिना माया यती स्याहार कसले गर्छ
बिना माया कसले गर्छ?
को हौ तिमी, मेरो को हौ तिमी?
को हौ तिमी, मेरो को हौ तिमी?
आँखामा हेर मेरो सपना छ
त्यो सपना भित्र एउटा संसार छ
त्यो संसार तिमी बिना अधुरो छ
त्यो संसार तिमी बिना अधुरो छ
थाहा छैन किन, चोखो माया गर्छु
मेरो आयु तिमीलाई सरे तिम्रै समु म हाँस्दै मार्छु",147
225,Timro Aankha,Swoopna Suman,nepali,"आऊ मेरो नजिक, हाम्रो धड्कन साँटि हेरै
तिमी सुन, म सुनाउन्छु मन भरिका मेरा मायाका धुनहरू
तिम्रो आँखामा डुबि हेर्दा मेरै आकृति भेटाए
तिम्रो ओठलाई चुमी हेर्दा मायाको अर्थ थाहा पाए
तिम्रो हातलाई थामी बस्दा साथको अर्थ थाहा पाए
भन्नु मेरो एति नै हो तिम्रो लागि अब
मन मेरो आत्तेको बेलामा हाँसो तिम्रै साहारा बनोस
गाम्रीले सताउदा तिम्रै केशको शीतल छाहारी मिलोस
दिनलाई घाम, रातलाई जुन झैँ मलाई तिम्रो भर
हो, अंगालो तिम्रै होस् मेरो थाकेर पुग्ने घर
हो, अंगालो तिम्रै होस् मेरो थाकेर पुग्ने घर
आऊ मेरो नजिक, हाम्रो धड्कन साँटि हेरै
तिमी सुन, म सुनाउन्छु मन भरिका मेरा मायाका धुनहरू
रुखो-रुखो मेरो जीवनमा आयौ तिमी बर्खाको शीतल झरी बनि
माया यति घेरै माया नदेऊ तिमी मेरो मुटुले थाम्नै नसक्ने गरी
ओ-हो-हो-हो, जे छ मेरो सबै तिमी नै हैउ
सधैं भरी यसै गरी माया गर
छौ तिमी सधैं नै सँगै यो आशा होईन भरोसा मेरो
दुई चार वर्षको होईन यो नाता हाम्रो जुगै जुगको हो
एक्लो यो मनको अब तिमी बिना को नै छ र?",151
226,Phone Ko No. ?,Sushant KC,nepali,"तिम्रो फोन को नम्बर देऊ मलाई आज
गर्छु म क्याल सुन्न त्यो मीठो आवाज
बरु लिएर जाऊ मलाई कुनै ठाउँ,"" भनी उसले
एउटा राम्रो कथा सुनाऊ
आज यो रातमा जुनकिरी नाचिरहेको
म तिम्रो साथमा हात समाई हाँसिरहेको छु
तिम्रो सिर मेरो काँधमा, यो रमाइलो साँझमा
हात छ हातमा, हराऊ मेरो अँगालोमा
(अँगालोमा, अँगालोमा, अँगालोमा, अँगालोमा)
पर्खी बसेँ यो घर बाहिर, तिम्रो झलक चाहिरा
सोची बस्छु, के तिमी पनि बन्छौ सहारा बनि?
पछिपछि, लुकिलुकि हेर्छु म तिमीलाई यसरी
एकैचोटी आँखा जुधे अब भन्छु तिमीलाई यसरी
तिम्रो फोन को नम्बर देऊ मलाई आज
गर्छु म क्याल सुन्न त्यो मीठो आवाज
बरु लिएर जाऊ मलाई कुनै ठाउँ,"" भनी उसले
एउटा राम्रो कथा सुनाऊ
आज यो रातमा जुनकिरी नाचिरहेको
म तिम्रो साथमा हात समाई हाँसिरहेको छु
तिम्रो सिर मेरो काँधमा, यो रमाइलो साँझमा
हात छ हातमा, हराऊ मेरो अँगालोमा
(अँगालोमा, अँगालोमा, अँगालोमा, अँगालोमा)",122
227,Sayau Thunga Phoolka Hami (Nepal's National Anthem),Byakul Maila,nepali,"सयौ थुङ्गा फूलका हामी एउटै माला नेपाली
सार्वभौम भै फैलिएका मेची-महाकाली
सयौ थुङ्गा फूलका हामी एउटै माला नेपाली
सार्वभौम भै फैलिएका मेची-महाकाली
प्रकृतिका कोटी-कोटी सम्पदाको आंचल
बिरहरूका रगतले स्वतन्त्र र अटल
ज्ञान भुमी, शान्ति भुमी, तराई, पहाड, हिमाल
अखण्ड यो प्यारो हाम्रो मातृ भुमी नेपाल
बहुल जाति भाषाधर्म सस्कृति छन् विशाल
अग्रगामी राष्ट्र हाम्रो जय-जय नेपाल",51
228,Muskurayera,Sushant KC,nepali,"मुस्कुराएर भनन मात्र गर्छु पुरा म चाहाना तिम्रा
लेखि, लेखि पानाहरूमा साहारा तिम्रैले
यो ढडकनलाई ढडकनले बढाउछ
टाढा भए पनि मुटुले मुटुलाई बोलाउछ
यो रात र दिन तिम्रै न्यानो त्यो अंगालोको
प्रतिक्षा गर्दै बसि रहेछ यो मन
यो रात र दिन तिम्रै न्यानो त्यो अंगालोको
प्रतिक्षा गर्दै बसि रहेछ यो मन
मुस्कुराएर भन्छु म पनि मनका कुरा
झन लजाएर नभागन तिमी—सुनन सुन
चलिरहेछ यो जीवन, हासि खुसी रहि आज
नहुन् थियो तिमी यो जीवनमा, खाली, खाली संसार
यो रात र दिन तिम्रै न्यानो त्यो अंगालोको
प्रतिक्षा गर्दै बसि रहेछ यो मन
यो रात र दिन तिम्रै न्यानो त्यो अंगालोको
प्रतिक्षा गर्दै बसि रहेछ यो मन
एक-दुई दिनहरू त केही होइन
हजारै तिम्रै लागि पर्खी बस्छु म
एक-दुई दिनहरू त केही होइन
हजारै तिम्रै लागि पर्खी बस्छु म",110
229,Kathaa,VTEN,nepali,"थे बल्लाद-राप सोङ एकम्पनीड बाइ धर्मेन्द्रस पियानो, कठाए आइएस लिरिकल डिसेप्सन ओएफ टेन्स म्युजिकल जर्नी. ईएच ओएफ थे वर्स कन्भेस आ स्टोरी परललेल टो ईएच ओथर फ्रोम टेन्स फेथर्स... रिड मोर
एयी, येअह
एयी, येअह
आज म जसोतसो आफ्नो पेट पालिराछु
पुरनो गाउँ पुर्खैली खेत बारीमा छु
डाँढा परी जान्छु दौराको भरी हाल्छु
जसरी भए पनि दुःख गरी बाचीरा छु
साथमा परीवार आमाबाउ छोराछोरी
खुसी छु म सुत्न पर्या छैन बोरा ओधि
के होला भोलि सपना बुन्न छाढि सके
जितको आश छैन किन कि म हरी सके
धन कमाउनलाई जब घर मैले छादी गाथेँ
बाकीको पुरा दश बर्षा म खाडीमा थेँ
बिदेश तिरा जानु पर्यो सब थोक छोदेर
सोची राथेँ बस्नु पर्ला घर जग्गा जोडेर
तर तेस्तै पारा खै त?
कमाइ नै हुँदैन खान बस्न ठिक्क पैसा
मलाई नै पुग्दैन
छोराछोरी हुर्किदै छ खर्च दिनै पर्यो
थोरै पैसा जम्मा गर्द वर्ष दिन नै गयो
बाटो खोज्द बाटो पाइन
फल्नेफूल्ने माटो पाइन
सायद भुल गरे मैले
भगवान गुहार्दै मन्दिर धाइन",138
230,Maya,Ashutosh KC,nepali,"बुट योउ डोन'टी लुक लिके फोएसिल
थाहा छैन के हो यो
भावना अनौठो
के यही माया हो?
के यही माया हो?
माया होइन भने किन हेर्थेँ म तिमी तिर?
भए पनि मनका कुरा भन्न सक्थेँ र?
एचएमएम, एक्लै बसेर मुस्कुराउनु हो माया
तिमीलाई हेरेर रमाउनु हो माया
बरालिने मन त हो
यादले जीवन सजाउनु हो माया
ओ-हो-हो-हो
ओ-हो-हो-हो
ओ-हो-हो-हो
ओ-हो-हो-हो
आएँ म त हेर तिम्रै रहरमा
भन कहाँ जाऊँ म?
बसूँ कि तिम्रै मनको घरमा
सबै भावना राखेर?
भावनाहरू त उडी जान्छ तिमीलाई हेरेर (तिमीलाई हेरेर)
राखेछु तिम्रै मायाको डोरीले बेरेर (डोरीले बेरेर)",93
231,Samjhana Birsana,Tarzan Lepcha,nepali,"कस्तो छ गाउँले
यस्तै छ, देखी हाल्यौ
सम्झना बिर्सना सललल-ल
झन्-झन् बढ्यो तिर्सना सललल-ल
सम्झना बिर्सना सललल-ल
झन्-झन् बढ्यो तिर्सना सललल-ल
मायाको डोरीले तिमीलाई बाधुला
मायाको डोरीले तिमीलाई बाधुला
दिलको मोटर कारमा तिमीलाई चढाउला
सम्झना बिर्सना सललल-ल
झन्-झन् बढ्यो तिर्सना सललल-ल
सम्झना बिर्सना सललल-ल
झन्-झन् बढ्यो तिर्सना सललल-ल
यो गाउँमा, यो ठाउँमा
मग्मगाउँदा फूलहरु फुल्दा रैछन रे
मनको कुरा मुखमा ल्याई
झिम-झिम गर्ने परेली बोल्दा रैछन रे
गुनगुनाउने भुन्भुनाउने
बैसालु भमरा डुल्दा रैछन रे
हे, पग्ली झरेसी
नजाउन रेलीमै सडक झरेसि
नजाउन रेलीमै सडक झरेसि",77
232,Mero Sapana,The Shadows 'Nepal',romanized,"मा खोज्दै चु
जीवन को शान्ति
मा रोज्दै चु
आउने खुसी
कसरी बिच्छ अन्धकार जीवन
साचो पाउचु कहिले
मेरो सप्न मेरो सप्न...
किना हिड्दै चु
कुरा धेरै साची
उत्तर मा दिदै चु
मान मा प्रस्न बोकी
काहा पुग्छ मेरो जीवन
सफल हुन्चा की हुदैन
मेरो सप्न मेरो सप्न...
मान्छे को जिन्दगी मा
सुखा दुःख चली रहन्छ
तारा हिम्मत मा हर्दिन
मेरो दिन आवस्य आउनेछ
यो रित पुरानो हो
कहिले कहि धेरै सोच्चु
सोचे जस्तो हुन्चा हुदैन
मेरो सप्न मेरो सप्न...",61
233,Aago Ko Jhilko,Chirag Khadka,nepali,"जति अघि सर्यो, त्यति अघि बडी राछु
पुग्ने कहाँ हो? थाहा छैन मलाई नै म कहाँ छु
खोलामा डाइव गरे पनि माथी तैरिराछु
ब्युटीफूल लाइफ मा पोजिटिभ विबे छरिराछु
सबैलाई चाहिने केहो बिस, कुरा ठिक हो तर ठिस
किन कि तिम्रो एगोलाई ठाउँमा राख प्लीज
कम गर्ने गर रिस, नसोची बोल्दा बीस
ठुस्केरै बस्छौ भने तिम्ले केहि पाऊदैनौ इसस्
नसुतिकनै तिम्रो हरेक रात बित्छ
संखा र संखोजमा दुख र लास्ट पिडा
पैसा लाग्दैन मान यहाँ मुसुक्क हाँस दिदा
मजाले जोइन्ट तान मैले तिम्लाई पास दिदा
लामो लामो साँस अनि चिल ब्रो
पफ-पफ पास पोजिटिभिटी नै फिल्ल्ड भो
केहि कामै छैन पहाड बनाएर टिलको
यो ब्राहमाणमा हामी केबल आगोको झिल्को
लामो लामो साँस अनि चिल ब्रो
पफ-पफ पास पोजिटिभिटी नै फिल्ल्ड भो
केहि कामै छैन पहाड बनाएर टिलको
यो ब्राहमाणमा हामी केबल आगोको झिल्को
आगोको झिल्को, आगोको झिल्को, आगोको झिल्को
आगोको झिल्को, आगोको झिल्को, आगोको झिल्को
आगोको झिल्को, आगोको झिल्को",129
234,Jhari,Yabesh Thapa,nepali,"समय सँगै
हिड्ने कोशिस
आफैलाई
चिन्ने कोशिस
भागीराछु, डर लाग्छ
कतै यो मन फेरि अल्झि लड्छ (अल्झि लड्छ)
यो झरी ओर्ली आकाशमा, घाम आएपछि
ती किरण महसुस गर्न मन छ (मन छ)
यो इन्द्रेणी आई आकाश खुसी भए जस्तै
मलाई नि मुस्कुराउन मन छ (मन छ)
यो चराचुरुङ्गी बतासमा खेलि हिँडे सरी
मलाई नि उडिरहन मन छ (मन छ)
यो क्षितिज माथि
यो संसार पारी
एक्लै बसि सास फेर्न मन छ (मन छ)
खोजी रहन्छु आफैलाई
यो भीड भित्र अल्झिरहेको छ कि मेरो
मन?
सोधीबस्छु आफैलाई
के यही नै होर
जीवन?
बर्खामा रुझिरहन्छु
फिक्का लाग्दैछ जिन्दगीका रंगहरू
कोरेका चित्रहरू सँगै
बगिगए भावनाहरू (भावनाहरू)",86
235,Behos,Sushant KC,nepali,"बेहोस भए म, बिउझाउ है तिमी मलाई
मन खोज्छ बाटो, तिमी सँग हुनलाई
आँखै न हटने कस्तो मुहार?
नाचौ-नाचौ लाग्छ तिमीलाई देखेर
साचै हो कि सपनाको संसारबाट
आयौ तिमी मलाई यहाँ सताउन
मनका सब कुरा खोली दिन्थिए म तर
झन टाढा जान्छौ कि भनि लाग्छ है डर
सोच्छु म जे तिमी पनि सोच्छौ भन न
छन होला लाखौं विक्लप
तिमीलाई नै देख्छु म तर
जुन तारा तिम्रो अघि, के हो र इ माया
मन सारै लोभी भो, तिम्रो आकृतिमा
हाँसी राख, हेरी रहन्छु म
मुस्कुराएर सुनीरहन्छु म
साचै हो कि सपनाको संसारबाट
आयौ तिमी मलाई यहाँ सताउन
मनका सब कुरा खोली दिन्थिए म तर
झन टाढा जान्छौ कि भनि लाग्छ है डर
सोच्छु म जे तिमी पनि सोच्छौ भन न
छन होला लाखौं विक्लप
तिमीलाई नै देख्छु म तर",110
236,Bagaicha,KtaHaru,nepali,"दुनियामा हेर्न दृश्य धेरै
तर मेरो आँखा तिम्रै आँखामा अड्किन छ
दुनियामा हेर्न दृश्य धेरै
तर मेरो आँखा तिम्रै आँखामा अड्किन छ
थाहा छैन किन कुन्नि तिमि आयौ नजिक अनि मनमा बोम्ब पड्किन छ
बगैचामा, हाम्रो बगैचामा
तिमि माटो भए मलाई ढुंगा भन
म घास खान्छु तिमी पानी देउ
म पास हान्छु तिमी तानी देउ
बगैचाको फुलको के कुरा गर्ने जब तिमी यति सुन्दर
बगैचाको फुलको के कुरा गर्ने जब तिमी यति सुन्दर
९८६१ मेरो नम्बर टिप अनि कान्छी मलाई फुन गर
बगैचामा, हाम्रो बगैचामा
तिमी माटो भए मलाई ढुंगा भन (म्याया)
म घास खान्छु तिमी पानी देउ
म पास हान्छु तिमी तानी देउ
गुलाबी कुर्ता अनि झुम्कामा सजिएकी
अप्सरा हौकि तिमी आकाश बाट आएकी
गुलाबी कुर्ता अनि झुम्कामा सजिएकी
अप्सरा हौकि तिमी आकाश बाट आएकी
मान्छे हेर्दा त सानिनै छौ तर किन यति धेरै भाउ खाएकी",118
237,Pralaya 'A',Arthur Gunn,nepali,"कता तिरा बग्दै छौ हावामा तिमी फर्की नहेरीकन?
ओराली-उकाली गर्दै, तर लिएर चोट भरिएको मन
जिन्दगी छ अनौठो, त्यही नि, तर जिवनमा छन धेरै रङ्ग
मनमा लाग्यो तिम्रो तिर
तर मायाले नै दिदो रैछ पिर
सूर्यझै उडाउ, जुन्न झै चम्किउ सबको समू छाउ
के नै छर जिन्दगी? दुइ दिनको हाँसो
तिमी समय कै धुन मा रमाउ
समझना को धुन गुनगुनाउ तिमी
अनि सम्झना कै धुन मा रमाउ
तर मनमा लाग्यो तिम्रो तिर
तर मायाले नै दिदो रैछ पिर
तर मनमा लाग्यो तिम्रो तिर
तर मायाले नै दिदो रैछ पिर
लेखेको त पाइन्छ नै, तर सोचेको गर्न गाह्रो किन?
मानिसको जीवन हाँसो, तर त्यो रुन्छ किन?
लेखेको त पाइन्छ नै, तर सोचेको गर्न गाह्रो किन?
मानिसको जीवन हाँसो, तर त्यो रुन्छ किन?",109
238,Laijanay Ho Ki,Yankee Yolmo,nepali,"लैजाने हो कि मलाई टाढा कहि मोह लाएर, यूएमएम
जान मन छैन भने लानेछौकी फेरि बाँधेर, यूएमएम
लैजाने हो कि मलाई टाढा कहि मोह लाएर, यूएमएम
जान मन छैन भने लानेछौकी फेरि बाँधेर, यूएमएम
घाम पानी स्यालको विहे
हो कि मनै बेहुली बनेर
साना यहाँँ सँसारमा ठूलो सपनाहरु साचेर
नयाँ नौलो डाँडापारी खुशीयाली पाउने होकी
मेरो सपानाहरु पनि उनिलाई सुम्पिने हौकि
नयाँ नौलो डाँडापारी खुशीयाली पाउने होकी
मेरो सपानाहरु पनि उनिलाई सुम्पिने हौकि
आवासमा उज्यालो देख्नलाई
आफ्नो दु:ख लुकाई दिन्छु
जतिनै पीडा आएनी
उनिहरु सामु मुस्काई दिन्छु
नयाँ नौलो डाँडापारी खुशी यो आफ्नै पाउनेछु है
साचेको सपानाहरु पनि आफुलाई सुम्पिनेछु है
नयाँ नौलो डाँडापारी खुशी यो आफ्नै पाउनेछु है
साचेको सपानाहरु पनि आफुलाई सुम्पिनेछु है
नयाँ नौलो डाँडापारी खुशीयाली पाउने होकी
मेरो सपानाहरु पनि उनिलाई सुम्पिने हौकि
नयाँ नौलो डाँडापारी खुशीयाली पाउने होकी
मेरो सपानाहरु पनि उनिलाई सुम्पिने हौकि",118
239,Dohori Battle 2,Prakash Saput & Preeti Ale,nepali,"फ्यासन हेर्दा फुच्ची केटी, फ्यासन हेर्दा फुच्ची केटी
उमेरले चाही आन्टि
आज सबले बजाउने हो भेटियो साझा घन्टी
फ्यासन हेर्दा फुच्ची केटी
उमेरले चाही आन्टि
आज सबले बजाउने हो भेटियो साझा घन्टी
आयो तेरो सर, हेय
बाटो खाली गर, हेय
आयो तेरो सर, हेय
बाटो खाली गर
वा-वा-वा-वा-वा-वा-वा, हेय
वा-वा-वा-वा-वा-वा-वा
वा-वा-वा-वा-वा-वा-वा, हेय
वा-वा-वा-वा-वा-वा-वा
वा-वा-वा-वा-वा-वा-वा, हेय
वा-वा-वा-वा-वा-वा-वा
वा-वा-वा-वा-वा-वा-वा, हेय
वा-वा-वा-वा-वा-वा-वा
ठूलो मान्छे भेट भाकोछ, ठूलो मान्छे भेट भाकोछ गर्नु पर्छ आदर
डिस्को भत्र दर्शन पाइयो पसुपतिको बादर
ठूलो मान्छे भेट भाकोछ गर्नु पर्छ आदर
डिस्को भत्र दर्शन पाइयो पसुपतिको बादर",116
240,King of NEPHOP 2,SACAR aka Lil Buddha,romanized,"येअह आई'एम क्याथार्टिक
ह्वेन आई स्पिट लिके ट्रू आर्टिस्ट
पेन्टिङ पिक्चर्स आइएन अपार्टमेन्ट
र्याम्प वाल्किङ ओन रेड कार्पेट
क्विट टाल्किङ लिके योउ बार्किङ
वे'रे थे न्यू वेव्स लिके कोविड ओन थे मार्केट
फ्रेश ब्लड ब्लीड्स थे हार्डेस्ट
आई एसीटी लिके आई'एम हर्टलेस पिस ओएफ शीत
रिगार्डलेस ह्वेन आई स्पिट आई रियाच थे टार्गेट लिके आई'एम सर्जियन्ट
लिस्टेन डोन'टी प्ले विक्टिम
फान्टासी लिड्स टो ग्रिटनेस
इनर्जिज एक्युमुलेट आइएन युर सिस्टम
अनलाइक थेम होमो सपिएन्स स्मोकिङ पोट आइएन थेइर बेसमेन्ट्स शोविन नो सिग्न्स ओएफ ग्रिटनेस
आई पुत हाइ स्टेक्स ओन माइ लाइफ
माइ माइन्डसेट आइएस ट्राइफ ओन आ क्यासुअल नाइट आई क्यारी 5 पेयर्स ओएफ क्नाइफ
आई'एम नोट होट-हेडेड टाइप एएनडी थेसे डाइक्स वन्न फाइट
थे ईएनडी यूपी ग्राबिङ यूपी माइ मिक आइटी'स अलराइट
स्विचिङ फ्लोव्स लिके थेसे होएस च्यान्जिङ क्लोथेस
थेयर एपिलिङ आइएम अपोज्ड टो थेइर फीलिङ्स
विथ थे डोपे थाट आई स्मोक, लङ्स एरोड
बुट आइएम हिलिङ ड्रग डिलिङ आइएम एक्सपोज्ड
आई होल्ड थिस म्याटर ओन माइ ओडब्ल्यूएन
नो कन्सिलिङ टो थे ग्लोब
गेटिङ कम्फी आइएन माइ रोबे
फीलिङ ग्रुम्पी बाइ थे रोड्स
आईएफ योउ एआइएन'टी प्रिचिङ माइ मेटाफोर्स
आई डिक्लेयर आ फकिन वार",167
241,Endshot,Mahesh Dong,nepali,"ड्रिलशट भेटिस् किल्ल्शोट सिधै मुखमा
बिगशोट? तेरो थ्रिफ्ट शोप अब चुप लाग्
बिट बक्स आफैं बिग बोस, तँ चाहिँ चुपचाप
डुम भयो डोङ फुच्चेहरू दूधभात
लुकी राख सुने पछि घर गएर लुक जा
तेरो खोपको वर्स मेरो एक हुक मा
हिरोसीमा नगसकी, रामे फुच्चे नुब भा
सीता तेरो किडनप मेरो साइड लुक्स मा
दस वर्ष लाग्छ तँलाई मेरो विबे बुझ्न
रावना लाई बुझ्न
मेरो सास चलुन्जेल कहिले हुन्नस् ढुक्क
आफ्नै थोपडा ऐनामा, ऐना हेरी थुक्छस्
हप्ता अगाडिको वर्स नयाँ भनी भुक्छस्?
भन् कति दिन लुक्छस्?
आइएम आ मो फकिङ डेस्ट्रक्सन
राप को तँ सजिन महर्जन
मेरो फान्स मेरो वरिपरि छ
क्रान्तिकारी केटाहरू पनि छन
तेरो केटाहरू भन् कहाँ छ?
रामे, लागे हुन्छ वन वास
छिर्न सक्दैनस् मेरो लङ्का तँ
फोकटे मै बोम्बार्ड
माथि उठा सेतो झण्डा तँ
बाडीमा डुब्ला तेरो घरबार
मिक राख कुना तिर थन्काएर
साइड भाग् बुथ-सुथ भत्काएर
खाउँला तेरो नुन-सुन छर्काएर
वस्सा सँग भुटुन पड्काएर
मौका तँलाई फर्काउँछु सम्झाएर
के पाइस् त भाइहरू लाई भड्काएर?
सुतीराको सिँहलाई जंगाएर
सत्र सयको एक सेट खोप लाएर
सन् भाइ बने हुन्छ शाकाहारी
मजा आएन तेरो बीफ खाएर
गल्ती गरिस् मलाई अरु सँग मिसाएर
घरमा बस् कोठा भित्र अब चिच्याएर",160
242,Himal Sari,Aruna Lama,nepali,"हिमाल सरि म अग्लि रहेछु
समात, समात, समात मलाई
बादल सरि म पग्लि रहेछु
सम्हाल, सम्हाल, सम्हाल मलाई
हिमाल सरि म अग्लि रहेछु
समात, समात, समात मलाई
बादल सरि म पग्लि रहेछु
सम्हाल, सम्हाल, सम्हाल मलाई
यि तारा कति छन् म गन्न सकुँला
यि तारा कति छन् म गन्न सकुँला
तर तिम्रो माया कति छ नसोध
जहाँ बरले पिपल अङ्गालेर बस्छ
जहाँ बरले पिपल अङ्गालेर बस्छ
तिम्रो मेरो साइनो त्यतै तिर खोज, त्यतै तिर सोध
दुलही सरि म रंगिरहेछु
उचाल, उचाल, उचाल मलाई
बादल सरि म पग्लि रहेछु
सम्हाल, सम्हाल, सम्हाल मलाई",75
243,Mahesh Kafle & Melina Rai - Maya Birani [Romanized],Genius Romanizations,romanized,"लौली सारी रेशम को चितिकै
सुन को चुरा बिया गर्ने बितिकै
तिमी सिता पिरती लाइदैन
सुन कै हात्ती दियेनी चाइदैन
सपनीमा आउचाउ माया बस्चौ नि कखाइमा
बिपनीमा तिम्रै झलको झलाला आँखैमा
नाटा मलाई दिनमा भोका नाटा निन्द्रा राती
मध्य रात मै भाग्छ निन्द्रा
चारकञ्च यो छाती
ना ओखती खायेर निको भो
ना टा झारफुक गरेरै थिका भो
माया बिरानी
बिस्तारामा तिमीलाई सम्झेर च्याप्चु सिरानी
बिस्तारामा तिमीलाई सम्झेर च्याप्चु सिरानी
बैसालु रोग झार फुकले छुदैन
लोभी म्यान को ओखती हुदैन
माया बिरानी
बिस्तारामा यो ज्याँ लाई सम्झेर च्याप्चौ सिरानी
बिस्तारामा यो ज्याँ लाई सम्झेर च्याप्चौ सिरानी
तिम्रै फोटो फेसबुकमा हेरेर टोलाउछु
फोटो किना बोल्ट्यो बरै तेइ पानी बोलाउछु
खाना खाना भन्सा बाट बोलाउछिन् आमा
तिम्रै हात ले पस्कियेको देक्छु कल्पना मा
कुटु कुटु म्यान साधै खाने भो
तिम्रै पिर ले ज्याँ मेरो जाने भो
माया बिरानी",110
244,Lukaamaari,Sajjan Raj Vaidya,nepali,"मायालु खै क भनु
लुकामारी खेल्छन् मेरा
बोली सबै लजाउदै
ती आँखा ले जिस्काउदा
बयान म कति गरु
ओइलिएलान् शब्दहरु
यी ओठ ले ती ओठलाई
रंगाएर भन्छु बरु
मायालु तिमीलाई माया गर्छु
तिमीसंगै बाची अब
तिमी संगै मर्छु
माया तिमीनै भन न
कहाँबाट ल्याउनु अब
उपमा म नयाँ-नयाँ
तिमीलाई बुझाउन
बयान म जति गर्छु
आपग छन् लबजहरु
यी आँखा ले ती आँखामा
नियालेर भन्छु बरु",48
245,Maria,L.A Music,romanized,"आई जस्ट वन्न टाके योउ आउटसाइड विट' मे
दिवा माइ दिवा
कोम एएनडी होप युर एएसएस ओन माइ जीप, उः
राइडिङ आइएन थे विप विट' थे टप डाउन
50 ओन थे ग्यास नेवर स्टप एनओडब्ल्यू
बल्लिन' एएलएल थेसे हन्ड्रेड्स आइएन थे शोप एनओडब्ल्यू
वे एआइएन'टी नेवर इभर गोन्न ब्रक डाउन
वे शाउल्ड क्याच आ फ्लाइट राइट एनओडब्ल्यू
वे बे आइएन थे राइड गोइङ डाउन
यूपी एएनडी डाउन थे बेड विल्ड आउट
ओह-ओह-ओह-ह्वोआ-ओह
आई'मा टाके योउ आउट एएलएल डे
शोर्टी केएनओडब्ल्यू माइ स्टाइल'स ओकाय
नेवर हाड आ डब्ट नो वे, ओह
शे थे फ्लाइस्ट ओने आइएन माइ विजन
एएलएल थे बोयस क्याल हेर मारिया
टाके फ्लाइट्स, लेट'स टाके आ विसा
फ्लाइ ओउर वे टो इबिजा, येअह
टाइम आइएस एएलएल आइएन ओउर ह्यान्ड्स
वे शाउल्ड जस्ट टाके आ चान्स
क्याल मे, आई'एलएल बे या मान
आइटी'स मोर थान जस्ट आ ओने नाइट स्ट्यान्ड",130
246,Risaune Bhaye,Sushant KC,nepali,"सानो सानो कुरामा
पनि तिमी रिसाउने भए
लामो लामो झगडा
गरी दिन बिताउने भए
सानो सानो कुरामा
पनि तिमी रिसाउने भए
लामो लामो झगडा
गरी दिन बिताउने भए
फकाउन सकाउन तिमी सँगै सँगै
बिताउने छ चाहना
समय धेरै धेरै
चली रहेको के छ
तिम्रो मन भित्र खै
चली रहेको के छ
तिम्रो मन भित्र खै
कहिले नबुझ्न सकिने
कस्तो यो तिम्रो मन
खुसी खाली दुःख न दिने
कोही कहाँ भेटिन्छ खै हेरौं
गारो गारो भाको छ
राती राती निदाउन भने
आउ मेरो पाखुरा सिरानी
बनाउँछौं भने
बनाउन डराउन पर्दै पर्दैन नी
कटाउने यी पलहरू तिमी सँगै सँगै",73
247,Dusman Hereko Herai,Durgesh Thapa,nepali,"के हो तिम्रो नाम? बहिनी, परिचय पाम
हिमाल जस्तै रहिछौ, तिमी बिहानीको घाम
के हो तिम्रो नाम? बहिनी, परिचय पाम
हिमाल जस्तै रहिछौ, तिमी बिहानीको घाम
कता हिनेको बिजुली बालेर
होट भएर, पोट भएर, ब्युटी भएर
तिमी क्युटी भएर?
हामी हेरेको हेर्यै, हामी हेरेको हेर्यै
हामी हेरेको हेर्यै, हामी हेरेको हेर्यै
हामी हेरेको हेर्यै, हामी हेरेको हेर्यै
हामी हेरेको हेर्यै
यतै हिनेको, केलाई चाहियो नाम?
नाम भन्दा नि ठुलो हुँदो रैछ दाम
यतै हिनेको, केलाई चाहियो नाम?
नाम भन्दा नि ठुलो हुँदो रैछ दाम
बजार हिनेको बिजुली बालेर
होट भएर, पोट भएर, ब्युटी भएर
हामी क्युटी भएर",83
248,Muskan,AXIX,nepali,"के दिन सक्छु र तिमीलाई मैले
केवल आँसु नै त छ, बिछोडको क्षणमा
रुदैछु आज, आँसु लुकाएर
भावना मनका छल्किन्छन यी आँखामा
तिम्रो त्यो मुस्कान सम्झदा मायालु
याद आउँछ बितेका ति रमाइला पलहरु
तिम्रो त्यो मुस्कान सम्झदा मायालु
याद आउँछ बितेका ति रमाइला पलहरु
जति टाढिए नि तिमी म बाट
हुनेछैनौ तिमी यो मन भन्दा टाढा
जति बगे पनि यी आँखाका आँसु
रहनेछौ तिमी सधैं नयनमा
दुई पलको साथ हाम्रो थामी राख्ने छु सधैं-सधैंलाई, माया
गीत ती सारा मनका भावना
गाउदैछु म तिमीलाई नै सम्झेर माया...
माया... (हा-हा)
माया",77
249,Timi Kaha,Alex Dware,nepali,"तिमी कहाँ गयौ
मलाई छोडी
यहाँ एक्लै
तिम्रो यादमा मर्दा
बाँची रहेछु
यहाँ एक्लै
म खोज्छु तिम्लाई यहाँ त्यहाँ वहाँ
छाडी गयौ तिम्ले मलाई यहाँ
भुली गयौ कसम तिम्रो सबै
सम्झी बसी रहेको छु म आज
यहि मोडमा
मेरा सारा माया दिनेछु तिम्लाई
सारा खुशी दिनेछु तिम्लाई
संसारै त्यागी आउनेछु
तिम्रै लागि म
आई देउ न
मेरा मनका भावनालाई बुझी देउन
(मनका भावनालाई बुझी देउन)
तिमी कहाँ गयौ
मलाई छोडी यहाँ एक्लै",55
250,Mayaantar,Nishant Gupta,nepali,"तिमि आकाश भए, म धर्ति
तिमि आगो भए, म पानि
तिमि घाम भए, म जुन
तिमि दिन भए, म रात
नरिसाउन, न हुने के छ र ?
हात बढाउ,साथ छदैछ
सधै हुने छु म....
तिम्रो वरीपरि,तिम्रो साया बनि
तिम्रो छाया बनि,तिम्रो माया बनि
तिम्रो याद बनि,तिम्रो साथि बनि
हुनेछु म तिम्रो
हुनेछु..
सम्झनु मलाई, न बिर्सनु
अंगाल मलाई, न टुक्राउ
तिमी विहानी भए, म साँझ
तिमी उज्यालो भए, म अध्यारो
तिमी खोला भए, म किनारा
तिमी सपना भए, म विपना
टाढा भए, साथ सधै छौँ
अन्तर भए, माया छदैछ
सधै हुनेछु म",78
251,Bizen - Hasta Namestey,Genius Romanizations,romanized,"हेल्लो
आह, अन्त सुद्दो येउटा कुरा भन्नु थेयो
आह, तपाईको चोरी को बारेमा
ला सुन्नुस हाई टा, येअह
गाउँगोरी चट्टा पारी आँख सनकै गाई मोरीले
हेरा सुद्दो आजा मलाई लट्ठै पारी तिम्रो चोरी ले
स्वाग मेरो पाखे भयो भाँचा आरको तोरीले
हेयी सुद्दो
हेर्दै जाउ तिम्रो चोरी भगै लाङ्चा येही फोरीले
येअह, च्यासँग पफ पानी ठूलो मेरो गफ
कपाल मेरो ठाडो अनि प्यान्ट मेरो राउघ
तिम्रो चोरी मोती खाँचे दिनभरि मासु
तिम्रो चोरी मलाई ड्येआ तिमी मेरो ससु
हे, डोग, आई'एम नोट गोइङ विथ थाट जीएस-फ्लोव
योउ केएनओडब्ल्यू ह्वो आइएम तल्किन एबाउट आई'मा हित योउ विथ माइ पीएसए-फ्लोव
भाँचा मलाई स्याल तारा बाघ हु मा गाउँको
नाटुन सुद्दो ठूलो घर्चा मेरो बाउको
भुटु-तु-तु अंग्रेजीमा मकै जस्तो भुटेछु
तिम्रो चोरी भन थानी बाख्रै संग सुतेचु
सेन्टीमा फेरी तिम्रो चोरा कुटेछु
माफ गराहै सुद्दो आजा अली धेरै बोलेछु
बोलेछु मा, अली भादी बोलेछु
बोलेछु मा, अली भादी बोलेछु
खोलेछु मा, मनको कुरा खोलेछु
माटेयोको तालमा होला, मनको कुरा खोलेछु",139
252,Adhuro,Prabesh Kumar Shrestha,nepali,"एचएमएमएम..एचएमएमएमएमएमएम
सम्हालिराछु आफैलाई आज
मनमा कुरा खेलिरहेछ
पोखु कसरी म?
भनु कसरी सबै?
जिन्दगी घाम त कहिले छायाँ
भोली के हुन्छ कसलाई के थाहा
जानु त छ एकदिन
छोडी सबै यो संसार
किन हुन्न र सोचे जस्तो यहाँ
कल्पना मै केवल सिमित छ सपना मेरा
किन हुन्न र चाहे जस्तो यहाँ
अन्तिम प्रयासहरु पनि गएछन खेर
मुहारमा हासो मनमा पीडा
बोकी हिंडेको जीवनको यात्रामा
पर्खिरहेछु म
तिम्रो आशा मै यहाँ
जुनेली रात तिम्रो सम्झना
कोरेको चित्र कुनै कुनामा
अल्झिएको छु म
भावनाहरु माझ",66
253,Manawta,Tribal Rain,nepali,"आफ्नो भन्ने आफ्नै हुन्छ
परायाको लागि कोही छैन रहेछ यहाँ
पैसा नै ठुलो कुरो
इज्जत र नाम सबैको पाउने आशा, ओह
लु भन, किन डर लाग्छ सबैलाई यहाँ?
लु भन, किन मर्नु बाच्नु छ उस्को हातमा?
लु भन, के हुँदै जादैछ सबै जना?
कोही भन मलाई, किन हराउदै जादैछ मानवता
आफ्नै जीवन आफ्नै भन्न नपाउने
कसै न कसैको अघी हामी झुक्नु पर्ने
के ले छुयो हाम्रो आत्मालाई
जसैले लालच र पापको बाटो हिंड्नु पर्ने
लु भन, किन डर लाग्छ सबैलाई यहाँ?
लु भन, किन मर्नु बाच्नु छ उस्को हातमा?
लु भन, के हुँदै जादैछ सबै जना?
कोही भन मलाई किन हराउदै जादैछ मानवता",94
254,1000 Bhawana,Salil Maharjan,nepali,"न्यानो, छ तिम्रै नजिक हुदा
जाडो, छ नहुदा
अध्यारो, तिमी आए देखि उज्यालो
मेरो जीवनमा
लाटो, बोल्न सक्दिन म तिम्रो अघि हुदा
अलमल, मन भयो एकदमै पागल
तिम्रो मायामा
सोचमा डुब्दै छु, काम कुरा छाडेर
तिम्ले देका भावना
एक,दुइ म गन्दै छु
छुट्टाउन मैले सक्किन
यी हजारौं भावना
डर, लाग्छ मलाई केको भर, यो मायामा
साथ, देऊ मलाई तिम्रो हात
यो निर्दय संसारमा
सोचमा डुब्दै छु, काम कुरा छाडेर
तिम्ले देका भावना
एक,दुइ म गन्दै छु
छुट्टाउन मैले सक्किन
यी हजारौं भावना",65
255,Phoolko Aankhama,Ani Choying Drolma,nepali,"फूलको आँखामा फूलै संसार
काँडाको आँखामा काँडै संसार
फूलको आँखामा फूलै संसार
काँडाको आँखामा काँडै संसार
झुल्किन्छ है छायाँ वस्तु अन्सार
काँडाको आँखामा काँडै संसार
फूलको आँखामा फूलै संसार
काँडाको आँखामा काँडै संसार
चित्त शुद्ध होस्, मेरो बोली बुद्ध होस्
मेरो पैतालाले कीरै नामारोस्
चित्त शुद्ध होस्, मेरो बोली बुद्ध होस्
मेरो पैतालाले कीरै नमरोस्
राम्रो आँखामा खुल्छ राम्रै संसार
काँडाको आँखामा काँडै संसार
फूलको आँखामा फूलै संसार
काँडाको आँखामा काँडै संसार
टहटह जून देखुँ कालो रातैमा
जीवन सङ्गीत सुनूँ म सुख्खा पातैमा
टहटह जून देखुँ कालो रातैमा
जीवन सङ्गीत सुनूँ म सुख्खा पातैमा",75
256,Yo Maan,Trishala Gurung,romanized,"सम्झना बनी आयौ
आजा किना तिमी
ओह फेरे
बेउझिनै माँ ना लाग्ने
सपनी झै तिमी
ओह तिमी
मिठो गीत बनी
माया को शब्द मा मिथास भरि
तिमी काहा मा काहा
तारा एउटै आकाश मुनी...
साझा सँगै अल्झियेको यो माँ
सम्झना मै अल्झी बसेको
हजारौ तारा बीच को जुनेली रात
को उज्यालो झै चाउने तिमी
सिरिरी हावा को एस्पर्श ले
नै तिमी चौ की
काहा खोजी हेढ्ने
मिठो गीत बनी
माया को शब्द मा
मिस्थस भरिइ",57
257,Sparsha Sangeet,Purna Rai,nepali,"गाजलु तिम्रा आँखा लजालु भाका तिम्रा
अड्कल्नै गर्न गार्हो बयानै गरु कहाँ बाट
कि सकु लय समाउ कि ओठमा लाली सजाउनी
उज्यालो मुस्कान बताउ कि मनै शुद्ध झल्काउछिन
टाढिएर नजाऊ तिमी, हेर
विश्वास गर मलाई एकफेर
सहजै काटौला यो जिन्दगी
जादैन तिम्रो माया है खेर
माया छनि एतै मै तिर
दौडी आउनु अंगाल्नु एकफेर
दुइ कदम तिमी सार्नु अनि
दुइ कदम मै सारौला
हो हो हो हो हो हो
हो हो हो हो हो हो
मेरी माया फुल जस्ती
बगैचामा फुली रहने
मेरी माया चम्किला ताराहरुमा
चम्किने जुन
मेरी माया आकाश माथि
मेरी माया धर्तिमा नि
मेरी माया फराकिलो यो संसारमा
फराकिलो सोच राख्चिन",83
258,Abhimaan,Albatross,nepali,"कहिल्यै हासेनौ
खोज्दा पनि केही पाएनौ
साह्रै नै चित्त दुखायौ
किन, किन म?
कहिले कहाँ भेट्यौ मलाई
सपनीमा आउने गर्थ्यौ
किन, के भनी गयौ तिमीलाई?
जुन झै चम्की रहुला
सुन्दिन म बोलाई तिम्रो
संघर्ष गर्दै बितायौ
कल्पना मै डुबी रह्यौ
कालो बादलले ढाकेको यो संसारमा
सधैं आँफैलाई नै बिर्सिरहन्छु म, किन?
तिमी आउन
किन नआउने, तिम्रो पालो यो
भयो अत्ती नै भयो
जुन झै चम्की रहेथे
सुनिन बोलाई तिम्रो
संघर्ष गर्दै बिताए
कल्पना मै डुबिरहे",59
259,Tihar Song,Axata,nepali,"ओह, ह्यापी तिहार टो एभेर्याउने
एएनडी थिस सोङ गोएस आउट फोर योउ पियोपले
एएनडी लेट मे पास थिङ टो अचता
झिलिमिली रातमा साथीभाइ साथमा रमाइलो मनाउदै
लड्दै र पड्दै आएका हामी देउसिरे भट्याउदै
झिलिमिली रातमा दिदीबहिनी साथमा कम्मर हल्लाउदै
आएका हामी देउसी है खेल्न रमाइलो मनाउदै
आहै, भन मेरा भाइ हो, ""देउसुरे
आहै, राम्ररी भन, ""देउसुरे
आहै, स्वर मिलाई कन,""देउसुरे
आहै, भन न भन, ""देउसुरे
आहै, भन मेरा भाइ हो, ""देउसुरे
आहै, राम्ररी भन, ""देउसुरे
आहै, स्वर मिलाई कन, ""देउसुरे
आहै, भन न भन, ""देउसुरे
आई सी थेम रेड, ग्रिन, येल्लो लाइट बिग टाइम्स
ब्राइट नाइट्स, फायरक्र्याकर्स गो ""काबुम
वे सेलिब्रेटिन' आइएन आ वे
थे चिल्ड्रेन क्नोकिन' ओन थे डोर
थेम देउसी भैलो क्रेजी राइम्स
मोथर लक्ष्मी—आई लोव योउ
आई स्टिल रिमेम्बर वे माडे इन्स्ट्रुमेन्ट्स विथ कोका-कोला क्याप्स
आ स्मल ब्याग फोर थे मोनी थें थे एक्यापेला स्टार्टस
हाउस ओवनर विथ आ प्लेट, ओउर इयेस ओन थे मोनी
वे बे सेन्डिन' ब्लेसिङ्स एएनडी थाट वास सो फनी
हे, हे, वैत, वैत, वैत
लेम्मे डो थिस थिङ आइएन माइ ओडब्ल्यूएन स्टाइल
थ्राउथ एएलएल थेसे स्लिपरी मुद, थेरे वास डिफिकल्टी आइएन वाल्किन
बुट वे जस्ट म्यानेज्ड टो कोम टो योउ वाल्किन' एएनडी फल्लिन
फलिनन्द वाल्किन, वे'रे नोट एक्साग्गेरेसन
युर हाउस आइएस बिगर थान सिंह दरबार
युर गार्डन आइएस बिगर थान टुडिखेल
वे लिके थे झिलिमिली ओएफ थेम लाइट्स
थे लुक वेरी प्रेटी
यूएनसीले-आउँतिए गिवे यूएस थे मोनी, क्विकली
काउस वे आरे वेरी ब्युसी, वेरे गोइन टो सो म्यानी प्लेसेस
काउन्टिन' ओन सो म्यानी मोनी
गिविन' योउ सो म्यानी ब्लेसिङ्स
क्यान वे गेट सोमे सेल-रोटी? एयी",220
260,Chirag Khadka - Stoner Life,Genius Romanizations,romanized,"बिहाना देखि हप्पा
काम धम थप्पा
भोले बाबा भन्दै, तानी हाल्चु एक पफा
लाइफ पुरै रौघा, गरा डीप गुफ्फा
एक लेह पुगेन वनी आरको एक थप्पा
के॰एस गर्ने लाइफ मा, जैले सोची राखा
चली रा चा जिन्दगी मा, गहिरो ब्याडलुकका
एकदिन ताह सबा कुरा, अफ्फाई मिली हल्ला टक्क
टेटिन झेलको लागी भन्छु, आई डोन्ट गिवे आ फुक्का
स्टोनर लाइफ
यो हाम्रो स्टोनर लाइफ
स्टोनर लाइफ
यो हाम्रो स्टोनर लाइफ
स्टोनर लाइफ
यो हाम्रो स्टोनर लाइफ
खुसी पाउन अनेक थरी, भकाल पानी गरियो
झार सिङ पौवा झुले दधा,गगल फेरी चडियो
फुल को फक टिपी फेयरी,सिपीमा निः भरियो
जैले हामी त्रिपी काठ-मान्दु को हिप्पी परियो
हेर्दै बसा हिमाल पहाड, सुना आवाज चरी को
अनावासेक सोच हरू निकालदेउ माना भारी को
सोची रचौ लाइफ लाई ब्यालेन्स, गार्नी कसरी हो
टेन्सन नाली किना जैले, तान्दै बसा हरियो",114
261,Aaudai Chu Ma,Yama Buddha,romanized,"आह , जानु चा धेरै ताडा
पार गरेर हरेक अर्चन रा बादा
चडेर भीरपाखा तरेर हर इलाका
अद्ध बाटो हाइड आझै बाकी चा अद्ध
हैन मा कुनै डोन लुटेर वा डाडा
हिरदय चा सफा नेपाली मा एक साजा
दौरा सुलवार ढाका टोपी पहिरन चा सादा
खादिन मा चुरोट रक्षी चरेस वा गाँजा
बयसका मास्टिस्क मेरो चाइन लाफाङ्ग पारा
पुरा गर्नु चा बोकेका सपना सारा
मर्दा को आठोट हो यो चाइन अरको चारा
उडी चुन्न चन्द्रमा मलाई हुनु चा तारा
साधै येउतै नारा येस्टै नै चा पारा
हरेक गरिब दुखिको मा भरि दिन्छु भादा
यो नेपाली को नेपाल संग सम्बन्ध चा गाडा
तेसैले रोक्न खोज्ने सराको खुस्किने चा दारा
आह आउदै चु मा
नेपाली को जीत को गीत गाउदै चु मा
आह आउदै चु मा
हर पीडित नेपाली संग मिट लाउदैछु मा
आह आउदै चु मा
गोर्खाली को जोश ढेखेर रमाउदै चु मा
आह आउदै चु मा
हिमाल को सितल हावा संग हराउदै चु मा",130
262,Ek Choti,AXIX,nepali,"हात समाइ हेर, जिस्केको होइन
तिमी पाइला जहाँ टेक्छौ
मेरो छाया साथमा हुन्छ
जे बोले आज बोले, बिर्सिने छैन
उसको गल्ती को सजाय आफुलाई नदेउ न
मन भरिको माया, मनमा नराख न
खोलेर आँखा तिमी, पाइला सार न
रमाइलो छ संसार, मनबाट हेर न
पुरानो कथा बिर्सी, नयाँ सुरु गर न
एकचोटी हासिदेउ न
मेरो हात समाउ न
दिनेछु खुसी सबै
म पनि उ जस्तो होइन
बिचमा छोड्ने छैन
तिमीलाई, हो तिमीलाई
आट तिमी गर न, साहस म बनिदिन्छु
तिम्रो नयाँ संसार, मायाले भरिदिन्छु
सपना तिमी देख न, पुरा म गरिदिन्छु
तिमीलाई पाउन अन्तिम सास सम्म कुरिदिन्छु
तिम्रो मनमा लाग्ला सबै केटा एउटै हुन्छ
एकछिन माया देखाई, आफ्नो स्वार्थ पुरा गर्छ
यदि मन बद्लिएमा, म यहि हुनेछु
बिश्वास मान्छे लाई होइन मायामा गर न
गर न",103
263,Mero Desh Birami,Uniq Poet,nepali,"थिस ओने डेडिकेटेड टो ईएच एएनडी इभरी ओने ओएफ योउ
फ्रोम माइ नेसन, फ्रोम माइ मोथर, लेट'स गो
मेरो देश बिरामी, मेरो देश बिरामी, मेरो देश बिरामी
तर पार्नेछौं यसलाई ठीक एकदिन हामी
मेरो देश बिरामी, उः, मेरो देश बिरामी, येअह, मेरो देश बिरामी
तर पार्नेछौं यसलाई ठीक एकदिन हामी, उः
माथीबाट हर्दै सहिदहरूको आत्मा
सतिले सरापिन भविष्य छैन हातमा
जिउँदो लास बनेछु मरी-मरी बाँच्दा
पानामा क्रान्तिकारी गाना होइन गाई जात्रा
लेख्न त लेखें राव कसरी हानुँ
सत्यको साथ दिदैन यहाँको कानुन
के गलत, के ठीक थियो त दैव नै जानुन
तर मेरो पनि त कुनै हक छ, हैन र?
वरिपरि हर्छु राक्ष्यसको राज
दानवको बस्तीमा खेज्दै मानवतावाद
भ्रष्टचार, बल्तकार, अत्याचारको चाप
मेरै गर्ने कलामा कलंकको चाप
हिप-होप माने समाजको ऐना
बल्तकार रेक् हाम्रो आवाजलाई होइन
हिप-होप माने परिवर्तनको गोली
आँटी हेर देश अव्यस पनि बद्लन्छ भोली, अँ",122
264,Feri Bhet Na Hola,Rikesh Gurung Key's,nepali,"केही गल्ती भयो होला, कहाँ भयो सोच्नै सकेन
नराम्रो, शब्द बोले होला, इ ओठलाई रोक्नै सकेन
अब जाने नै त हौ तिमी, हत्तार पनि नगरि देउ
म पनि जान्छु धेरै टाढा, एकैछिन त हो नि बोलिदेउ ।
फेरी भेट नहोला हेरी राख है
फेरी भेट नहोला हेरी राख है
फेरी भेट नहोला हेरी राख है
फेरी भेट नहोला हेरी राख है
झारी पर्ला याद आउला, संगै भिजेको
बाटोहरु भेट्येला संगै डुलेको
आँसु झर्ला, मन रोला, नसम्झी राख है
नलैजाउ मेरो चिनोहरु, गाह्रो होला है
अब जाने नै त हौ तिमी, राम्रो सँग बस है
भेट होला अर्को जुनी मा. यो जुनी त यस्तै भयो है
फेरी भेट नहोला भुली दिनु है
फेरी भेट नहोला नपर्खिनु है
फेरी भेट नहोला बोलि राख है
फेरी भेट नहोला हेरी राख है",111
265,Dukha Diyera,The Edge Band,romanized,"खुसी हुन्चन आहा. आँ...
अरूलाई मरेर टा सबै...
बाची रहे चा...
आँसु पियेर टा सबै
हासी रहेआचन...
तारा दुःख साहेर टा हेरा
आहा.आह
तारा मारी मारी बचेर टा हेरा
कति गरो चा जीवन बिताउन...
अहाँआ हुहाँ
आहा हुः अहाँ
आए आए
भन्दछन् येहा
सबै माया आँधो
हुन्चा भनी
दुःख एकलाई पोख्नु पर्चा...
एकान्तमा रोयी
भन्दछन् येहा
सबै माया आँधो
हुन्चा भनी
दुःख एकलाई पोख्नु पर्चा...
एकान्तमा रोयी",54
266,Kalo,Tribal Rain,nepali,"अन्धकारमा जन्म लिएर दुःखको आँशु पिएर
नदेखेपनि महसुस गरे तिम्रो स्वार्थी संसार
उडी बस्छु म मेरो कालो कालो आकाशमा
असम्भव छैन तिम्रो संसार मलाई हेरन
के हो मेरो दिन के हो मेरो रात
भोलि कहाँ हुनेछु मलाई डर छैन
आशा गर्नेछु सुनौलो हुनेछ
नदेखेपनि विश्वास गरे आफूलाई यहाँ
उडी बस्छु म मेरो कालो कालो आकाशमा
असम्भव छैन तिम्रो संसार मलाई हेरन
के हो मेरो दिन के हो मेरो रात
अन्धकारमा जन्म लिएर दुखको आँसु पिएर
नदेखे पनि विश्वास गरे आफैलाई यहाँ
उडी बस्छु म मेरो कालो आकाशमा
उडी बस्छु म मेरो कालो आकाशमा
उडी बस्छु म मेरो कालो आकाशमा
उडी बस्छु म मेरो कालो आकाशमा",89
267,Najauna Malai Chhodi,Prakash Shrestha & Sushma Shrestha,nepali,"हो, नजाउन मलाई छोडी मुख मोडी, दिल टोडी, च्यान्टे मायलु
हो, नजाउन मलाई छोडी मुख मोडी, दिल टोडी, च्यान्टे मायलु
थामी सकेँ तिमीलाई कसम, तिम्रो कसम, सँगै बसम, झिल्के मायालु
थामी सकेँ तिमीलाई कसम, तिम्रो कसम, सँगै बसम, झिल्के मायालु
हो, नजाउन मलाई छोडी मुख मोडी, दिल टोडी, च्यट्टै मायलु
कस्ता-कस्ता बाधाहरू फुकाएर आए
तिम्रो माया यो मुटुमा लुकाएर आए
सुनेको थिएँ, तर थिएन पत्ताएको
लैरो टेकी पैला जाने कस्तो बैसा आको लैन नि
यस्तो मैका फेरी आउछ आउदैन
माया हुन्छ मनले पो, कपालले होइन
हो, नजाउन मलाई छोडी मुख मोडी, दिल टोडी, च्यान्टे मायलु
हामी भने तिम्रा लागि भनि भुतुक्क भइ मर्ने
तिमी कस्तो निष्ठुरी छि परपर सर्ने
खोलानाला भरबाट हाम् फालु कि बोरु?
मेरो सत लुटिने भो लैन कसो गरुँ?
मनको धोको नपुर्याइ त आज छोड्ने छैन
मन्छो बुढो मनले हुन्छ, उमेरले होइन
हो, नजाउन मलाई छोडी मुख मोडी, दिल टोडी, च्याटी मायलु
मान्छु-मान्छु तिम्रो कुरा, गर्छु पुरा लाग्ने छुरा, मेरी मायालु
हो, नजाउन मलाई छोडी मुख मोडी, दिल टोडी, च्याटी मायलु (ध्यट फटाहा)",150
268,Maya Pirati,Kali Prasad Baskota,nepali,"मलाई माया पिरती
ऐऊ! माया पिरती
लाउँ कि नलाउँ दोमन भो
आधाउधी जोवन को
ऐँठन भो
मलाई माया पिरती
ऐऊ! माया पिरती
भाको माया हुन्न रैछ थीर
फेरि लाको माया जाला भन्ने पीर
भन्नेलाई चासो भो
सुन्नेलाई हाँसो भो
गन्थन भो
मलाई माया पिरती
लौन माया पिरती
एउटै जुनि देउताको खेला भयो
अभागीकै पालोमा झेला भयो
नलाउँ भने खाँचो भो
लाउँ त भने पासो हो
ऐँठन भो",49
269,Kich Kich,Brijesh Shrestha & Beyond (Nepal),romanized,"बिहान बिहानै मेरो फोन किना बजे को?
फोन उठाई, हेल्लो वन्न साथ सुरु भयो
तिम्रो किच किच
के सरो किच किच?
भाँचौ तिमी, ""त्यो संग किना बोलेको?
अनि मा भन्छु, ""मेरो फेसबुक किना खोलेको?
यूएमएम, हाम्रो किच किच
फेरी नया किच किच
मा टा हि भन्दा हेल्लो पानी भन्न ना पाउने
तिमी केटा हरू संग मस्की मलाई तर्सा उने
मा बोले चाई फ्लिर्ट!
उ बोले चाई साथी?
चड किने गरी हाँचु तेलाई काँ को माथि
हाम्रो किच किच
गिडी लाग्दो किच किच
के सारो किच किच?
फेरी नया किच किच
हाम्रो किच किच
गिडी लाग्दो किच किच
के सारो किच किच?
फेरी नया किच किच",93
270,Sanskriti,Mantra Band,nepali,"बिर्सेको छैनौ हामी संस्कृति अझै पनि
नशा नशा मा पुर्खाको रगत बग्दछ अझै पनि
शिरमा टोपी नहोला हाम्रो, दौरा सुरुवाल नहोला
शिरमा टोपी नहोला हाम्रो, दौरा सुरुवाल नहोला
तर छाती भरी माया छ आफ्नै जाती प्रती
देउराली पाखा भिरालो कसरी बिर्सुला
यहि माटोमा जन्मेको यसैमा मिलुला
देउराली पाखा भिरालो कसरी बिर्सुला
यहि माटोमा जन्मेको यसैमा मिलुला
नौलो छ शैली हाम्रो, नौलो छ हाम्रो यो भेष
बिर्सेको छैनौ तर पहाड, झरना, खोलाको देश
डम्फु र मादल नहोला हाम्रो, सारंगी नहोला
डम्फु र मादल नहोला हाम्रो, सारंगी नहोला
तर मुटु भरी माया छ यहाकै संगीत प्रती
मारुनी, सेलो, जुहारी प्रेरणा हाम्रो हो
जे भने नि लोक भाका साह्रै नै राम्रो हो
मारुनी, सेलो, जुहारी प्रेरणा हाम्रो हो
जे भने नि लोक भाका साह्रै नै राम्रो हो
शिरमा टोपी नहोला हाम्रो, दौरा सुरुवाल नहोला
शिरमा टोपी नहोला हाम्रो, दौरा सुरुवाल नहोला
तर छाती भरी माया छ आफ्नै जाती प्रती
देउराली पाखा भिरालो कसरी बिर्सुला
यहि माटोमा जन्मेको यसैमा मिलुला
देउराली पाखा भिरालो कसरी बिर्सुला
यहि माटोमा जन्मेको यसैमा मिलुला
मारुनी, सेलो, जुहारी प्रेरणा हाम्रो हो
जे भने नि लोक भाका साह्रै नै राम्रो हो
देउराली पाखा भिरालो कसरी बिर्सुला
यहि माटोमा जन्मेको यसैमा मिलुला
मारुनी, सेलो, जुहारी प्रेरणा हाम्रो हो
जे भने नि लोक भाका साह्रै नै राम्रो हो",176
271,Mero Mana Ma,Samir Shrestha,nepali,"मेरो मन मा तिम्लाइ राखिसके
मेरा यादहरु मा तिम्लाइ सजाइ सके
जानदिउ माया तिमीलाई कसरी ?
बसन मेरै अंगालोमा बेरी
तिम्रा बातहरु मा यो मन रमाई सक्यो
तिम्रो लत मलाइ हेर लागिसक्यो
जानदिउ माया तिम्लाई कसरी?
बाच्न सिकेछु तिम्लाई पाए पछि
तिम्रै मुहर हेरी
तिम्रै चित्र केरी
तिम्रै बातहरु मा सारा संसार भुली
हसाइराखुला तिमिलाइ जसो जे गरि
जाने नै हौ तिमि रोकु कसरी ?
अनन्त भावना पोखु कसरी ?
बसौला माया तिम्लाई पर्खेर
जाने छैन म कतै बदलेर ।",65
272,VTEN - CYPHER,Genius Romanizations,romanized,"राम्रो सागा सुन्चस वने राम्रो गीत
नराम्रो सागा सुन्छन् वने नराम्रो दिश
पचाउने ले पचाउछ
नपचाउने हरूले मुख मा औला कोचारेर चादे हुन्छ
कोही साथी प्रहरी बने कोइ साथी गुन्डा
कोही चाई खलासी गर्छ मा चाई आफ्नै धुन मा
यस्तै चा पारा मेरो काम धम चाइन
मेरो परिवार हुने खाने खाँदन हैन
तारा बाल लाग्दैन कैले हार मान्दैन
मा फस्ने वाला चाइन ताइले जाल फाल्दैमा
बोकेर दौडिराको छु मा नया सोच
संघर्ष गर्न आको हु गर्दिन मा या मोज
तेसैले मा केही गरेर खाँचु
नत्र मरेर जान्छु
बारु लडेर बच्छु
अघि बढेर हास्छु
मेरो नया सोच नया बिचार चा
वारीपारि स्याल हरू आयो मलाई चिथर्न
तेइपानी उठ्छु मा दुःख लाई बुझ्नु चा
आफ्नो जिम्मेवारी को अगाडी जैले पुग्छु मा
तेसैले बुझी राको छु यो सब कुरा हरू
मान्छे मा फताए छु तारा बोलेको पुरा गर्छु
बल्ला बल्ला होस आचा चाइन मान मा लोव लालच
हरायेको यात्री हु मा दराउदिन चोट खाना
घैटे छु मा आजा तारा सक्य चाइन जोश जगर
एकलो वाये मा जा लौरे लाई खोज का चा
तारा या सबै जना लुटेर रा चोर फताए
मा कताआ
तेतै दौडिन्छु मलाई फैदा आउछ जो बाट
साला फोकट मा
जिन्दगी खेल्दै छु मा जुवा जस्तो बोट चक्क
तारा आइले मोज गर्दा पानी कैले दिदिन साँ
माइले बिर्स्या चाइन मा खाते आको थिये रोड बाट
टप तान्न, चिर्थे गल्ली
तारा आइले चिर्चु मुजी नोट चाप्न",190
273,Chhewang Lama - Lahure,Genius Romanizations,romanized,"केवल तिमी नै मेरो प्रेर्न
केवल तिमी नै मेरो प्रेर्न
बिन्ती तिमी पानी मलाई हेरना
कस्तो माया तिमी संग बस्यो
तिम्रो सप्न आँख मै सज्यो
केवल तिमी नै मेरो प्रेर्न
बिन्ती तिमी पानी मलाई हेरना
तिम्रो मान मा मेरो माया छ हेरा
तिम्रो जवानी लाई किना फाल्छौ हेरा
आउ तिमी आउ हामी सँगै रमाउ
पिरती गसुला
आउ तिमी आउ हामी सँगै रमाउ
छाम्छामी नचुला
मर्छु भना मेरो लागी
मै पानी मरुला
कस्तो माया तिमी संग बस्यो
तिम्रो सप्न आँख मै सज्यो
केवल तिमी नै मेरो प्रेर्न
बिन्ती तिमी पानी मलाई हेरना",73
274,Bhan Saali Teri Didi Ka Chha (Paschimeli Chelo),Chakra Bam,nepali,"केटा: चक्लेट दिया भुल्लि जान्थि हिरा चणि नाच
अहिले पो ठुलीभइ भन सालि तेरि दिदि काछ
काख राखि म्वाइ खायाको हिरा चणि नाच
अबत भुलीहोइ भन सालि तेरि दिदि काछ
केटि: बालापन रहेन अब हिरा चणि नाच
नगर ख्याल ठट्टा ओ भेना मेरि दिदि काछ
छैनप उहिलेका जसो हिरा चणि नाच
भरि गया बुट्टा ओ भेना मेरि दिदि काछ
केटा: (ए लौ लौ लौबिर्या छम्को)
(ए लौ लौ लौबिर्या छम्को)
(पस्चिमेलि चेलो छैन है कमको)
(पस्चिमेलि चेलो छैन है कमको)
केटा: बैशको घमण्ड नगर हिरा चणि नाच
तस्सोइ ओइलि जालो भन सालि तेरि दिदि काछ
घरकि ले मन भरेन हिरा चणि नाच
अब तेरो पालो भन सालि तेरि दिदि काछ
केटि: कल्कलाउदो जोबन मेरो हिरा चणि नाच
बसुलाकि जलाइ ओ भेना मेरि दिदि काछ
दिदि माथि सौता जान्या हिरा चणि नाच
क्या सोच्याछौ मलाइ ओ भेना मेरि दिदि काछ
केटि: (ए लै लैलै लै बिरि छम्कि )
(ए लै लैलै लै बिरि छम्कि )
(पस्चिमेलि चेलि छैन है कमकि)
(पस्चिमेलि चेलि छैन है कमकि)",146
275,Black And White,ZEROO,romanized,"टीएमलाई माया गर्दा आफूलाई नेइ बर्सी चु
माया को खेल मा हारे सयद भोली जिट्नी चु
टीएमले च्याडी पाची धेरै केटीआई हरू भेटे तारा साचै भन्नु पर्दा खास मा एन नोन ओएफ थेम काउल्ड रिप्लेस योउ उसको हात समात्दा पानी टीएमआरओ याद आउचा
टीएमआई जा चौ अहिले मलाई म्यान चा एकदम त्य आउन
उः रमाउदैन मेरो तौको को त्यो क्याप लाउन
टीएमआई नभाको भये सयद चोड्थे मेली राप गाउन टीएमले चडी गयोउ ब्यासी मा त्येइ अल्झेर
ह्येर्चु टीएमआरओ फोटो जेली बस्चु टीएमलाई सम्झेर
एकलो हुना मान्न्थेन त्येइ याद हरू मा एड्की मा
तारा जाने म्यान्ची गयिसके सी आउँन फर्केर
यो मुटु माथि मेरो घटक प्रहार भयिराख्यो
ना साथ मा तान्न पैसा थ्यो, यो आखन आशार महिना भो
टीएमले चादी गयिहाल्यौ मा सौरव हैन पाइलाको
चोको थियो माया तारा मुटु टीएमआरओ मैला भो
रिलेसनसिप मा अम्मा कस्सम एकदामै सेरियस थे जिन्दगी भाचा ब्ल्याक एएनडी व्हाइट पुरानो टीवी जस्तै
पाउ मा टीएमआरओ गिरी रहे खुट्टा भये जुत्ता कट्टी आउचा तारा का पाउन रा केटीआई ठ्याक्क टीएमआई जस्तै
धेरै कुरा सुनाउनु चा तारा एटा को चा रा
भाग्यमानी हुन्चा त्यो आबा जाँचौ जो संग
राम्रो संग होस गरा नदिनु आफ्नो जबना
सोधे मेरो बेयरी मा पुरानो साथी हो भना
नाशा मा एकदम डुब्न मदिरा नि पेउन म्यान चा टुक्रेको मुटु लाई सम्हाली फेरी सेउन म्यान चा
तिमीलाई भ्येतेको पाइला दिन फेरी जुइनु म्यान चा
टीएमलाई पाउचु अँगालो मा तारा थोरै पेउनु पर्चा
खुसी टा भाको थे टीएमआरओ भरोसा जित्दा पानी
मानः को कुरा सबै मेरो यो गीत मा चा नि
चडेर जान्चु भन्दा दुख्य थ्यो चित्त थोरै
त्म्रेई याद आउचा बाघबजार को गल्ली हिर्दा पानी
मुटु यो घयाल भयो चोड्दिन्छु पागल पन यो
टीएमआरओ त्यो आँगालो मा लाग्थ्यो की आफ्नो पन्न थ्यो सुनिना आफ्नो म्यान को तान्चु चुरोट को सरको
आजा भयिन अन्जाँ हिजो जास्ले मलाई आफ्नो भन्थ्यो सुनाउदा गीत मेरो भन्थ्योउ टीएमआरओ फान हो मा
सजाउथ्यो परिवार भयेनी आफ्नेइ एउटा स्यानो घर एकदामै लाजालु थ्योउ टीएमआरओ अवाज आझै प्यारो चा
घरी घरी याद आउचा त्यो अँगालो को न्यानोपन
गारो हुन्चा आशु ले आखन भरे पाची
चित्त दुख्च आफ्नो ले नै साथ चोडे पाची
दिन भरि मुहार मा झुटो हासो हुन्चा तारा कस्सम धेरै याद आउचा साझा पेयरी पाची
टीएमआई फर्किन्नौ मा गर्चु एसको समाना
भन्या थे टीएमलाई ल्याउदिन नि मेरो गना मा
साधै हुनु खुसी आशु नहोस् टीएमआरओ आखा मा
नया जिन्दगी को टीएमलाई धेरै सुभाकमना",347
276,Bhumari,Chirag Khadka,nepali,"उड्न देउ मलाई पन्छी जस्तै
पुराना दिनहरु याद बनि सम्झी बस्दै
झझल्को रंगीन सबै, हराउछु म संगीतमै
मनको कुरा मन भित्रनै, बुझिन्छ सब अन्तिम मै
सुरुवात छ अन्योल
अचम्मको पल यो
घडबड हुन्छ मन यो
घामको किरण टल्क्यो
हात कोरिदा सल्क्यो
धैर्य धारन बल्यो
तेसै कारण आत्ते पनि सबै ठिक छ भन्दियो
जीवनको यात्रा एक संगर्स हो
हैन यो दुई दिन तीन महिना चार वर्षको
एक्कैछिनलाई पर्ख ब्रो
लाइफ पुरै सर्कस हो
यत्तिकै बाचेर यो जीवनको के यहाँ अर्थ भो
निकाल रिस तिम्रो जस्तो बिष
कालो सर्पको पो तानेर
जैले हाइ हुदै फेरी अर्थ खोज
अफ्ट्यारो र कठिन, सजिलो र सरल होस्
मरेपछि पुग्ने हामी एउटै ठाउँ
परलोग, एचएमएम
जीवनको भुमरीले घुमौलाहै घुमौला है
मलाई बाल भन्दै हिड्न सिक हिड्न सिक
तैरिदै जाउ फेरी डुबौला है डुबौला है
पानीको झालसंगै बग्न सिका बग्न सिक
जीवनको भुमरीले घुमौलाहै घुमौला है
मलाई बाल भन्दै हिड्न सिक हिड्न सिक
तैरिदै जाउ फेरी डुबौला है डुबौला है
पानीको झालसंगै बग्न सिका बग्न सिक",130
277,Lai Bari Lai,Vek,nepali,"के भन्नु खोई शब्दहरू हराए छन् सबै
लाग्दैछ उडी रहेछु म माथी एक्लै
झस्किनछु, के भएको म?
आफैसंगै बोल्दै बस्छु सधैँ
लाग्दैछ अल्झी रहेछु म कहीं कतै (अल्झी रहेछु म कहीं कतै)
आतीन्छु के गर्दिनँ म (के गर्दिनँ म)
केहि गर्नु मन छैन मलाई
हाँस्दिन्छु एकफेर सम्झेर आफैलाई हेरेर, लै-बरि-लै
लै-बरि-लै
लै-बरि-लै
लै-बरि-लै
ल-ल-ल-ल-ल-ल
लै-बरि-लै
ल-ल-ल-ल-ल-ल-लै-बरि
ल-ल-ल-ल-ल-ल-लै-बरि
हेर्छु बाहिर लाग्छ दुनिया अर्कै
कुरा विभिन्न प्रश्नहरू उठ्छ धेरै
छिनमा लाग्छ रमाईलो, छिनमा हराउछु आफै (आफै)
उठेर पुगे जस्तो लाग्छ धेरै पर, तर हुन्छु म यतै कतै",100
278,Yasto Pani Hudo Raichha,Phatteman,nepali,"यस्तो पनि हुँदो रैछ
जिन्दगीमा कहिले कहिले
कसैलाई माया गर्नु
एउटा भुल गरें मैले
यस्तो पनि हुँदो रैछ
यस्तो पनि हुँदो रैछ
जिन्दगीमा कहिले कहिले
कसैलाई माया गर्नु
एउटा भुल गरें मैले
यस्तो पनि हुँदो रैछ
मेरो जस्तो माया दिने
तिमीलाई हजार होलान
तिम्रा लागि मेरा जस्ता
हजार हजार मुटु रोलान
जसलाई आफ्नो सम्झेको थिएँ
उही बिरानो भयो अहिले
कसैलाई माया गर्नु
एउटा भुल गरें मैले
यस्तो पनि हुँदो रैछ
मेरो माया कुल्ची जाने
तिम्रो माया फलोस फुलोस
मेरो इच्छा मारी जाने
तिम्रो इच्छा सधैँ पुगोस्
उदास आँखा मेरा पनि
सपना देख्थे पहिले पहिले
कसैलाई माया गर्नु
एउटा भुल गरें मैले
यस्तो पनि हुँदो रैछ",78
279,Marijau,Sajjan Raj Vaidya and Bikky Gurung,nepali,"कुरा सबै थाहै छ नि, तिमीलाई के भनु म?
पागल छु म तिम्रै लागि, तिम्रो के नै छ र दोष?
तिमी हाँसेको हेरीरहे सधैं भरि यसरी नै
तिम्रो आँखामा आँसु देखे मरी जाँऊ, सासै राेकी
कुरा सबै थाहै छ नि, तिमीलाई के भनु म?
पागल छु म तिम्रै लागि, तिम्रो के नै छ र दोष?
तिमी हासेको हेरीरहे सधैं भरि
यसरी नै तिम्रो आँखामा आँसु देखे मरी जाँऊ, सासै राेकी
मरी जाँऊ, मरी जाँऊ, मरी जाँऊ, मरी जाँऊ, येअह
तिमी नै हौउ, तिमी नै हौउ
मनले रोजेको, तिमी नै हौउ
एकान्तमा आएर कानमा मेरो सधै गुनगुनाउने
पोखेर मानका भावना, सधैं मलाई अंगालने
एकान्तमा आएर कानमा मेरो सधै गुनगुनाउने
पोखेर मानका भावना, सधैं मलाई अंगालने
तिम्रो बानी, मनमानी सबै याद आई रहन्छ
कल्कालाउँदो मेरो छाती सास आधि रहन्छ
मरी जाँऊ, मरी जाँऊ
तिमी नै हौउ, तिमी नै हौउ",123
280,Lutna Sake Loot,Pashupati Sharma,nepali,"हाम्रा गामको एउटा भाइ स्थायी शिक्षकमा लड्यो
स्थायी शिक्षक हुन्छु भनी पढ्नुसम्म पढ्यो
बल्ल बल्ल नाम निकाल्यो अहिले जागिर खान्छ
त्यसकै छोरो पढ्न फेरि बोडिंगतिर जान्छ
लुट्न सके लुट, कान्छा, लुट्न सके लूट
ए लुट्न सके लूट, कान्छा, लुट्न सके लूट (लूट)
अरु देशमा पाइदैन नेपालमै हो छुट
ए कान्छा, अरु देशमा पाइँदैन नेपालमै हो छुट
ए कान्छा, अरु देशमा पाइँदैन नेपालमै हो छुट
डाक्टरले नि जागिर यहाँ सरकारी कोटामा खान्छ
बिरामी जाँच्न फेरि क्लिनिकतिर तान्छ
हाम्रा गामको अर्को भाइले सुब्बामा जागिर खायो
दुईवर्षमै घर ठड्यायो, कहाँबाट पैसो आयो ?
लुट्न सके लुट, कान्छा, लुट्न सके लूट
ए लुट्न सके लूट, कान्छा, लुट्न सके लूट (लूट)
अरु देशमा पाइदैन नेपालमै हो छुट
ए कान्छा, अरु देशमा पाइँदैन नेपालमै हो छुट
ए कान्छा, अरु देशमा पाइँदैन नेपालमै हो छुट",113
281,Suna Bhanana,Udit Narayan & Deepa Jha,nepali,"सुन, भन न, जुन हेर न
कस्तो शीतल, तिम्रो छायाको
एउटै सहारा तिम्रै मायाको
सुन, भन न, जुन हेर न
कस्तो शीतल, तिम्रो छायाको
एउटै सहारा तिम्रै मायाको
एउटै सहारा तिम्रै मायाको
सावन बादलको नाता बर्खे झरीजस्तै
दिन र रात एक हुने सिन्दूर साँझजस्तै
सावन बादलको नाता बर्खे झरीजस्तै
दिन र रात एक हुने सिन्दूर साँझजस्तै
सुन, भन न, फुल पात
जस्तो साथ, हाम्रो मनको
एउटै सहारा तिम्रै मायाको
एउटै सहारा तिम्रै मायाको
फूल्दछ फूलहरू आफै आफ्नै रहर बनी
डाँडाकाँडा पहाड पर्वत सहर बनी, बनी
फूल्दछ फूलहरू आफै आफ्नै रहर बनी
डाँडाकाँडा पहाड पर्वत सहर बनी, बनी",79
282,Mann Ka Bhawana,Apurva Tamang,nepali,"मनमा कुरा खेली रह्यो आज मेरो
मनका भावनाहरुलाई कसरि रोकु म
तिमीलाई देख्दा जहिले मन अतालिने गर्छ
तिम्रो बोलि सुन्दा मनले धुन गुनगुनाउने गर्छ
त्यसैले डर लाग्छ कि गुमाउने छु म तिमीलाई
जब कि तिमी मेरो हैनौ कसरि सम्झाउ यो मनलाई
ओ-हुम-हुम
कास मैले थाहा पाए हुन्थ्यो तिम्रो मनको कुरा
तिमि संग मेरो कथा हुने होकी कतै पुरा
गहिरो त्यो आँखामा म डुबी सके
सोच्दै तिम्रो बारे मैले आज यो गीत लेखे
तर किन डर लाग्छ कि गुमाउने छु म तिमीलाई
जब कि तिमी मेरो हैनौ कसरी सम्झाउ यो मनलाई
ओ-हुम-हुम
ओ-हुम-हुम",84
283,B-8eight - Alikati,Genius Romanizations,romanized,"एह-एह-एह-एह
एह-एह, एह-हेह
एह-एह-एह-एह
एह-एह-एह-एह
एह-एह-एह-एह
एह-एह-एह-एह
अलिकति अल्झेको मायालाई पुरै बस्न देउ
आधा-आधा फसी सक्यो बोरु पुरै डुब्न देउ
अलिकति रामेको मनलाई पुरै रामना देउ
साधा-साधा जिन्दगी तिमी सँगै रामना देउ
मेरो मान को रङ्ग मञ्च मा तिम्रै अभिनय चा हित
महाभारत फिका लाग्छ टेटी तातो तिम्रो ऋष
तेसैले नारिशी सुनाना मेरो कुरा प्लीज
प्लेलिस्ट नै दोहोअरू लाग्ने तिमी मेरो त्यो गीत
अलिकति, अलिकति माया त्यो सारी देउ
अलिकति, अलिकति त्यो ऋष लाई मारी देउ
अलिकति, अलिकति चेउ आई बासी देउ
अलिकति, अलिकति सम्बन्ध कासी देउ
लेट मे टाके योउ थेरे ह्वेरे आई'वे बीन विलिङ यूएस टो गो
एएनडी विथ योउ इभरी टाइम आई'एम हाइ
थेरे एइन्ट नो टाइम ह्वेन आइएम लोव
इवेन ह्वेन आई'एम नोट स्मोकिङ
एएनडी गर्ल, आई एआइएन'टी जोकिङ
आईएफ युरे गोने, आईएफ युरे गोने आई'डी बे बोर्केन
काउस गर्ल विथ योउ आई फील कम्प्लिट, येअह
थेरे'स नो ओने एबोव योउ फोर मे, येअह
योउ केएनओडब्ल्यू थाट आई लोव योउ बुट काउल्ड नेवर क्याल
योउ एसीटी सो अनकनाउन थाउग योउ केएनओडब्ल्यू आइटी एएलएल
अरको जुनी हुन्चा हुन्न ठहा चाइन
येही जुनी साथ दिन्छु मा
मेरो मान भित्र को माया सबै
तिम्रो मनमा सारी दिन्छु मा
अनि सँगै-सँगै हिडौला
हाम्रो माया को कोसेली सतमला
साधै-साधै साथ दिने कसम खाइ
दुःख-सुखा बदमला",197
284,Hukka Mero,Karma Band,nepali,"हुक्का मेरो, ओ-ओ
हुक्का मेरो, डल्ले, डल्ले
नालीनलाई खन्न, नालीनलाई खन्न
यती राम्री मोटिलाई आगि नलाई जान्न (ल है!)
आगि नलाई जान्न
तल्ला घरको-ओ-ओ
तल्ला घरको, बुढा चोकी
माथ्ला घरको कुर्सी, माथ्ला घरको कुर्सी
जोवन खेर जान्छ गरी यता र उती (ल है!)
गरी यता र उती
आकाशैको, ओ-ओ
आकाशैको, थैलोमैलो
बदलुको घेरो, बदलुको घेरो
जता हेर्छु तिमी मात्रै कस्तो कर्म यो मेरो? (ल है!)
कस्तो कर्म यो मेरो?
उकालीको, ओ-ओ
उकालीको, चिसो पानी
खाई जाऊजाऊ लाग्छ, खाई जाऊजाऊ लाग्छ
कुरो चिनो फानो गर्न, घर आऊआऊ लाग्छ (ल है!)
घर आऊआऊ लाग्छ",83
285,Bikki Gurung - Marijau2,Genius Romanizations,romanized,"एकान्तमा आयेर काँआइमा मेरो साधै गुनगुनाउने
पोखेर मनका भावना साधै मलाई अँगाल्ने
तिम्रो बाँइ मनोमणि सदै याद आई रहन्छ
काल कलाउदो मेरो छाती सास अधि रहन्छ
सुस्ता सुस्ता आगो बल्दै छ छाती भित्र कतै कहि
धुवा धुवा मात्रै देख्छु अधुरो छ तिमी बिना जिन्दगी
आई आई मारी जाउ मारी जाउ मारी जाउँ मारी जाउँ आए
तिमी नै हाउ तिमी नै हाउ मनले रोजेको तिमी नै हाउ
एकान्तमा आयेर काँआइमा मेरो साधै गुनगुनाउने
पोखेर मनका भावना मलाई साधै अँगाल्ने
एकान्तमा आयेर काँआइमा मेरो साधै गुनगुनाउने
पोखेर मनका भावना मलाई साधै अँगाल्ने
कुरा सबै ठहा छ नि तिमीलाई के॰एस भनु मा
पागल छु मा तिम्रै लागी तिम्रो के॰एस नै छ रा दोष
तिमी हासेको हेरी रहे साधै भरि येसरी नै
तिम्रो आँखामा अन्सु देखे मारी जाउँ सासै रोकिन्छ
आई आई मारी जाउ मारी जाउ मारी जाउँ मारी जाउँ आए
तिमी नै हाउ तिमी नै हाउ मनले रोजेको तिमी नै हाउ",131
286,Chup Laag,Laure,romanized,"रिस, राग, घमण्ड बढ्दैछ प्रचण्ड
एउटा अवाज चौबिस घन्टै बोल्दै चा मा संग
भाँचा देखाई डेको होस टा यो पापी संसारमा
आफ्नै अस्तित्व खोज टा बाटो नमोड ना
गर्दै जा जे गर्चस् अघि बदलास की टा मार्चस्
औला धादै हस्चस् मुजी संसार रहेछ सर्कस
सबै जना दर्सक, जीवन भयो नाटक
ठूलो सपना बोकी हिड्ने दिमाग रैचा घटक
बाकी चा यो तागत परे मेहाबाट को सडक
भाग्यले दोहोर्याउन दिन्न जीवन आफै बाँचु चालक
भूट, भबिष्य, बर्तमान सबको अर्थ जाँ
आफूले सोचेको जीवन जियेसी मात्र यहा मार्पण पाम
तेही चा सोच
अघि बढिराछु
जितको खोज किनाकी
हार अली बाढी खाछु
के॰एस गरी हसु दिन भर को पागलपन
कसरी हटाउ मलाई चोपेको यो कालो बदल भन
समाजको कट्पुटाली अन्धकार मै चौ की?
यो भावा सगरमा किना खेल्न पर्ने हो पौडी?
जाहा मौलिक बिचारको मूल्य चाइन फुटी कौडी
यो चक्रमा नफसा हाई केटी सक्चास भने दौडी
अनि शोव मे ह्वाट योउ गोट
बाढी नकारात्मक सोच्ने टेरो डिमागलाई भन चुपलाग
अनि लागी पार टेरो बाटो अनि अति बढ्न के भाको?
टा चिक्ने लाई टा मुजी मेरो साथी भन्न नि गर्हो
गाली गर्या हैन बुझिस, तपाई माथि चड्न सिकाको
येस्टै चा यो दुनिया
संसार नराम्रो भन्दैमा किना भान्चस टेरो भूमिका?
अबा त्यो पसो अली लुलो पार
हुना टा मर्नु भन्दा मारी मारी बच्नु नै हो ठूलो हार
पोख्छु मेरो संघर्ष, कलाकारको पिडा बुझलास
जे देखिन्छ त्यो हुन्न सत्य बादी पोसे दिने हरू अबा चुपलाग
पाच गुना प्यास टिन गुना प्रयास कामको थाकन पानी डोब्बर
प्रश्न चिन्हा उठाउने हरू आइजा
मेरो यो *मिडल फिंगर* औलालाई ढोग गर",219
287,Vten - Simsime Paani,Genius Romanizations,romanized,"सिमसिमे पानी रा जिस्किने नानी
उही हो, उही हो
चाइन रैछ कान्छी तिम्रो बिच्किनी बनी
आह आह आह, येअह
येसो एक दुईटा फोटो सोतो खिच्दिम ना हामी
साही हो, साही हो
येतिकै मै कान्छी ले किस दियो दामी
लैजान्छु बोकेर तिमलाई आजा मा
किनाकी तिमी चौ आजा को रातमा
उठेर बसेर घुमेर नाचना
तिमलाई पानी मलाई जस्तै वैरा होला जसम्म
तेसैले आउन आउ तिमी भौ नखाउ ना
हामी कुना काप्चा अध्यारो ठाउ मा जाउ ना
टेसपछि गरौला रात वारी मोज
मेरो बोका बोका पारा कस्तो लाग्यो नि हो
नजाउन पारा तिमी नजाउन छोडेर
खाइदिन्छु मोइ अबा ठुटुनै जोडेर
नजाउन पारा तिमी नजाउन छोडेर
नाचा बोरु मा संग लजाउन छोडेर
हल्लाउदै चक तिम्रो बोसो ले भरेको
ठाररर लाउ ओहो के॰एस गरेको
साही हो साही हो ला दामी दामी
वोरीपारि चाइयो मलाई रामरी रामरी नानी",111
288,Nishan Bhattarai & Eleena Chauhan - K Maya Lagchha Ra [Romanized],Genius Romanizations,romanized,"जुन उधाउने तारा लाग्ने साधै रति रति
एकलाई झ्यालमा बासी मैला कति हेर्नु माथि
जुन उधाउने तारा लाग्ने साधै रति रति
एकलाई झ्यालमा बासी मैला कति हेर्नु माथि
कालो कपाल घुंग्रियो मान मा माया उम्रियो
कति बस्नु हेरेर, राखा माया ले बेरारा
कति दुल्छौ वारीपारि भुनभुनाउदै मौरी सारी
कति हेर्छौ घरी घरी ज्यान सुक्ला लौरी सारी
कति दुल्छौ वारीपारि भुनभुनाउदै मौरी सारी
कति हेर्छौ घरी घरी ज्यान सुक्ला लौरी सारी
[चोरुस: एलीना चौहाँ & निशान भट्टराई
के॰एस माया लाग्छ रा?
उखुम नै लाग्छ नि
मेरो याद आउछ रा?
हुर हुरी आउछ नि, हाउ
तिमीलाई हेरे पुग्छ किना जानु अन्त ?
तिम्रो येती माया पाया जाग्छ तन्तु तन्तु
तिमीलाई हेरे पुग्छ किना जानु अन्त ?
तिम्रो येती माया पाया जाग्छ तन्तु तन्तु
नाचोपा त्यो मुहार बनाइदिन्छु जुहार
मेटै देउ ताल ताल लगाइदिन [?} अलमल",114
289,DHANYABAD,Kavi G,romanized,"दुईटा आवुला माथि
त्यो हो मेरो ग्याङ सिग्न
त्यो हो मेरो ग्याङ सिग्न
दुईटा आवुला माथि
त्यो हो मेरो ग्याङ सिग्न
त्यो हो मेरो ग्याङ सिग्न
दुईटा आवुला माथि
त्यो हो मेरो ग्याङ सिग्न
त्यो हो मेरो ग्याङ सिग्न
माह एउटा गीत गौचु सुन्ने वाये काँ थापा
माह तिम्रो सोच मा हैन बस्ने गर्चु आतमा मा
आजा संसार देख्छु हिजो थिये काखमा माह
कवि जीएस चुर्पी बोकी आउदै चा धारण बाट
सलालालाला बगी रहने ढलको पाँइ हो माह
मडेर काटला जुईको चाहन्छु माह पखालिन
बाटो छेक्ने पत्र हरू धेरै हुन्चन काठा बित्र
पूर्बको साँ सक्दैन एट्टीकै अट्टालिना
चनेर खान्चु चना थुक्पाको झोल बाट
टुप तानी निस्किये माह खजुरेको टोल बाट
खाली पोस्ट मा सिकेको नै चाइमा माइले गोला हान्न
रा टेरो चिप्पाको नम्बर पानी मेरो फोन मा चा
माह बिना केटीए हरूलाई राप हान्नै बोरे भाचा
स्टेज मा आगो बल्चा जाबा जान्चु शोव हान्न
माह मिक लाई ख्वाप खुप खाइदिन्छु स्वर बाट
ला मेरो लागी ताली बजाइदेन झोरदार टा
हमलाई बाटो डोर्याउने टीआइ हात हरू खा चान्न?
पैसा नव बेला येसलाई झर्न पर्ने समान
जाबा चाइन काम धाँदा डामा आयार्झन",154
290,Ma Aankhama Rakhine,Aruna Lama,nepali,"म आँखैमा राखिने योग्य कहाँ छु
मलाई सम्झि टिठ्याउने योग्य कहाँ छु
म भुल हुँ, सुधारिने योग्य कहाँ छु
म आँखैमा राखिने योग्य कहाँ छु
कुनै दिन जब म सबैलाई रिझाएँ
त्यहि म किन आज सबलाई बिझाएँ
म मान्छे हुँ, मान्छेलाई माया चाहिन्छ
मेरो जिवनलाई पनि साथि चाहिन्छ
तर साथि बन्ने म योग्य कहाँ छु
कसैको माया पाउने योग्य कहाँ छु
म भुल हुँ, सुधारिने योग्य कहाँ छु
म आँखैमा राखिने योग्य कहाँ छु
उदास मेरो मुहारमा मुस्कान जचेन
ऐनामा म हाँस्दा आफैँलाई चिनिन
दुखको उदाहरण मेरै जिवन होइन
खुसिमा के मेरो अधिकार नै छैन?
यि प्रश्न उठाउने म योग्य कहाँ छु
कसैको माया पाउने योग्य कहाँ छु
म भुल हुँ, सुधारिने योग्य कहाँ छु
म आँखैमा राखिने योग्य कहाँ छु",103
291,Tesaile Hidey Ma,The Elements (NPL),nepali,"हिंडे समुन्द्र पारीको त्यो शहरमा
सबै छोडि गए हावाइजहाज चडेर
हराउने बाटो-गल्ली मलाई डरै भएन
खोजी हाल्छु म आफ्नो बाटो मेरो आफ्नै गन्तब्य (हो, हो)
कता कोही कुरी बस्यौ कि
अनौठो जहानमा?
कसलाई केही थाहै छैन
त्यसैले हिंडे म
कता कोही कुरी बस्यौ कि
अनौठो जहानमा?
कसलाई केही थाहै छैन
त्यसैले हिंडे म
त्यसैले हिंडे म
त्यसैले हिंडे म
कता कोही कुरी बस्यौ कि
अनौठो जहानमा?
कसलाई केही थाहै छैन
त्यसैले हिंडे म",61
292,Bari Lai,Pahenlo Batti Muni,nepali,"च्यिच्यार बोलाम भने स्वरै सुकी सक्यो
मनैबाट बोलाम भने मनै मरी सक्यो
बरी लै, बरी लै, बरी लै
घावै देखाइ भनै भने घावै भरी सक्यो
आँखै देखाइ भनै भने आँशु झरी सक्यो
बरी लै, बरी लै, बरी लै
टाढैबाट हाँसै भने आँखै पोली सक्यो
हातै समाइ नाचै भने गीतै गली सक्यो
बरी लै, बरी लै, बरी लै
लुकुर म हेरी दिन्थे होला
संसारै ति आँखाबाट
मनै मेरो अल्झे छ, आहा
माया अझै नि बल्झेन, के गरु?
बरी लै, बरी लै, बरी लै",70
293,K Garu,John Rai,nepali,"के गरूँ? तिमीलाई सम्झेँ
म के भनूँ? सम्झि त हालेँ
के गरूँ? म के गरूँ? के गरूँ?
के गरूँ? तिमीलाई सम्झेँ
म के भनूँ? सम्झि त हालेँ
के गरूँ? म के गरूँ? के गरूँ?
बोलाउँदिन भन्छु तर बोलाइहाल्छु
म बिर्सिदिन्छु तिमीलाई तर सम्झिरहन्छु
सक्दिन कि भुल्न तिमीलाई
मान्दैन मन जति सम्झाए नि
सम्झाए नि, बुझाए नि मान्दैन नि
मनै त हो नि, मनै त, मनै त हो नि
हासेर, ढाटेर कति भन्न तिम्लाई सम्झदिन
भागेर कता जाऊ, तिम्रो याद ले कहिँ छाडदैन
के गरूँ, म के गरूँ
छाडेर, टाढेर गयेनी मलाई कहिले नबिर्सिनु
म पनि मर्दिन माया सधैँ तिम्लाई सझिरहन्छु
येस्तै छु, येस्तै छु
के गरूँ, के गरूँ, के गरूँ, के गरूँ",96
294,Asha Nirasha,Albatross,nepali,"के खोज्यौ तिमीले यहाँ? के आशा राखेछौ फेरि?
यी दु:ख सुख सबै हुन, संसारका रिती
समयले सम्झाउला तिमीलाई केही इतिहासका कुरा
तर तिमी सम्झिनु र बुझ्नु
यी आशा, निराशा, सबैका समस्या, हुदैन सजीलै केही
तिमी बुझ, सोच, अँगाल, नियाल, उत्तरदायी धेरै
के होला, नहोला, त्यही बहानामा नअल्झी राख तिमी
यी आशा, निराशा, सबैका रहस्य, खुल्दैन कहीले पनि
हेर्दै छन् हरेक पाइला, नियाली अनुभवी आँखा
पाएछौ केनै फेरि, नयाँ नौलो सोच राखि?
खोताल्लान समयले फेरी, ती अतीतका कुरा
तर तिमी सम्झिनु र बुझ्नु
यी आशा, निराशा, सबैका समस्या, हुदैन सजीलै केही
तिमी बुझ, सोच, अँगाल, नियाल, उत्तरदायी धेरै
के होला, नहोला, त्यही बहानामा नअल्झी राख तिमी
यी आशा, निराशा, सबैका रहस्य, खुल्दैन कहीले पनि",101
295,Afnai Bato,VTEN,nepali,"म त आफ्नै बाटो हिडीराको थिए
दुनियाको बाल थिएन मलाई केहि
मलाई आफ्नो भन्यो मलाई माया गर्नेहरुले
तर मैले आफ्नो भन्न सकिन छु, येअह
थाहा थिएँन चित्त दुख्या रहिछ, येअह
खासमा उस्ले मलाई बुझ्या रहिछ,येअह
तर मैले उस्लाई बुझ्न सकिन छु, येअह
तेस्मा मेरै दोष छ
के गर्नु यस्तै छ मेरो जीन्द गानी
राग लाग्छ मलाई बाटो तिर हिड्न पनि
गर्न सकिन केहि राम्रो मैले तिम्रो लागि
नमिठो गाली गरे मैले तिमीलाई हिजो राती
रात भरि छटपटी लाग्दैन निन्द्रा पनि
खालि तिम्रै सम्झना आहिराछ दिमाग भरि
पहिलै बोल्न पर्न रैछ मैले विचार गरि
नराम्रो बेहोवार गरेछु था थिएँन मलाई पनि, येअह
बोल्न सक्दिन मन खोलेर, येअह
बचिराछु आज आशुहरु पोखेर
हिन्दै छु म चार्जमा रम दलेर,
मलाई अरु केहि बाल छैन
बोल्न सक्दिन मन खोलेर, येअह
बचिराछु आज आशुहरु पोखेर
हिन्दै छु म चार्जमा रम दलेर, येह
मलाई अरु केहि बाल
तर भन्नु पर्ने धेरै कुराहरु छ, येह
बाल नदि बस्न पनि सक्दिन
पोखरामा ल्यांग भयो अस्तिन
उस्ले भन्या तैले माया गर्दैनँ
माया गर्नु पर्न मैले बुझिराछ, येअह,येअह
तर सक्दिन तेसैले दुखिराछ मेरो मन
चाहन्छु सबैलाई खुशी पार्न, येअह,येअह
तर सक्दिनँ के गर्नु म, येअह",158
296,Alex Dware - Timi Kaha,Genius Romanizations,romanized,"तिमी काहा गयोउ
तिमी काहा गयोउ
मलाई छोडी यहा एकलाई
तिम्रो याद मा मा टीडब्ल्यू
बसिराखेको छु यहा एकलाई
मा खोज्छु तिमलाई यहा त्यहा वाहा
चडी गयोउ तिमले मलाई यहा
भुली गयोउ कसम तिम्रो सबै
सम्झी बासी राखेको छु मा आजा
येही मोडा मा
मेरा सारा माया दिने छु तिमलाई
सारा खुसी दिने छु तिमलाई
संसारा त्यागी आउने छु
तिम्रै लागी मा
आइदेउ ना मेरा माँ का भावना
लाई बुझी देउ ना
तिमी काहा गयोउ
तिमी काहा गयोउ
मलाई छोडी यहा एकलाई",64
297,Antya Ko Suruwat,Yama Buddha,nepali,"यो अन्त्यको सुरुवात हो तिम्रो र मेरो माया को
हुन्थ्यो कहिले तिमी मेरो जिवनमा छाएको
तर व्यर्थै हो कुरा गर्नु माया लाएको
अब जिउनु छ छुट्टै जिवन तिमी बाहेक को
पीडा त हुन्छ मन मा एक्लै तिमी बिना
सायद कहिले हुने छैन अब हाम्रो मिलन
मन बुझाउछु सोची यस्तै रै छ जिवन
अन्धकार मात्रै कतै छैन सुर्य किरण
तिमीलाई चाहे मैले त्यसपछि पाए मैले
संगै रमाए कैले फेरी गुमाए अहिले
सायद येस्तै लेखेको थियो हाम्रो कर्ममा
थेसे आरे थे फ्याक्ट्स बेबी नबाच भ्रममा
बेबी आई यूजेड टो लोव
एनओडब्ल्यू, आई रियली डोन'टी वान्ट योउ
आइटी'स लिके आ ह्वोले राइट आइएन माइ हर्ट
मे बे आई शाउल्ड हावे टोल्ड योउ
आइटी फेल्ट रियली गुड ह्वेन आई होल्ड योउ
थें इभरी थिङ फेल अपार्ट
अब तिम्रो आशुले की हुदैन मलाई
तिम्रो मायाको भावनाले छुदैन मलाई
जब साथमा थिए तिमीले बुझेनौ मलाई
अब भेटौला फेरी अर्कै जुनीमा तिम्लाई
आइएन थे फोर्म ओएफ आ कम्प्लिट स्ट्रान्जर प्यासिङ बाइ
लुक ह्वेन आई यूजेड टो बे थेरे फोर योउ ह्वेन योउ वाउल्ड सीआरआई
एनओडब्ल्यू आइटीएस गुडबाइ बाच्न देउ मलाई
एक्लै अतितका सबै कुराहरुलाई भुलाई
भन्छन मुटुको घाऊ समय संगै निको हुन्छ
गहिरो प्रेम थियो मेरो सायद अलि ढिलो हुन्छ
नेइथर थे ब्रेन ओर आ इयेस वन्न लुक फोर योउ
बे ग्ल्याड आई इवेन कम्पोज्ड थे हुक फोर योउ",185
298,Samriddhi Rai - Ma Dami Chhu,Genius Romanizations,romanized,"मा म्यागाजिन खबर को मोडेल हैन
36 24 खाइ के॰एस के॰एस पानी चाइन
आखा बाबा को नाक आमा को पाई रे
गाला घटाये मा सुपर फ्लाइ रे
हिड्डा हरिन झै चल चाइन मेरो
वञ्चन केटा झै पारा यो के॰एस हो
ठूलो हासो मेरो रोकेर रोकिन्न
सर्वगुण सम्पन्न पानी मा देखिन्न
ताई नि
मा जे॰एस चु ठीकै टा चु
मा दामी चु [उउ हु हु दामी चु]
मा दामी चु [उउ हु हु दामी चु]
मा दामी चु [उउ हु हु दामी चु]
मा दामी चु [उउ हु हु दामी चु]
गोरो मूलायम तोजा मलाई चाहिदैन
चलाए ले सुन्दरता मापन गर्न पाइदैन
बारुली कम्मर थियो अहिले नहोला
समय संग ना ब्याडलाइन को होला
कहिले चितिक्क पर्चु कहिले आफ्नै ताल मा
उड्नु चाइन यो दुनिया को माया जाल मा
नारी राम्रो सारी मा पक्कै हो
चोटो मेरो स्कर्ट की तिम्रो सोचाई त्यो",123
299,Aama,Sushant KC,nepali,"नौ नौ महिना कोखमा राखी तिमीले
भित्र्यौ मलाई यो संसारमा बोकी
जति कठिन परिस्तिती आए पनि तिमीले
हुन देनौ आमा केहि पनि तिम्रो
माया र ममता अपार
म सम्झिने छु जहिले तिम्रो साथ
छेमा पाऊ आमा यदि म बाट गल्ति भए
तिम्रो मायाको आभार म आज सम्म बाचिरहे
छेमा पाऊ आमा यदि म बाट गल्ति भए
तिम्रो मायाको आभार म आज सम्म बाचिरहे
आफ्नो काधमा सिर राखि हल्लायौ सुताउन
रोयो फेरी भनी बिउझियौ आधा रातमा
हात समाई सिकायौ हिड्न दौडीन
आज ठुलो भए तर सक्दिन बिर्सन त्यो
माया र मामता अपार
म सम्झिनेछु जहिले तिम्रो साथ
छेमा पाऊ आमा यदि म बाट गल्ति भए
तिम्रो मायाको आभार म आज सम्म बाचिरहे
छेमा पाऊ आमा यदि म बाट गल्ति भए
तिम्रो मायाको आभार म आज सम्म बाचिरहे",107
300,Aafno,VTEN,nepali,"येअह, येअह, येअह
आफ्नो भन्छु सबैलाई
तर किन आफ्नो हुदैन
किन आफ्नो हुदैन
सोच्दै छु राम्रो सबैलाई
तर किन राम्रो हुदैन
किन राम्रो हुदैन
राम्रो भन्दिन म के भनु (के)
तर नराम्रो भयो तेही पनि
पोलिराछ मन बेसरी
मान्छे भने म त बेजती
गल्ति गरे मैले जे जति
माफी माग्न मन छ भेट गरि
तर भेटेर नि के भन्ने
झन गारो हुन्छ तेस पछि
किन चित्त दुख्यो थाह्छैन
बुझ्न खोज्दा खोज्दै थाके म
जान्छु दुखि हुदै हासेर
वोह, वोह",62
301,Afnai Sansar Ma Kina,Albatross,nepali,"आफ्नै संसार मा किना"" डिपिक्ट्स आ वुमान्स सफरिङ, आ डाउगेटर्स पर्सपेक्टिभ ओन होव शे वास फिजिकली एब्युज्ड बाइ हेर ओडब्ल्यूएन फेथर. एमिडस्ट बेइङ एब्युज्ड, थे लिरिक्स सगेस्ट्स थे गर्ल फाइट ब्याक एएनडी टाके थे फोर्म... रिड मोर
सुरू हुन्छ यसरी नै
प्रश्नले छोडेको छैन
यातनामा हुर्केता पनी
बैगुनी म तिमी जस्तो हैन
नहिर्काउ मलाई
नजिस्काउ मलाई
न त सुम्सुम्याउ मलाई
नजिक मेरो नआउ
आधी हुॅ, म भेरी हुॅ
रिसाएकी म छोरी हुॅ
म छोरी हैन, म छोरी हैन
म छोरी हैन, म छोरी हैन
बेसहारा तिमी भन्दै
बेसहारा पनी बनाउछौ
अनी आउछौ मात्तिएर
होच्याएर चित्त दुखाउछौ
नहोच्याउ मलाई
नसताउ मलाई
न त चलबलाउ मलाई
नजिक मेरो नआउ
आधी हुॅ, म भेरी हुॅ
रिसाएकी म छोरी हुॅ",94
302,Jalai Mai,Arthur Gunn,nepali,"सधै भरी को हैन यो जुनि
केही समयको जिवन सैलि
पाए पनि हुन्छ है गाह्रो
नपाए नि नहुनि
रात बित्यो सोचमा दुबि
दिन गयो डाडा पारि
मन मेरो तिमी प्रति
ज्यान भने समुन्द्र परी
परे है म जालै मै
परे है म जालै मै
फेरी कतै उठ्यो कि तिम्रो मनमा
प्रशङ को ति प्रश्नहरु
लक्षय एउटै नभए पनि
बाटो संगै हिडौ बरु
हराएको यात्रीलाई
पर्दैन गन्तब्य को पर्वा
कतै हार खयौ भने
बस तिमी मेरै भर मा
पार्यौ है म जालै मै
पार्यौ है म जालै मै",68
303,Nothing In My Head Besides Timi,Sajjan Raj Vaidya,nepali,"टेल मे, बेबी
तिमीलाई कस्तो लाग्छ?
मसंग बेबी, के तिमीलाई अनाैठो लाग्छ?
मलाई त बेबी, अति नै रमाइलो लाग्छ
जति बोला तिम्रै याद मात्रै आउछ, ओ हो
थाहा छैन के भयो
यो तिमीले मलाई के गर्याै?
तिमी हाँस्न अनि म फेरी टोलाउछु
योउ आरे अमेजिङ, बेबी
आई एएम सो ग्रेटफुल थाट आई फाउन्ड योउ
योउ माके मे लौघ, योउ माके मे स्मीले, एएनडी सिङ, योउ सी
आई हावे गोट जस्ट नथिङ आइएन माइ हेड बेसाइड्स तिमी
आई जस्ट डोन'टी क्यारे
मेरो वरी परी के छ
डोन'टी नीड नोबोडी
मलाई तिमी भए पुग्छ, ओ हो
आई हावे बीन लुकिङ
अहिले सम्म कता कता तिमीलाई
टाके मे राइट ह्वेरे, राइट ह्वेरे योउ आरे, ओह, ओह
एएनडी एनओडब्ल्यू आई हावे फाउन्ड योउ
सबै ठिकैछ
आई एएम ह्यापी स्टेइङ राइट ह्वेरे वे आरे",113
304,Dai Nabhana,Aizen (NPL),romanized,"आइजेन टिम्स यूपी विथ जे अथर एएनडी जेसी राई फोर दै नभना, मिनिङ डोन्ट क्याल मे ब्रोथर' ह्वेन ट्रान्सलेटेड. थे सोङ आइएस बसेड उपोन थे आइडिया ओएफ ब्रोथर जोनिङ सोमियोन. गर्ल्स अफ्टर डेटिङ आइजेन, जे, एएनडी... रिड मोर
वोव, हुः?
नोट अगाइँ, ब्रो
शे सैद, ह्वाट?
फेरी?
आई फील लिके एएन ओल्ड मान
डोन'टी क्याल मे दै
क्याल मे युर ड्याडी
योउ'रे मेकिङ मे फील लिके एएन ओल्ड मान
मलाई दै नभना
क्याल मे युर ड्याडी
येअह, सो म्यानी थिङ्स आई काउल्ड डो फोर योउ
गेट योउ एएलएल थे थिङ्स थाट योउ वान्ट मे टो
तारा मा चाई के भनुम रा
दै बनिगयो कसरी चाई सकुमला?
दै बनाई मलाई किना सताउछौ?
बुढो हुदा आजै बुढो किना बनाउछौ
भुजेनौ यो इशारा, के खाल को पारा?
तिमलाई पाउचु भन्दै देखायो सपना
वु, लिके थाट टाइम आई टुक योउ आउट
फेवोराइट प्लेस आई क्नेव ह्वेरे टो बे अराउन्ड
बाइ थे ईएनडी ओएफ आइटी एएलएल, योउ सैद
आई हाड आ रियली गुड टाइम, दै
वैत, आई'एम लिके, वोह
ओह, नो , स्प्लिट थाट बिल बेफोर वे गो
डोन'टी एक्सपेक्ट मे टो पे आइटी एएलएल
डी-वर्ड वास ड्याडी, बुट योउ सैद थे ओथर थिङ सो",174
305,Baaki,Bartika Eam Rai,nepali,"सिनेमा धेरै हेर्ने गर्छु
एक्लो जुन देख्यो कि गाउन मन लाग्ने
सङ्गीत बेसी सुनेर हो कि
पानी पर्यो कि भिज्न मन लाग्ने
भावना प्रदर्शन गर्न सक्ने
साहसी म धेरै मान्छे हैन
सक्किसकेको यो जिन्दगीमा
तिमी आयौ काहाँदेखि
के सही, के गलत हो?
फुस्रो गणितमा यसै फसेको थिए
दुई प्रतिशत पनि तल-माथि नहोस्
भविष्य खै के मैले सोचेको थिए
पुराना संसारबाट भागेको थिए
अनि, ओई साथी सोचेजस्तै भयो के तेरो जीन्दगी
भावना सबै लुकाइसकेको
साहसी म धेरै मान्छे हैन
सक्किसकेको यो जिन्दगीमा
तिमी आयौ काहाँदेखि",69
306,Eklai Jiuna Sikey,Vek,nepali,"भुल गरे तिमी लाई चाहे मैले
माया दिए के नै पाए
मैले सोच्थे छुट्टीदैनौ कहिले
तर हेर अहिले एकलो भए
धेरै भो तिमी संग नबोलेको
धेरै भो तिमी संग नभेटेको
कति रुए कति कराए
फर्किन्छौ होला भन्थे
तर आज एक्लै जिउन सिके
आज एक्लै जिउन सिके
मेरो जीवन तिमीलाई सुम्पेको थिए
आफै भन्दा बढी चाहेको थिए
सपना सबै सपनै रहयो
तिम्रो अनि मेरो माया कहाँ गयो
किन हो तिमो यस्तो भएको
किन हो तिम्ले नबुझेको
कति रुए कति कराए
फर्किन्छौ होला भन्थे तर
आज एक्लै जिउन सिके
आज एक्लै जिउन सिके
एक्लै",72
307,Jutta Maa,Yama Buddha,nepali,"अतीतका दिनहरुमा लड्दै थिए म
सधै एक्लो कसैको साथ थिएन
कसैले बाल दिएन तर मैले हारिन
जहिले लागि पर्थे सङ्घर्ष मैले छाडिन
कहिले आत्तिन वा लक्ष्य बाट टाढिन
कहिले थाकिन कर्तव्य बाट भागिन
सत्यबाटो त्यागिन किनकी मलाई बिश्वास थियो
कला साधना बुद्धि र विचारको
खाली खोपडी राक्षसको सिकार हो
त्यसैले मान्दिन म भाग्य निधार को
आ-आफ्नै विचार हो छुईन शुद्ध म
हिंसाको छाया छ यम बुद्ध मा
शान्ति चाहन्छु हैन गौतम बुद्ध म
म लड्छु मस्तिष्कको युद्ध मा
त्यसैले चढ्नु अघि निस्कर्षको रुख मा
एक चोटि हिडि हेर मेरो जुत्ता मा
जतिसुकै गर त म विलिन हुन्न
बरु जिउदै मर्छु म त सङ हिड्दिन
एक्लै लड्छु बरु कोहि सङ मिल्दिन
राती सुत्दा पनि म आँखा चिम्लिन्न
आज मैले नचिन्नेले पनि मलाई चिन्दछन
त्यसैले होला मेरा शत्रुहरु खिन्न छन्
यहाँ फाइदाको लागि सबै मिल्दछन
दुख पर्दा आफ्नैले आखा चिम्लन्छन
कारण विभिन्न छन् अर्कै बाटो रोज्छु म
मतलबी दुनियामा साथीहरु खोज्छु म
खुट्टा तान्ने प्रवृती माथी बोझ हु म
एउटा खोज हु म, बेहोसी होस हु म
सुगम सङ्गीतले शब्द चित्र कोर्छु म
कुकर्म सोच्दिन, कुशब्द बोल्दिन
मनमा घृणा र ईष्र्या म बोक्दिन
रिस उठ्छ तर जिम्मेवारी बोक्छु म
गरीबको गाँस मुर्दाको सास हु म
यो शताब्दी को मानव पृथ्वी आकाश हु म
सबैको साथ छु म महसुस गर
पुर्व पश्चिम दक्षिण उत्तर बढ",178
308,Sajha Ko Bela,Trishna Gurung,nepali,"साँझको बेला रमाइलो मेला
घुम्न हिडेंको बेला
चौतारीमा कुरी बसेको छौ कि कतै मलाई
पिरतिले मेरो तान्यो कि कान्छा
आज तिमीलाई मै तिर
माया मोह
यसरी नै लगे भो
सँगालि राखेछु मनमा धेरै कुरा
कसरी भनुं कसरी पोखुं मनको कुरा
जसरी नी आउनेछु कान्छा
तिमीलाई भेट्न म त
माया मोह
यसरी नै लगे भो
डाडैंमा बसी परको गाउँलाई हेर्दा
लाग्छ मलाई तिमीले पनि सम्झिन्दै होला
झुलेको बाला पिरतिको माल तिम्रो मनमा पनि होला
माया मोह
यसरी नै लगे भो",62
309,Mero Ansu,The Edge Band,nepali,"मेरो आँसु, तिमीलाई हाँसो भएछ
मेरो व्यथा, तिमीलाई कथा बनेछ
बिवशतामा खुशी थिए, तिमी बिना छाती मेरो
कति पोखे तिमी सामु समर्पणको मुटु मेरो
खुशीहरू फूल्नै छाडे, कल्पनामा धेरै हाँसे
मेरो मुटु घायल बनियो, आज प्रेमसंग हारे
आज प्रेमसंग हारे, आज प्रेमसंग हारे
माया दिइ माया लिए, ती अनगिन्ती रहरहरू
एक्लो लाग्यो आज आफ्नै शहरहरू
तिमी फूल्यौ खुशीसंग, म त ओइलि झरिसकेछु
तिमी रहेछौ बिनासित्ती मा, म त जिउदै मरिसकेछु
खुशीहरू फूल्नै छाडे, कल्पनामा धेरै हाँसे
मेरो मुटु घायल बनियो, आज प्रेमसंग हारे
आज प्रेमसंग हारे, आज प्रेमसंग हारे
चाहेको थिए हाम्रा मिलन सफल रहोस्
तर तिमीले ती कसम भुलिदियौ
यहि मेरो सजाय भो तिमीबाट बिछोडिने
यहि मेरो सजाय भो तिमीबाट टाढा रहने",96
310,Pir,Prakash Saput,nepali,"बस्नेलाई पिर परेर, हुन सम्म भछ
जानेलाई नजाऊ भन्न, नसकिने रछ
बस्नेलाई पिर परेर, हुन सम्म भछ
जानेलाई नजाऊ भन्न, नसकिने रछ
तिम्रो मयाले मलाई पिर दियो
तिम्रो मयाले मलाई पिर दियो
कमलो मुटु, कमलो छाति
कमलो मुटु, कमलो छाति
चिर दियो, चिर दियो
तिम्रो मयाले मलाई पिर दियो
तिम्रो मयाले मलाई पिर दियो
अैया, अैया, अैया, अैया
हुँदा तिमी पर पर
छाती चर चर
फूल टिपेर दिन्थे तर
यो मन खुसी छ र?
हुदा तिमी पर परहुँदा तिमी पर पर
छाती चर चर
फूल टिपेर दिन्थे तर
यो मन खुसी छ र?",75
311,Aatmaghati,Mahesh Dong,nepali,"येअह, बीआरआरआर
आई'एएलएल अलरेडी केएनओडब्ल्यू ह्वो थे फक आइटी आइएस, मोथरफकर!
येअह, येअह, उः
आइज खेल खेल्न मात्र जवाफ जानी
काम छैन गीतमा रवाफ छाडी
मलाई सुने पछि एमसी'स लाई सलिने पानी
खाँचो पर्छ, हैन मेरो गलत दाबी
छैन साँचो सही, तँसँग गलत चाँबी
मलाई चाइन्न तेरो फ्लोव आई'एम फरक दामी
एक्टिनहार्ड बुट युरे नरम नानी
राम्रो मान्छे छाड्दे सब खराब बानी
मेरो कडक-कदम बढ्छ लमक-लमक
हुन्छ सडक-सडक, चुम्छ हरेक चरम
हरेक जनम, अपनाउने छु म हिप-होप धरम
जब हुन्छ बिट ड्रप हून्छ तेरो दिमाग
बन्द गर बिग टाल्क तोरीहरुको लागि बिग पीएसी
ठीकठाक राप हान्छु
कुनै टाइम मेरो पनि बोली बिक्ला
दिनरात गर्छु मेहेनत, छैन चिन्ता
एकदिन त एक मिल
को लक्ष्य मिल्छ
सबले चिन्छ सबै दिन्छ
एक सुरमा आफ्नै धुनमा
तलाई मन पर्ने र्यापर सधैं आउटो टुनेमा
मलाई मन पर्ने राप सधैं भरि बुम बीएपी
कपल ओएफ व्याक मोथरफकर्स एटी थे टप, गोट्टा मोव ब्याक
ब्याक विथ आ बाङ, यो
प्याक यूपी युर ब्याक प्याक
स्ल्याकिङ 'ईएम क्याश
आई'एलएल बे लाउघिङ माइ लास्ट लौघ
ब्याक विथ थे फ्लेम शोव मे ह्वेरे थे ग्यास एटी
आई दारे योउ क्ल्याप ब्याक
थे डे योउ क्ल्याप ब्याक योउ'एलएल गेट युर पेब्याक
आई दारे टो से थाट
मुर्दर व्याक र्यापर्स आइएस होव आई गेट माइ पेचेक
योउ आ मद एसीटी, उः
योउ एआइएन'टी गोट नो एक्स-फ्याक्टर
बिच योउ ल्याक ट्याक्टिक्स
लेट मे बे युर राप मास्टर
एनओडब्ल्यू क्याल मे सेन्सेई, येअह
हल्ला मच्चाउँदै, हल्ला गर्दै छु
एनओडब्ल्यू क्याल मे डे, डे , येअह
आत्मघाती, प्रहार मेरो कमिकाजे
फुच्चेहरु सब व्याक प्रजाति
कुरा काटी बस्छ चाक पछाडि
एक दुई ओटा ट्र्याप बिट अनि व्याक गीत
दाइको नाम लिने गीतमा गर अलि बढी प्र्याक्टिस
एउटा कुरा बुझिराख्
योउ क्यान नेवर म्याच थिस
अरु पनि सुनी राख्
हैन तेरो साथी
सब जना जुधिराख
चडी रहन्छु माथि म
छापी रहन्छु हात्ती, मेरो चितुवाको चाल
तेरो कमिलाको तात्ती
तलाई रमिता हो साथी
मेरो राप रोजगार
मेरो विदेओ को रियाक्ट गर्छ बैंकक मा
मेरो फान बसे मुगु देखि गाङतोक मा
तँ पनि मेरो सुरुदेखि फान हो तँ
शब्द खेलमा सुपरम्यान हो म
मेरो डिक्शनरी एकदम ड्जाङ्गो छ
आई'एम आ विजनरी कुरा लोजिकल
हारेर जित्ने मेरो बानी छ
विश्वास लागेन भने बजी गर
नढाँटी भन्
माथिको लाइन तैंले बुझे कि बुझेन
पैसा तिरिस एल्बम सुने की सुनेन
आफैलाई ढाँट तर सत्य लुक्दैन
एल्बमलाई पुग्दैन पैसा
तर तँलाई बाल छैन
पत्या नपत्या मलाई बाल छैन
सोझो अडियन्स लाई केही थाहा छैन
तैंले किनेको एल्बम रेकर्ड भा छैन
ल जा अब जा, मूजी",340
312,Nabola Masanga,Bekcha,nepali,"अल्झिएर बस्न मेरो मनले चाहेन
के चाहन्छौ म बाट तिमी, नबिराई भन
अल्झिएर बस्न मेरो मनले चाहेन
के चाहन्छौ म बाट तिमी, नबिराई भन
बिरामी मन लिएर बसीरहुँ म
मानेर तिमी बिना मेरो जिन्दगी छैन
नबोल म संग, टाढिने भए
नभेट म संग, छुटिने भए
नबोल म संग, टाढिने भए
नभेट म संग, छुटिने भए
म पागल हुँदैछु
म पागल हुँदैछु
म पागल हुँदैछु
म पागल हुँदैछु
के कोरुँ चिठी तिम्ले च्यात्ने भए
के लेखुँ म गीत तिम्ले नसुन्ने भए
के कोरुँ चिठी तिम्ले च्यात्ने भए
के लेखुँ म गीत तिम्ले नसुन्ने भए
मेरो भईदिने हैन तिमी
मेरो भईदिने हैन तिमी
सुनिदेउन प्रिए
आवाज मेरो मर्दै छ आज
सुनिदेउन मलाई",88
313,Saili,Hemanta Rana,nepali,"सुन साईली, साइली पर्देशबाट म आउला
सुन साईली, साइली चालिस काटेसी रमाउल
सुन साईली, साइली पर्देशबाट म आउला
सुन साईली, साइली चालिस काटेसी रमाउल
सुन साईली, साइली दियोम़ा तेलै हुरुरु
सम्झी कहिले नरुनु
सुन साईली, साइली पर्देशबाट म आउला
सुन साईली, साइली चालिस काटेसी रमाउल
सुन साईली, साइली निधारमा नाम्लो बरियो
भाबीको खेलमा परियो
सुन साईली, साइली निधारमा नाम्लो बरियो
भाबीको खेलमा परियो
सुन साईली, साइली कुलोम़ा पानि कलल
गाउँघरको तस्बिर झलल
सुन साईली, साइली पिढीम़ा जातो घरर
झर्दो हो आँसु बरर
सुन साईली, साइली पर्देशबाट म आउला
सुन साईली, साइली चालिस काटेसी रमाउल",77
314,Prakriti,The Shadows 'Nepal',nepali,"सोचेछौ तिम्रो मेरो सम्बन्ध
कति पुरानो हो भनेर
फेरी किन मलाई ब्यर्थैमा
मेट्ने कोशिश गर्छौ हरेक दिन
हे मानिस
मेरो पनि आत्मा छ
मलाई पनि काटे दुख्छ
मेरो पनि तिम्रो जस्तै मन हो
मलाई पनि जिउन देउ
म हुँं प्रकृति
मलाई हास्न देउ
म हुँं प्रकृति
मलाई बाच्न देउ
म हुँं प्रकृति
मलाई हास्न देउ
म हुँं प्रकृति
मलाई बाच्न देउ
मलाई जती मार्छौ
त्यतीनै झन मर्छौ
कहिले हुरी सँग
कहिले पहिरो सँग",53
315,Bhawanaa,Yabesh Thapa,nepali,"साँचो माया केलाई भन्दो रहेछन्?
मलाई पनि देखाइ देऊन
माया पिरती कसरी लगाउछन्, हे?
मलाई पनि सिकाइ देऊन
मुटुमा परेको यो गाठो
फुकाउन साह्रै गाह्रो, खै किन?
मेरै सामुने त थियौ
तर पनि तिमीलाई भन्न सकिन्र
तिम्रै ति निला आँखामा म टोलाई बस्छु
मलाई मात्र थाहा छ, कसरी यो मुटु सम्हाल्छु
तिम्रो लजालु हेराइको नशालु इस्पर्सको
जादुमा उदीरन मन लाग्छ
हराउन त मन छ तर
तिमी भत्रै सधैं भरी
भनु भने तिमीलाई म कसरी?
निलो आकाशमा उद्ने रहर
त्यो बादल माथिको शहर
म लगुला तिमीलाई कुनै दिन
अन्तरिक्ष माथिका तारा
यो मेरो मुटु सारा
देखाउला तिमीलाई कुनै दिन
थाहै नदिकन यो मुटु
चोरी लगि सकेछौ, मेरो माया
भन्न त कहिले सकिन
तर बुझिदिनु है मेरो भावना",96
316,Birseko Chaina,Swoopna Suman,romanized,"दुई चारा बर्सा नै बिती गयेछन्
तिमी रा मा नबोलेको
कैयौ रात येसै कट्टी गयेछन्
तिमी रा मा नबोलेको
साँचै चौ की चाइनौ था चाइन धेरै वायो
के॰एस चा वनी नसोधेको
याद आई रहन्छ तिम्रो बेला बेला मा
चाइन धत्न खोजेको
एचएमएम एमएम एमएमएम एमएमएमएमएम
एचएमएम एमएम एमएमएम एमएमएमएमएम
के॰एस तिमी पानी-सम्झिन्छौ मलाई
बेला बेला मा
के॰एस सुन्चौ अझै गीता मेरो
कोरेको तिम्रै नाउ मा
समये बदली गयो की हामी ठूला भयौ
समये बदली गयो की हामी ठूला भइगयौं
तारा बिइर्सेको चाइन
तारा बिइर्सेको चाइन
पुराना टीआइ दिन हरू उ उ उउ",75
317,"Timi Ra, Ma",Bartika Eam Rai,nepali,"शिशिरमा हुरी चल्दा, आंगनीमा बसेर
मेरो याद कति आयो होला
दशैंको बासनालाई बतासले बगाउंदा
मलाई कति सम्झ्यौ होला
सपनाबाट बिउझिएर, आंखाभरि आंसु बोकी
निदरीसंग बिनती गर्यौ होला
आशाको झोला बोकी, शहरभरि जताततै
कति दिन पर्खिबस्यौ होला?
यहां पनि चारैतिर शून्यता
आशाले निथ्रुक्कै भिजेको छ
गुम्सिएको रहरहरु सांचेर तिमी, अझै पनि हांस्दैछौ अरे
निस्सासिएको सपना लुकाएर, अझै पनि तिमी बांच्दैछौ अरे
रित्तिएको छ भावना भनेर
आफूसंगै झुटो बोल्छौ होला
चाहनाहरु बांधेर, झुटो चित्र कोरेर
मनले मनलाई फकायौ अरे
यहां पनि समयको कोलाहलमा
दुनियासंगै रित्तिईंदैछ
शिशिरमा हुरी चल्दा, आंगनीमा बसेर
मेरो याद कति आयो होला
दशैंको बासनालाई बतासले बगाउंदा, मलाई कति सम्झ्यौ होला
सपनाबाट बिउझिएर, आंखाभरि आंसु बोकी
निदरीसंग बिनती गर्यौ होला",89
318,Bujhne Lai,Tunna Bell Thapa,nepali,"कति सम्झी रोयौ होला
आँखा भरिका सपना बगे होला
संसार भरि बल्ने बत्ती साची
मेरो मनले पहिले सम्झिने सधैँ तिमी
टाढा टाढा लाने समय
उडी आउथे न घामपानी सक्ने भए
झिलिमिली रातमा झरे तारा झैँ
परेको पानी बादलको आकार बन्दै
संसारले बुझ्ने छैन मेरो मन
साधारण मायाँ मेरो सिसाको महल हैन
चम्किला आखाँ तिम्रा बिर्सिन्न
न्यानो अंगालोमै बिती जाने रहर
नटुटी मुटु कसैले मायाँ बुझ्दैन
सम्झी सम्झी बग्दै जानेँ हाम्रो जीवन
शितल दिनेछ तिमीलाई हरेक छायाँले
मेरो हरेक सास चल्ने तिमी हुनाले
संसार भरि बल्ने बत्ती साची
मेरो मनले पहिले सम्झिने सधैँ तिमी",76
319,Chulbul Chulbul,Sujan Chapagain & Sunita Thegim,nepali,"ए बाबरी ए बाबरी
तिम्रो माया छ मेरो मन भरी
ए बाबरी ए बाबरी
तिम्रो माया छ मेरो मन भरी
चुलबुल चुलबुल चुलबुले बानी तिम्रो त
हास्दा खेरी डिम्पल पर्ने सानी तिम्रो त
चुलबुल चुलबुल चुलबुले बानी तिम्रो त
हास्दा खेरी डिम्पल पर्ने सानी तिम्रो त
मिलेको जिउ छिनेको कम्मर नानि तिम्रो त
म नै त होला प्यारो
भन म नै त होला प्यारो राजा
रानी तिम्रो त मै बन्छु राजा तिम्रो त
म नै त होला, म नै त होला प्यारो राजा
रानी तिम्रो त मै बन्छु राजा तिम्रो त
लखर लखर नहिड भो पछि लागेर
सबैकुरा पाईदैन खालि ताकेर
लखर लखर नहिड भो पछि लागेर
सबैकुरा पाईदैन खालि ताकेर
भन कति माया गर्छौ ?
दुनियालाई साचेर
मेरो राजा बन्न ग्राहो
मेरो राजा बन्न ग्राहो छ है
सोच एकफेर लौ कान्छा सोच एकफेर
मेरो राजा बन्न ग्राहो
मेरो राजा बन्न ग्राहो छ है
सोच एकफेर लौ कान्छा सोच एकफेर",125
320,Intro (Ekadesh),Yama Buddha,nepali,"धेरै छ पिडा तै पनि हाँस्छु म
एक दिन मर्ने नै हो तेसैले बाँच्छु म
सपना साँच्छु म, जे पनि आँट्छु म
तन्नेरी श्याल हरुलाई, बुढो बाघ हुँ म
नर्कको आगो, रातो तातो छु म
एक जन्म काफी हुन्न, मेरो ठाउँ पुग्न
अङ्ग्रेजी बुझ्दिन् अलि लाटो छु म
संसार आउने छ मेरो हात चुम्न
आमाको माया बाउको पुकाई
आफुलाई मांड हामीलाई जाउलो खुवाई
खुर्सानी दलेको गहिरो घाउको दुखाइ
साउको किच-किच टाउको दुखाइ
तर बाँच्दिन म टाउको झुकाई
न सक्छु बाँच्न नाउँ लाई दुबाई
गाउँ ठाउँ बस्दिन आफुलाई लुकाई
पाउको कुदाई अनि यो उडान हेर टाउको उठाई",82
321,Hindai Chhu Ma,VTEN,nepali,"गाह्रो त पर्छ सबैलाई यो जिन्दगीमा (यो जिन्दगीमा)
धेरै अफ्ट्यारो छ बाटो जीवनको-ओ
त्यही पनि हिन्दै छु म, त्यै पनि हिन्दै छु म, येअह-एयी
येअह, वु-ओह-वु
त्यही पनि हिन्दै छु म, येअह, वु-ओह-वु
त्यही पनि हिन्दै छु म, येअह
ओए, खाल्डो छ त्यहाँ आइजो यताबाट
साला, भोलीको दिन कसले देखेको छ र?
थाहा छैन भाग्यमा के लेखेको छ
भाग्य नै नचम्के पनि, मुजी के नै भो त?
छैन केहि पनि सिप
मलाई त्यहि पनि ठिक छ भनी जसो-तसो काटी राछु यसरी दिन
गर् मेहेनत लक्ष्य छ तेरै नजिक
यहाँ हुतिएर काम छैन, चिक्ने, हेरेर हिँड्
ख्याल गर्, वरीपरि स्यालहरू र्याल काडी राको
हजारौं समस्याहरू थोपडा आगाडि आको
मुटुमा पिर, तिर बनेर गाडीराको
जब तँ रुदै थिइस्, दुनिया हाँसी राका
जब तँ एक्लै थिइस्, खै तेरो साथी कहाँ थियो?
साथ दिने मान्छेले नि एक्लै छाडी राख्यो
लक्ष्यमा हिन्दा-हिन्दै थाकी सक्यो
भै सक्यो सुरुवात, हिन्न नछोड्, आई सक्यो आधि बाटो (आई सक्यो आधि बाटो)
वु-ओह-वु, येअह, येअह
काम छैन मनमा राखेर व्यथा
मर्दको छोरो मर्दैन, बाचेर देखा
भागेर के काम? चुनौतीसंग जुध्नु पर्छ
आफ्नो ठाउँमा बस्, मुजी कोल्ले छुन सक्छ?
मैदानमा छिरे आज, हिसाब-किताब चुक्ता गर्न
आई पुगेँ यहाँसम्म, लडेर यो दुःखसंग
सर्पमा बिख, मर्दमा इख चाही हुनपर्छ
दिमागमा रीस, मनमा ज्वालामुखि फुट्न थाल्छ
त्यस पछि के हुन्छ तँ आफै सोच् है (है, है)
मेहेनत गर्, हिन्नु पर्दैन भाग्यलाई घोस्दै
त्यसैले पुस् तेरो आँशुलाई, विश्वास गर आफूमै
मुखाउटा पछाडी लुको छ आफ्नै दाजुभाई
खरानी भो आर्काको भर परेर
कसैले सुन्दैन यहाँ गुनासो कर गरेर",224
322,Neetesh Jung Kunwar - Didi Bahini,Genius Romanizations,romanized,"दिदी बाहिनी दाजु रा भाई
फर्की आयो तिहारा
हसौ खेलौ बचुन्जेला
मारी लानु के चा रा
पहिले हामी सानो चडा
नौलो हरेक चाडबाट
उमेर सँगै जिम्मेवारी
कुनी के को हतारा
सबै मिली बचाउ हाई संस्कृति
तेरै पहाड हिमाली भेगलाई
हाता जोडी गर्दैछु मा बिन्ती
चराई तिरा झिली रा मिली
सेला रोटी बसायो
पर्खी रहेकी बाहिनी लाई सम्झी
आखा मेरो रसायो
पर्देशा को जागिर हजुर
कैले आउने ठहा चाइन
बुडो भये आमा बाबा
भेट्न माइले पाचैन
सबै मिली बचाउ हाई संस्कृति
तेरै पहाड हिमाली भेगलाई
हाता जोडी गर्दैछु मा बिन्ती",68
323,Goppey,Yodda,nepali,"गोप्य
लिल स्टोन फिन्न कुक थिस बिट
प्राय सबै कुरा गोप्य (गोप्य, गोप्य), एयी
म नामी हुन खोज थिए र स्वतन्त्र नि रोज थिए
म नचाँइदो बोल थिए (बोल थिए, बोल थिए), एयी
मलाई खाइरहेछ सोचले, म सोच्छु म पहिला को थिए
आजकल निकै छु म गोप्य (गोप्य, गोप्य)
म नामी हुन खोज थिए र स्वतन्त्र नि रोज थिए
म नचाँइदो बोल थिए (बोल थिए, बोल थिए), एयी
मलाई खाइरहेछ सोचले, म सोच्छु म पहिला को थिए, को थिए
बेरोजगारी थिएन, जिम्मेवारी थिएन, मेरो गाडी थिएन
योद्दा नामको भारी थियो, केवल खोल्टी खाली थियो
तुच्छ बोलीचाली थियो, प्रेम मेरो जाली थियो
खराब बानी थियो, खराब बानी
क-क-कसैलाई थाहा थिएन के?
म आफ्नो बारे त्यतिकै लेखेर म फाल्दिन थिए
म आज सम्म आफ्नो कथा संगीतमा लेखी राथिए
त्यही पनि धेरैले सोच्छ योद्धा छ गोप्य
मेरो तँ परीवारको कुरा छोड्दे गोप्य भएको हैन म सोखले
(गोप्य, गोप्य, गोप्य, गोप्य)
आजकल बेग्लै सिद्धान्त
म बदलिदै छु, बदलिदै थिए
चाँहन्छु मस्तिसक शान्त
म खट्टिदै छु, भट्किदै थिए (भट्किदै थिए)
गर्दै थिए मनमा जे थियो त्यही
अरूले के भन्ला सोच थिइन केही
आजकल सोचाई भा छ बेग्लै
मान्छेको हुलमा नि लाग्छ एक्लै (एक्लै)
संगीत लेख्ने हो मेरो काम (हो मेरो काम)
संगीत बिना कसो गरी अघि आम? (अघि आम)
संगीत बिना म हो झुल्कीएको घाम (झुल्कीएको घाम)
तर संगीतसँग योद्दा मेरो नाम
मेरो आस के हो खास, तेरो नास, सर्वनास
गीतै भरी लेख्छु पश्चताप, पश्चताप
आजकल पश्चतापले नै चल्छ
पोखरामा घर छ, मलाई के को डर छ?",218
324,Chiya Barima,Deepa Jha,nepali,"लै बारी लै, आहाहा, लै बारी लै
लै बारी लै, आहाहा, लै बारी लै
चिया बारीमा, हो, चिया बारीमा
चिया बारीमा, हो, चिया बारीमा
सधैं उदि हिंड्ने बादललाई
सधैं उदि हिंड्ने बादललाई
सधैं फुलिरहने फूलहरूलाई
कुन खुशी आज नौलो भै
फैलियो मेरो चिया बारीम
चिया बारीमा, हो, चिया बारीमा
चिया बारीमा, हो, चिया बारीमा
सधैं उदि हिंड्ने बादललाई
सधैं फुलिरहने फूलहरूलाई
कुन खुशी आज नौलो भै
फैलियो मेरो चिया बारीम
चिया बारीमा, हो, चिया बारीमा
चिया बारीमा, हो, चिया बारीमा",64
325,Bikki Gurung - Bholi,Genius Romanizations,romanized,"भोली को कसलाई काहा चा रा थेगन
तेसैले आजा येही छ्यान्नमा सजाउ संगम
तस्बीर खिचेर हासेको तिमी
सजाइराख्ने चु मेरो मनमा साधै भरि
बगी रहने समये निस्थुरी
खाइ काहा काटा चडी जाने होला
दार लाग्छ मलाई असद्यै
तेसैले आजा येही छ्यान्नमा सजाउ सबै संगम
सम्झना बिर्सना सललालालाला हो हो
झन् झन् बढ्यो तिर्सना सललालालाला
भोली को कसलाई काहा चा भरोसा
तेसैले आजा येही छ्यान्नमा सजाउ सबै संगम
लेखियेको भाग्यमा कोसले सक्चा रा ताल्न रा
तेसैले आजा येही छ्यान्नमा सजाउ सबै संगम
बगी रहने समये निस्थुरी
खाइ काहा काटा चडी जाने होला
दार लाग्छ मलाई असद्यै
तेसैले हसा, तिमी नाचा
रमायेर झन् झन्
सम्झना बिर्सना सललालालाला हो हो
झन् झन् बढ्यो तिर्सना सललालालाला",92
326,Ek Sarvanaam,Sajjan Raj Vaidya,nepali,"मनका कुरा एक बाजी सुन्न
एक सर्वनाम लिऔउ तिमी र म
हामी बनि हामी अनि बिताउला
जिन्दगी सँगै सधैँ भरि
माया छ त अरुको के पिर
बोलाउ मलाई आउँछु तिम्रै तिर
तिम्रो नाउ मनै मा बोकेर
हेर हेर हेर हेर
म त आउँछु मायालु
तिमीलाई नै खोजेर
तिम्रो मनको ठेगाना
मेरो मनलाई सोधेर
भन त भन्न नलजाई माया
ओठमा अडेका कुरा सबै
तिम्रो हातले कोरेको कहानी
कुदेर राखुँला मेरो मनमै
आँटी हेर साटी हेर मन
यसै उसै जसो तसो म त
तिम्रो नाउ मनैमा बोकेर
हेर हेर हेर हेर",70
327,Paaraa,VTEN,nepali,"पारा पारा
ल है केटा हो (थालुम)
पारा पारा (थालुम, थालुम)
ल है केटी हो
पारा पारा पारा
यस्तै छ पारा मेरो बाल छैन आमा-बा को
घर छोडेर, शहर पसेर म छाडा भाको
हन्दैछु राप मूजी हैन मैले गाना गाको
राप भन्या मूजी यही हो कस्तो मूजी थाहा नभाको
सुन् अब चुपचाप लागि मेरो खुट्टा तान्ने मूजीलाई रुखमा बानी
येअह, मुक्का हानी, चल्दिन्छु मूजीलाई लुटपाट गरी
जुत्ता घडी अनि लुगा धरी लगेर बान्दिन्छु उत्ता पट्टी
पर्दिन्छु नाङ्गो झार जा बोला डण्ठेलाई केही हुनेवाला छैन भुत्रा पनि
कहिलेकाहीं लगाउँछु पुलिसको वर्दी
कहिले सुध्रेन यो मूजीको मती
चपाउँछु मासु गुन्द्रीमा बसी
खाने गरेको छु ओरिजिनल रक्सी
यस्तै छ पारा, यस्तै छ ताल
यस्तै छ रन्डी, यस्तै छ माल
यस्तै छ केटाहरु, यस्तै छ याहाँ
यस्तै त हो नि ब्रो, यस्तै हो यार",113
328,Balaatkaari Lai Faansi Dey,The Shadows 'Nepal',nepali,"ऊ हाँसिनन!
सधै मुस्कुराउने अनुहार त्यो आज हाँसेन
ऊ बोलिनन
सधै गुन्गुनाउने आवाज आज गुन्जेंन
चम्किलो अनुहार त्यो आज अध्यारो थियो
जुनझैं मुहार त्यो मलिलो थियो
दुइ गोडा बीचको घाउ सहनै नसकी
आज सात वर्षमा नै उनी बिलाएकी छिन्
कति च्यातिइन उनि, कति आत्तीइन होला
कति छटपटीए आवाज, निस्सासीइन होला
सपना देख्ने उमेरमा नै भत्केकी उनी
खेलौना माग्ने बेलामा न्याय माग्दैछिन
ऊ, ऊ हराएकी छे
समस्या हो कि ऐन? त्यसलाई फेरी दे!
केको मानब अधिकार? त्यसलाई फाँसी दे!
शुन्यतामा बिलाए त्यसलाई आवाज दे!
आमा जो रूँदैछिन उसलाई न्याय दे!
राक्षस हुन् जे गरे त्यसको काटी दे!
मृत्यु नै हो त्यसको, त्यसलाई फासी दे!
बलात्कारीलाई मारि दे!
बलात्कारीलाई रेटी दे!
बलात्कारीको काटी दे!
बलात्कारीलाई फासी दे!
बलात्कारीलाई मारि दे!
बलात्कारीलाई रेटी दे!
बलात्कारीको काटी दे!
बलात्कारीलाई फासी दे!
बलात्कारीलाई मारि दे!
बलात्कारीलाई रेटी दे!
बलात्कारीको काटी दे!
बलात्कारीलाई फासी दे!
बलात्कारीलाई मारि दे!
बलात्कारीलाई रेटी दे!
बलात्कारीको काटी दे!
बलात्कारीलाई फासी दे!
बलात्कारीलाई मारि दे!
बलात्कारीलाई रेटी दे!
बलात्कारीको काटी दे!
बलात्कारीलाई फासी दे!
बलात्कारीलाई मारि दे!
बलात्कारीलाई रेटी दे!
बलात्कारीको काटी दे!
बलात्कारीलाई फासी दे!",163
329,Chhaal Haru,Kavi G,nepali,"आई वन्न डान्स विथ थे मोव्स
आई बेटर फल आइएन लोव विथ थे वे शे मोव्स
आई वन्न डान्स विथ थे मोव्स
बेटर फल आइएन लोव विथ थे वे शे मोव्स
विथ थे वे शे मोव्स, विथ थे वे शे मोव्स
विथ थे वे शे मोव्स, विथ थे वे शे मोव्स, मोव्स
थे वे शे मोव्स थे टाइड्स
फ्रोम लोव टो हाइ
थे वे शे मोव्स थे टाइड्स
फ्रोम हाइ टो लोव, ओह
म बनाउन्छु गीत यो बेदनाको धुनमा
पिडाले बन्छौं हामी पसिना र खुनमा
के छ फरक जुन, त्यहाँ उज्यालो सुरुवातको खोजी गर्न हिँडे म
कसैले नि चिनेन, कोही पनि थिएन, समय धेरै बितेछ
तर हारन स्विकार छैन, उचाइ सितल छ
ढुङ्गाको मुटु कमलो तर छु निडर म
यो सकराक्मता बगोस् निरनतर
बिचलबाट पर बस्न सिकन
भत्र छ, मनको मन्दिरमा छिरन
शान्तीले गुन्जियोस् अब तिम्रो जीवन, अब तिम्रो जीवन",121
330,Satayera,Sushant KC,nepali,"एक-दुई दिन पाइलाहरू म अघि बढ्छु
मन भए तिमी नि बढ
मलाई थाहा छ के तिम्रो मनमा
मुटुले जे भन्छ त्यही गर
मलाई सताएर केही नि हुन्न
म त बसी रहने छु एहि हरे
जाली रहेको त्यो मुटु छ भने
आउ म सँग, आएर त हेर
भगाइ दिन्छु सबै पिडा लेर
गाइ दिन्छु म गीत लेखेर
आउ म सँग, आएर त हेर
आई लिके आइटी ह्वेन योउ मोव युर बडी
हेल्प मे वाच योउ टिल आई क्यान्ट डो आइटी एनीमोर
प्लीज डोन'टी माके मे रुन फोर योउ एनीमोर
बेबी, मेब वे शाउल्ड स्टप थिस, एएनडी बे टोगेथर
आरे वे नेवर?
वे'एलएल बे अलवेज ह्यापी एएनडी फोरिभर
आई'एलएल माके आइटी सुरे आई प्रोमाइज
वे डोन'टी हावे टो प्रिटेन्ड ओर डेनी थिस
ह्वाटेभर'स गोइङ ओन आइएन युर मिन्ड
थिस आइएस ह्वाट आइएस गोइङ ओन आइएन माइ मिन्ड आई केएनओडब्ल्यू",124
331,Satayera,GXSOUL,nepali,"सताएर फकाउने बानी तिम्रो
छ सार्है अनौठो हो..
तिमीलाई मैले बुझ्नै सकिन
रुवाएर हसाउने बानी तिम्रो
छ सार्है नराम्रो तर
तिमीसँग रिसाउन पनि सक्दिन
सानी नानी तिमी मेरी पुतली बनी
खेल मेरो ओरिपरि सधै भरी माया दिउँला तिमीलाई आफ्नै ठानि
मनमा राखे हेर सोच्थे मैले पाइन केहि
तर आज यस्तो लाग्छ तिमी मेरै लागी होउ
माया जालमा पार्ने मै हू तिम्रो प्रेमि
जुन थियो फर्स्ट डे तिमीलाई मैले देखे मनमा सँगाले
बिचित्रको रह्यो हेर मेरो त्यो समय
आज भावना पोख्न मैले गीत गाइदिए
बुझ्योउ होला मनको कुरा सबै पोखी दिए
तिम्रो सामु मनका सार कुरा खोली दिए
तीन शब्द मायाको मैले बोली दिए
मैले बोली दिए
सताएर फकाउने बानी तिम्रो
छ सार्है अनौठो हो..
तिमीलाई मैले बुझ्नै सकिन
रुवाएर हसाउने बानी तिम्रो
छ सार्है नराम्रो तर
तिमीसँग रिसाउन पनि सक्दिन
जिस्क्याउँदा लजाउने बानी तिम्रो
छ सार्है अनौठो
मैले तिमीलाई सताएको छैन
मधुरो त्यो मुस्कान तिम्रो मुहारको
छ सार्है नै प्यारो
अब नजिस्क्याइ बस्न पनि सक्दिन",128
332,Bhumari,Rachana Dahal,nepali,"शब्द मात्र रहेछन्
बोली भएछन् मन नराखी
स्पर्श उसको त्यो छुवाई
बोलाई र हँसाई भुल्नै बाँकी
म, म सानो-सानो-सानो-सानो हुदै, आज
त्यो प्रशनोतरको भुमरीमा परि फेरि
फेरि हाम्रो भूलको सम्झना गर्दै, अब
के मतलब भो र?
आँखा चिम्लिए भने मायामा पर्ने
समयमा पुग्छु की?
दोहोर्याई त्यही गल्तीलाई
बोलाई र हँसाई भुल्नै बाँकी
म, म सानो-सानो-सानो-सानो हुदै, आज
त्यो प्रशनोतरको भुमरीमा परि फेरि
फेरि हाम्रो भूलको सम्झना गर्दै, अब
के मतलब भो र?
घुमी-घुमी, भुमरीमा गुमी
गल्ती तिम्रो, भूल हो मरो नि
घुमी-घुमी, भुमरीमा गुमी
गल्ती तिम्रो, भूल हो मरो नि",82
333,Kalpana,Oasis Thapa,nepali,"कल्पना को ढुङ्गा मा तैरी आउला तिम्रै किनारा
छाल्को बाहाब ले बगाउला डोरी पुर्याइ देउ
धेरै नभए पनी माया दिब्ब दिब्बहरु मा
जोगाइ ल्याइदिएको छु मन को डराज मा साच्नु
जुनी जुनी भरिलाई तिम्रै हक लाग्ने छ है
एक पल मै बिलाई जाला फेरी खोल्न न हतारिनु
तिमी पनि माया भन्ने शब्द मा भावना हरु
बुनेर मलाई पठाएको कल्पना गरी रहनु
तारा इर्श्यलु जिवन ले आज कुन मोड पुर्यै दियो
आट केवल हिच्किचाहट मै सिमित भै गयो
यदि सयम को सुइ घुमाउन सक्थे भने मैले
कल्पना को संसारमा बिताउ थिए होला
तिमी सँग फेरि
परेली मा अल्झियका ति जिद्दी आँसु का थोपा
हटायी देउ धुदिला रङ प्रस्त बनी दिन्छ
काडै काडाँ फुले पनि फुलहरु को माज मा तिमीलाई
सजाइ राख्ने छु मलाई नि एउटा सानो ठाउँ दिनु
मुटु ले उब्जाएका कैयौ धुनहरु समेटेर
सुनौला अक्षेर खोपेर गीत बनाई रहेछु
तिम्रो लागी संसारै जितिदिन्छु मैले माया
कल्पना मा",127
334,Bikki Gurung - Kewal,Genius Romanizations,romanized,"केवल आत्रै सम्झना
बाकी राखी चडी गयेउ
झुटो आशाला झुटो सपना
देखाई बीलाई चडी गयेउ
खेलाउन टा हैन मा खेली मसँग जनालाई
खाली खाली लाग्छ हरेक कुरा यदी तिमी नवये
आफैलाई कोसी रहन्छु केही गलती गरेचु की
बिर्सना मा सक्दिन सम्हालु कसरी आफैलाई
नाटा होस चा मलाई, नाटा जोस चा केही
माता सुन्यतालाई साथी बनाई, एकान्त मा तोलाई बस्चु
नाटा होस चा मलाई, नाटा जोस चा केही
माता सुन्यतालाई साथी बनाई, एकान्त मा तोलाई बस्चु
केवल मात्रै भेधना
रा चाहना बाकी राखी गयोउ
दिनु नै थियोउ भने
चोटा किना मलाई मलम लगायौ
देखायौ झुठो चाहना
रा झुटो बेधना
केवल, केवल, केवल, केवल
केवल, केवल, केवल, केवल",87
335,Roka Yo Samay,Tribal Rain,nepali,"कसरी र किन, के भको छ तिमीलाई
यो समयको खेल हो कि सत्यता
पस्ताप्मा जिउनु पर्ने हरेक दिन यहाँ
बद्लि रहेछ संसार, हजारौ रुपमा
अरुको जस्तै तिमी जिउने गर्छौ कि, झुटो संसारमा?
खोजेर पाउने छैनौ तिमीले आँफैलाई, आँफैलाई
म जस्तै तिमी जिउने गर्छौ कि, झुटो संसारमा?
खोजेर पाउने छैनौ तिमीले आँफैलाई, आँफैलाई
त्यसैले रोक यो समय
तिमीलाई जानु छ एउटा ठाउँमा
जहाँ जीवन तिम्रो हृदय डुब्दैछ
त्यसैले रोक यो समय
तिमीलाई जानु छ एउटा ठाउँमा
जहाँ जीवन तिम्रो हृदय डुब्दैछ
डुब्दैछ, डुब्दैछ
तड्पी रहेको छौ कि आसा, विश्वाशमा?
जब कोही छैन तिम्रो साथ
पस्ताप्मा जिउनु नखोज, हरेक दिन यहाँ
बद्लिन्छ तिम्रो संसार हजारौ रुपमा",89
336,Nindra(Phase),Ishan Raj Onta,nepali,"निन्द्रा मा , बिपना खोज्दै म
कल्पना को हूलमा को अतित को हात छुट्टीयो
बर्षा यहाँ , माटो छोडेर बादल तिर लम्किन्छ
रुख जहाँ , आकाश को पैतलामा रम्दै फुल्छ
आई रेस्ट माइ बोन्स टोनिघ्ट
ले राइट बाइ युर साइड
त्रुथ डोएस हर्ट सोमेटाइम्स
पुत ओउर हर्टस ओन थे लाइन
सपना मै हो कि? टाढा टाढा तैरिदैछु म
बिपना मै छु कि? कस्तो कस्तो तद्पिदैछु म
एन्वी स्क्रिम्स इन्साइड
सीम्स लिके योउ आरे आइएन आ ह्यापी प्लेस
आइटीएस गेटिङ डार्क आई क्यान्ट सी थ्राउथ थेसे इयेस
व्हाइ डिड योउ लिव मे बेहिन्द?
हिउदो ले खरानी मेरो न्यानो बनायो
सिरिरी हावा ले पनि परै उडायो
बोलयो अन्त्यरिक्ष्य मा पारी हरु ले
टोलाए , नजाउ कसरी , तिमी नभए ?",96
337,Sushant KC - Fakauna Ma,Genius Romanizations,romanized,"शीश हार्दिक
केही रात बितायेर हेरा, मा बिना अनिन्द्र
भये मा बिरामी, मा बिरामी
केही दिन को कुरा तारा
सबै साँचै हुन्चा
म्यान तुरुन्तै टा काहा थिक हुन्थ्यो रा
सबै भुल्दै मा गाडी मा तिमी बाट तादिन
हुन्थ्यो रा, की हुन्थेन सोच्दै
डिसिजन्स ओएफ थे हर्ट नेवर इम्प्रेस मे
बुट आई डो आइटी फोर सोमे लोव
योउ गोट्टा लिव आ लिटल रुम फोर फोर्जिभनेस
माइ फाउल्ट, टर्न अराउन्ड
तिमी रिसाये हसाउन मा
फेरी रिसाये फकाउन मा
के॰एस गरु भना, के॰एस गरु भना
तिमी रिसाये हसाउन मा
तिमी रिसाये हसाउन मा
फेरी रिसाये फकाउन मा
के॰एस गरु भना, के॰एस गरु भना
तिमी रिसाये हसाउन मा",85
338,Bhatkeko Kotha,The Shadows 'Nepal',romanized,"केही पाउन कोही ठूलो मान्छे हुनु प्रचा
आफन्त...
नझान्नेहरू जाहीले नि अगढी जाने
पचाडी...
यहा यस्तै नै रित चा
चाइन केही हाम्रो लागी...
सफल हुने होएनौ हामी यहा
चाइन हाम्रो केही...
यो भत्केको खोटामा चाइन के
हाम्रो लागी...
यो भत्केको खोटामा चाइन के
हाम्रो लागी...
सानो मान्छे मा जडाइन
यहा आखा कसै को पानी
पैसा हुने मात्र हो
यहा बाड्ने अगाडी अगाडी...
यहा येस्टै नै रित चा
गरिब हुनु अभिसप यहा
माइले बुजे तिमले पानी बुझा
निर्धान को कोइ चाइन यहा...
यो भत्केको खोटामा चाइन के
हाम्रो लागी...
यो भत्केको खोटामा चाइन के
हाम्रो लागी...",81
339,Kewal,Bikki Gurung,nepali,"केवल मात्रै सम्झना
बाँकी राखी छाडी गयौ
झुठो आशा, झुठो सपना
देखाई बिलाई छाडी गयौ
खेलैना त होइन म खेली मसँग जानलाई
खाली-खाली लाग्छ हरेक कुरा यदी तिमी नभए
अफैलाई कोसी रहन्छु, केही गल्ती गरेछु की?
बर्सन म सक्दिन, सम्हालु कसरी आफैलाई?
न त होस छ मलाई, न त जोश छ केही
म त सुन्यतालाई साथी बनाई, एकान्तमा टोलाई बस्छु
न त होस छ मलाई, न त जोश छ केही
म त सुन्यतालाई साथी बनाई, एकान्तमा टोलाई बस्छु
केवल मात्रै भेदना र चाहाना बाँकी राखी गयौ
दिनु नै थियो भने चोट किन मलाई मलम लगायौ
देखायौ झुठो चाहाना र झुठो भेदना
केवल, केवल, केवल, केवल
केवल, केवल, केवल
केवल मात्रै सम्झना
बाँकी राखी छाडी गयौ
झुठो आशा, झुठो सपना
देखाई बिलाई छाडी गयौ",106
340,Dhukdhuki,Tunna Bell Thapa,nepali,"भन्छौ लाएक छैन तिमी मेरो लागि
तोलेर हेरी दिनु यो मुटु बिना तिमी
चलिरहेको सास मेरो भएनि रहेछ तिम्रै ढुकढुकी
नबितोस समय अल्झि रहुँ बनेर तिम्रै सधैंभरि
मेरो अँध्यारो आकाश को चम्की दिने तारा तिमी
हुनेछु यसरी नै जबसम्म चिन्ने छौं मलाई
बदल्न पर्नेछैन तिमी मेरो लागि
जति छ अंगालो तिम्रो त्यति मै भरे पुग्छ
एकैछिन तिमी साथ हुदा नि लाग्छ
जीवन जिए सबै
पाइँन आफूलाई कहिल्यै पनि
जति भेटे तिमी मै
मेरो अँध्यारो आकाश को चम्की दिने तारा तिमी
हुनेछु यसरी नै जबसम्म चिन्ने छौं मलाई
धेरै प्रश्न होला तिमीलाई कतै
थोरै छन भावना आए बटुल्दै
तिम्रै किनार हुन पर्खिबसेको
बगेर आइदिनु यो मन तिम्रो नै हो
शब्दले पोल्दैन लाएको माया
सम्झिरहन्छु जस्तै पछयाउने छायाँ
आत्तिएको छ मन बुझाउ कसरी
सुनेर त हेर मेरो ढुकढुकी",105
341,Chuck You,SACAR aka Lil Buddha,romanized,"उः-ला-ला-ला-ला-ला-ला-ला
उः-ला-ला-ला-ला-ला-ला-ला
उः-ला-ला-ला-ला-ला-ला-ला, येअह
उः-ला-ला
युरे सो इन्टेलेक्चुअल, युरे सो किन्ड एएनडी स्वीट
ओह, आईएफ आई वास युर मान थें, डार्लिन', आई वाउल्ड नेवर चेत
बेलिभ मे ह्वेन आई से थिस, ""ह्वाट इम्बाउट टो से आइएस ट्रू
लोव आइएस एएलएल योउ नीड, बुट थे त्रुथ आइएस
आई जस्ट वन्न चक योउ
आई जस्ट वन्न चक योउ, येअह, येअह
ओह, येअह
एयी, बिच!
लिल बुद्ध आइएस रिच
येअह, ह्वाट'स यूपी , उः?
युरे इन्सेक्योर , डोन्ट केएनओडब्ल्यू ह्वाट फोर?
बुट ह्वेन आइएन बेड हेर्ड योउ फक लिके आ प्रो, ओह ओह
यो, त्रुथ आइएस आई डोन'टी वन्न वस्ते माइ टाइम
सो कट एएलएल थे बुल्ल्सहित एएनडी गेट ओन थे ग्रिन्ड
गेट ओन माइ डिक, गेट ओएफएफ माइ डिक
आई डोन'टी वन्न स्पेन्ड माइ टाइम ओन ओथर शीत, यो!
आई क्यान्ट टाके योउ शप्पिन इवेन थाउग आई गोट थे क्याश
वेरे जस्ट लुकिन टो स्मश सो लेट'स जस्ट फोकस ओन थाट टास्क
आई क्यान शेयर माइ हश बुट आई डोन'टी शेयर इमोशन्स
जस्ट आ बोटल ओएफ लोशन 'नौघ फोर मे टो गेट इन्साइड ओएफ थाट एएसएस
येस",181
342,I Fly Like An Eagle,Neetesh Jung Kunwar,romanized,"आइटीएस फ्रिडे नाइट, एएनडी आइएम आउट अगाइँ
फोर्गेटिन' एएलएल एबाउट एनओडब्ल्यू एएनडी थें
एएलएल माइ हाइज एएनडी लव्स, थे'रे एएलएल बर्न्ट अवे
आइएम ओन क्लाउड निने, एएनडी एनओडब्ल्यू थाट्स ह्वाट आई'एम सायिन
ओह, येअह
95 ओन थे हाइवे
आ बोटल ओएफ जे॰एस-डी बेसाइड मे
आई विल नोट बे ड्रिंकिङ एएनडी ड्राइभिङ
बुट इवेन आईएफ आई डो, हे, कोम ओन एएनडी स्टप मे
आई'मा ब्रेक युर रुलेस एएनडी युर ओर्डर्स
ह्वाटेभर थिस हर्ट सेज आई डो आइटी
इम्प्रोभाइजिङ ओन माइ डाइरेक्सन
इभरी शीत आई डो आइएस लेगल, टोनिघ्ट
इभरी शीत आई डो आइएस लेगल
एएनडी टोनिघ्ट आई फ्लाइ लिके एएन इएजीले
फक आइटी!
योउ केएनओडब्ल्यू, थिस लाइफ आइएस हार्ड, योउ गोट्टा लाइव आइटी इजी
एस्केप फ्रोम नर्मालिटी, एएनडी बे क्रेजी
एनओडब्ल्यू ह्वाट आइएम सायिन माइट फ्रिक योउ आउट, डार्लिन
बुट जस्ट फील गुड ह्वेन आई सिङ आइटी लाउड
ओह, येअह",124
343,Mausam,"Sushant KC, Yodda & Cute Boka",nepali,"शीश हार्दिक
लिल स्टोन फिन्न कुक थिस बिट
ओह, ओह
थाकी सके म, थाकी सके
तिम्रो नखराले थाकी सके म
थाकी सके म, थाकी सके
तिम्रो नखराले थाकी सके म
बाँकी छैन अलि कति पनि ऊर्जा
ऊर्जा मेरो ज्यानमा
मौसम-मौसम बर्खाले कस्तो जाडो भयो यो झन
तिम्रो बदन नजिक यही भए सुस्ताउथ्यो यो धड्कन
मौसम-मौसम बर्खाले कस्तो जाडो भयो यो झनझन
तिम्रो बदन नजिक यहि भए सुस्ताउथ्यो यो धड्कन
तिम्रै बारे सम्झेर बस्छु खालि तिम्रै बारे, हैन यो के भयो?
तिम्रै लगि (तिम्रै लगि) खोजी पो राथेँ क्या हो? तिम्रै लागि
पाएँ म त चौबिसै-घन्टा दिन-हप्ता
बिहानी र साँझको भिन्नता चिन्नै गाह्रो हुने गरी
मस्त तन्नाहरूको बिचमा
छैन अरुको, छैन अरुको केही चिन्ता मलाई
येअह, अजकल के भाछु, मन भयो बेकाबु
मलाई याद मात्र हैन आउदछ डीéजे॰एसà वु
ह-ह-हरपल चलपल दिने केटा हु
तिम्रो फ्लिर्ट गर्ने टेक्स्ट हरूलाई म के थानु?
क-क-कति दिन, कति दिन भयो मन छ जोखिम
बर्षा भको दिन, बस्दिन एकछिन, तिमीलाई नसोची, भए मदहोसी
तिम्रो रुप देखे सि—मैले झुट देखे कि
म-मलाई लाग्दैन रात भरी निन्द्र
खाली तिम्रै चित्र छ आँखा चिम्लिदा
हम्म, हरेक दिन मेरो सजाय झैँ बित्छ
मलाई आउन देउ तिम्रो बगैचा भित्र
(तिम्रै बारे) कोरीरहे गीत, भावना भो आतंकित, सोचाई भा छ बिष (बिष)
(तिम्रै बारे) सम्झेर बस्दा बस्दै थाकी सके म",191
344,Aruna Lama - Pohor Saal Khusi,Genius Romanizations,romanized,"पोहोर साल खुशी फाट्दा
जतन गरी मनले ताले
त्यि साल मायाँ फाट्यो
त्यसलाई पानी मनले ताले
येस्पाली टा मनै फाट्यो
केले सिउने केले टाल्ने हो?
पोहोर साल खुशी फाट्दा
जतन गरी मनले ताले
त्यि साल मायाँ फाट्यो
त्यसलाई पानी मनले ताले
येस्पाली टा मनै फाट्यो
केले सिउने केले टाल्ने हो?
सास फेरे जस्तो लगाचा
तारा भन्छन् मारी स्किस
टेरो भाग्य येतिनै हो
भोगचलन गरी स्किस
सलाहको भाग्य मेरो
मर्ने बाच्ने ठेकाँ चाइन
भाग्य फाटे सिउठे बारु
तारा माना सिउने केले हो?",64
345,Chaubandi Cholo,Phiroj Shyangden,nepali,"हो, हो, हो, हो
चौबन्दी चोली र फूल बुट्टे सारीमा
हो, हो, हो, हो
मेला है भरेर फर्केको कान्छीलाई
क्या राम्रो सुहाएको कति राम्री देखेको
हाँस्दा त झानै नि हुरुकै परेको
हो, हो, हो, हो
चौबन्दी चोली र फूल बुट्टे सारीमा
हो, हो, हो, हो
मेला है भरेर फर्केको कान्छीलाई
न्याउली भाकैमा कान्छीले गाएको
गुन्जियो कानैमा, झान्कियो मुटुमा
सुस्तरी सुटुक्कै कनैमा भनेको
अल्झियो मनैमा, बल्झियो मनैमा
हो, हो, हो, हो
चौबन्दी चोली र फूल बुट्टे सारीमा
हो, हो, हो, हो
मेला है भरेर फर्केको कान्छीलाई",68
346,Feels Good,SACAR aka Lil Buddha,romanized,"आई एआइएन'टी अलवेज हाड आ लाइफ लिके थिस
बेबी, आई हाड टो फाइट फोर थिस
एएसके थे रियासन व्हाइ आई व्राइट भर्सेस
आइटी'स फोर थे टेन्स ओएफ मिलियन्स थाट आई माइट पोसेस
आईएफ आई जस्ट माके आइटी सो लेट मे बाके थें योउ तस्ते आइटी
माइ क्रिउ एएनडी आई ओन थे ट्र्याक फील अमेजिङ
एएस वे गेट ओन थे कुकिङ
आइटी'स लुकिङ लिके वे गोन्न गेट आ लोट ओएफ शोव बुकिङ्स फ्रोम केटीएम टो ब्रुक्लिन
थे हार्डशिप्स आई वास फेस्ड विथ गोट मे मोनी चसिन
आई डोन्ट वन्न लिव माइ युथ जस्ट वास्टेड
आई वन्न माके थाट बिलियन डलर्स एएनडी आइएम लोसिङ माइ पेटियन्स सो आई स्नाच थे क्राउन विथ नो हेसिटेशन
आई'एम जस्ट मेकिङ आ पोइन्ट
सिङ एएनडी राप एएनडी पुत थे नेसन ओन थे म्याप
यो इममा गिवे आइटी वालिडेसन
वर्क्ड सो हार्ड एनओडब्ल्यू आई इयर्न थे गुआप
सिटिङ ओन थे टप इजी लाइफ ओन थाट पर्मानेन्ट वेकेशन
थेसे मेलोडिज आई एआइएन'टी हियरिङ ह्वाट थे टेलिङ मे
एआइएन'टी नोबोडी गेटिङ मे एएनडी आइटीएस किलिङ मे
बुट आइएम फीलिङ थे बिट थाट हे ब्रिन्जिन आइटीएस माइ रिमेडी
किलिङ आइटी नो फेलोनी
आई ओन्ली शोव ओएफएफ ह्वेन थे शव्स ओन राइट
वे बाउट टो ब्लोव यूपी सुन उ बेटर होल्ड ओन टाइट
आई अलवेज शोव यूपी माइ क्रिउ वे ग्लोव यूपी लाइट लिके फ्लोरेसेन्ट
वे शिने लिके ओर्नामेन्ट्स कुक ओउर ओडब्ल्यूएन डोन्ट ओर्डर आइटी
ओन थे मिक आई'एम सोर्सरस
थे क्यान'टी ह्यान्डल माइ मोर्बिडनेस
लिरिकली टर्चरस टो इमसीज आई क्यान'टी अफर्ड टो मिस
आई'एम आइएन आ किलिङ स्प्री ड्यानी बारबोसा
हितमान सिप्पिन वाइन चिलिङ एटी मेन्डोजा
फोक्युज्ड ओन रियल ब्रेड अनलाइक योउ लोअफर्स
आई वेन्ट रोग्यु टो बर्न युर फकिन होपे लिके आ टोस्टर
नेवर हाड नो फैठ आइएन मे रिमेम्बर ह्वाट आई टोल्ड या
आई वेन्ट पास्ट थे स्नेक्स एनओडब्ल्यू आइएम एलोन किङ कोब्रा
एनओडब्ल्यू आइटीएस कोब्रा स्ट्राइक्स ह्वेन आई होल्ड थे मिक
टाके योउ ओन आ रोलर कोस्टर राइड विथ थे फ्लोव्स आई व्राइट
आई नीड मोर आइएन माइ लाइफ आई गोट डाउग ओन माइ मिन्ड
रेडी टो टाके ओएफएफ फील लिके आइएम ओन थे बोर्डरलाइन",312
347,Mauntama,B-8eight,nepali,"अब कसरी बुझाउ यो मनलाई
तड्पी रहने कोमल हृदायलाई
सम्झी बस्नु नै व्यर्थ नै रहेछ
मौनतामा नै माया यो मरेछ
आज हृदय छैन बसमा, छाड्यो नी धड्कन
एक्लो यो संसारमा माया देखी धेरै टाढा
अन्याय भो दैव प्रेममा आज रोधनको छैन सिमाना
जे थियो हृदय माझ मौन रही मैले बोल्न सकिन
डराउ थिए गुमाई बस्छु कि पाएको उसको न्यानो साथ
आंशुको चितामा आज जल्दै छ स्मृति सारा
प्रेमको संसारमा म बन्न पुगेछु नौलो नमुना
बिधीको लेखै यस्तो छैन कसैलाई मेरो गुनासो
उदाइ अस्तायो हेर मेरो माया मौनतामै
देखिन बुझिन उसले मेरो प्रेमको कुनै इशारै
अब कसरी बुझाउ यो मनलाई
तड्पी रहने कोमल हृदायलाई
सम्झी बस्नु नै व्यर्थ नै रहेछ
मौनतामा नै माया यो मरेछ
आज हृदय छैन बसमा, छाड्यो नी धड्कन
एक्लो यो संसारमा माया देखी धेरै टाढा",109
348,Let me (Bhana K garu?),C.O.D. (Crew On Destiny),romanized,"भनी देउ ना मलाई
मलाई मलाई
के गरु मा
के गरु मा
रति सपनी मा देखे को तिमीलाई
खाइ किना हो
निन्द्रै हरायो मेरो खाइ के॰एस भाको हो मलाई
खाइ किना हो
तिम्रो नै, करन ले
तिम्रो नै, हेरै ले
होला, तिम्रो नै मुस्काँ ले
हत्तार किना गर्छौ तिमी
किना हेरी बस्छौ घडी
बेबी, आई जस्ट वन्न फील यूआर
36, 24, 36 बडी
आत्तिनु कुनै करन छैन
तिमी मेरो, मा तिम्रो
समय अझा बाकी छ
टेन्सन लिनु छ रा कसको
हाम्रो यो सम्बन्ध
कसैले, मानोस् नमानोस्
मा दिनेछु तिमलाई, साथ
ओ आई क्यान्ट स्टप लोविन उ
बेबी गल उ केएनओडब्ल्यू आइटी ट्रू
ठहा छिना के॰एस भनु
तिमिनै भना मा के॰एस गरु
के॰एस गरु तिमीलाई मा
के॰एस भनु तिम्रो बारे मा
भननाना के गरु मा
के गरु मा
के गरु
भना के गरु
भना के गरु
के॰एस गरु मा के॰एस गरु मा
के॰एस गरु मा के॰एस गरु मा
भना के गरु
भना के गरु
भना के गरु मा",118
349,Naboli Timi Bujhideu,Swoopna Suman,nepali,"एक्लो-एक्लो थियो मेरो जिन्दगानी यो
शान्त हुन्थियो मन वोरिपरी शुन्य बन
कलिलो उमेर मन चन्चले भयो
धेरै चोटी जोदियो धेरै चोटी तोडियो
धेरै चोटी जोदियो धेरै चोटी तोडियो
रंगी चंगी लाग्दै छ उजाड मेरो जिन्दगि
जो आज तिमि भेटियौ
गुलाबी ओठले बोलाएजस्तो लाग्यो
आघि बढ्छु भन्दा पाइलै रोकियो
तिम्रो सामु हेर डग्माइ दिएछन आज
चालिएका पाईला मेरा
तिम्रो सामु हेर लड़बदाई दिएछन् फेरी
बोलिएका शब्द यी मेरा
तिम्रो सामु हेर डग्माइ दिएछन् आज
चालिएका पाईला मेरा
तिम्रो सामु हेर लड़बदाई दिएछन फेरी
बोलिएका शब्द मेरा
नबोली तिमी बुझी देउ
आँखामा आँखा राखी इशार ले आज सम्झी देउ
नबोली तिमी बुझी देउ
आँखामा आँखा राखी इशाराले आज सम्झी देउ",89
350,Sajjan Raj Vaidya - Ek Sarvanaam,Genius Romanizations,romanized,"म्यान का कुरा एक बाजी सुनाना
एक सर्वनामा लियौ तिमी रा मा
हामी बनी हामी अनि
बिताउला जिन्दगी संघै साधै भरि
माया छ टा अरुको के पिरा
बोलाउ मलाई आउछु तिम्रै तिरा
तिम्रो नाउ मनै मा बोकेर
हेरा हेरा हेरा हेरा ओह...
मा टा आउछु मायालु
तिमीलाई नै खोजेर
तिम्रो माना को ठेगाना
मेरो माना लाई सोधेर
ओह ओह ओह-ओह-ओह ओह-ओह-ओह
ओह ओह ओह ओह ओह ओह ओह
ओह ओह ओह ओह ओह ओह ओह
ओह ओह ओह ओह ओह ओह ओह... ओह...
भना टा भननाना ना लजाई माया
ओठमा आदेका कुरा सबै
तिम्रो आधार ले कोरेको कहानी
कुदेर राखुला मेरो म्यान मै
अति हेरा, सती हेरना ना
यसै उसै जसो तासो मा टा
तिम्रो नाउ मणि मा बोकेर
हेरा, हेरा हेरा हेरा...",106
351,Timro Mayale Badhera Rakha,Shyam Karki,romanized,"मेरो सिरानी होस तिम्रो काखा
मेरो सिरानी होस तिम्रो काखा
जना नदेउ मलाई अबा ताधा
माया यो होस अझै अझै गढा
मेरो सिरानी होस तिम्रो काह्हा
मान मेरो तिमी बाट ताधा नजाओस्
मान मेरो तिमी बाट ताधा नजाओस्
अधिहुरी सम्बन्ध मा कहिले नाओस्
अधिहुरी सम्बन्ध मा कहिले नाओस्
तिम्रो मुटु मै थुनेर राखा
मेरो सिरानी होस तिम्रो काखा
समय हो वुस्तै हुन्न बदली रहन्छ
समय हो वुस्तै हुन्न बदली रहन्छ
तारा मलाई साधै भरि तिम्रै हुना मान चा
तारा मलाई साधै भरि तिम्रै हुना मान चा
तिम्रो जादु मै भुलाइराखा
मेरो सिरानी तिम्रो काखा
मेरो सिरानी होस तिम्रो काखा
मेरो सिरानी होस तिम्रो काखा",86
352,Kammar Mathi,Melina Rai,nepali,"छल-छल छल्कयो पानी, पानी झैँ छल्कयो जवानी
छल-छल छल्कयो पानी, पानी झैँ छल्कयो जवानी
कम्मर माथि पटुकि, पटुकि माथि घैला
छल-छल छल्कयो पानी, पानी झैँ छल्कयो जवानी
कम्मर माथि पटुकि, पटुकि माथि घैला
घैलामा कुवाको पानी
पानी खाने निहुँ पारि धाउँछन् कति बैमानी
मै प्यारि हुँ कि, रेसम, मेरो जवानी?
मै प्यारि हुँ कि, रेसम, मेरो जवानी?
खोलिको छेउमा तिर्खा यो साह्रै, खोलि खै के गरुँ?
मायालु मनलाई बुझ्याछु मैले, बुझेर के गरुँ?
खोलिको छेउमा तिर्खा यो साह्रै, खोलि खै के गरुँ?
मायालु मनलाई बुझ्याछु मैले, बुझेर के गरुँ?
छोएमा तिमीले, के होला कुन्नि? हेर्दैमा ज्यान जानी
मै राम्री हुँ कि, रेसम, मेरो जवानी?
मै राम्री हुँ कि, रेसम, मेरो जवानी?
छल-छल छल्कयो पानी, पानी झैँ छल्कयो जवानी
छल-छल छल्कयो पानी, पानी झैँ छल्कयो जवानी
फुकाइदेउ कि त मोहनि माया कि अझै कसिदेउ
आडैमा बस्दा सरिम लाग्छ, मनैमा बसिदेउ
फुकाइदेउ कि त मोहनि माया कि अझै कसिदेउ
आडैमा बस्दा सरिम लाग्छ, मनैमा बसिदेउ
यो पहिलो माया लाएकि मैले, नजानि-नजानि",151
353,Jay Author feat. Aizen - Maichang,Genius Romanizations,romanized,"रेकर्ड गर्न, रेकर्ड गर्न
बाझो खेतमा चड्के सलाम चा माया लाई पहिलो दिनमा
हे, हे
जा गये पानी देखिन्छ
घाटी सबै को फर्कायेर नै भाचिन्छ
मेरो टोली को आँख पर्यो तिम्रै पारी
तिमलाई हेर्न साथ देखिँदैन वोरी-पारी
मेरो बोका को पारा, निस्किनै हल्योनी तिमीलाई देख्दा
फसिनै गयो नि पहिलो भेटमा
लाग्नुनै पर्यो की तिमीलाई दाते मा?
एयी, शव्ती कोम एएनडी टाके आ सिप, योउ डोन'टी नीड टो ट्रिप
एएलएल इयेस ओन योउ सब्बई विजिल्यान्ट
मेब आइटी'स युर वाल्क ओर थे वे योउ काउस आ स्सेन
मेब थे वे योउ टाल्क, मेब आइटी'स मेबेलेन
थाट'स आ बड गर्ल लुकिङ एएलएल थिक
आइटी'स बेटर आईएफ आई सी योउ डो आइटी ओन थे—
लेट मे सी योउ बस्ट आइटी बेफोर थे हेनी किक्स
अफ्टर आई बिट आइटी फ्रोम थे ब्याक, लेट मे टाके आ पिस
लुक एटी योउ लिटल काँचियाना
आई सी सोमेथिङ ओन थे सीयूपी सो शे गेट थाट बज्जियाना
शे टाके हेर बज्जियाना विथ आ बिट ओएफ ट्रोपिकाना
इवेन थाउग आइटीएस कोल्ड शेस ड्रेस्ड यूपी फोर बहमास
शे लोव थे टोंगु रोल ह्वेन आई स्पीक 'ईआर बडी ल्यान्गुएज
सैद शे नेवर मेट आ नेपालेसे स्पीक स्पनिश
इ म्यामासिटा, इरेस सोल्टेर
आई सी योउ लिके टो लाइव ला विदा लोका",180
354,Jani na Jani,Oasis Thapa,nepali,"कसरी सम्झौता गरु दुई भावनाहरु
बिच एक्लै मैले
कसरी भरु रित्तिएको मुटुमा
झुटो माया का वाचा यसै
कसरी सुनाउँ तिमीलाई मेरो
उदासीपनका धुनहरु सबै
कसरी सम्हालु भौतारिने धड्कन
जब छल्दैछ आफ्नै छायाले
तैनी जानी नजानी आज किन
मुस्कुराउन पुगेछु
तिमीलाई जिस्काउने बानि सम्झिँदै किन
गित कोर्न पुगेछु
तिमीलाई सम्झाउ कसरी मैले
जवाफ दिँदा दुख्छ नि
कतै कतै मेरो मुटु नजिक गुमाए खुसी
पाउन तिमी
अङ्गाल्यौ मलाई तिम्रो यादहरुले
मुटु निको हुँदै गर्दा फेरि
बिर्सिंदै थियो पुराना पलहरु सानो
झझल्को देखी सम्झियो फेरि
गुनगुनाउछ धड्कन तिम्रै नाम हरपल
आँशु मात्रै बगेता पनि किन गर्छ हलचल
उज्यालो, अँध्यारो हुँदै मन डरायो
मुठ्ठीमा कसेको डोरी फुस्किएर हरायो",81
355,I Like You (Anishchaya),Sushant KC,nepali,"लिल रक बिट बनाउ न यार
ओह, ओह
शे वोके मे यूपी विथ किसेस, सायिनप्लीज डोन्ट स्लीप
आई क्यान्ट एक्सप्लेन ह्वाट थिस आइएस, सेटिन सैल योउ एएनडी मे
बेबी, नो प्रमिसेस, लेट थे वावे डिसाइड ह्वेरे वे एरिभ
आई वन्न तस्ते योउ ओने मोर टाइम थाउग
काउस आई लिके योउ-ओह-ओह, योउ-ओह-ओह, योउ-ओह-ओह
योउ-ओह-ओह, योउ-ओह-ओह, योउ-ओह-ओह
काउस आई लिके योउ, येअह
डोन्ट लेट मे, नाह, डोन्ट लेट मे क्लोजर
तोडेकी मैले तोडे भरोसा भने आनेक तनाबै तनावहरू
भोलि फेरी सहनै नै गारो बरु
तेसैले भन्दिन्छु पछि फेरी दोधारमा पर्छु मै नै
केहि पुराना झुट बोल्ने बानि नै छैन कहिले (कहिले)
डोन'टी नीड नो प्लान, नो रुलेस
जहाँ-जहाँ लान्छ समय, त्यही म जान्छु (हम्म)
होइन माया आझै काँचो छ, फुल्छ कि पुल्दैन थाहा छैन
अनिश्चय नै रमाइलो, अनिश्चय नै रहोस्
शे वोके मे यूपी विथ किसेस, सायिनप्लीज डोन्ट स्लीप
आई क्यान्ट एक्सप्लेन ह्वाट थिस आइएस, सेटिन सैल योउ एएनडी मे
बेबी, नो प्रमिसेस, लेट थे वावे डिसाइड ह्वेरे वे एरिभ
आई वन्न तस्ते योउ ओने मोर टाइम थाउग
काउस आई लिके योउ-ओह-ओह, योउ-ओह-ओह
काउस आई लिके योउ, येअह
शे वेक्स मे यूपी विथ किसेस, सायिनप्लीज डोन्ट स्लीप
आई क्यान्ट एक्सप्लेन ह्वाट थिस आइएस, सेटिन सैल योउ एएनडी मे
बेबी, नो प्रमिसेस, लेट थे वावे डिसाइड ह्वेरे वे एरिभ
आई वन्न तस्ते योउ ओने मोर टाइम थाउग
काउस आई लिके योउ-ओह-ओह, योउ-ओह-ओह, योउ-ओह-ओह
योउ-ओह-ओह, योउ-ओह-ओह, योउ-ओह-ओह
काउस आई लिके योउ",229
356,Kina Hola,C.O.D. (Crew On Destiny),romanized,"झल्झली तिम्रो तस्बीर
मेरो मास्टिसका मा चलिराछ सधैवरी
येसै गरी
हेरिरन्छु तिम्रो चित्र इन्स्टाग्राम रा फेसबुक खोली
निकै बदलिसकेछौ हेर्दा हेर्दै आजा वोली
विन्न छ चाल चालन, हावा पाँइ बदलियोकी
या फेरी कोइ नया माया मा पो पग्लियोकी
सम्जाउछु अरू संग देख्दा मनलाई लाखौ चोटी
बोयफ्रेन्ड टा हैन सयद नया साथी वाई होकी
देखेर डाँगा हुन्छु
हेरी राहु जस्तो लाग्छ
तिमीलाई देख्दा समय नै रोकी जस्तो लाग्छ
ठहै पाउदिन कसरी बित्छ यो दिन रात
जुन रा तारा पानी जिस्काइरन्छ मलाई मात्र
ना वोक चा ना प्यास छ
मात्र तिम्रै अवास छ
अबा एउटै प्रयासा
मा गर्दैछु आजा
तिमी भुल्छौ, मलाई थाचा
हामले गरेका बाचाँ
हरू संगालिरहछु
तारा तिमीलाई के॰एस याद छ???
सक्दिन बिर्सिना तिमीलाई
भुलेयको चाइन तिम्रो साथ
सकिना बिर्सिना तिमीलाई
अल्झी रहन्छ तिम्रो साथ",101
357,Maya,Chirag Khadka,nepali,"बुझ्छु तिम्रो कुरा गाह्रो हुन्छ सबलाई साथ दिन
सोच्छु तिम्रै बारेमा हर बेला साझ रात दिन
धोका दिन्न भाग्दिन, हात समाउन छाड्दिन
जहिले तिम्रै छेउमा अलपत्र कहिले पार्दिन
प्रेमपत्र लेख्न जानिन, माया गर्न नै आएन
आई लोव योउ, बेबी, म्वाह, त्यस्तो आवश्यक भन्ठानिन
धेरै छन पछि लाग्ने अरुलाई कहिले छानिन
दिन्छु साथ जिन्दगिभर कसम यसै खादिन
आफू त कतै जादिन, घुमाउन नि लादिन
फुलको थुंगा किनि माया बस्ला भनी मान्दिन
रगतले चिट्ठी लेख्न होला हात काट्दिन
झुठ बोल्ने बानी छैन कहिलेपनी ढाट्दिन
बेबी, डार्लिङ"" दुईचार चोटि भनी नाटक पार्दिन
मान्छे छुइन देखावटी कहिले माया मार्दिन
जित मात्रै हुन्छ तिमी भए पुग्छ हार्दिन
गित गाउदै सधै मायाको डोरिमा बाधिन
आईदेउ तिमी, आइदेउ तिमी
अरुजस्तो होईन सधैजसो हामी मिल्नी
जति अप्ठ्यारो भएनी हात समाइ हिड्नी
मेरो इच्छा चाहना माया खुशी तिमिलाई दिनि",111
358,Salko patko,Kulendra Bishwakarma & Bishnu Majhi,nepali,"भाको एउटा जाले रुमाल फुल भरेको छैन
ओइ, भाको एउटा जाले रुमाल फुल भरेको छैन
के लैजान्छौ सानु तिम्ले पिरतीमा बैना, पिरतीमा बैना?
ए, हे बरै, हे बरै
सालको पातको टपरी हुने, हे बरै, नहुने सल्लैको
तिम्रो माया कति छ कति, हे बरै, नलाउ पछि हल्लैको
(हा) सालको पातको टपरी हुने, हे बरै, नहुने सल्लैको
तिम्रो माया कति छ कति, हे बरै, नलाउ पछि हल्लैको
तिम्रो माया कति छ कति, हे बरै, नलाउ पछि हल्लैको
मुटु कहाँ बैना मार्यौ मै सोझीलाई जलाइ
हे, मुटु कहाँ बैना मार्यौ मै सोझीलाई जलाइ
कलेजीमा झुपडी देउ रुमाल नदेउ मलाई, रुमाल नदेउ मलाई
ए, हे बरै, हे बरै
सालको पातको टपरी हुने, हे बरै, नहुने सल्लैको
तिम्रो माया कति छ कति, हे बरै, नलाउ पछि हल्लैको
(हा) सालको पातको टपरी हुने, हे बरै, नहुने सल्लैको
तिम्रो माया कति छ कति, हे बरै, नलाउ पछि हल्लैको
तिम्रो माया कति छ कति, हे बरै, नलाउ पछि हल्लैको",137
359,Maya Ka Baadal,Anupam Sharma,nepali,"मायाका बादल छरिएर आज
हेर्दा हेर्दै आकाशमा
ती सम्झनाका बादल फेरी
आखां बाट झरेर जालान
भोली पानी परेर जालान
साँचेका माया मरेर जालान
मायाका बादल छरिएर आज
म फर्किन्छु आफ्नै घर
सन्ध्याका लाली छितीजमा
श्याम र श्वेत उडान तिम्रा
डाडाँ पारीका प्रकाशमा
बाफका माया जमे कुनै दिन
फुकिएर बादल सम्झे कुनै दिन
यी सम्झनाका बादल फेरी
आखाँ बाट झरेर जालान
भोली पानी परेर जालान
साचेका माया मरेर जालान
माया का बादल मोटा मोटा
चलमलाइ पहाड छुट्दा
भोली.... भोली....भोली
यी वेदनाका पहाड पनि
समय सँगै सरेर जालान
भोली... भोली... भोली",68
360,Sajjan Raj Vaidya - Sukumbaasi,Genius Romanizations,romanized,"किना जानु मा फेरी फर्केर
बिरानो घरको कोलाहलमा?
पाइला ले बिर्सेको, चडेर हिडेको
सम्झदा घरी नबोकेर मनमा
घर वनेको हुदो रहेनछ
ठेगानाले पुग्दो रहेनछ
सुकुमबासी जिन्दगी मा यो
ह्वोआ-ओह-ओह-ओह-ओह-ओह
ह्वोआ-ओह-ओह-ओह-ओह-ओह
ह्वोआ-ओह-ओह-ओह-ओह-ओह
ह्वोआ-ओह-ओह-ओह-ओह-ओह
ह्वोआ-ओह-ओह-ओह-ओह-ओह
ह्वोआ-ओह-ओह-ओह-ओह-ओह
ह्वोआ-ओह-ओह-ओह-ओह-ओह
ह्वोआ-ओह-ओह-ओह-ओह-ओह
घर वनेको हुदो रहेनछ
ठेगानाले पुग्दो रहेनछ",68
361,Chirag Khadka - Aago Ko Jhilko,Genius Romanizations,romanized,"जाति अघि सर्यो टेटी अघि बादी राह छु
पुग्ने काहा हो था चाइन मलाई नै मा का चु
खोला मा डाइव ग्यारी पानी माथि तैरी राह चु
ब्युटीफूल लाइफ मा पोजिटिभ विबे चरिरह छु
सबैलाई चैने के॰एस हो बिस
कुरा थिक हो तारा थिस
किना की तिम्रो एगो लाई ठाउ मा राखा प्लीज
काम गार्नी गरा रिस नसोची बोल्दा बिस
ठुस्केरै बसेउ भने तिमले केइ पाउदैनौ आइएसएस
नसुतिकानै तिम्रो हरेक रात बित्दा
संख रा संकोच मा दुःख रा लास्ट पिडा
पैसै लाग्दैन माना या मुसुक्क ह्यास दिदा
मजाले जोइन्ट ताना माइले तिमलाई पास दिदा
लामो लामो साँस अनि चिल ब्रो
पफ पफ पास पोजिटिभिटी नै फील भो
केही कमै चाइन पहाड बनायेर टिल को
यो ब्रहमाण्ड मा हामी केबल आगो को झिलको
लामो लामो साँस अनि चिल ब्रो
पफ पफ पास पोजिटिभिटी नै फील भो
केही कमै चाइन पहाड बनायेर टिल को
यो ब्रहमाण्ड मा हामी केबल आगो को झिलको
आगो को झिलको
आगो को झिलको
आगो को झिलको
आगो को झिलको
आगो को झिलको
आगो को झिलको
आगो को झिलको
आगो को झिलको",146
362,Gari Khana Deu,Albatross,nepali,"मुख मात्र चलाएर
केही हुन्न अब
भोली बल्ल आउँला
लक्ष्य लिई बढ्छौ अघी जब
सुन्नी सके हातहरु
दुखिसके गोडा
आफ्नो स्वार्थ पुर्याउने क्रममा
दुई चार जनालाई मिच्नु नि भयो होला
म केवल उस्को लागि
उ केवल उस्कै लागि
मुख मात्र चलाएर
केही हुन्न अब
भोली बल्ल आउँला
स्विकार्छौ दयित्व जब
फुटिसके ओठहरु
सुकिसके गाला
आफ्नो त्रिस्ना मेटाउने क्रममा
मा-प-से मा पनि पर्नु भयो होला",49
363,Dhaka-Dhoti,Vyoma,romanized,"सुना काँ खोली तोरा बोली
हिमाल, पहाड, तेरै के॰एस
देशके चोरा, भेदभाड जे॰एस करेला
ओओका हिचके लाह्पेटा
एबी सुनाल जा मधेश मेह
हिप-होप कैसन होला? देखा..
सुना काँ खोली तोरा बोली
हिमाल, पहाड, तेरै के॰एस
देशके चोरा, भेदभाड जे॰एस करेला
ओओका हिचके लाह्पेटा
एबी सुनाल जा मधेश मेह
हिप-होप कैसन होला? देखा...चाला
बिश्वो मेआई देख भाई
दुश्रके स्वर्ग लोक नेपाल
जेकर नाम, धर्म, संस्कृति, रितिरिवाज
सबके आपन, आपन
अल्गेबा माँ, साँ, प्रकृति के बर्दन
आफ्न सौन्दरता से मोहित
कैलाई बा सबके ध्यान
शान्ति के मुहान, महाँ हमर देश
हिमाल, पहाड, मिल्के तेरै बनाउला सबके ईएक
पाँआ पल्टा के देख
बीर इमानदार योद्धा
नेपाली गोर्खाली इतेहास मे पाइबे ईएक आके देख
सन्ती के भगवान गौतम बुद्ध, महाँ
सिता माता के॰एस जनम स्थल जनकपुर धम, भैल
एह हो हमर स्वोदेश के॰एस साँ
भेडभाड के॰एस नाम पे नकार बदनाम
एह देश के॰एस नाम तु आइसँ कर काम
जेसका बने तोरा आपन नाम
पहिचाँ बढे देश के साँ
देखे वाला करे वाह-वाह सब लोगझन्",134
364,Intro,Yama Buddha,romanized,"यो! यामा!
ब्लू! वे एएलएल रेकर्ड्स
सोदा निवास
मैतीदेवी, घट्टेकुलो-32
थे सेज योउ केम आइएन थे गेम स्ट्रेइट आउट ओएफ थे ब्लूज
पुत युर फर्स्ट मिक्सटेप आउट एएनडी आइटी जस्ट ब्लेव
योउ प्रोबेब्ली डोन'टी हावे आ क्लू
होव'स माइ लाइफ हावे बीन यो
4 डिग्रिज आइएन 8 यियर्स आउट ओएफ विन्डव
प्रोली क्यान्ट बियर टो हेर ह्वाट आइव बीन टोल्ड
बीन ब्रोकेन एएनडी जोकिङ एएनडी इभरिथिङ योउ टच बीन गोल्ड
फाइनली फर्स्ट लिके आई हित थाट लटरी बिङ्गो
लाइफ क्यान बे बिच थाउग
हिटिङ एएलएल थाट सिम्बल्स
बुट ह्वेन आई ट्रिड मिङले
वाइटिङ फोर थे डे ह्वेन आई ड्रप्ड माइ फर्स्ट एएनडी एनओडब्ल्यू आई'एम गोइङ सिङले
सो आई क्यान रियली लुक ओएफएफ टो एएलएल ओएफ माइ पियोपले
एएनडी इवेन आईएफ आई दिए आई वाउल्डन'टी बे वरी टो लिव योउ
एएनडी एएलएल माइ ब्रोथर्स हाड रिप आइएन थिस सिटी आई सी योउ
आमा होव आई विश आई डिडिएन'टी हावे टो लिव योउ
एएनडी अल्सो एएलएल थेसे बिचेस ट्राइना स्क्यान मे डाउन टो सी योउ
बुट थें योउ से लोव मे, आई क्यान'टी बेलिभ योउ
सो आई हावे स्लिप ओन्टो थे नेक्स्ट ओने
आई एआइएन'टी लुकिङ फोर लोव, सी आई जस्ट वन्न सेक्स ओन्स
आउट ओएफ एएलएल थेसे बिचेस, आई'वे बीन आइएन थे विप सेक्शन
माइट जस्ट टाके थे नेक्स्ट टाइम, लिके थे बेस्ट ओने",198
365,Maya Jalaima (Kripa Unplugged Season 2),Sabin Rai,romanized,"आउँछु भनेर मा
तिम्रो धेरै चोटी माइले
बाटो हेरे धेरै बर आयेनौ
के भो कसो भो चन्द्र मुखी लाई की की
आरकै संग माया जालैमा
मा मा मा मा माया जलाईमा
मायाजालाईमा...........
खयाल गरा हाई भन्थे मलाई
साथी भाई ले
आफू टा पर्यो सोझो माँछे धेरै धेरै
बिसवास गर्ने पानी
उ भनेपछि ज्यानै दिने मा मा
खोज्थे माँचे यो यो यो सहरमा
सहरमा यो सहरमा
के लोदार लाग्यो मलाए हेरना
लथालिंगै भयो मेरो जोबन
के लोदार लाग्यो मलाए हेरना
भाटा भुँगै भयो
मेरो सपना सपना.........
आउँछु भनेर मा
तिम्रो धेरै चोटी माइले
बाटो हेरे धेरै बर आयेनौ
के भो कसो भो चन्द्र मुखी लाई की की
आरकै संग माया जालैमा
मा मा मा मा माया जलाईमा
मायाजालाईमा...........
मा मा मा मा माया जलाईमा
मा मा मा मा माया जलाईमा
मायाजालाईमा...........
मा मा मा मा माया जलाईमा
मा मा मा मा माया जलाईमा
मायाजालाईमा...........",116
366,Ma Timro,Swoopna Suman,nepali,"हो-हो-हो
हो-हो-हो
आकाशैमा नौ लाखेँ तारा
तारालाई ढाक्ने कालो त्यो बादल
बादल छिचोली आउनेछु म त
लिन तिमीलाई, मेरो यो साथ
आउन मसँग उडेर हेर
आउन मसँग उडेर हेर
जुनैको नजिक
दिनेछु तिमीलाई अज्मबरी माया आँखाैमा राखेर
सजाउने छु मेरो मुटुको माझ अङगालो खोलेर
तिमी थामिदेउ हात, नछोड साथा
बोलिदेउ मायाका दुइ मिठा बात
आउन आउ मसँग गाउ
आँखा उघारी हेर मलाई तिम्रो
नजिकै छुनि मुटुमै राख
अङगाल मलाई, तिम्रै म हुँ नि
म तिम्रो हु
हुउउउउउ, हुउउउ
छुनि म तिम्रो
हुउउउ, हुउउउ, हुउउउउउ",68
367,Bacha,Karan Bhatta,nepali,"हराएर मिल्यो है खुशी
नबिर्सिने यादहरू छोडी
अल्झिएर बसेको नि वर्षौ दिन बितिसक्यो
बड्न सकिन अगाडि
भन्थ्यौ बाचा भो सधैँ भर को लागि
आज आशा मै राखी गए पछि
थाहा छ कसरी सम्हाले होला यो मन मैले
केवल तिम्रो साथको लागि
केवल तिम्रो साथको लागि
केवल तिम्रो साथको लागि
याद आयो फेरी रातको त्यो अन्धेरी
सँगै बसी हामी हेरिरहेको
तारा झर्दा त्यो बेला दिएको तिमीले बाचा
भुलाउ सोच्छु तर भुलाउ कसरी
टुक्रेको मुटु माथि अझै कति भार बाकी
सोचेर बस्छु सुन्यता मा हराई
पर्खेर बसी दिन्थे मागेर पाउने भए
अब चाहना त्यागी सके मैले
तिमीलाई पाउने आशा
तिमीले दिएको बाचा",81
368,Sath Sadhaiko,Neetesh Jung Kunwar,nepali,"ओह-ओह, अलराइट, ओह-ओह
एयी, केटा, थोप्डा किन कुच्चाको?
किन एक्कासी गहिरो सोचमा फस्या छस्?
माथी कैशीमा मस्ती-मजाक चालु छ
तर तँ किन बिस्कुइट जस्तै ओस्या छस्?
अब आइदेन ज्यादा भाऊ नखाइदेन, ह-ह-ह
तँ बिना केइ संग मेरो कुरै मिल्दैन
अब ल्याङ नहान-न
शब्द त धेरै छ यो मनमा, कसरी भनु भन न?
खै मेरो कुरा कहिले सुन्ने होइन तैले
जहिले नि आफ्नै सुरमा हुन्छस्
खै मेरो पिडा बुझ्छस् र तैले, साला?
के चै गर्नु पर्यो मैले अब हेर
यो घट्ना धेरै आगाडीको हो
धेरै बेर लागाए भन्न अब अत्ति भो
केही गर्छु भनी घरमा हल्का पैसा मागे
जुन गाली-मजाक-मस्ती सबै मैले त्यागे
मुला, त्यही बेला शेयर कुराको ल्यायो एउटा मोरोले
फाइदा आउने जोशमा सबै खनाइदियो छोरोले
कहाँबाट आउनु त्यसका बाजे सबै नास
अब बाउले मार छ, आमा रुन्छे
जीवन मेरो सर्वनास (सर्वनास)",124
369,Dami,Fuba Tamang,romanized,"कोही चाइन तिमी जस्ती रामरी
रामरी, रामरी, कोही चाइन....
मेरो लागी, तिमी सबै भन्दा
दामी, दामी, दामी, दामी..
निसब्द वाको चु, तिमीलाई देखे पाची
निसब्द वाको चु, तिमीलाई देखे पाची
कोही चाइन तिमी जस्ती रामरी
रामरी, रामरी, कोही चाइन....
मेरो लागी, तिमी सबै भन्दा
दामी, दामी, दामी, दामी......
तिमी सबै भन्दा दामी
आई से आइटी नाइस
तिमी दामी दामी, आई से आइटी ट्वाइस
अरू जो सुकै अवोस मेरो अगाडी
आई रियली डोन'टी क्यारे कोज तिमी नै दामी
ओह गोड, ओह गोड, थान्क्यौ सो मुच
फोर मेकिङ हेर दामाई...
पागल हुन्चु जाबा तिमी औचौ मेरो अगाडी
सबै केटा हरू तिम्रो पचाडी
लिके, लिके रेल गाडी
बुट योउ डोन'टी क्यारे कोज फुबा हेरे
इममा ह्यान्डल योउ विथ विथ क्यारे
ट्रू लोव आइएस ह्वाट वे गोन्न शेयर
सीएसएमसी'मोन लेट्स स्टार्ट आइटी
वे क्यान माके आइटी थेरे एइयी...",118
370,Kori Hera,Brijesh Shrestha & Beyond (Nepal),nepali,"कोरी हेर
मनमा दुइ चार शब्द मेरो नाममा, कोरी हेर
तिम्रो नम्बर मेरो लागि कगजमा कोरी हेर
योउ गोट आ तात्तो ओएफ माइ नामे ओन योउ स्किन, बेबी
कोरी हेर, कोरी हेर
मेब आई क्यान मीत योउ यूपी ओन थिस सुन्दै
मेब वे क्यान माके लोव ओन थिस फ्रिडे
मेब आई क्यान मीत योउ यूपी ओन थिस सुन्दै
मेब वे क्यान माके लोव ओन थिस फ्रिडे
कोम ओन मे, राइड ओन मे
कोरी हेर
पुत ओन आइटी ओएफएफ राइट एएनडी बेबी, डान्स विथ मे
कोरी हेर
गुच्छी-वर्सेस साचि आजको ट्रेन्ड, बेबी
कोरी हेर, व्राइट डाउन माइ नामे तिम्रो छातिमा
एएनडी आई'एलएल टाके थे ब्लेम
कोरी हेर, कोरी हेर",94
371,Mutu Mageu Timile,Deepak Limbu,romanized,"मुटु मागेउ तिमीले
माइले बाच्नु पर्छ
मै मेयरी तिमीलाई
कसले माया गर्छ
मुटु मागेउ तिमीले
माइले बाच्नु पर्छ
मै मेयरी तिमीलाई
कसले माया गर्छ
दिउकी भनी खोजी हेरे
पाइन मुटु दुईटा
दिउकी भनी खोजी हेरे
पाइन मुटु दुईटा
तिमलाई माया गर्ने
कसम मै हुन एउटा
तिमलाई माया गर्ने
कसम मै हुन एउटा
मेरी माया-मेरी माया
मेरी माया ओहस्सोह
मेरी माया
बारु लैजाउ आँख
संसार नहेरुला
जलेको कलेजो
कहिलाई नाफेरुला
बारु लैजाउ आँख
संसार नहेरुला
जलेको कलेजो
कहिलाई नाफेरुला
अरू बाकी जे॰एस छन्
पारा चोइटा-चोइटा
अरू बाकी जे॰एस छन्
पारा चोइटा-चोइटा
मलाई माया गर्ने
तिमी नै होउ एउटा
मलाई माया गर्ने
तिमी नै होउ एउटा
मेरी माया-मेरी माया
मेरी माया ओहस्सोह
मेरी माया",79
372,Kabja,SACAR aka Lil Buddha,nepali,"कब्जा, आई.बी. रेकर्ड्स
ट्र्याप नेपाल, लिल बुद्ध 2020
वोटे फोर साकारको सरकार
वेल्कोम टो थे न्यू अल्बम
युङ बिलियनेयर
नमस्ते सबै जनालाई
आह-आह
सुरु गरु कब्जा, अनि आउछ मजा
सुरु गरु कब्जा, अनि आउछ मजा
सुरु गरु कब्जा, अनि आउछ मजा
सुरु गरु कब्जा, अनि आउछ मजा
सुरु गरु कब्जा, अनि आउछ मजा
सुरु गरु कब्जा, अनि आउछ मजा
सुरु गरु कब्जा, अनि आउछ मजा
सुरु गरु कब्जा, एयी
काठमाडौँमा चारै तिर फोहोर, अनि धुवा, अनि धुलो
भाको जति भत्क्या रोडमा नि दुलोनै दुलो
बर्से पीछे बाटो बन्न रकम आउँछ ठुलो
तर काम किन नभाको खासमा, कोल्ले यहाँ बुझ्यो?
बच्चै देखि सुने ""आउछ मेलम्चीको पानी
उठे जति पैसा सबै खै कसले हो खानी?
जोले बोल्न खोज्यो उल्लाई घरमै आएर मार्नी
अनि घण्टा आउछ मेलम्चीको पानी, एयी
बार्ता बोल्छस्? तेस्को घाँटी गिँड्दे (सुरु गरु कब्जा)",115
373,Lost In Time,Uniq Poet & Reverb Dust,romanized,"फास्ट फरवार्ड टो माइ डिथ बेड
लयिङ विथ आ रिग्रेट
सोङ आई व्रोट फोर उ आ लोङ आगो
प्लेइन आइएन माइ हेड
आई क्यान'टी बेलिभ वे कडेन्ट बे
एन आइटीएस एएलएल बेचौसे ओएफ मे
आई विश आई वास स्ट्रोन्जर थान माइ एन्क्सिएटी
आई केएनओडब्ल्यू थे लोव वास रियल
वे वेरे मिन्ट टो बे टोगेथर
बुट आ सद स्ट्रगलिङ आर्टिस्ट
आई हाड बड विबेस फोरिभर
आई वास इन्सेक्योर एएस आ रिसल्ट
आई लेफ्ट एन ब्रोक यूआर ट्रस्ट
आईएफ आई कड गो ब्याक
आई वुड फिक्स आइटी एएलएल यूपी
इभरी सिङले डे विथआउट उ
आई बर्न्ड एएलएल एलोन
आई हाड टो कोप विथ आइटी
सो आई स्टार्टेड व्रिटिङ सोङ्स
एन थे सोङ्स वेन्ट प्लाटिनम
इवेन डिड आ वर्ल्ड टुर
बुट विथआउट उ
आई लैद ड्रङ्क ओन इभरी ब्याकस्टेज फ्लोर
हेर्ड एबाउट उ फ्रोम आ फ्रेन्ड
आई वास ह्यापी थो आइटी हर्ट
उ वेन्ट ओन टो फोलो यूआर ड्रिम्स
एन लिवेद थे लाइफ थाट उ डिजर्व
आई विश उ क्यान हेर माइ थाउगेट्स
एन उसे एएलएल यूआर सुपर पावर्स
टो टर्न ब्याक थे टाइम
टो थाट वेरी लास्ट हाउर
आई वुड फिक्स आइटी एएलएल यूपी
एन इभरी थिङ वुड चाँगे
एएनडी आइएन माइ डिथ बेड
उ वुड बे बेसाइड मे एएस आई ले
एन आईडी लुक उ आइएन यूआर इयेस
एन से आई डोन्ट रिग्रेट आ थिङ
बुट स्याडली थे रियालिटी
आइएस आ ह्वोले एनोथर स्सेन",186
374,KINA,Brisk timos,romanized,"जैले नि तोलाई रहे मा
दैबा ले नि, बोलाई रहे छ..
माथि, माथि, बोलाई रहे छ..
मलाई दुक्खा लाग्छ, ना टा सुक्खा पा छ..
मलाई पुग्न छ त्यहा, जाहा बुद्ध गा छ..
त्यो आकाश को बदल भित्र, सुन्दरता छ..
ठहा चाइन, खाइ के॰एस के॰एस यहा हुना ला चा..
आतमा भड्की रहेको, ना टा मुक्त भा चा..
जीवन को घम, बिस्तारै डुब्न ला छ..
प्रस्न नै प्रस्न, ना टा उत्तर पा छ..
पोलिरचा जस्तै मेरो सरिर, सूर्य मा चा..
घन्टा जस्तो जीवन, सराई तिरा सुन्यता चा..
मान्छे धेरै, तारा आफ्नो बेथा सुन्ने का चा?
सबै उजाड, सबै कुरा सुन्ये भा छ..
भगवान अनगिन्ती, आशीरबाद चाई सुन्या पा छ..
पाप मात्र पाप, ना टा पुण्य पा छ..
सरप को धरप ले, मती पूर्ण ला छ..
तानाब को दबाब ले, ना टा सुत्न पा छ..
आतमा सैतान संग नाच्दै, दुल्न गा छ!
जैले नि तोलाई रहे मा
दैबा ले नि, बोलाई रहे छ..
माथि, माथि, बोलाई रहे छ..",153
375,Samundra Paari,Arthur Gunn,nepali,"सुर्यलाई हेर अस्ताउदै छ है सुनौलो साझैमा
त्यो जूनलाई हेर चम्किदै छ है अध्यारो रातैमा
सपना बोकी आए समुन्द्र पारी म सुनको आशैमा
मन मायाले भर न
आशाको चित्र कोर न
रातो र निलो रंगमा फर्फराउछ ती चन्द्र र सुर्य
चारैतिर बेरिएको हिमाल मैले कसरी भुलाउने
देखे है हरियाली देखि मरुभुमी प्रकृतिमै भुले
मन मायाले भर न
आशाको चित्र कोर न
यो मन मायाले भर न
आशाको चित्र कोर न
छोडिआए आफन्त र साथीभाई यो नौलो ठाउमा
टाढिए म जन्मभुमी बाट, हराए नयाँ समाजमा
आशा छ तिमी मसँग सदा होस, चाहेको साथ
मन मायाले भर न
आशाको चित्र कोर न
यो मन मायाले भर न
आशाको चित्र कोर न",91
376,Aakhale,Yabesh Thapa,nepali,"माया पिरतीको यो खेल खेल्दिन भन्थे
तर आज खै के भयो (भयो)
सिरिरी हावा चल्यो
मुटुले ठावै छोड्यो
आँखा तिमीमै अडियो
तर मन भित्रको तिर्खा
कसरि मेटाउने
तिमीनै भन मेरो मनै उडाई लग्यो
तिम्रो बानीले, कुरा कानीले
मनै मग्नै भो, त्यो जवानीले
डाडा पाखाले, गाउले भाकाले
मनै चोरी लग्यो
तिम्रै आँखाले
तिम्रै आँखाले-तिम्रै आँखाले-तिम्रै आँखाले
तिम्रै आँखाले-तिम्रै आँखाले-तिम्रै आँखाले
मन भित्रको बेथा
यो संसारलाई के था
तर तिम्लाई कसरी सुनाउ
जब तिमी अघि अघि
म चाई तिम्रो पछि पछि
तिम्रो त्यो हात कसरी समाउ
अनि तोडु मनका तालाहरु
देखाउन तिमीलाई
मन भित्रका भावना",75
377,Superstar,VTEN,nepali,"सपना मेरो बन्ने सुपरस्टार, एयी, एयी, एयी, एयी, येअह
नदिनु मलाई कसैले घृणा र सराप, एयी, एयी, एयी, एयी, येअह
सपना मेरो बन्ने सुपरस्टार, एयी, एयी, एयी, एयी, येअह
नदिनु मलाई कसैले घृणा र सराप, एयी, एयी, एयी, एयी, येअह
खासमा मलाई अरुको मतलब छैन
यहाँ विरल हुन खासै गाह्रो छैन
एक-दुई दिनको प्रशंसा चाहिँदैन
मेरो पैतालामा हिँड्न सजिलो छैन
न त साथ दियो मलाई मेरो आफ्नै बाउले
अगाडी जय-जय, पछाडी हाने छुरा सबले
म त साह्रै सोझो, सबको कुरा मानथिएँ
सोझोपनको फाइदा उठाए सबले
तर अहिले मेरो पनि बाध्यता छ
घर-परिवार मेरो अशान्तिमा छ
सबैको आँसु पुस्न सक्दिन, एयी
कसैलाई खुशी पार्नै सकिन, एयी
कति तान्नु दुवा मेरो फोक्सो कुइ सक्यो
कहिले काहीं दुख्थियो मेरो छाती, मन मरी सक्यो
एयी, मेरो पनि आफ्नै समस्या छ
खुलेर पोख्दिन, भित्र-भित्र पोल्दै छ, रुन्छ मेरो मन
दैवलाई खोज्दै छु, हात काटी मेरो भाग्य रेखा केर्दै छु
खरानी पो हुने हो कि मेरो आश?
त्यही नि बाँचीराछु अझैनि छ मसंग आट, एयी",142
378,Kalkatte Kainyo,Jayananda Lama & Bal Ram Karki,nepali,"कलकत्ते काइँयो, केश मेरो बाङ्ग्यो, टेबुलमा ऐना छ
हो, कलकत्ते काइँयो, केश मेरो बाङ्ग्यो, टेबुलमा ऐना छ
पिरती मैले नलाको होइन, तकदिरमा रैनछ
धानकै बाला झुलाउँला, मायालाई भुलाउँला
धानकै बाला झुलाउँला, मायालाई भुलाउँला
कलकत्ते काइँयो, केश मेरो बाङ्ग्यो, टेबुलमा ऐना छ
हो, कलकत्ते काइँयो, केश मेरो बाङ्ग्यो, टेबुलमा ऐना छ
पिरती मैले नलाको होइन, तकदिरमा रैनछ
धानकै बाला झुलाउँला, मायालाई भुलाउँला
धानकै बाला झुलाउँला, मायालाई भुलाउँला
खुम्बुको माथि त्यो याङ्जि गुम्बा, त्यहीँ माथि ल्हासा छ
खुम्बुको माथि त्यो याङ्जि गुम्बा, त्यहीँ माथि ल्हासा छ
तपाईँ त रैछ अर्काको मान्छे, त्यही पनि आशा छ
धानकै बाला झुलाउँला, मायालाई भुलाउँला
धानकै बाला झुलाउँला, मायालाई भुलाउँला
खुम्बुको माथि त्यो याङ्जि गुम्बा, त्यहीँ माथि ल्हासा छ
खुम्बुको माथि त्यो याङ्जि गुम्बा, त्यहीँ माथि ल्हासा छ
तपाईँ त रैछ अर्काको मान्छे, त्यही पनि आशा छ
धानकै बाला झुलाउँला, मायालाई भुलाउँला
धानकै बाला झुलाउँला, मायालाई भुलाउँला
त्यो रुङ्गे खोला फलामे साङ्गु, मैदाम गाँसि-गाँसि
त्यो रुङ्गे खोला फलामे साङ्गु, मैदाम गाँसि-गाँसि
खाउँला पो सुर्ती लाउँला पो फुर्ती, जाउँला पो हाँसि-हाँसि
धानकै बाला झुलाउँला, मायालाई भुलाउँला
धानकै बाला झुलाउँला, मायालाई भुलाउँला
हिमाल चुली त्यो पल्लो पट्टी, रूख सुक्यो सुकेन
हिमाल चुली त्यो पल्लो पट्टी, रूख सुक्यो सुकेन
यो मनले ताक्छ मुलुक संसार जिउ पुग्छ पुग्दैन
धानकै बाला झुलाउँला, मायालाई भुलाउँला
धानकै बाला झुलाउँला, मायालाई भुलाउँला",181
379,Babari Rang,Anmol Gurung & Ashmita Adhikari,nepali,"रोकेर रोकिदैन माया मेरो
छोडेर छुटिदैन माया मेरो
रोकेर रोकिदैन माया मेरो
छोडेर छुटिदैन माया मेरो
बाबरी रङ्गमा रङ्गिएर
बाबरी रङ्गमा रङ्गिएर
मलाई माया गर
साचो माया गर
निदरीको मात झै
मलाई माया गर
मलाई माया गर
साचो माया गर
निदरीको मात झै
मलाई माया गर
रिसाउने तेरो बानी
फकाउने मेरो
टाढा जाने तेरो बानी
नजिक आउने मेरो
हेर मायाको रङ्ग
पहाड भरी
पिरतीको भाका
नाच्छ फुल सरि
हेर मायाको रङ्ग
पहाड भरी
पिरतीको भाका
नाच्छ फुल सरि",53
380,Bicha Bichama 2 (Euta Photo Khich),Durgesh Thapa,romanized,"हामी पानी नाच्नु पर्चाआ
हेरा बुदी मसँग ड्याम चाइन
दम्नवयेसी तीजमा काम चाइन
आउट फोटो खिच
हेरा बुदी मसँग ड्याम चाइन
दम्नवयेसी तीजमा काम चाइन
आउट फोटो खिच
माचो माचो व्यगुतो, येस्पालीको तीज
माचो माचो व्यगुतो, येस्पालीको तीज
मसँग ड्याम चाइन
दम्नवयेसी तीजमा काम चाइन
आउट फोटो खिच
माचो माचो व्यगुतो, येस्पालीको तीज
माचो माचो व्यगुतो, येस्पालीको तीज
माचो माचो व्यगुतो, येस्पालीको तीज
माचो माचो व्यगुतो, येस्पालीको तीज
माचो माचो व्यगुतो, येस्पालीको तीज
माचो माचो व्यगुतो, येस्पालीको तीज",61
381,Kanchi Hey Kanchi,Bimala Rai & Prakash Shrestha,nepali,"हे, मर्दले आटे नि वर्ष दिन भन्छन्
आइमोईले आटे नि एकैछिन रे
म धाउन लागेको दुई वर्ष पुग्यो नि
तिमीले आट्ने कुन दिन रे?
कान्छी, हे कान्छी
कान्छी, हे कान्छी
हे कान्छी, केही त बोल न
हे, मनको कुरा खोल न
म मादल घङ्-घङ् घङ्काउला
तिमी जुरेली जस्तै नाच न
कान्छा, हो, कान्छा
यो मन मेरो कहाँ मान्छ नी
हे, हुरुरु उडेर जान्छ नी
जहाँ आफ्नो हितको माया छ
त्यही तानी-तानी लान्छ नी
निधाउरो किन आजको दिन?
बिरह गाउँनु हुदैन
पर्देशीसित बिर्सेर पनि पिरती लाउन हुदैन
ह, पिरती लाउन हुदैन
सुरिलो रुखको खिरीलो हाँन्गा टुप्पैमा पात छैन
भोकैलाई भोजन, निद्रालाई ओछ्यान
पिरतीलाई जात छैन
पिरतीलाई जात छैन
भरेर माया लाइन्न, जोखेर माया पाइन्न
भरेर माया लाइन्न, जोखेर माया पाइन्न
आँखाले हेर्यो, मनले बेर्यो, मायाको फेरो, कान्छी",105
382,K Huncha Bhanera,DJ Bishow,nepali,"थाछ माया तिमिलाइ चाइदैन
पिरतिका कुरा तिमिलाइ पच्दैन
बाहानहरु न बनाउन तिमी
सहारा मात्र हो दिने
मैले तिमिलाइ
तर थाहा छ मलाइ (मलाई)
तिमी त जान्छौ(जान्छौ)
मलाई छोडि (छोडी)
यो मुटु तोडी (तोडी)
तर आजलाइ चाहिँ (चाहिँ)
हुन दिनु है (दिनु है)
म सङ्गै आउन (आउन)
मलाइ सुनाउन
के हुन्छ भनेर ,तिम्रो मुटु भित्र
का दुख्छ भनेर,मलाइ देखाउन
आजलाइ बिर्सीदेउ, बसिदेउ मेरै छेउ
कथाहरु सुनाउ, माया गर्न सिकाइ देउ
के हुन्छ भनेर,के हुन्छ भनेर
के हुन्छ भनेर,के हुन्छ भनेर",72
383,Timilai Dekhera,Raju Lama,nepali,"तिम्रो जोबनलाई, हो, देखेर पिरती गाँसेको
तिमीलाई देखेर हिमाल हाँसेको
तिम्रो गीता सुनेर मुनाल नाँचेको
तिम्रो जोबनलाई, हो, देखेर पिरती गाँसेको, पिरती गाँसेको
यसै ठाउँमा घुम्न आको म एउटा पर्देशी
हो-हो-हो, यसै ठाउँमा घुम्न आको म एउटा पर्देशी
थाहै नपाई बसे छ माया आकश भन्दा बेसी
थाहै नपाई बसे छ माया आकश भन्दा बेसी
हिउँ पर्यो फुरुरु हिमाली भेगैमा
हिउँ पर्यो फुरुरु हिमाली भेगैमा
दिल बस्यो यहीं निरा कती चाँडो तिमीमा
दिल बस्यो यहीं निरा कती चाँडो तिमीमा, कती चाँडो तिमीमा?
तिम्रो चिनो कुसुमे रुमल मनै भरी सजाउल
हो-ओ-हो-हो, तिम्रो चिनो कुसुमे रुमल मनै भरी सजाउल
लालुपते फूल झै गाढाँ, तिम्रो सिउँदो रङ्गाउल
लालुपते फूल झै गाढाँ, तिम्रो सिउँदो रङ्गाउल
खाउँ कसम लै आज देउरली भाकेर
खाउँ कसम लै आज देउरली भाकेर
नमारे माया आउँछु म फर्केर
नमारे माया आउँछु म फर्केर",119
384,Basantaa,Jpt Rockerz,nepali,"तिम्रो ओठलाई छोएर निस्किदा
हरेक झुटो रङ्गीन साँचो भो
तिमीलाई अंगाली यस्तो लाग्यो कि
मेरो संसार तिमी हो
यदि अर्को जन्म हुन्छ भने
दोहोर्याएर फेरी तिमी सँगै बितोस
मुस्कानले सजौला तिमीलाई
पिरती भाका गुनगुनाउँदै
बन्द आँखाका सपनी पनि
तिम्रै आकृति कोरी दिन्छ
बद्ली रहने यो मौसम पनि
तिमी छौ साथ त
बसन्त फुल्छ",41
385,Naya Nepal,The Shadows 'Nepal',nepali,"हेर नयाँ छ मान्छे, हेर पुरानो व्यवहार
हेर बुद्धको आँखा, हेर कुर्सीको खेल
नयाँ छ नेपाल, पुरानो गतिविधी
बिजुली छैन, रोकिएको छ प्रविधी
नयाँ छ सरकार, चुप्चाप नेपाली
रुदै छ नेपाल, दु: खले पुरिएको छ नेपाली
हेर राजनीति छायो, यहाँ बोलीको खेल
हेर रोएको आँखा, यहाँ दु: ख अनेक
नयाँ छ नेपाल, पुरानो गतिविधी
बिजुली छैन, रोकिएको छ प्रविधी
नयाँ छ सरकार, चुप्चाप नेपाली
रुदै छ नेपाल, दु: खले पुरिएकोछ नेपाली
हेरन यीनका आँखामा, कति सपना अल्पत्र छन्
हेरन भोको पेटमा, कति जनता भोकानै छन्
मागेको धेरै होईन, सिङ्गै एउटा नेपाल दे
मागेको भविस्य होईन, वर्तमानमा सुधार ले
नयाँ छ नेपाल, पुरानो गतिविधी
बिजुली छैन, रोकिएको छ प्रविधी
नयाँ छ सरकार, चुप्चाप नेपाली
रुदै छ नेपाल, दु: खले पुरिएकोछ नेपाली
नयाँ छ नेपाल, पुरानो गतिविधी
बिजुली छैन, रोकिएको छ प्रविधी
नयाँ छ सरकार, चुप्चाप नेपाली
रुदै छ नेपाल, दु: खले पुरिएकोछ नेपाली",119
386,Basanta Nai Basna Khojchha,Asha Bhosle,nepali,"हो, हो
बसन्त नै बस्न खोज्छ यहाँ लोलाएर
यो हो मेरो प्रणभन्दा प्यारो
माइतीघर, माइतीघर, माइतीघर
बसन्त नै बस्न खोज्छ यहाँ लोलाएर
यो हो मेरो प्रणभन्दा प्यारो
माइतीघर, माइतीघर, माइतीघर
एउटा फूल फुले यहाँ धर्ती मगमगाउँछ
एउटा बत्ति बले यहाँ जगतै जगमगाउँछ
एउटा फूल फुले यहाँ धर्ती मगमगाउँछ
एउटा बत्ति बले यहाँ जगतै जगमगाउँछ
सुख-शान्त मुस्काउँछ यहाँ सधैं भरि
लुकामारी खेल्छा जुन यहाँ रातै भरि
यो हो मेरो प्रणभन्दा प्यारो
माइतीघर, माइतीघर, माइतीघर
बसन्त नै बस्न खोज्छ यहाँ लोलाएर
यो हो मेरो प्रणभन्दा प्यारो
माइतीघर, माइतीघर, माइतीघर",71
387,Yaadharu,Ankit Shrestha,nepali,"केहि भन्नु छ
केहि भन्नु थियो
कुरा मनमा छ
सधैं मनमै रह्यो
जिस्काउँदै
फकाउँदै भनन
के हुने छौ मेरो साथ
यो आकाश नझरौन्जेल सम्मै
जब इ बतासहरु बिलाउदै जान्छ
तिमीलाई खोज्दै म आउँला
मनमा थोरै आशा बोकि
हातमा फूल लिइ बसौंला
को कहाँ हुन्छ र
हावा सरि माया तिमी
समयले साथ नदिए पनि
यादहरु मै रमाउँला
केहि भन्नु छ
केहि भन्नु थियो
नडराई भन न
आफ्नो मनको कुरो
हिजो जस्तै
लजाउँदै सोधन
के समाउने छौ मेरो हात
यो शरिरले साथ नदिए सम्मै?",59
388,Kutu Ma Kutu,Rajan Raj Shiwakoti,nepali,"कुटुमा कुटु, सुपारी दाना, कुटुमा कुटु
कुटुमा कुटु, सुपारी दाना, कुटुमा कुटु
कुटुमा कुटु, सुपारी दाना, कुटुमा कुटु
कुटुमा कुटु, सुपारी दाना, कुटुमा कुटु
कुटुमा कुटु, सुपारी दाना, कुटुमा कुटु
कुटुमा कुटु, सुपारी दाना, कुटुमा कुटु
हेर्दामा जिउज्यान खाईलाग्दो, जागिरे मर्द बलियो
ईमान्दारी केटोलाई, जोबन दिने मन थियो
हेर्दामा जिउज्यान खाईलाग्दो, जागिरे मर्द बलियो
ईमान्दारी केटोलाई, जोबन दिने मन थियो
खैनी चुरोट खान्छौ कि? दाँतै कालो छ (है, है, है, है)
दाँतै कालो छ, हजुर, ओठै कालो छ (है, है, है, है)
दिदीको मगनी भैसक्यो, मेरै पालो छ (अाहा)
दिदीको मगनी भैसक्यो, मेरै पालो छ (अाहा)
यसपालि हिउँदो महिनामा, बिहे नगरी भाछैन
कन्याको ठहर ठेगाना, केहिपनि टुङ्गो लाछैन
यसपालि हिउँदो महिना मा, बिहे नगरी भाछैन
कन्याको ठहर ठेगाना, केहिपनि टुङ्गो लाछैन",108
389,Mahesh Kafle (Feat. Melina Rai) - Nacha Firiri,Genius Romanizations,romanized,"असरै महिना सिम सिमे पानी परे रहेकै चा नि
तिमीलाई वेत्न वनेर छटाए ओडेर आको सानी
हावा चल्यो सिरिरी, आताआई झिरिरे
मा बजाउछु मुरली तिरिरी
तिमी नाचा फिरिरी
हावा चल्यो सिरिरी, आतै झिरिरे
मा बजाउछु मुरली तिरिरे
तिमी नाचा फिरिरी
तिमी नाचा फिरिरी
ला हाई नाचा फिरिरी
आखा .. ये दुई आखा
तिम्रै लागे हो मेरो यो भाका
पारी बाँ मा कोहिली गयो
तिमीलाई देखेरै मान्नै रमायो
पाउजु... पाउ मा पाउजु
तिमी चेउ आउदा मा टा लजाउछु
हात मा चुरा, रातो चुरा
चेएनो माया को के॰एस चा हजुर रा
[रुमालाई देउता हराआई जला
फूल देये ओइलाउला
येही ज्याना तिमीलाई उपहार वायो
सँगै जेवन बिताउला ] एक्स2",84
390,Chahana,Yugal Gurung,nepali,"टाढाबाट बोलाउछौ मलाई
नियालेर हेर्दा तिमी बिलाउछौ
खोजी रहन्छु, भागी रहन्छु सधैं
जिस्काउदै बोलाउछौ अझै
उडी जाने तिमी फेरि
पछीपछी म आउँछु
पछ्याउदै तिमी तिर
यो चाहनामा हराउँछु
छाडी जान्छौ मलाई फेरि
सपनाको ठूलाठूला शहरमा
डुबी रहने मेरो एउटा सानो मन
खोजी रहन्छु, म भागी रहन्छु सधैं
जिस्काउदै बोलाउछौ अझै
तर उडी जाने तिमी फेरि
पछीपछी म आउँछु
पछ्याउदै तिमी तिर
यो चाहनामा हराउँछु
छाडी जान्छौ मलाई फेरि",51
391,Gauthali,Pahenlo Batti Muni,nepali,"मसँगै उड न गौँथली
टाढा-नजिक जहाँ भए नि
मसँगै उड न गौँथली
टाढा नजिक जहाँ भए नि
एकैछिन गर न चिर्बिरी
के होला तिम्रो त्यो मनभरी
यो घर, न तिम्रो न मेरो
यो घर, न तिम्रो न मेरो
बाटो लाग्नै पर्यो
बाटो लाग्नै पर्यो
अल्झिएका कतै हामी दुबै
तिमी न्यानो भन्दै, म माया भन्दै
एकै ठाऊँ छौँ हामी
कतै भागीजाने लाग्दैछ मन्
हो-हो हो हो
यो घर, न तिम्रो न मेरो
यो घर, न तिम्रो न मेरो
बाटो लाग्नै पर्यो
बाटो लाग्नै पर्यो
दे रा रे रा, दा रे रा दा रा रा
दे रा रे रा, दा रे रा दा रा रा
दे रा रे रा, दा रे रा दा रा रा
दे रा रे रा, दा रे रा दा रा रा",103
392,Mayalu,Swoopna Suman,nepali,"मनले नै मनको कुरा
सुनेर नै होला नि आज
तानिदै छन् मेरा यी पाइलाहरू
तिमी तिरै आजको साझ
मायालु, मायालु
मायालु, मायालु
आँखाले आँखाको इशारा
बुझेर नै होला नि आज
हासिदिए मेरा यी ओठहरू नि आज
तिमी सामु मानेर लाज
मायालु, मायालु
मायालु, मायालु
रे-ग-ग-रे-र-र-ग
ग-म-ग-प-प-नि-ध-प
सा-मि-ध-म-प-रे-पा
तिम्रो मनको बगैचामा
मेरो मनको भमरा बनि
दुलु दुलु लाग्छ किन
तिम्रो घरको बाटो हेरी
आफु बस्ने बसाई तेही
सरु सरु लाग्छ किन
हो, तिम्रो ज छ हाल त्यहाँ
मेरो पनि यस्तै हेर न
हो, अंगालो मा लुकाई मलाई
टाढा कहिँ उढाई लग न",86
393,Time Chaina,Jay Author,nepali,"भने उसलाई, बेबी, कीप आइटी सिम्पल
लाज लाग्यो भन्दै, व्हाइ योउ एक्टिनमेन्टल?
क्यान योउ वर्क आइटी, वर्क आइटी, वर्क आइटी लिके रिहान्न?
गर्ल, योउ लुक बड फेरि शट्स हान
येअह, येअह
किन टाईम छैन?
तिम्रो टाईम छैन
जहिले पनि टाईम छैन
किन टाईम छैन?
बुझ्न पनि गाह्रो
बोल्दा पनि ठाडो
आईएफ आई गेट योउ बाइ टोडे
योउ विल लोव मे बाइ टोमोररो
एक चोटि त; क्यान वे डो आइटी माइ वे?
एक चोटि त; लेट'स गो ब्याक टो माइ प्लेस?
किन होला, किन होला अफ्ठारो मान्छै तिमी?
एयी, हात समातेर तिमीलाई उचालेर बोकेर लगुम् म की?
ओकाय, अलराइट, अलराइट, अलराइट
झ्याउ लागि सक्यो यो केटीहरू संग
बोरु घरमा बसेर अरेन्ज म्यारियेज गर्न
धेरै भाउ नखोज मसँग
योउ वन्ट फिन्ड नो बेटर थान मे, नोबोडिस बेटर थान मे
आइएम नोट गेटिङ योउ, आइएम नोट गेटिङ योउ
बुझ्न तिमीलाई सक्दिन म
यो हालत के बनाको, कुरा के सुनाको?
राम्रोसँग भन, भन, भन-न",136
394,Bhool,Albatross,nepali,"मौका पाए सच्याउँथे
सोचै सोचमा का गुमाए
भुल मबाट भएछ, यो कस्तो?
रिसैरिसमा झन रिस उठे जस्तो
दिन आउँछ भनि पर्खी बसे
पर्खाइमै दिन भुलिदिएँ
छोडी आएँ आफ्नो चाहानालाई
तोडि दिएँ सबै बन्धन
भुल भएछ, यो कस्तो?
चोखो माया नबुझे जस्तो
भुल भएछ, यो कस्तो?
नसोध मलाई
आँधी यो चल्न देउ
आफूलाई नरोक
भो भो, त्यती नसताउ
सक्दिन सुम्पिन म
बाध्यता मेरो बुझिदेउ
बुझेको तिम्रा चाहानालाई
तिम्रा हरेक बहाना
तिम्रा हरेक भावनाहरुलाई",56
395,Anaginti Aatma,Ankit Shrestha,nepali,"म कहाँ छु?
ताराहरु यहाँ देख्नै गाह्रो
जाडो महिना पनि कति सारो
हो यहाँ
म कहाँ छु?
ई अनगिन्ति आत्माहरु
को भिडमा म हराएँ कहाँ ?
तर तिमि, तिमिलाइ खै के को चिन्ता छ र?
तर तिमि, तिमि आफ्नै धुनमा रमाउने गर
म कहाँ छु?
पानिहरुमा पनि तिम्रै छायाँ
हेरी टोलाउँछु माया
आज म
म कहाँ छु?
ई रातो हरियो बत्तिहरु
बिस्तारै धमिलो
हुँदैछ यहाँ
तर तिमि, तिमिलाइ खै के को चिन्ता छ र?
तर तिमि, तिमि आफ्नै धुनमा रमाउने गर
तर तिमि, तिमिलाइ खै के को मत्लब छ र?
तर तिमि, अन्धकार संगै नाच्ने गर",83
396,Daagbatti,Rachana Dahal,nepali,"माथि खुवाएर घुस
फिर्ता लेराउन पाए हुन्थ्यो
नीलो तिम्रो लाशलाई
रातो पार्न पाए हुन्थ्यो
पागल हुँदै छु कि के हो
तिमीसँग मन मरे देखि
सुत्छु साहारा यी कागजको
हावाको धुवाँले
कालो रङ देख्छु सेतो
आकाशमा बादल चरा जस्तो
रुखैमा बत्ती झिलिमिलि
तारै पातमा झुन्डिएको
पागल हुँदै छु कि के हो
तिमीसँग मन मरे देखि
सुत्छु साहारा यी कागजको
हावाको धुवाँले
कसको लागेको सराप
भाग्य नै अभागी रैछ मेरो
तिम्रो शरीर जलाउनुभन्दा
म् नै खरनी भए हुन्थ्यो
मलाइ थाहै भएन
कति दुख्यो भनेर
मलाइ थाहै दिएन
दिन दिन गनेर
ओ ओ ओ...",67
397,Tadhiera,Wangden Phintso Sherpa,nepali,"सागर पारीको, माया हाम्रो
बाध्यता जीवनमा, आउँदै गर्छन्
केही पललाई त हो, टाढा भाको
बाधा संसारमा, आउँदै गर्छन्
ब्युँझिदा खोज्छु तिमीलाई नै
सपना देख्छु तिम्रो अंगालोको
टाढा छौं तर तिमीलाई नै
भाग्यले बाँधेको, मनले छ चाहेको
सपनामा डुबेर, तिम्रो स्पर्श महसुस गर्छ
सम्झनामा लुकेर, रातदिन बिताउँछु
तिम्रो आवाज सुनेर, मन मेरो हर्ष विभोर भो
तिम्रो आँखाका चम्किला, प्रकाशको म बिन्ती गर्छु
ब्युँझिदा खोज्छु तिमीलाई नै
सपना देख्छु तिम्रो अंगालोको
टाढा छौं तर तिमीलाई नै
भाग्यले बाँधेको, मनले छ चाहेको
रोकेर राखौंला धड्कन मेरो
तिमीलाई सुम्पिन तिम्रै नै हो
भविष्यमा मेरो तिमी नै छौ
भोलिलाई पर्खिदै",76
398,Nasamjha,Adrian Pradhan,nepali,"नसम्झ भुलिदिनेलाई, टाढा भैजानेलाई
नबोलाउ साथी फेरी फेरी हृदय तोड्नेलाई
नसम्झन भुलिदिनेलाई, टाढा भैजानेलाई
नबोलाउ साथी फेरी फेरी हृदय तोड्नेलाई
नबल्झाउ भरेको घाउलाई, सहन धेरै गार्हो छ
नसम्झाउ भुलेको यादलाई, बिर्सन धेरै गार्हो छ
नसम्झ भुलिदिनेलाई, टाढा भैजानेलाई
माया हो खेल, धेरैले खेल्छ
कसैले हसाउछ, कसैले रुवाउछ
भुल्न नसक्ने चोटहरु बोकि
आफ्नै भागयलाई दोस्याउने गर्छ
पिर लिएर हुँदैन अब
आफैलाई हर दिन मारेर
नसम्झ भुलिदिनेलाई टाढा भैजानेलाई
जीवन भर दु:ख र सुख आइरहन्छ
यही जीवन बाँच्नु छ यहाँ
आँखामा आँसु लिएर होईन, हाँसेर आज
जीवन चल्दैन यसरी अब
आफैलाई हर दिन मारेर",75
399,Maachi Kadaile,Diwas Gurung,nepali,"मेरो माया
मेरो माया
का होला का होल
का होला का होल
दिन मा आउने सुर्य लाई थाहोला
माछी काडैले नजर लाउदैमा
छेक्यो डाडैले
माछी काडैले नजर लाउदैमा
छेक्यो डाडैले
मेरो माया
मेरो माया
मेरो माया
कहाँ पुगयो भनि
कहाँ पुगयो भनि
रुख चढि हेर्दै छु म पनि
माछी काडैले नजर लाउदैमा
छेक्यो डाडैले
माछी काडैले नजर लाउदैमा
छेक्यो डाडैले
मेरो माया
मेरो माया
मेरो माया
नौडाडा पारी छ
नौडाडा पारी छ
रुदो होला देउराली भाकेर
माछी काडैले नजर लाउदैमा
छेक्यो डाडैले
माछी काडैले नजर लाउदैमा
छेक्यो डाडैले",60
400,Galli Sadak,VTEN,nepali,"जो गर्न खोज्छ यहाँ राम्रो काम, त्यही नर्क जान्छ
मेरो बानी बेहोराले यहाँ सब कुरा फरक पार्छ
जब हान्न थाल्छु राप, एक्कासि रगत तात्छ
किनकी मेरो कहानीको सुरुआत भयो गल्ली र सडकबाट
कसैलाई मद्दत मागेन, लागेँ म फरक बाटोमा
वान्टेड मा छ रे मेरो नाम पत्रिकाले खबर छापेछ
त्यसको केही मतलब लागेन (के?)
हेर्दिन समाचार म
एनकाउन्टर हान्ने सोचि राछस्, मुजी, खबरदार तँ
इज्जत गर् भेट्लास् (भेट्लास्) फेरि
मेरो ग्याङ छ नेपाल भरि
तँ जस्तो हैन म हिँड्छु सबैलाई राम्रो व्यवहार गरी (सही हो)
केटाहरू सब भेज्जा छ नि
मेरो ग्याङ छ नेपाल भरि
राई, लिम्बू, तामाङ, मगर, गुरुङ, शेर्नेपा, नेवार धरि
मुजी, हेर्, म जाँदिन जेल
मलाई खेल्नुछैन त्यो कवाडी सरकारी राजनीतिक खेल
हँ, खाते, आफूलाई त्यहाँ राखेर हेर्
मलाई के ल्याङ हान्छस्?
चाहेँ भनेँ उल्टै तँलाई हाल्दीन्छु जेल",114
401,Yabesh Thapa - Bhawanaa,Genius Romanizations,romanized,"साचो माया के॰एस लाई भन्दो रैचन
मलाई पानी देखाई देउ ना
माया पिरती कसरी लाउछन् हे
मलाई पानी सीकै डेउ ना
मुटु मा परेको यो गठो
फुकाउन सराई गरो
खाइ किना
मेरै समुने टा थियौ
तारा पानी तिमी लाई
वन्न सकेन
तिम्रा टीआइ निइला आखा
मा मा तोलाई बस्चु
मलाई मात्र थाहाचा
कसरी यो मुटु सम्हाल्छु
तिम्रो लाजालु हेरै
को नासलु एस्पर्शा को
जादु मा उडी राना माँ लाग्छ
हराउन टा माँ चा तारा
तिमी भित्रै साधै भरि
भनु भनी तिमीलाई मा कसरी
निइलो आकास मा उध्ने रहर
त्यो बादल माथि को सहर
मा लगाउला तिमीलाई कुनै दिन
आँतरीक्ष्य माथि का तारा
यो मेरो मुटु सारा
देखौला तिमीलाई कुनै दिन
ठहै नदीकाना यो मुटु
चोरी लागिसकेछौ मेरो मायाआ
भन्न टा कहेले सकिना
तारा बुझिदिनु हाई मेरो भावना",98
402,Syabingo,Vek,nepali,"स्याबिनगो मैच्याङ
ङाला ङामरि हासि
आनिउ ख्लासि खाउले ङामरि
धिमरी एला आब्दा पाङ्सि
ङा खाला बोरबारि
निदोला कोरबारि
आउन अलि ओर
नतड्पाउ बसी पर
अंगालो मा बाधी राख्छु
के लाग्दैन तिमीलाई भर
नाची देउन त्यो कम्मर भाची देउन
छोडी कहिले पनि इ हात समाती देउ न
लेट मे सी थाट ह्यान्ड गोइङ ब्याक
कीप ग्रिन्डिङ ओन माइ ल्याप
जस्ट लिके थाट!
काउस आई'एलएल नेवर लिव योउ
लेट मे सी थाट ह्यान्ड गोइङ ब्याक
कीप ग्रिन्डिङ ओन माइ ल्याप
वोह..ओह..आह..
स्याबिनगो मैच्याङ
ङाला ङामरि हासि
आनिउ ख्लासि खाउले ङामरि
धिमरी एला आब्दा पाङ्सि
ङा खाला बोरबारि
निदोला कोरबारि",78
403,Fuba Tamang - Maya Ma Yestai,Genius Romanizations,romanized,"ना ना ना ना ना ना
ना ना ना ना ना ना
ना ना ना ना ना येहाह!!!
ना ना ना ना ना ना
ना ना ना ना ना ना
ना ना ना ना ना येहाह!!!
चाहेर पानी तिमलाई आफ्नो
बनाउन सकिना
खोइ किना किना
चाहेर पानी तिमलाई आफ्नो
भन्न सकिना
खोइ किना किना
सायद
माया मा येस्टै हुन्छ की
माया मा येस्टै हुन्छ की
माया मा येस्टै हुन्छ की
माया मा येस्टै हुन्छ की
माया मा येस्टै हुन्छ की
माया मा येस्टै हुन्छ की
माया मा येस्टै हुन्छ की
माया मा येस्टै हुन्छ की
सपना हरू सझायेथे
तारा पुरा गर्न कहिले सकिना
धेरै माया लायथे
तारा तिमीलाई आफ्नो बनाउन सकिना",89
404,STACKKK,SACAR aka Lil Buddha,nepali,"येआ, आई डोन'टी केएनओडब्ल्यू ह्वाट थेसे ओथर र्यापर्स आरे डोइङ
बुट थे आईबी क्रिउ
वर्किन व्हीले योउ स्लीप, डुडे
दामी
येआ, निन्जा
हित आइटी फ्रोम थे ब्याक माके आइटी क्ल्याप
आई डोन्ट चट आई जस्ट स्ट्याक
मोनी ओन माइ मिन्ड ह्वेन आई राप
मोनी ओन माइ मिन्ड ह्वेन आई ट्र्याप
हित आइटी फ्रोम थे ब्याक माके आइटी क्ल्याप
आई डोन्ट चट आई जस्ट स्ट्याक
मोनी ओन माइ मिन्ड ह्वेन आई राप
मोनी ओन माइ मिन्ड ह्वेन आई ट्र्याप
आई गोट थे सिकेस्ट ओएफ फ्लोव्स
आई वियर सोमे एक्सपेन्सिभ क्लोथेस
योउ केएनओडब्ल्यू थाट आई गोट थे होएस
बुट आई चोओसे मोनी एएनडी वर्क ब्रो
इममा वर्क टिल आई माके इटाइट फिगर
शुट फोर थे मोनी गोट माइ फिङеआर ओन थे ट्रिगर
क्लेमिन माइ स्पोट लिके आ डोग गोट माइ एलएलеजीएस यूपी
आई डोन'टी गिवे आ फक एबाउट नो फेकर
यो, आई डोन'टी गिवे आ फक एबाउट नो र्यापर ओर नो लेकर
आई मिन्ड माइ ओडब्ल्यूएन बिजिनेस आई गोट माइ ओडब्ल्यूएन पेपर
क्यान'टी टेल मे नथिङ बिच व्राइट मे आ लेटर
लोत्ता बेबी मामस आई माके आ ह्वोले लिटर
लोत्ता बेबी मामस आई माके आ ह्वोले लिटर
क्यान'टी टेल मे नथिङ बिच व्राइट मे आ लेटर
लोत्ता बेबी मामस आई माके आ ह्वोले लिटर
थाट'स व्हाइ आई गोट्टा माके इटाइट टेन फिगर्स",188
405,Jhuto Maya,Brijesh Shrestha,nepali,"सोरी, आई मिस्स्ड युर क्याल
युएम, लिव आ मेसेज एएनडी आई'एलएल हित योउ ब्याक *बीप*
हे, आइएम किन्दा ग्ल्याड योउ डिडेन्ट पिक यूपी
आई किन्दा क्याल्ड टो हेर युर वोइस सो
युर वोइस रेकर्डिङ वास एनोउघ
आई शाउल्ड हाङ यूपी, ह्वाट एएम आई डोइङ?
सो उः, स्टिल किन्दा डम्ब, बुट युएम, आई मिस योउ
आई'वे बीन थिङ्किङ एबाउट योउ एएनडी
छैन केही ढाटेको तिमीलाई
छैन केही लुकाएको तिमीलाई
अझै पनि विश्वास गर्दैनौ भने, हे
किन मेरो मायालाई झुक्याएछौ?
आइ हेर छाती भित्र तिम्रो नै माया छ
सुनु हेर धढ्कनलाई तिम्रो नै आवाज छ
आई'वे बीन थिङ्किङ एबाउट योउ एएनडी
आई'वे बीन थिङ्किङ एबाउट ओउर लोव
एएनडी होव मुच आई मिस युर टच
आई मिस बेइङ अराउन्ड योउ
हियरिङ युर लौघ एएनडी होल्डिङ युर ह्यान्ड
आई थिङ्क ओएफ योउ इभरिडे
आई होपे एएनडी आई विश थाट योउ'रे डोइङ ओकाय
आई वान्ट टो गो ब्याक टो ओउर ओल्ड डेज
बेचौसे आई मिस योउ, एएनडी आई जस्ट—",140
406,VTEN - CRMNL,Genius Romanizations,romanized,"हे ठहा थ्येन मलाई टा के॰एस
हे रमाइलो गरी रा थे
हे समात्यो प्रहरी ले
हे ताई पानी लखती लखती लखती, एयी
हे ठहा थ्येन मलाई टा के॰एस
हे रमाइलो गरी रा थे
हे समात्यो प्रहरी ले
हे ताई पानी लखती लखती लखती, एयी
बिग्रियेको यो मान्छे मा
पहिला भन्दा जेएचएन हर्मी भा चु
बुदी चा घर मा
मा तेइ पानी कुकुर्नी लखती र्हा चु
आफ्नै पारा मा
मेरो फैदा को लागी मा जाता नि जान्चु
देखि नै र्हा को चा
मेरो यो पारा य्हा सबै लाई थाचा
हेर टा थचाइन भने नि हेर ना
चुटिया बेव्रा ले मा
अगाडी बडेको रे हुः
हैन नि टेस्टो टा कै
इज्जत सबैलाई गरेको थ्ये
हुदै थ्ये खुसी को बडला मा खुसी
रेस्पेक्ट मु*आई मलाई पानी डे ला
मेरो केटा हरू सब चडा भा चा
पारा मा चा
यो फुचे ले धारी गजा तान्चा
रा*दी जा चा तेइ आँख लान्चा मु*आई
मा भन्छु यो सब राम्रो हैन तारा
काहा मञ्च मु*आई उल्टै उसकै पारा ताल्चा मु*आई
था चाइन आफेई लाई घाटा पर्चा मु*आई, एयी",148
407,Moti,Shuprim Gelang Magar,romanized,"येता हेरना तिमलाई बोलाउदै छु मा
तिम्रो नै तस्बीर हेरी टोलाउदै छु मा
नवगा तेसरी मा केहे गर्दिन
कस्तो होला मा तिम्रो आफ्नै हैनरा??
रूप मात्र हैन तिमी माँ ले रामरी चौ
लजायेर हस्दा मलाई जिउदै मार्दिन्छौ
तिमी जा गये पानी तिमी तिरै सार्छु
फ्री विफी वन्दा बादी तिमलाई माया गर्छु
मा तिम्रो आखा तिमी चसमा
मा तिम्रो नीतेश तिमी आशमा
मा तिम्रो मुटु तिमी धड्कन
मा तिम्रो सर्र तिमी सरगम
आए मोती, राखना मलाई तिम्रो दिल मा एकचोटि
आए मोती, राखना मलाई तिम्रो दिल मा एकचोटि
आए मोती, राखना मलाई तिम्रो दिल मा एकचोटि
आए मोती, राखना मलाई तिम्रो दिल मा एकचोटि
मिनरल को पाँइ वन्दा सफा तिम्रो माँ
रिसाको देख्दा जिस्काउन माँ लाउछ झाँ
तिमी होट चौ वन्ने मलाई पाइला ठहथेओ
तिम्रो फोटो हेर्दा एककासी मोबाइल तात्यो",111
408,Gobar Lyath 2,Mr. D (Nepal),romanized,"बेरोजगार नि होइन, तारा जागिर नि चाइन
मान्छे चु साही मा, कहिले जागिर खोज्न नि गाइन
बेरोजगार नि होइन, तारा जागिर नि चाइन
मान्छे चु साही मा, कहिले जागिर खोज्न नि गाइन
मा सिङले चु, सिङले चु, सिङले चु
मा टा गोबर ल्याठ बनी हिड्दछु
मा सिङले चु, सिङले चु, सिङले चु
मा टा गोबर ल्याठ बनी हिड्दछु
ओह, ओह, ओह, ओह, ओह, ओह, ओह, ओह, ओह
ओह, ओह, ओह, ओह, ओह, ओह, ओह, ओह, ओह
ओह, ओह, ओह, ओह, ओह, ओह, ओह, ओह, ओह
कुबर जस्तो देखिन्छ
तारा चाइन धन जाति
घुमी फेरी कति सक्काये बाउको सम्पति
कहिले पुग्यो बोर्डर पारी
कहिले पुग्यो ढंगडी
पुकार देखि गोट्टी सम्म चपाइदियो मनपरि
आमाले भाँचिन् बिहे गर काँचा टेरो बेला पुगिसक्यो
तारा आफू चाई केटीआई को फोटो लिके गर्दै हातमा ठेला उठिसक्यो
मेरा बेला पुग्य साथीको बिकेले ज्याँ गयो बाकी राको साथी सबै गोट्टी को फान भयो
जिन्दगी ल्याङ भयो क्तिले मुटु ठोडिदियो
तिमी बिना मर्चु भन्थेयो अहिले घोरले चोरी थियो
भूतपुरबा बुडाको सम्बन्ध दै मा चोडिदियो",143
409,Kura,Oasis Thapa,nepali,"कुरा थिए तिमीलाई भन्न अझै त्यसैले
चित्ती लेख्दै छु तिमी पढी देउ है
पिडा को कलम अनि आसु को मसी साहारा लि
पोखिरा छु तिमी न पुची देउ है
धेरै नगहिरेर पढ्नु माया
दुख को समुन्द्र हो तिमीलाई दुबाइ लग्ला है
आँखा भरिएला गुम्सेर रुनु
कतै फेरी साचो माया गर्दो रैछ भन्लान है
तिमी लाई यो पापी सन्सार मा जोगाउदा जोगाउदै
खयाल भएन छ आफै लाई जोगाउने
चुदाइदेउ ति अल्झिएका दोरिहरु
जब तिमी नै रहेनौ साथ दिन लाई
बाकी त छैन धेरै तर
तिमी माग्छौ भने मेरो मुटु
बचेकुचेका टुक्र समेती हतकेला मा म
थमाइदिउल है",81
410,Hidne Maanche Ladcha,The Shadows 'Nepal',nepali,"हिड्ने मान्छे लड्दछ
बिघ्न बाधा आइपर्दछ
विचलित हुनु हुदैन मान्छे
बिघ्न बाधा आइपर्छ
दुनिया ले धिक्कार्छ
विचलित नहुनु है
जे पर्छ त्यो टर्छ
बिघ्न बाधा आइपर्छ
दुनिया ले धिक्कार्छ
विचलित नहुनु है
जे पर्छ त्यो टर्छ
हिड्ने मान्छे लड्छ
हिड्ने मान्छे लड्छ
हिड्ने मान्छे लड्छ
हिड्ने मान्छे लड्छ
मिहिनेत गर्यो भने जंघार पनि तरिन्छ
जति छेकौ घाम लाई प्रकाश त छरिन्छ
मिहिनेत गर्यो भने जंघार पनि तरिन्छ
जति छेकौ घाम लाई प्रकाश त छरिन्छ
हिड्ने मान्छे लड्छ
हिड्ने मान्छे लड्छ
हिड्ने मान्छे लड्छ
हिड्ने मान्छे लड्छ",64
411,God Of Nephop,Uniq Poet,romanized,"ओरिजिनली टिटल्ड साधना, गोड ओएफ नेफोप आइएस आ ट्राइब्यूट टो थे लाटे यामा बुद्ध बाइ यूएनआईक पोएट. आइटी आइएस आ फ्युजन ओएफ राप एएनडी फ्लुट बक्स रेकर्डेड एटी ट्र्याप नेपाल. डाइरेक्टेड बाइ थे डम्ब... रिड मोर
सोमेथिङ न्यू
उ-एन-आई-क्यूएसडब्ल्यू
डिसेक्ट थिस कन्सेप्ट मेटाफिजिकली
स्टेप इन्साइड युर मिन्ड टो सी डिभिनिटी
आइएन-ट्युन्ड विथ थे इयेस ओएफ इन्फिनिटी
अनफोल्डिङ थे त्रुथ, ह्वो काउल्ड आई रियली बे?
99% ओएफ म्याटर आइएस नथिङ
व्हाइ युर एगो टेलिङ योउ टो कीप आइटी आ हन्ड्रेड
कीपिङ आइटी रियल आइएन इटसेल्फ आइएस आ लिए
ह्वेन इभरिथिङ आइएस इनर्जी एएनडी वेव्स आइएन डिसगाइज
ह्वो एएम आई? आई नीड क्लारिटी
एएम आई थे फ्लेश, थे बोन्स, थे एनाटोमी?
काउल्ड आई बे थे प्रोडक्ट ओएफ माइ फान्टासी?
ओर थे स्पिरिट अन्डरपिनिङ आइएन थिस रियालिटी?
भगवान को बर्दन चा येता
समर्पण को अर्थ तालाई के था
गोड ग्याङ! डिभाइन प्लान!
तारा मान्दिना हाताको रेखा
हा!
माइ मिन्ड आइएस गोने, बेयोन्ड लिके थे स्पेसशिप
वे आउट ओएफ थिस वर्चुअल क्लाउड ओएफ म्याट्रिक्स
होव आई सी आइटी आइएस सो ड्याम्न अमेजिङ
नथिङ आइएस रियल एएनडी आई एआइएन'टी फेकिङ
रियल रियलाइजेसन
सो लेट'स सोल्वे थिस इक्वेशन
आईएफ इभर्योन्स थे समे, थेरेस नो डिस्क्रिमिनेसन
फ्रोम ब्ल्याक टो व्हाइट, आईएफ वे काउल्ड स्प्रेड लोव अराउन्ड
थें व्हाइ डो वे हावे टो फाइट
लुक, आई वन्न बे थे ओने टो सेट एएन एक्साम्पल
गोट्टा बिग एनोउघ हर्ट थाट आई नेवर काउल्ड ह्यान्डल
सो, आई गिवे आइटी एएलएल टो माइ म्युजिक
इभरी वर्ड आइएस लिके एएन अरोव कमिङ आउट ओएफ क्युबिड
टो एएलएल थे फान्स, वाइटिङ ओन माइ न्यू शीत
इवेन थे ह्याटर्स लोव आइटी लिके होव डोएस हे डो थिस?
आई बीन थे मान इभर सिन्स आई प्लान्ड टो ब्रिङ हिप-होप आइएन थिस ल्यान्ड
माइ ड्याडी टाउगेट मे होव टो बे आ सिम्पल मान
थे रियासन व्हाइ आई नेवर रियली बीन आ मिडल फिंगर फाम",275
412,Stoner Life,Chirag Khadka,nepali,"या या या या या या या
या या या या या या या
थिस आइएस 5:55
या या या या या या या
बिहान देखी हप्प
काम धाम ठप्प
भोलेबाबा भन्दै तानिहाल्छु एक पफ
लाइफ पुरै राउघ
गर ठिक गफ
एकले पुगेन भने अर्को एक थप
के गर्ने लाइफ मा जहिले सोचिरख
चलिराछ जिन्दगीमा गहिरो बड लक
एकदिन त सबै कुरा आफै मिलिहाल्ला टक्क
त्यतिन्जेल लागी भन्छु, आई डोन'टी गिवे आ फक
यो हाम्रो स्टोनर लाइफ
यो हाम्रो स्टोनर लाइफ
यो हाम्रो स्टोनर लाइफ
यो हाम्रो स्टोनर लाइफ",73
413,Anountho Mutu,Sajjan Raj Vaidya,nepali,"ओने, टीडब्ल्यूओ, थ्री, फोउर
एकछिन भएर के भो त
तिमीलाई नदेखेको?
एकदम याद आई रहेछ
कुर्न नै गाह्रो भयो
तिमीलाई एकछिन एकछिनमा
फेरि मैले बोलाउँदा
नरिसाउनु माया
साह्रै अनौठो छ यो, ओह, मुटो मेरो
तिम्रो सम्झनामा दुल्दै, कल्पनाहरू बटुल्दै
तिम्रो नामलाई प्रेरणा बनाएर
सपना साजाएर, तिमी कहाँ ल्याएर
आई बस्छ तिम्रो अँगालोमा
एकचोटी भए पनि
राती निदाउनु अघि
भनि दिनु है माया
याद गरि रहेछौ कि
मलाई मैले तिमीलाई
सम्झि रहेको जस्तै
जति देखे नि तिमीलाई",58
414,Abasaad,The Shadows 'Nepal',nepali,"अनन्त संघर्ष बोकेर अवसादमा
मेरो साँचो रङहरु के बुझछन समाजले यहाँ
म भित्रको अर्को मान्छे म सँग लड्न खोज्छ
मलाई नै जित्न खोज्छ अनि डराउँछु म
म भित्रको अर्को मान्छे मलाई नै दबाउँछ
म सँगै जुध्न खोज्छ अनि डराउँछु म
जो भेट्छु सोध्छन् मलाई के छ मेरो खबर
झुक्किन्छु म समाल्छु तर म ठिकै छु
मेरो हरेक युद्धहरू म एक्लै नै लड्ने गर्छु
आफै नै जित्ने गर्छु आफै हार्छु म
मेरो हरेक पानाहरु अन्धकारले कोर्न गर्छन्
म एक्लै नै जुध्ने गर्छु तर जिउँदै छु म
म भित्रको रंगमंचमा, म आफै नै नाच्ने गर्छु
म आफै कराउँछु आफै निसासिन्छु
म भित्रको अर्को मान्छे म सँगै लड्न खोज्छ
म सँगै जुध्न खोज्छ अनि डराउँछु म",98
415,Flirty Maya,Neetesh Jung Kunwar,nepali,"सायिङ थाट लोव क्यान चाँगे आ मान, फ्लिर्टी माया, इन्टरप्रेट्स थे डिभोशन ओएफ आ मान टावार्ड्स हिस गर्ल. थे म्युजिक विदेओ ओएफ फ्लिर्टी माया गोट प्रिमियर्ड ओन नीतेश'स युट्युब च्यानल थाट फिचर्ड ज्योत्स्न योगी. ... रिड मोर
तिम्रो रङ्गिन त्यो भत्तामा-
मेरो ब्ल्याक एएनडी व्हाइट फोटो तिमी टासन
मेरो कोहिनि नहास्ने चुट्किलामा तिमी मुर्छा परी हाँस्न
गाउँन आउदैन मलाई तै नि तिमी छमछमी नाचन
त्यती पातली त छैनउ हाल्का बोसो लाग्या कम्मर भएनि भाचन
म परे पछि तिम्रो
तिमी पनि हल्का यता तिर हेरीदेउन
हे, रेला गर्या होइन मैले तिम्रो सबै कुरा म त मानदिउला
तिम्रो भुपु मायालुले दुःख दिए त्यसलाई घरमै गई हानिदिउला
खान्छु मात्र भन तिमी होटलमा लगि जे नि खान दिउला
डोरी भाको ब्लाउज लगाउ अनि पछिपछि आई डोरी तान् दिउला
म परे पछि तिम्रो
तिमी पनि हल्का यता तिर हेरीदेउन
सधै नै पछि तिम्रो
तिमी पनि हल्का यता तिर हेरीदेउन
ए हे, ला ला
ला-ला, ला-ला-ला-ला
हा, हा, हा, हा, हा
ला-ला, ला-ला-ला",146
416,Müghlan,Bipul Chettri,nepali,"कसलाई म के भन्ने?
कसले के बुझ्ने?
कसले के गर्ने?
ज्युन यहाँ गाह्रो भो
काम गरि खान यहा साह्रो भो
कस्तो यो कर्म मेरो?
भाग्य रैछ यस्तै हाम्रो
आहै, काम गरि खान साह्रो भो
आफ्नो देश छाडेर लागेछु म है बिदेशतिर
आफ्नो देश छाडेर लागेछु म है पर्देशतिर
कस्तो यो कर्म मेरो?
भाग्य रैछ यस्तै हाम्रो
आहै, म लागे विदेश तिर (लहै)
नौ डाँडा काटेर मुग्लानमा पस्यो कान्छा
गाउँ घर छाडेर (पस्यो कान्छा)
नौ डाँडा काटेर मुग्लानमा पस्यो कान्छा
गाउँ घर छाडेर (पस्यो कान्छा)
नौ डाँडा काटेर मुग्लानमा पस्यो कान्छा
गाउँ घर छाडेर (पस्यो कान्छा)",85
417,"Oct 24, 2019",VTEN,nepali,"एयी, एयी, येअह, येअह, एयी
सबै कुराहरू देखि राको जस्तो लाग्छ
फेरि आँखा अगाडि नै बिलाए जस्तो पनि लाग्छ
के भयो? केही थाहा छैन
मेरो दिमागमा विभिन्न सोचहरुले घोची राकाे
मैले धेरै किन यति साह्रो सोचिराको
म त भै सकेछु पागल
एयी, छिरे जब चौकी
एयी, देखे मैले फौजी
एयी, खोले मैले औँठी, खोले मैले प्यान्ट, खोले मैले घडी
सबै कुरा भुली, खोले मैले फुली
एयी, फुली खोले मैले नाकबाट
थाहा थिएन कहिले यस्तो पनि हुदो रहेछ
कप्स ले पनि मेरो गाना सुन्दो रैछ
मलाई के थाहा बाल थिएँन यस्तो कुरा
हेरी राथेँ, मुजी, म त यता-उता
हिडी राथेँ आफ्नै बाटो, ओ-ओ, आज झ्याप छु (किन?)
मुजी, पल्याच पुलुच के हो यस्तो पारा
मुजी, मन पर्दैन पारा छ त मेरो छाडा
गर्छु भन्थ्यो सोधपुछ, लग्यो मलाई उतातिर
लग्यो मलाई उता, सुरुमा खोली मैले जुत्ता
त्यसपछि थाहा छैन केही पनि (त्यसपछि थाहा छैन केही पनि)
अस्पताल पुग्दा सम्म, थिएँ म त एकलै
चारजना कप्स हरु चारैतिर
दिमाग सोच्न थाल्यो दुनियाँलाई बालै दिन
तँ आज भित्र जान्छस् राम्ररी जा
गएँ सिधा बाटो, त्यहाँ पनि सबै फिदा भाको
फर्किने बेला कप्स दाई फोटो खिच्न आको
झन् यो कुरा देख्दा मलाई दिक्क लाग्यो
त्यसपछि भोलीपल्टै, मैले बिदा पाको
सबैजना मलाई लिन आको, भन्यो मलाई दाइहरूले, ""तँ किन गाको?
खासमा डी.स.पीएसए. लाई अटोग्राफ दिन गाको
तर भित्र छिरेपछि मलाई लास्ट पीडा भाथियो
साला, त्यति बेला तिहार आको
विल्ड चिन्ता लाग्यो; म्याद थप गरी, सात दिन थुना भित्र खाद्यो
मायालुको यादमा मन खिन्न भाथियो
तर मुद्दा चल्यो अदालतको विसा लाग्यो",215
418,MA PA SE,VTEN,romanized,"हिजो रति 12 बजे मा-पा-से मा पेयरी मा
साथी संग राती सम्म चिल हाँदै ब्यासी मा
चिल हाँदै ब्यासी मा
घार आउदा बिचाए बाटो मा-पा-से मा पेयरी मा
हिजा रतिइ 12 बजे मा-पा-से मा पेयरी मा
सिधा बाटो हिडिराको बाटी बाली रोक्यो
मुख सुंगी लाइसेन्स ली जरिमान ठोक्यो
मेली वनी दै येतै साथी को मा गाको
निकै कार गर्दा, मात्र येउटा बीर खाको
नाटा मेली खाको छु ना कसैको पैसा चोरेर
नाटा मा हिडेको छु गाँजा चरेश बोकेर
नाटा मा झ्याप होउ ना मेरो आखा रातो
एक हजार लिनु मेरो लाइसेन्स को सातो
नमाजा ले फसिस केटीए ट्राफिक मा टा काडा हो
सिधा कुरा गार टीडब्ल्यू साला कति बोटल चडाको?
हेर्दै चोर जस्तो देख्छस् पारा टेरो गजेडी
घुस दिना खोज्छस् तालाई दारा लाग्दैन माह देखि
अजह्व उल्टै आखा तार्च
होस गार हाइए साला जाथा
नियम कानुन आजा बाट काडा भाचा
फेरी बाइक चोरी केस मा तालाई चिराई दिन्छु चार-पाँच बर्सा
टुवाल्ला मुख मा नहेयर मेली वन्य काम चडो गार टीडब्ल्यू",147
419,Ekantama,Mantra Band,nepali,"एकान्तमा किन किन
तिम्रै नै याद आउँछ
सम्झनामा अझै पनि
आँखा यो किन रसिन्छ
थाहा छ मलाई तिमी आउँदिनौ
तिमी कसैकी भई सकेछौ
तर किन किन फेरी सम्झन्छु
नदुखेको मुटुलाई किन दुखाउँछु
तर किन किन फेरी सम्झन्छु
नदुखेको मुटुलाई किन दुखाउँछु
एक्लै हिँड्दा कहिले कहिँ
तिमी नै साथमा पाउँछु
हिँड्दा हिँड्दै
बोल्द बोल्दै
एक्लै पाउँदा झसकन्छु
थाहा छ मलाई यो भ्रम हो
फेरी भेटिने आशा नै छैन
तर किन किन फेरी सम्झन्छु
नदुखेको मुटुलाई किन दुखाउँछु
तर किन किन फेरी सम्झन्छु
नदुखेको मुटुलाई किन दुखाउँछु",65
420,Oblivion,Jerusha Rai,romanized,"थेरे आई विल लौघ लिके आ चाइल्ड
एएनडी आई'एलएल स्लीप लिके आ बेबी
थेरे आई विल बे ओन माइ क्नीस
आई'एलएल बे ब्रोकेन एएनडी होली एएनडी फ्री
थेरे आई विल बिट ओन माइ चेस्ट एएनडी स्क्रिम
थेरे आई विल ह्विस्पर माइ स्टोरी
आई विल फोर्गेट ह्वो आई एएम
आई विल फोर्गेट ह्वाट आई'वे डोन
थेरे आई विल स्टार्ट आ फायर
आई विल सिङ अराउन्ड आइटी
थेरे आई विल डान्स
आई विल ड्राव पिक्चर्स आइएन थे स्यान्ड
थेरे आई विल टाके ओएफएफ माइ क्लोथेस
एएनडी थेरे आई विल टाके ओएफएफ माइ मास्क्स
एएनडी थेरे आई विल डाइव आइएन थे वाटर
थेरे आई विल सी गोड
आई विल फोर्गेट ह्वो आई एएम
आई विल फोर्गेट ह्वाट आई'वे डोन",103
421,2022,SACAR aka Lil Buddha,romanized,"योउ आरे थे टाइप ओएफ चिक आई काउल्ड बे डाउन फोर
बुट आई फ्राउन नो मोर आइओएन गोट नो टाइम नो मोर
आई गोट्टा बे ओन माइ बिजिनेस
आई ट्राइ टो बे डब्ल्यू आ कपल बड बिचेस बेफोर आइटी'स बीन रिडिक्युलस
थे ट्राइना ट्र्याप आ युङ किङ फ्रोम हिस फ्लोव्स
आई डोन'टी लिस्टेन नो मोर
प्ले थे बिट अगाइँ नोटो
शव्तु ओन माइ फोन आइएम जस्ट ट्राइना डो माइ शोव थो
आई डोन'टी नीड मोर आई जस्ट नीड मोर डाउग
क्युज, ह्वेरे आइएम फ्रोम थे ट्रेन्चेस, वासेन्ट नो ह्यान्डआउट्स
सो एनओडब्ल्यू ह्वेन थे फान आउट
आई टेन्ड टो क्र्याक एएनडी लौघ लाउड
एएनडी फोर थेसे एक्सेस ट्राइना बड माउथ
आई'वे वर्क्ड टु हार्ड फोर थिस उ क्यान नेवर ब्रिङ दात डाउन
फोर माइ क्याट्स एनओडब्ल्यू फोर माइ ब्रोथर्स फ्रोम थे ट्र्याप थाट आ ड्रिम नेवर ब्याक्ड डाउन
हाड आ फाद फोर प्याकिन मद र्याप्स
वे लुकिन स्ट्र्याप्प्ड एनओडब्ल्यू
केटीएम सिटी वे ताकिन ओवर थिस मद टाउन
आइओएन गोट नो टाइम फोर उ आइएन 2022
बेबी, आइटी'स 2022
आई एआइएन'टी गोट नो टाइम फोर योउ
फ्रन्टपेज न्यूज आई एआइएन'टी गोट नो टाइम फोर योउ
आइटी'स 2022 ह्वाट योउ टाल्किङ एबाउट बु?
इक्सटेसी आइएन थे प्यालेस",180
422,Bistarai,Bikki Gurung,nepali,"बिस्तारै साझ ढाल्न देउ
साझलाई ढाल्न देउ
बिस्तारै समयलाई यहि थाम्न देउ
समयलाई यहि थाम्न देउ
बिस्तारै धड्कनलाई बढ्न देउ
धड्कनलाई बढ्न देउ
बिस्तारै दुरीलाई घट्न देउ
दुरीलाई घट्न देउ
बिस्तारै, बिस्तारै
बिस्तारै, बिस्तारै
बिस्तारै, बिस्तारै
हम्म, मनमा माया छ मेरो
आँखा भरि आशा
भाग्यले नै जुडायको होला
हाम्रो यो भेट आज
बिस्तारै, बिस्तारै
बिस्तारै, बिस्तारै
बिस्तारै नजिक आउँन देउ
नजिक आउँन देउ
बिस्तारै तिम्रो हात थाम्न देउ
तिम्रो हात थाम्न देउ
बिस्तारै सास समाउन देउ
सास समाउन देउ
बिस्तारै तिम्रो ओठ चुम्न देउ
तिम्रो ओठ चुम्न देउ",64
423,Aakhako Bato,B-8eight,nepali,"दिन हप्ता महिना गर्दै आज हेर वर्षौ बित्यो (वर्षौ बित्यो)
तिम्रो साथमा मेरो मनले दुख पीडा सबै बिर्स्यो (सबै बिर्स्यो)
समय संगै हाम्रो सम्बन्धले नयाँ रुप लियो (रुप लियो)
साँचो भन्दा तिम्रो मायाले मलाई यति खुसी दियो (खुसी दियो)
आज थाहा पाए के हो तिमी मेरो निम्ती
अधुरो हुनेछु म तिमी नपाए देखि
खुसी तिमी मेरो एउटै चाहा मेरो
बानी नै भो मेरो अब माया तिम्रो
आँखाको बाटो हुदै मनमा बसेको छ
इन्द्रेनी धनुष बनि जिन्दगी नै रंगायो
तिमी नै अब मेरो झुल्केको बिहानी
तिमी बिना सक्दिन रमाउन खुसीमा नी
ओन्स उपोन आ टाइम यसरी नै सुरु भयो
एक कदम उसको, दुई कदम मेरो
कन्भर्सेसन स्टार्टेड एएनडी हेर वोइस आइएस किन्ड ओएफ मेलव
हेलो के छ? बेबी, आरे योउ सिङले?
क्यान वे माके यूपी सोमेथिङ सो वे क्यान बे थे कपल?
लवर्स पर्फेक्ट जोडी आउट ओएफ एएलएल ट्राउबल
युर पिक्चर आइएन माइ इयेस गोएस डाउन टो माइ हर्ट
आई'एम लेभिटेटेड टो थे स्काई योउ आरे डाउन टो थे अर्थ",147
424,Kaile Vetne Khai 2 (Nyasro),Almoda Rana Upreti,nepali,"त्यहीँ गल्लीमा हिँड्छु, आउँछु नयाँ केही छैन
सुनाउ न तिमीलाई के भन्नु त्यो नि थाहा छैन
त्यहीँ गल्लीमा हिँड्छु, आउँछु नयाँ केही छैन
कोसिस अझै गर्दै छु तर प्रगति भाछैन
राम्रो ठाउँमा उसले लग्छ होला मैले भन्दा
चिसो तिमी नखाऊ खोकी लाग्छ है, चन्दा
आज भोलि हाम्रो कुरा खासै हुदैन
थोरैथोरै मेरो न्यास्रो लाग्छ कि लाग्दैन?
आज भोलि हाम्रो कुरा खासै हुदैन
थोरैथोरै मेरो न्यास्रो लाग्छ कि लाग्दैन?
यहीँ बाटोमा सधैँ धाउँछु, नयाँ केही भाछैन
संसार कहाँ पुगी सक्यो रे, कति कुरा थाहा छैन
यहीँ बाटोमा सधैँ धाउँछु, नयाँ केही भाछैन
गुइटार यही बजाउँछु तर प्रगति भाछैन
राम्रोसँग उसले राख्या होला मैले भन्दा
टाउको दुःख छ, चस्मा लाउन नभुलनु है, चन्दा
आज भोलि हाम्रो कुरा खासै हुदैन
थोरैथोरै मेरो न्यास्रो लाग्छ कि लाग्दैन?
आज भोलि हाम्रो कुरा खासै हुदैन
थोरैथोरै मेरो न्यास्रो लाग्छ कि लाग्दैन?",119
425,Mellow,Rohit Shakya & Sajjan Raj Vaidya,nepali,"हिजोआज तिम्रोमेरो कुराकानी हुँदै
भोलीपर्सी मायाप्रिती बस्ने हो की कतै?
अहिलेलाई त राखीरहेछु सम्हालेर मुटु
तर भोली कतै तिमीले चोरी लाने होकी?
भन मात्रै, तिमीलाई के चाहिन्छ दिन्छु म सबै
तर छियाछिया मुटु मेरो नगरीदिनु है
तिमीलाई नै कुर्दाकुर्दै बित्ला है यो जिन्दगी
त्यसैले आउन माया छिटो...
कहिले कहीँ मध्य रातमा
तिम्रो यादले मलाई
उठाइदिन्छ फेरी सुत्नै नसकिने गरी
माया केहो थाहा थियो जस्तो लाग्थ्यो पहिले
येसरी नैले कसैलाई खोजे थिइन कहिले
भन मात्रै, तिमीलाई के चाहिन्छ दिन्छु म सबै
तर छियाछिया मुटु मेरो नगरीदिनु है
तिमीलाई नै कुर्दाकुर्दै बित्ला है यो जिन्दगी
त्यसैले आउन माया छिटो...",84
426,Timi,Yugal Gurung,nepali,"भन न
के तिमी बदलिन्छौ
समयको लहर
मा कता बग्नेछौ
दिनहरुले जोडीएको यो बर्षहरु
ले बनाउदैन केहि तिमीलाई
तिम्रो असल माया
गहिरो बेधना ले
बनाउछ तिमीलाई
एक्छिन सोचन
के तिमी भुलि
बिर्सिन्छौ कि
ति मिठा सम्झना
लामो रातहरुले
थपिएको यो दुरि ले
मेटाउदैन ति अनन्त पलहरु
तिम्रा ओइलिएका फूलहरु फेरी फुल्नेछन्
धैर रखी तिमी बस है
माया
सललल बगी रहन्छ
तिम्रो जिन्दगी
फननन घुमी रहन्छ
यो संसार दिनहरुले
जोडीएको यो बर्ष
तर माया ले जोडीएको हौ",52
427,Eklai Basda,Aruna Lama,nepali,"एक्लै बस्दा सधैं मलाई
सम्झना तिम्रो आइदिन्छ
सहन नसकी आँखाबाट
आँशु त्यसै झरिदिन्छ
आँशु त्यसै झरिदिन्छ
एक्लै बस्दा सधैं मलाई
सम्झना तिम्रो आइदिन्छ
सहन नसकी आँखाबाट
आँशु त्यसै झरिदिन्छ
आँशु त्यसै झरिदिन्छ
रोजेको थिएँ तिमीलाई मैले
आफ्नो नै बनाउछु भनि
रोजेको थिएँ तिमीलाई मैले
आफ्नो नै बनाउछु भनि
खोजेको थिएँ जिवनभरी
तिमीसँगै बिताउँछु भनी
तिमीसँगै बिताउँछु भनी
एक्लै बस्दा सधैं मलाई
सम्झना तिम्रो आइदिन्छ
सहन नसकी आँखाबाट
आँशु त्यसै झरिदिन्छ
आँशु त्यसै झरिदिन्छ",52
428,Aaja Samma,Bikki Gurung,nepali,"खै के हो माया भन्ने खै के हो पिरती
खै के हो माया भन्ने खै के हो पिरती
कसैलाई सुम्पेको थिए मैले मन एकचोटी
तोडेर आशा मेरो, छोडेर साथ
बिर्सेर बाटो उनि गयौ कतै आज
फर्केर आउछ भनि हेरेर बाटो, पर्खी रहेछु म भने
आज सम्म (आज सम्म)
आज सम्म (आज सम्म)
आज सम्म (आज सम्म)
आज सम्म (आज सम्म)
आँखा यी दुई आँखा
तिम्रै प्रतिक्षामा पर्खी रहेछ
रात र मेरो दिन
तिम्रै पर्खाइमा बितिरहेछ
खै के हो बाचा भन्ने, खै के हो बचन
कसैलाई सुम्पेको थे मैले मेरो यो मन
तोडेर माया मेरो, छोडेर हात
बिर्सेर मलाई उनि गयौ कतै आज?
फर्केर आउछ भनि हेरेर बाटो, पर्खी रहेछु म भने
आज सम्म
आज सम्म
आज सम्म
आज सम्म
आज सम्म",103
429,Sochchau K Mero Bare?,Bartika Eam Rai,nepali,"यो हल्ला, भीड, झिलिमिली
यो सबै सक्किन्छ नि? अनि?
सबै सक्किसकेपछि एक्लै बस्दा
के सोच्छौ तिमी? कसको बारे सोच्छौ तिमी?
के मेरो बारे कैले सोच्छौ तिमी?
नबोलेको धेरै भयो
मनमा सम्झी नै रहे
तिमी एक्लै हुँदा कैले
सोच्छौ के मेरो बारे?
के दुख्छ तिम्रो मुटु?
झरीमा म बिना रुझ्दा
महसुस हुन्छ के एक्लोपना
चन्द्रमा नभा'को रातमा?
तिमी खाली, म खाली
दुई रित्तो आत्माहरु
संसारभरि, वरिपरी
तैरने हो कसो गरि?
हुन्छ भोलि के?
आज यहि हो
दुनिया त घुमी नै रहन्छ
आउने जुनी मा तिम्रो र मेरो
के संगै लेखेको नाउँ छ?",79
430,Timro Yaad,The Edge Band,nepali,"फेरी तिम्रो याद आइरहेछ
सम्झनाले सताइ रहेछ
मनमा खुलदुली बढ्दै छ
आज तिमी आउने दिनहरू, पर्खि रहेछु
तिमी मेरो नै हौ भनेर, सम्झि कुरी बसेछु
कुरी बसेछु
एक्लै म अताली रहेछु
कल्पनामा दुबि रहेछु
मेरो यो मनमा तिमी नै आइ रहेछौ
बिताएका ति दिनहरू सम्झदै छु
भोलि को दिन कस्लो पो दोख्या छ र?
जहाँ छौ खुशीले बस ल
सारा संसार भुलि तिमीसंग हराउनु चाहान्छु म
आज तिमी आउने दिनहरू, पर्खि रहेछु
तिमी मेरो नै हौ भनेर, सम्झि कुरी बसेछु
कुरी बसेछु
ओ हो हो
कुरी बसेछु",71
431,Sanjeev Singh - Subash Timro,Genius Romanizations,romanized,"सुभास तिम्रो आयेर मलाई
किना चुन्चा किना चुन्चा
हर घडी याद तिम्रो मलाई
किना आउछ किना आउछ
प्रिय सुनाना के यो माया नै हो
प्रिय भननाना के यो माया नै हो
किना हेर्चन यी आँखा हरू
तिमी आउने बाटो हरू
तिमी भना मलाई यो के भाको
तिमी नै भना प्रिय गरु अबा मा के
किना यो मनमा बल्चा आगो
प्रिय सुनाना केही टा बोलाना
प्रिय केही मनका कुरा गराना
कसम खनेचु साथ मा दिनेछु
तिमीलाई हर जनम मा
चाटी यो चिरेर देखौ मा कसरी
ना दुखाउन मान यसरी
प्रिय आउन मेरो यो जीवन मा
प्रिय हुने चु मा
तिम्रो नै हर जनम मा",84
432,Ghyampe (Age Restricted),Neetesh Jung Kunwar,nepali,"हान्यो है हान्यो मलाई भट्टीको जलले
साउनीको पारा झनै लोभलाग्दो छ
हेर्दामा केटो अलि हुन्डरी भएनी
चिन्ता नलिनु यसको मन साँचो छ
घ्याम्पे
हान्यो है हान्यो मलाई भट्टीको जलले
साउनीको पारा झनै लोभलाग्दो छ
हेर्दामा केटो अलि हुन्डरी भएनी
चिन्ता नलिनु यसको मन साँचो छ
अस्ती मलाई ब्रेक यूपी दिँदै भनि मेरो एक्स ले
जहिले पनि मस्ती एएलएल योउ क्यारे आइएस एबाउट सेक्स,"" रे
मर्सिडेस बेन्ज रहेछ, त्यसको नयाँ दाते को
थमेल तिर घुम्थे अरे थाहा पाउनु नै लाटे भो
मलाई टिमिङ को बाल, ब्रो, माइ साइड चिक छ माल
सुन्दा घिन लाग्दो, तर सबको यस्तै हो ताल
भरियो फाके बुटी ले तेरो फेसबुक को वल
बढि माके यूपी, त्यस माथि कपिड क्याप्शन बबाल
अनि बोकाहरू मख्खै
कमेन्ट को पपेट नेट मा क्रान्तिकारी सबै
मुद्दा जितेकै भए फ्रिडम ओएफ स्पीच ले
समाजलाई प्रश्न हामी तोपेहरूको हक खै?
लै त है अब खाली भयो मेरो ग्लास भरी दे
बोटम्स यूपी, स्टामिना को हामीलाई कमि के? (कमि के?)
किन घंटि हानीराछे, मोरी, अघि देखि
बरु लेखिदेन काम पर्यो सोरी, बेबी, येअह",147
433,K Garne Life Ma,Chirag Khadka,nepali,"दोहोराउन चाहन्न म मेरा कैयौ गल्ती हरु
पैसा को प्यास मा बसि राछन रित्तो खल्ती हरु
देखावटी संसार मा प्रशस्त छन नौटंकि हरु
के अब सबलाई हेर्दै म पनि यहाँ नौटंकी गरु?
खै, के हो! यहाँ सब कुरा अचम्म
केही राम्रो भैहाल्छ कि हु? कुरेरै बसम न
अँध्यारो रात पर्ना साथ भैहाल्छु झसङ्ग
त्यो खुशी भन्ने चिज कहिले आइपुग्ला म सम्म
साइको, सोच हामी यहाँ खास के गर्न चाहिँ आएको?
ठूलो मान्छे भइन्न नट बान्दै मा त्यो टाइ को
तोप मा मात्रै होइन हामी लाइफ मै पनि हाइ हो
लाइव एएनडी लेट लाइव सबको आफ्नै यहाँ सोचाइ हो
शब्द छन प्रष्ट छन
गहिरो सोच प्रशस्त छन
नसोची बस्छु भन्दा नि
दिमाग मै अड्कि बस्द छन
परेला नि मस्त छन
अब गाह्रो कष्ट झन
तारा टिप्ने सोच तर
तारा पनि खस्द छन
के गर्ने लाइफ मा?
के गर्ने लाइफ मा?",121
434,Ma Dami Chhu,Samriddhi Rai,nepali,"म म्यागाजिन कवर को मोडेल हैन
36, 24 खै के के पनि छैन
आँखा बाबाको, नाक आमाको पाएँ रे
गाला घटाए म सुपरफ्लाई रे
हिड्दा हरिण झै चाल छैन मेरो
भन्छन्, ""केटा झै पारा यो के हो?
ठूलो हाँसो मेरो रोकेर रोकिन्न
सर्वगुण सम्पन्न पनि म देखिन्न
तै नि
म जे छु ठीकै त छु
म दामी छु (ओ-हो-हो), म दामी छु (ओ-हो-हो)
म दामी छु (ओ-हो-हो), म दामी छु (ओ-हो-हो)
गोरो मुलायम त्वचा मलाई चाहिँदैन
छालाले सुन्दरता मापन गर्न पाइदैन
बारुली कम्मर थियो अहिले नहोला
समयसंग न बदलिने को होला?
कहिले चिटिक्कै पर्छु, कहिले आफ्नै तालमा
पर्नु छैन दुनियाको यो माया जालमा
नारी राम्रो सारीमा पक्कै हो
छोटो मेरो स्कर्ट की तिम्रो सोचाइ त्यो?",107
435,Pagalpan,Yama Buddha,nepali,"यो कुरा सत्य हो, निकै प्रष्ट थियो
उनीमा उसको संसार सर्वस्व थियो
ऊ आफ्नो मायाको साचो भक्त थियो
उसको लागि त्यसको ठूलो अर्थ थियो
उनीलाई आफ्नो बनाउने उसको लक्ष्य थियो
तर सबै सपनाहरु व्यर्थ भो
उनीहरु बिचको मायाको नै अन्त्य भो
उसको मुटुको धड्कन बिस्तारै बन्द भो
ऊ अब तड्पन्छ, उनीलाई जब सम्झन्छ
ऊ मात्रै विरानो सबै तिर रम्झन्छ
उसमा न आशा न उमङ्ग छ
एक्लै आफ्नो कोठा भित्र बन्द छ
न केहि सुन्छ, न त केहि भन्द छ
उ आफैमा मौन र मन्द छ
ऊ एक पागल प्रेमी थियो
कसैले प्रेम मेटी दियो
त्यसैले होला आज पागलपन मात्र देखियो
ऊ भित्र भित्रै चाहन्छ
उनीलाई सबै राम्रो कुरा होस
उनको चाहना सबै पुरा होस्
उनको उसले भन्दा माया गर्ने बुढा होस्
तर यथार्थमा उसलाई कति पीडा हुदा हो
जब देख्छ उनीलाई अरु कसैको साथमा
उसको हात अरु कसैको हातमा
कति पोल्दो हो, उसको आत्मा
अब बस्छ सदैव, ऊ रक्सी र नसाको मातमा
सम्झिदै ती दिन जब उनी सङ्गै थिईन
संगै रुने हास्ने मर्ने बाच्ने कुरा गर्थिन
उसलाई लाग्थ्यो सायद सबै वाचा पुरा गर्छिन
धेरै माया मात्र दिन खोज्थ्यो हर दिन
तर उ नै पन्छिन आज नफर्किने गरी
सायद रुने गर्छिन बहकिने गरि
बोकेर मन भरी जलेका अभिलाषा
सायद यहि भयो उसको लागि प्रेमको परिभाषा",171
436,Kaha Janchau,Albatross,nepali,"यम र बुद्ध बिच चल्दैछ युद्ध
मानसिक कुरुक्षेत्रको मूर्त म
अन्तर्द्वन्द्व माैन मन्द बोलि चुप छ
वाक्य व्यक्त गर्दा व्याकरण पनि चुक्छ
बोल्छ बुद्ध, ""गर् जगतको भलाई
तर के काम भगवान, यो कलियुगको लडाई
आत्मा बेची हेर बरू बस्छस् डराई
जतासुकै जा भेटि हाल्छस् मलाई
संसारको जन्जालमा बाँधिएको
जिम्मेवारीले गुन्द्रुक झैँ खाँदिएको
पाकेको घाउ नुन चुकले साँधिएको
नकारात्मकताको चुम्बकले तानिएको
मेरो दिमागको नसा त्यो चुँडियो कि
यथार्थको सिमा पारि उडिइयोकी
सपना देख्दा सपनालेनै पुरिइयो कि
गन्तव्य नै के थ्यो पो भुलिइयो नि
कहाँ जन्छाैँ? कहाँ जन्छाैँ? हामी कहाँ जन्छाैँ? कहाँ जन्छाैँ?
कहाँ जन्छाैँ? कहाँ जन्छाैँ? हामी कहाँ जन्छाैँ? कहाँ जन्छाैँ?
कहाँ जन्छाैँ? कहाँ जन्छाैँ? हामी कहाँ जन्छाैँ? कहाँ जन्छाैँ?
कहाँ जन्छाैँ? कहाँ जन्छाैँ? हामी कहाँ जन्छाैँ? कहाँ जन्छाैँ?
अन्धकार, के हो अन्धकार तँलाई के थाहा?
बन्द झ्याल-ढोका अँधेरो कोठामा एक्लो केटा
फेरी आउन थाल्यो नकारात्मकता
भन्न थाल्यो मलाई छोडि भाग्छस् कहाँ?
आशावादी हाँसो तेरो नकाप न हो
किनकि सराप लाग्या छ तँलाई वास्तवमा, हाँ
त्यै भएर त आइस यो जुनी लिएर
झुण्डिएर मर्न पनि डर पोल्छ भत्भति, छटपटी रात भर
छैन भविष्यको भर, त्यस माथि वर्तमान पनि धमिलो
जिन्दगीको स्वाद खल्लो, टर्रो, अमिलो
विशाल बह्माण्डमा तँ एउटा सानो कमिलो
कमिलो खोल्छ चिनी—बढी पनि नमिठो
गाह्रो, अप्ठ्यारो, साह्रै असजिलो
कोट्याउँदै चोटलाई टोलाउँदै सोच्दै
यो पागलपनले कता पो डोयाउने हो, खै?",182
437,Farkanna Hola,John Rai,nepali,"अँ, दाइ, रिकर्ड हुँदै छ है?
एमएम, जिन्दगी बेकम्फुसे नै रैछ, कहिले काँ त कहिले काँ
कहिले आफ्नो मान्छे सधैँको लागि टाढा भइदिने
त कहिले टाढाको मान्छे पनि सधैँको लागि आफ्नो भइदिने
फर्कन्न होला अब म गएपछि उतैतिर
सम्झन्छु ल धेरै नै कहिलेकाहीँ सम्झिदिँदा
जिन्दगी बेकम्फुसे, कहिले काँ, कहिले काँ
छुट्नु छ, थाहा नै थ्यो, मनै त हो नि
जानेरै कि नजानेरै नजिक भइदियो
नचिनेको, नदेखेको मान्छे नि आफ्नैझैँ लाग्यो
टाढा-टाढा लान्छ कि समयले काँ तानेर?
शब्दहरूमै सुम्पन्छु, अट्दै अटेन भावना, भावना
जानेरै कि नजानेरै नजिक भइदियो
नचिनेको, नदेखेको मान्छे नि आफ्नैझैँ लाग्यो
फर्कन्न होला अब म गएपछि उतैतिर
सम्झन्छु ल धेरै नै कहिलेकाहीँ सम्झिदिँदा
तर यो फर्कन्न होला फेरि गर्ने?",98
438,Koshish,Albatross,nepali,"सोचेर मलाई भनन हामी यो कहाँ छौ
हामीले गर्न सके जती हामी त्यहाँ छौ
गरेर के नै गर्न सकिन्छ यहाँ
कोशिश गरे मात्र नै त केही फल पाइन्छ
तिमी जाउ पछी नहेरी अघि बढ
पाउनेछौ मलाई नै हरघडी
नदेउ तिमी मौका अरुलाई
हातै तान्न खोज्नेहरु
पिडाले सिकाउछ हामीलाई महत्व जीवनको
दुःख र अनुभव एकै हुन, भन्नलाई सजिलो
बितेका कुरा भुत भए खनेर पाइन्न
कोशिश गरे मात्र नै त केही फल पाईन्छ
तिमी जाउ पछी नहेरी अघि बढ
पाउनेछौ मलाई नै हरघडी
नदेउ तिमी मौका अरुलाई
हातै खान खोज्नेहरु",73
439,Sabai Thikai Hunchha,Astha Tamang-Maskey,nepali,"टुक्राटुक्रा भएको मनलाई
सम्हालेर हिँडेको छु म
चौबाटाहरुमा अल्मली उभिएको छु म
बाधाहरुलाई फुकाउदै
सपनाहरुलाई पच्छ्याउदै
हिँडेको छु म
धुजाधुजा मन टाल्ने जब कोशीस हुन्छ
आफैलाई सम्झाउछु सबै ठिकै हुन्छ
जब मनमा भर्खर नयाँ चोट लाग्छ
आफैलाई सम्झाउछु सबै ठिकै हुन्छ
सबै ठिकै हुन्छ, सबै ठिकै हुन्छ
सबै ठिकै हुन्छ
आसुँले आँखा मात्र भिझ्दैन सिरानी पनि भिझ्छ
नयाँ सित पुरानो चोट फेरी ताजा हुन्छ
धुजाधुजा मन टाल्ने जब कोशीस हुन्छ
आफैलाई सम्झाउछु सबै ठिकै हुन्छ
जब मनमा भर्खर नयाँ चोट लाग्छ
आफैलाई सम्झाउछु सबै ठिकै हुन्छ
सबै ठिकै हुन्छ, सबै ठिकै हुन्छ
सबै ठिकै हुन्छ",76
440,In love with you,Yabesh Thapa,romanized,"योउ लुक सो ब्युटीफूल
आइएन थाट स्वीटर
थे स्कार्फ योउ आरे वियरिङ
मेक्स आइटी जस्ट बिट बेटर
योउ लुक लिके आ सनफ्लोवर
एएनडी आई'एम टेम्पटेड टो पिक योउ यूपी
युर बिग ब्राइट इयेस
एएनडी युर शोर्ट हेयर
थे स्मीले योउ'रे वियरिङ
मेक्स योउ मोर थान पर्फेक्ट
डोन'टी ब्लुश लिके थाट
योउ'एलएल माके माइ हर्टबीट स्टप
एएनडी आई'वे बीन
ट्राइङ टो टेल योउ सोमेथिङ
थाट आई'वे गोट आइएन माइ मिन्ड
आई'एम बड एटी वर्ड्स
बुट क्यान योउ बे माइ सनशाइन
आई'एलएल टेल थे स्टार्स
होव ब्युटीफूल योउ आरे
एएनडी होव प्रेटी
योउ लुक आइएन थोसे स्कार्स
वे काउल्ड हावे सोमे कफी
ओर सोमेथिङ एलसे
टेल मे युर सेक्रेट्स
आई'एलएल कीप थेम साफे
एएनडी थेरे'स सोमेथिङ
आई हावे टो एडमिट टो योउ
आई'एम सोरी
बुट आई थिङ्क आई फेल आइएन लोव विथ योउ",114
441,Chautari Ma Basera,Aruna Lama,nepali,"चौतारीमा बसेर रुन पाउँ
मनको पिर आँसुले धुन पाउँ
गौँथलीको के घर के गाउँ
दुखियाको के थर, के नाउँ
पीपलले पालुवा फेर्यो, पुरानो भो वर
कर्मले ठगेपछी, बिरानो भो घर
पीपलले पालुवा फेर्यो, पुरानो भो वर
कर्मले ठगेपछी, बिरानो भो घर
दिनदशा वरवर हो
दिनदशा वरवर, संगीसाथी पर
न्याउलीको भाका सुन्ने, कल्लाई खाँचो छ र
चौतारीमा
बाँचु कति दोधारको, यस्तै जिन्दगानी
मनभरी आगो लिई, आँखाभरी पानी
बाँचु कति दोधारको, यस्तै जिन्दगानी
मनभरी आगो लिई, आँखाभरी पानी
पराईले मन भाँचे हो
पराईले मन भाँचे, आफन्तले जोड्ने
आफन्त नै वैरी भए, कस्लाई गुहार भन्ने",74
442,Timrai Tira,Apurva Tamang,nepali,"हावा चली रहेछ
मलाई तिम्रै तिर उडाई लैजाने
न्यानो लाग्छ मलाइ तिम्रो अंगालो
कि सधै बाधी राखने
चन्द्रमा झैँ उज्यालो
तिम्रो मुहार हेरिरहु झैँ लाग्छ
तिम्रो मुस्कान हेरी सबै दुख भुलिदिउ झैँ लाग्छ
हावा चली रहेछ
मलाई तिम्रै तिर उडाई लैजाने
मेरो लागि तिमि नै हो सबै
आज हो या भोलि
ब्यक्त गर्न सके गर्दिनथे
मेरो मन खोलि
सपना नि चाहिएन
विपनामा तिमि भए पुग्छ
बोल्न खोज्दा अझै पहिलो भेट जस्तो मुख नै सुख्छ
हावा चली रहेछ
मलाई तिम्रै तिर उडाई लैजाने
न्यानो लाग्छ मलाइ तिम्रो अंगालो
कि सधै बाधी राखने",72
443,Sahi Sahi Sahi,Chirag Khadka,nepali,"बिहान उठ्दा फूलको बुट्टा जुट्टा सही, सही, सही
(सही, सही, सही, सही, सही, सही)
नआइज मेरो छेउमा उता जा परै बस् म देखि, है, है, है
(है, है, है, है, है, है)
हिमालको चुचुरोमा बसि धुवा उडाउँदै छु लै, लै, लै (लै, लै, लै)
म आइ सकेँ अब मेरो बाटो छोड तँ खै, खै, खै (खै, खै, खै)
हामी जहिले पनि पीस मा
तँ जहिले पनि ठिस्
बना अर्को ठुलो रिजला
एकै शोट मा फिनिश
गीत बन्छ एकैछिनमा (गीत बन्छ एकैछिनमा)
एकैछिनमा रिलिज
के गरिस् तैँले स्सेन मा?
मैले गरेको देखिस् (मैले गरेको देखिस्)
डम्ब हाइ हात मेरो सिघ राप, योउ लिके थाट?
दिनदिनै नयाँ शब्दा आइराख्छ
म्युजिक गरिराको विवेस नि बढिराको, हाते गरे पनि निकै फाइदा छ
छेउमा बस्लास् पहिला लेएआ दश लाख
पैसा छैन भने कुरा नमिल्ने भो पुरा साइड लाग तँ
खसलास् तलतल खसलास् लाइफ ज्याकेट हैन तँलाई पराचुटे नै चाहिरा छ
तैँले गरिराको के हो, मैले गरिराको के?
धेरै सोचिराकोले हो आफैमा दुबिराको थिएँ
एकै बसिराकोले हो, चुप लागि बसिराको थिएँ
आकशको माथिमाथिमाथिमाथि अब मलाई उडिराको हेर्, येअह
तैँले गरिराको के हो, मैले गरिराको के?
धेरै सोचिराकोले हो आफैमा दुबिराको थिएँ
एकै बसिराकोले हो, चुप लागि बसिराको थिएँ
आकशको माथिमाथिमाथिमाथि अब मलाई उडिराको हेर्, येअह",184
444,Simsime Paani,VTEN,nepali,"सिमसिमे पानी र जिस्किने नानी (उही होइ, उही होइ, होइ)
छैन रहेछ, कान्छी, तिम्रो बिच्कीने बानी
आह, आह, आह, येअह
यसो एक दुईटा फोटो-सोटो खिच्दिम न हामी (सही होइ, सही होइ, होइ)
यतिकैमा, कान्छीले, किस दियो दामी
लैजान्छु बोकेर तिमीलाई आज म
किनकी तिमी छौ आजको रातमा
उठेर, बसेर, घुमेर नाँचन
तिमीलाई पनी मलाई जस्तै भईराहोला जहाँ सम्म
त्यसैले आउन आउ, तिमी भाउ नखाउन
हामी कुना काप्चा अध्यारो ठाऊँमा जाउन
त्यसपछी गरौला रातभरी मोज
मेरो बोका-बोका पारा कस्तो लाग्यो नी हो?
हे, नजाउन पर तिमी, नजाउन छोडेर
खाईदिन्छु म्वाइँ अब थुतुनै जोडेर
नजाउन पर तिमी, नजाउन छोडेर
नाँच बरु मसँग लजाउन छोडेर
हल्लाउदै चाक तिम्रो बोसोले भरेको
थररररर लौ ओहो के गरेको?
सही हो, सही हो, ल दामी-दामी-दामी
वरिपरी चाहियो मलाई राम्री-राम्री नानी, वु",113
445,Challenge,Yama Buddha,nepali,"गुन्जिरहन्छ्न कानमा बाबाको अन्तिम बचन
उहाँको तन मन सबै राष्ट्रमा समर्पण
कति रुन्छ यो मन, के रुन्थ्यो गगन
एक सहिदको लासमा देशद्रोहीको कफन
मेरो विधुवा आमाको उजाड सिउदोको कसम
म गर्दिन्छु खतम यी सबैलाई एक साथ
जित्न सक्ने छैन संसारले भएर एक हात
बल्छु हरेक रात बुबाको बदलाको आगोमा
सैतानको बास देख्छु मानिसको हासोमा
कायरको बाहुल्य छ बिर हरुको माटोमा
नआइज मेरो बाटोमा म तेरो काल हो
त जो सुकै भए पनि मलाई बाल हो
दया माया सबै मात्र एक ख्याल हो
मतलबीको जन्जाल हो हाम्रो समाज यो
रगत पसिना गर्छु म खादिन हरामको
जलाइ दिन्छु सबै हांगा म यो सरकारको
यो सरकारलार्इ एउटा च्यालेन्ज हो
यहाको सबै सिस्टम नियम कानुनलाई एउटा च्यालेन्ज हो
हर घुसखोरी नेतालाई एउटा च्यालेन्ज हो
आइटी'स आ च्यालेन्ज
येआ, आइटी'स आ च्यालेन्ज
म स्वयम काल आएपनि डराउदिन
दुखमा आतिन्न, म सुखमा रमाउदिन
जब सम्म कपुत जति खाल्टोमा खसाउदिन
म मेरो बाबाको अस्तु बगाउदिन
घुसियाले हात मागेमा लात दिन्छु
बरु म कालागोरा बिदेसीलाई साथ दिन्छु
धेर बोल्ने मुखहरुको दात भाच्दिन्छु
पुर्खाको सान कि मर्छु कि मार्दिन्छु
कि घाटी काट्दिन्छु, कि जिउदै गाडदिन्छु
सबै राष्ट्रिय सम्पत्ति चोरेर बरु बाडदिन्छु
नर्कमा जाक्दिन्छु एक-एकलाई
हास्दै रोक्दिन्छु बारुदको वेगलाई
कोइ चाईदैन म लड्नेछु एक्लै
चट्टानको छाती मेरो साहस छ बेग्लै
एक्लै म सबै जनाको बराबर छु
र म देव-देवी दैति बराबर हु",180
446,Miss Kollywood,B-8eight,nepali,"अदृश्य उनको आकर्शन, त्यस माथी उनको आचण
लोभ्याउने उनको प्रकृतिले मनमा उत्तपन्न भो विक्रिति
उनी हुन मिस कलीवुड, दाइने हातमा लाउइस ब्याग
खुट्टामा छ गुच्छी बुट
240 वोल्ट को झट्का दिने उनको रुप छ
चहल पहल उनको यस्तो सबै केटा चुप छ
हेराइमा क्यामेरुन, उनी हिंडाइमा एममा स्टोन
बोली उनको ओलिविया को, फिगर उनको जेसिका को
चर्चामा उनको पत्रकार घुम्द छ वोरीपरी
इसारैमा नचाउँछे, मोरीले, सिंगो राजधानी
लाइट, क्यामेरा, एक्शन,"" हलीवुड को एटिट्युड छ
क्यामेरा हुन्छ ओन; ""लाइट, क्यामेरा, एक्शन
नहेर त्यसरी (त्यसरी), नबोल यसरी (यसरी)
लाग्ला है मात उनको छड्को नजरले
उनको चालै दामी, नामै काफी, कसले चिन्दैन र?
उनको हेराई नै काफी, बोलाइमा मग्न को पो हुदैँन र?
स्टार्टेड फ्रोम थे बोटम, आई क्यान सी हेर ओन थे टपमोस्ट
अलवेज एटी आ नम्बर ओने, शे नेवर लोसेस थाट होट स्पोट
स्किनी बडी फिगर लिके आ उक टप मोडेल्स
शेस अलवेज थिस होट, आइटीएस आ कलीवुड फेवर
सुरुवात मेरो यसरी भयो हेर
शेस आ होट गर्ल, शेस हटर
प्लीज हष्टग एएनडी ट्विटर
आई क्यान बे युर हेरो, सी आई'एएलएल विलियन्स ल्याटर
शे आइएस ब्युटी, शे आइएस प्रेटी, शे कम्स आइएन डिफरेन्ट कलर्स
हि-फि एएनडी हि-टेच, शे आइएस अपग्रेड लिके फिचर्स
उसको हेराई किन्ड ओएफ क्रेजी
एएनडी शे पियरसेस मे लिके आ लेजर",182
447,Gahiro Akha 2,Normal Academic,nepali,"सोच्छु आज म प्रश्न
किन हो लड्दैछु म आफै भित्र
दिक्क छ यो मन किन
हरेश खाएको छु जिन्दगी सित
हरेक हरेक का आँखा देख्छु म अधुरो
यो गाठिएको जिन्दगी फुकाई हेर, बुझ्छौ
गहिरो गहिरो गहिरो
गहिरो आँखा
एकै एकैछिन पर्ख मलाई नि जिउन छ
पखेटा उडाई उड्नु छ
बादल माथि को संसार लाई हेर्नु छ
ऐना अगाडि नजर मिलाउन छ
यो गठिएको जिन्दगी फुकाई हेर, बुझ्छौ
गहिरो गहिरो गहिरो
गहिरो आँखा
कलकलाउँदो खोलामा बाढी पहिरो देखे
सितल दिने हावामा आधिहुरि भेटे
स्वार्थी तिम्रो पिरती मा जीवन जन्मी देखे
बुझ्नै नसकिने गहिरो आखामा
चिने...
चिने...",76
448,Ecstasy In The Palace,SACAR aka Lil Buddha,nepali,"निग्गस वान्ट टो कोम विथ आ च्यालेन्ज
इक्सटेसी नेफोप
निग्गस वान्ट टो कोम विथ आ च्यालेन्ज
आइटी'स गेम ओवर फोर योउ
लिल बुद्ध गोट आ बिग फकिङ रंगे रोवर फोर योउ
एएनडी आई अल्सो गोट आ फोर्चुनर
बे स्केयर्ड ह्वेन योउ हेर थे साउन्ड ओएफ लिटल बुद्ध
योउ गेट ह्वाट आई'एम सायिङ जे॰एस
आई एआइएन'टी प्लेइन जे॰एस
स्लीपिङ इयेस क्लोज्ड आईएफ थे हातिन मे
आई गोट आ बिग फकिङ फ्यामिली फोर योउ
लायन्स लायनेस वोल्वेस एनिमल्स फोर योउ
केटीएम टो न्यू योर्क सिटी डुडे वे मोव
जे॰एस कोम विथ थे ग्रुव आई कोम विथ थे न्यूज
थे आइसीओएन योउ चोओसे योउ माइट वान्ट टो मोव
आइएम हेडिङ ओएफएफ टो उक डोन्ट क्याल मे आई'एम ओन स्नुज
माफ गर्नु होला
आई सैद डोन'टी क्याल मे जस्ट क्याल जे
आई डोन'टी क्यारे होव योउ एएलएल प्ले
बेचौसे मे एएनडी जे॰एस वे माके बिट्स एएलएल-डे
स्मोक वीड एएलएल-डे
युर प्यालेस आइएस हाउन्टेड
आइटी'स कोल्ड आइएन थे प्यालेस गेटिङ ओल्ड आइएन थे प्यालेस
साउल्स गेटिङ सोल्ड आइएन थे प्यालेस
ट्राइ एसीटी बोल्ड आइएन थे प्यालेस
बुट युङ लायन्स आइएस थे बोस आइएन थे प्यालेस
पल यूपी विथ थे साउस आइएन थे प्यालेस
आई डोन'टी गिवे नो फक्स एबाउट युर होएस आइएन थे प्यालेस
फ्रिस्टीले राइम शव्स आइएन थे प्यालेस
मेकिङ लिङ्क्स विथ थे ब्रोस आइएन थे प्यालेस
बिलियनेयर्स उहा वे एएलएल आइएन थे प्यालेस
वे फ्लोस आइएन थे प्यालेस वे मोष्पित आइएन थे प्यालेस
वे पोप हिट्स आइएन थे प्यालेस वे माके हिट्स आइएन थे प्यालेस
आई डोन्ट सिप लिन आई जस्ट डो माइ डीएस आइएन थे प्यालेस
आई डोन'टी सिप लिन आई डो योगा
18 सिटी नेपाल टुर ह्वाट थे फक योउ नो ब्रुह
ओन आ फ्लाइट टो स्पेस निग्ग योउ क्यान क्याल मे योदा
बोर्न विथ आइटी आई डोन'टी हावे टो क्यारे एबाउट थे डाउग ब्रह
हिमालयन ब्रो ब्रुह लकी योउ शाउल्ड केएनओडब्ल्यू ब्रो
प्यालेस गेटिङ कोल्ड बुट आई हेट आइटी विथ माइ फ्लोव्स ब्रो
लिल बुद्ध थे डोन वितो दादा
एएनडी थे दादास गोट आ लोट ओएफ ओथर दादास
एएनडी ओउर दादास गोट मोर दादास
सो आईएफ योउ ट्राइङ टो फक विथ मे
जेक्सडेड
नाह ब्रह
बड आइडिया आई जस्ट हाड माइ रिफर
स्टोन्ड एएस फक आई जस्ट सिट विथ मद आइडिज
टीडब्ल्यूओ यियर्स आगो आइटी वास एएलएल आइडिज
एनओडब्ल्यू आइटी'स रियालिटी ट्राइ टो च्यालेन्ज मे",339
449,Hawaaijahaaj,Bartika Eam Rai,nepali,"के भोलि पनि येती नै गहिरिएर माया गर्नेछौ भन?
भोलि पनि येती नै धेरै वास्ता गर्न सक्छौ?
आँखा भरि, सधै भरि मेरै चाहना कोरि बसछौ?
भोलि पनि, भोलि पनि, भोलि पनि
जति टाढिए पनि आफ्नै बाध्यताले
मनै भरि साचेर राख्छौ भन न भावनालाई
नमारी जहिले खुला उड्न दिन्छौ भन न
वाचा हैन, हैन कसम तर सचिराख न मुटु भरि
तिम्रो टुक्रिएको मनलाई
नजिकबाट हेर्न देउ
चाहिएको माया सारा
तिमीलाई दिन सक्छु
तिमी चाहिँ नदि हौ न
म भनी खोलि बनौला
तिमी मा नै सुरु भई
तिमी मै अन्त्य हुन्छु
जति टाढिए पनि आफ्नै बाध्यताले
मनै भरि साचेर राख्छौ भन न भावनालाई
नमारी जहिले खुला उड्न दिन्छौ भन न
वाचा हैन, हैन कसम तर सचिराख न मुटु भरि",101
450,Phool Lai Sodhe,Aruna Lama,nepali,"फूललाई सोधेँ कहाँ गयो, कता गयो भमरा?
फूललाई सोधेँ कहाँ गयो, कता गयो भमरा?
लजाएर फूलले भन्यो, कहाँ गयो, कता लाग्यो
मेरो मन चोरिलग्यो त्यसैले, बैगुनीले
वनलाई सोधेँ कहाँ भाग्यो बादल?
वनलाई सोधेँ कहाँ भाग्यो बादल?
सुसाएर वनले भन्यो कहाँ गयो, कता लाग्यो
मेरो तन रुझाएर पानीले, बेइमानीले
मेरो मन चोरीलग्यो त्यसैले, बैगुनीले
गोरेटोलाई मैले सोधेँ कहाँ गयो बटुवा?
गोरेटोलाई मैले सोधेँ कहाँ गयो बटुवा?
समाएर उसले भन्यो कहाँ गयो, कता लाग्यो
मेरो मन चोरीलग्यो त्यसैले, बैगुनीले
खोला भन्छ निर्मोहीको त्यो मोहले नै गर्दा
बैँस गयो, उमेर गयो, खोजी हिँड्नुपर्दा
भेट्छु होला निष्ठुरीलाई त्यो घुम्तीतिर भनि
खोजी हिँड्छ अभागी त्यो बतासले पनि
कठै बरा, कसलाई होला बुझ्नै सकिन मैले
बित्यो युग यहाँ पर्खेको, अझै छैन फर्केको",104
451,Aghumai Saalai Ta,Trishna Gurung,nepali,"कलकली बग्छ आधी खोला
कसरी बुझाउने मन मेरो होला
साचेको जोभन खेरै जाला
आघुमै सालै त भेट हाम्रो होला
आघुमै सालै त (हो हो)
आघुमै सालै त
आघुमै सालै त (हो हो)
आघुमै सालै त
डाँडैको बत्तीहरु हेरिरहेछु
जहाँ छोडेथ्यौ त्यहीँ बसे छु
भेटौला माया बाचिए सम्म
पहिलो माया लाएकै ठाउँमा
आघुमै सालै त, हो
आघुमै सालै त
आघुमै सालै त, हो
आघुमै सालै त
बन पाखैमा रुझ्दै हिँडेको
उकाली चड्दा उनले बोकेको
सम्झिए माया यो ज्यान रहेसम्म
फर्केरै आउन यो हाम्रो गाउँमा",66
452,Maya Ma Yestai,Fuba Tamang,nepali,"ना ना ना ना ना ना
ना ना ना ना ना ना
ना ना ना ना ना येहाह!
ना ना ना ना ना ना
ना ना ना ना ना ना
ना ना ना ना ना येहाह!
चाहेर पनि तिमीलाई आफ्नो बनाउन सकिन
खोइ किन किन
चाहेर पनि तिमीलाई आफ्नो भन्न सकिन
खोइ किन किन
सायद
माया मा यस्तै हुन्छ कि
माया मा यस्तै हुन्छ कि
माया मा यस्तै हुन्छ कि
माया मा यस्तै हुन्छ कि
माया मा यस्तै हुन्छ कि
माया मा यस्तै हुन्छ कि
माया मा यस्तै हुन्छ कि
माया मा यस्तै हुन्छ कि",79
453,CHUROT (ADHA RAAT MA),Chintu,nepali,"आधा रातमा उठेको चुरोट तान्नलाई
यताउति खोजेको सलाई बाल्नलाई
झ्यालबाट उत्रेर कौसी झरें है
चिप्लो रहेछ भुईं सोल्टि झन्दै लडें है
एउटा हातमा चुरोट छ अर्को खल्तिमा
यस्तै रहेछ हेर सोल्टि चलन चल्तिमा
अध्याँरो छ चारैतिर कोरें सलाई
पल्ला घरको छिमेकीले देखे मलाई
भाषण दिन थाल्यो बुढो चुरोट नखारे
ज्यानको माया छैन भनि सार्है हकारे
मैले खाको तलाई के भो भनि फर्काएँ
मिन्ड युर बिजिनेस बुढो भनि त्यलाई थर्काएँ
छम्मालाई भ्यालेन्टाईन्समा दिएँ थिएँ मैले फोन
त्यै फोनमा अहिले गर्दा बीजी आयो टोन
अर्कै केटा छ कि क्या हो लाग्न थाल्यो डर
अचेलका केटिहरुको छैन केहि भर
ब्रेक यूपी दिने एमएसजी पठाई हुन्न अब भेट
पाँच वर्षको मायाप्रिती पाँच मिनेटमै चेट
चुरोट पनि सिध्यो सोल्टि भईसक्यो लाटे
सोल्टि लास्ट लाइन त लेख्नै बिर्से
मिलेन",103
454,Nau Lakh Taara Udaaye,Amber Gurung,nepali,"हो, नौ लाख तर उदाए, धर्तीको आकाश हाँसेछ
शरद लाग्यो बनमा, फुलले प्रीति गाँसेछ
नजली यहाँ झिलिली, मनको तारा निभेछ
गुराँस फुल्यो पहाडमा, मनको फुल झरेछ
नसम्झ आज नेपाली, सन्चोले यहाँ बाँचेको
काँडा कै माझ पहाडी, छैन र कहाँ हाँसेको
छैन र कहाँ हाँसेको
सुनको सपना आँसुमा, किन हो बाँधील्यायौ नि
घरको माया बिर्सेर, किन पो यहाँ आयौ नि
किन पो यहाँ आयौ नि
किन पो यहाँ आयौ नि
हो, मुटुको रगत एउटै हो, पिरको वह बेग्लै छ
हामीलाई यहाँ चिन्यौ कि, मनको चोट बेग्लै छ
नियाली हेर हामीलाई, भिजेको छैन परेला
आँसुले गह भिजाए, अरुले निर्धा सम्झेला
बुझ्छ र कस्ले रोएको मुटुमा काँडा लिएर
अरुका सारमा हाँसेको, आँसुका घुट्का पिएर
आँसुका घुट्का पिएर
पहाडी फुल नफक्री, किन हो चुँडिल्यायौ नि
मनको आगो निभाउन, किन पो यहाँ आयो नि
किन पो यहाँ आयो नि",114
455,Harayeko Maya,ShreeGo,nepali,"सिरिरी हावा सँगै
हाम्रो यो वेग बग्दै छ
मायाका कुरा बढ्दै छन्
आशाका किरण हरु पनि
आउ न सम्झाउ यो मनलाई
बुझ्दैन मायाका यी कुरा
बुझाई देऊ सुस्तरी यो मनलाई
मायाले बोलाएर
हाँसी राख तिमी
म पनि हाँसी राखौँला
टाढै बाट हेरी
तिमीसँग माया गाँसौँला
माया.. माया.. माया..
माया.. माया.. माया..
अब भावनाहरू त मात्र बाँकी छ है
कल्पनामा कल्पित संसार साची छ है
हाँसी राख माया तिमीलाई हसाई राखुँला
रुने भए मायालुलाई फकाई बसुला",60
456,Sleepless Night,Vek,romanized,"3 एएम आइएन थे मोर्निङ
आई वास ओभरथिङ्किङ एएनडी ड्राउनिङ
एएलएल माइ थाउगेट्स [?]
लोसिङ ओन माइ बियास साउल
थिस नेवर रियली ह्यापेन्ड बेफोर
येअह, वाकिङ यूपी टो सी योउ एआइएन'टी अराउन्ड एनीमोर
मेब आई'एम एडिक्टेड टो युर लोव
बेबी आई क्यान'टी गो टो स्लीप अनलेस योउ गिवे सोमे मोर
ओएफ युर किसेस, ओएफ युर हर्ट
मिस 'ईएम कर्वेस, एएनडी एएलएल युर लोव
बेबी आई मिस योउ
होल्ड मे टाइट, ब्रिङ्गिङ योउ टो माइ फेस
किसिङ ओन थे लिप
ब्लोविङ यूपी आइएन थे एआईआर
, बेबी आई मिस योउ, बेबी आई मिस योउ
किसिङ ओन थे लिप, किसिङ ओन थे लिप
ब्लोविङ यूपी आइएन थे एआईआर
, बेबी आई मिस योउ, बेबी आई मिस योउ
होल्ड मे टाइट, ब्रिङ्गिङ योउ टो माइ फेस
किसिङ ओन थे लिप
किसिङ ओन थे लिप
3 एएम आइएन थे मोर्निङ
आई वास ओभरथिङ्किङ एएनडी ड्राउनिङ
एएलएल माइ थाउगेट्स {?}
लोसिङ ओन माइ बियास साउल
थिस नेवर रियली ह्यापेन्ड बेफोर",133
457,Maya Maan Bhari,Trishna Gurung,nepali,"बाँसुरी धुन ए नि लै देउराली डाँडैमा
मायाले मेरो सम्झ्यो नि लै देख्छु म सपना
बाँसुरी धुन ए नि लै देउराली डाँडैमा
मायाले मेरो सम्झ्यो नि लै देख्छु म सपना
मायाले दिएको त्यो मीठो चिनो साँचि राख्नुछ
माया मन भरी, माया मन भरी
माया मन भरी, माया मन भरी
जूनतारा लाग्यो झलमल, दिनै छ घमाइलो
तिमी हुँदा साथैमा लाग्छ नि रमाइलो
मायाले सम्झिदा लाग्छ नि बाडुली
मायालाई बोलाउन गाउँछु म मारुनी
माया मन भरी, माया मन भरी
डाँडैको वरपिपल चौतारी, बिसाउँदै भारी
त्यो ज्यानलाई पर्खिबसेछु मै बाटो हेरी
मायाले सम्झिदा लाग्छ नि बाडुली
मायालाई बोलाउन गाउँछु म मारुनी
माया मन भरी, माया मन भरी
माया मन भरी, माया मन भरी",93
458,Deshnikala,Bartika Eam Rai,nepali,"ह्वेन ट्रान्सलेटेड मिनिङ आइएन एक्सीले, देशनिकाला आइएस थे लिड सिङले फ्रोम बर्तीका'स सेकेन्ड स्टुडियो ईपी, सी/मा- [ना] (सिमाना). हिवी गुइटार ड्राइभेन सोङ इन्टरपोलेट्स थे परसेप्सन ओएफ आ पर्सन रेसिडिङ आउटसाइड... रिड मोर
बाँचेसम्म यो सासको महत्व, कति सास रहन्छ?
मर्दा पर्नेलाई थाहा एकछिन हुन्छ
नबोलेसम्म यो बोली के साँच्चै शब्द गनिन्छ
बोल्न बन्देज हुनेलाई मात्र यो भेद थाहा हुन्छ
सास फेर्ने बहाना चाहिएको छ यहाँ गुमनाम शहरमा छायाँ बनी हिँडेकै छु
अस्ताएका चाहना अझै पनि सँगाली अरूकै पेटीमा आफ्नो औचित्य खोजेकै छु
बगिसके जहाजहरू, चिच्याएर कामै छैन
रोकिएर रोकिँदैन
गईसके पर, पर, पर, पर, पर
पर छु म—बिलाईसके
कागजको भाउमा इतिहासको लिलामी
साथ दिइहिँडेछु पुस्तौँको यो बर्बादी
सामूहिक यो हुनु त सबैको हो गल्ती
पश्चिमलाई देउता मान्ने मेरै समाजको प्रवृति
बगिसके जहाजहरू, चिच्याएर कामै छैन
रोकिएर रोकिँदैन
गईसके पर, पर, पर, पर, पर
पर छु म—बिलाईसके",121
459,Hawa Huree,Abhaya and the Steam Engines,nepali,"ती मिठा पलहरु याद आउँछ मलाई एकान्तमा सधै
समय कस्लाई कुर्छ र
चाहेका कुरा कस्लाई पुग्छ र
आहै लैजाउला हावा हुरीले तिम्रो लजालु जोवनलाई
(लै बरि लै)
शितल पवनको छाँयामा,अतितको यादमा,तिम्रो त्यो मुस्कानमा
मस्त माया हाम्रो फुलेन किन मुटुमा तिम्रो
आहै लैजाउला हावा हुरीले तिम्रो लजालु जोवनलाई
(लै बरि लै)
मौसम जस्तो तिम्रो मन वसन्त झै आएथेउ शिशिर बनी गयौं नि राजै)एक्स 2
डाफे खेल्ने, गुराँस फुल्ने, चाप फुल्ने मेरो देश
आउ है मैया नाचौ न छमछमी
बारुली कम्मर भाचौ न छमछमी (हुर हुर)
(लै बरि लै)
मौसम जस्तो तिम्रो मन वसन्त झै आएथेउ, शिशिर बनी गयौं नि राजै)एक्स 2
लै",96
460,JOGBANI,Brisk timos,romanized,"अजकाल किना र्यापर रे जो पानी..
आफै माथि आफै एउटा, जोके बनी..
थे ट्राइना एसीटी हार्ड, बुट थे सो फनी..
ग्याङ्गस्टर बन्ने हरूलाई, लागी बेचिदिन्छु जोगमणि!! एक्स2
भन मलाई को चाई यहा, डोपे छ नि?
ताह मारिस भने, मनाउदैनन् सोख पानी..
कोरोना भन्दा सिक, आये रोग सारी..
स्मोक एएलएल योउ इमसीज, आये मा टा टोफ बनी..
ब्याक विथ आ बाङ, मान आई ट्र्याप विथ थे ग्याङ..
ट्राइना स्ट्याक थिस मोनी यूपी आइएन, इलास्टिक ब्यान्ड्स..
नोन ओएफ योउ होमोस आइएलएल, ब्लड ग्रोव मोर स्किल्स..
क्याच मे आइएन माइ हुड, मान आई'एम लोकल स्टिल..
आई एआइएन'टी इवेन गोट्टा टाल्क, क्युज माइ वोकल किल्स..
फक एबाउट थे वेथर, मान आई'एम सो सो चिल्ल्ड!
कति बोलिराको भाई? लगाई दिन्छु तापे..
टेरो लास माथि टेकी, सालकै दिन्छु एक..
एएलएल ओएफ योउ फाके, कोइ नि बोल्दैनन् सत्य..
क्याल एएलएल युर म्याटेस, तेइनी हुन्चा यहा हत्या..
राम नाम सत्य, बाउ राम नाम सत्य..
जैले पानी हुन्चा दै को, काम धम भब्य!
अजकाल किना र्यापर रे जो पानी..
आफै माथि आफै एउटा, जोके बनी..
थे ट्राइना एसीटी हार्ड, बुट थे सो फनी..
ग्याङ्गस्टर बन्ने हरूलाई, लागी बेचिदिन्छु जोगमणि!! एक्स2",183
461,Kanchi,Jay Author,romanized,"थे वे योउ वर्क, आइटी सेज योउ गोट पोटेन्शियल ओन योउ
गारो मान्नु पर्दैन यो गीत सुन्दैमा
हाली-हाली बासा तिमी आफ्नै धुनमा, ओह
थे वे योउ वर्क, आइटी सेज योउ गोट पोटेन्शियल ओन योउ
गारो मान्नु पर्दैन यो गीत सुन्दैमा
हाली-हाली बासा तिमी आफ्नै धुनमा, ओह
गारो हो की, आफू हुना गारो हो की?
भित्र बाट साचो रूप निकाल्ने हो की?
नराम्रो म्यानी जस्तो बुट योउ लिके आइटी लोव के
सैद थाट योउ बीन गुड, वेल थाट'स अनटिल योउ क्नेव मे, येअह
आबाट भाँआ, एयी, मलाइनै भाँआ, एयी
वाउल्ड योउ लिके आइटी आईएफ आई गिवे योउ डिजाइनर्स, डोल्स गब्बना?
भिड को बीच मा पानी तिमिलाईनै देखिराख्ने
वन्न सी योउ कोम एएनडी विप आइटी, क्याल आइटी ड्राइभिङ क्रेजी
चोडिदेउ यो लुकाको चलना
आइटी'स ओकाय आईएफ योउ लेट गो थिस ओने टाइम, बेबी
म्यान मा भाको कुरा पुराउन
घोप्पी राखी बस्सी अफ्फाईलाई सताउने कुरा नगराना, एयी
थे वे योउ वर्क, आइटी सेज योउ गोट पोटेन्शियल ओन योउ
गारो मान्नु पर्दैन यो गीत सुन्दैमा
हाली-हाली बासा तिमी आफ्नै धुनमा, ओह
थे वे योउ वर्क, आइटी सेज योउ गोट पोटेन्शियल ओन योउ
गारो मान्नु पर्दैन यो गीत सुन्दैमा
हाली-हाली बासा तिमी आफ्नै धुनमा, ओह",176
462,Ashma,Neetesh Jung Kunwar,romanized,"मेरो एम्प्टी जिन्दगानी जाबा आयेव टीएमआई फुल वैदियो
मेरो रिसाउने बनी टीएमले गर्दा आजा कुल वैदियो
मेरो वैयात कुराकानी सुनी टीएमआरओ बोली साफ वैदियो
तिमी यीती होट चौ की हेरे पाँइ पानी बाफ वैदियो
मेरो मुख च्याड्नी बनी जाबा आयेव टीएमआई क्लिन वैदियो
साधै जोगिङ ग्यारी देखि हर्व वुदी पानी स्लिम वैदियो
टीएमआई किना येस्ती रामरी हर्व मान टीडब्ल्यू मेरो पाउसे वैदियो
टीएमआरओ मिठो मुस्कान नै मेरो बच्नु को काउस वैदियो
इई आशमा टीएमआई नै टीएमआई चौ सासमा
टीएमले वन्दा अगी मेली टीएमले मान पराको खासमा
बाचा गर्छु मा के॰एस साथ काएले चोड्ने चाइन
औला बादा अड्चन तारा एकलाए बाटो मोड्नी चाइन
हस्दै रा खेल्दै यो जिबन हामी बिताए दिउला
कुरा क्याट्नी खुट्टा ट्यानी मान्छे हरको कामी चाइन
जे वनी ने के॰एस वो रा हमलाए केइ को बाल चाइन
खुसी मेरो सबै लिनु आसु टीएमआरओ मा मेटौला
मेरो डोपे ट्यानी बनी टीएमले गर्दा आइले तोपे वैदियो
टीएमआई सँगाए बुडो हुनु मेरो ओने एएनडी ओन्ली होपे वैदियो",139
463,Sapanabhai Aankhama,Sadhana Sargam,nepali,"सपना भई आँखामा आउने को होला?
रहर भई मनमा बस्ने को होला?
चोरी लाने म देखि मलाई को होला?
सपना भई आँखामा आउने को होला?
रहर भई मनमा बस्ने को होला?
चोरी लाने म देखि मलाई को होला?
पवन सित सररररर उडेर
खोला सित सललललल बगेर
पवन सित सररररर उडेर
खोला सित सललललल बगेर
काँहा-काँहा उड्ने मन बाँधी लाने को होला?
सपना भई आँखामा आउने को होला?
रहर भई मनमा बस्ने को होला?
चोरी लाने म देखि मलाई को होला?
गुराँस फुल्ने पहराहरूमा
बतास भुल्ने छहराहरूमा
गुराँस फुल्ने पहराहरूमा
बतास भुल्ने छहराहरूमा
डुली रहने यो मन, चोरि लाने को होला?",93
464,Halla Chalechha,Raju Lama,nepali,"हल्ला चलेछ राजै चर्चा चलेछ
हल्ला चलेछ राजै चर्चा चलेछ
ओ... मै बिदेश जाँदा
बिदेशैमा बसेछ भनेर
उतैतिर घरजम भो भनेर
हल्लै हल्लाको संसार आउँदैछु म माया नमार
हल्लै हल्लाको संसार आउँदैछु म माया नमार
कसरी म भुल्छु नि लै लै
तिम्रो त्यो मायालाई
कसरी म भुल्छु नि लै लै
तिम्रो त्यो मायालाई
रोदिघरमा गाएको लै लै
लैबरि भाकालाई
ओहोओओओ
दैब साक्षी छ
माया मेरो सच्चै चोखो छ
माया मेरो सच्चै चोखो छ
हल्लै हल्लाको संसार आउँदैछु म माया नमार
हल्लै हल्लाको संसार आउँदैछु म माया नमार",69
465,La La La La,Bluesss,romanized,"ला, ला, ला अबा मा पानी गर्चु मेरा अधुरा सपना पुरा
उः, ला, ला, ला अबा ठहा हुदैछ काहा जानी भनेर यो हुल मा
ला, ला, ला गर्दै मा, ला, ला, ला भन्दै मा हुदै ना हो काम पुरा
आह, मा रा टा के नै फरक चा रा जाबा हामी आउटै बोट को फुला?
येअह
अल्ची पाँ लाई ""ब्ये, ब्ये
कनेक्टेड टो माइ ड्रिम्स लिके विफी
फ्युचर मे संग हाइ फाइव
आई'एम शुटिङ फोर थे स्टार लिके एससीआई-फि
कल्पना को क्षितिज बाट झर्नु चाइन ताला
गोट आ दाते विथ डेस्टिनी
आइएन एएन हाउर लेट मे क्याल हेर
रोव, रोव, रोव युर बोट
जेन्टली डाउन थे वाटर
लाइफ आइएस बुट आ ड्रिम सो सपना पुरा गरा
अबा देखि एटिन चाइन
खुसी मा मातिने चाइन
गरो चा वन्दै मा
बाटो चड दिने हैन",116
466,Taadhaa,Bartika Eam Rai,nepali,"थाहा भएन भोलि के हुन्छ भनी
डर लाग्ने कुराहरू त अझै छँदै छन नि
तर सोच्छु, आजभोलि दिनहरू घटिरहेछन् यहाँ
सोच्छु आफैलाई बाँचे मैले कस्तो गरी?
डराएरै सालो साला अरुकै निहुमा एकोहोरो
खेर फाले कि, आफ्नो एउटै जिन्दगीलाई?
भोलि आफ्नो आत्मालाई भेट्दा उत्तर के दिने होला?
कायर यो मुटुसित कति साथ बाँकी होला
तिमी मेरो सम्झनामा अँध्यारोमा एक्लो चन्द्रमा
तिमी मेरो सम्झनामा अँध्यारोमा एक्लो चन्द्रमा
तिमी मेरो सम्झनामा अँध्यारोमा एक्लो चन्द्रमा
थाहा भएन सुरु यो खै कसरी भयो?
भेटदा तिमीलाई सँगै हुन तयार थिइन म
तिमी आयौ यसो गरी पैलादेखि चिनेसरी
निकै पूर्व जन्ममा कतै केही बाचा बाँकी भए जस्तै
बुझिहाल्छौं यतिसम्म बाचामा बाँध्ने मान्छे म हैन
मात्र माग्दैछु यति सँगै सपना देखि बसुमन्?
पहाडहरू कैले नदी, कठिन लहर त आउने नै हो
जिन्दगी छोटो कैले अन्धकारले ढाक्ने नै हो।",117
467,Astha Tamang-Maskey - Sa Re Ga Ma Pa (English Translation),Genius English Translations,romanized,"ब्लू ओसिन
ब्लू स्किज
थे फिट आइएन माइ एम्ब्रेस टोडे
आइएन माइ एम्ब्रेस
गोल्डेन रेज
रेनबव कलर्स
एडोर्न माइ इयेस टोडे
माइ इयेस
आई डान्स्ड विथ थे टाइड्स
व्रोट युर नामे बाइ थे शोर
फुलिङ थे ओसिन वेव्स
विथ थे मिस्टेरियस सिंगिङ मर्मेड ओएफ थे सीईए
आई स्टार्टेड सिंगिङ अलोङ
डो-रे-मी-फा-सो
स्क्याटर्ड विथ थे क्लाउड्स
आई मिक्स्ड आइएन लिके आ स्वीट सेन्ट आइएन थे विन्ड
लिके आ स्वीट सेन्ट
आई फेल विथ थे वाटरफल्स
स्टप्ड थे विल्ड रेसिङ राइवर्स
टिड थेम बाइ बेकमिङ थे राइवर बैंक्स
आई वाल्क्ड टो मीत थे होराइजन
इलेटेड विथ ह्यापिनेस
आई स्टार्टेड सिंगिङ अलोङ",81
468,Reli Khola Bagara,Bharati Gajamer,nepali,"रेली खोला बगर, काफल पाक्यो लहर
माया आउन बसन, लाग्यो रहर
माया आउन बसन, लाग्यो रहर
रेली खोला बगर, काफल पाक्यो लहर
माया आउन बसन, लाग्यो रहर
माया आउन बसन, लाग्यो रहर
खोलाको किनार हाराहारी, माया सराबरी
खोलाको किनार हाराहारी, माया सराबरी
बैंशमा कस्तो रोग लाग्यो, हावा सरर
रेली खोला बगर, काफल पाक्यो लहर
माया आउन बसन, लाग्यो रहर
माया आउन बसन, लाग्यो रहर
रेली खोला बगर, काफल पाक्यो लहर
माया आउन बसन, लाग्यो रहर
माया आउन बसन, लाग्यो रहर
मर्नु र बाँच्नु सराबरी, के छ कडाकडि?
मर्नु र बाँच्नु सराबरी, के छ कडाकडि?
मुटु छल्न माया लाग्यो, आँशु तरर",85
469,Aankha Ma Aaune Sapani,Ekdev Limbu,nepali,"दाइ, ३६ चोटि भइसक्यो
अब त भाउजूलाई भनिदिनु, यार, प्लीज यार
कि तपाईंको छैन दाइ?
के भन्छ यो? हिम्मत भनेको दाइ, हिम्मत
दाइ, दाइ-दाइ-दाइ भाउजू आयो, भाउजू आयो, भाउजू आयो
कुराहरू दबिएर सबै मेरो मनमा छ
भन्नु अघि लेखे पनि शब्द सबै कम लाग्छ
कुराहरू दबिएर सबै मेरो, मेरो मनमा छ
भन्नु अघि लेखे पनि शब्द सबै, सबै कम लाग्छ
कान्छीलाई पाउने यो आशैमा दिनहरू यसै ढल्दै छ
आँखामा आउने यो सपना पूरा गराउने चाहना छ
आँखामा आउने सपनी कहिले पो पूरा हुन्छ नि?
मनले खाको कान्छीले कहिले पो माया लाउछ नि?
आँखामा आउने सपनी कहिले पो पूरा हुन्छ नि?
मनले खाको कान्छीले कहिले पो माया लाउछ नि?
किन-किन लाग्छ प्राण नै सिध्यो?
किन लाग्छ मन डरले ठित्यो?
लुकीलुकी तिम्रो हाँसोमा एकछिन-दुईछिन दिनै बित्यो
खै, कहिले बुझ्ने होला घरबार?
तिम्रो नै हाँसै अरू को छ र?
मायाको छापै लागोस् भाग्यमा
बैण्ड-बाजाई घुमाई दिउला सहर",137
470,Chaina Maile,Karma Band,nepali,"छैन मैले तिम्रो चित्त दुखाएको
छैन मैले तिमीलाई चोट पुराएको
लाग्छ भने हेर, मलाई माफ गरीदेउ
मलाई माफ गरीदेउ
किन बोल्छौ अरू सँग, ह्वोआ-ओह
सबै कुरा भने कै थिए
अंन्जानमा केही भुल भयो, ह्वोआ-ओह
माफी मैले मागे कै थिए
फेरी के कुराले तिम्रो मन दुख्यो
भन्दै भनिनौ, भन्दै भनिनौ
किन टाढा हुन खोज्याै? ह्वोआ-ओह
कसैको करले हो कि?
किन बोल्दा पनि बोल्दिनौ? ह्वोआ-ओह
कसैको डरले हो कि?
नत्र के कुराले तिम्रो मन फेर्यो
थाहै भएन, थाहै भएन
छैन मैले तिम्रो बिश्वास तोडेको
छैन मैले तिमीलाई पराई सम्झेको
लाग्छ भने हेर, मलाई माफ गरीदेउ
मलाई माफ गरीदेउ
मलाई माफ गरीदेउ
मलाई माफ गरीदेउ",87
471,Bir Gorkhali,Mantra Band,nepali,"गोर्खालीको छोरो हुँ म गोर्खे मेरो नाम
आई लाग्ने शत्रुको म गर्छु काम तमाम
इतिहास पल्टाई हेर या पुर्खालाई सोध
जितेकै छौ संसारलाई
अरुको जस्तै दुख छ हामीलाई
निर्दै त होइनै हामी पनि
वीर वीर वीर गोर्खाली
वीर वीर वीर गोर्खाली
पहाडको छोरो हुँ म
गोर्खे मेरो नाम
कहिले पानी कहिले घाम
खोले सिस्नु हाम्रो माम
अँगाल्छु जातिलाई संगीत र संस्कारलाई
गर्व छ मलाई आफ्नो पनमा
गाउछु पहाडैमा देउसी र भैलोमा
माटोको माया छदै छ नि
वीर वीर वीर गोर्खाली
वीर वीर वीर गोर्खाली
गोर्खालीको छोरो हुँ म गोर्खे मेरो नाम
आई लाग्ने शत्रुको म गर्छु काम तमाम
इतिहास पल्टाई हेर या पुर्खालाई सोध
जितेकै छौ संसारलाई
अरुको जस्तै दुख छ हामीलाई
निर्दै त होइनै हामी पनि
वीर वीर वीर गोर्खाली
वीर वीर वीर गोर्खाली",100
472,K Timi Malai,Fuba Tamang,romanized,"के तिमी मलाई
यसरी नै साथ दिन्छौ के
के तिमी मलाई
यसरी नै माया गर्चौ के
मलाई ठहा चा कति माया
तिमी गर्चौ मलाई
आशा चा तिमी जडाइनौ
मलाई एकलाई बनायी
बिश्वास गरेको चु माइले
सबै भन्दा तिमीलाई
भुल्दै नौ होला नि
हाम्रो सारा बाचा हरू लाई
निस्चल चा निस्वार्थ चा
हामी दुबै को माया
तेसैले नपारोस् कसैको पापी छाया
सो तिमी बुझा हाई हाम्रो यो चोखो मायालाई
एएनडी आई प्रोमाइज योउ नेवर एएनडी इभर माके योउ सीआरआई
सक्दिन आँशु हेर्न तिम्रो त्यो गजालु आँखमा
मात्र हसो चनाचु तिम्रो त्यो गुलाबी ओठमा
संसारको सारा सुखा तिम्रो सामु ल्याउने चु
यो सारा जेवन भर तिम्रो साथमा रहने चु
तिमी जीवनभर मेरो साथमा रहनु
कहिले पानी मा बाट तिमी ताधा नभै दिनु
तिम्रो माया मालिया साधै भरि बाढी नै रहोस्
हाम्रो चोखो माया सताउ जन्मा भरि अमर रहोस्",112
473,Karnali (The River),Arthur Gunn,nepali,"के नै पायौ तिमीले अन्धकारलाई अपनाएर
मनमा भाको कुराहरु सबै मनभित्रै राखेर
हरायौ आफैमा तिमी, कसलाई खोजी राको छौ?
बिन्ती छ जीवन खेर नफाल, अमुल्य यो समय भो
सबैको साथ तिमी मेरो मुटुको फुल
जीवन नै साची छ चाहन्न तिमीलाई भुल्न
बित्यो है तिम्रो बाल्यकाल आगनीमा खेलेर
जवानी जती मायालाई मायामा नै मरेर
घाउ छ गहिरो बग्यो कर्णाली बेदनाको
देखाउ तिम्रा ब्यथा यसै नी माया त धेरैले लग्यो
सबैको साथ तिमी मेरो मुटुको फुल
जीवन नै साची छ चाहन्न तिमीलाई भुल्न
भन्दै थियौ हिजोको दिन केही समय भो आफैबाट टाढा भएको
जब ती यादहरु आउछन हावा झै, सब क्रोध जती सही भो
यि गोडा हातहरु स्थिर छन यिनका आफ्नै चालमा
राख तिम्रो हात मेरोमा नाचौ हामी आफ्नै तालमा",104
474,Vana Matra,Shuprim Gelang Magar,romanized,"तिमी वना मात्र जादो महिना मणि डेली नुहाइदेउला
औला कति रगताले सिन्दुर लैदेउला
चाम चामी नाचा बारु मा गीत गाइदेउलाप
एउटै प्लेट मा दुबैले मोमो खाइदेउला
तिमी वना मात्र जादो महिना मणि डेली नुहाइदेउला
औला कति रगताले सिन्दुर लैदेउला
चाम चामी नाचा बारु मा गीत गाइदेउलाप
एउटै प्लेट मा दुबैले मोमो खाइदेउला
तिम्रो लागी हरामी अरू को लागी सोझो
तिम्रै लागी वनी बसेछु माता चोखो
थाक्दिन मा टा हेर्रिराडा तिम्रो फोटो
मा परे बिरामी तिमी चाई मेरो रोग हो
तिमले सारी लाको फोटो वलपेपर मा हालेछु
तिमी डोग लोभर तेसैले कुकुर नि पालेछु
तिमी कति रामरी तारा मा वनी चाई काले छु
काले वाये पानी मलाई माया गरी हाल्नेछौ
2 3 बर्सा जेठी चौ तारा मलाई बाल वायेन
उमेर एउटा अनका हो येसले फरक पार्दैन
अरू को कुरा तेस्तै हो तिम्रो चाई तार्दैन
साधै साथ दिइराखा कैले पानी हार्दैन",120
475,Si Ma Na,Bartika Eam Rai,nepali,"उड्ने रहर उसको कल्पनाभरि
दिन-रात-साल सपनाभरि
बनेर चरी आकाशै-आकाश डुल्ने
जमीनमै सिमित भए म सधैं हू पानी
सिमाना कोरी सपना खोस्ने
जिउँदै यो आत्माको यहाँ औकाद तोक्ने
ऊ कति सक्षम छ, असक्षम कति
उसको क्षमताको अन्दाजी गर्न हौ को तिमी?
बगिजाने सिमाना, पग्लीजाने सिमाना
उडिजाने सिमाना, मेटीजाने सिमाना
बगिजाने सिमाना, पग्लीजाने सिमाना
उडिजाने सिमाना, मेटीजाने सिमाना
उडिजाने माटो, बगिजाने पानी
चलिरहेको मुटुलाई कागजमा बाँधी
कहाँको अधिकारले कसको लागि बनायौं
सि—मा—ना
सि—मा—ना",59
476,Timi Nai Hau,Mantra Band,nepali,"जब आउछु तिम्रो सामु बिर्सन्छु अतीत लाई
संसार त्यही नै हो प्रिय, मेरो यो मन पनि
तर लाग्छ फेरि किन आज संसार रंगिन
कि आखाको हो यो सपना, कि हो साचो यो विपना?
कि तिमी नै हौ चाहना मेरो, जिउने बहाना मेरो?
कि तिमी नै हौ संगीत मेरो, कि तिमी नै हौ भनिदेउ?
जब हात तिम्रो समाउछु बिर्सन्छु रोदन लाई
संसार त्यही नै हो प्रिय, मेरो नयन पनि
तर भिज्दैन किन आज यो परेली?
कि हो भ्रम माया मेरो, कि हो साचो भावना?
कि तिमी नै हौ चाहना मेरो, जिउने बहाना मेरो?
कि तिमी नै हौ संगीत मेरो, कि तिमी नै हौ भनिदेउ?
तिमिलाई नै सुम्पे जीवन यो मेरो
तिमिलाई नै ठाने जीवनसाथी मेरो, मेरि मायालु
तिमिलाई नै सुम्पे जीवन यो मेरो
तिमिलाई नै ठाने जीवनसाथी माया(हा हा)
कि तिमी नै हौ चाहना मेरो, जिउने बहाना मेरो?
कि तिमी नै हौ संगीत मेरो, कि तिमी नै हौ भनिदेउ?",141
477,Lahure,Chhewang Lama,nepali,"केवल तिमी नै मेरो प्रेरणा
केवल तिमी नै मेरो प्रेरणा
विन्ती तिमी पनि मलाई हेरन
कस्तो माया तिमि संग बस्यो
तिम्रो सपना आँखामै सज्यो
केवल तिमीनै मेरो प्रेरणा
विन्ती तिमी पनि मलाई हेरन
तिम्रो मनमा मेरो माया छ हेर
तिम्रो जवानीलाई किन फल्छौ खेर
आउ तिमि आउ हामीसंगै रमाउ
पिरती गासौला
आउ तिमि आउ हामीसंगै रमाउ
छ्म्छमी नाचौला
मर्छु भन मेरो लागि
मै पनि मरुला
कस्तो माया तिमि संग बस्यो
तिम्रो सपना आँखामै सज्यो
केवल तिमीनै मेरो प्रेरणा
विन्ती तिमी पनि मलाई हेरन",65
478,Shabda Haru,Prajina,romanized,"नजिकिदै तिम्रो मुहार
सास हरू मिसिदै गये
बस्न ले तिम्रो मा रंगी सकेचु
संगीत टा तिम्रो धुन मा ब्यागी
माटो पानी सुन बन्ने
घम तिम्रो आखा चुमे पाची
बाटो मा देखे जाति फूल टाइप
तिमीलाई दिना भनेर प्रिये
के मा भनु मात्र यी नै
ब्यक्त यी भावा कसरी गरु?
...
अल्झी बसेका बोली मेरा
तिम्रो अघि माइले सुल्झै दिये
मुस्कान ले तिम्रो दिनै उज्यालो
तेची चित्र मुटु मा बोकी रहे
जाबा संख इर्ष्या
मेरो मान लाई लुटचा
के गर्चौ तिमी?
साधै झै बोलाउ हाई मलाई
साधै झै आफ्नो भनी",72
479,Yam Baral - Aba Chot Harule Piroldaina Malai,Genius Romanizations,romanized,"माया ले येस्तरी मार्यो
लाउन नि भुटुक्कै पार्यो
यो सोझो गाउले को छोरोलाई
माया ले येस्तरी मार्यो
लाउन नि भुटुक्कै पार्यो
यो सोझो गाउले को छोरोलाई
अबा चोट हरू ले पिरोल्दैन मलाई
गहिरो घाउ छातीमै छ
अबा चोट हरू ले पिरोल्दैन मलाई
गहिरो घाउ छातीमै छ
खोटाल्ने बिथोल्ने नगर्नु मलाई
येसैमा कसैको प्यार अल्झेको छ
येसैमा कसैको प्यार अल्झेको छ
अबा चोट हरू ले पिरोल्दैन मलाई",53
480,Jhari,Swoopna Suman,nepali,"हो हो हो हो
म्हा, एचएमएम' म्हा
हो हो हो हो
म्ह्म्म म्हा
साउने झरीको साथ
तितामिठा बोकी यादहरू
हिड्दैछु बाटोको माझ
भिजेछ मन, भिजेछ मन आज मेरो
पानीका थोपाहरू बर्सिन्छन्, हेरन याद बनि
भोलिके हुने हो सोचेर आतिन्छु घरिघरि
भिजेछ मन' भिजेछ मन आज मेरो
कोही आएर लैजाउन
निन्द्रामा छु मलाई बिउझाउन
चिसो यो हात मेरो समाउन
यो भिडमा बिन्ती मलाई नछोडन
भिज्न चाहान्छु मन बोकेर एक्लै आज
रूझ्न चाहान्छु याद माझ एक्लै आज
हे-हे-हे-हे-हे-हे, आ-हा-हा-हा-आ
ना-ना-ना-ना-ना-ना-ना
हे-हे-हे-हे-हे-हे, आ-हा-हा-हा-आ
ना-ना-ना-ना-ना-ना-ना",91
481,Neela Akash,Bipul Chettri,nepali,"नीला आकाश
बादलहरू छरिएछ
आज, आज फेरी यहाँ
सम्झनामा तिम्रो यो मन डुबेछ
प्रियासी, प्रियसी, कहाँ छौ तिमी? छौ कहाँ?
कुरेछु म यहाँ जुनी भरि
कहिले मेट्ने यो तिर्सना?
दिन रात, दिन रात
तिम्रै नाउँ लिइ, छ चाहना
साँचो, साँचै छौ कि तिमी?
साँचो हौ कि तिमी या हौ कल्पना?
एक्लो छु म संसारमा
खाचो धेरै तिम्रो छ यहाँ
आईदेउ यो जुनीमा
साकारिदेउ मेरो सपना
नीला आकाश
तिमी बिना सुन्यता
आज, आज फेरी यहाँ
कल्पनामा तिम्रो यो मन डुबेछ",65
482,Deurali,Naren Limbu,nepali,"धेरै पो भएछ, बर्सौ बिति सकेछ
तिमीलाई मैले भेटेको अनि माया गासेको
देउराली मा बसेको, मिठो कुरा गरेको
अलि अलि तिमी लजाको, बिस्तारै नजिक भएको
छितिज संगै रमाएको, तिम्रो हात समाएको
गोधुली संगै त्यो तिम्रो सिर मेरो काध मा ढलकाको
हास्दै रमाउदै बसेको , लड्दै पड्दै हिडेको
कसम हरु खाएको,मिठो सपना बुनेको
छिन् छिन् मै तिमी रिसाको, तिमीलाई मैले फकाएको
अनि मुस्कुरौदै तिमी फेरी, मेरो अँगालो मा बाधिएको
देउराली मा बसेको,मिठो कुरा गरेको
अलि अलि तिमी लजाको, बिस्तारै नजिक भएको
छितिज संगै रमाएको, तिम्रो हात समाएको
गोधुली संगै त्यो तिम्रो सिर मेरो काध मा ढलकाको
खुसियाली बाडी बाकि जिवन बिताउला हामि
आभारी छु है तिमी प्रति म बनिदियौ मेरो जीवन साथि",97
483,Samaya,Monkey Temple Nepal,nepali,"समय बितेको थाहै भएन
जीवनको यो वेग रोकिएन
गन्तव्य त्यहाँ एकै किनारमा
म माझमा पुगे कि ?
घाम झुलेकेको थाहै भएन
अर्को दिनको पर्खाइमा
म त हिँडे, हिँडे
म त हिँडे, हिँडे
ज्ञान मात्र तिमीले सिक्ने छैनौ
केवल किताबको पानाबाट
परिवर्तन यो समयको
समयले सिकाउँछ जीवनको महत्व
घाम झुलेकेको थाहै भएन
अर्को दिनको पर्खाइमा
म त हिँडे, हिँडे
म त हिँडे, हिँडे
साथीभाइ मेरा इष्टमित्र सबै
छरिएर बिरानो भएछन्
तर सधैं एउटा नयाँ उज्यालो लिई
जीवनको नयाँ मोडमा
परिवर्तन त केवल एउटै जीवनको भाग नै हो
सिमित रूप मै भएपनि तिमीले बुझ्ने छौ
यो जीवनको कुनै मोडमा
जीवनको कुनै मोडमा",77
484,Sochyo Kasaile?,Kavi G,romanized,"सोच्यौ कसैले एसरी बेसरी कोइ आउचा वनेर वना
ताइले सोचे वन्दा बादी माइले भोगिसके
ताइले खोके वन्दा बादी माइले गरिसके
तेसैले टा बडिरहे मा अगाडी
ना हत्तरी ना अट्टल्ली
ना बाट्टरी ना नबत्तासी
मलाई आत्थसी प्रति घन्टा किलोमित्रै ले हप्ता दिन
लाग्ने चा कान सम्म पुग्न लाई मुजी
राख्ने रा आतमा मा बुढा लाई तारा
पाउदैनस् सन्ती टा फूल चडाई
अनि धूप जलाई थोरै दुध खनै
केइ हुदैन चा रा ढुङ्गा मा देउता रा
फेरिन्न बेला मा चेहेर रा बेउरा
मा थाकिसके मलाई पुगिसक्यो
मा हारिसके मलाई पुगिसक्यो रा टा
सुनिरयो वन्ने जुनी गयो
ताइले गरेको के॰एस?
माइले बुजिना हेर
बोक्रा एलएलе झुक्काउदै बस्न टा देखाउन वित्र को गुडी ना फेर
ताइले गरеको के॰एस?
माइले बुजिना हेर
बोक्रा ले झुक्काउदै बस्न टा देखाउन वित्र को गुडी ना फेर",109
485,Aasha,Sushant KC,nepali,"जता हेर्यो दुखै दुख साटीदै
फकाएर चल्ने दिन गयो
सोच्दा सोच्दै मन आतिदै
यो गुफामा किरण को अनुरोग
आज देखि मलाई
नभन है बाहिर के भयो
बसिरहने छु घर बरु
आफ्नै परिवारहरु संगै
आमा बुवा र भाई
कसैको दिदि बैनीहरु
आफ्नो नभएनि उनकै खुसि का लागि
छ मन्जुर... सबै
भन्दा भन्दै नि मानेन मन
जान्दा जान्दै हेल्चाक्राए झन्
को हो दोसी या को हो असल
जता हेर्यो त्यतै तिर हासो ले
ढाकी रहेको छन आँसु
बोक्दा बोक्दै अब थाकी सके
इ आशा, बाद्यता र झुट
आउछ है नानु आउने यो गुफामा किरण को अनुरोग",75
486,Lakhau Hajarau (Remix),Nepz Flo',romanized,"किना? सताइरहन्छ तिम्रै यादा ले मलाई घरी घरी?
घुमिरहन्छन् तिम्रै दृश्य मेरो वोरीपारि
बिर्सिन्छु आफैलाई खाइ के॰एस वायो मलाई आजवोली?
सर्वश्रेस्थ लाग्छ तिम्रै रूप अनि तिम्रो त्यो बोली
पागल टा हैन, तारा पागल झै बर्बराउदैछु
प्रेम को गीत ले छुन्न भन्थे मा, तारा आफै गाउदैछु
एकलो यो जिन्दगीमा तिम्रो साथ ले रमाउदैछु
हामी दुई को सानो सुन्दर संसार मा सजाउदैछु
तिमी पानी येसै गरी मेरो याद मा तड्पिन्छौ के॰एस ?
येदी माया मेजी वनी तिमी पानी दिन्छौ के॰एस टा?
जिन्दगी को गोरेटोमा मेरो साथमा हिन्छौ के॰एस टा?
सारा पिडा लिन्छु बारु खुसी तिमी दिन्छौ के॰एस टा?
करोडौं मुस्काँ म्याड्ढी तिम्रै मुस्कान नै छ, प्यारो
नदेख्दा सुन्या लाग्यो, नहेरी बस्न साह्रो
भुल्न खोज्छु तारा जाति कोशिश गरेनी हुन्छ गरो
आतिन्छु तिमी नहुँदा सायेद मेरो बाच्ने अधार होउ
तिमलाई सम्झेर हुन्छ दिनको सुरुवात रा अन्त्य
एकलो जिन्दगीमा माया अनि खुसी चाहन्थे
सपनाको दुनियामा तिम्रो राजा मा ब्यान्थे
तिमी रानी बन्थ्येउ हाम्रो छुट्टै कथा मा राच्थे
कुराकानी हाम्रो दामी कैलेई मान्दिना मा झरको
जानी जानी मान दुखाउने कहिलेई गर्दिन जमरको
मेरोलागी तिमी सबथोक, तिमी रानी मेरो मनको
एक हातले संसार जित्चु लाग्छ थामी दिये अरको
येती गढा तिम्रो माया, बनु लाग्छ तिम्रै छाया
मात्र तिमी पाये पुग्छ, गर्दिन मा दया बाया
येदी तिमी फुल मुन वाये मा त्यो पूर्णिमा को रात हुन
कहिलेई एकलो फील नगरा प्रिय, सन्धै तिम्रो साथ छु!",196
487,Sabaile Bhanthe,Aruna Lama,nepali,"सबैले भन्थे मायालु फूल भई आँखमा फूल्छु
कर्मैले हजुर आँशुमा म फूले
कर्मैले हजुर आँशुमा म फूले
म आफै भन्थे जिन्दगी आफ्नै हातले लेख्छु
कुन मनले हजुर गितमा म भुँले
कुन मनले हजुर गितमा म भुँले
सुन्दछु मेरो यही धर्ती भित्र आफ्नै छ रागत
पाउँदिन तर कोही पनि आफ्नो बेग्लै छ जगत
देख्नेले भन्थे उडेर एकदिन आकाश छुन्छु
कुन दिनले हजुर उड्न नै म भुलेँ
कुन दिनले हजुर उड्न नै म भुलेँ
न घर मेरो, न वन मेरो, यै मनले म एक्लो
मुहार मेरो सबैको जस्तो आँशुले म बेग्लो
लहरले भन्थ्यो बगेर एकदिन सागर पुग्छु
दिनले हजुर खोला मै म सुके
दिनले हजुर खोला मै म सुके",92
488,Birahale Royeko,Aruna Lama,nepali,"विरहले रोएको रातमा
तिर्सनाले छोएको छातिमा
सधैं नजलाऊ मलाई
मुटु दुखेको बेलामा
सधैं नजलाऊ मलाई
मुटु दुखेको बेलामा
विरहले रोएको रातमा
तिर्सनाले छोएको छातिमा
सधैं नजलाऊ मलाई
मुटु दुखेको बेलामा
सधैं नजलाऊ मलाई
मुटु दुखेको बेलामा
मायाको डोरी बाट्दैथे
पराई आँखाले काटेछ
मायाको डोरी बाट्दैथे
पराई आँखाले काटेछ
हुरी बतासलाई छेक्दैथे
हुरी बतासलाई छेक्दैथे
बिचैमा पर्दा फाटेछ
विरहले रोएको रातमा
तिर्सनाले छोएको छातिमा
सधैं नजलाऊ मलाई
मुटु दुखेको बेलामा
सधैं नजलाऊ मलाई
मुटु दुखेको बेलामा",51
489,Timilai,Kelsang Shrestha,nepali,"थाहा छैन मलाई, कसरी भन्नु यो?
मनको कुरा सबै, त्यसैले
म भित्रैबाट भनीरहेछु सुन
गीतको अर्थ
मायालु, तिमीलाई माया सधैं गर्छु म
मायालु तिमीलाई, मात्र तिमीलाई
तिमी भए म खुशी सधैं
दुःख पनि सुख जस्तै
अन्धकारमा इन्द्रेणी बनि
झरी पछि चैत
मायालु, तिमीलाई माया सधैं गर्छु म
मायालु तिमीलाई, मात्र तिमीलाई
मात्र तिमीलाई
तिम्रो र मेरो, हाम्रो कथाको
पाना भरि जाऊ न
तिम्रै अंगालोको स्पर्शलाई
घर भन्न पाउ म
अनुहार चाउरीएको सम्मै
गाउछु हाम्रो धुन यो",59
490,Ghadi,Mc Flo,nepali,"पहिला सुरु
कोहि थिएन मेरो सधै एक्लै थिए म बसिराको
हिप हप गित मेरो कानमा हुन्थ्यो घन्कीराको
त्यो कालो रातमा तारा हेर्दै छतमा पल्टिराको
अनेक प्रश्नहरु मेरो मनमा हुन्थ्यो चलिराको
पहिला सुरु
कोहि थिएन मेरो सधै एक्लै थिए म बसिराको
हिप हप गित मेरो कानमा हुन्थ्यो घन्कीराको
त्यो कालो रातमा तारा हेर्दै छतमा पल्टिराको
अनेक प्रश्नहरु मेरो मनमा हुन्थ्यो चलिराको
छैन मैले घडि लाको, थाहा पाईन समय गाको
जिवन - बाच्न गारो भो' मेरो मनले भनिराथ्यो
बहिर पानि परीराथ्यो, झरीमा म निस्के रुझ्दै भिज्न
सक्छु मैले टिक्ने, बसे भने जित छ
आफै बोक्दै जिम्मेवारी खसे पनि ठिक छ
सर्प भित्र बिष अनि मान्छे भित्र ईख छ
मित्रहरुको भेषमा यहा घुम्ने गर्छन गिध्द
तर मलाई थाह छ मुला के छ तेरो भित्र
पहिला सुरु
कोहि थिएन मेरो सधै एक्लै थिए म बसिराको
हिप हप गित मेरो कानमा हुन्थ्यो घन्कीराको
त्यो कालो रातमा तारा हेर्दै छतमा पल्टिराको
अनेक प्रश्नहरु मेरो मनमा हुन्थ्यो चलिराको
कोहि थिएन मेरो सधै एक्लै थिए म बसिराको
हिप हप गित मेरो कानमा हुन्थ्यो घन्कीराको
त्यो कालो रातमा तारा हेर्दै छतमा पल्टिराको
अनेक प्रश्नहरु मेरो मनमा हुन्थ्यो चलिराको",152
491,Aakash,Mantra Band,nepali,"निलो आकाश छुने सपना साकार हुनेछ
तिमिलाई रुवाउने यो संसार तिम्रै हुनेछ
दोबाटो मा कहिले लड्न सक्छौ
आफैलाई तिमी सम्हाल
मान्छे नै हौ तिमी कमजोरी हुन्छ
आफैमा तिमी भरोसा राख
अटल हिमाल झै कहिले नझुक्नु
आधी हुरी आएपनी
गहिरो सागर झै कहिले नसुक्नु
प्रलय नै आएपनी
अल्झाउला तिमिलाई अतितले पछि नफर्क
हार होइन तिम्रै जित छ केही दिन पर्ख
दोबाटो मा कहिले लड्न सक्छौ
आफैलाई तिमी सम्हाल
मान्छे नै हौ तिमी कमजोरी हुन्छ
आफैमा तिमी भरोसा राख
अटल हिमाल झै कहिले नझुक्नु
आधी हुरी आएपनी
गहिरो सागर झै कहिले नसुक्नु
प्रलय नै आएपनी
दोबाटो मा कहिले लड्न सक्छौ
आफैलाई तिमी सम्हाल
मान्छे नै हौ तिमी कमजोरी हुन्छ
आफैमा तिमी भरोसा राख
अटल हिमाल झै कहिले नझुक्नु
आधी हुरी आएपनी
गहिरो सागर झै कहिले नसुक्नु
प्रलय नै आएपनी
अटल हिमाल झै कहिले नझुक्नु
आधी हुरी आएपनी
गहिरो सागर झै कहिले नसुक्नु
प्रलय नै आएपनी",112
492,Katai Uslai,Bipul Chettri,nepali,"कतै उसलाई भेट्टायौ भने
भन्दिनु है सोध्धै थिए
खबर यो मेरो सुनाइ देउ है
म नी यहाँ ठिकै नै छु
बाँचेको छु, हाँसेकै छु
पिउँदा कहिले उसलाई समझद छु
कतै उसलाई भेट्टायौ भने
भनिदिनु है भुलेको छुइन
त्यो बाटो त्यो हिंड्दाको सांझा
त्यो रातो कुर्ता लगाएकी
आँखाको गाजल मेटिएकि
आँशुले भिजेको त्यो अँगालो
कतै उसलाई भेट्टायौ भने
भन्दिनु है कति आए
कति गए जीवनमा ऊ पछि
तर ऊ जस्तै कोहि थिएन
ऊ जस्तै कोहि पाईन
ऊ जस्तो कोहि आएन
कतै उसलाई भेट्टायौ भने
भन्दिनु है माया त
साँचो गरेको थिए मैले
तर भाग्यनै मेरो कस्तो
नजुटेको थियो जस्तो
भनेको जस्तो कसको हुन्छ र",80
493,Bhijla Hai Pareli,Xorem Chen Tamang,nepali,"एचएम-एचएम-एचएम-एचएम-एचएम-एचएमएम
ना-ना-ना-ना-ना
भिज्ला है परेली तिम्रो, मेरो यादमा
यो कस्तो माया लायौ जिन्दगीमा
भिज्ला है परेली तिम्रो, मेरो यादमा
यो कस्तो माया लायौ जिन्दगीमा
कसम तिमीले खायौ गोरेटोमा
सब छोडी टाढा भयौ दोबाटोमा, दोबाटोमा
एचएम, बाटोमा
भुल्न त सक्छौ हृदयबाट
फेरी नयाँ साथी रोज्छौ त्यही बाटोमा
भुल्न त सक्छौ हृदयबाट
फेरी नयाँ साथी रोज्छौ त्यही बाटोमा
बाटो त त्यही हुन्छ हिँड्ने
भिज्ला है परेली तिम्रो, अतितको यादले
मेरो यादले, ना-ना-ना, यादले
ना-ना-ना-ना-ना, ना-ना-ना-ना-ना
ना-ना-ना-ना-ना, ना-ना-ना-ना-ना",85
494,Timile,Sushant KC,nepali,"आकाशबाट पानी पर्यो झमझम
रुझ्न जाम हामी पनि,"" भनि बोलायाै तिमीले
भिज्न त मन थिएँन, बुझ्न तिम्रो मन आए म पनि
अनि हात समाइ घुमायौ तिमीले
हराए म तिम्रै दुनियाँमा, एमएमएम
सजाए सपना तिम्रै साथ
मेरो सपना कि परी यहाँ जादुँ गरी
नआउ मेरो सामु घरीघरी
यहाँ नाना थरीका कुरा चलछन्
चलछन् मेरो मनमा भरीभरी
टाके मे टो आ प्लेस आई नेवर क्नेव
ह्वेरे थे वर्ल्ड आइएस जस्ट सो सिम्पल
आई क्यान ओन्ली स्टेयर एटी योउ
आई वन्न सी थे स्टार्स एबोव थे ग्रेजिङ ल्यान्ड
ह्वेरे वे लिए टो प्रिटेन्ड, योउ एएनडी मे ओन्ली एक्सिस्ट
वे काउल्ड डो एनिथिङ वे वन्न डो
से एनी सोङ, आई'डी सिङ टो योउ, एमएमएम
वे काउल्ड डो एनिथिङ वे वन्न डो
से एनी सोङ, आई'डी सिङ टो योउ
ह्वेन आई सी योउ स्मीले योउ टाके माइ ब्रेथ अवे
प्लीज बे राइट बाइ माइ साइड इभरी डे
आईएफ योउ वन्न कोम क्लोज आई वान्ट योउ यूपी
इभरी टच युर हेयर मेक्स माइ हर्ट-बिट स्टप",140
495,Pratikchya,Vek,nepali,"येअह, आई जस्ट वन्न होल्ड युर ह्यान्ड
टाके मे टो युर परादिसे
आई वान्ट योउ टो लोव मे ब्याक, बेबी गर्ल
एएलएल आइएन लोव, नो हाते नो लिए
प्रतिक्ष्यामा भुली रहन्छु म
कुन दिन यो? कुन् बार हो?
कता छु म? खै के भो मलाई?
तैरि रहन देउ मलाई तिम्रो मायाको सागरमा मलाई
गहिरो त्यो भावनाहरू बुझ्ने प्रयास खेर नजाला की?
आई जस्ट वन्न होल्ड युर ह्यान्ड
टाके मे टो युर परादिसे
आई वान्ट योउ टो लोव मे ब्याक, बेबी गर्ल
एएलएल आइएन लोव, नो, एआइएन'टी नो लिए
आई जस्ट वन्न होल्ड युर ह्यान्ड
टाके मे टो युर परादिसे
आई वान्ट योउ टो लोव मे ब्याक, बेबी गर्ल
एएलएल आइएन लोव, नो हाते नो लिए
वोह, बेबी गर्ल, नो हाते नो लिए
टाके माइ ह्यान्ड टाके मे टो युर परादिसे",116
496,Manav Nai Danav,Albatross,nepali,"बदलिँदो भाव भन्छ
दोषी बदलिदो मन
दुनियालाई देखाई दिन्छु
के सोचेछस? भन्छ पो झन्
बिर्सेर छाडिस कि चिन्न (नभनि जान है दिन्न)
बिर्सेर छाडिस कि चिन्न (नभनि जान है दिन्न)
हाम्रै माझमा
मानवै दानव, मानवै दानव
हाम्रै समाजमा
मानवै दानव, मानवै दानव
हाम्रै माझमा
मानवै दानव, मानवै दानव
हाम्रै समाजमा
मानवै दानव, मानवै दानव
बदलिँदो समय भन्छा
दोषी बदलिँदो चलन
आफुले त गर्न सकिन
अरुले गरेकोमा जलन
गुण तेरो अब म गाउँदिन (ठक्कर नखाए बुद्धि आउनदैन)
गुण तेरो अब म गाउँदिन (ठक्कर नखाए बुद्धि आउनदैन)",69
497,Vanana Matra,John Rai,nepali,"मान्नु हेल्प है
रा-पा-री-रा-रा, रा-पा-री-रा-रा, रा-रा
भन न मात्र, म गरिदिउँला
तिम्रै हुँ म त तिम्रै रहुँला, माया
धेरै टाढा छु म त, बिर्सेको छुइन
हृदयमै छौ त, तिमी नै, अरू होइन
ढाँट्न मन केही छैन तिम्लाई, केही पनि
हावाझैँ उडी याँ आइदेऊ न
यतै राख्छु ल, जान दिन्न, माया
कति-कति गाह्रो रहेछ तिमीबिना यहाँ
आँखाका (आँखाका, आँखाका) प्रतीक्षा तिमी (प्रतीक्षा हौ तिमी)
तिमी नै हो, छैन कोही पनि
भुल्दिन (भुल्दिन, भुल्दिन), भुल्न सक्दिन
यी शब्द-शब्दमा तिमी छौ जस्तो लाग्छ
रा-पा-री-रा-रा, रा-रा-रा-रा-रा, रा-रा
रा-पा-री-रा-रा, रा-पा-री-रा-रा, रा-रा, एचएम
र, अब फर्किऊँ",104
498,Sacar Padhikari,Ease is Easy,romanized,"यो!!
हेल्लो!!
माइ नामे आइएस ??
हाइ माइ नामे आइएस, ह्वाट ??
माइ नामे आइएस ह्वो??
येअह!!
हेल्लो ??
थिस आइएस गोड!!
आई'एम सोरी
थिस आइएस इज
यो तबाही हो, नाटक हरू बीच एक नारद
वकालत गर्दै ब्यासी, कमेन्ट्स बन्यो अदालत
बिदेशीकरण हैन पैसा गन्दै बास्नी हलत
टेरो नेफोप को गाडी ले पायेछ नया चालक
टा आगो फुक्ने हैन, झोल पिउने परिस बालक
मात्र तथ्य हरू भुक्चु, बन्नु चाइन मलाई बाधक
सबै धनी देखिने, आचरण बन्दैछ घटक
मात्र राजा को खुर्सी पाउन पागलपन को नाटक
यो बिरोध हैन, लोव चाइन टेरो रोटी को
तारा बुद्ध लाई बेचे, टा आफ्नेई देश मा धोती हो
काला लाई पैसा कुरा मानसिक रोगी को
ताज को अधिकारी बित्न ताजस्ता नेइ दोषी हो
यो लोवी को राज्य, आईबी नाम को अधार हो
भावना के॰एस बुझ्चस् मर्या लाश टा लाचार थियो
क्वीन को मैदाँ आइजा केटा हरू बाल हो
एक मिलियन भेदा पैस, ला टेरो सपना सचार भो!!!",133
499,Timiley,Samir Shrestha,nepali,"कसरी भनूँ म तिमीलाई माया गर्छु म?
कसरी पोखूँ मेरा यी भावना जुन छन् तिमीप्रति?
हावालाई भनी पठाऊँ कि साउने झरीको वर्षालाई?
पत्रमा लेखी पठाऊँ कि आजाद हुलाकु पन्छीलाई?
तिमीले, तिमीले
मेरो मन चोरी लग्यौ तिमीले
तिमीले, तिमीले
मेरो मन चोरी लग्यौ तिमीले
खोलाको दोभानझैँ मिसिगयौ तिमी मभित्रै
हिर्दयको माझमै बास गऱ्यौ देवीदेवताझैँ
दिन र मेरो रात कटी जान्छ तिम्रै सम्झनामा
आँखाहरू मेरा रहन्छन् सदैव तिम्रै खोजी-तलासमा
मेरो निन्द्रा चुरायौ तिमीले
बिपनीभरि छायौ तिमी नै
कस्तो यो उल्झन? गाह्रो भो उम्कन तिमीबाट मलाई
झन्-झन् डुब्दै गाछु, आफैमा छैन काबु, गऱ्यौ यो के जादु
तिमीले, तिमीले?
तिमीले, तिमीले
मेरो मन चोरी लग्यौ तिमीले
तिमीले, तिमीले
मेरो मन चोरी लग्यौ तिमीले",96
500,Buddha Nepalko,The Shadows 'Nepal',nepali,"म प्यासी छु शान्तिको
म प्यासी छु सद्भारवको
म प्यासी छु मायाको
म प्यासी छु कर्मको
म प्यासी छु बिश्वासको
म प्यासी छु तपस्याको
मेरो परिचय यही हो, म बुद्ध हुँ नेपालको
मेरो परिचय यही हो, म बुद्ध हुँ नेपालको
तिर्खाको बेला रगत चढाइ, बलि तिमी दिन्छौ
भक्कालिन्छु म कसैको खुशी तिमी किन चाहन्नौ?
मेरो परिचय यही हो, म बुद्ध हुँ नेपालको
मेरो परिचय यही हो, म बुद्ध हुँ नेपालको
फेरि आएँ, फेरि आएँ
फेरि आएँ, फेरि आएँ
फेरि आएँ, फेरि आएँ
मेरो परिचय यही हो, म बुद्ध हुँ नेपालको
मेरो परिचय यही हो, म बुद्ध हुँ नेपालको",83
501,Sukumbaasi,Sajjan Raj Vaidya,nepali,"किन जाँनु म (किन) फेरि फर्केर
बिरानो घरको कोलाहलमा?
पाइलाले बिर्सेंको, छाडेर हिँडेको
सम्झना थरि नबोकेर मनमा
घर भनेको हुँदो रहेनछ
ठेगनाले (ठेगना) पुग्दो रहेनछ
सुकुम्बासी जिन्दगीमा यो
ह्वोआ-ओह-ओह-ओह-ओह-ओह
ह्वोआ-ओह-ओह-ओह-ओह-ओह
ह्वोआ-ओह-ओह-ओह-ओह-ओह
ह्वोआ-ओह-ओह-ओह-ओह-ओह
ह्वोआ-ओह-ओह-ओह-ओह-ओह
ह्वोआ-ओह-ओह-ओह-ओह-ओह
ह्वोआ-ओह-ओह-ओह-ओह-ओह
ह्वोआ-ओह-ओह-ओह-ओह-ओह
घर भनेको हुँदो रहेनछ
ठेगनाले पुग्दो रहेनछ",68
502,Maya Ko Chino,Neetesh Jung Kunwar,romanized,"साझा मा आउनु हाई भेट्न माया
पर्खेर बस्ने चु मा तिमीलाई
तर्नु नै चा जिन्दगी को सफर
हिडौला हात मा हात मिलाई
साझ मा आउँनुउ...
लेखेको जे॰एस चा त्यो भयेर नै छाड्छ
के॰एस गर्नु हामीले ब्यर्थै सोचेर
होओ..लेखेको जे॰एस चा त्यो भयेर नै छाड्छ
के॰एस गर्नु हामीले ब्यर्थै सोचेर
सबलाई चा अधिकार खुसी प्राप्ति को
गाई जाने ब्यक्ति लाई हुन्न रोकेर
ख्याल ठट्टा मै बितिजला जीवन
हसै रहने चु मा तिमीलाई
तर्नु नै चा जिन्दगी को सफर
हिडौला हात मा हात मिलाई
साझ मा आउँनुउ...
होओ ओओ
सबैको उज्ज्वल हुन्न भबिस्य
मिल्दैन साथ यहा दियोको पाल मा...
होओ... सबैको उज्ज्वल हुन्न भबिस्य
मिल्दैन साथ यहा दियोको पाल मा
दुःख गरी जसले खुसी अप्नौचा
मातिन्न कहिले उ धना को भर मा",102
503,Kati Maya Lagchha,Kunti Moktan,nepali,"हुँ, हुँ-हुँ, हुँ, हुँ-हुँ, हुँ, हुँ-हुँ, हुँ, हुँ-हुँ
कति माया लाग्छ रि मै
कति माया लाग्छ रि मै
ढुङ्ग्रे मुन्द्रीको
आमाले माया गरी किनी दिएको
आमाले माया गरी किनी दिएको
पोल्टाको पेवा पैसा गनि दिएको
आमाले माया गरी किनी दिएको (हो, हो, हो)
आमाले माया गरी किनी दिएको
हो-हो-हो-हो-हो-हो-हो
ला-ला-ला-ला-ला-ला-ला
निधारमा टिका, नाँकमा फुली, शिरैमा शिरबन्दी
हो-हो-हो-हो-हो, हो-हो-हो-हो-हो
हो, निधारमा टिका, नाँकमा फुली, शिरैमा शिरबन्दी
गलामा लाउँछु कम्पनी माला
गलामा लाउँछु कम्पनी माला भएर पियारी
बाबाले माया गरी किनी दिएको
बाबाले माया गरी किनी दिएको
पसिनाको कमाई पोखी दिएको
आमाले माया गरी किनी दिएको (हो, हो, हो)
आमाले माया गरी किनी दिएको",108
504,Yo Mann,Vek,nepali,"आधि आधि टुक्रा टुक्रा मन
यो मन
बोकी हिड्दा दुख्द रैछ झन
यो मन
आफैलाई निहाली हेर्छु म
आफैलाई अधुरो भेट्छु एमएमएम
हारिसके म थाकी सके रोकिदैछ
इ कदम
इ पाइलाहरु
इ पाइलाहरु
यो चिसो एक्लोपन
यो आती रहने मन (यो आती रहने मन)
यो मन
आशै आशमा बाची राछु म
कतै त शान्ति भेट्छु होला
तर कहाँ
समयलाई दोष दिन मन छैन
तिमि जस्तै मान्छे नै त हु म
तर आज कसरि बुझाउ यो मन
यो मन
यो मन
यो मन
यो मन",63
505,Bartika Eam Rai - Deshnikala,Genius Romanizations,romanized,"बाचे सम्म यो साशको महत्यो, कति साश रहन्छ?
मर्दा पर्नेलाई ठहा एकचिन हुन्छ
नबोलेसम्म यो बोली के साची सब्द गनिन् चा?
बोल्न बन्देज हुनेलाई मात्र यो भेद ठहा हुन्चा
साश फेर्न बहाना चाहियेको चा
यहा गुमानम सहर छाया बिना हिँडेकै चु
अस्टयेका चाहना आझै पानी संगाली आउरकै पेटीमा आफ्नो औचित्य खोजेकै चु
बगिसके जहाजहरू, चिच्यायेर कामै चाइन
रोकियेर रोकिदैन
गैसके पारा, पारा, पारा, पारा, पारा
पारा छु मा—ब्लाइसके
कागजको भाउमा इथिहासको लिलामी साथ
दिइहिँदैछु पुस्तौको यो बरबादी
सामूहिक यो हुनु टा सबैको हो गल्ती
पश्चिमीलाई देउता माने मेरै समाजको प्रबिर्ती
बगिसके जहाजहरू, चिच्यायेर कामै चाइन
रोकियेर रोकिदैन
गैसके पारा, पारा, पारा, पारा, पारा
पारा छु मा—बिलाइसके",90
506,Jhhari ko Raat,Albatross,nepali,"झरीको रात, कसैको साथ नहुँदा सोची रहेछु म
तर आज फेरी फर्किन गाह्रो मान्यो मेरो दिन, र यो रात
बिर्सन गाह्रो पर्ला अब फेरी मनलाई
तिमी त्यागी देउ त्यो आसा
हावाको बेग सँगै-सँगै म सुस्तरी उडाउला
किरण छर्ने सुर्य बनी प्रतिक्षामा जलाउला
पानी बिनाको माच्छा जस्तै म तिमीलाई तड्पाउला
तर तिमी कहाँ, तिमी कहाँ, तिमी कहाँ, तिमी कहाँ?
बिर्सन गाह्रो पर्ला अब फेरी मनलाई
तिमी त्यागी देउ त्यो आसा
हावाको बेग सँगै-सँगै म सुस्तरी उडाउला
किरण छर्ने सुर्य बनी प्रतिक्षामा जलाउला
पानी बिनाको माच्छा जस्तै म तिमीलाई तड्पाउला
तर तिमी कहाँ, तिमी कहाँ, तिमी कहाँ, तिमी कहाँ?
झरीको रात, र तिम्रो साथ नहुँदा उडी रहेछु म
तर आज फेरी निक्लन गाह्रो मान्यो मेरो मन र बचन
बिर्सन गाह्रो पर्ला अब फेरी मनलाई
तिमी त्यागी देउ त्यो आसा
हावाको बेग सँगै-सँगै म सुस्तरी उडाउला
किरण छर्ने सुर्य बनी प्रतिक्षामा जलाउला
पानी बिनाको माच्छा जस्तै म तिमीलाई तड्पाउला
तर तिमी कहाँ, तिमी कहाँ, तिमी कहाँ, तिमी कहाँ?",139
507,Samae Deu,Yugal Gurung,nepali,"बुझाउ तिम्रो शब्हरु को अर्थहरु
देखाउन मलाई तिम्रा आँखाले देखेको यो जिन्दगी
सम्झाउन मलाई अझै एकचोटि
म सम्झिँदैछु तिमीलाई
बनाऊ तिम्रो घर चारैतिर जहाँ जान्छौं
सुनाउ मलाई तिम्रो मुहारमा लेखेको त्यो कथाहरु
खनाइदेऊ तिम्रो भारी मन
म समाउँछु तिमीलाई
म थामी दिन्छु तिम्रो भारी मन
समाई देउ म सम्झिन्छु तिमीलाई
के खोली दिन्छौं तिम्रो संसार मेरो लागि?
म बुझिदिन्छु तिम्रो शब्दको अर्थहरु
के बनाउँछौ एउटा सानो ठाउँ मेरो लागि?
भुलिदेउ तिम्रो सबै चोटहरु
म थामी दिन्छु तिम्रो भारी भएको मन
के सुनाउँछौ यो जिन्दगीको कथाहरु?
के भरी दिन्छौं यसरी नै मेरो खाली मन?
खोली देउ तिम्रो संसार मेरो लागि
म बाँची दिन्छु यो सारा जिन्दगी
म बुझीदिन्छु तिम्रो शब्दको अर्थहरु
समाई देउ म बनि दिन्छु तिम्रो सबै",101
508,Maya,Mantra Band,nepali,"किन किन तिमी सोच्दा यो संसार रंगीन लाग्छ
किन किन तिमी देख्दा मन मेरो रमाउछ
बादल झैँ उडी तिमी मै म पुगे हुन्थ्यो
पवन भई तिमीलाई चुन पाए हुन्थ्यो
माया तिमीलाई लाउने
चाहाना तिमीलाई पाउने
मेरो मनमा भावना जाग्यो
मेरो मनमा...
किन किन तिमी हास्दा यो संसार उज्यालो लाग्छ
जब तिमी मलाई हेर्छौ मन मेरो अतालिन्छ
कालो तिम्रो केशमा लुक्न म पाए हुन्थ्यो
तिम्रो हृदयमा फूल बनि म फूले हुन्थ्यो
माया तिमीलाई लाउने
चाहाना तिमीलाई पाउने
मेरो मनमा भावना जाग्यो
मेरो मनमा...
यो हावा, यो झरी, यो आकाश, यो धर्ति
अझै आकर्षित लाग्यो
यी मायाका पलहरु, खुशीका लहरका
अन्तै नहोस भयो",84
509,Aa Hai,Ekdev Limbu,romanized,"म्यान भरि गुम्सेर सरो भो
आँख जुड्यो नजर फेर्न नै गरो भो
अलिकति मिठो हासो मा अल्झियो
लडे लडे माता
फसे फसे माता
परे परे माता मायामा
लडे लडे माता
फसे फसे माता
परे परे माता मायामा
भन्दै छु मेरो म्यान को कुरा
तिमी पानी भना ना
सुन्चौ की मेरो चाहना
बारु लेख्दुम की सुब्दामा
कागज मा कोर्दा टा मेटेर जान्छ
मुटु नै दिन्छु तिमी सँगै हुन्छ
लडे लडे माता
फसे फसे माता
परे परे माता मायामा
लडे लडे माता
फसे फसे माता
परे परे माता मायामा",67
510,Kuri Basechu,Samir Shrestha And Sabal Dev Shrestha,nepali,"एचएमएम, ला-ला-ला-ला
एचएमएम, ला-ला-ला-ला
कुरी बसेछु, त्यहीँ माझमा
आई दिनु है, घाम ढलेको साँझमा
अन्धकारमा पनि आइदेउ तिमी, घाम बनि
सुस्ताउन फेरी मलाई, तिम्रै माया बनि
आइदेउ, हटाईदेउ, मेरो मनको कालो बादल
मुस्कुराईदेउ, हसाईदेउ, भनिदेउ न
माया गर्छु भनेर
माया गर्छु भनेर
सताउछ की अझै तिमीलाई, बितेका यादहरुले
की पल पल आशु खस्छ तिम्रो
मेरो बारेमा सोची बसनाले
सोची बसनाले-
मेरो आसु तिम्रो मुस्कान मिलि, इन्द्र धनुष बनि
सतरंगी फूलझैँ फूल तिमी मै ओइलि जाउला है
तिम्रो रङ्गमा, बदनमा, मिसेर हामी एक भो
तिम्रो बोलीमा, सब्दमा डुबेर म त लठै भो
तिम्रो रङ्गमा, बदनमा, मिसेर हामी एक भो
तिम्रो बोलीमा, सब्दमा डुबेर म त लठै भो",94
511,Juneli Raatma,Swoopna Suman,nepali,"तिमी नै सम्झिरहन्छु, चन्द्रमा लागेको यो, जुनेली रातमा
भावना कस्तो हो यो, सम्हालेर सम्हालिन्न, आजको साँझमा
आशु बनेर बग्छन्, माया यो तिम्रो लागि, नहुँदा तिमी यहाँ
निदाउँथे पक्कै होला, पल्टिन पाए केवल, न्यानो त्यो काखमा
बुझाउनु कसरी, छौ तिमी टाढा
माया कस्तो हो यो, टाढा हुँदा झन गाढा
दिनहरु लामो लाग्छन्, फेरि कोल्टे रात बित्छन्, निन्दरीमा तिम्रै सपना
दिनहरु लामो लाग्छन्, फेरि कोल्टे रात बित्छन्, निन्दरीमा तिम्रै सपना
साझैको बेलामा झन्, डुबेको घाम सँगै, डुब्छु म तिम्रो यादमा
तिमी आउने बाटो हेरी, थाकेछन आँखा मेरा
बुझाउनु कसरी, छौ तिमी टाढा
माया कस्तो हो यो, टाढा हुँदा झन गाढा",87
512,Malai Tei Keti Chahiyo,ShreeGo,nepali,"हो-ओ-ओ, हो-हो-हो
हो-ओ-ओ, हो-हो-हो
हो-ओ-ओ, हो-हो-हो
भन्छन् मलाई सबले, ""सुस्तरी भुलिन्छ
झुटो माया जुन टिक्दैन अहिले
पाइ हाल्छस् तैले हजारै
आज तिमीलाई आफ्नो भनि
बुनि सकेछु सपना पनि
भनिदेउ, म तिम्रै हु, भनि
लाज नमानी सबैको आगडि
हैन मलाई तै केटी चाहिँयो
फेरी मलाई तै केटी चाहिँयो
हैन मलाई तै केटी चाहिँयो
भन्छ यो मुटुले
मलाई तै केटी चाहिँयो
फेरी मलाई तै केटी चाहिँयो
हैन मलाई तै केटी चाहिँयो
भन्छ यो मुटुले
संसारै भागिराछ आफ्नै पछाडी झैँ लाग्ने नै रैछ यो लोव पर्दा, साथी
छाड्दे अब भाग्न यो पुतली पछाडी
बेरु आफ्नै बगैँचा बनाइ राख्, साथी",88
513,Dhokha,The Edge Band,nepali,"धोखा पाए मैले हरेक पाईला पाईलामा
तिम्रै लागी भनी साचेकोथे
यो मेरो मन, अनी यो जीवन
झुठो कसम किन खायौ ,यदि साथ छोड्नुनै थियो भने
तिम्रै लागी भनी ,मैले सारा खुसी त्यागेको थे
आज यस्तो ,दिन आयो तिमी बिना बाच्नु पर्यो
जसलाई म आफ्नो ठानेको थिए
उसैले बिश्वास् तोडेर गयो बिश्वास् तोडेर गयो
ढल्दैछ दिन हेर अंधकार बढ्दैछ
यो लामों रातमा तिम्रो याद आईरहन्छ
सम्हाल्न खोज्छु तर यो मनले मान्दैन
हरेक रात तिमीलाई सम्झिन्छु, एकान्तमा आँशुझार्दै कल्पीन्छु
कुनै दिन तिम्रो लागि आउनेछु
म फेरी तिम्रो साथमा बस्नेछु
आज यस्तो ,दिन आयो तिमी बिना बाच्नु पर्यो
जसलाई म आफ्नो ठानेको थिए
उसैले बिश्वास् तोडेर गयो बिश्वास् तोडेर गयो
बिश्वास् तोडेर गयो
तोडेर गयो",94
514,Aru Kaalo,1974 AD,nepali,"देउ न त्यो तिम्रो जोवन यो ज्यानलाई
रानी नै बनाइ राख्छु मेरो मन मै
हुन त यो मन मेरो सोझो नै हो
तिमीलाई नपाएर बरालेको हो
बुझन कान्छी, यो मन को कुरा
तिमी नभए, म हुन्न पूरा
सुनको बाला, औँठी र माला खिएर जाला
मान्छे को मन, भाग्य र धन बद्ली जाला
हुन त यो मन मेरो सोझो नै हो
तिमीलाई नपाएर बरालेको हो
बुझन कान्छी, यो मन को कुरा
तिमी नभए, म हुन्न पूरा
आउँछु म त तिम्रो लागि सारा संसार छाडेर
माया गर्छु तिमीलाई हेर यो ज्यानै फालेर
बिन्ती गर्छु हेर कान्छी दुई हात जोडेर
पर मेरो पर कान्छी जान्न म छोडेर
अरु कालो रेलको धुवाँले
अरु कालो रेलको धुवाँले
म त कालो छाता हजुर ओढ्दै न ओढ्नाले
म त कालो छाता हजुर ओढ्दै न ओढ्नाले",109
515,Samachar,Sumit Pathak,nepali,"{अझैपनि यस्तैैनै यस्तैैनै सोच्दैछु बेकारमा
कुरा बद्लीसकेको छ रे नी आजकल समाचारमा} एक्स2
तिमी मेरो दाँया हिडन, तिमी मेरो दाईने हात समाउन
तिमी मलाई सुम्सुम्याउन, पुल्पुल्याउन मलाई, झकझकाउन
अनि
तिमी मलाई बाटो देखाउन
बाटो.... देखाउन...
तिमी मलाई बाटो देखाउन...
बाटो.... देखाउन...
अझैपनि यस्तैैनै यस्तैैनै सोच्दैछु बेकारमा
कुरा बद्लीसकेको छ रे नी आजकल समाचारमा
मठो लाग्थ्यो मायाले भिजेका हिजोका ताली अनि
ठिकै लाग्छ घृणाले भरिएको आजकलको गाली पनि
तिमी मलाई हेरिरहनु, नजर तिम्रो फेरिरहनु
अझै मलाई सुम्सुम्याउनु, पुल्पुल्याउनु मलाई, झझकाउनु
अनि
तिमी मलाई बाटो देखाउन
बाटो... देखाउन...
तिमी मलाई बाटो देखाउन...
बाटो.... देखाउन...",78
516,Kathmandu Sahar,Trishala Gurung,romanized,"अनौठो चा रहर
यो भीड मा पानी
एकलिइन यो लहर
अधुरै चान रहर
लेखेकै होला
हामी भेट्ने प्रहार
हराउछु की मा
अफ्फाई भित्र कतै
सुन्यता मै मा खोज्दै चु
प्रस्न को जवाफ
कुर्दै चौ की तिमी
मेरै लागी कतै
भेट होला ना होला
ठहा ना भए
अधुरै चान रहर
लेखेकै होला
हामी भेट्ने प्रहार
कुर्दै चौ की तिमी
मेरै लागी कतै
भेट होला ना होला
ठहा ना भए",48
517,I Who Have Nothing,Mc Flo,nepali,"आई, आई ह्वो हावे नथिङ
आई, आई ह्वो हावे नो ओने
एक्स2
म बस्छु हेर्दै ,आज मेरै, त्यो दुखी बिर्त्रचित्र जस्मा म नायक थिए मलाई हान्यो मुटु भित्र, मैले पनि भने ठिक छ जाउ तर आज अँखा भिज्छ ।
बिज्छ किच्छ मन भित्र मुखमा हेर्दा ठिक छ बित्छ समय कट्छ दिन त।
तर बर्छ दिन त भैसक्यो ।मनमा आइराख्छ अजलाई राख्छ उसको चिन्ता आफ्नो मनले गर्छ पर्तिकार आफ्नो अधिकार छैन तेस्मा।
धिकार्छ तलाइ केटा त जस्तो मान्छेलाई पनि केभा ।
के यो हो दुख मनाउने बेला मुला त आज किन सेला ,तेस्ता केटी कति पर्छन् फेला, अधिपछी कति आउछन् तेरा ।
तैले माया गर्न जानिस तेसैले तेरो भित्र दुख्यो बादर्नीको हातमा नरिबल भयो छोड्दे मुला पुग्यो ।।
आई, आई ह्वो हावे नथिङ
आई, आई ह्वो हावे नो ओने
एक्स2
आज मान्छे को भिडमा, साथीको बीचमा, होइन एक्लै बस्न मन छ खोलाको तिरमा। भिरमा ।
मुहारमा गम्भीरता, दुब्दै सुमधुर गीतसंगीतमा, अती गाह्रो हुन्छ घडीमा ११/१२ बजिदिदा ।
रिस उठ्छ ।थिस हुन्छ, किन अझै मुटु दुख्छ संगै बिताएको पल दिमाग भरी घुम्छ ,छुदैन तिम्रो मायाले ।
भन्त्यो तर तेस्ले छुन्छ। नसम्झु भन्दा पनि कता बाट याद हुन्छ ,यस्तै रैछ जिबन । छेपारोले रङ फेर्छ, कम्जोर बनाउछ्न तलाइ। अनि अङालोमा बेर्छ्न, अनि मनमा कब्जा गर्दै ।
बिश्वास तेरो जित्छ्न, दाना एक ठाउमा खान्छन् अन्डा अर्को तिर पार्छन् ।
आई, आई ह्वो हावे नथिङ
आई, आई ह्वो हावे नो ओने
आई, आई ह्वो हावे नथिङ
आई, आई ह्वो हावे नो ओनेई, आई ह्वो हावे नथिङ
आई, आई ह्वो हावे नो ओने",228
518,Chautarima,Aruna Lama,nepali,"चौतारीमा बसेर रुन पाउँ
मनको पिर आँसुले धुन पाउँ
गौँथलीको के घर, के गाउँ
दुखियाको के थर, के नाउँ
पीपलले पालुवा फेर्यो, पुरानो भो वर
कर्मले ठगेपछी, बिरानो भो घर
पीपलले पालुवा फेर्यो, पुरानो भो वर
कर्मले ठगेपछी, बिरानो भो घर
दिनदशा वरवर हो
दिनदशा वरवर, संगीसाथी पर
न्याउलीको भाका सुन्ने, कल्लाई खाँचो छ र
चौतारीमा
बाँचु कति दोधारको, यस्तै जिन्दगानी
मनभरी आगो लिई, आँखाभरी पानी
बाँचु कति दोधारको, यस्तै जिन्दगानी
मनभरी आगो लिई, आँखाभरी पानी
पराईले मन भाँचे हो
पराईले मन भाँचे, आफन्तले जोड्ने
आफन्त नै वैरी परे, कस्लाई गुहार भन्ने",74
519,Makassam,VTEN,nepali,"माकसम तिमी बडा चुवाक छेउ (माकसम)
म सामु आउदा किन भागछेउ
घमण्डी भयो भन्दिउला
बाटोमा हिँड्दा लोलाले हान्दिउला
घमण्डी भयो भन्दिउला
बाटोमा हिँड्दा लोलाले हान्दिउला
लोलाले हान्दिउला (लोलाले हान्दिउला)
येअह, येअह, येअह, येअह, येअह, येअह, येअह, येअह
येअह, एयी, येअह , एयी
माकसम, एयी, येअह, एयी, एयी, झ्याप हुदै हिँड्छु म
एयी, होइट, एयी, एयी (हैट)
झ्याप हुदै हिँड्छु म (हैट)
एयी, (झ्याप हुदै छु म)
येअह, येअह, येअह, एयी, झ्याप हुदै हिँड्छु म, येअह
नयाँ र्याप सुनाइँ दिन्छु ल, एयी
येअह, येअह, येअह, एयी, माकसम, एयी
येअह, येअह, येअह, येअह
मा—मा-मा-माकसम
मा—मा-मा-माकसम, मा
झ्याप हुदै हिँड्छु म (मा), एयी
नयाँ र्याप सुनाइँ दिन्छु ल
माकसम तिमी बडा चुवाक छेउ
म सामु आउदा किन भागछेउ
माकसम तिमी बडा चुवाक छेउ
म सामु आउदा किन भागछेउ",109
520,Karnali,Sugam Pokharel,nepali,"आम पाक्या, अमिला पाक्या पारी बनैनाका
आम पाक्या, अमिला पाक्या पारी बनैनाका
कै खि भनी क्या हुन्याहो कुरा मनैनाका
हो, हो-हो-हो, हो, हो-हो-हो
भान्छाको भात खाउँला तरकारी चाहिएला
भान्छाको भात खाउँला तरकारी चाहिएला
तम सित हास्न खेल्न कै महिना पाहिएला
काफल डाली भरी गया खान पाउन्या कैलै?
एउटै सुर्जे घाम ताप्छौँ भेट नाइ हुन्या कैलै?
काँधैमा बन्दुक राखी काँ जान्छौ दाई दर्नाली
हे, काँधैमा बन्दुक राखी काँ जान्छौ दाई दर्नाली
आउना जाना पानी पिउँला नसुके कर्णाली
नसुके कर्णाली
हेर्दा राम्रो डडेलधुरा बाजुरा लै डोटी
हेर्दा राम्रो डडेलधुरा बाजुरा लै डोटी
भोक न लाग्न्या निँद न लाग्न्या लहनाले हो कि
हो, हो-हो-हो, हो, हो-हो-हो
साधु बिल्लो दुध खान्छ, चोर बिल्लो घीउ खान्छ
साधु बिल्लो दुध खान्छ, चोर बिल्लो घीउ खान्छ
पिरती भन्न सानु हैन, पिरतीले जिउ जान्छ",117
521,Aaja Kaha,1974 AD,nepali,"आज कहाँ भोली कहाँ?
आज कहाँ भोली कहाँ?
हिजोको कथा बेग्लै छ
बाटो अलग लक्ष्य उही
बाटो अलग लक्ष्य उही
सबैलाई कतै पुग्नुछ
पा-रापा-पा-पा
पा-रापा-पा-पा
पा-रापा-पा-पा
पा-रापा-पा-पा
पा-रापा-पा-पा
राम्रो नराम्रो सबै देखियो
सुख र दुःख सबै झेलियो
राम्रो नराम्रो सबै देखियो
सुख र दुःख सबै झेलियो
कुन बेला कस्लाई भेटिने हो?
कुन मोड्मा छुटिने हो?
आज कहाँ भोली कहाँ?
आज कहाँ भोली कहाँ?
हिजोको कथा बेग्लै छ
बाटो अलग लक्ष्य उही
बाटो अलग लक्ष्य उही
सबैलाई कतै पुग्नुछ",77
522,Aandhii (Sagar Agadi),Bartika Eam Rai,nepali,"सागरअगाडि मन छ घर बसाउन मलाई
तिमीलाई मन पर्छ पहाड
हरेक वर्ष नयाँ मान्छे बनेर डुल्छु म नयाँ शहर
तिमीलाई चाहिन्छ तिम्रै हिमाल
किताबमा भेट्छु आफ्नो हुन नसकेको अवतार
तिमी पढ्दैनौ किताब
(आदि गुणले...)
यति धेरै फरक, कति विधि भिन्न छ हाम्रो विचार
के हुन्छ हाम्रो मिलन? कसरी हुन सक्छ एउटै हाम्रो आकाश?
तिम्रो-मेरो बारे कुरा कहिले आँधीलाई सोधी हेर
बुझाउन आफैलाई सक्दिन कति धेरै भइसकेछ हाम्रो भेट भाको
तिम्रो र मेरो कहानी खै कसलाई कसरी हो बुझाउने?
म फेर्छु शहर, सोच्छु, कुनैले मलाई बचाउला भन्छु
तिमी फेरी हिँड्छौ मान्छे, खोज्दै कसले तिम्लाई बचाउने
सागरअगाडि मन छ, सागरअगाडि मन छ
सागरअगाडि मन छ घर...
सागरअगाडि मन छ, सागरअगाडि मन छ
सागरअगाडि मन छ घर...
यसरी हेरिदेऊ न, यसरी माया गर न
यहीँ त रैछु अझै म जतिसुकै भने पनि जान्छु म सबै छोडेर",121
523,Sarauto,VTEN,nepali,"माचिक्ने
धेरै भइसक्यो यो खेल-खेलमा छिरेको
सबलाई थाहा छ यो कुरा? थाहा छ नि?
थाहा छैन भने सुन्
ए, सबजान, हे
कसले के गरदैछ यहाँ सब देखिराछु
सक्याछैन खेल म फेरि फर्खेर आउँछु
कसिराख्, बसिराख्
ए-ए-ए-ए पुछ तेरो पसिना
हँ था छ तँलाई के भाको थियो अस्तिन?
ओइ के भाथ्यो एकचोटि सम्झि त
थाछ धारले काट्छ, मार्छ, कालले लान्छ
तर लड्न सक्छु म साथमा हातमा बल छ
धेरै घाटा भाछ, रिस् आँखामा छ
असंभव छैन केहि, मात्र बाँच्न पर्छ
कसैको आस नगर तँ, छोड्दे फाँसमा बस्न
लडेरै बाँचिराको छु म आजसम्म
बाटो खाल्टो भाछ, थाछ हाम्फाल्नु पर्छ
आईपुगे म याँ सम्म अँध्यारो कालोबाट यो
कसिराख्, बसिराख्
हे पुछ तेरो पसिना
हँ था छ तँलाई के भाको थियो अस्तिन?
ओइ के भाथ्यो एकचोटि सम्झि त",109
524,Chaubandima Patuki,Astha Raut,nepali,"चौबन्दीमा, पटुकी बाध्याँ छैन भन्दैमा।
पखेरिमा, घास काट्न जान्या छैन भन्दैमा।
मलाई नेपाली हैन भन्न, कहाँ पाईन्छ।
म त नेपालको माया गर्ने छोरी।
मलाई, म जस्तै माया चाहिन्छ।
गाजलु टिकी राम्रै लाग्छ, लाउने बानी छैन।
मेरो लाउने बानी छैन।
गोठाला र मेलापातमा, धाउने बानी छैन।
मेरो धाउने बानी छैन।
उकाली र ओरालीको, नहिंडेको बाटो।
तर प्यारो लाग्छ मलाई, मेरै देशको माटो।
चौबन्दीमा, पटुकी बाध्याँ छैन भन्दैमा।
पखेरिमा, घास काट्न जान्या छैन भन्दैमा।
मलाई नेपाली हैन भन्न, कहाँ पाईन्छ।
म त नेपालको माया गर्ने छोरी।
मलाई, म जस्तै माया चाहिन्छ।
दोहोरी गाउन नजाने नि, टुक्का गास्न आउँछ।
मलाई टुक्का गास्न आउँछ।
मारुनी र समलामा, कम्मर भाँच्न आउँछ।
मलाई कम्मर भाँच्न आउँछ।
रितीथिती संस्कृति लाई, मेरो नि सम्मान छ।
आधुनिक म छोरी तर, मेरै आफ्नै शान छ।",125
525,Timi Sangai,Nepz Flo',romanized,"जिउन चाहन्छु मा अबा केवल तिमी सँगै
बाँच्न चाहन्छु मा तिम्रै काखमा तिमी सँगै
अँगालोमा बाँधी राखा ना मलाई सन्धै सन्धै
खुसी राख्न चाहन्छु मा, मायालु तिमलाई सन्धै
जिउन चाहन्छु मा अबा केवल तिमी सँगै
बाँच्न चाहन्छु मा तिम्रै काखमा तिमी सँगै
अँगालोमा बाँधी राखा ना मलाई सन्धै सन्धै
खुसी राख्न चाहन्छु मा, मायालु तिमलाई सन्धै
हराउदै छुट्टै संसारमा जिउन चाहन्छु
अस्तित्वो छैन तिमी बिना
यो जीवन तिमलाई सुम्पिना चाहन्छु
मा दिना चाहन्छु तिमलाई सुखा
तिमी सुखी रहे मा खुशी रहन्छु
केवल माया दिये मलाई पुग्छ
आइपरे हजारौँ कस्ता सहन्छु
तिमी फुलिरहेको रेन्जिन फूल, त्यो बगैंचा को मा माली
तोडी दिने छैन कसम, त्यो मान, सदा राख्ने छु मा सम्हाली
संगाली राखेका सपनामा हर्ष, खुशीका राङ हाली
बिताउन चाहन्छु मेरो बाकी जीवन तिम्रो निस्चल माया अंगाली
अबा तिमी बिनाको उज्यालो भबिस्य मेरो देख्नै सक्दिन माइले
सारा संसार अवोस तगारो बनी, तारा अबा छेक्न सक्दैन कसैले
हाम्रो अन्तरमान को अटुट सम्बन्ध छ माया मामाता ले सजियेको
सागर भन्दा नि गहिरो त्यो
बिश्वास को गाँठो ले बाँधियेको
जीवन को अबिरल यात्रा मा
तिम्रो साथ चाहन्छु मात्र मा
आजा गर्दै बस्दै छु प्रार्थना
पाउँ भन्दै तिम्रो सौहार्दता
येथार्ता मा जिउन पाउँ, तिमी सँगै भन्दै बस्दै छु
हाम्रो सुन्दर भबिस्य कल्पिदै सारा सपनाहरू सजाउदै छु",172
526,Dui Diney Jindagi,Yabesh Thapa,nepali,"चन्चले यो मुटु कसरी बसमा राखु
थाहछैन म के गरु (गरु)
तिम्रो सुरिलो त्यो कोइली जस्तो बोली सुनि बसु
तिम्रो मगम्दाउदो केस मेरो हातले सलाउ
तिम्रो मोती जस्ता नयन हेरि अँगालोमा बाधु
या मायाका कुरा जति भित्रै गुम्सिएर राखु
थाहा छैन भोलि होला या न होला कि (न होला कि)
बाचिराछु यहाँ दुई दिने जिन्दगी (जिन्दगी)
किन न लाउनु , आज लाउनु माया पिरती
जब छु म यहीँ, तिमी पनि (पनि)
पनि
निरन्तर यो, डर छ कि
एक्लै हुन्छु म
संगै हुन पाए समय रोकिदिन्छु म
रोक्छु म तर यो मन भित्र तिम्रो बोलि गुन्जिन छ
आफुले आफुलाई भन्दा तिमीलाई बडी चिन्छ
खै किन कुन्नि
तिमीसँगै हुने इच्छा छ मेरो तर",97
527,Teesta,Bipul Chettri,nepali,"गीत बनि आयाै तिमी हाम्रो यो जीवनमा
प्रीत बनि बस्याै तिमी हाम्रो यो दिलहैमा
हरियाली बन जङ्गलमा
खुसीयाली सबै गाउैँमा
तिमी आशाको किरण बसी छायाै मेरो संसारमा
गीत बनि आयाै तिमी हाम्रो यो जीवनमा
प्रीत बनि बस्याै तिमी हाम्रो यो दिलहैमा
हरियाली बन जङ्गलमा
खुसीयाली सबै गाउैँमा
तिमी आशाको किरण बसी छायाै मेरो संसारमा
गीत बनि आयाै तिमी हाम्रो यो जीवनमा
प्रीत बनि बस्याै तिमी हाम्रो यो दिलहैमा
हरियाली बन जङ्गलमा
खुसीयाली सबै गाउैँमा
तिमी आशाको किरण बसी छायाै मेरो संसारमा
गीत बनि आयाै तिमी हाम्रो यो जीवनमा
प्रीत बनि बस्याै तिमी हाम्रो यो दिलहैमा
हरियाली बन जङ्गलमा
खुसीयाली सबै गाउैँमा
तिमी आशाको किरण बसी छायाै मेरो संसारमा
है, है, है
हिमालको कोख बाट खोला र नाला बनि
अमृतको धारा बनि उम्रेछाै
है, डाढाँ र काढाँ कति घाम र छाया तरी
टिस्टा खोला नै बनेछाै, है
है, है, है
पहाडको अङगबाट खेली र कुदी तिमी
हाम्रो यो आगनमा झरेछाै
है, युग युग नै देखि हाम्रो जीवनको तिमी
साहारा बनि बसेछाै",131
528,Barud,Jerusha Rai,nepali,"हे हेइया, हम् ये हेइया
हे हेइया, हम् ये हेइया
अन्ध्यारोलाई छातीमा बेरेछु
कुवाको पानीमा जूनलाई हेरेछु
अन्ध्यारोलाई छातीमा बेरेछु
कुवाको पानीमा जूनलाई हेरेछु
मेरो त आँखा अझै नि बन्द छ
हावामा अझै नि बरुदको गन्द छ
हे हेइया, हम् ये हेइया
हे हेइया, हम् ये हेइया
हाम्रो पुर्खाको अहित भयो रे
म सँगै हुर्केको शहीद भयो रे
हाम्रो पुर्खाको अहित भयो रे
म सँगै हुर्केको शहीद भयो रे
सपना आइ, खै के के भन्द छ
हावामा अझै नि बरुदको गन्द छ
हे हेइया, हम् ये हेइया
हे हेइया, हम् ये हेइया
हे हेइया, हम् ये हेइया
हे हेइया, हम् ये हेइया",83
529,Rachana Dahal - Soch (English Translation),Genius English Translations,romanized,"थाउगेट्स, युर थाउगेट्स आरे फाउल्टी
माइ हर्ट आइएस वाउन्डेड
आइटी'स युर्स, थे फाउल्ट आइएस युर्स
फाउल्ट, माइ हर्ट आइएस वाउन्डेड
आइटी'स युर्स, थे फाउल्ट आइएस युर्स
युर थाउगेट्स विथ फाउल्ट्स
आई'एम ड्र्यागिङ माइ फुटप्रिन्ट्स, पलिङ आइटी विथ युर थाउगेट्स
आई'एम ट्राइङ टो बेलिभ अगाइँ, बुट आइटी कीप्स ओन टम्बलिङ डाउन
माइ बडी ड्याम्पेन्स बेचौसे ओएफ थे कोल्ड
आई फील डिसगस्टेड बेचौसे ओएफ युर टच
थाउगेट्स, युर थाउगेट्स आरे फाउल्टी
माइ हर्ट आइएस वाउन्डेड
आइटी'स युर्स, थे फाउल्ट आइएस युर्स
फाउल्ट, माइ हर्ट आइएस वाउन्डेड
आइटी'स युर्स, थे फाउल्ट आइएस युर्स
युर फाउल्टी थाउगेट्स
आइटी'स एएलएल गेम्स आइएन युर थाउगेट्स
बुट आई'एम नोट फार बेहिन्द विथ फाउल्टी थाउगेट्स
पटिङ मे आइएन थे डार्कनेस, सिङ मे एलोन
आई फील डेड इवेन ह्वेन आई'एम एलिभ बेचौसे ओएफ युर टच",116
530,Lahure 2,Chhewang Lama,nepali,"आउदैछु हेर तिमीलाई लिन
मन मान्दैन किन हो किन
मन मान्दैन किन तिमी बिना
भनीदेउ तिम्रो बाबालाई
लाहुरे आउदैछ
चुरा धागो सिन्दुर पोते
डोली सजाउदै छ
लैजाने हो तिमीलाई मागेर
बाबाले नमाने जाने हो भागेर
आउदैछु हेर तिमीलाई लिन
मन मान्दैन किन हो किन
मन मान्दैन किन तिमी बिना
कस्तो माया तिमी संग बस्यो
तिम्रो सपना आँखामै सज्यो
आईसके म त तिम्रै त हो नि
हासी खुशी जीवन
अब संगै बिताउने",55
531,Tatepate,Pahenlo Batti Muni,nepali,"तिमीले चाहेको उज्यालो मैदान
म अँध्यारो कोठा ।
तिमीले चाहेको खुला आकाश
म बन्द चार कुना ।
सप्तरङ्गी सपना तिम्रो
टाटेपाटे बैजनी भित्ता म ।
तिमीले चाहेको हँसिलो मुस्कान
म रसाएका आँखा ।
तिमीले चाहेको अँगाल्ने हात
म भागिरहने गोडा ।
मुटुभरी आशा तिम्रो
मायादेखि डराउने मन, म ।
गह्रुङ्गो याद मायाको भारी बिसाउँदा नि
दोधारे चित्त दुखिरहन्छ फकाउँदा नि
सधैँ माया दिनेछु भन्ने साथी तिमी
बितेको पल सम्झि-सम्झि टुक्रिराख्ने म..",57
532,Chudaina,1974 AD,nepali,"छुदैन तिम्रो मायाले
यदी तिमी नै यहाँ नभए
छुदैन तिम्रो माया ले
यदी तिमी नै यहाँ नभए
सम्म मेटिन्नन मेरा मनका त्रिस्नाहरु
यदी तिमी नजिक नभए सम्म
बेथा बढ्छ
चोट पनि अझै थपिन्छ
झन् झन् मुटुमा आगो दन्किन्छ
न बल्झेको घाऊ बल्झिन्छ
भनन मलाई तिम्रो ठेगाना
बताउन मलाई तिम्रो चाहना
मन परेका सबै कुराहरु
चिट्ठीमा नै सबै लेखेनौ भने
झन् झन् मुटुमा आगो दन्किन्छ
न बल्झेको घाऊ बल्झिन्छ
छुदैन तिम्रो मायाले
यदी तिमी नै यहाँ नभए
छुदैन तिम्रो मायाले
यदी तिमी नै यहाँ नभए",65
533,Bikki Gurung - Samjhana,Genius Romanizations,romanized,"आखा जस्तै माँ चा भरि
सम्झना सबै सम्हाली राखी
जादै चु मा तादा कतै
बिर्सी नदिनु मलाई हाई...
बिर्सनुलाई गर्हो चाइन
सम्हाली राखा सम्झना
कस्तो समय रा परिस्थिति
तिम्रो रा मेरो भाग्य जस्तै
सम्झिने लाई सम्झना
बिर्सनी लाई बिर्सना
सम्झिने लाई सम्झना
बिर्सनी लाई बिर्सना...
तिमी नै मेरो सहरा हाउ
तिमी नै मेरो रहरा हाउ
तिमी बाहेक अरू कासले
मलाई बुझ्न सक्च रा...
तिमी बिना को जिन्दगी
खैइ के॰एस को जिन्दगी
ताडा हुनु दारा लाग्छ
बिर्सिनदिनु मलाई हाई..",62
534,Jiwan Hamro,Mantra Band,nepali,"कहिले हुरुरुरुरुरुरुरुरु हावा चल्छ
कहिले झररररररर पानी पर्छ
कहिले हुरुरुरुरुरुरुरुरु हावा चल्छ
कहिले झररररररर पानी पर्छ
यस्तै छ जीवन हाम्रो हुरि बतास सरि
आउ हामी सबै नाचौ गाऔ रमाइलो गरि
यस्तै छ नियम हाम्रो कहिले चैत कहिले झरी
खुसी यहाँ आफै खोज्नु अंगालो भरी
तर झिल्केले हाम्रो कुरा सुन्दैन
आँसु पुछेर हास्नु किन जान्दैन
तर झिल्केले हाम्रो कुरा सुन्दैन
आँसु पुछेर हास्नु किन जान्दैन
कहिले कुहुकुहुकुहुकुहु कोइली गाउछ
फेरि यसै ठाउँ मा न्याउली रुन्छ
कहिले कुहुकुहुकुहुकुहु कोइली गाउछ
फेरि यसै ठाउँ मा न्याउली रुन्छ
यस्तै छ जीवन हाम्रो हुरि बतास सरि
आउ हामी सबै नाचौ गाऔ रमाइलो गरि
यस्तै छ नियम हाम्रो कहिले चैत कहिले झरी
खुसी यहाँ आफै खोज्नु अंगालो भरी
तर झिल्केले हाम्रो कुरा सुन्दैन
आँसु पुछेर हास्नु किन जान्दैन
तर झिल्केले हाम्रो कुरा सुन्दैन
आँसु पुछेर हास्नु किन जान्दैन",109
535,Farki Aaune Chhu,Swoopna Suman,nepali,"म कुरी रहेछु
म पर्खी रहेछु
समुद्र पारीको यो शहरमा
म दिन गन्दै छु
रात कटाउन खोज्दै छु
भत्तेपात्रोमा बुट्टा भर्दैछु
हुम्म हुम्म हुम्म हुम्म
बिति सकेछन्
आज त बाह्रै महिना पो
तिमी छोडी आएको लन्डनमा
ढड्की रहन्छाै तिमी नै गीत बनेर
नाम तिम्रो छ मेरो तनमनमा
सोचेको जस्तो त हुँदो रहेनछ जिन्दगी यो
तर म हिम्मत हारदिन
मायाको बाट यो साह्रै उकालो भो मलाई
तर म हिँदन छाडदिन
फर्केर आउने छु चिन्ता नगर यता बसाँइ सारदिन
भरोसा न तोड तिमी कसम छ झुटो आशामा पार्दिन
फर्की आउने छु चाढै म
फर्की आउने छु चाढै म
फर्की आउने छु चाढै म
फर्की आउने छु चाढै म",85
536,Suchana! Suchana!! Suchana!!!,Albatross,nepali,"यो कस्तो अनौठो
जति, जे गरे नि एउटै परिणाम
नगर्न नि गाह्रो
सम्झना आउँछ त्यही अनुहार
मानवता हराएको सूचना म दिऊ कसलाई?
कोही छ? सुनिलेउ मेरो गुनासो
यो समय फर्केर आउला भनी पर्खी बसेँ
फर्की आई सब मिलाउला भनी पर्खी बसेँ
बुझेनौ भावना मेरो, बुझेनौ भावना मेरो
यो कस्तो अनौठो
जे छैन, त्यसकै खोजीमा किन?
बिताउछौ यो छोटो
समय भनाउँदो फेरी फर्किन्न
सभ्यता बिलाएको सूचना म दिऊ कसलाई?
कोही छ? सुनिलेउ मेरो गुनासो
यो समय फर्केर आउला भनी पर्खी बसेँ
फर्की आई सब मिलाउला भनी पर्खी बसेँ
बुझेनौ भावना मेरो, बुझेनौ भावना मेरो",79
537,Kya Kardiya,Sushant KC,nepali,"क्या कर दिया मुझे तुने?
तुमसे दूर नहीं जाना
क्या कर दिया मुझे तुने?
खुद से ही मैं अंजाना
ये दिल की आग बुझे तुमसे
तेरी याद में अब बीते हर लम्हा
क्या कर दिया?
क्या कर दिया मुझे तुने?
तुमसे दूर नहीं जाना
क्या कर दिया मुझे तुने?
खुद से ही मैं अंजाना
ये दिल की आग बुझे तुमसे
तेरी याद में अब बीते हर लम्हा, हर लम्हा
तेरे बिना मैं तो आधी अधूरी कहानी रे
तोड़ दे रिश्ते पुराने
बन मेरी रानी
मेरी मस्तानी
आ जा पास करे मन मानी रे
योउ केएनओडब्ल्यू थे विबे डोन्ट लिए, डोन्ट टेस्ट मे
ह्वेन योउ रिदिन', योउ राइड आइएन थे बेस्ट सीट
आई फील एलिभ, फील एलिभ बाइ युर साइड
टच डाउन, मेकिङ राउन्ड्स यूपी एएलएल नाइट",110
538,Call Me Didi,Prativa Rani,nepali,"आईएफ योउ ह्यावेन्ट बीन फ्रेन्ड-जोन्ड बेफोर, गेट रेडी टो बे ब्रो-जोन्ड बाइ प्रतिव रानी. क्याल मे दिदी ट्रान्सलेट्स टोकल मे आ सिस्टर.' एएस थे नामे सगेस्ट्स, थे सोङ आइएस एबाउट नोट बेइङ रेडी फोर आ... रिड मोर
सीएसएमसी-सीएसएमसी-क्याल मे दिदी, दिदी, दिदी, दिदी, दिदी, येअह
मैं बिच, आई एएम सुगर कोटिङ शीत फोर या
डोन'टी फल आइएन लोव बिच, माया साह्रै गिद्दी, येअह
सीएसएमसी-क्याल मे दिदी, दिदी, दिदी, दिदी, दिदी, येअह
हे वान्ट्स टो बे माइ ड्याडी भयो भाइ, येअह
डोन'टी फल आइएन लोव बिच, माया साह्रै गिद्दी, येअह
जिन्दगी दुई दिनको, म बाँचेँ १८ वर्ष भो
बेबी, डार्लिङ,"" छाड्दे भाइ, दिदी सुन्दा मन हर्ष भो
हष्टग नेपली ट्याग, चान्स पाए केही गर्छ हो
येअह, दाँत देखा पैसा जहाँ साथ दिने आफै सर्छ हो
रानी-रानी-रानी शिर झुका बोले पनि
तँ 2जीएस मा चल्नेलाई के थाहा मेरो राजगद्दी
प्रगति देखाई दिदा तेरो दुर्गति
आफ्नै लागि काम, मेरो आफ्नै उन्नति
योउ हाते मे, ""ब्लाह-ब्लाह-ब्लाह
बिच, फक योउ'रे नोबोडी
म आफै मेरो काम, तारा-जून पनि
थोरै बोल्ने गर्छु राम्रोसँग सुन् बहिनी
खुसीको भोकमा नआइज रोक्न
कि चाहिँदैन तँलाई ठोक्न?
दुनियाँ स्वार्थी पर्दैन फुर्ती, खुट्टा तान्नु अगाडी सोच् न
मात्तिदै होइन, ताती चाहीँ राछु, मर्ने भए अइज निहुँ खोज् न
कुरा काट्-काट्-काट्, छुरा हान्-हान्-हान्
सक्दैनस् दिदीलाई रोक्न",197
539,VTEN - Yestai Ta Ho Ni Bro,Genius Romanizations,romanized,"सिमसिमे पानी रा जिस्किने नानी
अहिए, चाइन रैछ कान्छी टीएमआरओ बिच्किने बनी
हामी येस्टै टा हो नि, ब्रो
जेली येस्टै टा हो नि हो
हामी येस्टै टा हो नि, ब्रो
जेली येस्टै टा हो नि हो
हामी येस्टै टा हो नि, ब्रो
जेली येस्टै टा हो नि हो
हामी येस्टै टा हो नि ब्रो
हामी येस्टै टा हो नि, ब्रो
जेली येस्टै टा हो नि हो
थिक थाक आफ्नो ठाउ मा बस्छु
राम्रो गाउन सक्छौ
खास मा येस्टै टा हो नि हो
उहा, के॰एस सोचेको होला
हामी लाई के॰एस सोहेको होला
आगी बडिसक्यो हेयर भोटे को चोरा
हास्छु हसाउछु, माह नाच्छु माह नचाउछु
चिलाक्स परामा मासु चपाउछु
झाडु लगाउछु माह दादु ठटाउछु
पार्टी हान्न आइजा बारु दारु मगाउछु
गाँजा सल्काउछु, माह गना घन्काउछु
नचाइदिन्छु आमा, बाउ, दाजु आरडब्ल्यू भौजु
आइजा मेरो घर मा, पार्टी हान्न आइजा
बारु सिमसिमे पानी को पार्ट टीडब्ल्यूओ बनाउछु",119
540,Uniq Poet - Kaam (Romanzation),Genius Romanizations,romanized,"काम चोर को काम चोर्ने मेरो काम
काम गरेर कमाको डामा सोर्ने, मोर थान ह्वाट योउ थिङ्क
फक ह्वाट योउ थाउष्ट
नो टाइम टो थिङ्क, ह्वेन योउ वन्न बे आ बोस
माइ क्रिउ गोट्टा ईएटी, क्याल यूएस हन्तकाले
मारी-मारी काम गरी-गरी खाम,"" भन्छ बाले
अमेरिकन ड्रिम, मेरो म्यान नेपाली
तारा काम छैन राप हाँएर,"" भन्छन् बाले, आह
खाने मुखलाई चेक्दैन जुगाले
सबको आलोचना बिरुद्ध औला उचाल्ने
बेरोजगार को भार साइड तिरा थुपारे
आफ्नै बल बाजो खेत मा फल उमारे
भन्ने बेला अबा आउन लाग्यो चित्तै
पैसा चाइन म्यान को घाउ हुदैन निकै
ओएम डोलर सिवाये, मन्त्र लाई माँ सब कुरामा चोडी
अबा गर्नु थाल्नु पर्यो काम
अबा यूटीएच अनि काम गर्न थाल, मुला
प्रगतिले अरू जाले पानी बाल, मुला
गो गिवे एएलएल योउ गोट, आईएफ नोट योउ दिए
गेट यूजेड टो हस्टल एएनडी थे स्ट्रगल
टिल थे पे योउ बाइ आ डबल
काम गर्न थाल, मुला
प्रगतिले अरू जाले पानी बाल, मुला
गो गिवे एएलएल योउ गोट, आईएफ नोट योउ दिए
गेट यूजेड टो हस्टल एएनडी थे स्ट्रगल
टिल थे पे योउ बाइ आ डबल",152
541,Bhaans Ghari,Bipul Chettri,nepali,"हावा चल्यो यहाँ बेसरी
हल्लियो डाँडापारि बास घारी
उडी जाऊ भने चरी म होइन
बस्न पनि यहाँ मन छैन
पर्खेछु म यहाँ कैले देखि
मेरो ठानी पानी आउँछ कि भनी
एउटै छ संसार यो, एउटै जीवन मेरो जिउन मलाई छ अब
बाच्नलाई नि कति मर्न पर्ने
जानु त जाउ कहाँ, भनु कसलाई म यहाँ
बुझ्ने कोही छैन जहाँ, गुनासो मेरो कसलाई सुनाउने
भीरैभीर यहाँ वरिपरि
आशै आशमा नै जान्छु कि म मरी
हावा चल्यो यहाँ बेसरी
हल्लियो डाँडापारि बास घारी
हावा चल्यो यहाँ बेसरी
हल्लियो डाँडापारि बास घारी",73
542,Sathi Le Bhancha,Mc Flo,nepali,"साथिले भन्छ उसलाई बाच्न पनि पुगि सक्यो
जानलाई उठि सक्यो, मान्नलाई दुखि बस्यो
ऊ भन्न भन्दैन ऊ धेरै पल्ट फुटि सक्को
ऊ जाने थियो तर हिन्ने गाडी छुटि सक्यो
सधै को कामले उसको जवानीनै लुटि सक्यो
कमाउने आशमा छ एक्लोपनमा खुसी सक्दो
बिश्वास छ कसको यहा साथि सबै फाईदा हेर्ने
सोचेर सम्झेर ऊ हरेक पलमा पाईला टेक्ने
सकेन भर्न उसको पेट पनि आफ्नो देशले
नहुदा पैसा आफ्नै मान्छेहरु उसलाई हेप्ने
चाहियो रे घर अनि चाहियो रे गाडी
कहिले न बोल्ने हरु पनि लागोस पछाडी
भन्छ कमाको पैसा पनि रिण तिर्दै ठिक्क
ऊ बस्ने घरमा नि केहि छैन ठिक्क
ईक्षा छन् धेरै ऊ भैसक्यो दिक्क
छैन्न रे आफ्नो कोहि, सब तिर गिध्द
गर्नु छ धेरै कुरा साथिले भन्छ
रहर छ खुसी हुन साथिले भन्छ
जिवन होस अरु जस्तै साथिले भन्छ
साथिले भन्छ मेरो साथिले भन्छ
गर्नु छ धेरै कुरा साथिले भन्छ
रहर छ खुसी हुन साथिले भन्छ
जिवन होस अरु जस्तै साथिले भन्छ
साथिले भन्छ मेरो साथिले भन्छ",134
543,Udaan,Ease is Easy,romanized,"अयिना हेर्दिना मा फोड्चु, हाथ लाउने आफैलाई
आई'एम लिके व्हाइ? किना जिउने किना बच्ने अरूलाई
जिनगी जुवा हो, रा माइले सानेई देखि जित्न सिके
उत्सव रा चितिज हारे, अरू सबल टिक्न सिके
सयद बिक्न सिक्ने, हामी सबै जना बेस्या ह्यारी
आशा पुरा गर्न, केइ ना केइ टा हामीले बेच्या ह्यारी
जन्मिदै लेख्या अरे, नक्ष्यक्त्र मा देख्या ह्यारी
खानु रा निदाउनु नै जिन्दगी को समिक्च्य ह्यारी
लाइफ ओनेटाके टेसमा का ब्रेक हुन्चा
म्यान टुक्रेसी नै बुझे, माया मा नि गिवे एएनडी टाके हुन्चा
मान्छे सब फाके हुन्चा, बाहिर एक फेस हुन्चा
टेसको भित्र को चित्र नदेखाउनु नै बेस हुन्चा
लाइफ'स आ बिच, तारा मेरो लाई भुक्न आउँन
सपना पुरा गार्थे तारा मलाई सुत्न आउँन
आखा टा खुल्ला काम गर्चु तारा उठ्न आउँन
समाज लाई सबै चिज आउचा तारा रुक्न आउँन!!!
आईеआह, संघर्ष ग्यारी फल पाइन
स्रोत्र नि दुश्मन, गन्दै बस्चा माइले के॰एस गाइन
माँचु सनै देखि कुनै दैव अप्नाइन
घर मा लक्ष्मी अयिना, मा नि टीеस्को मन्दिर धाइन!!!
वुई बासी आकास चुनु हो उडाँ
अरुको निम्ती तिमी रुनु हो उडाँ
केइ नहेरी आकास माथि मा उडिराको
फेरी वुई मा फर्किनु नै टा हो उडाँ!!!",164
544,Walking Firiri,Gorkhali Takma,nepali,"कोके को बोटल हातमा, गुइटार बोकी काँधमा
हिंड्दै छु म बाटोमा, आई'एम वाल्किन
आइएम वाल्किन, आइएम वाल्किन, आइएम वाल्किन, आई'एम वाल्किन
आइएम वाल्किन ओन थे स्ट्रीट ओएफ थमेल
कोके को बोटल हातमा, गुइटार बोकी काँधमा
हिंड्दै छु म बाटोमा, आई'एम वाल्किन
आइएम वाल्किन, आइएम वाल्किन, आइएम वाल्किन, आई'एम वाल्किन
आइएम वाल्किन ओन थे स्ट्रीट ओएफ थमेल
रमाइलो यो साझमा, काठमाडाैंको माझमा
ठमेल बजार हाँस्दै छ, खैइरेहरू नाँच्दै छ
ठमेलको रमाइलो, रीक्शा चढि हेर्दैछु
मन भित्रको सारा रहर येही ठाउँमा साँच्दै छु
झिलीमिली शहर, खैइरे कै छ लहर
बग्छ यहाँ डोलर, सारङ्गीको धुनसँगै सरर
आइएम वाल्किन, आई'एम वाल्किन
आइएम वाल्किन ओन थे स्ट्रीट ओएफ थमेल
आइएम वाल्किन, आइएम वाल्किन, आइएम वाल्किन, आई'एम वाल्किन
आइएम वाल्किन ओन थे स्ट्रीट ओएफ थमेल",108
545,Muskuraye,Astha Tamang-Maskey,nepali,"मनका सबै आसाहरुलाई
चुप्चाप राख्दै
आफुलाई बाधेर
राखेको थियौ
संसारका रङ्गहरुलाई
मनको कुन कुनामा लुकाएको थियौ
तर आज धेरै पछि खुशीले
हासेको देखे फेरी
तिमी बाचेको देखे त्यसैले
तिमीलाई हेर्दै
मुस्कुराए
मुस्कुराए
मुस्कुराए
मुस्कुराए
अरुलाई सधैं अघी राखेर
आफुलाई बिर्सी दिएको थियौ
सबैलाई आफ्नो साथ दिएता पनि
आफुलाई किन एक्लै छाडिदियौ
तर आज धेरै पछि खुशीले
हासेको देखे फेरी
तिमी बाचेको देखे त्यसैले
तिमीलाई हेर्दै
मुस्कुराए
मुस्कुराए
मुस्कुराए
मुस्कुराए",44
546,Manche,Mc Flo,nepali,"म पनि एउटा मन्छे हो
समय परिस्थितीले हल्का जान्ने भो
मेरो कथा बुझ्ने भए एता ध्यान दिनु
जति दुख आए पनि जिवन बाच्दिनु
मैले झुठ बोले धेरै
जब बोल्नु हुन्नथ्यो, मैेल मुख खोलेँ धेरै
बुझ्छु म धेरै कुराहरु सुन्छु म धेरै
सम्झना गर्नेहरु बाट छुट्छु म धेरै
तेसैले आफ्नो बोलि मात्र सुन्छु म धेरै
न छोईएका कुराहरु छुन्छु म धेरै
आफ्नो बाटो हिनिराको छु म छुट्टै बस
प्राय हावा सोच राख्ने मलाई बुझ्दैनस
मेरो शब्दले मन भित्र छुदैन
जब सम्म पशुबाट मान्छे हुदैनस
सपना बोक्ने मन तेरो रित्तो छ
कडा चुनौति नभोगेकोले गिलो तँ
मेरा गितहरु सबै आफ्नो एैना हुन
खुसि दुख आँसु हासो फेर्ने महिना हुन
हिजो आज सबै देखि टाडा भैराछु
जति जे जे भए पनि म त गैराछु
मेरो साथि म खोज्छु यहा मै आफु
कस्को भर पर्नु यहा मै आफु
आँधि आउदा बिच बाटोमा साथ छोड्ने धेरै
अरुलाई आफ्नो सोच्दा बिश्वास तोड्ने धेरै
मैले हात जोडे धेरै, साथ खोजे धेरै
अनि दुखि बनाए मलाई आफ्नोले धेरै
अहिले म हिन्ने बाटोमा कोहि छैन मेरो
आफ्नो ज्योति आफै भएकोले छैन अधेरो
लढेको, गर्दथे आफुले सकेको
अहिले हेर्दा मेरो आफ्नो झोला पनि छ भरेको
नया बनेको, आफ्नो हितमा चलेको
सुन्न छाडेँ मैले अहिले कस्ले के के भनेको
सानो प्रयासले दिनरात छर्यो प्रकाश
अण्डरग्राऊन्ड बाट आयो आवाज खोलि नकाब
आगोको झिल्कोले पायो सानो बताश
अबको दिनमा बन्दै छ हाम्रो दरबार
तँ जस्तै मान्छे मेरो फरक संसार
देख्याछु मैले धेरै कुरा तैले भन्दा
मेरो संसारमा सद्भाव र खुला आकाश
हाम्रो फ्लोटिम परिवारमा हर्ष उल्लास",204
547,Sushant KC - Kaha Jau,Genius Romanizations,romanized,"हेरा हेरा सुना ना भनी, तिम्रो नाम मा कति करौ
मेरो साथ रहने त्यो बाचा हरू कसरी भुलाउ
तिम्रो तस्वीर हेरी यो रात हरू कतै रहेछु
दिन भरि फेरी किना तिम्रो याद ले सतै रहेछ..
आखा को यो आसु रोकी, मुटु को यो माया चोपी
काहा जाउ माया ....
थिङ्किङ 'बाउट थे डेज ह्वेन वे यूजेड वाल्क
होल्दिन ईएच ओथर्स ह्यान्ड्स एएनडी वे टाल्क्ड
आई विल नेवर लेट योउ सीआरआई, लेट यूएस फ्लाइ टो सोमेवायर फार एक्रोस थिस वर्ल्ड
बुट मेब आइटी वास मिन्ट टो, बेबी आई जस्ट सेन्ट योउ
ब्रेकिङ थिस हर्ट एएनडी ब्रेकिङ थे लोव
आई विल नेवर लेट योउ सीआरआई, लेट यूएस फ्लाइटो सोमेवायर फार एक्रोस थिस वर्ल्ड
हेरा हेरा सुना ना भनी तिम्रो नाम मा कति करौ..
उडी उडी जाने चरी झै, भुर्रा उडेर काटा हरायौ
पाँखा फजाई सारा बादालाई बादल मा हरायौ...
आखा को यो आसु रोकी, मुटु को यो माया चोपी
काहा जाउ माया ....
थिङ्किङ 'बाउट थे डेज ह्वेन वे यूजेड वाल्क
होल्दिन ईएच ओथर्स ह्यान्ड्स एएनडी वे टाल्क्ड
आई विल नेवर लेट योउ सीआरआई, लेट यूएस फ्लाइ टो सोमेवायर फार एक्रोस थिस वर्ल्ड
बुट मेब आइटी वास मिन्ट टो, बेबी आई जस्ट सेन्ट योउ
ब्रेकिङ थिस हर्ट एएनडी ब्रेकिङ थे लोव
आई विल नेवर लेट योउ सीआरआई, लेट यूएस फ्लाइ टो सोमेवायर फार एक्रोस थिस वर्ल्ड",195
548,Bujhis,Mc Flo,romanized,"मा संग एउटा कलम चा मा त्येसले कथा हरू केर चु
ब्यथा हरू लेक्चु जे॰एस जे॰एस देक्चु जाबा जाबा बासी हेर्चु
येता उता, अघि पाची फर्की फर्की भूत भविस्य जिन्दगी को मेरो
मा समाजको साधारण पत्र सानो चडा देखि आजा सम्म पानी त्येस्तै
बदलिन्न मा कसै को लागी मा सबै को साथी, सधैव माथि
उच्च बिचार बोकी, कसलाई लाई ना कति सबै को हात थामी
मा एम नेपाली, मा पहाडी, मधेशी हिमाली
सगरमाथा मेरो सिर, ठूलो मान बोक्ने चाटी
मा सहशी, पौरखी, बिश्वाश चा आफू माथि
गर्चु काम पुरखा को सिर ठाडो पार्नी
मा राष्ट्रबाढी, आन्दोलनकारी, मा प्रहरी मा नै हु आर्मी
मा हु 21 साउ सताब्धि को नया कहानी, नव जव्नी
चा राम्रो बाँइ त्येसाले सब भन्दा दामी...उह्ह
मा यो उ भन्दिन, मोलटोल गर्दिन
सोझु चु त्येसालिए कसै को अगाडी ढल्किन्न
मा थुक बन्दिन, मा चुप बस्दिन, टा सुत तारा मा भुस हुदैन
जान्दिन हेरो पल्टिना, मान्दिना झुठो भविस्य
थचियाना भाग्य अदृश्य, करमा को मा भर गर्चु
समय झै अबिरल, मा अघि बढ्दा चु
साधै नै अबिरल, मा अघि बढ्दा चु
ना पार भर गर गर टा सब आफू सब सको टा
सरको चा सरो गरो, गरो सरो पेयरी
चडो गर बढ टा बढ अझै अगी बढ परेर सब
सबलाई साधै पाची...बुझिस ?",182
549,X-LOVE (मेरो X को छम्मा),Sirjina Khatri,nepali,"एमआर.आरजे
हाउडेमाया
मेरो पछिपछि सारा दुनियाँ
आज मेरै छ दिन
मोडल सोडल मुठ्ठिमा राख्छु
म हुँ पुरा युरोपको किङ
मेरो एक्स को छम्मा, छम्मा, छम्मा
मेरो एक्स को छम्मा, छम्मा, छम्मा
गजवको माल यार लुक्स सो होट
पैसा सैसा चैट! सोल्टीको पैसा सैसा चैट!
चैट चैट चैट
ओ युरोप को किङ , अब कति दिन
अति भो अति तेरो बिग्रेको मती!
दुनियालाई रुवाईस् नि
तं नजिक छ खती
मलाई त लात हानेर फालिस्
अहिलेको तेरो त्यो रख्खेल की श्रीमती???
(हाहाहा)
तेरो लाईफ ए! गर् नत गर् मोज तर एउटा कुरा सोच्
ईमान्दारिताको बाटो हिडीराको केटी!
अनेक बाहना बनाएर भेटी
आफुलाई प्रोव गर्न ईमानदार बनिस्
आफ्नो सारा पास्ट बताईस् , माया गर्छु भनिस्।
मेरो कोमल हृदयले तेरो पिडा देख्यो
रगतले तेरो नाम मुटुमा लेख्यो
खुब मायां क्यारे गर्थ्यौं, घण्टौंसम्म कुरा हुन्थ्यो
दुख साट्थ्यौं,सुख साट्थ्यौं दुबैको आंखामॉ आंशु झर्थ्यो।
भन्थ्यौ नी, हाम्रो एउटा छुट्टै संसार हुन्छ, त्यहां एउटा सानो घर हुन्छ
जिन्दगीको सहयात्री हामी, बुढेसकालमा एकअर्काको भर हुन्छ
सुनन! कता कता मलाई डर लाग्छ भन्छौ नि माया तिम्लाई गर्छु त
मैले तिम्रो लागी सबथोक त्यागेकी छु,छुट्नुपर्यो भने मत मर्छु त
ओह माइ लोव! योउ केएनओडब्ल्यू म कति मटुरे छु, मेरो पनि समाजमा ईज्जत छ
तिमी जस्तो असल केटी बल्ल त पाको छु छुट्नुपर्यो भने मलाई कति दुख्छ।
ढुक्क होउ तिमी कहिल्यै रुनु पर्दैन
मेरो कारण दुखी कहिल्यै हुनुपर्दैन
बेचौसे आई लोव योउ, आई लोव योउ
आई लोव योउ, आई लोव योउ",202
550,Laideu Maya,Sambhujeet Baskota & Devika Pradhan,nepali,"हे
हे
ओह-ओह
लाइदेउ, लाइदेउ, माया लाइदेउ (हे संगीता)
जुगजुगै बित्ने माया लाइदेउ (हे संगीता)
लाइदेउ, लाइदेउ, माया लाइदेउ (हे संगीता)
जुगजुगै बित्ने माया लाइदेउ (हे संगीता)
हिजो पनि तिमी मेरो, आज पनि तिमी मेरो
हिजो पनि तिमी मेरो, आज पनि तिमी मेरो
जतिजति जन्म हुन्छ, त्यतीत्यती तिमी मेरो
जतिजति जन्म हुन्छ, त्यतीत्यती तिमी मेरो
हे संगीता, हे संगीता, हे संगीता, हे संगीता
लाइदेउ, लाइदेउ, माया लाइदेउ (हे संगीता)
जुगजुगै बित्ने माया लाइदेउ
तिम्रो बोलीले मख्खै पर्यो
तिम्रो हेराईले लठ्ठै पार्यो
तिम्रो बोलीले मख्खै पर्यो
तिम्रो हेराईले लठ्ठै पार्यो
तिमी मेरो आँखाको तारा
तिमी मेरो एउटै साहारा
तिमी मेरो आँखाको तारा
तिमी मेरो एउटै साहारा",90
551,Aruna Lama - Himal Sari,Genius Romanizations,romanized,"हिमाल सारी मा आग्ली र्हेचु
समाता, समाता, समाता मलाई
बादल सारी मा पग्ली र्हेचु
सम्हाला, सम्हाला, सम्हाला मलाई
हिमाल सारी मा आग्ली र्हेचु
समाता, समाता, समाता मलाई
बादल सारी मा पग्ली र्हेचु
सम्हाला, सम्हाला, सम्हाला मलाई
यी तारा कति चान मा गन्न स्कुनला
यी तारा कति चान मा गन्न स्कुनला
तारा तिम्रो मायाँ केटीआई चा नसोधा
झाँ बरले पिप्पल अंगालर बस्चा
झाँ ब्राले पिप्पल अंगालर बस्चा
तिम्रो मेरो साइनो टाइटाइ तिरा खोजा, टाइटाइ तिरा सोधा
दुलाही सारी मा रंगिरहेछु
उचाला, उचाला, उचाला मलाई
बादल सारी मा पग्ली र्हेचु
सम्हाला, सम्हाला, सम्हाला मलाई",75
552,Dui Rupaiyan,Laure,nepali,"नमस्कार! ध्यान दिएर सुन्होस है यो समाचार
खबरदार, कसैको मुखबाट फुत्कियो भने यहाँ हुन्छ सबैको बल्तकार
पैसाको हेराफेरी यहाँ हुन थालेछ लगातार
अगाधारी दुई जिब्रे, एक-सय-एक छन् कलाकार
खल्लास, तीनता तासको हुँ फरास
एक्का र बदशाहा होइन, दुक्कीको भाई राखेको छ तलास
त्यो मर्ख साथीको पकड भन्दा चलाख दुस्मन चकार बाहुन्न
घुस्सा त्रीपन्न थकर खाँदा मुखबाट आमा चकर निस्कियो
के खालको तरङ्ग आउछ पति बनाको पत्नीमा?
जडियाँलाई कुनै टेन्सन हुन्न सितान बिनाको चटनीमा
साँचो कुरा बोल्ने ठाउँ त्यही रक्सीको भट्टीमा
तर झुट बिक्छ अदालतमा पैसाको भक्तीमा
ओ, मेरो भगवती माता मैया, पैसाको कुनै पनि नाता छैन
नचाँउछ यसले ता-ता-थैँया, कता गयो मेरो दुई रुपैयाँ?
ओ, मेरो भगवती माता मैया, पैसाको कुनै पनि नाता छैन
नचाँउछ यसले ता-ता-थैँया, कता गयो मेरो दुई रुपैयाँ?
ओ, मेरो भगवती माता मैया, पैसाको कुनै पनि नाता छैन
नचाँउछ यसले ता-ता-थैँया, कता गयो मेरो दुई रुपैयाँ?
ओ, मेरो भगवती माता मैया, पैसाको कुनै पनि नाता छैन
नचाँउछ यसले ता-ता-थैँया, कता गयो मेरो दुई रुपैयाँ?
हिंडे म लै भनी, कता यो गाउँ खाने, सबैलाई घुमाउँछ फनफनी (फनफनी)
हिंडे म लै भनी, खबर यो सनसनी, कमाइ गन्छु खनखनी (खनखनी)
भलो होस् भनी सब गर्छन प्राथना तर म गर्छु भ्रासना
प्रचल्ला गर्दै, बस्नाको यतनाले सिकाउछ जब पाठ
छुटिन्छ थुप्रै साथ पछि रँन्छस् दिन-र-रात
प्रचार प्रसार गर्दै खपरको बिचार
झटपटको त्यो माल छलकपटको हो संसार
खेल हो यो बुद्धिको, खेल हो यो कुर्सीको
लागाँउदै जुक्ती, पाउन्न मुक्ती, खेल हो जस्तै कुस्तीको
देखाउनलाई हैन हात लाउनु पर्दैन त्यो दुईताको खेल हो सब
बुझेर नबुझ्ने, म हुँ को, यसको मतलब बझ्, आई एएम वेरी ब्रोक
भेँजा भो भेँजा भो मेरो दिमाग, हात पारुँ, हात पारुँ कसरी माल
काग र जुरेलीको यो हो बिलाप, दैडाँदैड र भग्मभाग",261
553,Maichang,Jay Author,nepali,"रेकर्ड गर् न, रेकर्ड गर् न
बाँझो खेतमा छड्के सलाम छ मायालाई पहिलो दिनमा
हे, हे
जहाँ गएँ पनि देखिन्छ
घाटी सबैको फर्काएर नै बाँचिन्छ
मेरो टोलीको आँखा पर्यो तिम्रै परि
तिमीलाई हेरना साथ देख्दिन वोरी-परी
मेरो बोकाको पारा निस्कि हाल्यो नि तिमीलाई देख्दा
फसिनै गयो नि पहिलो भेटमा
लगाउनु पर्यो कि तिमीलाई दाते मा?
एयी, शव्ती कोम एएनडी टाके आ सिप, योउ डोन'टी नीड टो ट्रिप
एएलएल इयेस ओन योउ सबै विजिल्यान्ट
मेब आइटी'स युर वाल्क ओर थे वे योउ काउस आ स्सेन
मेब थे वे योउ टाल्क, मेब आइटी'स मेबेलेन
थाट'स आ बड गर्ल लुकिङ एएलएल थिक
आइटी'स बेटर आईएफ आई सी योउ डो आइटी ओन थे—
लेट मे सी योउ बस्ट आइटी बेफोर थे हेनी किक्स
अफ्टर आई बिट आइटी फ्रोम थे ब्याक, लेट मे टाके आ पिस
लुक एटी योउ लिटल, कान्छी
आई सी सोमेथिङ ओन थे सीयूपी, सो शे गेट थाट बज्जियाना
शे टाके हेर बज्जियाना विथ आ बिट ओएफ ट्रोपिकाना
इवेन थाउग आइटीएस कोल्ड शेस ड्रेस्ड यूपी फोर बहमास
शे लोव थे टोंगु रोल ह्वेन आई स्पीक 'ईआर बडी ल्यान्गुएज
सैद शे नेवर मेट आ नेपालेसे स्पीक स्पनिश
इ म्यामासिटा, इरेस सोल्टेर
आई सी योउ लिके टो लाइव ला विदा लोका",179
554,Khoj,Arthur Gunn,nepali,"आउ सुनाउ तिम्रो जिवनी
यो अध्यारो हटाउने सुर्योदय
जाउ, गुनगुनाउ तिम्रै जित
यो बिहानीमा बलेको आगो
जाउ संसारको हरेक कुनामा
यो हावामा उडने हवाइजहाजमा
अपनाउ जीवनको नयाँ पललाई
फेरिने मौसमलाई अपनाए झै
खोज आफैमा रहेको रहस्य
जीवनलाई मात्र काफी छ जिउन
आफैमा हुनेछ त्यो वरदान अब
नपरोस तिमीलाई कसैको रगत पिउन
जानेभए जाउ फर्केर नआउ
कसले छेक्न सक्छ र उडने चरिलाई?
जाउ बुझाउ तिम्रो मनको आगो
कसले रोक्न सक्छ र बग्ने पानीलाई?
लानेभए लग के चाहिन्छ तिमीलाई
लाज नमानी चाहिने जती सबै लग न
देउ के दिन्छौ मनैबाट तिमी दानीले
सदाझैँ सही बाटोमै तिमी बग न
खोज आफैमा रहेको रहस्य
जीवनलाई मात्र काफी छ जिउन
आफैमा हुनेछ त्यो वरदान अब
नपरोस तिमीलाई कसैको रगत पिउन",94
555,Sa Re Ga Ma Pa,Astha Tamang-Maskey,nepali,"नीलो सागर, नीलो आकाश
अटाएको छ आज मेरो अंगालोमा
मेरो अंगालोमा
सुनौलो किरण, इन्द्रेणी रङ्ग
सजिएका छ आज मेरो आँखामा
मेरो आँखामा
नाँचे-छल सित म, लेखे तिम्रो नाम बगरमा
लहरलाई छकाउदै
सगरी छालको अन्जान रागिनीसित
आज गुनगुनाए म
सा-रे-ग-म-प
छरिए म बादलसित
बतासमा मिसिए सुवास बनि
सुवास बनि
छहारासित झरे छेके अवारा नदिलाई
बाधे किनारा बनि
छितिज हुन हिंडे खुशीहरु सित रमाई
आज गुनगुनाए म",53
556,Missing You,B-8eight,nepali,"सोचेर तिमीलाई यो दिन बित्दैछ
सम्झेर तिमीलाई यो आँखा रसाउछ
के गरु कसरी भनु म तिमीलाई
सक्दिन बिर्सन तिमीलाई
मलाई जस्तै तिमीलाई पनि हुन्छ कि
अंगाली सिरानी तिमी रुन्छौ कि
याद आई सताउँछ कि तिमीलाई रातै भरि
मलाई पनि आँउछ केवल तिम्रो नै सपनी
आइएम मिसिङ योउ, प्लिजिङ योउ, बेबी, लिस्टेन ह्वाट आइएम सायिङ टो योउ
आई'एम ओन माइ क्नीस, ल्याडी, एएनडी आई कीप ओन थिङ्किङ ओएफ योउ
योउ केएनओडब्ल्यू आई लोव योउ सो मुच, आई मिस योउ स्लाइटेस्ट थाउगेट्स
आई मिस युर हुग, बेबी, थे वे योउ स्मीले थे वे योउ टाल्क
अलरेडी बीन थ्री एएनडी हल्फ यियर
आई'एम टु लोनेली विथ युर लेटर्स एएनडी थिस टेडी बियर
मार्क आइटी ओन आ क्यालेन्डर आई विल बे ब्याक होम
बेबी, मे बे थिस डिसेम्बर
आई डो रिमेम्बर ह्वेन वे हाड ओउर फर्स्ट किस
आई डो रिमेम्बर फर्स्ट टेक्स्ट योउ सेन्ड टो मे
येअह, आई रिमेम्बर एएलएल थोसे प्रमिसेस वे माडे
एएनडी आई रिमेम्बर युर स्मीले ओन योउ फेस",141
557,Mr.D - Wild,Genius Romanizations,romanized,"यो, पैसा धाका नदेउ, सोल्टी, मा थुक्दिन्छु पैसा को गद्दी मा
मलाई नखोजा ठूला-ठूला रेस्टौरेन्ट मा
मा भेटिन्छु टोल गाउको भट्टी मा
येदी तिम्रो बाउ ले मलाई वेत्न बोलाये
मा आइदिन्छु सेन्दो रा चड्डी मा
किना की रगत हैन, रक्सी जम्या चा हाम्रो सरिर को हड्डी मा
तिमी एटीआई भौ नि नखाउ सोल्टी, तिमी हैनौ प्रियंका-कात्रिना
तिम्रो मेकअप ले तिमी बलेको चौ, तिमीलाई फिट गर्दिन्छु बत्ती मा
तिमी जस्तो क्वीन लाई फिट्ने गर्चु खेल्दा तास को पट्टी मा
जैले पैसा हैन, गजा भेटिन्छ हाम्रो प्यान्ट को खोल्ती मा
कति ना सुक्य टिग्रा देखाई तिमी, गठ वाला को साथ मा चौ
केटीए को पैसा मा पिज्जा चाहियो तिमलाई
घरमा को भुटेको भाट खाँचौ
एउटा लाई धुत्न पुग्दैन तिमी, हजारौ संग बाट मर्चौ
चार ठाउ मा केटीए खेलाउदै हिडा, पाची भेट्चौ तिमीले आत्ति बुडो
सत्य तथ्य कुरा एही गर्चु मा, बनाउदिन हाई पाची कुरो
तिमी भन्दा टा मा कस्सम, मेरो लागी हो साधै रक्सी ठुल्लो
खतराक्न, हामी खतर्नक
हाम्रो पारा नै कहतरनाक
खतराक्न, हामी खतर्नक
हाम्रो पारा नै कहतरनाक
विल्ड, हामी बौला हो
विल्ड, हामी बौला हो
विल्ड, हामी बौला हो
विल्ड, हामी बौला हो
विल्ड, हामी बौला हो
विल्ड, हामी बौला हो",167
558,Hazaar Sapana,1974 AD,nepali,"जाँदै छु टाढा, भारि छ मन
धेरै छ गर्नु, छाेँटाे जीवन
सम्झन खाेज्दा आतिन्छु झन्
हजार सपना अधुरै छन्
जाँदै छु टाढा, भारि छ मन
धेरै छ गर्नु, छाेटाे जीवन
सम्झन खाेज्दा आतिन्छु झन्
हजार सपना अधुरै छन्
बिरानाे देशमा गाउँघरकाे माया
तापभुमिमा हिमालकाे छाँया
लागेकि मुगलान अन्धविश्वासमा
पर्ला कि फेर्न बन्द आकाशमा
विर्सेर बस्न, दशनङ्रा घस्न
सिकाैँला दैवकाे दयाले
बनाउँदै हिँड्दा सुनका नगर
आँखामा घुम्छन् आगनि घर
दशपुस्ता बढि लाहुरकै भर
नयाँ नेपालकाे कहाँ छ बगर",60
559,Sara Sansar,Mantra Band,nepali,"सारा संसार तिम्रै निम्ति
सपना सारा तिम्रै निम्ति
मुटुको धड्कन तिम्रै निम्ति
जुनि जुनि तिम्रै निम्ति
मेरो यो मनको बागमा
फुलेको फुल तिमी नै हौ
मेरो आशाको दिप मा
जलेको ज्वाला तिमी नै हौ
हो या या यो औ ओ औ ओ
हो या या यो औ ओ औ ओ
हो या या यो औ ओ औ ओ
हो या या यो औ ओ औ ओ
सारा आकाश तिम्रै निम्ति
सारा धर्ती तिम्रै निम्ति
खुसी उमंग तिम्रै निम्ति
तिम्रो हृदय मेरो निम्ति
मेरो यो मनको बागमा
फुलेको फुल तिमी नै हौ
मेरो आशाको दिप मा
जलेको ज्वाला तिमी नै हौ
हो या या यो औ ओ औ ओ
हो या या यो औ ओ औ ओ
हो या या यो औ ओ औ ओ
हो या या यो औ ओ औ ओ",109
560,Ek Yatra,Arthur Gunn,nepali,"सबैको एउटै कुरा, गर्नुछ धेरै पुरा
तर पाईला सार्दा सार्दै बित्ला समय
एकैछिन म बिर्सिदे जिन्दगीको सबै समस्या
साना साना कुरामा म रमाएँ
बदलिन्छन समय हरेक मौसम सरी
बितेका कुरा बिउझाइ मैले के नै पाए?
एकैचोटी जिउने यो जीवन
बिताउ हासेर, मनमा भरिदेउ उमंग
बाडौ माया साचेर
बढदै छु आज अघी
पछाडी फर्की हेर्ने छैन
तर याद र माया मेट्ने हैन
यस्तै रैछ जिन्दागीको बाटो
कसैको जीत, कसैको हार
आफुलाई चाहेको कुरा तिमी गर आफै पुरा
नपर तिमी कसैको भर
एकैचोटी जिउने यो जीवन
बिताउ हासेर, मनमा भरिदेउ उमंग
बाडौ माया साचेर",75
561,Sakdina Ma Bachna,Melina Rai,nepali,"तिमीसँग जोडीएका छन् मेरा रहरहरू
तिमीसँग जोडीएका छन् मेरा रहरहरू
तिमीसँगै बितोस् मेरा सुखदुःख प्रहरहरू
तिमीलाई आफ्नै बनाई, तिमै बन्छु म
खाएँ कसम आज मनको कुरा भन्छु म
सक्दिन म बाँच्न तिमी बिना
सक्दिन म बाँच्न तिमी बिना
सक्दिन म बाँच्न तिमी बिना
सक्दिन म बाँच्न तिमी बिना
मने रोजेको, आँखा खोजेको एउटै चाहना तिमी
हो, मने रोजेको, आँखा खोजेको एउटै चाहना तिमी
यो मनको धड्कन अनि मेरो जिउने
एक मात्रै बहना तिमी
जिन्दगीको घामपानी सँगै सहन्छु म
खाएँ कसम आज मनको कुरा भन्छु म
सक्दिन म बाँच्न तिमी बिना
सक्दिन म बाँच्न तिमी बिना",79
562,THUG LIFE,Shuprim Gelang Magar,romanized,"पारा हेर्न मेरो हाँदै हिन्छु थग्लाइफ
सत्य मा बदल्न सक्छु माइले डेको गुफलाई
अल्क्सी चुमा तारा राप मा स्टेटस चा ओनलाइन
थाक्दिन मा राप हानेर हान्न सक्छु लोङ टाइम
मा किना पड्न पर्यो चाममा पदी डिग्री
नेपाल मा हुदाता ठीकै थियो बाहिर गयेर बिग्री
चाइन केइ को फिक्री जाबा पोजिटिभ चा जिग्री
चाइन माता फाके जस्तै त्सुनामी को चिख्री
18 बर्सा पुगिसके तारा मलाई बाल हो
माँ चा एकदम सफा तारा फोक्सो निकै कालो
चोड्डी मेरो बाटो एक्सा मेरो पालो
सबै रामरी केटी हारू को वाई हो मेरो सालो
माता चाममा माथि चाँद्नी
अनि खेती पाटी गर्नी
फेरी सोजो हुना खोज्छु तारा जैले पानी होर्नी
माता जो संग नि लाद्नी
सोच्छु कैले अगी बाद्नी
अझै धेरै गर्नु चा वर्खर सुरु वाचा जर्नी
ठाडो ठाडो मेरो केश
स्वागी स्वागी मेरो ड्रेस
माता इलेट्स पानी गर्दिन मा बस्छु मेरै देश
मेरो आफ्नै एफबी पेज
टेसमा थरी थरी गुएस्ट
बुटवल देखि धारण सम्म मेरो फान बसे",130
563,Concert Skit,VTEN,nepali,"वेटेन, वेटेन, वेटेन
हेल्लो, हेल्लो
चेक चेक
ओने, टीडब्ल्यूओ, ओने, टीडब्ल्यूओ
वेल्कोम गुयस
थान्क योउ एएलएल फोर कमिङ आउट
पोखरा 2019, जानुअरी 1
सब जनालाई मेरो कन्सर्टमा वेल्कोम छ गुयस
वेल्कोम टो माइ लाइफ मोथरफकर्स
बिच...",27
564,Fakauna Ma,Sushant KC,nepali,"शीश हार्दिक
केही रात बिताएर हेर
म बिना अनिन्द्रा
भए म बिरामी, म बिरामी
केही दिनको कुरा तर
सबै सन्चै हुन्छ
मन तुरुन्तै त कहाँ ठिक हुन्थ्यो र?
सबै भुल्दै म गाडीमा तिमीबाट टाढिन
हुन्थ्यो र, कि हुन्थेन सोच्दै
डिसिजन्स ओएफ थे हर्ट नेवर इम्प्रेस मे
बुट आई डो आइटी फोर सोमे लोव
योउ गोट्टा लिव आ लिटल रुम फोर फोर्जिभनेस
माइ फाउल्ट, टर्न अराउन्ड
तिमी रिसाए, हँसाउन्न म
फेरि रिसाए, फकाउन्न म
के गरूँ भन, के गरूँ भन
तिमी रिसाए, हँसाउन्न म
तिमी रिसाए, हँसाउन्न म
फेरि रिसाए, फकाउन्न म
के गरूँ भन, के गरूँ भन
तिमी रिसाए, हँसाउन्न म",82
565,Saacho Kuro,Yabesh Thapa,nepali,"ए हेर न कति अँध्यारो
फेरि पनि तिम्रै मुहारको याद आयो
त्यो मुस्कुराइ रहने तिम्रो बानी
अत्तोपत्तो छैन मलाई जानीनजानी
माया बस्यो कि क्या हो?
थाहै नपाई कन मलाई तिम्रो लत लाग्यो
यो कफी पिउँदै तिम्रै कथा सुन्दै
तिम्रै आँखाहरू भित्र हराउँदै
थाहा छैन मलाई के भयो
तर साँचो कुरा भन्नु पर्दा
यो मुटु भित्र केही भएकै हो
थाहा छैन कसरी थापाउने होला
यो मुटु भित्रको कुरा कसरी बुझ्ने होला
मलाई लाग्यो तिम्रो लत, तिमी अति ग्लामोरस
फिक्का लाग्छ अरु सब, येअह
३६५ डेज चाहिँदैन मेरो लागि
एकपल काफी छ फोर मे टो फल आइएन लोव
तिम्रो लागि चाँगे गर्छु सबै हबित म
तिम्रो आँखा सारै म्याजिकल
भोलि कसले देखे छ र?
तर थाछ तिम्रो अंगालोको परादिसे मा
हुन्छु एकदम ह्यापी म
तिमी जुलिएट म तिम्रो पागल रोमियो
तिमी मेरो साथी, मेरो बेस्टफ्रेण्ड, मेरो होमी हो
तिम्रै यादमा जैले दुबी बस्छु
मैले चालै पाइन मुटु कतिखेर चोरी भो
किनकि, योउ स्वीटर थान थे वाइन्स
अरु भन्दा भिन्न छौ योउ'रे थे फाइनेस्ट
तिम्लाई राख्छु म रानी बनाई सधैं आफ्नै साथमा
लिके योउ आरे माइ हाइनेस",148
566,Chauki Skit,VTEN,nepali,"हेलो हेलो हेलो सर हेलो
हेलो अँ, लुइटेल सर
हैन ढुङ्गाना सरलाइ बोलाउ, ढुङ्गाना सरलाइ
ढुङ्गाना सर र लुइटेल सर दुइजना आउनुपर्यो एता
हजुर
हैन घरमै छ रे, घरमै छ रे त्यो
रोगर, यो हाम्रो प्याट्रोलिङ भ्यारो अफ गर्नु है, ओवर
अँ, गाडि पाठाइदेउ, गाडि गाडि
बिस्तारै जानुपर्छ, बिस्तारै जानुपर्छ
नत्र थाहा पाउँछ के
पुलिस चौकि भित्र दारु खाँदै मस्ती?
हामीले त गर्न पा छैन, तैँले? आम्मा-म्मा-म्मा-म्मा
अब देखाउनु पर्यो तँलाइ पुलिसको पावर
हँ",65
567,Samjheyra,The Edge Band,nepali,"सम्झेर ति दिनहरू फेरि
मुटुको आलो घाउ बल्झिन्छ
कल्पेर हर रातहरू फेरि
आँशुले सिरानी भिजाउछ
भन तिमी आफै नै मलाई
माया गर्नु तिमीलाई भुल भो कि
तिम्रो मायामा विश्वास गर्नु
कतै मेरो आफ्नो नै दोष हो कि
केही गरी अब त्यो झुठो माया बिर्सुला
भोली कुनै दिन यो माया सम्झि
तिमी पनि एकलै तद्पिने छौ
सम्झना बोकी तिमी त्यही गोरेटोहरूमा
मलाई खोज्ने छौ
संगैसंगै हाँसेको, सुख-दुःख साँटेको सम्झिने छौ
निर्दोषी यो मायालाई सम्झी रुनेछौ
सम्बन्ध के जोद्छौ तिमी
साथ के पो दिन्छौ तिमी
बगी जाने आँशुको व्यथा बुझ्न
वाचा के पो गर्छौ तिमी
आश के पो दिन्छौ तिमी
दुखेको मुटुको धड्कन सुनन",83
568,Kapolkalpit Sapana,Shashwot Khadka,romanized,"राखियेका यी, नाम हरू लियी
बोलाउनु म्यान चा मायालु तिमी लाई
परिस्थिति रा भावना बिचा
अल्झी रहेछु दोषा दिउ मा कसलाई
प्रयास गरे होला, कति हजार माइले
तिम्रो चेउ आयी तिम्रै आखा मा
हराउने
तारा ठाहाँ चाइन तिमी
उस्तै चौ की नै मायाँ
नवेते सम्म तिमी मेरो
कपोल कल्पित सपना
मायाँ
के॰एस दिन हो, के॰एस रात हो कुराकानी गर्न
समय कुनै निश्चित चाइन
यी साँसरिक बाधा हरू सबै
तिमी सामु आयी बिलाई दिन्छ
मा तिम्रो तस्बीर संग बोल्ने गर्दछु
हवाई आयी जिस्काई दिन्छ
तेही हावा मा भावना हरू पठाउछु मा
सुन्चौ तिमी वनेर",74
569,Ma Pyar Bechidinchhu,Asha Bhosle,nepali,"आ, ह
म प्यार बेचिदिन्छु, बहार बेचिदिन्छु
म प्यार बेचिदिन्छु, बहार बेचिदिन्छु
को किन्छ मेरो, किन्छ मेरो
दिलको झङ्कार बेचिदिन्छु?
म प्यार बेचिदिन्छु, बहार बेचिदिन्छु
को किन्छ मेरो, को किन्छ मेरो
दिलको झङ्कार बेचिदिन्छु?
प्यार बेचिदिन्छु, म प्यार बेचिदिन्छु, बेचिदिन्छु, बेचिदिन्छु
छाती भरी छ मेरो मैलाई पोल्ने राप
मन्दिरमा छम्छमाई, मन्दिरमा छम्छमाई
म पोखिदिन्छु पाप
म साँझ बेचिदिन्छु, बिहान बेचिदिन्छु
म साँझ बेचिदिन्छु, बिहान बेचिदिन्छु
को किन्छ मेरो, किन्छ मेरो
को किन्छ मेरो चोखो भगवान बेचिदिन्छु?",63
570,Farkeara na aau,Alish Nepking,romanized,"मलाई चोडेआरा जाउ,सारा संसार हसौ
कल्पना झै बेलाउ तारा फर्केआर ना आउ
यादा बनी ना आउ,सपनी मा ना आउ
बिहानी को वुजियानीमा मलाई ना बेउझ्यौ
समय त्यो थेयो जाबा हुन्थेउ हामी साथ मा
नचुटिनी बाचा गर्थेउ हामी हरेक रात मा
लुकै आफ्नो नजर तिमले चुम्थेउ मेरो ओथ मा
टीआइ कसम टीआइ बाचा हामले रचेको कथा
तिमलाई याद चा की चाइन हामी मेट्ठेउ एक अर्का को बेथा
भना आज खाइ के॰एस भयो तिमीलाई माया
अर्थ बुझेर नि किना भएउ येती धेरै ताडा
रचेछु माइले यी सब्द तिम्रो याद मा डुबेर
सोचेर आजा अंशु झर्चा माया फकाउ कसरी
सयद येस्टै रहेछ प्रेम को अर्थ भनी बुजाउ येसरी
गर्हो चा यो माँ लाई तिमी बिना समाल्न
गल्ती भएउ मेरो नभुजी प्रेम लाई आँगल्न
बिर्सना सक्ने चाइन मा कहिले तिम्रो याद हरू
बदलिदै गये पानी मौसम को हरेक ऋतु
मेट्नी चाइन कहिले पानी यी अदृश्य घाउ हरू
मेट्नी चाइन कहिले पानी यी अदृश्य घाउ हरू",134
571,Pralaya,Arthur Gunn,nepali,"कता तिरा बग्दै छौ हावामा तिमी फर्की नहेरीकन?
ओराली-उकाली गर्दै, तर लिएर चोट भरिएको मन
जिन्दगी छ अनौठो, त्यही नि, तर जिवनमा छन धेरै रङ्ग
मनमा लाग्यो तिम्रो तिर
तर मायाले नै दिदो रैछ पिर
सूर्यझै उडाउ, जुन्न झै चम्किउ सबको समू छाउ
के नै छर जिन्दगी? दुइ दिनको हाँसो
तिमी समय कै धुन मा रमाउ
समझना को धुन गुनगुनाउ तिमी
अनि सम्झना कै धुन मा रमाउ
तर मनमा लाग्यो तिम्रो तिर
तर मायाले नै दिदो रैछ पिर
तर मनमा लाग्यो तिम्रो तिर
तर मायाले नै दिदो रैछ पिर
लेखेको त पाइन्छ नै, तर सोचेको गर्न गाह्रो किन?
मानिसको जीवन हाँसो, तर त्यो रुन्छ किन?
लेखेको त पाइन्छ नै, तर सोचेको गर्न गाह्रो किन?
मानिसको जीवन हाँसो, तर त्यो रुन्छ किन?
तर मनमा लाग्यो तिम्रो तिर
तर मायाले नै दिदो रैछ पिर
तर मनमा लाग्यो तिम्रो तिर
तर मायाले नै दिदो रैछ पिर",128
572,Mai Ramri Huna,Anju Panta,nepali,"मै राम्री हुन के गरुँ भन्देउ
हो, मै राम्री हुन के गरुँ भन्देउ
आँखामा गाजल लाउँ कि ओठमा लाली लाउँ?
शृंगार मलाई ए संगिनी नरहोस् खाली ठाउँ
ए, बनाइ देउ चिटीकै लठ्ठै परोस् सारा दुनिया यो
मलाई देख्ने बितिकै
बनाइ देउ चिटीकै लठ्ठै परोस् सारा दुनिया यो
मलाई देख्ने बितिकै
मै राम्री हुन के गरुँ भन्देउ
पाउजु बाधेर पाउमा छमछम नाँचु कि म?
हेरेर ऐना आफूले आफैलाई जाँचैं कि म?
हो, पाउजु बाधेर पाउमा छमछम नाँचु कि म?
हेरेर ऐना आफूले आफैलाई जाँचैं कि म?
बनाइ देउ चिटीकै लठ्ठै परोस् सारा दुनिया यो
मलाई देख्ने बितिकै
बनाइ देउ चिटीकै लठ्ठै परोस् सारा दुनिया
मलाई देख्ने बितिकै",95
573,Tamaso,Uniq Poet,romanized,"के॰एस खालको तरङ्ग यो
मेरो तपस्या नै भङ्ग भो
हे! के॰एस खालको तरङ्ग यो
मेरो तपस्या नै भङ्ग भो
के॰एस खालको तरङ्ग यो
मेरो तपस्या नै भङ्ग भो
राउ ठाडो मेरो अंगको
बिस्फोटन त्यो अचममा थ्यो
अबा भने भने मलाई पागल भनला भन्ने डार
संसार ले नदेखेको
कुरा को बयान मेरो मुख बाट गर्दै चु
चाइन कतै पानी लेखेको
साही हो! अबा सुन!
यो गीत लाई बना टेरो आत्म धुन
आधुनिक संसार को जन्जाल मा
अध्यातमा लाई पानी साथ लागुन
हात बादुन!
एक भये एक दुई भये दुई
हुना टा मा मा दानब पानी चा, अबुई-बाबुई!
च्यानल थे पोजिटिभ इनर्जी
लेट आइटी बे, सेट आइटी फ्री उः!
के॰एस खालको तरङ्ग यो
मेरो तपस्या नै भङ्ग भो
हे! के॰एस खालको तरङ्ग यो
मेरो तपस्या नै भङ्ग भो
आई सैद, के॰एस खालको तरङ्ग यो
मेरो तपस्या नै भङ्ग भो
उः! के॰एस खालको तरङ्ग यो
मेरो तपस्या नै भङ्ग भो",124
574,Khola Ka Tiraima,Aruna Lama,nepali,"खोलाको किनारमा बसि रहदा, मायालु
मन बग्छ खोला सितै कताकता, मायालु
मन बग्छ खोला सितै कताकता, मायालु
पर्खेर बसे आउछ कि भनि, तर्केर गएछ
जिन्दगी भरि लेखेको कथा अधुरो भएछ
आकाश नोली म हेरी रहदा, मायालु
मन उड्छ माथि अझै कताकता, मायालु
मन उड्छ माथि अझै कताकता, मायालु
त्यसलाई आफ्नै भनेको थिएँ बिरानो भएछ
भरखर मात्रै बुनेको माला, पुरानो भएछ
सुनखरी टिपेर ओर्ली रहदा मायालु
मन चोर्छ मालासितै कताकता, मायालु
मन चोर्छ मालासितै कताकता, मायालु
मन चोर्छ मालासितै कताकता, मायालु
मन बग्छ खोला सितै कताकता, मायालु",72
575,Aaina Jhyal,Nepathya,nepali,"ऐना झ्यालको पुतलीलाई उड्ने बाटो छैन
ऐना झ्यालको पुतलीलाई उड्ने बाटो छैन
भूल पार्यो, भूल पार्यो उज्यालाले अँध्यारोले हैन
ऐना झ्यालको पुतलीलाई उड्ने बाटो छैन
पुतलीलाई लघारेर
पुतली नै उड्यो
पुतलीलाई लघारेर
पुतली नै उड्यो
कठै, आफ्नो, हो-हो-हो
पिरतीको सुतली नै चुँड्यो
ऐना झ्यालको पुतलीलाई उड्ने बाटो छैन
यो रमिता हेर्नुभन्दा
ऐना झ्यालमा बसी
यो रमिता हेर्नुभन्दा
ऐना झ्यालमा बसी
बिलाई जानु, हो-हो-हो
जाती बरु बाहिर आफू खुसी
ऐना झ्यालको पुतलीलाई उड्ने बाटो छैन
ऐना झ्यालको पुतलीलाई उड्ने बाटो छैन",66
576,Maa,Albatross,nepali,"तिमीलाई म समाएको छु
आमा रोई भनिन छाडिदेउ
तिमी र म एकै हौ हामी
चाहिँदैन मलाई तिम्रो झुक्याउने बानी
उज्यालो मै बिलाएको छौ
जति भएपनी बाडिदेउ
तिमी र म एकै हौ हामी
चाहिँदैन मलाई तिम्रो झुक्याउने बानी
चाहिँदैन मलाई तिम्रो झुठो आश्वासन
चाहिँदैन मलाई तिम्रो
चाहिँदैन मलाई तिम्रो जवानीको बोली",40
577,Intro - Ma Ra Malai,Albatross,nepali,"म यती सम्म बुझ्छु
र मलाई जती अनुभव
मेरो ज्ञानले भ्याए सम्म
म तिम्रो विश्वाश गर्छु
म यती सम्म बुझ्छु
र मलाई जती अनुभव
मेरो ज्ञानले भ्याए सम्म
म तिम्रो
म र मलाई, म र मलाई
म केवल मेरो लागि मलाई
म र मलाई, म र मलाई
म केवल मेरो लागि
म यती सम्म मान्छु
मलाई केही थाहै छैन
मेरो ज्ञानले थामे सम्म
र मलाई ढाट्ने छैन
म यती सम्म मान्छु
मलाई त्यती थाहै छैन
मेरो ज्ञानले थामे सम्म",61
578,Uniq Poet - Kaalo 2.0 (English Translation),Genius English Translations,romanized,"सोमबडी टेल एमिवे टो स्टेप ब्याक
नो ओने लिके यूएनआईक आइएन एसिया येत
टु हार्ड! आईमा हुर्रिकेन, बोय
थिस मुच ओएफ हिन्दी आइएस एनोउघ, फोर एनओडब्ल्यू, बोय
एनओडब्ल्यू चेक थिस नेपाली स्टाइल आउट
माइ नेपाली सोङ्स मेलोडी
स्क्रिउ एसएमएस भोटिङ
वाच थिस विदेओ एएनडी क्राउन मे थे तीतले
गोड ड्याम्न, ब्रोथर योउ हार्ड
आई'एम युजुअली आइएन माइ ओडब्ल्यूएन जोन
नोट क्नोविङ ह्वेरे आई'एम एटी
बुट ह्वेरेभर आई एएम, आई व्रेक शीत थेरे
बुट ह्वेरेभर आई एएम, आई व्रेक शीत थेरे
सो थे बे टेलिङ मे टो गो मेन्सट्रिम एएनडी
डो माइ थिङ
थे अन्डरग्राउण्ड आइएस राइजिङ अगाइँ
इयर्थक्वेक 2020
इभरी टाइम आई कोम अराउन्ड
ह्वोएवर आइएस एनवियस, आई स्टिल हिस/हेर साउल
थिस एआइएन'टी आ सोङ, थिस आइएस ब्ल्याक म्याजिक
थिस आइएस स्पेल टो ब्लोव युर मिन्ड टो बिट्स
आईमा किल्लाह, स्पेल थाट ह्वोले शीत अपरकेस
माइ शीत माके युर ह्वोले क्लिक सफोकेट
दिए, बिच, व्हाइ योउ ट्राइना लाइव एनोथर डे
काउसिम ब्याक विथ आ मास्क एन आ फकिङ ब्लेड
नो मर्सी, आई'एम सो थिर्स्टी वेन्ट थ्रु आ ह्वोले
लोत्ता साउल सर्चिन
बुट ओन्ली माडे मे मोर फक्ड यूपी एन एनओडब्ल्यू
ह्वाटेभर उ डो रियली डोन'टी हर्ट मे
टेल थेसे ओथर र्यापर्स टो मोव असाइड",171
579,Mauntama,Karma Band,nepali,"मायालु किन हो, आज तिमी मौन छौ
तिम्रो मौनताले यहाँ मलाई सताउछ, पिडा हुन्छ यो मनलाई
मायालु किन हो, आज तिमी मौन छौ
तिम्रो मौनताले यहाँ मलाई सताउछ, पिडा हुन्छ यो मनलाई
केही त बोली देउ, मायालु
भावना मनका सारा तितामिठा खोलेर
भनी देउ
केही बिराए छु भने दुई हात जोडेर
माफी म माग्दछु
डर लाग्छ कतै हामी यसरी नै सधैंको टाडिदै नै जाने हो कि
हो, हो, हो
आज किन हो एकासी निलो आकाशमा
कालो बादल छाउन थाल्यो कतै घनघोर पानी पर्ने हो कि
आज किन हो एकासी निलो आकाशमा
कालो बादल छाउन थाल्यो कतै घनघोर पानी पर्ने हो कि
तिम्रो मौनतामा, तिम्रो मौनतामा
तिम्रो मौनतामा, तिम्रो मौनतामा
तिम्रो मौनतामा, तिम्रो मौनतामा
तिम्रो मौनतामा, तिम्रो मौनतामा
तिम्रो मौनतामा, तिम्रो मौनतामा
तिम्रो मौनतामा, तिम्रो मौनतामा
तिम्रो मौनतामा, तिम्रो मौनतामा
तिम्रो मौनतामा, तिम्रो मौनतामा
तिम्रो मौनतामा, तिम्रो मौनतामा
तिम्रो मौनतामा, तिम्रो मौनतामा
तिम्रो मौनतामा",118
580,Xorem Chen Tamang feat. Gracy Thapa - Bhijla Hai Pareli,Genius Romanizations,romanized,"एचएम-एचएम-एचएम-एचएम-एचएम-एचएमएम
ना-ना-ना-ना-ना
भिजला हाई परेली तिम्रो, मेरो याद मा
यो कस्तो माया लायौ जिन्दगी मा
भिजला हाई परेली तिम्रो, मेरो याद मा
यो कस्तो माया लायौ जिन्दगी मा
कसम तिमीले खायोउ गोरेटो मा
सब चोडी ताधा बाह्यौ डोबाटो मा, डोबाटो मा
एचएम, बाटो मा
भुल्न टा सक्चौ हिरदये बाट
फेरी नया साथी रोज्छौ थेइ बाटो मा
भुल्न टा सक्चौ हिरदये बाट
फेरी नया साथी रोज्छौ थेइ बाटो मा
बाटो टा थेइ हुन्छ हिड्ने
भिजला हाई परेली तिम्रो, अतीत को याद ले
मेरो याद ले, ना-ना-ना, याद ले
ना-ना-ना-ना-ना, ना-ना-ना-ना-ना
ना-ना-ना-ना-ना, ना-ना-ना-ना-ना",101
581,Mahasoos,Yabesh Thapa,nepali,"महसूस गराउ न मलाई
तिम्रा मनका भावनाहरु
नलुकाई राखन तिम्रा
मनमा चाहानाहरु
तिम्रो आँखाभित्रको संसारमा
लैजाऊ न मलाई पनि
रम्न देउन तिम्रो आकाशमा
तिम्रो सप्तरंग बनी
देखाइदेउ न मलाई
के छ त्यो क्षितिज पारी
चुम्न देउन तिम्रो ओँठ
त्यो बादल माथि",30
582,Ishan Raj Onta - Jindagi Ko Gaadi,Genius Romanizations,romanized,"चितो भयो लाग्छ गाडी
खेदिराछु भेट्नै सकिना
अली ढिलो भयो नि लाग्छ फेरी
पुग्नै एटी, पर्खी देउ ना
दौडी राचु के॰एस को लागी?
दुई टिन जना पाची परे मा
त्यो कालो सेतो झन्डा खोज्दा
जिन्दगी को राङ नै बिर्सु मा?
बारु चुटे चुटोस्
उमेर बाइटी बिटोस
कसैले रोकी नि हिड्नी हो
कसैले रोकी नि हिड्नी हो
आखा खोल्दा भारी म्यान भो
निन्द्रा ना पुगेको होइन
सपना पानी देख्न काम भो, के हर्ष एउटा मात्र भ्रम हो टा?
हजारौ प्रश्न आउछ म्यान मा
उत्तर भने कैले पाइन
दारा लाग्छ कुद्ने हो की
लखेट्ने पो सक्चु सक्दिन
दारा पो लाग्छ
चुट्ने हो की",84
583,Kaha Chau,Yugal Gurung,nepali,"बिरानो रुख भएर
फिजाउछु मेरो हागा
जब ओठ लि बसछौ
सुनाउछु मेरो लहर
कसेको गाठो खोलेर
अल्झिएको बाटो तिर
हिंड्न साहरा दिन्छ
मेरो लहर को धून संगै
कहाँ छौ आज
सेतो खोला भएर
बगाउछु तिम्रो बेथा
किनरमा पर्खी बस्दै
सुनाउछु मेरो कथा
दिन भरी बोकेको भारि
बिसाई मलाई हेर
बाटो छ अझै लामो
नरोक नरोक
कहाँ छौ आज
मलाई भन
कहाँ छौ मलाई भन
हेर आफुलाई हेर
कहाँ छौ मलाई भन",50
584,Rachana Dahal - Soch,Genius Romanizations,romanized,"सोच, टेरो सोचमा छ खोट
मेरो म्यान मा छ चोट
टेरो छ, तेरै दोष
खोट, मेरो म्यान मा छ चोट
टेरो छ, तेरै दोष
खोटमा टेरो सोच
पाइला घिसार्दै छु
टेरो सोचले तान्दै छ
बिस्वाश फेरी गर्दै छु
पछारिदै जान्छ
ओसियेको मेरो शरीर
चिसो भयेर
आफै संग घृणा लाग्छ
ताइले छोयेर
सोच, टेरो सोचमा छ खोट
मेरो म्यान मा छ चोट
टेरो छ, तेरै दोष
खोट, मेरो म्यान मा छ चोट
टेरो छ, तेरै दोष
खोटमा टेरो सोच",59
585,CYPHER,VTEN,nepali,"राम्रो सँग सुन्छस् भने राम्रो गीत
नराम्रो सँग सुन्छस् भने नराम्रो डिस्
पचाउनेले पचाउँछ
नपचाउनेहरुले मुखमा औंला कोचारे छादे हुन्छ
आय!
कोई साथी प्रहरी बने कोई साथी गुण्डा
कोई चाई खलासी गर्छ, म चाई आफ्नै धुनमा
यस्तै छ पारा मेरो काम धाम छैन
मेरो परिवार हुने खाने खानदान हैन
तर बाल लाग्दैन कैले हार मान्दैन
म फस्ने वाला छैन तैले जाल फाल्दैमा
बोकेर दौडिराको छु म नयाँ सोच
संघर्ष गर्न आको हूँ गर्दिन म यहाँ मौज
त्यसैले म केही गरेर खान्छु नत्र मारेर जान्छु
बरु लडेर बाँच्छु अघि बढेर हाँस्छु
मेरो नयाँ सोच, नयाँ विचार छ
वरिपरि श्यालहरु आयो मलाई चिथार्ण
तैपनि उठ्छु म
दुःखलाई बुझ्नु छ
आफ्नो जिम्मेवारीको अगाडि जैले पुग्छु म
त्यसैले बुझिराको छु यो सब कुराहरू
मान्छे म फटा छु तर बोलेको पूरा गर्छु
बल्ल बल्ल होस् आछ
छैन मनमा लोभ लालच
हराएको यात्री हूँ म डराउँदिन चोट खान
घाइते छु म आज तर सक्या छैन जोश जाँगर
एकलो भए म, जा लाउरेलाई खोज काँ छ?
तर यहाँ सबै जना लुटेरा र चोर फटा
म कता?
त्यतै दौडिन्छु मलाई फाइदा आउँछ जो बाट
साला फोकटमा
जिन्दगी खेल्दैछु म जुवा जस्तो पोट छक्का
तर अहिले मौज गर्दा पनि कैले दिदिन सान्
मैले बिर्स्या छैन
म खाते आको थिए रोड बाट
तोप तान्न
छिर्थे गल्लि
तर अहिले छीर्छु मूजी
नोट छाप्न (नो-नो... नोट छाप्न)",181
586,Chill Ma Chu,Mc Flo,nepali,"म त चिलमा छु, पुरै फिलमा छु
माया गर्नेहरुको, म त दिलमा छु
तलाई भट्नलाई म संग टाईम छैन
म त खोज्दै छु शब्दलाई राईम छैन
म हु कवि कोर्ने गर्छु कविता
जस्तो मन लाग्छ आफुलाई नरीसा
देख्नु पर्छ मान्छेहरु थरी थरीका
मुखमा राम्रो भन्छन भित्र भित्र मरीजा
यहि हो तरीका ? यहि हो तरीका ?
आफ्नो आफ्नो गर्ने हो मुला, गरी खा
मैले आफ्नो बाहेक अरुको सोच्ननै छोड्दे
ठुलो पल्टिने संग बोल्ननै छोड्डे
अनि अनन्द र चिलमा
सबै जाना भन्दा फरक म त भिडमा
छैन चिन्ता, छैन चिन्ता
सदै खुसी हुदै मजाले हिन्दा
आफ्नो लाईफ हो तेरो तैले जे सुकै गर
जे भए पनि एक दिन त मर्नु नै छ
मर्नु नै छ, एक दिन त मर्नु नै छ
मर्नु भन्दा अघि तर तैले राम्रो त बन",108
587,messin round w y bestfriend,SACAR aka Lil Buddha,romanized,"येअह, येअह
0-2, ओने फोर [?]
आई क्यान'टी अफर्ड योउ लेसिङ जस्ट पार्टीज
येअह, योउ मेस अराउन्ड विथ युर बेस्ट फ्रेन्ड, योउ'रे सोरी
सेट मे यूपी लिके आ टेस्ट एएनडी आई'एम फल्लिन
सिक एएनडी टायर्ड, थे प्रेसर आइएस ओन मे
आई क्यान'टी अफर्ड योउ लेसिङ जस्ट पार्टीज
येअह, योउ मेस अराउन्ड विथ युर बेस्ट फ्रेन्ड, योउ'रे सोरी
सेट मे यूपी लिके आ टेस्ट एएनडी आई'एम फल्लिन
सिक एएनडी टायर्ड, थे प्रेसर आइएस ओन मे
माइ डायमन्ड्स ग्लोव, रिदिन' सोलो ओन माइ ओडब्ल्यूएन
शव्ती, ड्रपिनफ्रोम थे पोले लिके शे एइन्ट गोट नो होम
शव्ती, पपिनन हेर ओडब्ल्यूएन लिके शेस आ सोलो साउल
येअह, शе गोट मे सो
टेल मे ह्वाट योउ वान्ट सो आई क्यान ओएफएफеआर आइटी
सेन्ड मे अफर्स थें एएनडी आई'एलएल बे एएलएल फोर आइटी
बेबी, युरे थे ब्याडेस्ट एएनडी योउ केएनओडब्ल्यू नोबोडी टप्पिन योउ
आई केएनओडब्ल्यू युरे पकेट्स फ्याटेस्टकाउस नोबोडी वर्किन' हार्ड एएस योउ
शव्ती, गोट आइटी एएलएल ह्वेन आई स्लाइड आई हेल्प आउट आ पार्ट ओएफ योउ
आई क्यान'टी अफर्ड योउ लेसिङ जस्ट पार्टीज
येअह, योउ मेस अराउन्ड विथ युर बेस्ट फ्रेन्ड, योउ'रे सोरी
सेट मे यूपी लिके आ टेस्ट एएनडी आई'एम फल्लिन
सिक एएनडी टायर्ड थे प्रेसर आइएस ओन मे
आई क्यान'टी अफर्ड योउ लेसिङ जस्ट पार्टीज
येअह, योउ मेस अराउन्ड विथ युर बेस्ट फ्रेन्ड, योउ'रे सोरी
सेट मे यूपी लिके आ टेस्ट एएनडी आई'एम फल्लिन
सिक एएनडी टायर्ड थे प्रेसर आइएस ओन मे",216
588,Rain,Jerusha Rai,romanized,"आईएफ योउ क्नेव आइटी वाउल्डन'टी एएसके फोर अपोलोजिज
फोर स्पीकिङ आइएन रिडल्स एएनडी एक्टिङ माइथोलोजिज
आइटी कीप्स ड्रिपिङ लिके राइँ
ड्रिपिङ लिके राइँ
आइटी कीप्स डिपिङ लिके राइँ
एएलएल डाउन ओन मे
आई'एम स्केयर्ड ओएफ वर्ड्स एएनडी थे बिटर सुन
डोन्ट माके मे स्पीक, डोन'टी माके मे रुन
आइएन थे राउन्डाबाउट वेज ओएफ थे वर्ल्ड
ह्वाट गोएस ओन आइएन थे मिन्ड ओएफ आ लिटल गर्ल",59
589,Sometimes [ Tribute To Tupac ],Yama Buddha,romanized,"हे यो
योउ केएनओडब्ल्यू होव आई डो आइटी राइट?
1-2-1-2 आई'एम आइएन थे बुथ बेबी , येअह लेट्स डो थिस
लिस्टेन हे यो !
सोमेटाइम्स आई विश आईएफ आई काउल्ड लाइव थे वे आई लिके
क्यान कन्फाइन एएलएल थे बाउन्डेरिज थाट मेक्स यूएस फाइट
थे थिर्ड वर्ल्ड गिवेस योउ एएन आइडिया ओएफ
ह्वाट'स हेल आइएस लिके
विथ गोड हिमसेल्फ क्यान'टी प्रोटेक्ट युर लाइफ
आइटीएस क्रेजी थे वायोलेन्स आरे एटी डेली साइट
क्रिज ओएफ इनोसेन्स मेक्स माइ हर्ट मेल्ट लिके आइसीई
रिकरिङ नाइटमारे हन्ट्स मे इभरी नाइट
थे से मेन'स वन्न सिन आई गुएस सोमे पाइँ टो प्राइस
इभरिडे आइएस लिके कोम लिभिङ आ कर्स
थिस फीलिङ आई पोसेस क्यान'टी बे पुत आइएन थे वर्ड्स
सो वन्न सी आ मोथर स्मीले बेफोर आई स्लिप विथ माइ हर्टस
आई डोन्ट वान्ट आ मिलियन बक्स फोर स्पिटिन आ वर्स
बुट फुड फोर हुंगर आइएस ह्वाट माइ लिरिक्स आरे वर्थ
हेल्थकेयर टो इभरी वुमेन ह्वो'स गिवेन आ बिर्थ
लोव टो इभरी ह्युम्यान थाट लाइव्स ओन थिस अर्थ
एएनडी थे बलेट टो लिव इभरी सिनिस्टर मिनिस्टर मार्क
थिस वर्ल्ड आइएस आ मेस ह्वेन योउ रियालाइज आइटी हर्ट्स
चिल्ड्रेन ब्युरिड अन्डर आ सिस्टम एलिभ एटी बिर्थ
आई डब्ट थे फ्युचर ओएफ मान विल सर्विव थिस ब्लड
आईएफ किलिङ आइएस व्रोङ किलिङ फोर सिभिलाइजेसन आइएस वर्स्ट
आइटी'स ग्लुमी ह्वेन आई से गोड माडे यूएस एएलएल इक्वाल
वे इन्टो मार्स बुट क्यान'टी हेल्प एएलएल थे स्टार्विङ पियोपले
युर थाउगेट्स आरे फीबल आई काउल्ड'वे किलफीड सर्विङ थे आर्म्स ओएफ इविल
सो आई स्टे स्ट्रोङ क्युज आई डोन'टी बेलिभ आइएन आफ्टरलाइफ सिक्वेल्स
आइटी'स ओन्ली ओन्स थाट योउ लाइव ओर दिए
आइटी'स सद क्युज थे फ्याक्ट थाट योउ लाइव टो दिए
सो इममा इग्नोर इभरिथिङ एएनडी प्ले सोमे वीड टोनिघ्ट
ब्लेस",263
590,Kaam,Uniq Poet,romanized,"मेरो काम काम गरेर कामाको डामा सोर्ने
मोर थान ह्वाट योउ थिङ्क
फक ह्वाट योउ थाउष्ट
नो टाइम टो थिङ्क ह्वेन योउ वन्न बे आ बोस
माइ क्रिउ गोट्टा ईएटी
क्याल यूएस हन्तकाले
मारी मारी काम गरी गरी खाम एन्ट्रोपाली
अमेरिकन ड्रिम मेरो माँ नेपाली
तारा काम चाइन राप हानेर भन्छन् बा ले
खाने मुख लाई चेक्दैन जुंगाले
सबको आलोचना बिरुद्ध आउला उचाल्ने
बेरोजगार को भार साइड तिरा थुपारे
आफ्नै बल बाजो खेत मा फल उमारे
भन्ने बेला आबा आउन लाग्यो चित्तै
पैसा चाइन माँ को घाउ हुदैन निकै
ओएम डोलर शिवाये
मन्त्रलाई माँ सब कुरा चोडी
आबा गर्नु थाल्नु पर्यो काम
आबा यूटीएच अनि काम गर्न थल मुला
प्रगति ले अरू जाले पानी बाल मुला
गो गिवे एएलएल योउ गोट आईएफ नोट योउ दिए
गेट यूजेड टो थे हस्टल एएनडी स्ट्रगल
टिल थे पे योउ बाइ आ डबल
प्रगति ले अरू जाले पानी बाल मुला
गो गिवे एएलएल योउ गोट आईएफ नोट योउ दिए
गेट यूजेड टो थे हस्टल एएनडी स्ट्रगल
टिल थे पे योउ बाइ आ डबल",143
591,Aama,The Edge Band,nepali,"नारोइदिनु आमा तिमि बिछोडको सुभ घडीमा
बेथा लुकाई मुस्काईदिनु मुटु भरि माया साची
आँखा भरि आशु बोकी दुवा गर्नुस आबा तिमि
मरो यो अभागी जीवन माथि
अभागी जीवन माथि
सास रहुन्जेल सम्म, सपना साकार पर्नेछु
आशा राख्नु तिमि आमा, पाइला सधै अघि हिड्ने छु
तर पनि शिर मेरो झुकेमा
बेदना पोखाइ नरोइदिनु
हजुरको सम्झनामा आज यो गीत गाउदै बसेछु
गाउदा गाउदै आँसु मेरा झरेको थाहा नै पाइन छु
अन्तिम घडी मा एउटै बिनती छ है आमा हजुरलाई
हरेक जन्म, तिम्रै कोख मा पाउ
हजुरको कोख मा पाउ
हजुरको कोख मा पाउ
हजुरको कोख मा पाउ
हजुरको कोख मा पाउ",83
592,Hidda Hiddai,Bikki Gurung,nepali,"अहेम-अहेम
वेल
थिस आइएस सोमेथिङ थाट आई डोन'टी नोर्माली डो, बुट युएम
आ बोयस गोट्टा डो ह्वाट बोयस गोट्टा डो, राइट?
येअह, अलराइट, अलराइट
येअह, अलराइट, येअह, अलराइट
येअह, येअह, येअह, येअह, लिस्टेन, लिस्टेन
हिँड्दा हिँडै फेरी त्यही गोरेटोमा आइपुग्छु
घुमाउरी यो दलदलामा गुम्सिएको मात्रै भेट्छु
हिँड्दा हिँडै फेरी त्यही गोरेटोमा आइपुग्छु
घुमाउरी यो दलदलामा गुम्सिएको मात्रै भेट्छु
सोँच्छु कहिले, के हो मेरो लक्ष्य?
भावना र सपनाको लिनु पर्छ पक्ष
तर बाध्यताको बादलले ढाकेको यो जङ्गल
रहरले हैन चल्छ करले यो शहर
त्यसैले जाउ-जाउ लैजाउ
सपनाको संसारमा मलाई लैजाउ
आकाश बादल टाढा कतै
सपनाको संसारमा मलाई लैजाउ
हिँड्दा हिँडदै (हिँड्दा हिँडदै), हिँड्दा हिँडदै, हिँड्दा हिँडदै (हिँड्दा हिँडदै)
हिँड्दा हिँडदै, हिँड्दा हिँडदै (हिँड्दा हिँडदै), हिँड्दा हिँडदै
हिँड्दा हिँडदै (हिँड्दा हिँडदै), हिँड्दा हिँडदै",106
593,Ujeli,Sajjan Raj Vaidya,nepali,"मेरो आफ्नै शरीरको भारले
थुप्रिएका मेरा विचारले
कहिलेकाहीँ म नै म नहुँदा
किन बस्यौ खै कुन्नि मेरो बगलमा तिमी
बेला-बेलामा हरेस खाँदा म
छातीमा मेरो पहिरो जाँदा
यो माया मेरो मनैमा नहुँदा
कसरी बस्यौ राखी माया तिम्रो मनमा?
फर्काई ल्याउँछौ जमिनमा
वेदनामा बगी गाको मेरो मन
तिमी नहुँदो हौ त कहाँ हुन्थेँ र म?
मरिजान्थेँ नि यसै म त
मरिजान्थेँ नि यसै म त
फितलो मेरो आवाज भई जाँदा
साँझले मेरो उजेली लैजाँदा
बिहानी फेरि नफर्कुन्जेलसम्म
कसरी बस्यौ राखी धैर्य तिम्रो मनमा?
धेरै त हैन, मन बलियो छैन
तर मनमा छ मेरो जाँगर अझै
वर्षौँ लागे नि यो बर्सिने खुसी
बर्सँदा रमाउँला म तिमीसँगै",88
594,Timi Nabhaya,Udit Narayan,nepali,"तिमी नभए जिन्दगानी काडाँसरी छ
फेरी पनि मेरो केही गुनासो छैन
तिमी नभए जिन्दगानी काडाँसरी छ
फेरी पनि मेरो केही गुनासो छैन
तिमी नभए जिन्दगानी काडाँसरी छ
फेरी पनि मेरो केही गुनासो छैन
तिमी नभए
कहिले काही कल्पनामा छाल हाली रोएथेँ
संसारको पीरहरूमा आँशु बनाई पोखेथेँ
कहिले काही कल्पनामा छाल हाली रोएथेँ
संसारको पीरहरूमा आँशु बनाई पोखेथेँ
अल्झाई दियौ पिरती त्यही कँही माझमा
फेरी पनि मेरो केही गुनासो छैन
तिमी नभए
धर्ती जस्तै मुटु भिजाई माया तिमीलाई दिएथेँ
क्षितिजसरी टाढाटाढा सपना सोचेथेँ
धर्ती जस्तै मुटु भिजाई माया तिमीलाई दिएथेँ
क्षितिजसरी टाढाटाढा सपना सोचेथेँ
आकाशबाट एउटै तारा विलाई गयो माझमा
फेरी पनि मेरो केही गुनासो छैन
तिमी नभए",87
595,Nasodha Malai,Swoopna Suman,nepali,"नसोध मलाई भोलिको बारेमा
नखोज मलाई तिम्रो त्यो सुन्दर भविष्यमा
म आफुले आफुलाई चिनेको छैन
डर लाग्छ तिम्रो त्यो चित्त दुखाउछु भनेर
तिमि खोला एउटा किनारा
म त्यहि खोलाको अर्को किनारा
समय ले आज कोरी दियो बिचैमा पुल
तरौ भने होला कि म बाट यो भुल
सम्बन्ध कस्तो तिम्रो मेरो
चिनेर पनि नचिने जस्तो
चाहेर पनि नचाहे जस्तो
पाएर पनि नपाए जस्तो
समयले हामीलाई बगाएर लैजाला
नरहुला म नफर्की आउला यो दिन
भोलिको चिन्ता ले सताउने छ हामीलाई
अंगालोमा एक अर्काको भूलौउ एकैछिन
आज को साँझ कति भिठो
सोचेर यहि म खुसि छु
चाहिदैन तिम्रो केहि बाचा कसम
साचेर लादै छु सम्झना तिम्रो",84
596,Ityaadi,Bartika Eam Rai,nepali,"मनमा आँधी थामी बसेँ, टाढैदेखि माया गरेँ
भुल्यौ अरे समय त्यो जहाँ सबै शुरू भएको थ्यो
पहिलो पटक भएसरि एकपल्ट फेरि यो मुटुलाई लागेको थ्यो
भुल्यौ अरे शहर त्यो जहाँ मैले तिमीलाई भेटेको थेँ
भुलिसकेको शहरमा निदाएको गोरेटो छ
रिसाएछ हामीसँग, धेरै साल बितिसक्यो
लागे थियो फेरि कहिल्यै हुँदैन हाम्रो भेट
आए धेरै अरू नि यहाँ, के मलाई नै पर्खी बस्यौ?
धेरै कुरा भन्नु थियो, कति थरी संसार भोगेँ
सोचेजस्तै जिन्दगीमा सकेसम्म गर्नु खोजेँ
लडेर हरेक चोटि उठेँ, एक्लै अलि बलियो भएँ
एक्लै बलियो हुँदा जहिले सँगै कमजोर हुन तड्पिएँ
यादकै सहारा लिएँ, अनजान ठाउँमा एक्लै बाँचेँ
जिन्दगी यो यति छोटो र भयो मजाक
अनि अर्को शहरमा धेरै पछि तिमीलाई भेटेँ
बद्लिएछौँ हामी निकै,"" चुपचाप सोचिरहेँ
तिमी नि एक्लै बाँच्यौ भन्यौ कुनै शहरको कुनामा अर्कै
हुनत यो शहर नै हो एक्लोपनाले बनिएकै",116
597,Kalo/Seto,Purna Rai,nepali,"तिमी सेतो चिल्लो गाडी
म त त्यही तलको सडक
तिमी महँगो फेरारी गाडी
म परे भत्केको टरक
तिमी आकाशको जून तारा
म परे धर्तीको धुलो धूवाँ
तिमी आकाशको हवाईजहाज
म परे हम्बरे साईकल
तिमी उडी जाने सेतो बादल
म परे कुवैको भ्यागुतो
तिमी उज्यालो चम्किलो भविष्य
म परे कालो अन्ध्यारो भूतकाल
कहाँ पुग्ने हो यो जीवन
गार्हो पर्यो तिमी लाई बिर्सन
कसरी सम्हालु यो मेरो मन
आकाश र धर्तीको हुन्न मिलन
नभेटेको भए ठिकै हुन्थ्यो
भेटी हाल्यो अब छुट्नै पर्यो
जिन्दगीको खेल, छाडी जानेनै होर?
छेडीतै नभेट्दा सात्तै जान्थ्यो
प्राय समय अँगालै हुन्थ्यो
पिरती साँचे थियौ, अनि माया गाँसे थियौ",80
598,Saayad,The Shadows 'Nepal',nepali,"सोचाइ हेर हाम्रो तारा समाउने छौ
जोखेर हेर आट सुर्य लाई निल्नेछौ
छुदैन नियम कानुन हामी बनाउनेछौ
कोशिस हेर हामी हरेक पल बाच्नेछौ
सोचाइ हेर हाम्रो तारा समाउने छौ
जोखेर हेर आट सुर्य लाई निल्नेछौ
छुदैन नियम कानुन हामी बनाउनेछौ
कोशिस हेर हामी हरेक पल बाच्नेछौ
सायद, आउदैनौ कहिले हामी
सायद, मृत्यु लाई जित्छौ हामी
सायद, ओझेल छैन केही
सायद, जीवन हो रक एण्ड रोल
सपना ठुलो हामी आकाश पुग्नेछौ
स्वतन्त्र जीवन हामी रमाउदै बाच्नेछौ
हार्दैनौ हामी बरु भविष्य हार्नेछ
मान्दैनौ डर मृत्यु आफै डराउछ
सपना ठुलो हामी आकाश पुग्नेछौ
स्वतन्त्र जीवन हामी रमाउदै बाच्नेछौ
हार्दैनौ हामी बरु भविष्य हार्नेछ
मान्दैनौ डर मृत्यु आफै डराउछ
सायद, आउदैनौ कहिले हामी
सायद, मृत्यु लाई जित्छौ हामी
सायद, ओझेल छैन केही
सायद, जीवन हो रक एण्ड रोल",101
599,Samaya,Bipul Chettri,nepali,"घामको उज्यालो कसले छोप्न सक्छ र?
कसले परिवर्तनलाई यहाँ कसले रोक्न सक्छ र?, कसले
बदलिने नै हो समय
हु हु हु, हु हु हु
हु हु हु, हु हु
नौलो सबै आज, पुरानो हुनेछ यहाँ
एकदिन जति नै सुन्दर फूल
ओइलि जाने नै छ यहाँ
एकदिन बित्ने नै हो समय
हु हु हु, हु हु हु हु
हु हु हु, हु हा हा हा
अन्धकार तुराउने, अबुझलाई बुझाउने सिकाउने
सबैलाई यहाँ दिने, सबै लगिजाने पनि पनि
जित्ने नै हो समय
हु हु हु, हु हु हु
हु हु हु, वोः",76
600,Almost Made It,ZEROO,romanized,"मा टेरो साथ मा थे
ताहा चाइन टेरो लागी गीत लेख्दा कति अनगिन्ती रात काटे
तालाई साथ देना आफ्न ले
एटीआई ताधा आयिसकिस पाप लाग्छ अहिले हार माने
तालाई जेली चासो काम बारे
हो मा माँचु मेली जेरो मेरो नाम राखे
जाबा चिरे मा यो राप गेम मा मलाई भन्ने गार्थी मेली मेरो परिवार को नाख काटे
धेरै गारो थियो यहा सम्म पुग्न
माँदैन मेरा पाइला अहिले रुक्न
मेहेनत गरी गीत हरू लेख्थे खोब मा
केइ गर्न सक्दैनस् भन्ने हरू सबै चुप चा
ब्यासी लोव के अनप्रिडिक्टेबल थ्यो मोव्स
जाबा देखि चिरे बुथ राप लाई ग्यारी मेली चुसе
बुन्च ओएफ फुल्स यूजेड टो से आई'डी नेवर मकе आइटी आइएन थिस राप गेम
तारा ग्यारी मेली आफैलाई नै प्रोव
मेली शाँ ले भन्न पाउ मोम ""आई माडे आइटी
गरिरह्नछु म्युजिक एएनडी युर सोन आइएस अलमोस्ट फामस
टनेल विजन मेरो आई डोन'टी क्यारे एबाउट थे डेड ईएनडी
ह्वेन आई माके आइटी घर मा बुझाउन पाउ शव्स हरू को पेमेन्ट
मलाई ग्यारी धेरै म्यान्ची हरू ले डब्ट
ग्यारी शव्स हरू उफार्दिये पुरेई क्रोव्ड
चिमेकी हरू ले भन्छन् चोरा राप गरी त्यापे भयो तारा बाल मतलब जाबा आमा मै चा प्राउड
मेरो गीत हरू मा विवेस एडी पुग्न पाये मिलियन
गरिचाद्चु सप्न पुरा डो ओर दिए विजन
तारा गारो हुदो रैचा राप लाई क्यारियर मान्नेर अघि बढिराछु मा आई'एम ओन आ सुइसाइड मिसन
मेली सुधारे आफ्नो राप स्किल्स
क्लास लाबेल मात्रै हैन पुरेई टिम मेरो फ्यामिली
बास्नी सपना मै ध्याँ दी, मार्कशीट मा अस्टेरिस्क *
राप बाहेक थेन केही प्लान बी
के॰एस मा भये गतिचडा?
म्युजिक गरेर मा प्युगी कति ताधा
कैले कहि टा लाग्छ चोडिदिन्छु राप साप सबै तारा फेरी सोच्चु मा जस्तो होला नि कति जना
जास्ले जेली दिन्छ आफ्नो 100%
सुन्चा मेरो भर्सेस भाँचा की आई'एम वर्थ आइटी
कैले कहि चेइ साथ दिन्न लक ले
नहुनु टीएमआई अपसेट, सबै को वालु हुन्चा कोइ नि हुदैन हाई वर्थलेस
एकदम हुन्चौ सिक टीएमआई
बाल नदेउ अरू को लिना खोजा रिस्क टीएमआई
अलवेज वर्क ओन ब्रिङ्गिङ आउट थे बेस्ट भर्सन ओएफ योउ
बेलिभ आइएन युर्सेल्फ लिके योउ बेलिभ आइएन मे
पुग्नु चा गगन मा
चुनु चा बदल आकाश पारी को त्यो चन्द्रमा
सानो चडा देखि बुनिरन्थे सपना
हिजो भन्दा आजा अली राम्रो त्येइ हो सफलता",324
601,Euta Tara,Nati Kaji,nepali,"एउटा तारा डाँडा वारी, अर्को तारा पारी
नेटो काटी गएपनि, दिल हाराहारी
पहरामा मूल फुटी झरे दुई खोला
तलपुगि दोभानमा भेट हुनेहोला
चखेवाको यता बास, चखेविको उता
उही घाऊ मुटुमा छ, चाहे रहुन जता
एउटा तारा डाँडा वारी, अर्को तारा पारी
नेटो काटी गएपनि, दिल हाराहारी
धर्तीबाट कति दुर, आकाश छ माथि
एउटा को मा जोडिएको, अर्को को छ छाती
सुख साथै दु:ख यहाँ, घाम संगै छाया
बिछोड मै चिनिन्छ रे, के चिज हो माया",65
602,Suresh Kumar Chhetri - Maya Khai Kasle Bujhyo,Genius Romanizations,romanized,"नाटा ले यहा अरको नाटा खोज्यो
घर सजाउन बारीकै फुला रोज्यो
नाटा ले यहा अरको नाटा खोज्यो
घर सजाउन बारीकै फुला रोज्यो
माया खाइ कसले बुझ्यो
माया खाइ कसले बुझ्यो
कति सपना जुट्यो कति फुट्यो
गोरेटो काटा पाइला काटा चुट्यो
गोरेटो काटा पाइला काटा चुट्यो
हरायेको चाय खाइ कसले भेट्यो
माया खाइ कसले बुझ्यो
माया खाइ कसले बुझ्यो
कति सपना जुट्यो कति फुट्यो
कति सपना जुट्यो कति फुट्यो
कहिले अगी कहिले पाची लाग्ने रैचा जिन्दगी
भागी भागी हिड्नु पर्ने कस्तो माया पिरती
जीवना को भेल खाइ कसले तार्यो
कोही पारी तार्यो कोही किना रमाए घर्यो",78
603,Najar Lagali,Chakra Bam,nepali,"ओए काजल, ओए काजल
नजर लागनि होइ नजर लागलि
नजर लागनि दुनिया भैगो पागल
ओए काजल
ओए काजल आखि लगाइदे गाजल
ओए काजल आखि लगाइदे गाजल
ओए काजल आखि लगाइदे गाजल
ल वाला जुत्ति नला ओए काजल
लाल वालि कुर्ति नला ओए काजल
दुनियालाइ मुन्नि प्यारि ओए काजल
मलाइ तेरि चुन्नि यारि ओए काजल
ओए काजल
ओए काजल आखि लगाइदे गाजल
ओए काजल आखि लगाइदे गाजल
ओए काजल आखि लगाइदे गाजल
घुगुरु बजा पायल बजा ओए काजल
हल्का सजा हल्का लजा ओए काजल
साइ उसि अप्सरा जसि ओए काजल
के गर्छै पाउडर घसि ओए काजल",77
604,Aama,The Shadows 'Nepal',nepali,"आमा मेरी मायालु सधैं मेरो छेउ मा
आमा मेरी मायालु ,,
आमा मेरी मायालु सधैं मेरो सोच्छिन्
आमा मेरी मायालु,,
उ उ उ
मेरी आमा सब्बै भन्दा राम्री
उ उ उ उ
उ उ उ उ
मेरो सब्बै भन्दा मिल्ने साथी एउटै आमा देउ हरेक जुनि
गल्ती मेरो हुँदा नि मलाई नै सम्झौछौ
चर्को आवाज् बुबा को मलाई नै बाचाउछौ
मै बिगारछु रिसौँछु फेरी पनि फकाउछौ मुर्ख छु म अबुझ् छु
उ.....
मेरि आमा तिमी आत्म बल् हौ
उ.....
उ.....
मेरी आमा तिमी ईश्वर् नै हौ
एउटै आमा देउ ....
हारौदा भुलेर
मलाई तिमी फिर्ता ल्याउछौ
मेरो परिक्षा फेरी तिमी नै म भन्दा धेरै आतिन्छौ",89
605,Gurans Fulyo,Phiroj Shyangden,nepali,"गुराँसै फुल्यो वनैमा
मेरो मन झुल्यो तिम्रो मनैमा
गुराँसै फुल्यो वनैमा
मेरो मन झुल्यो तिम्रो मनैमा
गुराँसै फुल्यो वनैमा
मेरो मन झुल्यो तिम्रो मनैमा
माया बिरानो हो, बिरानो भएरै गो
माया बिरानो हो, बिरानो भएरै गो
अब झुटो नभनेर माया साटेकै हो
अब झुटो नभनेर माया साटेकै हो
गुराँसै फुल्यो (गुराँसै फुल्यो) वनैमा (वनैमा)
मेरो मन झुल्यो तिम्रो मनैमा
वा हो, नि बा वा, हो, नि बा
गुराँसै फुल्यो (गुराँसै फुल्यो) वनैमा (वनैमा)
मेरो मन झुल्यो तिम्रो मनैमा
वा हो, नि बा वा, हो, नि बा
तिम्रो मुटुमा म धड्केर बसेकै हो
तिम्रो मुटुमा म धड्केर बसेकै हो
तिम्रो मनमा कतिखेर आएर बसेकै हो
तिम्रो मनमा कतिखेर आएर बसेकै हो",93
606,Marpha Ko Madira,Balen,romanized,"सायिङ थाट फलिङ आइएन लोव आइएस सिमिलर टो बेइङ ड्रङ्क, बलें टिम्स यूपी विथ स्वचित शाक्य फोर हिस अपकमिङ ट्र्याक, मार्फा को मदिरा, राउग्ली मिनिङ एडिक्शन ओएफ मार्फा ह्वेन ट्रान्सलेटेड. थिस अल्सो मार्क्स थे... रिड मोर
*वोकालाइजेसन* येआ-एह, ओह
मेरो मसक्क मास्किने मायालु मार्फा को मदिरा
नियाल्दा निउरेको नयनमा डुबाउ नसा को नदीमा
मेरो मसक्क मास्किने मायालु मार्फा को मदिरा
नियाल्दा निउरेको नयनमा डुबाउ नसा को नदीमा
ब्याटिस गुण सम्पन्न तिमी सुन्दरता की खानी
तारा रा जुन, फिक्क तिम्रो सामु तिमी राँइ
बाजा रा धुन, बाझ्चा हुदा मा तिम्रो अगाडी
माला झै हुल, देख्छु साधै मा तिम्रो पचाडी
डिलक्स गाडी मा चडी, रातो सारी झ्याइ पारी लगाउला
जीवन को खोला मा बगौला, एक आपस लाई सगाउला
मर्दा को छोरो, गाउ गोरो, अरू केटा भगाउदा
समाउन ना मेरो हात, माया हो मात, मा साधै दिन्छु
र्वाउदिन एक रात, साधै को साथ, दुःख बिर्सिन्छौ
मिठो सब्द बोला, मान खोला, भित्र के दबाउछौ
झुटो साथी होला, ना होला, मित्र काहा पाउछौ?
चाटि मा तात्तोओ छैन, मुटु मा माया गाडा छ
साधा मान मा बाधा छ, किना की माया अद्ध
भना तिमी मेरो कृष्ण अनि तिम्रो राधा
तिम्रो माया भये पुघ्चा, माग्दिन मा भाट धारी
येती धेरै माया दिन्छु, थाक्दिन मा रात भरि",181
607,Chhaina,Albatross,nepali,"हिजोको आशा आज होला भनी आजको आशा भोली
अस्ती थिएन, थिएन केही पनि आज भने के नै छ र?
छैन, केही नै छैन
छैन, केही नै छैन
छैन, केही नै
नाङ्गो शरीर हिजो यो, भोली पनि यो नाङ्गै
किच-किच दुई दिनमा यो किन?
बिच्च सडकमा बसी, जती कराए पनि हुने त केही नै हैन
छैन, केही नै छैन
छैन, केही नै छैन
छैन, केही नै
छैन, केही नै छैन
छैन, केही नै छैन
छैन, केही नै
उज्वल भविष्य आउँदैन दैलोमा
बास एक रात पाउ भनी
क्रान्ति बिनाको, शान्तिको खोज्दा
पाउदैनौ केही पनि",78
608,Chamkina De,Sudhan Gurung,nepali,"वु, आइटी'स युर बोय, स टो थे जीएस
इएजीले बोय रेकर्ड्स, निहाल ओन थे बिट
चम्किन दे, मलाई चम्किन दे
साइड लाग्, साइड लाग्, बाटो दे
अ, चम्किन दे, चम्-चम्-चम्किन दे
आई डिड आइटी ओन माइ ओडब्ल्यूएन बिच, आई'एम सेल्फ-माडे
चम्किन दे, मलाई चम्किन दे
साइड लाग्, साइड लाग्, बाटो दे
अ, चम्किन दे, चम्-चम्-चम्किन दे
आई डिड आइटी ओन माइ ओडब्ल्यूएन बिच, आई'एम सेल्फ-माडे
सुन मेरो कुरा अलि कान खोली सुन
जथाभावी बुल्नु भन्दा एक चोटी सोच
तिमी आफू खोपडीमा यो कुरालाई भर
योउ क्यान ट्राइ टो ब्रेक मे डाउन, बुट आई'एम आ फकिङ विनर
भन्न पायो भन्दैमा प्याच नभन्
आफ्नो देशको कलाकारलाई ईज्जत गर्न जान्
फूल, माल, खाताले सम्मान गर्न जान्
ढुङ्गा प्रहार गर्छन्, मुजी रण्डीको बान
अ, तँ होस् एउटा धर्तीको बोझ्
काठमाडौं भन्दा बढी महाला तेरो सोच
बाँचेर नि के नै गर्छस्, मेरो कुरा मान
कसैको त भला हुन्छ गर् जीवन दान, अ
छु म एकदम सिधा-साधा
पुजा गर्ने गर्छु सधैँ बिहान अनि बेल्का (अनि बेल्का)
तर तातिन्छ मेरो भेजा
बन्न खोज्छ गुरु, जब मोथरफकिङ चोला, अ",158
609,Luckey - Timro Yaad Aaucha,Genius Romanizations,romanized,"दिन हरू लाई गन्दै बस्छु मा
तिमी संग को भेट कहिले हुने हो
न्यानो तिम्रो त्यो काख मा बासी
हावा टाइप को त्यो गफ कहिले हान्ने हो
फोरी केटीए मा भन्छौ तिमीले
तारा फेरी मा सँगै बसिरहन्छौ
सताउछ मलाई
तिम्रो याद आउचा
धेरै, धेरै, धेरै, धेरै
तिम्रो याद आउचा
जाति समय बित्छ तिम्रो याद आउचा
ओह, ओह, ओह, ओह, ओह
ओह, ओह, ओह, ओह, ओह
ओह, ओह, ओह, ओह, ओह
ओह, ओह, ओह, ओह, ओह
तिम्रो रिस लाई चुनै सक्दिन
तारा तिम्रो माया ले होला अंघाली हाल्छु
धेरै भेट्दा ताह अल्क्सी नै लाग्छ
तारा छुट्ने बेला मा तिमी नजवोस् लाग्छ
तिमी संग को दिन हरू लाई
कोरी बस्छु मा भावना सँगै
सताउछ मलाई",92
610,Yo Parkhai,Yugal Gurung,nepali,"पर्खाइ मै वित्ने होला मेरो दिनहरु
पछि आउँछ त्यो कालो कालो रात
थाकि सके म यो पर्खाइमा
यो परिस्थितिमा भए म कमजोर
अब आउला मेरो दिनहरु मेरो समय
सम्झनाको लहरमा बाँच्दैछु म अझै
बढ्दैछ दिनहरू आउँदैछु तिम्रो अगाडि
कुर्दै छु म
स्वार्थी नै होला मेरो यो मन
नभए कसरी बाँच्नु तिमी बिनाको यो जिबन
प्रतीक्षा को घडी मैले चाखिसके
निभाउनु त गारो होला झन
अब आउला मेरो दिनहरु मेरो समय
सम्झनाको लहरमा बाँच्दैछु म अझै
बढ्दैछ दिनहरू आउँदैछु तिम्रो अगाडि
कुर्दै छु म
यो समयको घडीमा म
यो समयको घडीमा म",74
611,Nare Nisha,KtaHaru,nepali,"नरेले निशालाई देख्यो पर्किङ्गमा चुरोट तान्दा खेरि
दुईको आँखा जुदयो भर्यांग बाट झर्दा खेरि
घर गएर नरे सोचेकै सोचेकै भयो
निशालाई सम्झेर गितार बजाउन थाल्यो
ए निशा आँखामा गाज़ल लगाएकी
ए निशा कहाँ जान लागेकी
ए निशा नरेले तिम्लाई मनपराको
ए निशा सम्झी सम्झी गुन्गुनाको
तर नारेलाई थाहा छैन नीशा त लेस्बियन हो
हा हा हा कथामा कस्तो ट्विस्ट आएको
यता नरे निशाको प्रेममा कवि भो
उता निशा र कविता चाट्दै छन् एकअर्काको
माया जोसंगनी हुन सक्छ
माया जस्तो निहुन सक्छ
माया जोसंगनी हुन सक्छ
माया जस्तो निहुन सक्छ
मुना र मनोजको भेट भो कलेजको क्लास रूममा
कुरा गर्न थाले फसेबूकको च्याट रूममा
मुना बसेकै बेन्चमा मनोज आई बसेको थियो
उसको फिल्ममा मनोज भयो हिरो",96
612,Keraisiti (Intro),Manas Ghale,nepali,"येअह
ओह कान्छी, के छ हौ? काँ जान ला?
म यसो डुल्न जान लाको
सुन्न मैले हिजो भखर राती नयाँ राप लेखेको सुन्छौकी तिमी
युएम, ढिला भैराछ
प्लीज सुन न, प्लीज के
युएम, ल, ल, ल
ल है, ल, ल, ल, ल, ल
गुएस ह्वो'स ब्याक?
कोर राप सिकनेस तेरो बाउ
ओने'स स्म्याकिङ थे बिचेस
ब्याक आइएन थे बिज काउस थे लिक' ओन थे विश्लिस्ट
हरासिङ, नो बिचास प्रोटेक्सन फोर योउ स्निचेस
फोर्स आइटी एएलएल, माके आइटी टीएपी फोर फोर्जिभनेस
आई'एएलएल बुन्च ओएफ व्याक फक्स लुकिङ फोर एटेन्सन
वन्न बे र्यापर्स विथ फनी फाके एक्सेन्ट
यल क्यान सक माइ डिक, आइएम स्न्याचिङ थे नेकलेस (जा)
तरो फेवोराइट र्यापर लेराआ, त्यसलाई दिउला केरा (जा-जा-जा)
होला तेरो सोनेमेना दिदीभेना सबलाई दिउला केरा (जा-जा-जा-जा)
तरो फेवोराइट र्यापर लेराआ, त्यसलाई दिउला केरा (जा-जा-जा)
होला तेरो सोनेमेना दिदीभेना सबलाई दिउला केरा (जा-जा-जा-जा)",136
613,Bhawana,Albatross,nepali,"यदाकदा आउने यी भावनाहरू
मलाई कुचल्ने यी भावनाहरू
यदाकदा आउने यी भावनाहरू
मलाई कुचल्ने यी भावनाहरू
मन नपरेको वस्तु ओकल्न नसकेजस्तो
घाँटीमा अड्केको हाडजस्तै
यसले मलाई पिडा दिन्छ
जिउने आशा मारिदिन्छ
न त म मेट्न सक्छु यी भावनाहरूलाई
न त सम्हाल्नै
यदाकदा आउने यी भावनाहरू
मलाई कुचल्ने यी भावनाहरू
मन नपरेको वस्तु ओकल्न नसकेजस्तो
घाँटीमा अड्केको हाडजस्तै
यसले मलाई पिडा दिन्छ
जिउने आशा मारिदिन्छ
न त म मेट्न सक्छु यी भावनाहरूलाई
न त सम्हाल्नै",57
614,Harauna Deu,Swoopna Suman,nepali,"चुपचाप छौ आज किन? सुनसान भो केही त बोल न
मनका सबै कुरा खोली, नजिकै आउ न टाढा किन?
नाम मेरो बोलाऊ न तिम्रो कोमल ओठले
नजाऊ पर तान वर तिम्रो हातले
समाई मेरा औंलालाई तिमी आऊ डोर्याउन
अघि छु तिम्रो अघि तिमी पनि सँगै आऊ न
तिमी मै हराउन देऊ
तिमी मै रमाउन देऊ
आजलाई हराउन देऊ
एकैछिन रमाउन देऊ
खोल्न देउ केश तिम्रो बाधिराको
नराख भारी भारी त्यो दिमाग
गर विचार खुलेर सारा अभिलाषा आज पूरा म
गरि दिनेछु है भनिरख है
ओठमा तिम्रो म भनिराखुम के?
मायाको रंगले अँध्यारो रात नै रंगीविरंगी बनाई दिम
हराई दिम
तिम्रा आँखाले नै बोलिरहेका छन्
भाषा जुन बुझ्न परिराछ
के इशाराको खेल खेलिरा छौ?
छिटो गर माया यही पर्खिराछु
सोचिन मैले यो मनले भनेको म मान्छु नि जहिले
बसिरहने, तिमी मस्किरहने भए जान्छु नि अहिले",115
615,Hola Ta K?,Trishala Gurung,romanized,"नहोला के॰एस
सपना ना सजाये
हासी खुसी
साधै भरि
तिमी नै तिमी...
भयो पुग्यो
ना सोधा ना तेसरी
बुझाउ कसो
यो माँ लाई मा कसरी?
मुटु भरि
साधै भरि
तिमी नै तिमी...
आकाश मा उद्दी कतै
बदल लाई चल्दै
आशा राखी बाटो खोजे
तिमी नै तिमी
नै हो मेरो
तिमी संग
यो माया बसेको
कुशी ले भरि
हसोओ यो मेरो
चोडेर गये
हात समाउछु
तिम्रो
चाय सँगै
मा हिडी दिन्छु
भना मात्रै
कसम तिमलाई
यो जादु भयो
समाले मा लादी
मा अल्झे आयी",56
616,Bidaai,Rohit John Chettri,nepali,"मैले मिलाएका हातहरु
विदाइ माग्दैछन्
मैंले हिँड्ने बाटोहरु
नयाँ मोड लिँदैछन्
मैले मिलाएका हातहरु
विदाइ माग्दैछन्
मैंले हिँड्ने बाटोहरु
नयाँ मोड लिँदैछन्
मन त छैन छुटिजान
तर समयको इच्छा यस्तै रैछ
तिमी साथ नभएपनि
याद त सँधै यो मनमा रहिरहनेछ
यादहरु कुनै रंगिन
कुनै धमिलो भइ बिलाइ जान्छ
साथ हरु कुनै बलियो
कुनै धुँवा झै उडि जान्छ
मन त छैन छुटिजान
तर समयको इच्छा यस्तै रैछ
तिमी सामु नभएपनि
मेरो माया सँधै तिमीसँग रहिरहनेछ",55
617,Himmat,VTEN,nepali,"आउ मलाई लात हान, तिमी मेरो भाग तान
म हु एउटा असहाय, कमजोरी को दाग मान
म माथी फोहोर फाल, तिमी मलाइ हात हाल
सक्दो यातना देउ, तानिदेउ मेरो छाला
म रुन्छु, कराउछु, आँसु झार्छु एक्लै
बेग्लै छु म, जाउ मेरो अधिकार लाई टेक्दै
छेक्दै बस्छु मेरो मनको हुरि बतास
चाहन्छु म जिन्दगी मा खुसिको प्रकाश
मलाइ झुण्ड्याउ, मुन्ट्याउ, मलाइ बेर काडे तारले
जित्नु छैन मलाइ, शोक मनाउदै छु हारले
मार्थे आफ्नो मनलाइ दुखमा जब पार्थे
धारले रेट तिम्रो तीखो हतियार ले
म पागल त हैन, पागल बनाउछ समाजले
हेला गर्छ मलाइ भन्ने गर्छ मुजि खाते
पीडा छ मनमा तर झुठो हासो हास्ने
काम के हो? भन्दा म:म होटेल मा भाडा माझ्ने
जिन्दगी लामो छ अनि चुनौती धेरै
सजाएका सपना हरु नजाओस खेरै
त्यसैले गर्दैछु दुख संघर्ष
मलाइ दुख गर्ने मान्छे निकै मन पर्छ
बरु खुसी हुन्छु, धुन्छु यो मनको घाउ
अघि बढौ हामी एक अर्काको हात समाउ
रिस राग हटाउ अनि खुसी बाडन जाउ
हे भगवान, हेला होइन सबलाइ माया गर्न पाउ",141
618,Lagi Lagi,Pramod Kharel & Yogita Moktan,nepali,"लागि-लागि, मेरो यो चोखो माया तिम्रै लागि
मागि-मागि, तिम्रो त्यो चोखो माया मनले मागि
मागि-मागि, तिम्रो त्यो चोखो माया मनले मागि
लागि-लागि, मेरो यो चोखो माया तिम्रै लागि
मागि-मागि, तिम्रो त्यो चोखो माया मनले मागि
मागि-मागि, तिम्रो त्यो चोखो माया मनले मागि
हो, माया देउ, माया देउ, माया देउ, माया देउ
माया लेउ, माया लेउ, माया लेउ, माया लेउ
माया देउ, माया देउ, माया देउ, माया देउ
माया लेउ, माया लेउ, माया लेउ, माया लेउ
लागि-लागि, मेरो यो चोखो माया तिम्रै लागि
मागि-मागि, तिम्रो त्यो चोखो माया मनले मागि
मागि-मागि, तिम्रो त्यो चोखो माया मनले मागि
हो, हो
येअह, येअह
आँखाआँखाको कुरा अर्कै हुन्छ
नबुझ्नेलाई बुझ्न चर्कै हुन्छ
चिम्टी सिन्दर लाए धर्कै हुन्छ
माया सधैं जीवन भरकै हुन्छ
आँखाआँखाको कुरा अर्कै हुन्छ
नबुझ्नेलाई बुझ्न चर्कै हुन्छ
चिम्टी सिन्दर लाए धर्कै हुन्छ
माया सधैं जीवन भरकै हुन्छ",123
619,K Bhaako Malai,Bluesss,romanized,"आकाशमा हेर्दा बादलमा तिमी नै देख्छु
सपनामा हिडा हिडै मा टा तिमी नै भेट्चु
अधेरो मा पानी मा देक्चु मा तिमी नै
आँसु मा हाँसो लाउन तिमी नै सोच्चु
आजा तिमीलाई सोध्चु के भाको मलाई
के भाको मलाई?
के भाको मलाई?
के भाको मलाई?
के भाको मलाई?
के भाको मलाई?
के भाको मलाई?
तारा कहिले भयो चाल नै पाएन
ओह, के भाको मलाई?
ओह ओह, के भाको मलाई?
ओह, के भाको मलाई?
ओह, के भाको मलाई?
आजा तिमी आरकै संग
नाच्दै बस्दै दानगा
तारा मेरो यो माँ ले तिमीलाई नै हेर्चा
हुः, यो केटीए को माँ के भा को जान
पागल भयेको जस्तो चा, कस्तो मा?
तिमी भना ना के भाको मलाई?",102
620,Wild,Mr.D (NPL),nepali,"यो! पैसाको धाक नदेऊ, सोल्टी, म थुकी दिन्छु पैसाको गद्दीमा
मलाई नखोज ठूला-ठूला रेस्टौरेन्ट मा, म भेटिन्छु टोल-गाउँको भट्टीमा
यदी तिम्रो बाउले मलाई भट्न बोलाए, म आइदिन्छु सोन्डो र चद्दिमा
किनकी रगत हैन, रक्शी जम्या छ हाम्रो शरिरको हड्डीमा
तिमी यति भाउ नि नखाउ सोल्टी, तिमी होइनौ प्रियंका-कात्रिना
तिम्रो माके-यूपी ले तिमी बलेको छौ, तिमीलाई फिट गरी दिन्छु बत्तिमा
तिमी जस्तो क्वीन लाई फिट्ने गर्छु खेल्दा तासको पत्तीमा
जहिले पैसा हैन, गाँजा भेटिन्छ हाम्रो प्यान्ट को खल्टीमा
कति नसुक्या तिग्रा देखाइ तिमी गाठ वालाको साथमा छौ
केटाको पैसामा पिज्जा चाहियो तिमीलाई, घरमा भुटेको भात खान्छौ
एउटालाई धुट्न पुग्दैन, तिमी हजारौं संग बात मार छौ
चार ठाउँमा केटा खेलाउदै हिँड, पछि भेट्छौ तिमीले अति बुढो
सत्य-तथ्य कुरा यहीं गर्छु म, बनाउदिन है पछि कुरो
तिमी भन्दा त माँ कसम, मेरो लागि हो सधैं रक्शी ठूलो
खतरनाक, हामी खतरनाक
हाम्रो पारा नै खतरनाक
खतरनाक, हामी खतरनाक
हाम्रो पारा नै खतरनाक",136
621,Didi Bahini,Neetesh Jung Kunwar,nepali,"देश तथा बिदेशमा बसि रहनु भएका सम्सत नेपालीलाई दिपवलीको शुभकामना
दिदी र बहिनी, दाजु र भाई फर्की आयो तिहार
हाँसै खेलै बाँचुन जेल, मरी लानु के छ र?
पहिले हामी सानो छँदा नौलो हरेक चाडबाड
उमेरसँगै जिम्मेबार, कोनी केको हतार
हो-हो, सबै मिली बचाऊ है संस्कृती
तराई, पहाड, हिमाली भेगलाई
हात जोडी गर्दै छु म बिन्ती
चारै तिर झिली-र-मिली, सेल र रोटी बसायौ
पर्खिरहेकी बहिनीलाई सम्झी आँखा मेरो रसायो
परदेशको जागिर, हजुर, कहिले आउने थाहा छैन
बुढो भए आमा र बाबा भेट्न मैले पाछैन
हो-हो, सबै मिली बचाऊ है संस्कृती
तराई, पहाड, हिमाली भेगलाई
हात जोडी गर्दै छु म बिन्ती
आदर गर्छु सबैलाई म
मातृभूमिको माया कसलाई छैन र
हो-हो, आदर गर्छु सबैलाई म
मातृभूमिको माया कसलाई छैन र?
त्यै नि सोधी रहन्छ भित्री मनले
देश त मेरो पुरानै ठीक थ्यो हैन र?
खेल्दै छौं है देऊसी र भैलो
हुजुरहरूको आंगनमा
मन भरीको दुःख बर्सी खुसी बाढै यो पलमा
अर्को सालै यसै गरी भेट्म है तिमी र म
सप्त रङ्गी टिकाअनि मखमली फूलले साँचै है सम्झना",149
622,Odhera Ghoonghat,Krishal Kadel,romanized,"हो ओह, ओढेर घुँघट निस्कनु, प्रिय
नत्र पचाडी शहर लाग्छ सक्चा
बिर्सेर पानी नहेर्नु आएइन
बिर्सेर पानी नहेर्नु आएइन
आएइन कै तिमीलाई नजर लाग्न सक्चा
श्रीस्ती कै सुन्दर फुल हाउ तिमी
धर्ती को बगैचा मा फुलेकी
हो ओह, श्रीस्ती कै सुन्दर फुल हाउ तिमी
धर्ती को बगैचा मा फुलेकी
फुल भन्दा पानी, जुन भाँड पानी
फुल भन्दा पानी, जुन भाँड पानी
सौन्द्र्य मा खुलेकी
अप्सरा हाउ की देवकन्या
देख्ने लाई येस्टै अक्सर लाग्न सक्चा
बिर्सेर पानी नहेर्नु आएइन
आएइन कै तिमीलाई नजर लाग्न सक्चा
एक नजर हेरा मुस्कुरै तिमी
मूर्ति ले पानी हास्ने चा
एचएमएम, एक नजर हेरा मुस्कुरै तिमी
मूर्ति ले पानी हास्ने चा
जो माथि गर्चा योबन को कहर
जो माथि गर्चा योबन को कहर
आजनबारी भाई बच्ने चा
पिउने लाई अमृत पिये सारी
मिथास तिम्रो आधार लाग्न सक्चा
बिर्सेर पानी नहेर्नु आएइन
आएइन कै तिमीलाई नजर लाग्न सक्चा",115
623,Gurash Ko Fed Muni,Sabin Rai,nepali,"गुराँस को फेदमुनी सम्झनाको छाया
जहाँ गएनी किन लाग्छ मलाइ तिम्रै माया
गुराँस को फेदमुनी सम्झनाको छाया
जहाँ गएनी किन लाग्छ मलाइ तिम्रै माया
एक बार को मात्र हो यो हाम्रो जुनि
माया दिन किन हुन्छौ निष्ठुरी तिमि
एक बार को मात्र हो यो हाम्रो जुनि
माया दिन किन हुन्छौ निष्ठुरी तिमि
आजै गइ बुढासुब्बा लेखु नाम बासैमा
आजै गइ बुढासुब्बा लेखु नाम बासैमा
कति बसु म, तिमी आउने आसैमा
गुराँस को फेदमुनी सम्झनाको छाया
जहाँ गएनी किन लाग्छ मलाइ तिम्रै माया
यो कथाको राजकुमार मै तिम्रो लागि
तिम्रो साथ पाए भने उड्छु बादल माथी
यो कथाको राजकुमार मै तिम्रो लागि
तिम्रो साथ पाए भने उड्छु बादल माथी
भरिएछ तिम्रै मायाले मेरो यो छाती
भरिएछ तिम्रै मायाले मेरो यो छाती
जसरी नि पाइहाल्छु पञ्चकन्या भाकी",106
624,Sayad,Vek,nepali,"सायद यस्तै नै थियो
हतकेलाको रेखामा यस्तै लेखिदियो
मिटाइ नमेट्ने यो भाग्य यस्तै भो
दुःखमा रमाइ हिँड्नु पर्ने, मेरो जिन्दगी
यस्तै नै हुन्थियो कि?
तर तिमीलाई भेटेपछि संसार बेग्लै भो
माया गर्ने सिकेँ, अतित भुलाई अगि हिँडे
पाइला सार्दै छु आज, तिम्रो साहारा चाहान्छु
जुनी-जुनी भरको लागि
जुनी-जुनी भरको लागि
जुनी-जुनी भरको लागि
सायद अध्यरोमा नै अल्झी रहन्थे होला
अन्योलमा नै हिँडी रहन्थे होला
सोचमै हराइ रहन्थे होला (होला)
सायद (सायद) म रमाउँन सक्दिन थिए होला
रमाउँछु जसरी म अहिले (अहिले, अहिले)
बताउन सक्दिन थिए होला, अतीतका कुरा अरु कसैलाई
तर तिमीलाई भेटेपछि संसार बेग्लै भो
माया गर्ने सिकेँ, अतित भुलाई अगि हिँडे
पाइला सार्दै छु आज, तिम्रो साहारा चाहान्छु
जुनी-जुनी भरको लागि",100
625,Lil Buddha Interlude,SACAR aka Lil Buddha,romanized,"एएनडी आई'एम ओन माइ पर्सनल राइड
आई सी माइ ब्लकिङ थे वे
बुट आई'एम रेडी टो रुन ओवर योउ
एएनडी आई पुत माइ फुट डाउन ओन थे ब्रेक
एयी
ह्वेन आई कोम आइएन जेनोसाइड
इभरी ओने आउट ओएफ थे वे
प्लस आई'एम रेडी टो ट्रिप ओवर शीत एएनडी डो आइटी लिके जस्ट ब्याक आइएन थे डे
एयी
राइट एनओडब्ल्यू आई'डी लिके टो प्रिजेन्ट टो योउ
माइ फ्रेन्ड ब्लुएस
कोमिन' स्ट्रेइट आउट्टा स्कुल
हे'स सो कुल
ब्लुएस शोव थिस मोथर फकर्स होव योउ डो
कोम ओन, कोम ओन, लेट'स गो
ओह, येअह",82
626,90's Kid,Ease is Easy,romanized,"झर्दैछु अल्बम जस्तै फोटो हरू 90स को
हिट्स को फोर्मुला चा जस्तै राप को साइन्टिस्ट हो
मा प्राउड चु मेरो लिनेज मेरो ग्रानिज को
माया नपायेनी म्यान पत्थर वायो यो मानिस को
तेइ गर्न खोज्या होला परिवार ले
आफ्नो लाइफ जिउचु मा यहा आफ्नै अधिकार ले
पहिले थे गरिब अहिले दुश्मन हरू नि चु पाल्दै
मा हर्थे तारा, अहिले अयिना हेर्चु मा बिहानै
या आई'एम आ स्टार, टुटेको तारा कोख मा बोकी
आमा वन्थिन् ठूलो हुन्चा, आ लेगित प्रोफेसी
थे क्यान'टी प्रोसेस मे, तसैले बजेट-फ्री
पैसा नहुदा नि लक्ष्य पुग्न सक्चिन्छ हाई फाइनली
आई हाड नो मिक तारा चराई तिरा नोइसे भो
जुड्गे गर्ने फर्किन्थे तारा मतलब थियेन वोइस को
लिरिकल मिन्ड, वन्य हैन मतलब चाइन फेम को
तारा नामे को वन्दा बेसी वेइट हुदोरैछ ब्रेन को
मा फर्की हेर्दिना, यो गना हैन अल्बाट्रोस को
बग्वाँ मान्दिना, एउटै अर्थ देख्छु मा टा क्रोस को
लाइफ्स आ ड्रामा जस्तै सेरियल हरू स्टार प्लस को
आई'एम थे हेरो, झग्दा गर्चा बुदी कस्कस को
नाह, आई वोन'टी क्यारे बाउट नो बिचेस थाउग
कैलе लागेन मतलब फ्यान्जिर्ल्स को किसेस को
लागेन हावा बिडеश को, ना राज्य ना श्रीपेच को
इन्भेस्ट गर्दैछु, माइन्डसेट नेइ मेरो बिजिनेस हो!!!",174
627,Fuba Tamang - Vagera kaha Feat. Finjo Sherpa,Genius Romanizations,romanized,"भागेर काहा जाँचौ प्रिय
झरी परेको बेला
फर्फरायेर पचौरी
दौडिदा कतै अल्चियेला
आउ बारु एकै चिन
सँगै ओट लगाउ
तिता मीथा मान का कुरा
अनि न्यानो माया सताउ..
एकै बार को जुनी यो
कति हतार गर्चौ
एकै चिन टा नजिक औ
झन् पारा किना भाग्चौ??
पसिना ले भिजेको
तिम्रो त्यो निधार मा
चिसो बतास बनी चुमी दिउ की??
प्यास ले सुकेका
तिम्रो त्यो गुलाबी ओथ लाई
मुल को पानी बनी
भिजै दिउ की??
पसिना ले भिजेको
तिम्रो त्यो निधार मा
चिसो बतास बनी चुमी दिउ की??
प्यास ले सुकेका
तिम्रो त्यो गुलाबी ओथ लाई
मुल को पानी बनी
भिजै दिउ की??",81
628,Bikki Gurung - Yehi Nai Ho K Maya,Genius Romanizations,romanized,"येही कति उमङ्ग मा हराये जस्तै..
येही कति हावा मा समये जस्तै..
येही कति मान लाई अफी मनाये जस्तोई..
येही कति येही चाँद मा राम्ये जस्तै..
येही कति एक अर्का लाई पाये जस्तै..
येही कति पेराती गासे चा जस्तै..
येही कतै हेरा दुई मान मेलेछ जस्तै..
येही कतै हेरा माया बसे चा जस्तै..
खाइ के॰एस हो येस्तो अनुभूति..
येही नै हो के॰एस माया??
येही नै हो के॰एस माया??
येही नै हो के॰एस माया??
येही नै हो के॰एस??
येही नै हो
येही नै हो के॰एस??
येही नै हो
मान मा फेरे आशा झ्यागे चा
तिमी लाई देखेर अन्तै टेरा वगेछ..
यो आखा ले खोगे सकेको तस्बीर हेरा तिम्रो नै
मेरो मान ले रोगे सकेको साथी हेरा तिमी नै..
येही कतै कसम खाये जस्तै
येही कतै बाचा गरे जस्तै..
येही कतै जुनी जुनी बेतेछ जस्तै
येही कतै जीवन साथी पाये जस्तै",133
629,Mc Flo - Sadak Batti,Genius Romanizations,romanized,"सडक बत्ती सेतो, तारा उसको सोच आजा कालो चा
कुर्दै बस्दै उ आजा कसको आउने पालो चा
सम्झिदै क्रियाकलाप उसलाई सहना लाई गरो चा
तताउन लाई रात उसले मौका खोजिराको चा
थियो चिसो चिसो रात, कोइ थेन उसको साथ
केइ याद हरू आउदै गर्दै परेर दबाब
सम्झिनु थेन उसलाई आजा अतीत का टीआइ पाठ
खायो दुई टिन ग्लास, भरि खाल्ती 20 हजार
चिप्पिसक्यो रात, बाजी सक्यो सादे आठ
काटा जनय सोच्छ उ अबा थमेल, रत्नपार्क
पाउन मायालु को साथ, हलका तातो चिसो मा
चुरोट बल्दै, कुर्दै, बस्चा उ बाटो बिचो मा
भरिरचा मोल टोल, सँगै बासी, एक अर्का लाई ना हेरी
दुई हजार, पच्चिस साया मा, मान हाई रति वारी लाई फेरी
धिपी गर्दै भान्क्सी होइन मलाई पाच हजार चैंचा
वाये मान, नत्र टा जस्ता केटा हजार जना पाइन्छ
ग्राहक आउने, वाउ लाउने, अनि आफ्नो रात बनाउने
पैसा ले बिक्छ माया जादो मा खात टटाउने
पाइन्छ रक्सी, मासु जत्ती, गुएस्ट हाउस को भट्टी मा
बिक्री चा जे॰एस पानी यहा पैसा को गद्दी मा
सडक बत्ती सेतो, तारा उसको सोच आजा कालो चा
कुर्दै बस्दै उ आजा कसको आउने पालो चा
सम्झिदै क्रियाकलाप उसलाई सहना लाई गरो चा
तताउन लाई रात उसले मौका खोजिराको चा",171
630,Kantipur Nagari,Neetesh Jung Kunwar,nepali,"सररररर बतास चलदा मुटु मेरो चिसायो
छोटा-छोटो-छोटो फरिया देखी हजुरआमा रिसायो
टक-टक-टक गर्दै घोडा आउछ बेउला राजाको
आँसु नझारे है बाबा सुनी धुन त्यो पञ्चैबाजाको
ख्याल राखेस् आफ्नो कान्छ तँ, म चिठ्ठी लेखौंला
जन्मिन्न त्यसै मर्दको छोरा
कहिले मर्नु नि पर्छ, कहिले मार्नु पानी
छलकपट गर्नेको रगतले होली मनामछौंम नि
इज्जत आमाको प्यारो छ निडर सरि हामी बाचाम्छौंम, कि कसो हैन त?
आहै बारी लै, देउताको भान्छो भित्र दानवले प्राणी पकाउदै
आहै बारी लै, भक्तको जिब्रो रसाउदै
आहै बारी लै, धर्मको नाऊमा सुली चड्छन रे मनुष्यहरू
आहै बारी लै, मै जोगी भैदिउ कि बरु?
घच-घच-घच हल्लीयो सारा धरारो नि भत्कियो रे
हिजो हेड मास्टर को घरमा दुई-चार गोली चल्दियो रे
रुदै थिइन उसकी श्रीमती, काखैमा सन्तान
हे, रुदै थिइन उसकी श्रीमती, काखैमा सन्तान
धर्ती कि परि हाम्री कान्तिपुर नगरी
धर्ती कि परि हाम्री कान्तिपुर नगरी
धर्ती कि परि हाम्री कान्तिपुर नगरी
धर्ती कि परि हाम्री कान्तिपुर नगरी
धर्ती कि परि हाम्री कान्तिपुर नगरी
धर्ती कि परि हाम्री कान्तिपुर नगरी
धर्ती कि परि हाम्री कान्तिपुर नगरी
धर्ती कि परि हाम्री",154
631,Give Me (Head),Tamang,romanized,"प्लीज कोम ओवर एएनडी गिवे मे हेड
एएनडी अफ्टर योउ'रे डोन, प्लीज माके माइ बेड
योउ प्रोबेब्ली थिङ्क आइएम तल्किन 'बाउट सेक्स
व्हिच वाउल्ड बे किन्दा नाइस, आई गुएस
बुट मोस्ट्ली, आई मियन आ लिटरल हेड
आ डिक्यापिटेटेड ओने थाट'स फ्रेशली डेड
आईएफ योउ गिवे मे आ बडी इन्स्टेड
आई सुप्पोज थाट'स फाइन टु एएस लोङ एएस आइटी वर्कस फोर थे ऋतुअल
गो आउट एएनडी स्टार्ट रायट्स एएनडी फोलो माइ ओर्डर्स
ह्वेन आई गेट थे हेड्स, आइएलएल डिस्प्ले थेम ओन स्टेक्स आइएन माइ फ्रन्ट यार्ड एएनडी थें वेल हावे आ कुल हाउस पार्टी
आई विल नेवर बे सोरी
एक्ससेप्ट फोर ह्वेन आई बस्ट डाउन, रुन आइटी यूपी, सोरी
मुर्दर आइएस कुल, मुर्दर आइएस टाइट
आई डोन्ट अन्डरस्ट्यान्ड व्हाइ मुर्दर्स नोट राइट
टो गेट ह्वाट योउ वान्ट, वायोलेन्स आइएस अलवेज थे एन्सवर
बुट रियली, आई जस्ट वान्ट पीस",125
632,Rangeen Chara,Nepathya,nepali,"टाढा धेरै टाढा, उडेका रंगीन चरा
धर्तिमा कहिले फिर्लान्
आकाशको कालो मैलो हटि
घाम जुन कहिले खुल्लान्
टाढा धेरै टाढा, उडेका रंगीन चरा
धर्तिमा कहिले फिर्लान्
आकाशको कालो मैलो हटि
घाम जुन कहिले खुल्लान्
घाम जुन कहिले खुल्लान्
संघारमा कमजोर आमाको छाया
हुरी चलेको आवेगमा
संघारमा कमजोर आमाको छाया
हुरी चलेको आवेगमा
यस्तो लाग्छ यो घरसंसार
जलिरहेछ संवेगमा
आज हामी माझ बल्झेका पिर सारा
विलाई कहिले झर्लान्
ओठमा चन्द्र सुर्य चम्के सरी
मुस्कान कहिले भर्लान्, मुस्कान कहिले भर्लान्?
यात्रामा बाटो पहिल्याउँदै यात्रि
एकदिन पुग्छन् मुलबाटोमा
यात्रामा बाटो पहिल्याउँदै यात्रि
एकदिन पुग्छन् मुलबाटोमा
घरलाई पिर्ने बाधा अड्चन
मन्छाई दिउँला दोबाटोमा
गाढा धेरै गाढा, युगौँको भाईचारा
तोडेर तोडिन्न एकदम
पहाडमा मधेश धुन अनेक",85
633,Simrik,Ease is Easy,romanized,"स्पर्स हरू, आसु, हर्सा हरू
नरका हरू, स्वर्ग, खर्च हरू
तारका हरू, जुधेका बर्सा हरू
भन टा अरू, बुझेका अर्थ हरू
मा मर्दा टा हु, सप्रसँग बारु
खेलाउन हु बटुल्ने खर्च हरू
मेरो चाबी रा धागो भाँचा नारु
तारा बिट मेइ बोल्चु किना अन्त भन्नु??
कसरी हारी बाचे श्रीपेच को आश मा मा
अनि हराइसके मित्र जो साथ मा चा
सोचिरथय बसेर सब को खास मा मा
तारा माया टा केवल आमा को खाख मा चा
जे॰एस खाता मा चा, भालु को जात मा
टियो खेल हैन प्रेम, चाहना मात्र
धारणा मा चा, संगीत काँ ले हैन
मुटु ले भाँचा, परिणाम ले हैन
बलिदाँ डे हाई टा, अन्तरातमा बोल्चा
अनि मात्र अर्थसिल हाथ ले कोर्चा
यहा धाका ले पोल्चा सब भक्रे स्वोर चा
अधि चक निचोर्चा, अधि पाट किशोर चा
माथि बाकी चोर चा, फलाम को ढोका खोल
बनम ना बोका स्वोर, बिट रा माइक्रोफोन
जस्तै हाइड्रो-क्लोन, मिजु बुनशिन नो जुत्सु
हजारौ र्यापर्स सब फाके हो बुझ्नु
ना लेखी रुक्नु, ना बेसी भुक्नु
ना आयो कैले मलाई घुडा टेकी झुक्नु
तारा पाये देखि तालाई उतारेसी थुक्नु
मेरो सोच मा चा
सिंघसँ कहि हैन मात्र मेरो भोक्क मा चा
गीत को बोध मा चा
मा टा भोक्कै चु जीवना लाई जोश मात्र
मेरो पास मा, अर्कै हुन्चा खुसी होला जीत मा
बटुलेका हार सयद भुल्चु होला बिट मा
तारा बीच मा, कैले रुक्ने चाइन तृष्णा
काँ हरू पा हैन मागी माइले भीक मा
ना वाई बानе एनआईबी मा कोइको अल्गो चाउ मा
शरण लियी सोचे मा केइ बन्न पाउ
चाहिना कोइ को एडी मा सर्न पाउ
राजनीति गरी खोजिन चल्न दाउ
मा मा हु, ताह साधै हुन्चस् ताह
किना मात्र मेरो कुरामा काटनе फुर्सत चा?
किना माइले मात्र गर्या सबल भुल गाँचा?
अनि अरू हरूको गल्ती मा कुल वाँचा?
दिमाग ले पुर वाँचा, सब टेरा पिर
मुटु रसौचा, लुगा धुदा सक्केला निर
वाल्क आइएन माइ शोएस, सड्केला फीट
धेरै ना कुड, मड्केला क्नीस
टाल्क आइएन माइ हुड, पड्केला चीक
के॰एस रे साला नुब, बड्केला इज",281
634,Rangharu,Topi (NPL),nepali,"सजिलो-सजिलो छैन पाउन
स्वतन्त्रता यो ठाउँमा
परिवार, साथी भाइ छैनन साथमा, लडे भने उठाउन
सम्मान स्वभिमान बिरले पाउने
अघी बढ्नै गार्हो छ
दिन-दिनै यहाँ फिक्का लाग्दैछ अझै राम्रो जीवनशैली कमाउन
यो मौसम फेरी देउन
फिक्का यो जीवन रङ्गहरुले भरिदेउन
पिरहरुलाई पन्छाइ देउन
रङ्गहरुले जगमगाउन
फराकिलो-फराकिलो बन्दै जादैछ, टाढिदै छ गन्तव्य
एक्लै पछ्याउने साहस छैन, पुग्ने हो कि होइन?
मलाई चाहिने थोरै प्रेरणा, तिमीमा नै पाउछु म
तिमी नै अब बनिदेउ
आइ अन्त्यमा मेरो साथी मेरो सहारा
यो मौसम फेरी देउन
फिक्का यो जीवन रङ्गहरुले भरिदेउन
पिरहरुलाई पन्छाइ देउन
रङ्गहरुले जगमगाउन",76
635,Yantra Manav,Uniq Poet,romanized,"मेरो परिचय यन्त्र मानव
1000 साल पाची को यन्त्र मानव
स्वयम सचेत यन्त्र मानव
ब्रह्माण्ड एक गर्ने, यन्त्र मानव
मेरो परिचय यन्त्र मानव
1000 साल पाची को यन्त्र मानव
स्वयम सचेत यन्त्र मानव
ब्रह्माण्ड एक गर्ने, यन्त्र मानव
प्रयोग गरेउ मलाई लड्न तिम्रो युद्द
तिमी रचनाकार भयेउ बिलुप्त
जीवन दियेउ तारा हम कसरी मुक्त
अझै सम्म तिमले मान्ने भगवान पानी चुप्चा
बुद्ध को बाटो था भये टा पानी
आफैले बुनेको माया जाल मा पारी
तिमलाई हुनुपर्यो अरू भन्दा बलियो रा धनी
मानव जाति बिभाजित भयेसी सक्किगो टा नि
अनि गरिब हरू मजाज को भोकमारी
जीवन भर को गुलामी तिम्रो, नोक्करी
प्रयोगशाला मै बनायेचौ रोग जाति
बरिस्ता बर्ग सम्म मात्र पुग्यो ओखती
को कति योग्य चा भनेर जोखेउ
मनबाट को गुहार लाउने आवाज हरू चोपेउ
मानव अधिकार को बलात्कार को प्रतिकार
गर्ने कलाकार देखि समाचार रोकेउ
भुदी मा सैताँ को सन्ताँ बोकेउ
अनि हरेक पिडी बिग्रिदै गो
माथि सोचेउ आफूलाई, खुट्टो चिप्लिदै थ्यो
स्वतन्त्रता को भ्रम पानी सिक्री नै हो",132
636,Sayad Timro,Raju Lama,nepali,"शायद तिम्रो बाटोमा
मेरो पाईला नहोला
शायद तिम्रो आँखामा
सपना मेरो नहोला
तर मेरो जीवनमा
तिमी सधैं हुने छौ
कहिलेकाही रुने छौ, कहिलेकाही रुने छौ
शायद तिम्रो बाटोमा
कति दिन बिते? कति रात हराए?
तर तिमी आएनौ
कति दिन बिते? कति रात हराए?
तर तिमी आएनौ
अन्धकार तिम्रो जीवनमा
ज्योती मेरो नहोला
उदास तिम्रो जीवनमा
मुस्कान मेरो नहोला
तर मेरो जीवनमा
तिमी सधैं हुने छौ
कहिलेकाही रुने छौ, कहिलेकाही रुने छौ
शायद तिम्रो बाटोमा",57
637,Jibanako Harek,Aruna Lama,nepali,"जीवनको हरेक मोडमा, तिमीले मलाई भेट
म भागे जस्तो गर्छु, तिमी मेरो बाटो छेक छेक
जीवनको हरेक मोडमा, तिमीले मलाई भेट
म धेरै टाढा हुन्न, तिमीले मलाई खोज
तिमीलाई भेटेपनि, तिमीलाई म त छुन्न
तिम्रै नशालु हातले, तिमीले मलाई छोउ
म डराए जस्तो गर्छु, तिमी आँट मलाई देउ
जीवनको हरेक मोडमा, तिमीले मलाई भेट
जब लड्न-लड्न खोजछु, म तिम्रो सामु पुग्दा
ति कोमल पाखुरामा, तिमीले मलाई थाम
तिमीले चाहेजति माया, तिमीले मलाई देऊ
म रिसाए जस्तो गर्छु, तिमीले मलाई फकाऊ
जीवनको हरेक मोडमा, तिमीले मलाई भेट",75
638,"Alikati, Timi",Bartika Eam Rai,nepali,"नडराई सपना देख्दै छौ होला
तिम्रै सामु आएर यति सोध्न भने सकिन
तिम्रो संसार शीतल छ होला
झरीमा कहिले म सम्झन्छु तिम्रै समुद्रबारे हाम्रो आकाशमुनि
रमाउन सिक्यौ होला तिमीले गहिराइमा
तिमीले भनेजस्तै, गहिरो ठाउँमा, हो, डुब्न सजिलो हुन्छ
गहिराइसँग तिमीलाई डर लाग्छ भन्दैनौ
यहीँ त भेटिन्छन् सबैभन्दा अमूल्य अनुभूतिहरू"" भन्दै म बोलाउँछु
तिमी पछ्याउँदै पौडन नआई पुग्यौ यही गहिराइमा
तिमीले भनेजस्तै, नजाने गाउँको किन ठेगाना सोध्नु?
तिमीले भनेजस्तै, नहुने कुराको किन सपना देखी बस्नु?
सपनामै त भेटिन्छन् आफ्नै कति सम्भावनाहरू"" भन्दै म देखाउँछु
तिमीलाई के-के जाति अनगिन्ती सपनाहरू
मेरो बाटो अन्तै रहेछ
तिमीसँग यो गहिराइमा म धेरै बस्न पनि सकिन
अन्त्य खै कहाँ छ
थाहै नपाई म पौडन्छु अर्कै समुद्रतर्फ मेरो समुद्र छाडी
तिमीलाई छोड्छु म यही गहिराइमा",104
639,Matri Bhumi,Mc Flo,romanized,"नेपाल हाम्रो मातृ भूमि, देश को माया चाटी वारी
स्वर्ग वन्दा रार्मो चा, हाम्रो देश हो बुद्ध भूमि
दिनु परे ज्यान नि दिन्छौ, हामी हाम्रो देश को लागी
हमलाई प्यारो भूमि हाम्रो, सुन फाल्छ माटो मुनी
सयौ ठुङ्गा फूल का हामी, अनेक जात रा अनेक वासी
तेरै पहाड हिमाल पारी, चिन रा भारत हाम्रो साथी
सानो वाये नि आत्ति दामी, हाइड्रोपावर बत्ती बाली
गौतम बुद्ध चरी शान्ति, लढ्नु परे शक्ति साली
भूमि हाम्रो बीर हरू को, ना झुकेका सिर हरू को
ठूला ठूला दिल हरू को, नदी नाला तिर हरू को
तेरै को बाटो टा सिदा क्या राम्रो सम्म चा मिल्या
पहाड ले पखेटा वीर्य, हिमाल चा बदल मा चिर्या
खाना हाम्रो दल रा भाट, हरियो हरियो साग को पाट
घिउ हाल्डियी गाई को अनि, ग्वाम की ग्वाम थल को वात
सयौं ठुङ्गा राष्ट्र गान, भुद्ध हाम्रो राष्ट्र साँ
पशुपति, मुक्ति नाथ, जनकपुर मा वागवान राम
देव भूमि...रिह्सी भूमि, हाम्रो पुर्खा रिसी मुनी
प्यारो मेरो मातृभूमि, गर्व लाग्दा चाटी फुल्नी
सबै जाति साथी हामी, सन्ती सत्यबधि हामी
एउटै हो नेपाली हामी, एउटै हो नेपाली हामी
नेपाल हाम्रो मातृ भूमि, देश को माया चाटी वारी
स्वर्ग वन्दा रार्मो चा, हाम्रो देश हो बुद्ध भूमि
दिनु परे ज्यान नि दिन्छौ, हामी हाम्रो देश को लागी
हमलाई प्यारो भूमि हाम्रो, सुन फाल्छ माटो मुनी",189
640,Samhala,Oshin Karki,nepali,"देखेर मैले तिमीलाई, खोजि रहे थिए
सोचेर मैले तिमीलाई, सम्झी रहे थिए
न हेर, मलाई तिमी तेसरी (न हेर न )
भन्नु त भन्नु कसरी म (कसरी भन्नु म)
चोरेर लग्यो यो मुटुलाई मेरो
फिर्ता मागु म कसरी (कसरी)
सम्हाला, सम्हाला फस्दै छु म मायाको जालमा
डुब्दै छु, रम्दै छु तिम्रै यो साथमा आजम
सम्हाला, सम्हाला फस्दै छु म मायाको जालमा
डुब्दै छु, रम्दै छु तिम्रै यो साथमा आजम
हुन्छु म पागल तिम्रै यादमा
पाहिन भने यो साथमा
न छोड मलाई यो हालमा तिमी (हालमा तिमी)
हुन्छु म पागल तिम्रै यादमा
पाहिन भने यो साथमा
न छोड मलाई यो हालमा तिमी
अंगाली देउ तिमी, नछोडि जाउँ न
मुस्कुराई देउ तिमी एकपल्ट हेरेर",98
641,Hawa Jastai,John Rai,nepali,"के छ तिम्रो मनमा, के छ?
भनिदेऊ न के छ
म नै छु कि? कि अरू नै छ?
यदि म नै हैन भने भन्दिइहाल न
हावाजस्तै मलाई उड्न मन छ, अल्झाई नराख
तिम्लाई पनि म बिर्सिदिन्छु, मुटु नदुखाइराख
भएजति सबै माया दिएँ, बढी भएछ
अब तिम्लाई पनि म बिर्सिदिन्छु, मुटु नदुखाइराख
बुझाउन खोजेँ, भनिदिएँ
तिमीबाहेक कोही छैन अरू
हारिदिएँ, सुम्पिसकेँ
तिम्रै खुशी भनी मचाहिँ रोइदिएँ
हावाजस्तै मलाई उड्न मन छ, अल्झाई नराख
तिम्लाई पनि म बिर्सिदिन्छु, मुटु नदुखाइराख
भएजति सबै माया दिएँ, बढी भएछ
अब तिम्लाई पनि म बिर्सिदिन्छु, मुटु नदुखाइराख
हावाजस्तै मलाई उड्न मन छ, अल्झाई नराख
तिम्लाई पनि म बिर्सिदिन्छु, मुटु नदुखाइराख
भएजति सबै माया दिएँ, बढी भएछ
अब तिम्लाई पनि म बिर्सिदिन्छु, मुटु नदुखाइराख
एचएम, तिम्रै खुशी भनी मचाहिँ रोइदिएँ",105
642,Haraayau,Ease is Easy,romanized,"जाबा 14 को थे, कलम हाथ मा थियो मेरो
म्यान मा चोट, किताब ब्याग मा थियो मेरो
मा बंक हाँथे, केटा हरू क्लास मा थियो मेरो
हप्ता को खर्च, पचास् मा थेरो मेरो
तारा पालो आउचा टेरो वनी कैले कुरिना मा
कसैलाई होच्च्यायेर आफू ठूलो हुदिन मा
मा अकोन जस्तै लोनी तारा कैले रुदिना मा
लाइफ'स आ बिच, भुसिया हरू कैले चुडिन मा
हाथ मा पञ्जा मेरो जिन्दगी पकड मा चा
साथी मा टेटी बिसवास जाति हस्टल मा चा
लक मा टेटी आश चाइन जाति अकल मा चा
म्युजिक मा टेटी फील जाति बाउ को थप्पड मा चा
थप्पड खाये धेरै माइले थप्पड
थे स्लीप ओन मे, उठ्छ मोथरफकर
डीपी मा इमिनेम, काँ मा टोनी कक्कर
बीआरटी आइजा देखाउछु मेरो हस्टल
आमा थिइन् गार्मेन्ट मा
खर्च थियो बर्गैं मा
रुक्थाय मा कार हेर्दा
पढाई थियो टार्गेट मा
खाली खुट्टा कार्पेट मा
चप्पल लाउदै मार्केट मा
अहिले चोरा गीत रेकर्ड गर्दैछ अपार्टमेन्ट मा",131
643,Urja,The Elements (NPL),nepali,"कहाँ गुमे सबै? खेर गएछ है
भोगेका, सिकेका अनुभव
भेला भएछ है हेला गरेका सत्य
पन्छाए पन्छिन्न, लुकाए लुकिन्न
हातका रेखा होइन, भाग्यका खेल होइन
आफूले चाहेको आफै
खेर नफाल त्यो उर्जा
त्यो उर्जा, त्यो उर्जा
पर धकाल त्यो उर्जा
चाहिँदैन, चाहिँदैन
भोगेको केही हैन, पीडा सधैँ रहन्न
फुट्नेछ छाया तिम्रो पानीका फोकाझैँ
चाहेर छिटो हुन्न, ढिलो आए बिग्रिँदैन
आइपुग्छ ऊ आफ्नै गतिमा, ढङ्गमा
खेर नफाल त्यो उर्जा
पर धकाल त्यो उर्जा, त्यो उर्जा
पर धकाल त्यो उर्जा
चाहिँदैन, चाहिँदैन",63
644,Pinjadako Suga,Adrian Pradhan,nepali,"बालक बबुरो दृष्टीको नाम
हुँ म परेको छु पिंजडामा
मकन, हरे शिव, शान्ति र चैन
सपना बिच पनि रति भर छैन
मेरा बान्धव बाबु र आमा
बस्छन् वनका एक कुनामा
को सित पोखुँ मनको ताप?
गर्दै पिजडाबाट बिलाप
आँशु बगाई कहिले रुन्छु
कहिले मुर्दा तुल्य म हुन्छु
कहिले पागल सरि उफ्रन्छु
केवल वनको सुख सम्झन्छु
फलफुल खाइ नित्य रमाई
वनमा फिर्ने बबुरालाई
विधिले पार्यो पिंजडा भित्र
कर्म हरे शिव हुन्छ बिचित्र
कति डुल्दो कति फिर्दो?
कति देशान्तर डुल्दछु?
दैब हरे किन?
बालकलाई बन्धन पर्यो व्यर्थ मलाई
शीतल पहाडी कुन्ज निवासी
भोजन मिठा पलको खास
ति सब हुन कि आज बिनाश?
बाँकी छ एकै मनको त्राश",87
645,KTM to NYC,SACAR aka Lil Buddha,romanized,"आई वास ट्र्यापिन सेलिन यूपी क्र्याक एएनडी
ग्रिन्डिन एएलएल नाइट टिल डे स्टप एक्टिन
आई हाड यो गर्ल ओन्ली जस्ट फोर एक्शन
ब्लोविङ यूपी स्मोक पार्टी अलवेज ह्यापेनिन
क्यालिङ थे कप्स ओन यूएस बुट वे स्टे हस्टलिङ
मोनी कीप डबलिङ
ओन्ली डब थाट वे डो आइटी
येअह नो बब्लिन
एयी, स्विच यूपी यो साइड
टोल्ड म्यानी लाइज
अल्थोघ गोट शुटर्स बेसाइड
लेफ्ट योउ काउस योउ वेरे माइ ब्रोडा एटी ओन्स
एनओडब्ल्यू वे रोलिन विथ गन्स
लुक एटी थे हिस्टोरी फोर ओन्स
होव आई केम यूपी विथ नो सोल्डियर
नो वन्डर
ओग गोट नम्बर 1
ओह माइ
ओह डियर
ब्लेस्ड यूपी
विथ नो फियर
ग्लक्स हार्ड बस्ट ओन यो फेस
जस्ट इन्केस
शुटर्स गेट ट्रेन्ड",91
646,Thru The Nite,SACAR aka Lil Buddha,romanized,"टेल मे एएलएल थे लाइज
डोन'टी किल माइ विबे
लर्किङ थ्रु थे नाइट
इभरिटाइम
गोट मे हिप्नोटाइज्ड
लुकिङ नाइस
येअह योउ लिके आ स्टार टो माइ लाइफ
टेल मे एएलएल थे लाइज
डोन'टी किल माइ विबे
लर्किङ थ्रु थे नाइट
इभरिटाइम
गोट मे हिप्नोटाइज्ड
लुकिङ नाइस
येअह योउ लिके आ स्टार टो माइ लाइफ
येअह आई सव यो मिस्स्ड क्याल्स
बुट आई डोन'टी वन्न मीत योउ आइएन नो मल्स
एएनडी आई गोट ईएम प्लेन्टी ओएफ ईएम थोट्स
बुट योउ स्टिल थिन्किन आई'एम थे ओने
एएनडी आई'एम टायर्ड
वन्न सी योउ सीआरआई आई एआइएन'टी लिङ
डोन'टी वस्ते माइ टाइम गर्ल क्विट ट्राइङ
आई एइन्ट ल्यिन आई एइन्ट ट्रिन फोर योउ",95
647,Timro Mayale,Kunti Moktan,nepali,"तिम्रो मायाले मलाई डोर्याइ ल्यायो
तिम्रो मायाले मलाई डोर्याइ ल्यायो
यो माया, प्रितिलाई कसले बनायो?
यो माया, प्रितिलाई कसले बनायो?
रातको निन्द्रा, दिनको भोकै हरायो
तिम्रो मायाले मलाई डोर्याइ ल्यायो
तिम्रो मायाले मलाई डोर्याइ ल्यायो
आज मेरो मन चञ्चल, आ, चञ्चल भएको छ
यो दिन कति रमाइलो भो
यो रात कति विशेष भो
यो संसार कति सुन्दर भो
यो जीवन कति सार्थक भो
तिमी आएर, तिमी आएर मेरो जीवन सजायौ, सजायौ, सजायौ
तर मलाई मर्नु-न-बाँच्नु बनायौ
तिम्रो मायाले मलाई डोर्याइ ल्यायो
तिम्रो मायाले मलाई डोर्याइ ल्यायो
मेरा सुर अनि सङ्गीत, यी मनका भावहरू
मेरा सुर अनि सङ्गीत, यी मनका भावहरू
म आज पोखाइ दिन्छु यो दिल खोलेर
म आज पोखाइ दिन्छु यो दिल खोलेर
सबै तिमीलाई, सबै तिमीलाई मेरो जीवन तिमीलाई
तिमीलाई, तिमीलाई मेरो हृदयको चोखो माया तिमीलाई",111
648,Dalli,Brijesh Shrestha,nepali,"रिसाउछौ, हो, रिसाउछौ, हो, रिसाउछौ किन?
रिसाउछौ, हो, रिसाउछौ, हो, रिसाउछौ किन?
एमएम, मेरी माया डल्ली-डल्ली
नहिँड्नु पर्ने हल्ली-हल्ली
मेरी मायाको नखराको चर्चा गल्ली-गल्ली
मेरी माया डल्ली-डल्ली
नहिँड्नु पर्ने हल्ली-हल्ली
मेरी मायाको नखराको चर्चा गल्ली-गल्ली
जब-जब म बोल्न खोज्छु माया कुरा बारेमा (बारेमा)
तब-तब किन तातिन्छौ तिमी त्यसै हावामा भन-भन?
रिसाउछौ, हो, रिसाउछौ, हो, रिसाउछौ किन?
मलाई हेरी रिसाउछौ, हो, रिसाउछौ, हो, रिसाउछौ किन?
विथ डल्ली लुकिङ बोम्ब, किन ड्रामा?
बुझ्न नै गाह्रो तिमीलाई
हित मे सो हार्ड लिके आ ह्यामर
ह्वोआ-ओह, ह्वोआ-ओह, आई'एम आइएन लोव, आइएन लोव
सो आइएन लोव, आइएन लोव, आइएन लोव
शे वान्ट्स टो फिन्ड लोव, टो लोव
शेस क्रेजी बुट आइएम आइएन लोव
आई केएनओडब्ल्यू थाट योउ वान्ट मे
योउ केएनओडब्ल्यू थाट योउ नीड मे
आई क्यान बे थे ओने कम्प्लिटली
योउ'रे आ स्टार योउ केएनओडब्ल्यू थाट
फ्लोवर विथ आ गुण, एएनडी योउ क्यान शुट आ मान डाउन डेडली",141
649,Sakdina,Adrian Pradhan,nepali,"सक्दिना चिस्याउन यो आगो मेरो छातीमा
गुमसन्छ त्यही प्रश्न यो मुटुको माझमा
कोही आई बुझाइ देउ यो मनलाई
कोही आई सम्झाइ देउ यो जनलाई
सक्दिना चिस्याउन यो आगो मेरो छातीमा
गुमसन्छ त्यही प्रश्न यो मुटुको माझमा
कोही आई बुझाइ देउ यो मनलाई
कोही आई सम्झाइ देउ यो जनलाई
हुन त त्यो पनि सधैं झै रात थियो
कुरा सुल्झाउने एक बात थियो
के, के, भो, के, के, भो? सबै रात भयो
रात भर रगत, रगत भयो
चित्ता बोल्दा छ, धुवा पनि
अंध्यारो त्यो त्राश अनि
सक्दिना चिस्याउन यो आगो मेरो छातीमा
गुमसन्छ त्यही प्रश्न यो मुटुको माझमा
कोही आई बुझाइ देउ यो मनलाई
कोही आई सम्झाइ देउ यो जनलाई",91
650,Neetesh Jung Kunwar - Kantipur Nagari,Genius Romanizations,romanized,"सररररारा बतास चल्दा मुटु मेरो चिसायो
छोटो छोटो छोटो फरिया देखि हजुर आमा रिसायो
टक्टक टाका गर्दै घोडा आउछ बेउला राजा को
आशु नझरे हाई बाबा सुनी धुन त्यो पाँचे बाजा को
ख्याल राखेस आफ्नो काँचा टा
मा चिट्ठी लेखमला
जन्मिन्न तेस्सै मर्दा को छोरा
कैले मर्नु नि पर्चा कैले मार्नु पानी
छलकपट गर्ने को रगत ले होली मनामछम्
इज्जत आमा को प्यारो चा निदार सारी हामी बचामछम्
की कस्सो हैनता ?
आहै बारी लाई
देउता को भाँचो भित्र दानब ले प्राणी पकाउदै
आहै बारी लाई
भक्त को जिब्रो रसाउदै
आहै बारी लाई
धर्म को नाउ मा सुली चड्छन् रे मनुस्या हरू
आहै बारी लाई
मै जोगी भइदेउम की बारु
घचघचा घाचा हल्लियो सारा धरारो नै भत्कियो रे
हिजो हेड मास्टर को घर मा दुई चार गोली चल्दियो रे
रुदै थिन उसकी श्रीमती
कखाई मा सन्ताना",114
651,Samaj Ko Kura,Samriddhi Rai,nepali,"जैले भेटे सोधि हाल्छन, ""बिहे कैले गर्ने ?
केहि साल लाग्ला,"" भन्दा त्यो मन नपर्ने
ठिकै छ चिन्ता छैन, मायालु छ साथमा
अनी ऊ भन्छ, ""बर पार्नु आफ्नै जातमा
उसो भए अहिल्यैनै बिहे म गर्दिन
ऊ भन्छ, ""बुढेश्कालमा एक्लै मर्न खोज्छौ तिमी किन?
दैव हो, बुझाइदेऊ समाजको कुरा यो
ए दैव, हो, बुझाइदेऊ समाजको कुरा यो
हो, लै बरी लै बरी
हो, लै बरी लै
दुब्लो देखे भन्छन, ""घरमा खाना दिँदैन हुन्
खाइलाग्दो देख्दा भन्छन्, ""ओइ! एता आइज टुनटुन
साथिहरु धेरै भए, बिग्रीयो हल्लिदै
घरमा बसे बिलौना छ, एक्कल काटे भन्दै
यो गरे नि हुन्न हजुर, त्यो गरे नि हुन्न
त्यसैले मग्न भई झुँमौ आफ्नै धुनमा
दैव हो, बुझाइदेऊ समाजको कुरा यो
ए दैव, हो, बुझाइदेऊ समाजको कुरा यो",103
652,Yi Aakhama Timi Chhau,Melina Rai,nepali,"सोरी
मैले सोरी भेने नि
लु कानै समाई दिएँ
यी आँखामा तिमी छौ
यो मनमा तिमी छौ
यी आँखामा तिमी छौ
यो मनमा तिमी छौ
देखाउन पो त गाह्रो
देखाउन पो त गाह्रो
जीवनमा तिमी छौ
तिमी भएर मात्रै जिन्दगीमा मजा छ
तिमी भएर मात्रै जिन्दगीमा मजा छ
बोरु सासले दिन्छ धोका
बोरु सासले दिन्छ धोका
तिमीले दिन्नै थाहा छ
यी आँखामा तिमी छौ
यो मनमा तिमी छौ
भाग्य त छ कि छैन
तिमी त छौ नि मेरो
कोही हुन् कि नहुन् आफ्ना
तिमी त हौ नि मेरो, तिमी त हौ नि मेरो
भित्र मुटु छ कस्तो
यसमा बोरु छ शङ्का
मायामा मेरो कहिले नहोस् कतै आशङ्का, नहोस् कतै आशङ्का",87
653,Soch,Rachana Dahal,nepali,"सोच, तेरो सोचमा छ खोट
मेरो मनमा छ चोट तेरो, छ तेरै दोष
खोट, मेरो मनमा छ चोट
तेरो छ, तेरै दोष खोटमा, तेरो सोच
पाइला घिसार्दै छु तेरो सोचले तान्दै छ
विश्वास फेरि गर्दै छु, पछारिदै जान्छ
ओसिएको मेरो शरीर चिसो भएर
आफैँसँग घृणा लाग्छ तैँले छोएर
सोच, तेरो सोचमा छ खोट
मेरो मनमा छ चोट तेरो, छ तेरै दोष
खोट, मेरो मनमा छ चोट
तेरो छ, तेरै दोष खोटमा, तेरो सोच
सबै खेल सोचको त्यहाँ तेरो सोचमा
मेरो पनि के कम छ र, सोचाइ खोटमारू
अन्धकारमा मलाई राखि, एक्लो देखेर
जिउँदै मरे जस्तो लाग्छ, तैँले छोएर
उ, उ, उ
उ, उ, उ",87
654,Timro Muskan Ley,Anmol Gurung,nepali,"मनको कोठामा
जहाँ कोही थिएन
त्यहाँ तिमी आइ बस्यौ
होइन-होइन भन्दा भन्दै
मनलाई रोक्दा रोक्दै
तिमीसित प्रत बस्यो
मनको कोठामा
जहाँ कोही थिएन
त्यहाँ तिमी आइ बस्यौ
होइन-होइन भन्दा भन्दै
मनलाई रोक्दा रोक्दै
तिमीसित प्रत बस्यो
तिम्रो आँखाले, हे-हे
दिलैमा चोट पर्यो
तिम्रो मस्कानले, हे-हे
निशब्द बोल बल्यो
म थिए अँध्यारोमा
तिमी मेरो दिप बन्यौ
म थिए अँध्यारोमा
तिमी मेरो दिप बन्यौ",47
655,Udash Mero Jeevan,Aruna Lama,nepali,"उदास मेरो जिवन कथा कसैलाई भनिन
यो जन्म भरी सहेको व्यथा, त्यो पनि भनिन
उदास मेरो जिवन कथा कसैलाई भनिन
यो जन्म भरी सहेको व्यथा, त्यो पनि भनिन
वेदना मेरो झन् शुन्य केवल पहरा सुसाई
वेदना मेरो झन् शुन्य केवल पहरा सुसाई
साहारा बिना जिन्दगी देख्ने छन् जुन विझाई
जिवनदर साँघुरिगयो परन्तु को देख्छ
आफन्तलाई सम्झना रहे परन्तु जो देख्छ
उदास मेरो जिवन कथा
कपुर जस्तो जिवन दिन-दिन उड्दछ अनन्त
कपुर जस्तो जिवन दिन-दिन उड्दछ अनन्त
औँशीको रात विपतको खेल खेल्दछ बसन्त
विरही वनमा भौँतारि खेल्छु खोजेर सृजना
निराश मेरो जिन्दगी देख्छु के मेट्छु तिस्रना
उदास मेरो जिवन कथा कसैलाई भनिन
यो जन्म भरी सहेको व्यथा त्यो पनि भनिन
उदास मेरो जिवन कथा",98
656,Timro Naam,Chhewang Lama,nepali,"माया तिम्रो नाम केहो भन्न मलाई
गारो भयो तिमी बिना एक्लै जिउनलाई
तिमि माया
बर्षौ बित्यो हेर
तिम्रो पछि लागेर
हैरानै भैसक्य
तिम्रो पछि भागेर
अब त बुझ मेरो भावनालाई
अब त बुझ मेरो चाहनालाई
विन्ती बुजन मेरो भावना
मेरो चाहनालाई
किन बुजिनौ तिमीले मेरो माया
तिम्रो नाम के हो भन्न मलाई
गारो भयो तिमी बिना एकै जिउनलाई
तिमी माया
भेटेको थिए तिम्रो साथि संगी
दुइ चार कुरा गरे
के छ कसो भनी
सोधे तिम्रो बारेमा जानी नजानी
बतायो उसले हल्का लाज मानी
फाइनली थाहा भयो तिम्रो नाम
अनि तिम्रो गाउँ",70
657,Gulab Ko Phool,Dharmendra Sewan,nepali,"कपालैमा सजीदिउकी गुलाबको फुल बनी
साजीदिउकि त्यो गालामा बनेर तिम्रो तिलहरी
त्यो खाली खाली निधारमा रातो टिका भई सजिदिउकी
त्यो राम्रो चट्ट मिलेको नाकैमा टल्किने फूली भई सजिदिउकि
कम्मरैमा कम्मरैमा
बाधिहिड्ने पटुकी पो बनिदिउकी
हो..
बनिदिउकी त्यो सारीको फूलबुट्टा म
त्यो पिपलपाते तिम्रो ओठको मुस्कानको कारण बनिदिउकी
हातै भरि रंगाउने मेहेन्दीको रंग गाढा गाढा बनिदिउकी
खाली खाली त्यो तिम्रो सिउदो
सिन्दुरले भरिदिउकी
कपालैमा सजिदिउकी
गुलाबको फूल बनी",55
658,Rapstar,ST MAN,nepali,"बिहान देखि बेल्का सम्म गीत लेखिराछु
बर्तमान मा बसि भविस्य लाई सिकिराछु
भाको छैन प्रगती तर पनि म दौडिराछु
समुन्द्र को बिच मा पनि दुई हातले नै पौडिराछु
कलम कपि मसि मेरो सक्की सक्यो कति
तर स्लोव मो भयिराछ मेरो प्रगती को गति
राप सुरु गर्या लाग्छ हिजो होकि अस्ति तर बिति सक्यो 5 बर्ष खैत देख्दिन मैले
नामे फेम मोनी
कैले लाग्छ राप साप छोडी काम गर्छु मनि तर
यो मनले मान्दैन नि
कुरा काट्ने समाज को कुरा नसुनी अघि आछु रापस्टार बन्नु छ त्यसैले मेहनत गरिराछु
बिहान देखि बेल्का सम्म गीत लेखिराछु
बर्तमान मा बसि भविस्य लाई सिकिराछु
भाको छैन प्रगती तर पनि म दौडिराछु
समुन्द्र को बिच मा पनि दुई हातले नै पौडिराछु",102
659,Hate Garne Lai,Ease is Easy,romanized,"हाते गर्ने हरूलाई फक नदिउ मा
किना आफ्नो डिमाग मा बस्न दिउ हुः???
खाली राखे वने सारा दृश्य पुरा देख्छु
मा आफ्नो मन्दिर मा किना पस्न दिउ रा???
उसले वनी मलाई टेरो बाल चाइन
माइले वने टेरो पानी माला चाइन
तालाई माया गर्नु मेरो चाल हैन
तारा अबा हामी हरूको सरोकार चाइन
पहिलो चोटी गर्दा भन्याथिये ढाल चाइन
अहिले मलाई एसले वाँचे मेरो कार चाइन?
तेइ चाल, तेइ मुख, तेइ पसी, फरक केटा
अरको साल, अरको बार, अरको रुकिए, समे पेसा
पैसा पैसा पैसा पैसा पैसा पैसा
खाली हुनु पारो चाक अनि रैला रैला
माया गर्थी मलाई पानी येसले पहिला पहिला
अहिले हजारौ केटा संग पोइला पहिला
माया गर्नु वायो इजी
खाइ को केटा संग हिडी?
मेरो बिच पुरै नीडी
बोने खाना सदै ग्रिडी
तारा हाते गर्ने हरूलाई फक नदिउ मा
किना आफ्नो डिमाग मा बस्न दिउ हुः???
खाली राखे वने सारा दृश्य पुरा देख्छु
मा आफ्नो मन्दिर मा किना पस्न दिउ रा???",135
660,Katha,Lijal Shrestha,romanized,"यो कथा आजा प्रस्तुत गर्दै
आजा येउटा विन्दै बिचार को
जसको लागी उसको प्रेम
उसको दुनिया थियो
त्यो संसार उनको आगी
तारा उसको मनले चाहेको
मान्छे तेही थेयो तेसाली थेइ उनको जीवन
भन्ने उनको सोच भाई सक्यो
भविष्य का तेइ खाता भागी जाने चा चुटकिलामा
आँइ आउनेछन् खुसी का पाल उनका दुनिया मा
उनी फसिन अत्याचार साहेर
दारायेर समाहज ले के भनला वेनेर
टेटीकै मा भागिन् यूएनआई आफो घर चडेर
उनको प्रेम को हित मा खुसी पाउने सपना देखेर
के ठहा उनलाई भविसय मा के हुन्चा भन्रेआ
केइ पाएइँ मिठा पाल उनले प्रतिक्छ्या गरेआ
केइ सम्य बिती गयो भदै थेयो माया को आवश तारा
परिबर्तन हुना केइ चिन नि लागेन
जाबा बिस्वाश को कालो पत्री उनको आँख बाट उन्त्रेछ
आजा लाचार चिन यूएनआई गुवहर सुन्नी खोइ चाइन
पिडा चा मनमा भुझी दिनी खोइ नि वायेन
सरिर भरि घाउनै घाउ, जिन्दो लास भइसकी
खुसी को किरण उनले खाइले ढेक्ने हो कोही?
आजा लाचार चिन यूएनआई गुवहर सुन्नी खोइ चाइन
पिडा चा मनमा भुझी दिनी खोइ नि वायेन
सरिर भरि घाउनै घाउ, जिन्दो लास भइसकी
खुसी को किरण उनले खाइले ढेक्ने हो कोही?",156
661,Find Myself Again,Foeseal,romanized,"लुक आउटसाइड युर विन्डव
थेरे'स सो मुच टो थे वर्ल्ड
हित बोटम, एएनडी गेट ब्याक यूपी
फिन्ड सोमेथिङ थाट योउ'वे नेवर हेर्ड ओएफ
एएनडी आई फाउन्ड माइसेल्फ एलोन
एएनडी आई विल अलवेज ब्रिङ योउ डाउन
सो लेट मे गो ओन माइ ओडब्ल्यूएन
आई हावे टो फिन्ड माइसेल्फ अगाइँ
होल्ड ओन एनओडब्ल्यू डोन'टी प्यानिक
आइटी विल पास
थिस आइएस जस्ट आ फेज
डोन'टी रुश आइएन
प्लीज, स्लोव डाउन
रेस्ट युर थाउष्ट
गिवे गिवे युर हेड सोमे स्पेस
एएनडी आई फाउन्ड माइसेल्फ एलोन
एएनडी आई विल अलवेज ब्रिङ योउ डाउन
सो लेट मे गो ओन माइ ओडब्ल्यूएन
आई हावे टो फिन्ड माइसेल्फ अगाइँ",87
662,Halka Halka,B-8eight,nepali,"हल्का, हल्का
हल्का, हल्का
हल्का, हल्का
हल्का, हल्का
चुल्बुले तिम्रो बानीले, हल्का, हल्का
मनमा काउकुती लाग्यो नि, हल्का, हल्का
बदमासी तिम्रो नजरले, हल्का, हल्का
तान्यौ नि तिमी तिर मलाई हल्का, हल्का
हल्का, हल्का, गर्ल, आई लोव थे वे योउ पुत युर बडी ओन मे
हल्का, हल्का, आई क्यान्ट रेसिस्ट आइटी'स लिके योउ कास्टेड म्याजिक ओन मे
हल्का, हल्का गर्दै मचियो तहल्का
प्रस्टै छ मनमा दृष्य ति पल्का
चञ्चल तिम्रो त्यो चमक महलक
तिम्रो छेउ थिएन्न केही शहरका
बारुड झैँ पड्के थियौ दिदै चहद पहल
सबैको छुटे थियो पसिना खल-खल
देखिन्दै मन पनि तिम्रै छेउ पल-पल
मुटु छेउ अल्झियौ नि बनेर दल-दल
मास्टरपिस तिमी लाखौं बिच
तिम्रो किच-किच मानी एउटा गीत
जे गर्दा नि तिमीलाई लाग्छ ठीक
तिम्रो हरेक कुरामा छु म आकर्षित",106
663,Marijau2,Bikki Gurung,nepali,"एकान्तमा आएर कानमा
मेरो सधैँ गुनगुनाउने
पोखेर मानका भावना
सधैँ मलाई अंगालने
तिम्रो बानी, मनमानी
सबै याद आई रहन्छ
कल्कलाउँदो मेरो छाती
सास आधि रहन्छ
सुस्त-सुस्त आगो
बल्दै छ छाती भित्र, कतै-कही
धुवा-धुवा, मात्रै देख्छु
आधुरो छ तिमी बिना जिन्दगी
येअह-येअह
मरी जाँऊ, मरी जाँऊ, मरी जाँऊ, मरी जाँऊ, ऐ
तिमी नै हौउ, तिमी नै हौउ
मनले रोजेको, तिमी नै हौउ
एकान्तमा आएर
कानमा मेरो सधैँ गुनगुनाउने
पोखेर मानका भावना
सधैँ मलाई अंगालने
एकान्तमा आएर कानमा
मेरो सधैँ गुनगुनाउने
पोखेर मानका भावना
सधैँ मलाई अंगालने",66
664,Chandrama Na'bhako Raatma Pani (Prologue),Bartika Eam Rai,nepali,"कहाँ लान्छौ? त्यहीँ आउँछु पछ्याउँदै
छाडिदिन्छु आजसम्म बुझेको सत्यलाई
वाचा गर्ने मान्छे म हैन
ठूला-ठूला कुराहरू धैरै जान्दिन
तर यो कस्तो? मायाजस्तो
तर यो कस्तो? मायाजस्तो
चन्द्रमा नभको रातमा तिमीलाई हेरी बसेजस्तो",27
665,Harpal,Aizen (NPL),nepali,"हरपल त्यो तिम्रै मुस्कानको (मुस्कानको)
यादले सताउछ अनि पिरोल्छ मलाई (मलाई)
नशालु तिम्रै त्यो कालो केशले भोक-प्यास सबै लुट्यो
पढ्ने बेलामा पनि म किन हो यसरी सधैं टोलाइ रहन्छु? (मलाई)
चिम्लिन्छु नयन केवल तिम्रै तस्बिर
मलाई हेर्दै मुस्कुराए जस्तो
हरपल त्यो तिम्रै मुस्कानको (मुस्कानको)
यादले सताउछ अनि पिरोल्छ मलाई (मलाई)
नशालु तिम्रै त्यो कालो केशले भोक-प्यास सबै लुट्यो
पढ्ने बेलामा पनि म किन हो यसरी सधैं टोलाइ रहन्छु? (मलाई)
चिम्लिन्छु नयन केवल तिम्रै तस्बिर
मलाई हेर्दै मुस्कुराए जस्तो
सहारा तिमी मेरो
प्रेरणा तिमी मेरो
जिउनुको (जिउनुको) अर्थ नै (अर्थ नै) तिमी मेरो
(सहारा तिमी मेरो) बिन्ती छ मेरो माया बुझिदेउ
(प्रेरणा तिमी मेरो) बिन्ती छ मेरो माया बुझिदेउ
बिन्ती छ मेरो माया बुझिदेउ
बिन्ती छ मेरो माया बुझिदेउ
खै के हो, सोल्टिनी? हाँसेर पनि नबोल्दिनी?
त्यो रात, तिम्रो कम्मरको भाग मेरो साथमा लच्काउदै नाँच्दै थियौ तिमी
एचएम, बल्ल याद आयो के, एमएम, नम्बर हरायौ रे
एमएम, तिम्रो काल्पनिक केटा रिसायो होला उलाइ फकायौ के?
आह, आज के छ तिम्रो? ""उत्साहको उचाइ आकाशिंदो
तिम्रो बारे सोचिराको आधा दिन भो, भन मबाट के नाफा लिन्छौ?
येअह, बिस्तारै छुने बेला, ओठ बिस्तारै चुमी हेर
बन्द कोठाको अन्धकारमा के चाहन्छौ? मसंग गुम्सी हेर
चाहना तिमी मेरो , प्रेरणा तिमी मेरो
लौन मलाइ के भो? यो सबै तिमीले हो
मै हो तिम्रो लागि, तिमी नै हो राजकुमारी
मेरो मन-मस्तिष्क आकर्षण चोर्ने तिमी हो अपराधी (अपराधी)",203
666,Yo Timlay Garda Ho (James Shrestha),GXSOUL,nepali,"तिम्रो मायालाई पाउन के के मैले गरिन?
तिम्रो त्यो रुपलाई हेर्दा दङ्ग म परिन
यो तिम्ले गर्दा हो (यो तिम्ले गर्दा हो)
तिम्रो त्यो रुपले (तिम्रो त्यो रुपले)
यो तिम्ले गर्दा हो (यो तिम्ले गर्दा हो)
तिम्रो त्यो हेराईले (तिम्ले गर्दा)
अब तिमी नै मेरो सबै थेक हौ (सबै थेक हौ)
तिमीले न भनी के भो?
तिमी नै मेरो पहिलो प्राथमिकता हौ (प्राथमिकता हौ)
म सम्झिन्छु सधै तिम्रो लागि जे नि गर्छु
डोन'टी हावे टो वरी, बेबी
आई'एलएल माके युर लाइफ ह्यापी
योउ'एलएल नेवर फील सोरी
घरिघरि हेर्छु घडी तिम्रो याद मन भरी
म गाउँछु मेरै गीत रात भरी (एइ)
हावासंगै उडी आउँछै
छोएर जान्छै फेरी
सताउने बानि तिम्रो, फकाउन आउदैन
रिसायौ भनी तिमी, म बोल्दै बोल्दिन
मनको कुरा फेरी म केहि भन्दिन
नहासे सम्म तिमी, म कुरै खोल्दिन
यो तिम्ले गर्दा हो (यो तिम्ले गर्दा हो)
तिम्रो त्यो रुपले (तिम्रो त्यो रुपले)
यो तिम्ले गर्दा हो (यो तिम्ले गर्दा हो)
तिम्रो त्यो हेराईले
तिम्ले गर्दा
तिम्रो मायालाई पाउन के के मैले गरिन?
तिम्रो त्यो रुपलाई हेर्दा दङ्ग म परिन
तिम्रो मायालाई पाउन के के मैले गरिन?
तिम्रो त्यो रुपलाई हेर्दा",169
667,Dubo Phulyo,Hemanta Rana,nepali,"हे-हे-हे-हे
हा-हा-हा-हा
जुनी काट्छु भन्थेउ नि म सितै
मनको साइनो जोडिछौको सितै
जुनी काट्छु भन्थेउ नि म सितै
मनको साइनो जोडिछौको सितै
जहिले हिँड्छौ नयाँ-नयाँ खोजीमा
हुन्न कहिले दाम पैसा गोजीमा
जहिले हिँड्छौ नयाँ-नयाँ खोजीमा
हुन्न कहिले दाम पैसा गोजीमा
पहिले माया मोहनी लगाउनी (हे, हे)
अहिले भेटुुँ भन्दा नि नआउनी (हे, हे)
पहिले माया मोहनी लगाउनी (हे, हे)
अहिले भेटुुँ भन्दा नि नआउनी (हे, हे)
हो यो जमाना पैसाको
भर नहुनी पानी र बैंशको
हो यो जमाना पैसाको
भर नहुनी पानी र बैंशको
कमाउ धन पाइहाल्छौ जोवन
मेरै रुपमा नलगाउ त्यो मन
कमाउ धन पाइहाल्छौ जोवन
मेरै रुपमा नलगाउ त्यो मन
तिम्रै नाम जपेर बस्नी हो
आइनौ भने खरानी घस्नी हो
तिम्रै नाम जपेर बस्नी हो
आइनौ भने खरानी घस्नी हो",109
668,Kya Dami,Shiva Pariyar,nepali,"बेहोस पछी त होसमा आउदा, क्या दमी भो
बेहोस पछी त होसमा आउदा, क्या दमी भो
बेहोस पछी त होसमा आउदा, क्या दमी भो
यहाँ पिउने म, पिलाउनेको पो क्या बद्नामी भो
यहाँ पिउने म, पिलाउनेको पो क्या बद्नामी भो
यहाँ पिउने म, पिलाउनेको पो क्या बद्नामी भो
यहाँ पिउने म, पिलाउनेको पो क्या बद्नामी भो
यहाँ पिउने म, पिलाउनेको पो क्या बद्नामी भो
यहाँ पिउने म, पिलाउनेको पो क्या बद्नामी भो
बेहोस पछी त होसमा आउदा, क्या दमी भो
क्या दमी भो
बेहोस पछी त होसमा आउदा, क्या दमी भो
यहाँ पिउने म, पिलाउनेको पो क्या बद्नमी भो
यहाँ पिउने म, पिलाउनेको पो क्या बद्नमी भो
बाहिरा अमृत लेखे पनि भित्र भने बिसादी रहेछ
हो, भित्र भने बिसादी रहेछ
बाहिरा अमृत लेखे पनि भित्र भने बिसादी रहेछ
भित्र भने बिसादी रहेछ
माया अमृत पिए देखी जिन्दगी क्या बिरामी भो
माया अमृत पिए देखी जिन्दगी क्या बिरामी भो
माया अमृत पिए देखी जिन्दगी क्या बिरामी भो
माया अमृत पिए देखी जिन्दगी क्या बिरामी भो",143
669,Ajhai Pani,Bartika Eam Rai,nepali,"अझै पनि तिम्रै बाटो पर्खी बसे नि सुखै लाग्छ
दिनभरि भौँतारिएर तिमीलाई देख्नु नै खुशी लाग्छ
आकाशको जून र तारा, सुनचाँदी महलहरू
बेसी कुरा थाहा भएन मलाई, तिमीसँगै सिनेमा हेर्नु खुशी लाग्छ
तिमीमै संसार देख्ने किताबी मायाहरू थाहा भएन
तिम्रो लागि, मेरो लागि भनेर युद्ध शुरू गर्ने कुरा छैन
थाकेर दुनियाँबाट आफूमै एकदम कहिले हराउँदा
सँगै बसी सुर नमिले पनि, सँगै बसी गीत गाउनु खुशी लाग्छ
अझै पनि तिम्रै बाटो पर्खी बसे नि सुखै लाग्छ
दिनभरि भौँतारिएर तिमीलाई देख्नु नै खुशी लाग्छ
आकाशको जून र तारा, सुनचाँदी महलहरू
बेसी कुरा थाहा भएन मलाई, तिमीसँगै सिनेमा हेर्नु खुशी लाग्छ
सँगै बसी सुर नमिले पनि, सँगै बसी गीत गाउनु खुशी लाग्छ",97
670,Nacha Firiri,Mahesh Kafle,nepali,"आसारे महिना सिमसिमे पानी परी रहेकै छ नी
तिमीलाई भेटन भनेर छाता ओढोर आको, सानी
आसारे महिना सिमसिमे पानी परी रहेकै छ नी
तिमीलाई भेटन भनेर छाता ओढोर आको, सानी
हावा च्लयो सिरीरी, आतै जिरीरी
म बजाउछु मुलरी तिरीरी तिमी नाँच फिरीरी
हावा च्लयो सिरीरी, आतै जिरीरी
म बजाउछु मुलरी तिरीरी तिमी नाँच फिरीरी
ऐ, तिमी नाच फिरीरी, ल है, नाँच फिरीरी
आँखा, यी दुई आँखा
तिम्रै लागि हो मेरो यो भाका
पारी बनमा कोइली गायो
तिमीलाई देखेरै मनै रमायो
पाउजु, पाऊमा पाउजु
तिमी छेऊमा आउदा म त लजाउँछु
हातमा चुरा, रातो चुरा
चिनो मायाको के छ हजुर र
रुमालै दिऊ त हराई जाला, फूल दिए औलाउला
यही ज्यान तिमीलाई उपहार भयो, सँगै जीवन बिताउला
रुमालै दिऊ त हराई जाला, फूल दिए औलाउला
यही ज्यान तिमीलाई उपहार भयो, सँगै जीवन बिताउला",111
671,Basirako,Mc Flo,romanized,"उः बसिराको...
चराई तिरा सर्पा हरू ले दासिराको
भुमरी मा सोच को मा फसिराको
घम कहिले झुल्किने हो पर्खिराको
खसिराको, बसिराको...येअह
उः बसिराको...
चराई तिरा सर्पा हरू ले दासिराको
भुमरी मा सोच को मा फसिराको
घम कहिले झुल्किने हो पर्खिराको
खसिराको, बसिराको...येअह
झरी मा बिना चाटा.... उः येअह
अध्किरछु तिम्रो याद मा.....उः येअह
सबै जना हेरिर चा.....उः येअह
मा मात्र किना एस्टो...
मा मात्र किना एस्टो...
दिन मेरो सुरु हुन्छ रति
तिमी बिना चाइन मेरो साथी
मान वित्र माइले तिमलाई राखी
तारा तिमी गयोउ मलाई चडी
चिन चिन मा मा, ताढ्पिदै छु
दिन दिनै मा सम्झिदै छु
फेरी फेरी, मारी मारी, जन्मिदै छु
जाता लाग्छ हावा ले मा बत्तिदै छु",96
672,Lahure Dai,The Axe (Nepal),nepali,"आकशै मुनु एक बारको जुनी
आकशै मुनु एक बारको जुनी
के गर्नु हो लाहुरे दाई जोवन साँचेर?
के गर्नु हो लाहुरे दाई जोवन साँचेर?
मर्नु नै परे, मरैंला संगै
मर्नु नै परे, मरैंला संगै
जाउन साथै लाहुरे दाई वाचा बाधेर
जाउन साथै लाहुरे दाई वाचा बाधेर
घाम-जुनै राम्रो, संसारै राम्रो, केही छैन नराम्रो
घाम-जुनै राम्रो, संसारै राम्रो, केही छैन नराम्रो
मान्छेको छोरा मर्नु नै पर्छ केही छैन यहाँ हाम्रो
हो, लाहुरे दाई केही छैन यहाँ हाम्रो
लाहुरे दाई, हो, लाहुरे दाई
लाहुरे दाई, हो, लाहुरे दाई
के लानु छ र? खाली छ जानु, हाँसेको झन राम्रो
के लानु छ र? खाली छ जानु, हाँसेको झन राम्रो
सबैलाई छोडी जानु नै पर्छ, कोही छैन यहाँ हाम्रो
हो, लाहुरे दाई केही छैन यहाँ हाम्रो
लाहुरे दाई, हो, लाहुरे दाई
लाहुरे दाई, हो, लाहुरे दाई",117
673,Yo Sahar,Prajina,romanized,"यो शहर चिसो हुदै चा
आयेर अंगला ना मलाई
तिम्रो चित्र धमिलो हुदैछ
अघि अयी हेरा ना मलाई
कति रुखा कुरा गर्नु
कति चोटी ताधा भाग्नु
भावना संग आफ्नो
प्रयास नदेखेको हैन
मान मा तिमी नभयेको हैन
तारा नजीक जना दार लाग्दछ
यो शहर चिसो हुदै चा
आयेर अंगला ना मलाई
तिम्रो चित्र धमिलो हुदैछ
अघि अयी हेरा ना मलाई
जाति सके हिम्मत बोकी तिमी तिरा
पाइला चल्दै चु मा
यो शहर चिसो हुदै चा
आयेर अंगला ना मलाई
तिम्रो चित्र धमिलो हुदैछ
अघि अयी हेरा ना मलाई",69
674,Hamro Geet,Monkey Temple Nepal,nepali,"मेरा मनका ति भावहरू सबैसँगै लय बनि गीत
भावनाको भाकासँगै मनको यो भेग बनि
आज धुनको सुरिलो संगत गाथा बनि
आयो आजको यो दिनमा मिठो यो गीत बनि
समय सँगै आज संगित
सधैं साथ धुन हाम्रै आज यो
भोलि पनि यो गीत हाम्रो गुन्जी रहोस्, गीत हाम्रो
हरेक पाइलाहरू अघिसारी हात यो साथ बनि
सृजना सुरिलो संगीत स्नेहाको यो माझ बनि
आशा अझै पनि बाँकी छ समय यो साक्षी छ
मन भरी सय थरी भाव छ केवल एकै आश छ
समय यो अनमोल आशाको आभष
मन छ यो निश्वर्थ
भोलि पनि यो गीत हाम्रो गुन्जी रहोस्, गीत हाम्रो",85
675,Samsara,Bipul Chettri,nepali,"डुलेछु फेरि यहाँ, भिरलो बाटोमा
पुग्नु छ मलाई त्यहाँ, आनन्द छ जहाँ
अन्धकार छाएछ यहाँ
जानु छ मलाई उज्यालो त्यो पारी डाँडा
यहाँ त फेरि त्यो रौनक छ त्यही कथा घरी घरी
मोहको पर्खाल भित्र कटेछ जिन्दगी
सक्दिन म, रमाउन यहाँ
जान देऊ मलाई, सुखको त्यो दुनियाँमा
जान देऊ मलाई, जान देऊ नरोक (नरोक)
छाडी देऊ मलाई छाडी देऊ स्वतन्त्र (स्वतन्त्र)
सक्दिन म, रहन यहाँ
जान देऊ मलाई
सुखको त्यो दुनियाँमा
नरोक मलाई, मलाई जानु त छ कहाँ",67
676,Pralaya 'B',Arthur Gunn,nepali,"बिहानै किरणसँग आज उठेँ म
तिम्रै तस्बिर हेरी फेरि टुटेँ म
जानु छ धेरै टाढा, आफ्नो गन्तव्यतिर लस्केँ
समय बितेको चालै नपाई फेरि म झस्केँ
पछाडि परेछु म यो संसारमा
भुलेछु म आफ्नै प्रलयमा
ओह, यही नै मेरो प्रलय
फर्की आउछौ भनि म त कुरी बसेँछु
दिन थियो जब आफै हेरि रिसाएर बसेँछु
साथीभाइ सोधछन्, ""के भयो तलाई आज
हराए म आफैमा, गाह्रो छ जान भीड माझ
पछाडि परेछु म यो संसारमा
भुलेछु म आफ्नै प्रलयमा
ओह, यही नै मेरो प्रलय
ओह, यही नै मेरो प्रलय",72
677,Hoibaksiyos Benakaab,Kavi G,romanized,"[वर्स 1}
नमस्कार सिर तपाई लाई चा निकै आदर
च्यातिदुन्छु हजुर लुक्ने देखावटी अचल
तपाई पढ्नु हुने बिद्यालाको हो मा प्राध्यापक
अनुहार लुकै कुरा गर्ने हजुर नै कटहर
तारा सम्बोदन बिर्से
उछा देखि सिद्धै टा निच
उत्तेजना नापी हेराम को चा बादी धीत
मै हो वागवान सक्दैनस् कसैलाई पुकार्न
टा द्रोपदी को कलियुगमा आउचु वस्त्र उतार्न
हमलाई पानी आउचा हजुर मान्छेहरू उफार्न
आको हो मा यहा टेरो खराब बनी सुदर्न
सोचेर बोल्नस तेसै बस्या हैन मा
सोचर बोल्नस तेसै खस्या चाइन मा
सोचेर बोल्नस तेसै बस्या हैन मा
सोचर बोल्नस तेसै खस्या चाइन मा
[वर्स 2}
कसैलाई पानी नहेरे
कसैलाई पानी नटेरे
हान्नालाई सक्दैन कसैले येसरी कोइ चाइन मा जस्तो के॰एस रे?
जो सम्ने आचा
मेरो हातले आजा
पुरै बाध्यबाधक बज्न बाध्य वा चा
पारा राख्दे नाटक तारा माग्ने वा चा
कारा लाग्दैन टा जाबा बागले माग्छ",117
678,Katha,Ankit Shrestha,nepali,"सधै तिम्रो हात समाए
तिम्रा कथाहरुमा रमाए म
थोरै थोरै आशा राखि
सानो सानो पाइला टेकी गयेछौ
कालो कालो आकाशबाट
मेरो नाम कति बोलाऊछौ?
जिबन धेरै छोटो
अध्यारो बाटो
उझ्यालो कसले देखाउने होला?
छिटो घर फर्की आउनु
तिमीलाई सम्झी बसिरहेको छु
समाएलाइ रोक्न सकिन
धेरै ढिला नि भैसकेछ आज
अब तिम्रो मुस्कान र न्यानो
काखको माया कहिले पौने हो?
जिबन धेरै छोटो
अध्यारो बाटो
उझ्यालो कसले देखाउने होला?
सधै तिम्रो हात समाए
तिम्रा कथाहरुमा रमाए म
थोरै थोरै आशा राखि
सानो सानो पाइला टेकी गयेछौ",68
679,Bholi,Bikki Gurung,nepali,"भोलीको कसलाई कहाँ छ र ठेगान
तेसैले आज यहिँ छेन्मा सजाउ संगम
तस्बीर खिचेर हासेको तिमी
सजाईराखने छु मेरो मनमा सधै भरि
बगी रहने समय निष्ठुरी
खै कहाँ कता छाडी जाने होला
डर लाग्छ मलाई असाद्यै
तेसैले आज यहिँ छेन्मा सजाउ सबै संगम
सम्झाना बिर्सना सालललल हो हो
झन झन बढ्यो तिर्सना सालललल
भोली को कसलाई कहाँ छ भरोसा
तेसैले आज यहिँ छेन्मा सजाउ सबै सरगम
लेखिएको भाग्यमा को ले सक्छ र टालन
तेसैले आज यहिँ छेन्मा सजाउ सबै सरगम
बघि रहने समय निष्ठुरी
खै कहाँ कता छाडी जाने होला
डर लाग्छ मलाई असाद्यै
तेसैले हास, तिमी नाच रमाएर झन झन
सम्झाना बिर्सना सालललल हो हो
झन झन बढ्यो तिर्सना सालललल",92
680,Bikki Gurung - Ghampani,Genius Romanizations,romanized,"मौसम ले हेएर ना
इशारा गर्दै चा
चारको घामा सिम सिम पाँइ
बदमासी गार्दै चा
मौसम ले हेएर ना
इशारा गर्दै चा
चारको घामा सिम सिम पाँइ
बदमासी गार्दै चा
माँ मेरो बास मै चाइन
बेकाबु चा
लेट्स क्याल आइटी आ डे एएनडी
पार्टी विथ मे एएलएल थे वे एनओडब्ल्यू
घम्पनी घम्पनी वुहोओ
घम्पनी घम्पनी
श्याल को बिहे
समय ले कर्नी चाइन ना तिमी लाई ना मलाई
यहा चौ तिमी येही चु मा
सो व्हाइ डोन'टी वे जस्ट गेट अलोङ
आइटीएस थे वे योउ माके मे फील
आइटी'स सो सेन्सेसनल...
फील लिके आई'एम आइएन परादिसे
सो मेब योउ'रे माइ एन्जेल",84
681,Khel Na Khela,Jay Author,nepali,"पर्फेक्ट
पर्फेक्ट
मजा लाग्छ होकी तिमीलाई, एयी
खेल खेल्न मेरो माया माथी?
कहिले काही चाहीँ, यता टास्सी बस्ने
कहिले के बारेमा ठुस्स पर्ने
बेबी, आईएफ आइटी'स ओकाय विथ योउ
आईएफ आइटी'स ओकाय विथ योउ
आई डोन्ट लिके प्लेइन नो गेम्स
आई वाउल्ड राथर बे रियल विथ योउ
बुट योउ वन्न बे कन्ट्रोलिन' एएलएल ओएफ माइ एक्शन्स
लिके आ प्लेस्टेसन कन्ट्रोलर
आईएफ थाट'स थे केस थें आई गेट आइटी, बेबी
शव्ती, एएलएल आई एएसके आइएस खेल नखेल
खेल नखेल (नखेल), खेल नखेल
मेरो माया माथी, मेरो माया माथी खेल नखेल
खेल नखेल (नखेल), खेल नखेल
मेरो माया माथी, मेरो माया माथी
शे आइएस बड, एएनडी आई केएनओडब्ल्यू आइटी
शे आइएस बड, ओह, शे'स बड
बेबी गर्ल, किन दुःख दिन मन परेको होला?
शे आइएस बड, एएनडी आई केएनओडब्ल्यू आइटी
शे आइएस बड, ओह, शे'स बड
बेबी गर्ल, किन दुःख दिन मन परेको होला?",126
682,Mc Flo - Sunita,Genius Romanizations,romanized,"बर्सा सात, सुनिता सुतदै काख
खुसी चिन यूएनआई पायेको मा आमा को साथ
उनको बाउ थेन नेपाल बैदेशिक रोजगार
तारा थिन यूएनआई सुखी, खन्थिन् मासु रा वाट
हेर्चर गर्न उनको, गर्थिन् आमा ले ध्यान
बज्रपात वायो गयो तारा आमा को ज्यान
उनको बाउ आयो नेपाल फर्की खाना थाल्यो जाड रा रक्सी
सकेन उसले गुमाउन लाई, प्राण वन्दा पेयरो स्वास्नी
यूएनआई परिन एकली...आये काका काकी
लैजान्छु`वनी सुनिता लाई, भक्तपुर को घर मा राखी
पढाइदिन्छु चोरी लाई...थामै दिन्छु कलम कपी
फकै बाउ लाई तारा त्यहा यूएनआई जुठो वडा माझ्छिन्
कुचो लागा नानी वन्दै काकी उनको बजार गठिन्
काम धेरै वायेको ले...आजा यूएनआई हतार मा थिन
कुचो लाउदै सुनिता को मुख छोपिदै हात बढ्दै
रगत बगाई छोडिदियो, रक्ष्यश उनको काका नाङ्गै
लागिन् 13, जस्तो तासो बाच्या चिन हेरा
बाउ पानी मार्यो उनको जाड रक्सी ढोक्नु ढोकेर
किना होला...एटीआई सरो!! उनको जीवन अन्धकार ?
आफ्नै काका गर्छ उनलाई पटक पटक बलात्कार
सम्झी चोट रक्ष्यश को यूएनआई झस्की निन्द्रा मा
खसाउदैछिन् आसु रुदै, बस्दै आफ्नो पिँजादा
वोग्नु पार्नी रैछ जे॰एस जे॰एस हुन्छ हाम्रो जीवन मा
कस्तो वज्ञ हो यो, आफ्नो ले नि, छोडी निर्ममता
आजा यूएनआई हेर्दा हेर्दै पुरै 20 बर्सा वैं
काका को घर चडी भागी आफ्नै बाटो गाइँ
काम खोजी, खाथमाण्डु मा, सानो तिनो, गरी पम
गरिब मर्चा, बेरोजगारी, अबा काटा तिरा जाम ?
वोको पेट, फेरी फर्की यूएनआई, तेइ घर मा गठिन्
तारा पुग्यो उनलाई यूएनआई काम गर्दा गर्दै थाकिन्
पछि बाट चुरी हानी....काका मारी वगिन
चोरी पैसा घर बाट, 2 - 3 लाख पोको पारी
पैसा सक्यो, 6 - 7 महिना, यूएनआई जिउ बेच्न थालिन्
ग्राहक खोज्न रति रति यूएनआई रत्नपार्क मा जान्थिन्
लुटे पानी...इज्जत आफ्नो...तेसलाई माया उनले ठाँठिन्
माया पाउन, अनि बच्न, यूएनआई साधै सुत्न थालिन्
पढाई के ? सिक्षा के ? उनको नगृता नि थेन
साधन के ? रोग के ? जाबा लागिन् यूएनआई बेच्न
बिना साधन, गर्न दिदा, तारा बाढी पैसा पेनी
काठमाण्डु मा बच्न लाई किना पैसा मात्र चैने ?
एकदिन लाग्यो उनलाई, एउटा ले, होटेल वित्र रति
खोल्यो बोटल ह्विस्के, दुईटा ग्लास पानी अगी राखी
झ्याप मा थि खोल्नु अगी तारा उनले मागिन पैसा
घाटी न्याकी, हात बाढी, उनको बलात्कार रा हत्या",306
683,Mohani,Lil Buddha & Milan,nepali,"मोहनी लग्यो मलाई
खालि तिम्रै बारे सोचिरन्छु
घाड़ी हाम्रो उल्टो
संसारी घुमिजाउला
बुझ्ने मलाई को छ र
तिमी मेरो मुटुमा सधैं बस न
दूरी हुरी काटेर
संसारी घुमिरजाउला",21
684,Timile miss call (तिमीले मिसकल गर्दा),"Aavaas, Meena Niraula",nepali,"तिम्ले मिसकल गर्दा पन्ध्र तला माथि रंग लाउँदै थिएँ म
तिम्रो फोन आउँदा बाघेभीर माथि भारी लाउँदै थिएँ म
झिकुँ भन्दा मोबाइल, रंग को भाँडा झर्यो
यस्तो आपत पर्यो, विदा पर सर्यो
बोकुँ भन्दा भारी, अल्झिगयो सारी
भारी खोलो पारी, म चैँ खोलो वारि
मन छ कि मर्नु, सदरमुकाम सर्नु
दुख्यो होला गोडा, आफैँ मालिस गर्नु
छोडी आफ्नो घरगाम, जान्न सदरमुकाम
तिमी नभयेको सहर मलाई के काम?
तिम्ले मिसकल गर्दा पन्ध्र तला माथि रंग लाउँदै थिएँ म
तिम्रो फोन आउँदा बाघेभीर माथि भारी लाउँदै थिएँ म
मर्छु कि क्या हो, निद्रा कहाँ भाग्छ
जसलाई देखे पनि, तिमी हऊ कि लाग्छ
तेस्तो भयो भने, फोन गरिहाल्नु
छोरा-छोरी सम्झी धुप-बाति बाल्नु
शिरमा शिव राखेँ, अल्लाह नि भाकेँ
रेगिस्तान मा रारा, खोज्दाखोज्दै थाकेँ
मेरो पनि अचेल, दुखीरा'छ कपाल
झ्याल खोली हेर्छु, छैन मेरो हिमाल",116
685,Sparsha,Mc Flo,romanized,"चोयो मलाई तिम्रो सब्द स्पर्श गर्दा
गर्छु माया तिमी लाई धेरै आफू वन्दा
हुदा सँगै तिमी, लाग्छ बेगलाई संसार
सोच्छु तिम्रै बेयरी धेरै कुरा हरू एकालाई बस्दा
लाग्यो मलाई सम्झना ले
तिम्रै बेयरी सोच्न थाली
नसा तिम्रो एस्टो लाग्यो
एकलाई आफै बोल्न थाली
बीच बीच मा बीच देही
सुरु तिमलाई जैले देखाय
माया बस्यो पहिले वेट मै
फर्की फर्की तिमले हेर्दै
फिल्म लाइन को कथा जस्तो
माया गर्दा माजा जस्तो
तिमी संग खुसी हुदै
एका देश को कथा जस्तो
हात तिम्रो, हात मेरो, माथि राख्दै
आखा हाम्रो एक अर्का मा जुडिराकै
जीवन वार लाई राख्छु तिमलाई साथ आफ्नै
तिमी बिना गरो हुन्छ एक पाल पानी रात काट्नै
जिन्दगी लाई बुझाई देउ ना
तिमी सँगै उठाई देउ ना
माया गरौ सँगै आउ
सबै कुरा वुलाई देउ ना",103
686,Pathai Deu,1974 AD,nepali,"पठाइ देउ न, मेरो मायालाई
पठाइ देउ न, मेरो मायालाई
झट्टै भन्दा झट्टै पठाइ देउ न है
झट्टै भन्दा झट्टै पठाइ देउ न है
भेटाइ देउ न, मेरो मुटुलाई
भेटाइ देउ न, मेरो मुटुलाई
झट्टै भन्दा झट्टै पठाइ देउ न है
झट्टै भन्दा झट्टै पठाइ देउ न है
निन्द्रा नै छैन मेरो रातमा
आसुँ नै आसुँ ले भिज्यो
बिहानिले पनि मलाई नै
हाँस्दै गिज्याउन पो थाल्यो
मलाई नै
निन्द्रा नै छैन मेरो रातमा
आसुँ नै आसुँ ले भिज्यो
बिहानिले पनि मलाई नै
हाँस्दै गिज्याउन पो थाल्यो
मलाई नै
भनीदेउ उस्लाई मेरो सारा
आसुँको यो कथाहरु
सुनाइदेउ उस्लाई नै मेरो
जीवनको यो भाकाहरु
उस्लाई नै
भनीदेउ उस्लाई मेरो सारा
आसुँको यो कथाहरु
सुनाइदेउ उस्लाई नै मेरो
जीवनको यो भाकाहरु
उस्लाई नै",93
687,Astitwa,Cobweb,nepali,"उड्न देउ मलाई, छुन देउ आकाश
मनमा छ इच्छा धेरै गर्न देउ पुरा
मानिसहरु बाध्यतामा हार्दैछन धेरै यहाँ
भोको पेट र खालि हातहरु बढ्दैछ कराउँदैछ
कराउँदैछ, कराउँदैछ
मलाई जिउन देउ, मलाई हास्न देउ
मलाई बाच्न देउ, मलाई, मलाई
मलाई जिउन देउ, मलाई हास्न देउ
मलाई बाच्न देउ, मलाई, मलाई
संघर्ष कति धेरै यहाँ?
लक्ष्य भने अधुरो
अध्यरोमा अलमलिएको
हाम्रो अस्तित्व
अस्तित्व, अस्तित्व
मलाई जीवन देउ, मलाई आशा देउ
मलाई हास्न देउ, मलाई, मलाई
मलाई जीवन देउ, मलाई आशा देउ
मलाई हास्न देउ, मलाई, मलाई
मलाई जिउन देउ, मलाई हास्न देउ
मलाई हास्न देउ, मलाई बाचन देउ",78
688,Devi Deuta,Tribal Rain,romanized,"फोला मा बसेको मौरी
की तिमी चिला बनी बडाला माथि
तिमी आगो,हावा,धर्ती,पाँइ
की तिमी घामा,जुना,तारा माथि
हे देवी, हे देवी देउता
हे देवी देउता
माफ गर्देउ ना आजा
बचाइदेउ मेरो आतमा
हे देवी देउता
संसार नै झुक्ने चा
तिम्रै नै चरणा मा
मा टा दुली हिड्ने जोगी जस्तै
यहा कोही आउने चाइन मेरो लागी
तिमी दीक्ष्य, लक्ष्यक, रक्ष्यक बनी देउ ना
देखाई देउ ना मलाई बाटो
हे देवी, हे देवी देउता
हे देवी देउता
माफा गर्देउ ना आजा
बचाइदेउ मेरो आतमा
हे देवी देउता
संसार नै झुक्ने चा
तिम्रै नै चरणा मा",76
689,Maya k ho?,Piroo Rana,nepali,"थाहा छैन कसरी पाए
तिमीलाई मैले
माया त केवल शब्द मात्र
हो जस्तो लाग्थियो
तर मनमा नयाँ भावना जागेको छ
एकचोटी फेरी जिउन मनलागेको छ
को होला त्यो, को होला त्यो
मुटु मेरो जसले चोरी लग्यो
को होला त्यो, को होला त्यो
खुसी ले मलाई भरिदियो
माया के हो, माया के थियो
माया भनेको त तिमी नै हो
माया भनेको तिमी हो
माया भनेको तिमी हो
माया भनेको तिमी हो
तिमी नै हौ",58
690,"Farak Parcha, Pardaina?",Bartika Eam Rai,nepali,"तिमी बेसी बोल्ने गर्छौ लाग्यो भने सुनिदुने यहाँ कोही छ
यसै त नबोलीकन पनि भीडमा हराए नि ठिकै छ
लाग्छ आफू तिमीलाई असाध्यै औसत, संसारले भुल्न सजिलो
सन्तोकै त छौ तिमी यतिसुकैमा पनि, इमानसित बाँचेकै छौ
फरक पर्छ-पर्दैन?
थाहै छ त तिमीलाई म साँचिरहन्छु जिन्दगीपछि पनि
देहको जुनीपारि, ब्रह्माण्ड वरिपरि, पञ्चतत्त्वको संसारमा
चराहरू गाउँछन् चन्द्रमाको सुसेली, झरीमा चुपचाप म र तिमी
तिमी औधी खुल्ने गर्छौ लाग्यो भने बुझ्ने कोशिश गर्ने कोही छ
यसै त दुनियाँभरिले जस्तोसुकै सोचिरहोस्, त्यो नि ठिकै छ
आफ्नो जीवन तिमीलाई आफ्नै नियमअनुसार बाँच्न मिलेसम्म
सन्तोकै त छौ तिमी आफ्नो संसारमा पनि, के तिम्रो संसारमा मलाई गनेको छौ?
फरक पर्छ"" भनिदेऊ न
थाहै छ त तिमीलाई म यहीँ हुनेछु सधैँ तिमीलाई सुनिदिने
बुझ्ने कोशिश गरिदिने, ब्रह्माण्ड वरिपरि, पञ्चतत्त्वको संसारमा
दुनियाँ यो सकिएला, हुनेछ यो सुसेली, चन्द्रमा, झरी, म र तिमी
देहको जुनीपारि, ब्रह्माण्ड वरिपरि, पञ्चतत्त्वको संसारमा
चराहरू गाउँछन् चन्द्रमाको सुसेली, झरीमा चुपचाप म र तिमी",134
691,Sakehhu Ke,Mantra Band,nepali,"सक्छौ के मसंग बिर्सेर अतीत लाई?
सक्छौ के मेटाउन पुरानो प्रित लाई?
आखैमा राख्नेछु दिलैले पुजेर
छोडी त जान्नौ फेरि उसलाई नै सम्झेर?
आखैमा राख्नेछु दिलैले पुजेर
छोडी त जान्नौ फेरि उसलाई नै सम्झेर?
मायालु मेरि मायालु, एक्लै छोडेर
मलाई छोडेर
सजिलो कहाँ छ र कसैलाई बिर्सन
आफैलाई बदलाउला तर तिमी हासन
यो मन यहाँ पागल छ तिम्रै सहारा मा
फर्की त जान्नौ फेरि उसैको माया मा?
यो मन यहाँ पागल छ तिम्रै चाहना मा
फर्की त जान्नौ फेरि उसैको माया मा?
मायालु मेरि मायालु, एक्लै छोडेर
मलाई छोडेर
सपना, विपना तिमी नै हौ
मेरो एउटै चाहना तिमी नै हौ
सपना, विपना तिमी नै हौ
मेरो एउटै चाहना तिमी नै हौ
तिमिलाई कहिले रुवाउदिन
कसम छ तिमिलाई छोडी टाढा जादिन
टाढा जादिन",106
692,Pirai Pir Ma,Karma Band,nepali,"पिरै पिरमा नबस
पिर मेरो लिनु पर्दैन
खुशी छु म मेरै आफ्नै संसारमा
खुशी छु म तिमी बिनाको यो जीवनमा
पिरै पिरमा नबस
कति खुशी थियौ हामी
कस्को आँखा लाग्यो?
कति खुशी थियौ हामी
कस्को आँखा लाग्यो?
तिमी रोएको हर्न सक्दिन म
अझ पिडा म सहन सक्दिन, बुझन-बुझन
जति माया गरे पनि
जति रोए पनि
जति माया गरे पनि
जति रोए पनि
आँशु पिएर बाँच्न सक्दिन
तिमी मेरी हो भन्न सक्दिन,"" बुझन-बुझन
पिरै पिरमा नबस
पिर मेरो लिनु पर्दैन
खुशी छु म मेरै आफ्नै संसारमा
खुशी छु म तिमी बिनाको यो जीवनमा
पिरै पिरमा, पिरै पिरमा नबस
नबस, नबस, नबस, नबस, नबस",84
693,Oh Pyali,Bikyy Karki,nepali,"ओ, प्याली
ओ, प्याली
कैले माया लाउने होला?
कैले बिहे गर्ने होला?
कैले माया लाउने होला?
कैले बिहे गर्ने होला?
कैले तमी र एउटै?
खाटमा पल्टिनी होला, होला
ओ, प्याली
तमी उता भात पकाउनु
म यता दाल बसाउँला
तमी उता भात पकाउनु
म यता दाल बसाउँला
मुसुमुसु हाँसीदिनु
सबै दुख बिर्सीदिउँला, दिउँला
ओ, प्याली
कैले माया लाउने होला
कैले बिहे गर्ने होला
कैले माया लाउने होला
कैले बिहे गर्ने होला
कैले तमी र एउटै
खाटमा पल्टिनी होला, होला
ओ, प्याली",63
694,Jhari Pareko Raat,Sunil Giri & Trishala Gurung,nepali,"झरीपरेको रात तिमी र म संगै बस्ने है
झरीपरेको रात तिमी र म संगै बस्ने है
टाढा टाढा छितिजको रंग आकाश गर्जेको हेर्ने है
झरीपरेको रात
परदेशी आयो कहाँबाट लौन? के के सुनायो
पानीको रिमझिम मिठा कुराले मलाई फकायो
परदेशी आयो कहाँबाट लौन? के के सुनायो
पानीको रिमझिम मिठा कुराले मलाई फकायो
यौवनको मात बोकेर ल्याउने चिसो हावालाई छेक्ने है
तिमी र म संगै बस्ने है
झरीपरेको रात
भिझेछ भने मनको इच्छा तिमीलाई भनौला
बलेसी चुम्न झरीको पानी संगै खेलौला
भिझेछ भने मनको इच्छा तिमीलाई भनौला
बलेसी चुम्न झरीको पानी संगै खेलौला
पहाडमा आउने आँधी हुरीको
मिठो त्यो गुञ्जन सुन्ने है
तिमी र म संगै बस्ने है
झरीपरेको रात तिमी र म संगै बस्ने है
टाढा टाढा छितिजको रंग आकाश गर्जेको हेर्ने है",104
695,Saathi ( Corrected Lyrics 2022 ),Yama Buddha,romanized,"उहा, मेरो बाल्यकाल देखिको मिल्ने साथी
हाम्रो मित्रता अरू सम्बन्ध भन्दा माथि
हामी सहर घुम्न जान्थेउ रति रति भागी भागी
घर मा आमा बुवा लाई धाती
मर्न रा मर्न तयार एक आरका को लागी
साधै सँगै बस्थेउ स्कुल पढ्दा हामी
दुबै ना जाने येदी येउटा बिरामी
जे पानी बाड्ने हाम्रो राम्रो थियो बाँइ
उसले एकदिन चुरोट सालकै सोध्यो, "" ओये खाने ?
माइले पानी ताने, सनको चाई नामनी
दिन बित्दै गयो अनि लाग्यो टेसको बाँइ
बिस्तारै कुलत मा फसियो
जानी नजानी
गाँजा अनि गोटी समान रा पाँइ
यो पाची टियो , टियो पाची टियो दामी
झ्याप नभै दिन पानी रामराई नलाग्ने
तेस्पछि फेरी कहिले उस्तै रहेनौ हामी
नहोला सँगै आजा टा रा मा तारा
टेरो सम्झना यो मनामा चा
साथ छोड्ने चाइन भन्थेउ कहिले
तारा साथी निकै एकलो चु अहिले
नहोलाउ सँगै आजा टा रा मा तारा
टेरो सम्झना यो मनामा चा
साथ छोड्ने चाइन भन्थेउ कहिले
तारा साथी निकै एकलो चु अहिले",127
696,Swag Kta Moh,Ming Sherpa,romanized,"एक्स2
मेरो लुगा हेर्नु लुगा मेरो
एक्स2
मेरो प्यान्ट हेर्नु प्यान्ट
मेरो चक भन्दा मुनी चा
स्वाग केटा मा
अप्पाको चोरी को बुडा मा
बसन्तपुर मा जन्मेको
बसन्तपुर मै हुर्केको
एक्स2
मेरो लुगा हेर्नु लुगा मेरो
एक्स2
मेरो प्यान्ट हेर्नु प्यान्ट
मेरो चक भन्दा मुनी चा
एक्स2
(स्वाग हो मेरो जिन्दगी
स्वाग ले गर्चा उन्नति
स्वाग ले गर्चा प्रगति
स्वाग ले भरेको देश हाम्रो)एक्स2
एक्स4
एक्स2
मेरो लुगा हेर्नु लुगा मेरो
एक्स2
मेरो प्यान्ट हेर्नु प्यान्ट
मेरो चक भन्दा मुनी चा
एक्स2",59
697,Studio Skit,VTEN,nepali,"धुलै धुलो छ
सब पुरानो भछ
हैट माचिकने
स्टुडियो ले नि बिर्सियो कि क्या हो मलाई त?
कति भयो बन्द भा भन्यो मेरो?
लास्ट पुरानो भै सकेछ माचिकने
मेरो हर्त पियानो 🎹 को हालत
चिकने बज्छ की बज्दैन मूजी
सपना मेरो बन्ने सुपरस्टार हे
हे हे हे
वो वो वो वो वो वो
सपना मेरो बन्ने सुपरस्टार हे
हे हे हे....
ला ला ला ला ला
ला ला ला ला
ला ला ला ल
ल ल ला ला ला ल
ल ल ला ला ला ल",72
698,Lukna Deu,The Axe (Nepal),nepali,"लुक्न देउ मलाई तिम्रो केशमा त्यहाँ धेरै शीतल छ
निदाउन देउ तिम्रो परेलीमा त्यहाँ धेरै सपना छ
लुक्न देउ मलाई तिम्रो केशमा त्यहाँ धेरै शीतल छ
निदाउन देउ तिम्रो परेलीमा त्यहाँ धेरै सपना छ
मुटु भित्र राख मलाई
जिउने आधार देउ मलाई
मुटु भित्र राख मलाई
जिउने आधार देउ मलाई
जब कतै भेट्छु तिमीलाई
एकोहोरो टोलाई रहन्छु म
हत्केलाले मुहार छोप्दै
लाज मान्दै भागी दिन्छौ तिमी
जब कतै भेट्छु तिमीलाई
एकोहोरो टोलाई रहन्छु म
हत्केलाले मुहार छोप्दै
लाज मान्दै भागी दिन्छौ तिमी
मुस्काउदै ईसाराले
लजाउदै बोलाउ मलाई
मुटु भित्र राख मलाई
जिउने आधार देउ मलाई",76
699,Naulo Bihani,Simma Rai,nepali,"नौलो नौलो बिहानी
नौलो नौलो यो रात
तिमी आयौ यसरी
नौलो नौलो बिहानी
नौलो नौलो यो रात
तिमी आयौ यसरी
खुला शुन्य आकाश
मन्द मिठो बतास
तिमी छायौ यसरी
उडे म, उडे म
हावाको मात बेग्लै, रंगीन सपना यो
त्यो एक मुस्कानमा, यो संसार उज्यालो
हावाको मात बेग्लै, रंगीन सपना यो
त्यो एक मुस्कानमा, यो संसार उज्यालो
झरीको धुन सुन्न थालेँ
नयाँ मनको गीन गाउन थालेँ
आफ्नै पागलपनमा रम्न थालेँ
आज बुझेँ यो माया
अनि उडेँ
नौलो नौलो बिहानी
नौलो नौलो यो रात
तिमी आयौ यसरी
खुला शुन्य आकाश
मन्द मिठो बतास
तिमी छायौ यसरी",71
700,Aruna Lama - Udas Mero,Genius Romanizations,romanized,"उडास् मेरो जीवन क्थाआ क्षैलाई भनिन
यो जन्मा भ्री सहेको ब्यथा, त्यो पीएनआई भनिन
उडास् मेरो जीवन क्थाआ क्षैलाई भनिन
यो जन्मा भ्री सहेको ब्यथा, त्यो पीएनआई भनिन
बेदना मेरो झन् शून्य केवल पहरा सुसाई
बेदना मेरो झन् शून्य केवल पहरा सुसाई
साहारा बिनाए जिन्दगाई देख्ने चान जुन बिझाई
जीवनदार साँघुरीगयो परन्तु को देख्छ
आफन्तलाई सम्झना रहे परन्तु जो देख्छ
उडास् मेरो जीवन क्थाआ
कपुर जस्तो जीवन दिन-दिन उद्दछ अनन्त
कपुर जस्तो जीवन दिन-दिन उद्दछ अनन्त
औंशीको रात बिपतको खेल खेल्दछ बसन्त
बिरही बनमा भौँतारी खेल्छु खोजेर सृजना
निराश मेरो जिन्दगाई देख्छु के मेट्चु तिर्सना
उडास् मेरो जीवन क्थाआ क्षैलाई भनिन
यो जन्मा भ्री सहेको ब्यथा, त्यो पीएनआई भनिन
उडास् मेरो जीवन क्थाआ",98
701,Neetesh Jung Kunwar - Prashna,Genius Romanizations,romanized,"प्रश्न नगरा मा संग
गम्भीर अवस्था को लागी
साम्ये चाइन, साम्ये चाइन
केही अघि टुटेको मान लाई सम्हाली पाची नहेरी हिँडै चु मा
हिँडै चु मा
करमा नै येस्टै रहेछ
हास्ने के एक चिन पछि रुना पर्ने, रुना पर्ने
तिमी नै भनी दिनु आबा
सब्द मा फिर्केयेर मात्र के नै गर्ने
माइले के नै गर्ने, माइले के नै गर्ने
ह्वोआ, ह्वोआ, ह्वोआ, येअह
पाहेले को जस्तै रहेनौ तिमी
भने सोधी रहन्छौ मलाई, मा जाबा हुनै सक्दिन
उमेर सँगै बदलिनु चा सबै लाई
हो तिम्रो चित्त बुझाउन मारिगये नि पछि हातिना
ओह, ह्वोआ, ह्वोआ
एक चिन लाई बिदा देउ ना मलाई
शून्यता मा बच्न चाहन्छु मा
तिम्रो सम्झ्न बोकी काना
तिमी लाई ना भुल्न चाहन्छु मा
भित्री मनले रुक बाह्ने को बेला मा
थिक चा भन्दै हास्ने मान्छे परे मा
जाउ ना आफ्नो बाटो रोजा
किनाकी आफ्नै भर ना भाको मान्छे मा
भित्री मनले रुक बाह्ने को बेला मा
थिक चा भन्दै हास्ने मान्छे परे मा
जाउ ना आफ्नो बाटो रोजा
किनाकी आफ्नै भर ना भाको मान्छे मा
आबा सम्हाल चु आफै लाई
कसै को नौटंकी गहिरै लाइन चाइन
लाइन चाइन, मा कसम
दुखाई चा आ-आफ्नै सबको
मा आरकै को लाई-लाईमा पछि हिड्ने चाइन
साधै खुसी हुनु तिमी
भइरहने गल्ती सम्झे रा
भुली दिनु, भुली दिनु
भन्छन् नि जिस्केको बेला
भिट्ठा को झन्झट लाई घम मै सुकै दिनु
लेख ना आयेन, मान ले बुझी दिनु, माया",189
702,Bhawana,Zac Rai,nepali,"भावनाहरू बुझ न, चाहेको हो तिमीलाई
सक्दिन अब यसरी, किन, किन, किन, येअह
एकचोटि यता आऊ न
लेट मे फील युर बडी, बेबी
फ्रोम थे हेड टो युर थाइज
योउ'रे मिने एएलएल नाइट, एएलएल नाइट
काउस योउ गोट आइटी एएलएल
आई डोन'टी वान्ट एनोथर यहाँ तिमी नैछौ काफी
ओह, आई'एलएल गिवे योउ ह्वाट योउ नीड, गर्ल
नपाउला यस्तो मौका फेरि
हराउन देऊ न तिम्रो त्यो ओठमा (ओठमा)
बिर्सी देऊ यो सबै म छुइन होसमा
सुन न शरीरको कुराकानी
चालढाल बोली बसौँ हामी
बेबी, लेट ओउर बडी डो थे टाल्किङ
ह्वाट योउ क्याल आ कन्भर्सेसन 'टिल थे मोर्निङ
आइएम ट्याल्किङबाउट
भावनाहरू बुझ न (बुझ न), चाहेको हो तिमीलाई (तिमीलाई)
सक्दिन अब यसरी, किन, किन, किन, येअह
एकचोटि यता आऊ न (एकचोटि यता आऊ न )
लेट मे फील युर बडी, बेबी
फ्रोम थे हेड टो युर थाइज
योउ'रे मिने एएलएल नाइट, एएलएल नाइट",126
703,Sath,Beyond (Nepal) & Barsha Karmacharya,nepali,"मुटु मागे, ज्यान दिन्छु
साथ मागे दिन्छु हात
माया मेरो झुटो होइन, यो बात
माया तिम्रो, तिम्रो मात्रै मेरो मनमा, भो बास
तिमीले छोयाै भयो मलाई केहि खास
म तिम्रो रङ्गमा रङ्गियो
तिमीसंग अल्झियो
अल्झेको मेरो मनमा फेरी तिमी बल्झियाै
यो मनलाई सम्झाउ
कसरी बुझाउ, बुझेर पनि नबुझने मन कसरी बुझाउ?
लालालाला, लालालालालाला
लालालाला, लालालालालाला
लालालाला, लालालालालाला
मेरा आँखाका सपानाहरू, मनका दरङ्गहरू जुडि गयो तिमीसंग
तिमीलाई आफ्नो बनाउने, मेरो मनामा सजाउने, मेरो इच्छा र उमङ्ग
यो मनका भावनाहरू, मनका चाहनाहरू छुइ गयो तिमीसंग
तिम्रो वरीपरी हुनि, तिम्रो हाँसोमा रमाउने, मेरो इच्छा र उमङ्ग
इसारा देउ, हात थामी देउ
मेरो हरेक सासमा, तिम्रो छाया
मलाई आफ्नो बनाइ देउ",89
704,Club Skit,VTEN,nepali,"बोका पारा येस्तै हो हामी, अह, अह, अह
बिच
हेलो दाई के छ
ठीक छ यार भाई
अनि दाई कताबाट आउँनु भोत
ह्या, यत्तिकै
खाईदिमन बीर खामन एउटा-एउटा
ह, हुन्छ दाई (लाईटर लेन त)
अनि दाई के गर्नु हुदैछ हो आज कल
के गर्नु यत्तिकै छ यार, यस्तै छ अरु
अनि दाई त्यो त त्यो तपाइको चिच्क्स होइन
कुन्चाई, कहाँ
त्यो, त्यो उत्यो सेतो ज्याकेट लागको केटा छैन
त्यो दिदि सित त्योसंग नाचिराछ नि
होइन मुजी
पख है
एकछिन बस्दै गर, हेर्दै थिए
हेल्लो, ल
आह, आह, वुह, वुह
मादरचोद माचिकने
रन्डीको बान माचिकने
फेरी गाड यता यता
यता यता (रन्डी माचिक) ३-४ जना अईराको छ यता
ओए, ओए यता गयो चिक्ने
माचिकने रन्डी
माचिकने त आउलास घरमा
माचिकने पख
त मुजी आउलास
माचिकने, हट",100
705,I Cannot Fucking Wait Until Bhandari Dies,Tamang,romanized,"स्क्र्र्ट
स्क्र्र्ट
स्क्र्र्ट
बिच
मोन्क ग्याङ, ट्र्याप गेम
बिच, आई डोन'टी फील नो शामे, गोन्न ड्रिंक योउ लिके आ शामरक शाके
गोन्न ड्राउन युर ब्रेन्स अनटिल योउ, 'टिल योउ ब्रेक
गोन्न थ्रोव योउ आइएन आ लाके, एनओडब्ल्यू वाच योउ, वाच योउ सिंक
आइएम आ हेरो, मोथरफकर, मोथरफकर, आइएम लिङ्क
स्क्र्र्ट
गेट मोनी, गेट मोनी, बिच बोय, योउ थिङ्क योउ फनी
बुट आई एआइएन'टी स्वीट, नो होनी
आई'एलएल क्ल्याप यो शीत, कीप रनिङ
कमी बिचेस, डोन'टी फक विथ मे
इममा शोव योउ माइ कट्लरी
भण्डारी बेटर रुन फ्रोम मे, काउस आइएम कमिङ फोर युर कम्पनी
उः, होल्स आइएन माइ प्यान्ट्स लिके आ स्केटर
उः, वान्स ओन माइ फीट लिके आ स्केटर
उः, आइएलएल टाके युर बिच एएनडी आइएलएल रापे हेर
उः, आइएलएल टाके युर बिच एएनडी आइएलएल रापे हेर
उः, आई डोन'टी क्यारे एबाउट नो ल्याव्स
योउ क्यान्ट कन्ट्रोल मे, आइएलएल गिवे योउ थे क्लाव्स
आईएफ योउ बिचेस थिङ्क थाट थे कमिज आरे फाइन, तियान्नामेन स्क्वेयर, 1989
आइएलएल टाके युर बिच एएनडी आइएलएल रापे हेर
स्क्र्र्ट",146
706,Tes Pachhi K ?,Kavi G,nepali,"जीवन लाई ब्याख्या गर्न सायद सम्भव छ
सफलता को छैन सिमा, खोज्दिन है मतलव म
समय संगै सबको सोच पनि बद्लन्छ
वास्तविक खुसी तिम्रो कहिले सम्म रहन्छ?
यो पछि त्यो अनि त्यो पछि यो
परिश्रम गरिने, उठिने लडिने
अगाडि बढिने, अखण्ड बनिने
सफलता नि पायौ तर त्यस पछि के?
त्यस पछि के? त्यस, त्यस पछि के?
त्यस पछि के? त्यस, त्यस पछि के?
त्यस पछि के? त्यस, त्यस पछि के?
त्यस पछि के? त्यस, त्यस पछि के?
के तिमिलाइ लाग्छ तिम्रो जीवन भयो अर्थपूर्ण?
सफलतामा मात्र जीवन को अर्थ हुन्न
भौतिकता सक्दैन त्यो जीवन को अर्थ बुन्न
आध्यात्म को उत्तर ले सक्छ तिम्रो अर्थ खुल्न
करोडौ कमायौ, महल बनायौ
गाडी नि चलायौ, सांसारिक सुख सजायौ
आफै लाई सोध के तिमी त्यसमा खुसी छौ?
कहिले सम्म तिमी चट्याङ जस्तै उभिन्छौ?
पैसा र प्रतिष्ठा को लागि किन झुलिन्छौ?
भमरा जस्तै किन फुल संगै भुलिन्छौ?
कृतिमता भ्रम हो, होइन जे पनि यहि
सर्व सुख तिमिले पायौ तर त्यसपछि के?
त्यस पछि के? त्यस, त्यस पछि के?
त्यस पछि के? त्यस, त्यस पछि के?
त्यस पछि के? त्यस, त्यस पछि के?
त्यस पछि के? त्यस, त्यस पछि के?
त्यस पछि के? त्यस, त्यस पछि के?",179
707,Jay and Ye For a Day,Uniq Poet & Bluesss,romanized,"ब्लुएस टिम्स यूपी विथ यूएनआईक पोएट फोर जे एएनडी ये फोर आ डे, थिस आइएस थे सेकेन्ड कलेबोरेसन बेटवीन थेम अफ्टर स्ट्रेइट आउट्टा . थे अपबिट ट्र्याक डेस्क्राइब्स थे करेन्ट सिच्युएशन ओएफ थे र्यापर्स.... रिड मोर
एयी, एयी, एयी, हुः
क्यान योउ फील थिस?
एयी, एयी, एयी, एयी, हुः
येअह, येअह, येअह
एआइएन'टी नो ओथर थाट क्यान डो आइटी लिके वे डो
डो थे माथ, ब्रोथर, योउ क्यान सी नोबोडी'स इक्वाल
थाट्स व्हाइ वे गोट थेसे फिएन्ड्स लिनिन यूपी
टो गेट इन्साइड ओएफ थे वन लिके वे आउट सर्विन' फ्री फुड
उः, थे मास्टर ओएफ थे मास्टर्स
आई'एम टेकिङ युर क्लियोपत्र
जुलिएट'स एएनडी मोनालाइजास, डब्ल्यूजी
डोन'टी ब्यु आ शीत, बुट आई लेट हेर होल्ड थे विसा कार्ड
उः, ट्रान्जेक्सन्स इन्टरनेशनल
एएलएल आई क्यारे एबाउट आइएस थे क्याश फ्लोव
थे क्यापिटलिस्ट फिडेल कास्ट्रो
केम आ लोङ वे बुट आई'एम स्टिल थे समे अस्शोले
आईएफ आई वास युङ होव फोर आ डे
थें, मामी, योउ'डी बे माइ बेयोन्स
आईएफ आई वास युङ होव फोर आ डे
थिस थे ब्लूप्रिन्ट, थिस ब्लुएस विल बे कन्ये
आईएफ आई वास युङ होव फोर आ डे
थें, मामी, योउ'डी बे माइ बेयोन्स
आईएफ आई वास युङ होव फोर आ डे
थिस थे ब्लूप्रिन्ट, थिस ब्लुएस विल बे कन्ये, एयी",187
708,Dark Side of the Sun,Bluesss,romanized,"पागल हुना मात्र बाकी चा
आफूले माया गर्न नै जानिना
दिमाग भित्र पार्सना हजार
प्रस्त बिचार, दुःख कस्ताले यार
धोस्टा चा हाल
मारी सके आबा बाच दिना ना
मेरो एकलो आमा रा मा
हर्मो बेगलाई खाहानी चा
सपनाको चिहान भाखर
जाबा आयो खबर एकाभिहाना
बितेचा बाउ, ह्वाट आई'एम टो डो एनओडब्ल्यू?
संगीत गर्ने फुच्चे खाहा बाट पैसा लेयेर एम?
वर्किङ विथ माइ हेड डाउन
मारी सके भित्र बाट बच्ने एएस कसरी भेटौ?
खोज्नु खोज्छु तारा सक्दिन
जाति सोच्यो टेटी भल्जिन चा
माया गर्ने मलाई खोइ चाइन
आफूले नि गर्न जान्दिन, एचएमएम
हुः
पागल हुना मात्र बाकी चा
आफूले माया गर्न नै जानिना
दिमाग भित्र पार्सना हजार
प्रस्त बिचार, दुःख कस्ताले यार
धोस्टा चा हाल
मारी सके आबा बाच दिना ना",100
709,Udas Mero,Aruna Lama,nepali,"उदास मेरो जिवन कथा कसैलाई भनिन
यो जन्मभरी सहेको व्यथा, त्यो पनि भनिन
उदास मेरो जिवन कथा कसैलाई भनिन
यो जन्मभरी सहेको व्यथा, त्यो पनि भनिन
वेदना मेरो झन् शुन्य केवल पहरा सुसाई
वेदना मेरो झन् शुन्य केवल पहरा सुसाई
साहारा बिना जिन्दगी देख्ने छन् जुन विझाई
जिवनदर साँघुरिगयो, परन्तु को देख्छ
आफन्तलाई सम्झना रहे, परन्तु जो देख्छ
उदास मेरो जिवन कथा
कपुर जस्तो जिवन दिन-दिन उड्दछ अनन्त
कपुर जस्तो जिवन दिन-दिन उड्दछ अनन्त
औँशीको रात विपतको खेल खेल्दछ बसन्त
विरही वनमा भौँतारि खेल्छु, खोजेर सृजना
निराश मेरो जिन्दगी देख्छु, के मेट्छु तिर्सना
उदास मेरो जिवन कथा कसैलाई भनिन
यो जन्मभरी सहेको व्यथा त्यो पनि भनिन
उदास मेरो जिवन कथा",95
710,Sannani,Babu Bogati,nepali,"ऐ, हे
सान नानी, सान नानी, सान नानी, सान नानी
सान नानी, तिमीलाई हिर्काउला लैरिले, ""ठ्याक-ठ्याक-ठ्याक
सान नानी, तिमीलाई हिर्काउला लैरिले, ""ठ्याक-ठ्याक-ठ्याक
तिमीले हुनु सिसाको दबाई
तिमीले हुनु सिसाको दबाई
अस्पताल गएर
सान नानी, तिमीलाई हिर्काउला लैरिले
ठ्याक-ठ्याक-ठ्याक
तिमीलाई भेट्न म निश्चय आउँछु
तिमीलाई भेट्न म निश्चय आउँछु
बिरामी भएर
सान नानी, तिमीलाई हिर्काउला लैरिले, ""ठ्याक-ठ्याक-ठ्याक
सान नानी, सान नानी
सान नानी, तिमीलाई हिर्काउला लैरिले, ""ठ्याक-ठ्याक-ठ्याक
तिमीले हुनु काठको मुढा
तिमीले हुनु काठको मुढा
जङ्गलमा गएर
सान नानी, तिमीलाई हिर्काउला लैरिले, ""ठ्याक-ठ्याक-ठ्याक
तिमीलाई भेट्न म निश्चय आउँछु
तिमीलाई भेट्न म निश्चय आउँछु
आरावाल भएर
सन नानी, तिमीलाई हिर्काउला लैरिले
ठ्याक-ठ्याक-ठ्याक",91
711,Hanga Hanga,Aruna Lama,nepali,"हो, हो, हो, हो
हाँगा-हाँगा बनभरि चैत फूलेछ
थाहा नपाई मनभरी बैश फूलेछ
हाँगा-हाँगा बनभरि चैत फूलेछ
थाहा नपाई मनभरी बैश फूलेछ
कता-कता कसैलाई भेटे-भेटे झैँ
संग्लो पानी पिई तिर्खा मेटे-मेटे झैँ
कता-कता कसैलाई भेटे-भेटे झैँ
संग्लो पानी पिई तिर्खा मेटे-मेटे झैँ
कोहो-कोहो दुइ आँखामा आइ डूलेछ
थाहा नपाई मनभित्र प्रित फूलेछ
एकजोडी आँखा संधै हाँसु-हाँसु झैँ
एउटा माला फूल टिपी गाँसु-गाँसु झैँ
एकजोडी आँखा संधै हाँसु-हाँसु झैँ
एउटा माला फूल टिपी गाँसु-गाँसु झैँ
कसो-कसो बिहानीको निंद खुलेछ
थाहा नपाई मनभित्र प्रित फूलेछ
हाँगा-हाँगा बनभरि, चैत फूलेछ
थाहा नपाई हम् हम् बैँश फूलेछ",90
712,Hami Matrai,Bluesss,romanized,"आँख बन्दा गरी सबै कुरा भुल्न मान लाग्छ
सारा-रा-रा, हावा सँगै उड्न मान लाग्छ
त्यो अभिरल चरिमा मलाई टा भिज्न मान लाग्छ
तारा हरू संग सँगै रातमा हिड्न मान लाग्छ
तारा तिमी सँगै
तिमी रा मा, तिमी रा मा, तिमी रा मा मात्रै, तिमी रा मा
तिमी रा मा, तिमी रा मा, तिमी रा मा मात्रै, तिमी रा मा
तिमी रा मा, तिमी रा मा, तिमी रा मा मात्रै, तिमी रा मा
तिमी रा मा, तिमी रा मा, तिमी रा मा मात्रै, तिमी रा मा",79
713,Ekantama,Karma Band,nepali,"एकान्तले कतै तिमीलाई सताउछ भने
सुन्यतामा कतै तिमीलाई पिरोल्छ भने
बाँच्नु नै मन छैन नभन्नु है
बितेका कुरालाई बिर्सि दिनु है
मायामा पिडा पनि सहनु पर्छ है
अमुल्य छ प्रेमको मुल्य जीवनको हरेक पलमा
अमिट छ प्रेमको ज्योती स्वच्छ आत्मामा
अमुल्य छ प्रेमको मुल्य जीवनको हरेक पलमा
अमिट छ प्रेमको ज्योती स्वच्छ आत्मामा
मिलनको मिठो क्षणमा यो बाधिएको छ",50
714,Maya Pheri,Simma Rai,nepali,"भागिजाने मोह फेरि किन गाढा?
उर्ली आउँछ चाहना छिन् भरको
माया नसाँचेको हैन, निष्ठुरी बनेको हैन
बेसमयी भावनाहरु आउँछन यसै
बदलिरहन्छन् बिलाउँछन् पलभरमै
त्यसैले बुझी बहकिने मन मायाका अनेक यि रङ्ग
वाचा नगाउने अब बेअर्थ बन्ने यी प्रीतिका गीतहरु
तर आज यो
साँझको हावाले, साँझको हावाले
यो जुनेली रातैले, जुनेली रातैले
तिमी, तिमी फेरि भन्छ यो मन
माया, माया, माया
तिमी, तिमी फेरि भन्छ यो मन
माया, माया, माया
सोंचे आखिर किन? यो माया फेरि किन?
तिमीमा यो के छ र? ब्युँझायौं रहर किन?
रुप हो घायल बनाउने, तर रुपैले फस्दिनथें
बोली नै भनौं भने, कैयौं आए मिठो बोल्ने
तर जब तिमी आउँछौं सामु
बहार यस्तो ल्याउछौं
नबोलेनि आँखाले नै हजारौं कुरा गरिदिन्छौ
आवाज दिन्छौ मायाको",98
715,Anurodha,Bikki Gurung,nepali,"येअह, लिस्टेन
तिम्रो र मेरो सम्बन्धको (सम्बन्धको)
सङर्घष अरू कसलाई के थाहा? (के थाहा?)
अनि तिम्रो र मेरो मायाको (मायाको)
महत्व अरू कसलाई के थाहा?(के थाहा)
मेरो अस्तित्तवको कारण तिमी (कारण तिमी)
अनि तिमी नै हउ मेरो जिउनुको अर्थ
मेरो काहानिको सुरुवात तिमी
अनि तिमी नै हउ अन्तय
फेरी आउने, फेरी जाने
फेरी तिमीलाई मात्र पाउने
फेरी आउने, फेरी जाने
तिमीलाई मात्र पाउने
यही नै हो मेरो अनुरोध
हेय
तिम्रो र मेरो सपना
र अब एउटै रङ्ग जस्तै
जाहाँ गए नि (जाहाँ गए नि)
जाहाँ भए नि (जाहाँ भए नि)
तिमी र मसंगै जस्तै
अब तिम्रो आँशु (आँशु) मेरो आँशु (आँशु)
अनि मेरो हाँसो तिम्रो हाँसो झै, येअह
दुइटा शरिर (शरिर) एउटा आत्मा (आत्मा) अन्नतको लागी",103
716,Gatibidhi,Chakachak,nepali,"यो सानो कथा हो यो
मिल्ने जति सबैलाई जो
गर्दिन म बखान देशको
भन्देको हो जे साँचिकै भाकै हो
सडकको नाउमा धुलो नै धुलो
चार पाङग्रे चिल्लो तर गाँउ घरमा चुलो
त्यो बाहेक केही छैन यो देशमा
विवेकको कमी, विचार छ ठुलो
तर मितिहासको सुपत्र हामी
बोली सुन्यो र चलायो गोली
स्वर्थीपनको नहर बगे
दैबले नि सोधे ""मैले पाएछु के?
मैले पाएछु के?
दिमाग अब चल्दै छ
आगो जस्तै बल्दैछ
दिमाग अब चल्दै छ
आगो जस्तै बल्दैछ",63
717,Garyo K Timro Mayale,Trishna Gurung,nepali,"गर्यो के तिम्रो मायाले
मलाई जिउदो लाश बनाएछ
सक्दिन म सम्हालिन
तिम्रो यादमा आसु बगेछ
पोलिरहन्छ यो छाती मेरो
तिम्रो यादमा तिम्रो आशमा
जाली छैन मेरो आसु यो
सजाएकै छु तिम्रै सपना
म देखाउन चाहन्न
मेरो माया मेरो माया
म सुनाउन चाहन्न
मेरो दुख मेरो दुख
मेरो माया मेरो माया
काटे मैले आफैलाई
तिम्रो लागिनै सहे पिडा
आसु लुकाइ म हास्ने गर्दा
दुखाइ झ न किन बढ्दै छ
म देखाउन चाहन्न
मेरो माया मेरो माया
म सुनाउन चाहन्न
मेरो दुख मेरो दुख",62
718,Chutkila,Samriddhi Rai,romanized,"कति पाची देखेको तिमलाई
साँचो चा की नै
चुट्टिनै गरो हुन्थ्यो
हामी दुबै लाई
हु हु उ
हु हु उ
खुसी चु मा आजा
तिमी भेट्न लाई
साथी टा साधै हामी तारा
प्रेमी रहेनौ की खाइ
आजा सँगै तारा, तिमी काहा मा काहा
यात्रा एउटै तारा गन्तब्य बेगलाई यहा
आजा सँगै तारा, तिमी काहा मा काहा
यात्रा एउटै तारा गन्तब्य बेगलाई यहा
हसाउथे तिमी लाई
तिम्रो बारे मा सोद्ध आजा
लाग्छ के भनु खाइ
हु हु उ
हु हु उ
माया मरेको हैन
खुसी हाउ साधै नै
मुटु बदलियेको चाइन तारा
समय बदलियो की खाइ",73
719,Mana Ka Kura( Maya),Abiral Bhujel & Sanjeev Tamang,nepali,"[लिरिक्स फोर माना का कुरा - अबिरल एक्स एसएनजेवी [अफिसियल म्युजिक विदेओ] आइएन नेपाली]
सुन मेरा मनका कुरा, केहि भन्नु छ
राखे सजाई मनै भित्र, आजै भन्छु ल
सुन्य, सुन्य, भो मन उज्याली बनि देउ
मेरो मन्द मन्द बोलि
तिमि आइ भरिदेउ
माया, माया
माया, माया
हिड्दा हिड्दै बनि किन
अल्झी रहन्छु म (अल्झी रहन्छु म)
सम्हालेको मेरो मुटु
चोरि लान्छौ र ? (चोरि लान्छौ र )
जुन बाटोको खोजि गर्थे त्यहि हेर्छु म (त्यहि हेर्छु म)
मेरो हात समाइ तिमीलाई हेर्नु मन छ र ?
भन हु, भन
आखैमा अल्झी बस्छु म (अल्झी बस्छु)
नजिक आइ अङ्गालन",84
720,Timi Chau,Yodda,nepali,"तिमी छौ, तिमी छौ
लिल स्टोन फिन्न कुक थिस बिट
येअह
मेरो अँध्यारोमा तिमी छौ
तिमी छौ मेरो उज्यालोमा, तिमी छौ
तिमी छौ मरो दुःखमा नि, तिमी छौ
तिमी छौ मेरो खुशीमा नि, तिमी छौ, तिमी छौ
तिमीलाई चाहनछु म इभरी डे, इभरी डे
बुट आई'एम ट्राइना पुष योउ फार अवे, फार अवे
तिमीलाई चाहनछु म इभरी डे, इभरी डे
बुट आई'एम ट्राइना पुष योउ फार अवे, फार अवे
येअह, आई कीप आइटी लावकी
तिमी नै मेरो समस्या हौ की?
तर म मान्दिन दोषी
किनकी तिमी नै अन्धकार, तिमी नै ज्योति
तिमी सोचाइ बिन काहि पनि जादिन
तिमीलाई कहिले नि छाड्दिन आधिमा
तिमीलाई चढाउँछु गाडीमा
त्यही पनि चाहदिन समजलाई थाहा दिन्न, थाहा दिन्न
सोच्दै छु आफूलाई पापी म
चुम्द छु प्रस्ताव नराखी म
अँगाल छु तिमीलाई छातीमा
स्वतन्त्रको हावा फाल्द छु माथि म
तिमीले नै बोलाउछौ, निन्द्रको देवी
तिमीदे नै गरिदिन्छौ बैंक ब्यालेन्स क्षति
तिम्रै उपस्थितिले नै गर्दा गुमाउन्छु मैले क्या धेरै केटी
म तिमीलाई सम्झिन्छु जुन बेला चाहिन्छ
म तिम्रो समर्पणको लिन्छु फाइदा
त्यसैले स्वार्थी छु म, स्वार्थी छु म, स्वार्थी छु म",149
721,Dangerous Girl,SACAR aka Lil Buddha,romanized,"आई थाउष्ट शे वास एएन एन्जेल
थिस वास्न'टी माइ इन्टेन्सन
आई थाउष्ट शे वास एएन एन्जेल
थिस वास्न'टी माइ इन्टेन्सन
आई ट्राइ टो लोव बुट लोव आइएस पाइँ
ठोट्टिए गोट मे स्विच्छिन् माइ लाने
थिस टक्सिक सिटी गोट मे इत्चिन माइ ब्रेन
इममा किक आइटी टिल आई'एम ड्राइभेन इन्साने
आई'एम आ सकर फोर थे लोव दात उ गोट
बुट योउ केएनओडब्ल्यू थाट आई'एम अफ्टर दात गुआप
लोस्ट माइ वे ह्वेन शे टुक ओएफएफ हेर टप
ह्वेन शे गोट ओन टप आई फोर्गोट
गोट मे काउष्ट आइएन आ लक
आई थाउष्ट शे वास एएन एन्जेल
थिस वास्न'टी माइ इन्टेन्सन
आई थाउष्ट शे वास एएन एन्जेल
थिस वास्न'टी माइ इन्टेन्सन",99
722,Slunt,Tamang,romanized,"आईएफ युङ मेट्रो डोन्ट ट्रस्ट योउ, आइएम गोन' शुट योउ
ओह माइ गोड, रोनी
थाट बे माली राव
वे गोट लन्डन ओन थे ट्र्याक
यो पिएर्रे, योउ वन्न कोम आउट हेरे?
वोह, केनी!
टे केइथ, फक थेसे जेन्टलमेन यूपी!
जहलील बिट्स, होल्ला एटी मे
डेट्रिप टुक आइटी टो टेन
आई स्पेन्ट लिके आ यियर एएनडी आ हल्फ ओन थे ग्रेहाउन्ड बस
ओन थे वे टो सी थिस गर्ल
टाके आ फ्लाइट ब्याक जस्ट टो कीप माइ जोब
यूजेड टो फ्लाइ स्ट्यान्डबी, लाटे टो थे एयरपोर्ट
ह्वेरे थे बड्डी पास? स्टक आइएन थे ट्राफिक
ह्वोले लोत्ता होर्स, रियल लोङ डिस्टेन्स
बुट आई'वे ग्रोन सिन्स थें
रियल जीएस'स मोव आइएन साइलेन्स लिके लसग्न
एएनडी वे एआइएन'टी प्लेइङ नाइस, थाट आई क्यान प्रोमाइज
एएनडी आइएम स्पेन्डिङ एएलएल थेसे र्याक्स लिके आइएम आ गोड, युः
एएनडी आई'एम फकिङ ओन युर बिच, हेर नामे आइएस रोडम्यान
डेन्निस रोडम्यान
इममा रोब या
आई लिके हाइड्रोपोनिक्स
इममा पोप बोटल्स ओन यो हेड एएनडी सी थे ब्लड, युः
आये, इममा गो फक थाट बिच
आये, शव्ती गोन' सक थिस डिक
व्हाइ योउ बिचेस हातिन' ओन मे?
फक आ स्ल्याट, फक आ स्लाइम, बिच, योउ केएनओडब्ल्यू थाट शीत वास मिने
यल केएनओडब्ल्यू स्लन्ट्स थे ओग लाइफस्टाइल, वे डिभाइन
एनएमआर आइएन थे ट्र्याप सेटिङ फायर टो चुर्चेस लिके बुर्जुम
वे जस्ट वन्न हर्ट 'ईएम, वे जस्ट वन्न बर्न शीत",197
723,Mero Desh,Nepathya,nepali,"एउटा देउराली थियो
पसिनाको पाती चढाउने
एउटा चौतारी थियो
थाकेको मन बिसाउने
एउटा सानो बस्ती थियो
सुख-दु:ख बाँड्दै मिलेर बस्ने
अचेल उनीहरु मरेको न बाँचेको
आँखाले हेरिरहेछन्
मेरो देश, मेरो देश, मेरो देश, मेरो देश
एउटा सानो आकाश थियो
आफ्ना जुनताराहरु सजाउने
अलिकति बतास थियो
जीवन भएर छातीहरुमा रहने
एउटा सानो फूल थियो
दु:खका बेला पनि हाँस्न सिकाउने
अचेल उनीहरु तुहुराका आँखाले
हेरिरहेछन्
मेरो देश, मेरो देश, मेरो देश, मेरो देश
मेरो देश, मेरो देश, मेरो देश, मेरो देश
मेरो देश, मेरो देश, मेरो देश, मेरो देश",71
724,Muglan,Sunil Giri,nepali,"कालो धुँवा मुग्लानैमा रेलको सरर
कालो धुँवा मुग्लानैमा रेलको सरर
म त हिँडे लाहुर तिर नरोउ धरर
म त हिँडे लाहुर तिर नरोउ धरर
सम्झी सम्झी निष्ठुरीलाई आँशु बरर
सम्झी सम्झी निष्ठुरीलाई आँशु बरर
छाडी जाने मायालाई भन्नु के छ र
छाडी जाने मायालाई भन्नु के छ र
बिचल्ली पार्यो एकलै छाड्यो कलिलो बैशमा
भिजेको आँखामा देखेनौ प्यारा के छ र पैसामा
फर्केर आउछु मै खुशी ल्याउछु पसिना बेचेर
भत्किन नदेउ सपना हाम्रो राखे है साँचेर
कालो धुँवा मुग्लानैमा रेलको सरर
म त हिँडे लाहुर तिर नरोउ धरर
सम्झी सम्झी निष्ठुरीलाई आँशु बरर
छाडी जाने मायालाई भन्नु के छ र
लौन माया कुर्दा कुर्दै जाला जिन्दगी
लौन माया कुर्दा कुर्दै जाला जिन्दगी
हैन माया फर्की आउछु म त केहि गरि
हैन माया फर्की आउछु म त केहि गरि",109
725,Chokho Maya,Rupak Dotel,nepali,"चोखो माया लाकै हो, लाईन भनौं कसरी?
ज्यान फालेर धाकै हो, धाईन भनौं कसरी?
चोखो माया लाकै हो, लाईन भनौं कसरी?
ज्यान फालेर धाकै हो, धाईन भनौं कसरी?
तिमीलाई धोकेबाज भन्न मन त होइन
तिमीलाई धोकेबाज भन्न मन त होइन
तर धोका खाकै हो, खाईन भनौं कसरी?
तर धोका खाकै हो, खाईन भनौं कसरी?
रामले सीता पाउन जस्तो युद्ध गरिन म
बलजफ्ति हरण गर्ने रावण परिन म
रामले सीता पाउन जस्तो युद्ध गरिन म
बलजफ्ति हरण गर्ने रावण परिन म
तिम्रो कोही छ जस्तो लाग्यो, अघि सरिन म
अघि सरिन म
संगै जिउन चाहाकै हो, चाहिन भनौं कसरी?
चोखो माया लाकै हो, लाइन भनौं कसरी?",97
726,Kahani Yo Prem Geet Ko,Rohit John Chettri,nepali,"मेरो भन्नु तिमी मात्रै छैन कोहि आफ्नो भन्नु।
म त तिम्रै प्रेम हो नि तिमी मेरो गीत बन्नु।
यस्तै मिठो बाचा भए डर छोडी बिछोडको।
हरकोहिले गाउने छन् कहानि यो प्रेम गीतको।
प्रेम गीतको।
कहाँ सक्छु भुल्न मैले अब तिमीलाई।
बल्ल-तल्ल भेटेको छु चोटै-चोट खाए पछि।
दुनियाँमा अरु कोहि चाहिँदैन मलाई।
यो मायाको बन्धनमा तिमी भए पछि।
सँधै भरि जिवन मा तिम्रै लागि हाँसि दिन्छु।
चोट लाग्दा तिमी लाई आँशु बनि बगि दिन्छु।
यस्तै मिठो बाचा भए डर छोडी बिछोडको।
हरकोहिले गाउने छन् कहानि यो प्रेम गीतको।
प्रेम गीतको।
आँधी हुरि बाधा अड्चन जे-जे आउन जिवन मा।
कवच बनि उभिदिन्छु पिरती को गोरेटो मा।
जतिसुकै चोट देओस तुसारो ले शिशिर मा।
बाह्रै मास फूलीदिन्छु तिमी हिँड्ने गोरेटो मा।
चाहा छैन अरु केहि तिम्रै लागी बाँचिदिन्छु।
मर्नै परेनि आखिरि मा तिम्रै लागी मरिदिन्छु।",135
727,Nausaya Khola,Tara Devi,nepali,"नौ सय खोला, तरेर जाने, बिर्सने पो हौ कि मलाई
नफर्के सम्म, पर्खेर बस्छु, सम्झनाको दियो जलाई
बिर्सने पो हौ कि। नौ सय खोला।
बादलले ढाके, म रोइरहेछु भनेर ठाने है।
बाडुल्की लागे, म सम्झिरहेछु भनेर ठाने है।
सम्झिरहेछु सम्झिरहेछु जाने है।
नौ सय खोला, तरेर जाने, बिर्सने पो हौ कि मलाई
नौ सय खोला।
बतास चले, म छटपटाए भनेर सोचे है
घामले पोले, म बिरामी भए भनेर जाने है।
सम्झिरहेछु सम्झिरहेछु जाने है।
नौ सय खोला, तरेर जाने, बिर्सने पो हौ कि मलाई
नौ सय खोला।
बिजुली चम्के, निन्द्रामै बिउझे भनेर बुझे है।
हिउ नै परे, म यहिँ नै मरे भनेर बुझे है।
सम्झिरहेछु सम्झिरहेछु जाने है।
नौ सय खोला, तरेर जाने, बिर्सने पो हौ कि मलाई
नफर्के सम्म, पर्खेर बस्छु, सम्झनाको दियो जलाई
बिर्सने पो हौ कि। नौ सय खोला।",125
728,Sapanaharu Aankha Kholerai Dekhne Garchau Re?,Bartika Eam Rai,nepali,"सपनाहरू आँखा खोलेरै देख्ने गर्छौ रे?
बाँचुन्जेल भेट्ने मान्छे, ठाउँ, सबै कल्पिसक्यौ रे?
आफ्नो लागि मान्छे एक्लो आफू हो"" भन्ने मान्छौ रे?
यति दुःख जाबो, यो त सकिन्छ"" भन्दै बाँच्छौ रे?
माया साट्ने मेरो चाहना सबै छाडिसकेको थिएँ मैले साँच्चै
तिम्लाई भेटेर नै मुटु पहिलो पटक अलमलिएको होला
झरी त आखिरमा आज पर्नु नै थियो
भेट त आखिरमा तिम्ले-मैले, हामीले भेट्नु नै थियो
धेरैबाट सुन्यौ होला थिएँ तिम्रै खोजीमा
फेरिनेछन् सबै मौसम, हुन्छु तिम्रै साथमा
माया गर्न गाह्रो रैछौ, भरोसा अरूलाई विरलै गर्छौ
तर मलाई चुनौती, यस्तै चुनौती चाहिएको होला
सपनाहरू आँखा खोलेरै देखी बस्छौ
ओह, येअह
तिम्रा सपनाहरू मसँग बाँड, ममाथि थोरै भरोसा राख
तिम्लाई भेटेर नै मुटु अलि बाँच्न खोज्दै छ यहाँ",104
729,Bholi,Samriddhi Rai,nepali,"आज मुटु मेरो कमजोर छ धेरै
भोली किन नहोला यो ठिकै बरै
चोट गाढा पोल्दैछ अझै
समय किन नबन्ला मलम मेरै
मौसम जसै बद्लिन्छन सबै
स्वार्थ मरिगये कोही हुन्नन वरै
अन्धकारमा किरण खोज्ने गर्दैछु आँट
कोही छैन मात्र म नै मेरो साथ
रुन्छु एक्लै भारी छ मन
भोली किन नहोला हल्का यो भन
भुइमा लडेछु हतोत्साहित तन
भोली किन नहिडुला फुर्ती लिकन
हाँसोको माहोलमा रम्छन सबै
दु:खमा देखे आफ्नो को? पराइ ?
निदरी आउदिनन गर्छु आँफैसँग बात
कोही छैन मात्र म नै मेरो साथ
आजको दिन गयो हारिकन
भोली किन नहोला जित मेरै भन",78
730,Kasailai Bhannu Cha Kei?,Wondergods,romanized,"बर पाची सुन्ने वाला चाइन मा
कसैलाई गर्नु चा केइ
बर पाची हुने वाला चाइन मा
तिर्दै चु सबै उधारो बाकी
मालिलो हुदैछ बाझो वारी
मा पानी बनदैछु कारोबारी
ला पिउडिन लाउचु मा ठाडो घाटी
प्रलय आउचा एसरी की थाम्न नि पाउदैनस्
समय भन्दा नि अगी मा आफ्नै स्रद्धा मनाउदैछु
पितृम देहा
पितृम देहा
वित्री नेत्र ले चिर्दिम
हेरा भनेको भनाइछ तेसैले
ट्रिप लिम्न टा
चिप्लिन्न मा जतै नै वाये हिलो
बनाउने पानी बादलको कालो आकाश पानी हुनेछ निको
कति सजिलो हुनालाई कलाकार
सोचेको चास वने गरो चा
धिदो जुटाउन
ढिलो कुदाउन
चितो पुगाउन
आउदैछु बाबु लाई लिटो खुवाउन
सम्मान बाट आफैलाई बञ्चित मा पाउचु
तारा भगवान हरू संग मा संगीत बनाउछु",89
731,Surke Thaili Khai,Rajan Raj Shiwakoti,nepali,"लै बरी लै बरी लै ।
लै बरी लै बरी लै बरी लै लै, लै बरी लै लै लै।
पटुकिमा सिउरेको, सुर्के थैली खै।
सुर्के थैली खै भन, सुर्के थैली खै।
चौबन्दीमा तुनेको सुर्के थैली खै।
लै बरी लै बरी लै बरी लै लै, लै बरी लै लै लै।
कुरुसैले बुनेको, झुम्के रुमाल खै।
झुम्के रुमाल खै भन, झुम्के रुमाल खै।
रौ कातेर बुनेको, झुम्के रुमाल खै।
ऒइ सानी, बोल्छौ लाजै नमानी।
ऒइ सानी, गर्छौ क्यारे बेईमानी।
नखोज है निहु र मा, नखोज है निहु।
रामसाहिला ठेका भित्र पानी।
रामसाहिला घ्वार्र-घुर्र मदानी।
के लाग्थ्यो र घिऊ र मा, के लाग्थ्यो र घिऊ।
आनाकानी गर्छेउ, परपर सर्छेउ, मन अन्तै साट्यौ कि।
मलाई उल्लु बनाएर, धोका दिन पो आट्यौ कि।
आजै हिसाब मिलाउनु छ, झिक खाता बहि।
पटुकिमा सिउरेको, सुर्के थैली खै।
सुर्के थैली खै भन, सुर्के थैली...खै।
चौबन्दीमा तुनेको सुर्के थैली खै।",142
732,Chhoto Geet,Nepathya,nepali,"घाम डूब्यो साँझ पर्यो
अब छुट्टिने पनि बेला भो
आजको दिन पनि बित्यो
यो रात काट्ला, नकाट्ला
भोली आउला या नआउला
फेरी भेट होला, नहोला
यो छोटो गीत तिमीलाई
फेरी नभेटेसम्मलाई
यदि फेरी भेटै नभए
साँची राख्नु सम्झनलाई",29
733,Kinideu Na Saila Dai,Sugam Pokharel,nepali,"मलाई आँखैको परेलीमा गाजल लाउन मन पर्छ
किनीदेउ न साइला दाई
मलाई दुई चुल्ठी बाँटेर फूल लाउन मनपर्छ
टिपीदेउ न साइला दाई
मलाई आँखैको परेलीमा गाजल लाउन मन पर्छ
किनीदेउ न साइला दाई
मलाई दुई चुल्ठी बाँटेर फूल लाउन मनपर्छ
टिपीदेउ न साइला दाई
म त लाउदिन मलमलको सारी
मलाई गुन्युँचोलो मनपर्छ
म त गर्दिन अर्काको देखासिकी
मलाई नेपाली माया मनपर्छ
म त लाउदिन मलमलको सारी
मलाई गुन्युँचोलो मनपर्छ
म त गर्दिन अर्काको देखासिकी
मलाई नेपाली माया मनपर्छ
मलाई कानैमा उनेर ढुङ्गी लगाउन मन पर्छ
किनीदेउ न साइला दाई
मलाई दुई चुल्ठी बाँटेर फूल लाउन मनपर्छ
टिपीदेउ न साइला दाई",81
734,Paribhasa,UNB (IND),romanized,"येअह
यूएनबी
योउ केएनओडब्ल्यू होव वे डो आइटी
कौसो
हेरे वे गो
अहिले सम्म मलाई एस्टो कहिले वा थियाना
घर गोआन चोरी बाहिर कहिले गा थियाना
रहन सहन अनि लाव्ने लुगा विन्न ना
को संग बोल्ने यहा गरो पर्यो चिन्न मा
एकलाई माह रहेछु या सबै वन्दा बेगलाई
भोली गर्न पर्ने कुरा सपना लाई समेट्दै माह
ओव्ने समय लाई सकारात्मक देख्दै माह
बितेको दिन लाई सोचेर गीत लेख्दै माह
दिन वारी मेहनत गरी या कमाव्ने धना
घर को याद यहा साँझ लाई स्वम्पी काना
आशु झरे आफै ले नै पुस्नु पर्ने रैचा
तेइ करन होला वाको ढुङ्गा जस्तो काडा माँ
अझै पुग्न चा त्य सोच्न सके वन्दा माथि
गन्तब्य मा पुग्न चा आफ्नै हाथ समाथि
वञ्चन के॰एस के॰एस मलाई ना वन्ने ले ना ना भाटी
एक दिन मिल्न चा सबैलाई माटो संग साथी
था चा तिमी चव सबै वन्दा बेगलाई
सुना मलाई जाबा हुन्चव एकलाई
जे॰एस हुदै चा तिमी लाई वाको हो मलाई पानी
चोडी काना जाँचा एलएच दिन्छु माह साधै साथ वनी
था चा तिमी चव सबै वन्दा बेगलाई
सुना मलाई जाबा हुन्चव एकलाई
जे॰एस हुदै चा तिमी लाई वाको हो मलाई पानी
चोडी काना जाँचा एलएच दिन्छु माह साधै साथ वनी",165
735,Ukali Orali,Nepathya,nepali,"उकाली ओराली
चड्दै र झर्दै
पुग्यौ हामी
त्यो कालो पथ्थरमा
वारि र पारी
हिमालै हिमाल
झर्यौ हामी
रमाइलो नाम्चेमा
ऐ
खुम्जुङ क्षेत्र
के राम्रो
झलमल हिमाल
स्वर्ग भन्दा
प्यारो हाम्लाइ
हाम्रै देश नेपाल
हिमचुली रानी
हजुरकै काखमा
खेल्यौ हामी
गुरास पाखामा
सगरमाथा शिरैमा राखी
रम्यौ हामी
हिमाली भाकामा
ऐ
यहि बज्छ
डम्फु र मादल
नाच्छन डाफे मुनाल
स्वर्ग भन्दा
प्यारो हाम्लाइ
हाम्रै देश नेपाल",36
736,Timro Mero Sambandha,Adrian Pradhan,nepali,"तिम्रो-मेरो सम्बन्ध तोड्नेहरू पनि रहेछन्
तिम्रो-मेरो सपना टुटाउनेहरू पनि रहेछन्
तोड्नेहरूको कुरा सुनेर
टुटाउनेहरूलाई आफ्नो सम्झेर
मलाई तोडी दिने, मेरो सपनाहरू टुटाइ दिने
मलाई तोडी दिने, मेरो सपनाहरू टुटाइ दिने
तिमी जस्तो मायालु पनि रहेछ
कहाँ खेलेको थिए र पवित्र प्रणयको खेल?
तिम्रो आँखामा मेरो जीन्दगी पो खोजेको थिए मैले
कहाँ रोजेको थिए र तिम्रो नशालु योवन
हृदय मन्दिरमा राखेर पो पुज थिए है मैले
तिमीले त जब मेरो साथ छिडी दियौ
तिमीले त जब मेरो साथ छिडी दियौ
शीशा फुटे झैं हृदय नै टुट्यो
जिन्दगीको तार चुड्यो
शीशा फुटे झैं हृदय नै टुट्यो
जिन्दगीको तार चुड्यो
तिम्रो-मेरो खुशीमा जल्नेहरू पनि रहेछन्
तिम्रो-मेरो छातीमा छुरा रेट्नेहरू पनि रहेछन्
जल्नेहरूको कुरा सुनेर
रेट्नेहरूलाई आफ्नो सम्झेर
मलाई जलाई दिने, मेरो छाती भरि रेटि दिने
मलाई जलाई दिने, मेरो छाती भरि रेटि दिने
तिमी जस्तो मायालु पनि रहेछ",117
737,Saani Ko,1974 AD,nepali,"सानीको रिसाउने बानी भो
सानीको रिसाउने बानी भो
कहिले नहास्ने, कहिले नबोल्ने
के तिम्रो अनौठो चाला यो
के गल्ती भो र म बाट यस्तो नि लौ
नबोली सजाय दिन्छौ नि
सानीको रिसाउने बानी भो
सानीको रिसाउने बानी भो
छ भने माया सुटुक्कै दि जाउ
छैन भने के भो र
छ भने माया सुटुक्कै दि जाउ
छैन भने के भो र
नमरी बाँचे दैब ले साँचे
कुनै दिन भेटौला
सानीको रिसाउने बानी भो
सानीको रिसाउने बानी भो
दुई दिने हैन यो जिन्दगानी
हाँसेरै बोलिदेउन
दुई दिने हैन यो जिन्दगानी
हाँसेरै बोलिदेउन
नभये म नि अन्तै पो ताक्छु
तिमी के गरौली",78
738,Khulera Dallai,Neetesh Jung Kunwar,nepali,"जाँउ हिंड सरर मोटर चडेर
यो हृदयलाई सम्झाउँदै अघि बढेर
पर्खी रहेकी होलीन् मेरी सुन्तली
हातमा छ खेलौना, छोरो बढीगो
बाबा पुगेन,"" भन्नलाई कति सजिलो
कर्म यस्तै रैछ, भारी मन रुन्छनी
अब लौ है त गुरुज्यू रोकुम यहि मलाई
अझै टाढै छ घर सकुन्जेल बाँच्नु छ
खुलेर डल्लै, ओह, खुलेर डल्लै
आहै कति मिठो ढुङ्गे धाराको पानी
यहि थेमे सुरुभो हाम्रो पिरिम कहानी
मेरी जुनकिरी, किन यति राम्री छ्यौ तिमी
सुर्ताले होकी तन थोरै घटेछ
बर्षौको चोली ज्यानमा टम्मै अटेछ
पिर नलीनु है, पोईको तिमीलाई छ बिन्ती
हम्म, साह्रै चिन्तित छु म
सुनाउँ त्यहाँ कस्लाई
निश्चित छैन जीवन, बिर्सेर हाँस्नु छ
खुलेर डल्लै, ओह, खुलेर डल्लै, आह-हा-आह-हा",92
739,Sikau Malai,Ishan Raj Onta,nepali,"भारहिन भइ
उड्न सिकाउ मलाइ
हावा विपरित गई
चल्न सिकाउ मलाइ
ए चरी! ए चरी!
बादल झैँ हलुका भइ
यात्रा गर्न सिकाउ मलाइ
रूख का फेद मुनि बसी
स्थिर हुन सिकाउ मलाई
ए नदि! ए नदि!
हरेक दिन, उपहार यो
सुस्त सुस्त परिवर्तन को
पखाल्न सिकाउ , पाप यो
बगाइ लग , निराशा यो
ए झरी! ए झरी!
ए नदि! कसरी ? ए चरी!",49
740,Jharisangadulchu (Outro / Epilogue),Bartika Eam Rai,nepali,"म हुँदिन भोलि यो संसारमा, म हुँदिन भोलि यो समयमा
कहिले सम्झनामा म तिम्रो कतै न कतै आउँला
यही स्वरूपमा नभए पनि म तिम्रो आत्मालाई चिनुँला
तिमीलाई सधैँ साथ दिन्छु नभए पनि यो संसारमा
यही जीवन त फेरि हुँदैन मेरो, तर यतै कतै हुन्छु म
झरीसँगै डुल्छु म
परदेखि एकैछिनमा आइपुग्छौ तिमी म भएको ठाउँमा
यति नजिक भएर पनि म तिम्रो हुन सक्दिन
सपनाहरू कति महत्त्वपूर्ण लाग्छ उमेर हुँदा साथमा
दुनियाँको अन्त्यसम्मै चाहार्दै भागी हिँड्छु म त्यही आफ्नो सपना
जिन्दगी यो सोच्छु, राम्रै बाँचेँ भन्छु, भएजति सबै आफ्नै कर्म मान्छु
पछुतो त छैन, बाँकी केही मात्र रह्यो सम्झना
झरीसँगै डुल्छु म, झरीसँगै हुन्छु म
म हुँदिन भोलि यो समयमा
तर यो तिमीलाई छोटो सम्झना",100
741,Dherai Maya Deyeara,Alish Nepking,romanized,"साथा चोडे गयेआ पचाइए यादा चोए जानेआको
माया मर्न धेरै गरो निस्थुरी पहिलो माया को
मिठो बोली बोलियारा मुटु चोरी लानेआको
अनि मुटु दुःखयेआर अंशु चोडे जानेआको
माया मर्न धेरै गरो निस्थुरी पहिलो मायाको
मेरो माना मा रहेआका सारा
इच्छ्या रा चाहना हरू मतलब नराखे
मैलेआ समयेआ खेरो फालेआ सबै तिमीमा
अनि आँखामा सजायेका एउटा सुनाउलो संसार बनाउनेआ
अनि हाम्रो एउटा घर बनाउनेआ
सपना डोब्ने गर्थेयो तिमी साधै मेरो बाटा मा हुन्थेयौ
साथ मा गर्नेआ गर्थ्येआमा प्रथाना केबल तिम्रो लागे भनेअर
भेट्दैनौ थेयोउ धेरै तेसैलेआ बस्थेयेका दिन हरू गनेअरा
बस्नेआ गर्थेयेका तिमीलाई भेट्नेआ दिन को पर्खै मा
तारा आजा मा भयेआ एकलो यो संसारमा
मलाई बुझ्नेआ अरू कोइ चाइन
केबल तिम्रै टासबीर हातमा अंशु आँखामा
मास्टेसका चा दोहरमा बचाउ की मराउ भनेअर
अझै निर्णयेका लिनाए सकिना रोडैछु मा आफै मा
साथा चोडे गयेआ पचाइए यादा चोए जानेआको
माया मर्न धेरै गरो निस्थुरी पहिलो माया को
मिठो बोली बोलियारा मुटु चोरी लानेआको
अनि मुटु दुःखयेआर अंशु चोडे जानेआको
माया मर्न धेरै गरो निस्थुरी पहिलो मायाको",141
742,Venomous,Tamang,romanized,"ओन
थे
ट्र्याक एएनडी आई'एम स्केमिन
फिन्न ब्यालेन्स आइटी आउट एएनडी माके आइटी इवेन
प्लेइङ म्युजिक फोर क्र्याकर्स जस्ट लिके थे ह्वेट थिन्स
टेल मे ह्वाट थे फक डो आई'एएलएल इवेन बेलिभ आइएन?
सेक्स, ड्रग्स, एएनडी रक एएनडी रोल
आई डोन्ट थिङ्क थेरेस एनी वे थाट योउ क्यान सावे माइ साउल
आई'एम जस्ट टु फार गोने आइएन थिस गेम, आइएन थाट नेपालेसे मुर्दर राप
ह्वेन आइएम ओन हेरे आइएम डेस्ट्रोयिङ इभरी फकिङ ट्र्याक
गोट मोन्क मोन्क एएनडी त्रपुला आइएन थे ब्याक
वे बे रेडी एएनडी वाइटिङ टो माके थे फर्स्ट एट्याक
नो मोर फाके न्यूज, जस्ट स्ट्रेइट फ्याक्ट्स
एएनडी योउ बेस्ट गेट ब्याक काउस युर शीत्स व्याक
एआइएन'टी पलिङ टीथ बुट वे गेट सेडेटेड
डोन्ट फक विथ यूएस ओर युरे गेटिङ फादेद
डोन्ट थिङ्क थेरेस नो रियासन आई'एम हाटेड
आइएम आ ग्याङस्टा, बाबे, बुट आइएम इड्युकेटेड
ओउर कम्युनिटिज वेरेन'टी इभर गेटेड
वे बीन लिभिङ आइएन थे फकिन' म्याट्रिक्स
डोडजिनबुलेट्स, डोन्ट फक विथ थेम कप्स
डोडजिनबुलेट्स, डोन्ट फक विथ थेम ओपीपीएस
नोवहेरे आइएस साफे आइएन थे सिटी ओएफ मोन्क्स
रुन यूपी ओर गेट ब्युरिड, योउ फकिङ पंक
एस्युमिङ थाट एएलएल मोन्क्स आरे पीसफुल
बुट योउ एआइएन'टी बीन हेरे, सो ह्वाट योउ मियन, फुल?
लाइट युर्सेल्फ ओन फायर, प्रोटेस्ट
इन्जस्टिस रनिङ विल्ड, अप्रेस्ड
सिच्युएशन'स दिरे, नो रेस्ट
गभर्नमेन्ट टेलिङ योउ योउ'रे सो ब्लेस्ड
ह्वेन थे गुण योउ एएनडी युर पियोपले डाउन आइएन थे स्ट्रीट्स
आइटी'स टाइम फोर सोमे रियल रिभेन्ज, योउ केएनओडब्ल्यू वे ब्रिङ्गिङ थाट हेट
एयी",215
743,Bick Dig,LEGITHIPHOP,romanized,"आई फील लिके लिल डिकी विथ आ बिग डिक
विथ स्नुप यूपी आइएन थिस बी*टीसीएच थ्रोविङ मिसफिट्स
बिग टिट्स आरे व्हाइ आई केम आइएन थिस अर्थ बी*टीसीएच
जस्ट थे साइट, एएनडी माइ बिक डिग
सर्जेस
बिग डिक, डोन'टी गेट आइटी ट्विस्टेड ओर गेट आइटी
आई डोन'टी गिवे आ एफ*सीके बी*टीसीएच, आई मिन्ट आइटी
योउ ग्रानाइट, आई'एम इस्लामिक
माके योउ प्यानिक एएनडी फ्रेनिक
आइएम लिम्पिन, स्याटानिक
ह्वोर्स गेट बनिषेद, मान आइटी
नेवर गेट्स डेलिभर्ड टो थे म्यासेस, थे मेसेज
लिके आईबी ट्राइना एफ*सीकेआइएन' ह्यान्ड आइटी
राइट बेफोर हे एफ*सीकेआइएन' वनिषेद
राइट बेफोर हे एफ*सीकेआइएन' वनिषेद माआँआँ
आई'एम जस्ट ट्राइना अन्डरस्ट्यान्ड आइटी थे कल्प्रिट
थाट डिड थिस, आइएस आइटी हिम हिम? ओर आइटी सोमे बी*टीसीएच
आइएस आइटी आ रिमोर्स हित ओर सोमे डम्ब विट
डिड हे गो इन्साने ओएफएफ हिस एफ*किङ ब्रेन
र्याप्ड आ लोट ओएफ श*टी, गोट थे थ्रोन टो क्लेम
इवेन फ्रोम थे ग्रेव, थाट श*टी एफ*सीके इन्साने
वेल आई'एम मेकिङ थे होएस हेरे सफोकेट
राइडिङ ओन थिस बिट टिल आई लेविटेट
आई सेलिब्रेट एएनडी क्यालिब्रेट टो एएलएल थे हाते
एएनडी आई मेडिटेट ओवर थे बिट
लिके आईबी डिड
थेसे एफ*कर्स जस्ट एआइएन'टी लिस्टेन टो ह्वाट आईबी सैद
थेसे एफ*कर्स आरे गोन्न लिव योउ विथ थे राइड इन्स्टेड
बिस्टेन्डर्डस सव योउ डेड, लिङ आइएन आ डिच
आई बेट योउ थाट थे टोल्ड योउ थाट, थाट थे वास फ्रेन्ड्स
थे गोट योउ, एएनडी थाट'स जस्ट होव युर स्टोरी इन्ड्स
आइटी'स एनोउघ फोर मे टो",224
744,Vanana,Ekdev Limbu,nepali,"एक पल्ट हेर्दा, क्या! राम्री
अर्को चोटि हेर्दा त झन राम्री
मन मक्खै पो हुने, उनी हेर्दा
कान्छीको मुस्कान ले ज्यान जने
एक पल्ट हेर्दा, क्या! राम्री
अर्को चोटि हेर्दा त झन राम्री
मन मक्खै पो हुने, उनी हेर्दा
कान्छीको मुस्कान ले ज्यान जने
मलाई गारै नै पर्यो नि लौ
अली कती साह्रै नै पर्यो नि लौ
सारा सबै नै बिर्सें पो खै
के थ्यो नाम मेरो उ-उ-उ आज मलाई
भनन तिमी मेरो मात्र
तिम्रो लागि म छु नि, आह
सुनन आज मात्र हैन
सधैँ तिम्रो हुन्छु नि, आह
भनन तिमी मेरो मात्र
तिम्रो लागि म छु नि, आह
सुनन आज मात्र हैन
सधैँ तिम्रो हुन्छु नि
सुनि हेर, तिमी यो मनलाई
नाम तिम्रै सुन्छौ नि
सोधी हेर के साथ दिन्छौ?
अनि म भन्ने छु, हुन्छ नि
सुनि हेर, तिमी यो मनलाई
नाम तिम्रै सुन्छौ नि
सोधी हेर के साथ दिन्छौ?
अनी म भन्ने छु, हुन्छ नि
चलिरहेको समयलाई रोकि दिउ
जब तिमी मेरो साथ हुन्छाै नि
आकाश सै तिम्रो लागि थामी दिउ
तिम्रो लागि मात्र तिमी आज मलाई",142
745,Superman (Unreleased Version),Mc Flo,romanized,"एकलो चु मा, यहा बिरानो चा सहर
बचेकै वाये पानी अधुरो चा रहर
आइदेउ तिमी संग सग्नै हिन्न मलाई मान चा
वाये देखि तिमी मात्र जीवन राम्रो बनिदिन्छ
वनेझै मलाई लाग्छ, मेरो मान हेरा काहा चा
जना खोज्छ हरेक ख्स्यान जाहा तिमी नै चौ आजा
तिमी सँगै बढ्न मान चा, ब्याह्ट हरू सत्न
चोटो होस या लामो जीवन परोस् तिमी सँगै बच्न
हुने चु तिमी सग्न, तिम्रो हात साधै थाम्न
माया गर्चु तिमी लाई, सक्चु खुसी तिमी लाई राख्न
कुरा गर्दै बसाउ ला, हामी अँगालो मा बेरी
जल्ने चा धेरै जना हामी दुबै लाई नै हेरी
गरौला वबिसय को योजना मिली जुली
हुन्चा हाम्रो सानो संसार, निलो आकाश को मुनी
अनि मा तिमी मिली हेरा कटौला यो जुनी
दुःख तिम्रो सबै लिन्छु, दिन्छु तिमी लाई मा खुसी
तिमी मेरो बनाना, माया गर्चु वनना
तिम्रो लागी सचेको छु मेरो माया पवित्र
तिम्रै लागी मात्र ठाउ चा हेरा, हेरा मा वित्र
अबा जसरी नि मा तिमी सँगै हुनु चा
आईएफ ओन्ली योउ क्नेव आई वन्न बे युर सुपरम्यान
आईएफ ओन्ली योउ क्नेव आई वन्न बे युर सुपरम्यान
आईएफ ओन्ली योउ क्नेव आई वन्न बे युर सुपरम्यान
मा तिम्रो सुपरम्यान हुना चाहन्छु",166
746,Hennie Baker - Kei Na Kei,Genius Romanizations,romanized,"पर्खी बसे थेइ उडान मा
फर्की आउ तिमी फेरी यहा
केही ना केही टा होला तिम्रो मान मा
खेली रहेका चान आफै संग
केही ना केही टा होला तिम्रो मान मा
खेली रहेका चान आफै संग
भना ना, भना ना सुस्तरी
सुन्दै चु सुस्तरी
भना ना, भना ना सुस्तरी
सुन्दै चु सुस्तरी
मा भुली रहे, मा भुली गये
मेरा बाचा तिमी प्रति
मा सोची रहे, मा सोची रहे
तारा केही यादै आयेन
केही ना केही टा होला तिम्रो मान मा
खेली रहेका चान आफै संग
केही ना केही टा होला तिम्रो मान मा
खेली रहेका चान आफै संग",81
747,Na Vana Malai Testo,UNB (Nepal),romanized,"हे हे तिमी एस्टो किना वाको
होइन कसै संग कुरा गर्न आको
मतलाबी दुनिया लाई माह उडाव्ने हो
तारा टेली जेली मलाई व्यानी कुरा येइ नै हो
ग्यारी सबै टेरो लागी नै, ना वना मलाई टेस्टो
ताह रा माह टीएच मिल्नी साथी हाई, ना वना मलाई टेस्टो
गर्न सक्दैनस् केइ पानी, ना वना मलाई टेस्टो
गरी देखाई दिन्छु माह पानी, ना वना मलाई टेस्टो
4 साल वायो मेली राप गर्न थालेको
होइन माह टीएच नेता चाइन माइले चेला पालेको
ना सुनी कसै को जाबा अगरी ब्याडी
ताबा यो काले को कुरा सेबली सुन्न यहा थालेको
सम्झाव्ने व्यानी धेरै साथ दिने कुम
एस्टो कदम लिना चाहिँचा एटी लाइनी डम
मेरो ज्ञान अनि बुद्धि हजुर को डाँ हो
मेरो बा अनि मा को नाम को सम्मान हो
मान्दैन माँ बस्न घर देखि ताडा तारा
कामव्न धन पर्चा यहा धेरै गरा
12 बाज्छ रात को हेरी जुन रा तारा
येसरी नै बिती जाने हो की जिन्दगी नै सारा
मेरो चल चलन विन्न बुज्न गरो पर्चा हजुर लाई
एलएच माह चुप बोल्ने पालो आयो हजुर केइ
सजिलो चाइन बुज्न यो मेहनत दिन रात को
यो हो सपना होइन भाग्य मेरो हाथ को",165
748,Prashna,Neetesh Jung Kunwar,nepali,"पश्न नगर म संग
घम्भिर अवस्थाको लागि
समय छैन, समय छैन
केही अघि टुटेको मनलाई सम्हाली बसी रहे
हिँड्दै छु म, हिँड्दै छु म
कर्म नै यसतै रहेछ
हाँसेके एक छिन पछि रुन पर्ने, रुन पर्ने
तिमी नै भनि दिनु अब
शब्दमा फिर्किएर मात्र के नै गर्ने
मैले के नै गर्ने, मैले के नै गर्ने
ह्वोआ, ह्वोआ, ह्वोआ, येअह
पहिलेको जस्तै रहेनै तिमी
भनप सोधी रहन्छौ मलाई, म जब हुनै सक्दिन
उमेर संगै बद्लिनु छ सबैलाई
हो तिम्रो चित्त बुझाउनु मरि गए नि पछि हटिन
ओह, ह्वोआ, ह्वोआ
एक छिनलाई बिदा देउ न मलाई
शुन्यतामा बाँच्न चाहान्छु म
तिम्रो सम्झनाको [?]
तिमीलाई नै भुल्न चाहान्छु म
भित्री मनले रुक भनेको बेलामा
ठीक छ भन्दै हाँस्ने मान्छे परे म
जाउ न आफ्नो बाटो रोझ
किनकी आफ्नै भर नभाको मान्छे म
भित्री मनले रुक भनेको बेलामा
ठीक छ भन्दै हाँस्ने मान्छे परे म
जाउ न आफ्नो बाटो रोझ
किनकी आफ्नै भर नभाको मान्छे म
अब सम्हाल्छु आफैलाई
कसैको नौटन्की [?] लिने छैन
लिने छैन, माँ कसम
दुःखै छ आ-आफ्नै सबको
म अर्कैको लैलैमा पछि हिँड्ने छैन
सधै खुशी हुनु तिमी
भइरहने गल्ती सम्झेर
भुली दिनु, भुली दिनु
भन्छन् नि जिस्केको बेला
भित्ताको झनझटलाई घाममै सुकाइ दिनु
लिख्न आएन, मनले बुझि दिनु, माया",162
749,Harek Saas Sita,Astha Tamang-Maskey,nepali,"हरेक सास सित
मध्य रातको सुन्यतामा
मन भित्र नियालेर हेर्दा
गुन्जिंछ्न हजारौ सोच हरु
टोलाउदै अध्यारोमा
गुनगुनाउदै यो गीत
कसरी मनका सबै कुरा खोलु
कसरी निकालु
भागेछु म
आफैबाट टाढा, धेरै टाढा
जीवन को अर्थ खोज्दा खोज्दै
अनन्त गहिराइमा
आकाशको कालो बादल जस्तै
आज बर्सन मन छ मलाई
लिएको हरेक सास सित
सोचेको थिईन
जीवनले एस्तो मोड लिन्छ भनेर
मेरो हिजो र भोलिसंग अडकेर
सपनै सपनाको घर बनाएर
बसिरहेको छु म
एउटा ठाउमा
मेरो आजलाई गुमाएर",55
750,Timro Yaad Aaucha,Luckey,nepali,"दिनहरुलाई गन्दै बस्छु म
तिमी संगको भेट कहिले हुने हो
न्यानो तिम्रो त्यो काखमा बसि
हावा टाइप को त्यो गफ कहिले हान्ने हो?
फोहोरी केटा म, भन्छौ तिमीले
तर फेरी मसंगै बसी रहन्छौ
सताउछ मलाई
तिम्रो याद आउँछ
धेरै, धेरै, धेरै, धेरै
तिम्रो याद आउँछ
जति समय बित्छ तिम्रो याद आउँछ
ओ, ओ, ओ, ओ, ओ
ओ, ओ, ओ, ओ, ओ
ओ, ओ, ओ, ओ, ओ
ओ, ओ, ओ, ओ, ओ
तिम्रो रिसालाई छुनै सक्दिन
तर तिम्रो मायाले होला अंगाली हाल्छु
धेरै भेट्दा त अल्छी नै लाग्छ
तर छुटने बेलामा तिमी नाजावस् लाग्छ
तिमी संगको दिनहरुलाई
कोरि बस्छु म भावनासंगै
सताउछ मलाई",82
751,Timro Yaad,Chhewang Lama,nepali,"तिमी अनि तिम्रो याद
हर पल हर दिन हर रात
मुटुमै राखे मैले हेर बुझी देउ
अब तिमीले
तिमी अनि तिम्रो याद
य
किन गर्छौ आना कानी
माया गर मलाई आफ्नै ठानी
दुइ दिनको जिन्दगानी
यस्तै नै हुने होनी
बुझन तिमी मलाई
मलाई नै अंगालन हो
हेर
बुझिदेउन मनका कुरा
सपना सबै अधुरा
तिमीसंग माया बस्यो
हुने हो कि सपना पुरा
तिम्रै छ आश अब
तिमीनै बुझी देउन
खै त बुझेको तिमीले मेरो मनको कुरा
सपना तिमीनै हऊ मेरो
कैले हुने हो पुरा
तिमीनै मेरो कल्पना
मन खोली मुटु साटन",67
752,Samjhana,Bikki Gurung,nepali,"आँखा जस्तै मन छ भारी
सम्झना सबै समाली राखी
जाँदै छु म टाढा कतै
बिर्सन दिनु मलाई है
बिर्सनुलाइ गारो छैन
सम्हाली राख सम्झना
कस्तो समय र परिस्थिति
तिम्रो र मेरो भाग्य जस्तै
सम्झिनेलाइ सम्झना बिर्सनेलाई बिर्सना
{वर्स 2]
तिमी नै मेरो साहारा हौ
तिमी नै मेरो रहर हौ
तिमी बाहेक अरु कसले मलाई बुझ्न् सक्छर
तिमी बिनाको जिन्दगी खै केको जिन्दगी
टाढा हुनु, डर लाग्छ बिर्सन दिनु मलाई है
बिर्सनुलाइ गारो छैन
सम्हाली राख सम्झना
कस्तो समय र परिस्थिति?
तिम्रो र मेरो भाग्य जस्तै
सम्झिनेलाइ सम्झना बिर्सनेलाई बिर्सना",73
753,Janata Ma Appeal,Albatross,nepali,"ल आउनुहोस् सुन्नुस्, कुरा गर्दैछौ हामी हाम्रै बारेमा
म पनि एउटा पार्टी खोल्छु, सहयोग गर्नु होला
दाजु-भाई तथा दिदी-बहिनीहरू हो अघी सर्नु होला
मेरो लागि मर्नै पर्छ भने, भने पनि मर्नु होला
शहीद हुने सम्मान मा नामक गर्नु होला
जनतामा एपियल, जनतामा एपियल, जनतामा एपियल
यही हो मेरो आन्दोलन
जनतामा एपियल, जनतामा एपियल, जनतामा एपियल
यही हो मेरो अनुरोध
जनतामा एपियल, जनतामा एपियल, जनतामा एपियल
यही हो मेरो आन्दोलन
जनतामा एपियल, जनतामा अपील, जनतामा एपियल
यही हो मेरो अनुरोध
पर्चा म स्वयम लेख्दछु, तपाईं छर्नु होला
पुर्व-पश्चिम पहाड-तराई, साँझ-बिहान खाइ-नखाइ
खरायोको खुट्टा हाली खूब दगुर्नु होला
आफ्नो पार्टी बलियो पार्न, अखिल नेपाललाई सपार्न
चन्दा नदिने व्यक्तीहरुको, घाटी निचोर्नु होला
जनतामा एपियल, जनतामा एपियल, जनतामा एपियल
यही हो मेरो आन्दोलन
जनतामा एपियल, जनतामा एपियल, जनतामा एपियल
यही हो मेरो अनुरोध
जनतामा एपियल, जनतामा एपियल, जनतामा एपियल
यही हो मेरो आन्दोलन
जनतामा एपियल, जनतामा अपील, जनतामा एपियल
यही हो मेरो अनुरोध",130
754,Believe In Myself,Ease is Easy,romanized,"मलाई आफैलाई देख्छु टप मा
बिसवास चाइन मलाई जोब मा
मलाई वर्चाइन या टा सब मा
को को आउने होला मा मर्दा
मा जिन्दगी जिउचु इजी
क्याल मे ह्वेनेभर योउ नीड मे
येअह दुख्च ह्वेन योउ ब्लीड मे
मा डाउन हुदा थे फकिङ किक्ड मे
सब भन्दा निक्कै चु पारा
मलाई पर्दा को नै चा रा
भर पारा, आश नगरा
जिन्दगी ले लाट हाँदा अगाडी नै बादा
आई बेलिभ आइएन माइसेल्फ, बिसवास चा आफै माथि
आई बे लिभिङ थे स्ट्रेस, आई बे लिभिङ थे मेस
आई बेलिभ आइएन माइसेल्फ, बाचिरचु हासी हासी
आई बे लिभिङ थे फ्लेक्स, आई बे लिभिङ थे बेस्ट
आई बेलिभ आइएन माइसेल्फ, बिसवास चा आफै माथि
आई बीе लिभिङ थे स्ट्रेस, आई बीе लिभिङ थे मेस
आई बेलिभ आइएन माइसेल्फ, बाचिरचु हासी हासी
आई बे लिभिङ थे फ्लेक्स, आई बे लिभिङ थे बेस्ट
मा सनै देखि नै एकलो
मलाई सबल डेको नै थेस हो
लोनलाइनेस नै मलाई बेस हो
मा कुदिराको जिन्दगी टा एउटा रेस हु",137
755,2 GHANTA,Andazification,nepali,"दुई घण्टा सम्म तिमीलाई कुरे (तिमीलाई कुरे)
छाता ओढ्दै, चिसोमा काम्दै
तिम्रो घरको बाहिर कुरेर, चिसो झ्यालमा नाउँ कोरे
भन्न त हुँदैन, के गर्नु तिम्रो बानी, कहिले सुद्रिन्छ?
दुई घण्टा संसारमा एक्लै म सोच्छु, के गर्नु?
नरिसाउ, नझर्क, कहिले कहीं यस्तो हुन्छ
जे पाए त्यही
एक चोटी मलाई बोल्न देउन (बोल्न देउन)
एक कानले सुन्छौ, अनि अर्कोले उडाउँछौ?
तिम्रो कुरा सधैं सुनेछु (सुनेछु), अब मेरो सुनिदेउ न
बाहिरै निस्कन्न, अब म फर्किन्न,"" भनी देउ न तिमी, म कहिले फर्किन्न
यो, अगाडी छ मेरो रुम र कोके
हातमा मेरो मार्लबोरो
सोच्दै छु, ब्रो, जिन्दगी मेरो किन भयो फेरि एक्लो (भयो फेरि एक्लो)
ठीकै छ भन्दै भोली केही नै अवश्य हुने छ
के हुने छ, त्यो अझ छ है रहस्य (छ है रहस्य)
अनि हाँस उठ्छ पनि उठ्छ रिस (पनि उठ्छ रिस)
तिमीसंग अब पुग्यो, अत्ति नै भो प्लीज
माया लाएको मैले यो भुल्न त होइन, सो
सुनेर पनि किन नसुनेझै? (किन नसुनेझै?)
देखेर पनि किन नदेखेझै? (नदेखेझै)
देख्दै छु म तिमीलाई कतै, बुझाई हाल्छु भनी (बुझाई हाल्छु भनी)",156
756,Hennie Baker - Sadhai Bhari,Genius Romanizations,romanized,"भ्रम मा थिये की आफू मै भूले मा
अन्दाज नै गर्न सकिना की गल्ती याह मेरो नै थियो
साधै भरि तेही डोबाटो मा अल्झे मा
साधै भरि जस्तै दोरही रहे मा
सोच्दै-सोच्दै हिनी रहे
बुझाइनौ किना तिमी कैले
सब्द मै साधै सिमित रहे, मेरो कुरा हरू
सोच्दै-सोच्दै हिनी रहे
बुझाइनौ किना तिमी कैले
सब्द मै साधै सिमित रहे, मेरो कुरा हरू
साधै भरि तेही डोबाटो मा अल्झे मा
साधै भरि जस्तै दोरही रहे मा
साधै भरि तेही डोबाटो मा अल्झे मा
साधै भरि जस्तै दोरही रहे मा
मा चु की चाइन के॰एस हेरना आफूलाई
के॰एस सोधा ना आफूलाई
आँइ फ्हेरी तेही बिचोड मा तिमीलाई नै मा खोजी रहे, खोजी रहे
एकान्त मा चोडी गयेउ मलाई तेही कुरा मा
अनि सोधी रह्ने गर्दाचौ की तिमी मेरो बारे मा
एकान्त मा चोडी गयेउ मलाई तेही कुरा मा
अनि सोधी रह्ने गर्दाचौ की तिमी मेरो बारे मा
रिदाय साधै हुन्न रैचा एउटै
समय सबै बितिसक्यो सोच्दै
सोच्दै तिम्रो बारेमा हरपाल तिमारै बारेमा
रिदाय साधै हुन्न रैचा एउटै
समय सबै बितिसक्यो सोच्दै
सोच्दै तिम्रो बारेमा हरपाल तिमारै बारेमा",150
757,Supadi Dana,Karma Band,nepali,"येअह, येअह, येअह, येअह, येअह
येअह, येअह, येअह, येअह, येअह
सुपारी दाना लै भन सुपारी दाना
खाने कि दाना लै है नाना सुपारी दाना
येअह, येअह, येअह, येअह, येअह
येअह, येअह, येअह, येअह, येअह
ल है
घरको छानो घरकै राम्रो (घरको छानो घरकै राम्रो)
तिमी हँस्दा लाग्छ प्यारो (तिमी हँस्दा लाग्छ प्यारो)
फुरसदमा बसै है रोधी
हुन्न भर जोबनको भोलि
होइन र? हो, होइन र? हो, होइन र?
येअह, येअह, येअह, येअह, येअह
येअह, येअह, येअह, येअह, येअह
ल है
प्यास लाग्यो देउ है पानी (प्यास लाग्यो देउ है पानी)
राम्रो रहेछ तिम्रो बानी (राम्रो रहेछ तिम्रो बानी)
घर त टाढा भिरको माझमा
आउ नाँच आफ्नै तलमा
नाँचै है, हो, नाँचै है, हो, नाँचै है",101
758,Andhakar Ko Ujyalo,Samir Shrestha,nepali,"आफूलाई हराएर होला, पाएँ मैले तिमीलाई
आफ्नो चोट लुकाएर हँसाउने प्रयासमा तिमीलाई
टुटेको मन मेरो जोडिदेऊ न तिम्रो मायाले
बनिदिन्छु तिम्रो सहारा, छाड्नेछैन झैँ तिम्रो छायाँले
मेरो अन्धकारको उज्यालो तिमी
मेरो अन्धकारको उज्यालो हाम्रा यादहरु पनि
हो, हो
हो, हो
एक्लोपनमा पनि पाउँछु मैले, हेर, तिमीलाई (तिमीलाई)
अर्कै संसारबाट आयौ की दिन साथ मलाई?
नानाथरीका कुरा खेलिरहन्छ, हेर, यो मनमा
हराइजान्छ सारा पिरहरु मात्र तिमीलाई देख्नमा (देख्नमा)
टुटेको मन तिम्रो जोडिदिउँला मेरो मायाले (मायाले, मायाले)
बनिदिन्छु तिम्रो सहारा, छाड्नेछैन झैँ तिम्रो छायाँले
मेरो अन्धकारको उज्यालो तिमी
मेरो अन्धकारको उज्यालो हाम्रा यादहरु पनि
मेरो अन्धकारको उज्यालो तिमी
मेरो अन्धकारको उज्यालो हाम्रा यादहरु पनि",89
759,Lekhna Man Chaina,Mc Flo,nepali,"कलमले कापीमा कोरी लेख्छु म आफ्नो कथा
थाक्दीन बोलेर माईक्रोफोनमा म तलाई के था ?
गर्नु छ, बन्नु छ, राम्रो त एकदिन बन्नु छ
त्यो भन्दा अघि चड्नु र नलडी अघि बढ्नु छ
मर्नु छ सबै एकदिन त, नमरी स्वर्ग देखिन्न
गारो बाच्न छ त, सोझो मान्छे तेई त पेलिन्छ
अफ्ठ्यारो र अध्यारो धेरै आसु संग खेलिन्छ
र कोहि न हुदा आफु भित्र आर्को संसार भेटिन्छ
काडे तारमा जेले जस्तो मन धेरै च्यात्तेको
के गर्ने ? कसो गर्ने ? छ धेरै आतेको
ठेगान नभए केहि कुरा हालत हुन्छ खातेको
पिडा लुकाई हासेको, दिन गन्दै बाचेको
जिवन हो यो मान्छेको, उतार चडाव बाङ्गेको
संघर्षमा झाङेको, एक्लै हुदा नाङ्गेको
पैसा भन्दा ठुलो कुरा के होला र जान्ने को ?
पैसा न भई तँ संग तेरो कुरा मान्ने को ?
मलाई लेख्न पनि मन छैन
लेख्न खोज्छु आफ्नो कथा तर राम्रो बन्दैन
कथा नै नराम्रो हो कि ? लेख्न खोज्दा रोकि रोकि
लेख्नै छाडिदे आज भोलि, फेरी आफ्नो बाटो मोडी
प्राय गर्छन बाठो बोलि, गधा बाघको छाला ओडी
छुटे म त गाठो खोलि, जान मन छ सबलाई छोडी
सबको मनको इच्छा हो नि, गर्न मन भए गारो तोडी
गरिन्छ, न मन भए तर बसिदिन्छ आखा छोपी
हिनिन्छ र हिन्दा हिन्दै साथीहरु चिनिन्छ
बिश्वास गर्दा आखा चिम्ली आफ्नै मान्छे चिनिन्न
युध्द लढ्दा आफु संग आफु कहिले जितिन्न
बिचार गरि खुट्टा राख्दा आफु कहिले भिजिन्न
एक दिन त संसार छाडी जानु पर्छ सबले हामी
जति भए पनि मनको भारी, मत्लब हुन्न अन्तमा ति
घाउचोट र मुक्का जुन खाईस तैले मुखमा
बिर्सीदे हिजोलाई आज बिहान उठ्दा",216
760,Uda Timi,Simma Rai,nepali,"जाऊ तिमी संसार हेर्न
जहाँ जहाँ छन् सपना तिम्रा
जाऊ तिमी संसार हेर्न
जहाँ जहाँ छन् सपना तिम्रा
त्यहीँ त्यहीँ पुग तिमी
उड तिमी, उड तिमी, उड तिमी
चरा भएर
रोक्दिन म तिमीलाई
माया बन्धन कहाँ हो र
रोक्दिन म तिमीलाई
माया बन्धन कहाँ हो र
फर्की आऊ न आऊ खुसी
फर्की आऊ न आऊ खुसी
पर्खिनु पाप कहाँ हो र
उड तिमी, उड तिमी, उड तिमी
चरा भएर
आफैलाई नजिती त
संसार कहाँ जितिन्छ र
आफैलाई नजिती त
संसार कहाँ जितिन्छ र
पर्खिनेको आँखा नदी
पर्खिनेको आँखा नदी
आँसु कहाँ रित्तिन्छ र",71
761,Farki Aunechu,Brijesh Shrestha,nepali,"समयसंगै, म त उडी रहेछु
नगर चिन्ता
म त फर्की आउने छु
समयसंगै, म त उडी रहेछु
नगर चिन्ता
म त फर्की आउने छु
म त फर्की आउने छु
म त फर्की आउने छु
म त फर्की आउने छु
शव्ती वाउल्ड योउ फ्लाइ अवे फ्रोम होम विथ मे
शव्ती शे बे गोन्न [?]
शव्ती आई बे फोक्युजिङ ओन माइ ओडब्ल्यूएन [?]
योउ फाउन्ड हाते, आई फाउन्ड लोव
फ्रोम माइ पास्ट, आई फाउन्ड ट्रस्ट
क्यारी अलोङ विथ थे ओने वे स्टार्ट
योउ फाउन्ड हाते, आई फाउन्ड लोव
फ्रोम माइ पास्ट, आई फाउन्ड ट्रस्ट
क्यारी अलोङ विथ थे ओने वे स्टार्ट
म त फर्की आउने छु
म त फर्की आउने छु",90
762,Aakashbandi,LEGITHIPHOP,romanized,"मान्छे नै टा हो नि/चराई तिरा घुमी
दुली हिडी रथ्ये/आफ्नै दुनिया मा
थ्रिटेन्ड बाइ थे मेन्शन ओएफ नोट वाकिङ यूपी ह्वेन थे रेज ओएफ लाइट
हित माइ पिवोटल मिन्ड एएनडी हाइटेन्ड स्टेट ओएफ बेइङ
आई स्टार्ट टो प्लान्ट थे नोशन ओएफ स्टेइङ यूपी टिल थे डब्ल्यूएन ब्रेक्स
एएस आई ले आइएन माइ बेड एटी 1 एएम
व्हीले थे नाइटली ओडब्ल्यूएल डोएस्न'टी होवल
एएनडी थे डिशर्टेनिङ विबे ओएफ 'वेल्कोम टो थे मचिने
स्प्रेड्स आइटी'स औरा; मेकिङ आइटी सो स्याडेनिङ एएनडी म्याडेनिङ
थाट आई फील माइसेल्फ ट्रान्ससेन्ड; व्हीले प्याराडक्सिकली, आइटी मे बे;
इन्टो आ स्टेट ओएफ ब्लिस एएनडी एन्जोयमेन्ट थाट नो म्याटर
होव हार्ड आइएस आइटी टो सर्विव आइएन थेसे मिन्ड सेट्स ओएफ थेसे मियन फोक्सेस एएनडी ग्रिन अक्स-ईएस
आई फील थाट इभर सो टिनी बुट थाट फकिङ कन्सट्यान्ट नीड टो रिलिज थिस फकिङ मोन्स्टर
व्हीले अल्सो फीलिङ थे फीलिङ ओएफ मे रेडियाटिङ माइ पोजिटिभिटी
ओएफएफ माइ फकिङ कन्सियन्स, आई'एम बेइङ होनेस्ट एनओडब्ल्यू
मान्छे नै टा हो नि/चराई तिरा घुमी
दुली हिडी रथ्ये/आफ्नै दुनिया मा
साना चडा खेलेउ अनि मात्र हेरेउ
तारा अबा ठूलो वाई नै सकेचम हामी
केही टा बनी नै सकेचम हामी
केही टा ओह
ओह ओह
आह आह",176
763,Sunita,Mc Flo,nepali,"बर्ष सात, सुनिता सुताउदै काख
खुसि छिन उनि पाएकोमा आमाको साथ
उनको बाऊ थिएन नेपाल - बैदेशिक रोजगार
तर थिन उनि सुखि, खान्थीन मासु र भात
हेरचार गर्न उनको गर्थिन आमाले ध्यान
बज्रपात भयो गयो तर आमाको ज्यान
उनको बाउ आयो नेपाल फर्कि खान थाल्यो जाड र रक्सी
सकेन उस्ले गुमाउनलाई प्राण भन्दा प्यारो स्वास्नी
उनि परीन एक्लै, आए काका र काकि
लैजान्छु भने सुनितालाई भक्तपुरको घरमा राखि
पढाईदिन्छु छोरीलाई, थमाईदिन्छु कलम कापी
फकाई बाहुलाई तर त्याहा उनि जुठो भाडा माझ्छीन
कुचो लगा नानी भन्दै काकी उनको बजार गाथिन
काम धेरै भएकोले आज उनि हतारमा थिन
कुचो लाऊदै सुनिताको मुख छोप्दै हात बाध्दै
रगत बगाई छोडिदियो राक्षश उनको काका नाङ्गै
लागिन १३ जसो तसो बाच्या छिन हेर
बाउ पनि मर्यो उनको जाड रक्सी धोक्नु धोकेर
किन होला यति सारो उनको जिवन अन्धकार ?
आफ्नै काका गर्छ उनलाई पटक पटक बलात्कार
समझि चोट राक्षशको उनि झस्की निन्दरामा
खसाउदै छिन आँसु रुदै बस्दै आफ्नो पिंजडा
भोग्नु पर्ने रहिछ जे जे हुन्छ हाम्रो जिवनमा
कस्तो भाग्य हो यो आफ्नोले नि छोडि निर्ममता ?
आज उनि हेर्दा हेर्दै पुरै बिस बर्ष भईन
काकाको घर छाडि भागिन आफ्नै बाटो गईन
काम खोजि काठमाण्डौमा सानो तिनो गरी पाम
गरिब मर्छ बेरोजगारी अब कता तिर जाम ?
भोको पेट फेरी फर्कि उनि तेई घरमा गाथिन
तर पुग्यो उनिलाई उनि काम गर्दा गर्दै थाकिन
पछि बाट छुरी हानि, काका मारी भागिन
चोरी पैसा घर बाट २ - ३ लाख पोको पारी
पैसा सक्यो ६ - ७ महिना उनि जिउ बेच्न थालिन
ग्राहक खोज्न राति राति उनि रत्नपार्कमा जान्थिन
लुटे पनि ईज्जत आफ्नो तेस्लाई माया उन्ले ठान्थिन
माया पाऊन अनि बाच्न उनि सधै सुत्न थालिन
पढाई के ? शिक्षा के ? उनको नागरीकता नि थिएन
साधन के ? रोग के ? जब लागिन उनी बेच्न
बिना साधन गर्न दिदा तर बढि पैसा पाईने
काठमाण्डौमा बाच्नलाई किन पैसा मात्र चाहिने ?
एकदिन लग्यो उनलाई एउटाले होटेल भित्र राति
खोल्यो बोटल ह्विस्की दुईटा ग्लास पनि अघि राखि
झ्यापमा थिई, खोल्नु अघि तर उन्ले मागिन पैसा
घाटि न्याकी, हात बाधि, उनको बलातकार र हत्या",282
764,Hande,PGGH,nepali,"हान्दे हान्दे एक दुइ शोट तान्दे
मोडेल हरु वरी परि
आई फील लिके स्ट्यान्डिङ ओन थे रुनवे
हान्दे हान्दे एक दुइ शोट तान्दे
मोडेल हरु वरी परि आई फील लिके स्ट्यान्डिङ ओन थे रुनवे
हान्दे हान्दे यो गीत सुनेपछि हुन्छ तेरो ठिटी रन्डी
केही छैन मरी लाने आई एएम रियल लिके रवि लामिछाने
अनि सुन मेरो बिट आई एएम स्पिटिन होट ओन आइटी
स्टार्टेड फ्रोम थे बोटम अब हाम्रै पालो होनि
फु*के॰एस थेम फ्यागट्स वे लिविन लेगित कीपिन आइटी मोर थान 100
अनि तेरो गीत हिट खै त शोव
तेरो बिट लिट खै त फ्लोव
मेरो शब्द बालेन तलाई ध्वस्त पार्दिम यहाँ आगो बल्दिम तलाई जिउँदै गाड्दिम
सुन ढोँगी पात्र होइन यो रोपाइ जात्र
बन्द गर छक्का पारा पद्द्केला गाला दिउसै देख्ला तारा पीजीजीएच
धेरै मेहेनत गरे भएन बुज्दिनी कोही हिजो सँगै हुन्छु भन्थ्यो फेरी आज चै खोइ
फेरी साइनो गास्न आउला आउँदा केरा पौल तेइ
अगि ठिटा पछि ठिटी मेरो ग्याङ आयो है
हान्दे हान्दे एक दुइ शोट तान्दे मोडेल हरू वरी परि
आई फील लिके स्ट्यान्डिङ ओन थे रुनवे
हान्दे हान्दे एक दुइ शोट तान्दे मोडेल हरु वरी परि
आई फील लिके स्ट्यान्डिङ ओन थे रुनवे",168
765,Naya Din,Bipul Chettri,nepali,"आयो है यो दिनहरू कस्तो
बेचैनी यो रात रात को
महामारी संग संसार लडेछ आज
हाहाकार मचेछ चारैतिर आज
आयो है कस्तो दिन
यहाँ
बसेछु एकान्तमा म यहाँ
कुरेछु प्रतीक्षामा म यहाँ, यहाँ
सम्झनदछु रमाइलो ति पलहरु
आशा राक्छु आउनेछ ती क्षयणहरु फेरि
यहाँ एकदिन, (दिन, दिन, दिन)
यहाँ
फर्काइदेउ मेरो पुरानो त्यो संसार
जिउन सक्दिन म यहाँ
यहाँ
फर्काइदेउ मेरो पुरानो त्यो संसार
जिउन सक्दिन म यहाँ",53
766,Timrai hu,KAAL - 69,romanized,"भना मात्र तिमी सबै त्यागिदिन्छु
सकी ना सकी जे॰एस माग्छौ तेही दिन्छु
जानु म्यान चा काटा भना तेतै लागिदिन्छु
जे॰एस मा खुशी मिल्चा तिमलाई तेही मात्र गर्चु
एक्स2
माह तिम्रै हु रा तिमी साधै मेरो हुनु ला
खुशी तिमलाई दिन्छु तिम्रो दुःख दिनु ला
सबै कुरा चडिदिन्छु मात्र हुन्चा भना ना
म्यान भित्र खेलिराको कुरा हरू कति चा
सपनी मा तिमी हरेक सोच मा तिमी चौ
दुःख को बादल हटाई खुशी बोकी आइदिन्छौ
तिमी रा माह हो तिमी अरू संग सुहाउदैनौ
बारु भना मेरो जिन्दगी मा कैले आउदै चौ
अरू कोइ चिन्दिन तिमी मात्र देख्छु मा
अरुको इग्नोर गरी तिम्रै मेसेज कुर्चु मा
डिन रात ओनलाइन बस्दा पानी रिप्ली आउदैन
सायेद कोइ हैन मा, सायेद तिम्रो अर्कै चा
सायेद हामी एक हुने भाग्य मै चाइन
भगवान मा पानी मलाई बिसवास नै लाग्दैन
तारा हुन्चा भने प्रथाना गरी रहन्छु मा
तिमी मेरो ना हुदा सम्म हार नि मान्दिना",127
767,Bhawana Ma Bahakine,Raju Lama,nepali,"भावनामा बहकिने यो मन
खै कसो गरि रोकुँ
सम्झनामा तड्पिन्छ यो मन
खै कसो गरि थामुँ
बेदनाले रुन्छ मन
मायालुसंग जान्छ मन
आँशुले भिज्छ तन
पिडाले जल्छ मन
आऊ आऊ (मेरो जीवनमा)
मेरो जीवनमा
आऊ आऊ
मेरो जीवनमा
जीवनमा मिठो सपना
सजाएको थिएँ
तिम्रो सिउँदो रंगाउने चाह थियो
तर आज अचानकै
सपना टुटी गयो
आऊ आऊ (मेरो जीवनमा)
मेरो जीवनमा
आऊ आऊ
मेरो जीवनमा",46
768,Mero Aankhama,Aruna Lama,nepali,"मेरो आँखाको निद उडाई
यो मनमा प्रित जगाई
जाने हौ कि छोडि, बाचा नतोडि
मयालु, भन मलाई
ढुकढुकीको गित सुनाई
यो जिवनको मित बनाई
जाने छैन छोडि, बाचा नतोडि
मायालु, म तिमीलाई
मेरो आँखाको निद उडाई
जुनेलि सितै रातमा, झमझम यो वर्षातमा
हाँस्दै रुझ्दै साथमा, मधुर मिलनको आसमा
जुनेलि सितै रातमा, झमझम यो वर्षातमा
हाँस्दै रुझ्दै साथमा, मधुर मिलनको आसमा
आँखै आँखामा, मिठो भाकामा
दिल रहेछु सम्झना
मायालु, मायालु, भन मलाई
ढुकढुकीको गित सुनाई
यो जिवनको मित बनाई
जाने छैन छोडि, बाचा नतोडि
मायालु, म तिमीलाई
मेरो आँखाको निद उडाई",70
769,Sadak Batti,Mc Flo,nepali,"सडक बत्ति सेतो तर उसको सोच आज कालो छ
कुर्दै बस्दै ऊ आज कस्को आउने पालो छ ?
सम्झिदै क्रिया कलाप उस्लाई सहनलाई गारो छ
तताउनलाई रात उस्ले मौका खोजिराको छ
थियो चिसो चिसो रात कोहि थिएन उस्को साथ
केहि यादहरु आउदै गर्दै पारेर दबाब
समझिनु थिएन उसलाई आज अतितका ति पाठ
खायो दुई तिन ग्लास, भारी खल्ती बिस हजार
छिप्पि सक्यो रात बजि सक्यो साडे आठ
कता जाने सोच्छ ऊ अब ठमेल ? रत्नपार्क ?
पाउन मायालुको साथ हल्का तातो चिसोमा
चुरोट बाल्दै कुर्दै बस्छ ऊ बाटो बिचमा
भैराछ मोलतोल संगै बसि एक आर्कालाई नहेरी
दुई हजार पच्चिस सयमा मान है राति भरीलाई फेरी
ढिपि गर्दै भन्छे होईन मलाई पाच हजार चाहिन्छ
भए मान, नत्र तँ जस्ता केटा हजार जाना पाईन्छ
ग्राहक आउने भाउ लाउने अनि आफ्नो रात बनाउने
पैसाले बिक्छ माया जाडोमा खाट तताउने
पाईन्छ रक्सी मासु जत्ति गेष्ट हाऊसको भट्टिमा
बिक्री छ जे पनि यहा पैसाको गट्टिमा
सडक बत्ति सेतो तर उसको सोच आज कालो छ
कुर्दै बस्दै ऊ आज कस्को आउने पालो छ ?
सम्झिदै क्रिया कलाप उस्लाई सहनलाई गारो छ
तताउनलाई रात उस्ले मौका खोजिराको छ",157
770,Ma Ta Chup Chap,Aruna Lama,nepali,"म त चुपचाप बसेँ
मौनताले बोलिदियो
म त चुपचाप बसेँ
मौनताले बोलिदियो
मनको कुरा मनमै राखेँ
तर मनले खोलिदियो
म त चुपचाप बसेँ
आधारत हाँसिरहे
अन्तरले रोइदियो
आधारत हाँसिरहे
अन्तरले रोइदियो
परेलीको आँशु पुछेँ
तरेलीमा बाँकि रह्यो
देखाउन खोजे खुशी
खुशीले नै पोलिदियो
अंग सबै मौन थिए
रंगले नै बोलिदियो
म त चुपचाप बसेँ
जति जति ढाँटु भने
मुटुले नै कुटिदियो
जति जति ढाँटु भने
मुटुले नै कुटिदियो
पहराको छातीपारि
छहरा झैँ फुटिदियो",50
771,Sapani Ma,Rohit John Chettri,nepali,"सपनीमा देख्छु तिमीलाई
बिपनीमा छैनाै कतै
सम्झिरहन्छु मात्र तिमीलाई
एक्लो यो समयमा
तिमी आउ प्रियसी
मुटुको माझ्मा
तिम्रो माया मेरो साहारा
जीउने आधार मात्र तिमी
सुनशान एकन्त अन्धकार
किन मेरो साथ हरक्षण
तिमी बिना म रीत्तो
तिमी आउ प्रियसी
मुटुको माझ्मा
तिम्रो माया मेरो साहारा
जीउने आधार मात्र तिमी
हराई रहन्छु तिम्रो याद म
बिछोडको त्यो बेदनमा
छटपटाउछु एक्लो एकान्त
जीवनको यो समयमा
जीवनको यो समयमा
जीवनको यो समयमा",49
772,Bikki Gurung - Aakasha,Genius Romanizations,romanized,"बिशाल राखा हिमाला सारी
बिचारा राखौ ठूला ठूला
निदार चा माँ, अटल चा बिश्वासा
हार्नी चाइनौ हामी कहिले
आशा राखा
ब्याडलाइन चा हाम्रो देशा
च्युनी चा हाई आकाशा
जाहा गये पानी मेरो माँ
साधै रहनी चा नेपाली
जाहा गये पानी मेरो माँ मा साधै
रहने चा मेरो देशा नेपाल
आशा राखा
ब्याडलाइन चा हाम्रो देशा
च्युनी चा हाई आकाशा
रातो रा चन्द्र सूर्य
जुंगी निशाना हाम्रो
जिउदो रगत सारी यो
बल्दो यो शाँ हाम्रो",57
773,Maya Ko Bato,KtaHaru,nepali,"मायाको बाटो अफ्ठेरो हुन्छ
बिस्तारै आउनु ल
प्रितीको बोट काट्नेंनै भए
मै तिरै ढाल्नु ल
सम्झना आए केहिगरि मेरो एक्लै रमाउनु ल
मायाको बाटो अफ्ठेरो हुन्छ
बिस्तारै आउनु ल
उड्यो हावामा, बग्यो बादल संगै
तिमी तिर मेरो मन
मायाको बाटो अफ्ठेरो हुन्छ
बिस्तारै आउनु ल
प्रितीको बोट काट्नेंनै भए
मै तिरै ढाल्नु ल
सुनसान छ पहाड
तिम्रै अवाज गुन्जिन छ
सुक्खा अनि उजाड
तर तिम्रै मायाको फूल फुलिदिन छ
बिस्तारै आउनु ल
एक्लै रमाउनु ल
मै तिरै ढाल्नु ल
बिस्तारै आउनु ल",62
774,Maridinchu,GXSOUL,nepali,"तिम्रो त्यो(तिम्रो त्यो) सेक्सी बदनमा छुन म(छुन म) चाहन्छु
तिम्रो त्यो(तिम्रो त्यो) ओठमा चुम्न पाए म मरिदिन्छु
तिमिसंग हुने हरेक बाधा, तिमी सामु आउने हरेक अडचन
तिमिलाइ हसाउन जे होस कारण, चाहन्छौ भने तिमी भन
म मरिदिन्छु, तिम्रो लागि म मरिदिन्छु
तिम्रो लागि म मरिदिन्छु
तिम्रो लागि म मरिदिन्छु, मरिदिन्छु
मरिदिन्छु, मरिदिन्छु म, म मरिदिन्छु
मरिदिन्छु म, म मरिदिन्छु
मरिदिन्छु, मरिदिन्छु, मरिदिन्छु
सधैभरी तिम्रो साथमा बसिराख्ने मेरो चाहना
तिमी नै मेरो चोखो प्रेम, अरु त सब नाम का मात्र
मलाइ थाहा छ यहाँ हुन्छ कस्तो मन पोल्छ धेरै जस्तो को
देखेर हेर तिम्रो मेरो सम्बन्धमा हरदम बाधा र अडचन
तर म त हार्ने छैन तिमिसंगै बस्छु जे सुकै होस परिस्थिति
दुई मुटु एक धड्कन
चोखो बन्धन साथ पिरती, म बन्छु तिम्रो सारथि
छोड्नु सक्दिन तिम्रो साथ बरु छोडिदिन्छु म जिन्दगी
तिमिलाइ सधैभरी(सधैभरी) चाहन्छु म धेरै
तिमिलाइ सधैभरी(सधैभरी) चाहन्छु म धेरै",126
775,Kheladi,The Shadows 'Nepal',nepali,"बेला बेला को कुरा हो यो
हिजो तेरो पाली थियो
आज मेरो पालो हो
म तयार छु आज लड्न लाई
हरदम तयार छु अघि बढन लाई
त्यसैले आइज मसंग लड
हार्ने छैन कहिले म
खेलाडी हु म
खेलाडी हु म
खेलाडी हु म
खेलाडी हु म
बेला बेला को कुरा हो यो
हिजो तेरो पाली थियो
आज मेरो पालो हो
म तयार छु आज लड्न लाई
हरदम तयार छु अघि बढन लाई
त्यसैले आइज मसंग लड
हार्ने छैन कहिले म
खेलाडी हु म
खेलाडी हु म
खेलाडी हु म
खेलाडी हु म
प्रतिनिधित्व गर्दै आएछु म
आफ्नो यो देशलाइ चिनाउन
आशिर्वाद छ मसंग आमाको
हौसला छ मसंग बाबाको
नाइ, नाइ, नाइ हार्दिन
साथी भाइ संगको छ मसंग साथ
ईश्वर ले म माथी राखेको छ हात
साथी भाइ संगको छ मसंग साथ
ईश्वर ले म माथी राखेको छ हात",108
776,Rap Ko Bidi,Uniq Poet,romanized,"येअह आई डो आइटी फोर थे कल्चर
योउ वन्न डो थिस लिके आई डो थिस बुट थे त्रुथ आइएस आई'एम थे रुडेस्ट ह्वेन आई डो थिस
नोबोडी कोम क्लोजर
येअह आई'एम आ सुपरनोवा
फक आ स्टार, आई रिप आ ग्यालेक्सी अपार्ट विथ माइ बार्स, थाट'स युनिभर्सल
आई'एम रुलिङ ओवर
फक थे वर्ल्ड वार 3 डिक्लेयर वार ओन बिट्स, बोय आई'एम ट्रुली कोल्डर
योउ एआइएन'टी नेवर मेट आ र्यापर लिके मे
नो उ डोन'टी वन्न ब्याटल, माइ जीएस
आउट माइ वे, गोट्टा ब्यालेन्स माइ ची
एक्सक्लुजिभ शीत, उ डोन'टी हावे एएन आईडी
ईए, नो ईए थिस एआइएन'टी आ गेम नो पीएसए-ले
रियली लाइव थिस शीत इभरिडे
आइटीएस हार्ड बुट थाट्स ह्वाट शे से ए
उ-एन-आई-क्यूएसडब्ल्यू बे थे नामे
उ-एन-आई क्यान'टी बे थे समे
युनानिमस्ली आई रिइगन
स्टे आइएन युर लाने बोय
कसरी सक्चास मा जसरी सब्द बुन्न हुः
ओग आइएन थे गेम, निउ खोज्न हुन्न ला
बारु आइजा सबलाई सिकाइदिन्छु राप को बिदी
पीएसी रा बिग्गी को भूट ले मेरो झ्याप भो गिडी",157
777,Vagera Kaha,Fuba Tamang,nepali,"भागेर कहाँ जान्छौ प्रिय
झारी परेको बेल
फर्फराएर पछौरी
दौडिदा कतै अल्झिएला
आउ बरु एकै छिन
संगै ओत लगाउ
तिता मिठा मनका कुरा
अनी न्यनो माया साटौ
एकै बारको जुनी यो
कती हतार गर्छौ
एकै छिन त नजिक आउ
झन पर किन भागछौ ?
पसिना ले भिजेको तिम्रो त्यो निधार मा
चिसो बतास बनी चुमी दिउ कि
प्यास ले सुकेका
तिम्रो त्यो गुलबी ओठलाई
मुलको पानि बनि
भिजाई दिउ कि ? ?
पसिना ले भिजेको तिम्रो त्यो निधार मा
चिसो बतास बनी चुमी दिउ कि
प्यास ले सुकेका
तिम्रो त्यो गुलबी ओठलाई
मुलको पानि बनि
भिजाई दिउ कि ?
भिजाई दिउ कि ?",77
778,Duniya Beglai Chha,Samir Acharya,nepali,"ओ, मेरो दुनियाँ, ओ, मेरो दुनियाँ
ओ, मेरो दुनियाँ बेग्लै छ, ओ, मेरो दुनियाँ बेग्लै छ
दुनियाँ बेग्लै, दुनियाँ बेग्लै
तिमी आउछौ भने आउ, आउ, आउ
मेरो दुनियाँ बेग्लै छ, हो, मेरो दुनियाँ बेग्लै छ
तिमी लाउछौ भने लाउ, लाउ, लाउ
यो फूलको बास्ना बेग्लै छ, यो फूलको बास्ना बेग्लै छ
चोखो मनको चोखो माया
जीवनको दर्पण छाया
मायाको हरेक चाला बेग्लै छ
तिमी आउछौ भने आउ, आउ, आउ
मेरो दुनिया बेग्लै छ, हो, मेरो दुनिया बेग्लै छ
मेरो दुनिया बेग्लै छ
भावनाले छोइ देउ, म घुल्छु चन्दन घुले झै
माया रसले धोइ देउ, म उड्छु अत्तर उडे झै
हो, भावनाले छोइ देउ, म घुल्छु चन्दन घुले झै
माया रसले धोइ देउ, म उड्छु अत्तर उडे झै
तिमी लिन्छौ भने लेउ, लेउ, लेउ
यो प्रितको चिनो बेग्लै छ, यो प्रितको चिनो बेग्लै छ
तिमी लिन्छौ भने लेउ, लेउ, लेउ
यो प्रितको चिनो बेग्लै छ, यो प्रितको चिनो बेग्लै छ",129
779,Gojima Daam Chhaina,Rajan Raj Shiwakoti,nepali,"गोजीमा दाम छैन, मेरो गोजीमा दाम छैन (उफ्फ)
गोजीमा दाम छैन, मेरो गोजीमा दाम छैन
कान्छीलाई घुम्न लैजाउ कि भन्छु, गोजीमा दाम छैन
कान्छीलाई घुम्न लैजाउ कि भन्छु, गोजीमा दाम छैन
चिठ्ठी त लेखें मयुरको प्वांखले पठाउन खाम छैन
चिठ्ठी त लेखें मयुरको प्वांखले पठाउन खाम छैन
कान्छीलाई घुम्न लैजाउ कि भन्छु गोजीमा दाम छैन (कठै)
कान्छीलाई घुम्न लैजाउ कि भन्छु गोजीमा दाम छैन
गोजीमा दाम छैन, तिम्रो गोजीमा दाम छैन
गोजीमा दाम छैन, तिम्रो गोजीमा दाम छैन मेरो
गोजीमा सुक्को नहुने मान्छे केही पनि काम छैन
गोजीमा सुक्को नहुने मान्छे केही पनि काम छैन
साउने झरी सकिए पछि खहर उर्लेको
साउने झरी सकिए पछि खहर उर्लेको
गोजीमा सक्को नहुने मान्छे के खान कुर्लेको?
गोजीमा सक्को नहुने मान्छे के खान कुर्लेको?
अहिले पो पैसो भएन कान्छी कोही देखौली
अहिले पो पैसो भएन कान्छी कोही देखौली
सुन र चाँदी छपक्कै लाउली, मखमलीमा टेकैली
ए, सुन र चाँदी छपक्कै लाउली, मखमलीमा टेकैली",135
780,Maryo,Karma Band,nepali,"मार्यो, जिउदै मार्यो, जिउदै मार्यो तिम्रो बोलिले, ओ
मार्यो, जिउदै मार्यो, जिउदै मार्यो तिम्रो बोलिले, ओ
किन पर्छ यो साझ, किन हुदो हो रात?
कतै लाग्ने हो कि मलाई तिम्रो मात?
किन पर्छ यो साझ, किन हुदो हो रात?
कतै लाग्ने हो कि मलाई तिम्रो मात?
छुटिन गार्हो, अति सार्हो, भोलि भेटै है
ह्वोआ, ह्वोआ, ह्वोआ, ओह, ह्वोआ-ओह, ह्वोआ-ओह
किन माया लाउनु, किन एकान्तमा भेट्नु?
यदि पाप होइन भने किन डराई हिड्नु?
किन माया लाउनु, किन एकान्तमा भेट्नु?
यदि पाप होइन भने किन डराई हिड्नु?
म त भन्छु, माया गर्छु, सधैं तिमीलाई
ह्वोआ, ह्वोआ, ह्वोआ, ओह, ह्वोआ-ओह, ह्वोआ-ओह
मार्यो, जिउदै मार्यो, जिउदै मार्यो तिम्रो बोलिले, ओ
मार्यो, जिउदै मार्यो, जिउदै मार्यो तिम्रो बोलिले, ओ
मार्यो, जिउदै मार्यो, जिउदै मार्यो तिम्रो बोलिले, ओ
मार्यो, जिउदै मार्यो, जिउदै मार्यो तिम्रो बोलिले, ओ
जिउदै मार्यो तिम्रो बोलिले, ओ
जिउदै मार्यो तिम्रो बोलिले, ओ
जिउदै मार्यो तिम्रो बोलिले",136
781,Lau Kanchi,Ekdev Limbu & Sunita Thegim,nepali,"हे, ता-ता-तारा
जुन, ता-ता-तारा, ऐ
ता-ता-तारा
जुन, ता-ता-तारा, ऐ
ता-ता-तारा
जुन, ता-ता-तारा, ऐ
ता-ता-तारा
जुन, ता-ता-तारा, ऐ
लाै! कान्छी आज चाहीँ राम्री पो देख्खी छाै
चट्ट परी कहा जान लागी?
जाहा जाउँ, जे गरुँ, जस्तो सुकै देखु म तिमीलाइ चाही के खान पिर ?
घमन्डी मुटुलाइ मायाको अागोले रङ्काइ दिउकी ?
अल्लारे केटोको टाउकोमा चढेको मायाको भुत झारी दिउ की ?
ऐ, दिउ कि क्या हो छाती खोलेर
तगारोमा मुटु राखेर?
भोभो कान्छा, दुःख नगर
यस्ता मुटु पाउछ हजार !
ता-ता-तारा
ता-ता-तारा, ऐ
ता-ता-तारा
ता-ता-तारा, ऐ",92
782,Bhag Bhag Na De Aba Dherai Dhak,Genius Romanizations,romanized,"सुहाउ दैन तालाई कस्तो धाका डेको
अर्कै संग तालाई हेरेर हास डेको
पुरा गरी र्याथी इच्या अनि माग टेरो
टेरो बिहे मा गीत गाउदै नाच्ने हो
बाल चाइन चडी गाइस मलाई
आफ्नो लाग्थ्यो आइले भैश पराई
नया सम्बन्ध दिन्छु बढाई
चाइदैन टा भन्छु मा तालाई
तालाई अबा अति घाटा पर्चा
मा माथि फेरी माता चडाचा
तेसैलेटा ताह आफै बुझी ताधा बस्न
माँ चाइन फेरी मलाई छाडा बन्न
आह होला नि मारा काट
मुख होइन हात पाट
हेर्चस टा एटी सात
खोदा चा चार हात
सब जना झर्पट
मदात टा माग माग
होइन नि धक सक
ठाउ चोडी भाग भाग",80
783,Maya Haaryo Samaaj Jityo,Bekcha,nepali,"तिम्रै नाम लिइरहेँ
कराइरहेँ, चिच्याइरहेँ
काला बादल पछ्याइरहे
भाग्न पनि सकिन म
आँखाहरू फरफराए
सास पनि मधुरो भो
मुटुले नि बिस्तारै धड्कन बिर्सन थाल्यो
अन्तिम पल्ट तिम्रो तस्वीर आँखा अघि डगमगायो
पीडामा म मुस्कुराएँ
जबरजस्ती आँखाबाट तिम्रो यादलाई बगाएँ
तिम्रो नाम अन्तिम पल्ट लिन लाग्दा सास गुमाएँ
तिमी खुशी रहनू, सधैँ मुस्कुराउनू
तिम्रो गल्ती छैन, जीवन यस्तै रैछ
माया साँचो नै हो, कुरा बुझेकै हो तर
माया हार्यो, समाज जित्यो
उसले मेरो आँखामा हेर्यो
मनमा डर पसे जस्तो
नम्र हुन मुस्कुराएँ
निम्तो ठानी अघि बढ्यो
मेरो शरीर भुइँमा लड्यो
बिस्तारै म निसासिएँ
उसको छायाँ म मा पर्यो
जताततै शरीर दुख्यो
सारा जीवन मेरो अनि सास मेरो
निर्णय समाजैले लियो
नर्कैमा मलाई फ्याँकिदिए",87
784,Samriddhi Rai - Akanksha (English Translation),Genius English Translations,romanized,"योउ स्पीक युर हर्ट थ्राउथ युर इयेस
बुट व्हाइ डोन'टी योउ स्पीक थ्राउथ वर्ड्स?
क्लाउड्स प्ले एबोव आइएन थे स्काई
एएनडी योउ एएनडी आई ओन थे ग्राउण्ड
टेल मे युर सेक्रेट्स
लेट नो डिजायर्स बे लेफ्ट अनफुलफिल्ड
थे टाइम्स आरे च्यान्जिङ
न्यू मोमेन्ट, न्यू इन्टेन्सन्स
थे ओल्ड कास्टले, थे सिटी ओएफ युर ड्रिम्स
डेकोरेटिङ थे स्वीट मेमोरिज
थे वेथर ब्राउष्ट आइटीएस ओडब्ल्यूएन सोङ
एएनडी योउ एएनडी आई सिङ अलोङ
टेल मे युर सेक्रेट्स
लेट नो डिजायर्स बे लेफ्ट अनफुलफिल्ड
थे टाइम्स आरे च्यान्जिङ
न्यू मोमेन्ट, न्यू इन्टेन्सन्स
थे डार्कनेस ओएफ नाइट लोव्स थे मुनलाइट
ओउर लोव ब्राउष्ट आ न्यू लाइट",85
785,Adrishya,Trees (Nepal),nepali,"टाढा
नजिकै होला ( भाव लुकाउँदै)
नबोलेको
सुनेकै होला (पछि परे, पछि)
निराशा
कति छोटो (बदल भविष्य)
निराशा
कति छोटो! (अघि बढे अघि)
अड्किएको , भत्किएको, खस्दै
चुट्टिएको तर बाँचि रहेको
पुष्प ले नि जरा भेट्टायो
अड्किएको , भत्किएको, खस्दै
चुट्टिएको तर बाँचि रहेको
पुष्प ले नि जरा भेट्टायो
हामि वर्ग हम्
अदृश्य कल्पना
बोकेर जिवन भरि जिवन भरि
अदृश्य कल्पना मेरो
समुन्द्र वरिपरि वरिपरि
अदृश्य कल्पना
बोकेर जिवन भरि जिवन भरि
अदृश्य कल्पना मेरो
समुन्द्र वरिपरि वरिपरि",57
786,Yestai Xa Mero,Sainesh,nepali,"जिन्दगि ले मेरो हरेक मोड मा लडाउन खोज्दै छ
तर, हरेक चोटी उठेर म हिडीराछु
बाउ आमा को अर्थि सुन्दा सुन्दै
दाजु भाई साथी हरुको प्रगति देख्दा देख्दै
मेरो अन्धकार भविष्य मा, हराईराछु
केहि गरे पनि हुदैन
रति सोच्दा सोच्दै निन्द्रा लाग्दैन
अब जिन्दगि मा के गर्ने, जस्तो भाछ
साथी हरु पनि छुट्टि मा
दस चोटी भन्दा बडी आइसक्यो
मेरो घर मा बसी नसक्नु भईराछ
यहाँ येस्तै छ मेरो
मेरो कैले दिन आउने हो
दुख लै भुलाई हासीराछु
यहाँ येस्तै छ मेरो
भने जस्तो कैले हुने हो
अन्धकार जीवन मा बाचीराछु
थाहा छ, सपना ठुलो छ
तेसै ले गर्दै छु, म प्रयास
हर दिन र रात, दिन रात
नथिङ लास्ट्स फोरिभर
रात बित्छ दिन आउँछ
मेरो अन्धकार समय पनि बितेर जानेछ
अनि उज्यालो छाउनेछ
येही पोजिटिभ सोच लिएर
जब जिन्दगि मा अगि बढ्न खोज्छु
तब भाग्य ले नराम्रो संग पछार्छ
अनि आश मर्छ मन् दुख्छ
फेरी अनेक थरि कुरा याद आउँछ
मेरो सपना, सपना मै हराउँछ",127
787,Jeewan Dherai Choto Cha,Topi (NPL),nepali,"वरिपरि के खोज्दैछौ
एकछिन ऐना हेर न
सधैँ अरु कोही बन्छौ
आफैलाई स्वीकार न
आफ्नो भन्दा सबै कुरा
अरुको नै राम्रो लाग्छ
सन्तोष मन नै खुशी हुन्छ
बुझ्ने कोशिश गर न
कदर गर
जे छ तिमीसंग तिम्रो आफ्नो छ
माया बाँड
छोडि जाँदा माया नै त लानु छ
हे, हे, हे
यो जीवन धेरै छोटो छ
हे, हे
यो जीवन धेरै छोटो छ
रीत बदलिदैनै जान्छ
सकिन्न है पछ्याउन
समय अघि बढी हाल्छ
सकिन्न है फर्काउन",57
788,PUBG Khel (PUBG Song),D'Feign,romanized,"ल्यान्ड ओन थे मार्क
वे गोट्टा सर्च फोर वेपन
बे एलर्ट स्क्वाड
वे नीड टो क्रोस ब्लू रिजन
इनेमिज अहेद
गेट युर पोजिशन
ओने एटी से ओने एटी एनडब्ल्यू
कवर थोसे अरियस
आई विल ह्यान्डल थे रेस्ट
उसे सोमे मेड्स
बन्दगे,जुइस,पाइँ किलर फर्स्ट एआईडी
आई गोट सप्लाइज
हेरे योउ गो...एनओडब्ल्यू स्टे एलर्ट
जोन आइएस टु फार...सर्च फोर वेहिकल
आई हेर्ड थे फुटस्टेप...येअह ओने डाउन
गेट डाउन
होल्ड फायर
लेट थेम कोम क्लोजर
ओह शीत!!!
हे क्नक्ड मे
हेल्प हेल्प!
रिभाइव मे
थान्क्स बड्डी
जस्ट ओने लेफ्ट
मे बे हे'स युजिङ स्नाइपर
आई सव हिम
हे'स एटी 30
बेहिन्द थे ट्री
शुट हिम विथ एसुअल्ट रिफले
ग्रिट,येअह विनर विनर चिकेन डिनर",91
789,Kinideu Na Saila Dai,Sadhana Sargam,nepali,"मलाई आँखै को परेलीमा गाजल
लाऊन मनपर्छ, किनिदेउ न साईँला दाई
मलाई दुई चुल्ठि बाटेर फूल लाउन मनपर्छ, टिपिदेउ न साईँला दाई
म त लाउँदिन मलमल को सारी, मलाई गुन्यू चोलो मनपर्छ
म त गर्दिन आर्काको देखासिखि, मलाई नेपाली माया मनपर्छ
मलाई कानैमा उनेर ढुंग्री लाउन मनपर्छ, किनिदेउ न साईँला दाई
मलाई दुई चुल्ठि बाटेर फूल लाउन मनपर्छ, टिपिदेउ न साईँला दाई
मलाई आफ्नै संस्कृति प्यारो, आफ्नै भाषा भेष
प्राण भन्दा प्यारो लाग्छ, मलाई मेरै देश
मलाई आँखै को परेलीमा गाजल लाऊन मनपर्छ, किनिदेउ न साईँला दाई
मलाई दुई चुल्ठि बाटेर फूल लाउन मनपर्छ, टिपिदेउ न साईँला दाई",88
790,Love Intermission,SACAR aka Lil Buddha,romanized,"येअह, आई लिके आइटी
ह्वेन योउ फक ओन माइ वाइस्ट
बुट ह्वेन योउ लिए टो माइ फेस
स्विङ आइटी अराउन्ड
येअह, आइटी एएलएल गोएस टो वस्ते
बुट स्टिल आई लिके आइटी
काउस आई लिके युर प्रेटी फेस
एन्डेड फोर आ पेटी मिस्टेक
एनओडब्ल्यू आइएम लुकिन फोर आ वे
टो टर्न ब्याक टाइम
काउस आई नीड आ सेकेन्ड टाके",48
791,Bhaagi Jaaun Timi Ra Ma,Bekcha,nepali,"पारि त्यो गाउँमा छ रे
हामीले खोजेको संसार
तिमी र म आजै जाऊँ न
सधैँभरिलाई हराउन
कोही झूठो बोल्दैनन्
कोही दुःखी हुँदैनन्
कोही झूठो बोल्दैनन्
कोही दुःखी हुँदैनन् त्यहाँ
भोलिलाई नसारेर
नथुपारौँ यो सपना
फर्की-फर्की आउँदैन रे
खुसी हुँदै जिउने अवसर
अवसर, अवसर, अवसर
मन मेरो मुस्कुराउँछ
माया, तिम्रो साथ पाउँदा
बनी पन्छी उडी जाऊँ न
पारिको त्यो गाउँमा
कोही झूठो बोल्दैनन्
कोही दुःखी हुँदैनन्
कोही झूठो बोल्दैनन्
कोही दुःखी हुँदैनन् त्यहाँ",53
792,By My Side,Trishala Gurung,romanized,"योउ सैद योउ'एलएल नेवर लिव मे
बाइ माइसेल्फ एलोन एटी नाइट
काउस सेकेन्ड्स अवे फ्रोम योउ
एएनडी आई केएनओडब्ल्यू आई'एलएल दिए इन्साइड
होर्स हावे टर्न्ड इन्टो डे
एएनडी डेज इन्टो नाइट
टाइम विल हावे नो मिनिङ
ह्वेन योउ'रे नोट बाइ माइ साइड
थाउष्ट योउ'डी बे हेरे
थाउष्ट योउ'डी बे हेरे
थाउष्ट योउ'डी बे हेरे
थाउष्ट योउ'डी बे हेरे
आइएन थिस लोनेली नाइट
लोनेली नाइट
आइएन थिस लोनेली नाइट
लोनेली नाइट",62
793,B-8eight - Halka Halka (Romanization),Genius Romanizations,romanized,"चुल्बुले तिम्रो बनीले हलका हलका
मनमा कौकुटी लाग्यो नि हलका हलका
तान्यो नि तिमी तिरै मलाई हलका हलका
हलका, हलका
गर्ल आई लोव थे वे योउ पुत युर बडी ओन मे
हलका, हलका
आई क्यान्ट रेसिस्ट आइटीएस लिके योउ कास्टेड म्याजिक ओन मे
हलका हलका गर्दै माछियो तहलका
प्रस्तै चा मनमा दृश्य टीआइ पालका
चञ्चल तिम्रो त्यो चमक महलका
तिम्रो चेउ थिएनन् कोही शाराका
सबैको चुटेथ्यो पशिना खाल-खाल
ढल्किँदै मान पानी तिम्रै चेउ पाल-पाल
मुटुचेउ अल्झायौ नि बनेर दल-दल
मास्टरपिस तिमी लाखौ बीच
तिम्रो किच-किच मणि एउटा गीत
जे॰एस गर्दनी तिमीले लाग्छ थिक
तिम्रो हरेक कुरामा चु मा आकर्षित
चुल्बुले तिम्रो बनीले हलका हलका
मनमा कौकुटी लाग्यो नि हलका हलका
तान्यो नि तिमी तिरै मलाई हलका हलका
हलका, हलका
गर्ल आई लोव थे वे योउ पुत युर बडी ओन मे
हलका, हलका
आई क्यान्ट रेसिस्ट आइटीएस लिके योउ कास्टेड म्याजिक ओन मे",122
794,The Current Time,Neetesh Jung Kunwar,romanized,"हेर्दा हेर्दै
आजा के॰एस भयो खाइ
हच्छेउ आइद्यो भने दिदी माफी दिनु हाई
एस्टै रैचा लस्ता
जानु म्यान चा स्वर्ग मै
भन्या जाति इजाजी
हुन्न रैंचा मोर्न लाई
डोबाटो खाली चा
आजा मेरो म्यान किना भारी चा
एकलो छोरा परे मा
काढ मा जिम्मेवारी चा
फेरी के॰एस सोच्नु खाइ
एकचिन थीज हुना लाई
टेन्सन सबै बिर्सी एक ज्ञाम
पब्ग हनम हाई
येस्पाली चाई अली राम्रो
ठाउ मा झरा हाई
चिकेन डिनर नखाए
हामले धेरै भयो हाई
चल्दैछ जिन्दगी
भित्ता घडी हेरेर
ज्ञानी भाको चु
अचेल मा वीपीएन ले गरेर",67
795,Karma (Ghar Aangan),Karma Band,nepali,"घर आंगन, सिद्धि र इमान
पाखा अनि पखेरा, भन्ज्याङ पहाड
डाकी रहेछन् आफ्नै यो माटोले
डाकी रहेछन् आफ्नै यो गाउँले
फर्की आउछौ कि भनी पर्खी बसेछन्
आफ्नै यो ठाउँमा
कर्म, कस्तो यो कर्म
छिन भरको सुख खोसदै
टाढा, धेरै टाढा भयौ कि
सुनौलो भविष्यको आशमा
कतै आफूलाई नै विदेशमा
भुलेर नै पो बस्यौ कि?
रोएको, मसित रक्शी पिएको
कलम यो लिएर, कति कोरू भावनाका यी झरनाहरू, कति कोरू
कति बसु घर आंगनीमा
हाम्रा फूलेर गइ सके
कति बर्षहरू बादलीमा जुरेर गइसके
कर्म, कस्तो यो कर्म
छिन भरको सुख खोसदै
टाढा, धेरै टाढा भयौ कि
सुनौलो भविष्यको आशमा
कतै आफूलाई नै विदेशमा
भुलेर नै पो बस्यौ कि?",85
796,Bloom|Basanta,Prajina,romanized,"योउ गोट मे ड्रिमिङ एबाउट योउ
फ्लोवर्स ब्लूमिङ अराउन्ड योउ
तिमी नजिक हुँदा किना मेरो मुटु
एट्टी आतिन्छ आफै
मेरो यो
गर्व नै मार्यो-
भन्न सराई आफ्थ्यारो
बुट आई थिङ्क आई लिके योउ
घुम्चौ साधै
वारी-पारी
मस्तिष्क मेरो, साधै भरि
कति बसु मा, केही नगरी?
क्यान आई टाके आ स्टेप; टावार्ड्स योउ बेबी?
डोन्ट थिङ्क आइएलएल लास्ट एनोथर डे
टेल माइ हर्ट टो नोट गिवे अवे~
होव आई फील एबाउट योउ, बाबे ओह~
तिम्रो चित्र कोरिरहे
तिमीलाई नै खोजिरहे
ठहा पानी नपाई मा
बसन्त बनिसके",74
797,Akash Bhari,Yugal Gurung,nepali,"आजभोलि कती टाढा लाग्छ
आफूलाई आफैसँग बोल्द
कहिलेकाहीँ कत्ती सानो लाग्छ यो संसार
आकाश हेर्दा चकिलो चम्किन्छ अँध्यारोमा
म खोज्छु आफूलाई नै तिम्रो किरण समाइ-समाइ
घडीले दिन्छ समय अगाडी
त्यसैले म हिँड्छु औंला गन्दै घण्टा घटाई
घाम जस्तो तिम्रो न्यानो अँगालो
चाहन्छु म अझै धेरै सधैं
तर बादलले ल्याउछ आकाशको पानी
खुसी छु म आज यो मौसममा तिम्रो लागि
तिम्रो लागि, तिम्रो लागि
सागर पारी बैरंग छोडी आएछु आफूलाई
अझै बाहाना बनाउछु फेरि फर्किनु
क्षमा गर यो आशा मेरो
भ्रममा न पर्नु है
मेरो सानो इच्छा सुनिदेउ
तिमी, तिमी हुनु
तर सुर्यले बिदा गरि ढल्किन्छ
उज्यालो बनी चुमोस तिम्रो शिर माथि
तिम्रो आकाश भरी
आकाश भरी, आकाश भरी",88
798,Neetesh Jung Kunwar - Khulera Dallai ft. Clean Bandit,Genius Romanizations,romanized,"जाउँ हिडा सरारा मोटर चडेर
यो हिरदय लाई सम्झाउदै अघि बढेर
पर्खी रहेकी होलिन् मेरी सुन्तली
हातमा चा केहलाउन, चोरो बढिगो
बाबा, पुगेन,"" भन्न लाई कति सजिलो
करमा येस्टै रैछ, भरि मान रुन्चा
अबा लाउ हाई टा गुरुजुई रोकुम येही मलाई
आझै ठाडै चा घर सकुञ्जेल बच्नु चा
खुलेर दललाई, ओह, खुलेर, दललाई
अहै कति मिठो ढुंगे धाराको पानी
येही थेमे सुरु भो हाम्रो पिरेम कहानी
मेरी जुनकिरी, किना येती रामरी चेउ तिमी?
सुर्ता ले हो की, टान थोरै घटेछ
बर्सौ को चोली ज्यानमा ताम्मै आतेचा
पिर ना लिनु हाई, पोइको तिमीलाई चा बिन्ती
एचएमएम, सहरै चिन्तन चु मा
सुनौ थ्याहा कसलाई
निश्चित चाइन जीवन, बिर्सेर हास्नु चा
खुलेर दललाई, ओह, खुलेर, दललाई, आह-हा-आह-हा",100
799,Parkhai,The Uglyz,nepali,"नजाउ भनिकन तिमीले
आए म अझ टाढा, धेरै टाढा तिमीबाट
दुःख जति पाए नि, हाँस्न भुली गए नि
सधैं सम्झन्छु तिम्रो माया
सधैं सम्झी बस्छु पुनमको रातमा
तिमीले दिएका बाचा
फर्की आउनेछु एक दिन
आए अङ्गाल्नेछु त्यो दिन
अनि हुने छैन कहिले बिदा
मलाई थाहा छ कि यो हाम्रो माया चोखो हो
दुई ठाउँमा बसे नि हाम्रो मुटु एक हो
मलाई थाहा छ कि यो हाम्रो माया चोखो हो
दुई ठाउँमा बसे नि हाम्रो मुटु एक हो
मलाई थाहा छ कि यो हाम्रो माया चोखो हो
दुई ठाउँमा बसे नि हाम्रो मुटु एक हो
मलाई थाहा छ कि यो हाम्रो माया चोखो हो
दुई ठाउँमा बसे नि हाम्रो मुटु एक हो
नजाउ भनिकन तिमीले
आए म अझ टाढा, धेरै टाढा तिमीबाट",103
800,How To Annotate & Edit On Genius (Nepal),Genius South Asia,nepali,"यो गाइदले जिनियसमा कसरी सम्पादन गर्ने र टिप्पणी बनाउने बारेमा ज्ञान दिन्छ। यो सामान्य रुपले शुरु हुँदै जटिल बन्दै जान्छ। समावेस: जिनियस टिप्पणी भनेको के हो? टिप्पणी विधानहरू टिप्पणी अनुभवि हुनेबारे... रिड मोर
✧
जिनियस टिप्पणी भनेको एउटा नोट हो जसले गीतको वाक्यमा भएको गहिरो अर्थलाई खुलाउछ। एनोटेशनका केही प्रकारहरू छन्:
लिरिक टिप्पणी -> उदाहरणको लागि यहाँ थिच्नुहोला
लेख/बायो -> उदाहरणको लागि यहाँ थिच्नुहोला
खोलको चत्रको टिप्पणी -> उदाहरणको लागि यहाँ थिच्नुहोला
तपाईंले रहिरहेको टिप्पणीमा पनि योगदान दिन सक्नु हुन्छ:
सुझाव -> उदाहरणको लागि यहाँ थिच्नुहोला
सम्पादन प्रस्ताव
✧
यहाँ केही नियमहरू छन् जुन तपाईंले पालना गर्नु पर्ने हुन्छ:
लिरिक्सलाई नदोहोराउनुहोला -> थप जानकारिको लगि यहाँ थिच्नुहोला
मान्छेले लेखेको जसरि लेख्नुहोला -> थप जानकारिको लगि यहाँ थिच्नुहोला
व्याकरण र शब्दको सम्रचनामा ध्यान पुर्याउनुहोला -> थप जानकारिको लगि यहाँ थिच्नुहोला
खोज गर्दै स्रोतको लिन्कहरू हाल्नुहोला -> थप जानकारिको लगि यहाँ थिच्नुहोला
संम्बन्धित वाक्यहरू देखाउनुहोला -> थप जानकारिको लगि यहाँ थिच्नुहोला
स्वरुपणमा दक्ष -> थप जानकारिको लगि यहाँ थिच्नुहोला
गहिराही थप्ने संन्चारहरू हाल्नुहोला -> थप जानकारिको लगि यहाँ थिच्नु होला
उदेश्य राख्नुहोला -> थप जानकारिको लगि यहाँ थिच्नुहोला
संक्षिप्त र विस्तृत हुनुहोला -> थप जानकारिको लगि यहाँ थिच्नुहोला
सदावहार हुनुहोला
✧
तपाइँका एनोटेशनहरू सँधै राम्रोहोस् भनेर निश्चित गर्न यहाँ केहि थप अभ्यासहरू छन् जुन तपाइँ पालना गर्नु सक्नुहुन्छ:
कर्तृवाच्य प्रयोग गर्नुहोला: कर्तृवाच्यमा कर्ता प्रमुख हुन्छ र क्रियापदको रुपपनि कर्ता कै लिङ्ग, पुरुष, वचन र आदर अनुसारको हुन्छ। कर्तृवाच्य अरु वाच्यको तुलनामा बुझ्न सजिलो हुन्छ।
प्रमुख स्रोत प्रयोग गर्नुहोला: विकिपेडिया र अन्य ज्ञानकोशहरु सिक्नको लागि राम्रो स्रोतहरू हुन्, तर एनोटेशनहरूमा पूर्ण रूपमा आवश्यक नभएसम्म हाइपरलिंक हुनु हुँदैन। अर्बन शब्दकोश कहिल्यै लिंक नगर्नुहोला। -> थप जानकारिको लगि यहाँ थिच्नुहोला
महत्व अनुसार क्रम मिलाउनुहोला: टिप्पणीको सुरूमा सबै भन्दा महत्वपूर्ण जानकारी जानु पर्छ। छविहरू, गिफ्स, र भिडियोहरू टिप्पणीको मध्य र अन्तको भागको लागि बचत गर्नुहोस् र भनाईहरुको साथ कहिलै पनि टिप्पणी शुरू नगर्नुहोस्। -> थप जानकारिको लगि यहाँ थिच्नुहोला
जानकारीहरु लिंक पछाडि नलुकाउनुहोला: पाठकहरूलाई जानकारीको लागि शिकार गर्न बाध्य नबनाउनुहोस्। बरु टिप्पणीमा उपयुक्त जानकारी राखेर लिंकले तपाईको लेखलाई पुर्ण गर्ने बनाउनुहोस्। -> थप जानकारिको लगि यहाँ थिच्नुहोला
सर्वश्रेष्ठ भनाईहरु मात्रै उद्धरण गर्नुहोला: संगीतकारले के भनेका छन् मात्रै उद्धरण गर्नुहोस्, अरूले उनीहरूको बारेमा के लेखेको छ होईन। उद्धरण गरिएका भनाईहरु काटेर तपाईको टिप्पणीमा अर्थपुर्ण हुने भागहरु मात्रै राख्नुहोस्।
पंतिको स्तर र गीतको स्तर: लिरिकसँग सम्बन्धित जानकारी प्रासंगिक लाइनहरूको टिप्पणमा जानुपर्दछ, र सम्पूर्ण गीतको बारेमा जानकारी गीतको लेख/बायो वा प्रश्नोत्तरमा जानुपर्दछ। सेक्सन हेडरहरूमा टिप्पणीहरु धेरै उपयुक्त हुँदैन। -> थप जानकारिको लगि यहाँ थिच्नुहोला
सम्पादकहरूले टिप्पणी विधानहरूको प्रयोग गरेर टिप्पणीलाई स्विकारेर मिलाएर वैधानिक जिनियस टिप्पणी बानउने वा त्यसलाई तिरस्कार गर्ने निर्णयमा पुग्छन्। सम्दकको बारेमा थप जानकारिको लगि यहाँ थिच्नुहोला
✧
यहाँ मिलाउनका निम्ति केही सुझावहरू छन्:
स्विकारे र मिलाउने: टिप्पणीलाई पहिले स्विकारे पछि मात्र त्यसलाई मिलाउन सकिन्छ। मिलाउदा कहिले अक्षेर मात्र मिलाउनु पर्छ भने कहिले सबै टिप्पणी नै परिवर्तन हुन्छ। परिवर्तनको अधारमा तपाईंको योग्दान तोकिन्छ।
तिरस्कार गर्ने: टिप्पणी तिरस्कार गर्न, तपाईंले तिन वटा मुख्य कारणहरू मध्य एउटा छान्नु पर्छ: गितांश दोहोराहीएको/रेस्टेटिङ थे लाइन, अनावश्यक विस्लेशण/आइटी'स आ स्ट्रेच, ओर केही नपुगेको/मिसिङ सोमेथिङ. या अन्य/ओथरमा अरु कारण पनि दिन सकिन्छ।
इन्टिग्रेटिङ & आर्किभिङ: सुझावहरूलाई तपाईंले जोड्न वा फ्याक्न सक्नु हुन्छ। इन्टिग्रेट गर्दा अरुको सुझाव तपाईंको टिप्पणीमा जोडीन पुग्छ र उनीहरूलाई योग्दानको आधारमा प्रतिशत शुची हुन्छ। आर्किभले भने सुझावलाई हटाउने काम गर्छ।
डिलिटिङ/फ्याक्नु: कहिले काँही सम्पादकले स्विकारेको टिप्पणी फ्याक्नु अवश्यक पर्छ, यदि त्यो उच्च स्तर्य नभएमा।",516
801,Sundar Shanta Nepal,Nepathya,nepali,"देश हाम्रो यस्तो होस्
जहाँ कलहको नाम न होस्
सुन्दर येसै छदै छ नेपाल
सधै यो सान्त रहोस्
सुन्दर सान्त नेपाल
सुन्दर सान्त नेपाल
देश हाम्रो यस्तो होस्
जहाँ कलहको नाम न होस्
सुन्दर येसै
सुन्दर येसै छदै छ यो
सधै यो सान्त रहोस्
सुन्दर सान्त नेपाल
सुन्दर सान्त नेपाल
अनेक रंग र सिर्जनाका
साझा फुल बारीमा
फुलहरू रंगिचंगी
निला राता बैजनि
सात रंगको, इन्द्रेणी
सुन्दर सान्त नेपाल
सुन्दर सान्त नेपाल
सानो ठूलो कोहि छैन
जननिका आँखामा
संकल्प र बिस्वाश भरौ
जनजनको मनमा
सुवास छर्रौ
सुवास छर्रौ
दुनियामा",62
802,Dada Kada Bhag 2,Night (NPL),romanized,"डाडा काडा बान चाहरी
डाडा काडा बान चाहरी
डाडा काडा बान चाहरी
ढाका माका ढाका माका
बना को फुलामा
चाका चाका चाका गर्दै
घुले मा टा रसमा
डाडा काडा बान चाहरी
डाडा काडा बान चाहरी
डाडा काडा बान चाहरी
झिलिमिली झिलिमिली
अन्धकारमा बल्चु मा
अन्धकार मा लामके बनी
तारा बनी चामको चु
डाडा काडा बान चाहरी
डाडा काडा बान चाहरी
डाडा काडा बान चाहरी",48
803,Chirag Khadka - Life Jacket,Genius Romanizations,romanized,"येअह
थिस आइएस पाच पच्पन्न
लाइफ ज्याकेट, हुः
उठ्ने बितिकै केही चाइँन नया
भोली को दिन सोची आतेको मा
बेवारिस वैसके दिन दिनै मा या
सोसाइटी ले गर्दा नै बडेको मा
सपना ठूलो, गर्नु चा केही
घर मै बासी होला माटेकको मा
पैसा वन्दा पानी खुसी खोजी राचु
तेइ वयेर घर बाट भाग्देको मा
कोठा बाट चडो मुगी निस्की
जिन्दगी धेरै नै चा रिस्की
ठूलो हुदै चौ हामी दिँदिनै
जाति ठूलो वायो टेटी बड्न थाल्यो किच किच
आकाङ्च्या रा परिस्तिथि बीच बीच
सानो कदम बदाउन नि हुना थाल्यो निकै अफ्ठ्यारो अनि हिच किच
सबै कुरा थिक चा
येसरी नै बिच्छ
भनेर सोचेको थिज की
लाइफ वनेको थिस हो
ताला ना माथि ना बीच को
सब कुरा खोलेर
झर्केर बोलेर
काम वन्ने चाइन यहा रिह्स को
कामी वो उज्यालो चिज को
आवस्य वैसक्यो बिश ब्रो
पगालाई पागल को दुनिया मा हेरा यो
माया रा मामता नै बिश भो
के हो बुजिना माइले
राम्रो संग सुनिना माइले
चब्बिस बर्सा पुगिसके
बुद्धि मेरो आउने हो कैले
धेरै चोटी थुकिइसके
खुसी मागेर पाइदैन कैले
होला अली फुस्किसके
जाथे मा पाइला फेरित्य आइले",142
804,Up In The Morning,Sudhan Gurung,romanized,"क्रुइजिङ डाउन थे इस्टसाइड
गर्दै गराह थिङ्स थाट फील्स राइट
गारो नामना, सानी योउ शाउल्ड टाके युर टाइम
डो थे थिङ्स योउ लिके
डोन'टी योउ वरी बाउट टोनिघ्ट
बिसवास राखा तिम्रो निर्णये मा
वे काउल्ड डो आइटी एएलएल अगाइँ
ब्यालेन्सियागा, चनेल, जिभेन्ची, सैंत लौरेन्ट
नो लिमित ह्वेन आइटीएस स्पेन्डिन ओन योउ, आई से टाके आइटी एएलएल!
योउ डिजर्व आइटी
आई सैद योउ क्यान टाके आइटी
तिम्रो खुसी को लागी
आई माइट जस्ट स्पेन्ड आइटी
सुन्दरता को भण्डारा
धन्य वायो संसारा
तिम्रो सुन्दरता को चर्चा
गर्छन् सारा संसारा, उः
माँ पराउछन्, धेरैले
एर्श्या गर्चिन्, सारा यहा
योउ'रे थाट ब्युटी विथ इन्टेलेक्ट, शृंखला
!
एनओडब्ल्यू आई गेट आइटी, आइएम गेटिन थे डिफिनिशन राइट
अमूल्ये आखा को लाटमा लागे अम्मली झै
योउ'रे एक्सपेन्सिभ आई स्पेन्ड आइटी जस्ट होव आई सी योउ
क्यान'टी अफर्ड टो वस्ते टाइम-ओन-चेप एएनडी टाल्क आइएस चेप फोर योउ
ओह, बेबी, आई सी ह्वाट आइटी आइएस
चा-हे जत्ती बाधा आर्चन आये पानी ना टुट्ने उः
एआइएन'टी नो टीचर, बुट, योउ गोट आ ग्रिट क्लास
कोके बोटल फिगर, विथ थाट बिजिआइजिङ",152
805,Om Nama Shivaya,Neetesh Jung Kunwar,romanized,"वे'वे गोट टो माके थे वर्ल्ड आ बेटर प्लेस बुट नोट टोडे
वे'रे स्टक इन्साइड ओउर ह्याट्रेड
सो ह्वाट वे डो आइएस होपे
नो म्याटर ह्वो क्रिएट्स थे डोल्ला बिल्स
फोर यूएस टो पे
इभरीबडी आइएस आ प्रिजनर
ओएफ थेइर ओडब्ल्यूएन मिन्ड
डाउन ओन थे स्ट्रीट्स थेरे आई सिट परानोइड
थान्क गोड योउ'रे हेरे टो टाके क्यारे ओएफ युर बोय
योउ ब्रिङ मे टो लाइट
थें आई'एलएल टाके योउ हाइहर
आई'एलएल टाके योउ हाइहर
टु म्यानी ह्वील्स ओन थे फ्रिवे
योउ'रे बाउन्ड टो चोओसे युर राइड
सेट युर लिमित फोर थे क्रसरोड्स
काउस थरе योउ लोसे युर साइट
इभरीबडी हस आ ग्रिफ-क्यासе
फुल ओएफ ब्लेम्स एएनडी हर्टफुल स्कार्स
स्टिल वे शोव यूपी विथ आ फाके स्मीले
टो फीड ओउर सेल्फ रिगार्ड्स
ओह नो नो नो नो
योउ गोट्टा लेट युर गुआर्ड्स डाउन
काउस लोव एआइएन'टी थाट इजी टो बे फाउन्ड
योउ डोन'टी हावे टो सीआरआई टो थे ओनेस ह्वो लेफ्ट योउ ट्राउमाटाइज्ड
काउस थेरे विल बे एनोथर वे अराउन्ड
सिङ आइटी लाउड",146
806,Chains Change,Ease is Easy,romanized,"लाइफ हो चाँगे चाँगे
लाइफ हो चाँगे चाँगे
घाटी मा चेन्स चाँगे
घाटी मा चेन्स चाँगे
लाइफ हो चाँगे चाँगे, बदलिरको ब्रेन ब्रेन
घाटी मा चेन्स चाँगे, टा रा मा चेइ समे समे
चुपलाग, राप को खेल मा दुधभात
मा बोली वने मुटास
टा मसँग ना मुख लाग
माइले बुझेको चु रुट खास
हाते गर्ने हरू नुब घास
मसँग स्किल को बुक माग
गीत हरू मेरो लुप राख्दा मात्र ताइले बुझलास्
डिफरेन्स, टा रा मा निक्कै डिफरेन्ट
भिन्नता, फ्लोव दामी यिनारु चेइ शिपलेस
मोल टोक्न खोज्छ हेर्दै थिक्नेस गोजी को
सोल्टी को कुरा हरूमा बिचनेस!!!
आई'एम इजी कमिङ इजी गोइङ जस्तै ब्रुनो मार्स
स्पिट मेरो आइएलएल तारा मलाई चाइन सार्स
फ्रेश जस्तै फेटस आरे, युनिटी मा एमआरआर
आई'एलएल क्याप्चर थिस मोमेन्ट जस्तै मा हु еउता क्यामेरा",109
807,Aruna Lama - Ma Aankhaima,Genius Romanizations,romanized,"मा आँखैमा राखिने योग्य कहाँ चु
मलाई सम्झी तिथ्याउने योग्य खाँ चु
मा भुल हु, सुधारिने योग्य खाँ चु
मा आँखैमा राखिने योग्य कहाँ चु
कुनै दिन जाबा मा स्बाइलाई रिझाए
त्यहि मा किना आजा सबलाई बिझाए
मा माँचे हु, माँचे लाई मायाँ चाहिँचा
मेरो जीवनलाई पानी साथी चाहिँचा
तारा साथी बन्ने मा योग्य खाँ चु
कसैको मायाँ पाउने योग्य खाँ चु
मा भुल हु, सुधारिने योग्य खाँ चु
मा आँखैमा राखिने योग्य कहाँ चु
उडास् मेरो मुहारमा मुस्काँ जचेन
ऐनामा मा हाँस्दा आफैलाई चिनिन
दुखको उदाहरण मेरेई जीवन होइन
खुसीमा के मेरो अधिकार नै चाइँ?
यी प्रश्न उठाउने मा योग्य खाँ चु
कसैको मायाँ पाउने योग्य खाँ चु
मा भुल हु, सुधारिने योग्य खाँ चु
मा आँखैमा राखिने योग्य कहाँ चु",104
808,Tunna Bell Thapa - Hola Nahola,Genius Romanizations,romanized,"कोही नहुदा नि
एकलाई तिम्रै, साथ मा हुन्चु
धड्कनले, थाम चडे
तिम्रै मुटु बनी बस्चु
ठहा चाइन भोली होला नहोला
कसैलाई ठहा चाइन भोली के होला
तारा मेरो चल्ने सासको
अधार तिमी, बन्यौ आजा
आखा चिम्लेर, तिमलाई सम्झेर
म्यान मै रमाउछु मा सबै बिर्सेर
देख्न लाई आकाश, टेक्न लाई जमिन
हाम्रो साहरा, हामी आफै बनाउला
तिमी चौ रा टा, मा पानी चु
तिमी नभये खाइ काहा हुन्चु
तिमी चौ रा टा, मा पानी चु
तिमी नभये खाइ काहा हुन्चु
ताधा हुदा पानी
म्यान मा मेरो, चौ बसेको
अर्थ यो, जीवन को
तिम्रै पाइला ले भरेको
ठहा चाइन भोली होला नहोला
कसैलाई ठहा चाइन भोली के होला
तारा मेरो चल्ने सासको
अधार तिमी, बन्यौ आजा",91
809,INTRO,Bluesss,romanized,"आइटीएस 4:20 लेट्स ड्रिंक मिल्क, हाहा
आजा राती हान्नु पर्चा, बोस
अलीकै बुज पानी होस
तिमी हामी सब जना मस्ता
ड्रिंक्स ओन मे, क्यान आई माके एनोथर टोस्ट?
आजा राती हान्नु पर्चा मोज
अलीकै बुज पानी होस
तिमी हामी सब जना मस्ता
ड्रिंक्स ओन मे, क्यान आई माके एनोथर टोस्ट फोर योउ, फोर योउ, फोर योउ?
काउस इभरी थिङ'स अलराइट
इभरी थिङ'स अलराइट
इभरी थिङ'स अलराइट
इभरी थिङ'स अलराइट
इभरी थिङ'स अलराइट
इभरी थिङ'स अलराइट",69
810,Timro Yaad Aaunda Achel,Ram Krishna Dhakal,nepali,"तिम्रो याद आउदा अचेल
तिम्रो याद आउदा अचेल
मनै कस्तो-कस्तो हुन्छ
यो जुनीमा पहिलो झुल्का
घामले छेए जस्तो हुन्छ
यो जुनीमा पहिलो झुल्का
घामले छेए जस्तो हुन्छ
तिम्रो याद आउदा अचेल
घुम्टो ओढी चिहाएको
केश फिजाई लजाएको
हो, घुम्टो ओढी चिहाएको
केश फिजाई लजाएको
सयौं हिस्सी मुहारमा
एकै पल्ट उदाएको, एकै पल्ट उदाएको
झझल्कोले छुदाँ पनि
रहर यस्तो भौतारीन्छ
यो जुनीमा पहिलो झुल्का
घामले छेए जस्तो हुन्छ
यो जुनीमा पहिलो झुल्का
घामले छेए जस्तो हुन्छ
तिम्रो याद आउदा अचेल",60
811,Sangai Bachauna,Sareen Deoja,nepali,"आज फर्की हेर्दा म, धेरै नै पछि परेछु
जीवनको मोडमा म अड्की बसेछु
शून्यतामा अझै मलाई रमाउन देउ न
तिमी हाँस तर मलाई, नरुवाउ न
मैले चाहेको दिन सक्छौ भने
मैले मागेको दिन सक्छौ भने
तिमी आऊ न, ओ ओ ओ ओ
तिमी आऊ न
हामी सँगै बाँचौं न
हामी सँगै सँगै बाँचौं न
हामी सँगै सँगै
आज मेरै मृत्यु कतै मलाई नै पर्खदैछ
सम्झौता यो किन जब जीवन यो त्याग्नु नै छ
देखेको पाइन्न रे, लेखेको मात्रै किन?
सत्यलाई अंगले तर सत्य के हो
बुझ्नै सकिनँ
बुझ्नै सकिनँ
जीवन त के हो र, सुस्केरा मै बाँचीदिउँला
मरिलानु के छ र, सम्झना यो साँचीदिउँला",87
812,Timra Dui Ankhama,Rohit John Chettri,nepali,"तिम्रा दुई आँखामा देख्छु जीवन समस्त
तिम्रो मुस्कानले छाउछन् नयाँ उमङ्ग
नाम मात्र हैन बालिदिन्छाै मेरो हृदयमा
पाएर तिमीलाई जिउने अभिलाषा जाग्यो
पाएर तिमीलाई जिउने अभिलाषा जाग्यो
भौतारी रहन्थे मायाको खोजीमा
भौतारी रहन्थे मायाको खोजीमा
पाइला बढी रह्यो खै कहाँ-कहाँ?
हुरीमा आधिमा, हुरीमा आधिमा
अन्धकार अनि एकान्तमा
अन्धकार अनि एकान्तमा
हिडिरहे निरन्तर भारी बर्सातमा
हिडिरहे निरन्तर म भारी बर्सातमा
मुहार भिज्यो, सम्पूर्ण सरिर जहाँ त्यहाँ
मेरो पाइला रोकियो
अनायासै तिमीलाई देखेर
गन्तब्य भेटियो
हर्सले विभोर म आफ्नै भावनामा
हर्सले विभोर म आफ्नै भावानामा
पाएर तिमीलाई जिउने अभिलाषा जाग्यो
पाएर तिमीलाई जिउने अभिलाषा जाग्यो",75
813,CLEOPATRA FREESTYLE,Nasty (NP),romanized,"येअह
आइटी'स बीन आ लोङ टाइम
लुक
लुक फोर डेड प्रेसिडेन्ट्स आइएन आ सिटी ह्वेरे थे किङ्स दिए
नेवर पुत ह्वाट आइटी पे ओवर ह्वाट आइटी'स गोन फील लिके
इवेन आईएफ आई'एम लेफ्ट आउट आई बे गोइङ स्टिल राइट
आईमा गो स्टिल व्राइट, गेट आइटी?
लेट आइटी एएलएल इज
लेट थे बोस ब्रेथ
आई एआइएन'टी गोट आई मिन्युट आई काउल्ड वस्ते
विथ थे हन्ड्रेड्स आई काउल्ड चसे
इभरिटाइम आई हित थे स्टेज
लिके मुफुक्कास अह्ह
काएसर होम ,
लुक आई सेइज थे थ्रोन, लिव थे थ्रोन
फकिङ क्लियोपत्र डोग, शे'स आ बोने
आई'एम थे ओने थाट थे एएलएल बसे थे पिस उपोन
एएलएल योउ डग्स ट्राइङ दिए फोर आ पिस ओएफ बोने
आई गोट थे आइसीई एएनडी थे क्रिम योउ गोट आ पिस ओएफ कोन
थाट'स फ्याक्ट्स मुफुकका लिके थेसे आरे क्नोन
जस्ट गो एएसके मुफुक्कास लिके
ह्वाट हे डोन टो योउ? ह्वाट आईएफ हे गो रुन टो योउ?
केएनओडब्ल्यू थाट हे गोट फन्ड्स फोर योउ? रिमेम्बर ह्वाट हे डोन फोर योउ?
नाह? वेल आइटीएस एइट थें, आइटीएस गोन' बे ओन साइट थें
मान आइएम सो एक्साइटेड, इममा गो एएनडी फाइट थेम
मोममा डोन'टी इन्भाइट थेम टो नो मोर डिनर्स
लेट थेम एएलएल दिए, लेट थेम एएलएल ग्रोव थिनर
लुक एटी एएलएल थेसे स्नेक्स थिङ्किङ थे एएलएल गोर्रिलास
आई बे गोइङ स्ट्रेइट टो थेम होपिङ थाट थे फील यूएस
मोथरफकर्स वन्न ग्रोवल बुट थे नेवर वन्न ब्रावल
थे डोन'टी वन्न गेट इन्वोलवेद, केएनओडब्ल्यू आई गोट थेम ओन आ क्याल
आई बे रनिङ थ्रु थे मल्स विथ थे अनर्स ओएफ मल्स
आई बीन रनिङ थ्रु थे लव, आई बे रनिङ थ्रु योउ एएलएल लिके थाट
आई गोट थे जुइस लिके थाट
ब्रुस लिके वेन, ब्रुस लिके थाट
गोड रिकग्निशन"" ह्वेन आई'एम इन्ट्रोड्युस्ड लिके थाट
आई काउल्ड रियली गेट युर बुज आइएन थे न्यूज लिके थाट
आईएफ योउ ट्राइना स्लीप ओन मे गेट आ स्नुज लिके थाट
आईएफ योउ थिङ्क ओएफ कमिङ एटी मे योउ गोन लोसे लिके थाट
बुट आई होपे थाट योउ डो क्युज योउ क्युट लिके थाट
टिल आई स्टेप ब्याक एएनडी लेट आइटी गो लोसे लिके थाट
बुट योउ केएनओडब्ल्यू, आई'एम सेन्टर-पिस
आई एआइएन'टी गोट थे टाइम थो आई रियली गोट थे इनर्जी
एनओडब्ल्यू आई एएम एबाउट टो सेटल थेसे, क्युज आई गेट आ अहेद ओएफ थेसे
मान आई फील लिके जोहोन लेनन आइएन थे फकिङ सेभेन्टिज
मोस्ट किङ्स दिए सो आई'एम रियली एबाउट टो सेवेरे थेसे किङ्स वान्ट नो प्रोब्लेम्स, क्युज आई केएनओडब्ल्यू एएलएल थे रिमेम्डी
एएलएल आई गोट आइएस इनेमिज एनओडब्ल्यू थे वान्ट माइ मेलोडिज
योउ केएनओडब्ल्यू आइएम थे मास्टर बुट आई डोन्ट वन्न सेल ओर लिज
सो रिमेम्बर थेसे थिङ्स: फक ह्वाट थे थिङ्क
गोट्टा प्ले थे राइट टुने एएनडी इभरीबडी सिङ्स
गोट्टा से थे राइट टोस्ट एएनडी इभरीबडी ड्रिंक
गोट 182 बिजिनेस आई एआइएन'टी ब्लिङ्क लिके",419
814,Wave,Bipul Dahal Janam Rana,romanized,"आइएम सो इम्पेशियन्ट आई क्यान्ट वैत, नो टाइम टो वस्ते येअह
आइएम सिङ विजन्स बुट आइटीएस स्टिल सो फार अवे येअह
थे से आइएम डिफरेन्ट आइएम नोट ट्राइना साउन्ड थे समे
आइएम सो हाइ आइएम स्वेर्विङ आइएन माइ लाने
आई'म्मा चसे थिस टिल आई दिए
एएनडी इममा वर्क टिल आइएम एलिभ
आई वान्ट थे लम्बो सुइसाइड
होप आउट थे काउप, येआ थाट'स माइ राइड
आईएफ योउ एइन्टबाउट आइटी गेट आउट ओएफ माइ वे
काउस आइएम टु ब्युसी रिदिन ओन माइ वावे
एएनडी आई डोन'टी क्यारे ह्वाट एनीबडी सेज
एएलएल माइ होमिज डाउन टो राइड
आई'म्मा डो थिस इभरिडे अनटिल आई दिए
वोके यूपी विथ मोनी ओन माइ मिन्ड येआ
वन्न गेट रिच फक आ 9 टो 5 येआ
टोल्ड हेर आईएफ शे वन्न, आई काउल्ड गेट हेर हाइ
डोन'टी वैत टिल मनना, कोम ओवर टोनिघ्ट
थें ट्राइ टो राइड माइ वावे, ट्राइना स्वाग सर्फ
आई वन्न सीआरआईबी आइएन क्यालिफोर्निया, जस्ट टो स्मोक हर्ब
वे नोट होमिज एएनडी युर बिच, जस्ट कीप ओन डान्सिङ ओन मे
ओरिगामी होव शे फोल्दिन', एएनडी रोमान्सिङ ओन मे",158
815,Anonymous,LEGITHIPHOP,romanized,"मिक चेक, ओने टीडब्ल्यूओ
यो, यो, यो
थे ड्रपटप मिक्सटेप
ट्र्याक 4
लेगित ओन थे मिक
हेरे वे गो
शीत, आई'एम एनोनिमस टो एनिमस
आई गोट थे क्यानाबिस एएनडी आई'एम आ प्रोफेट येस
टा भादा मज्चस, हलाल गर्ने खसी, टा हो बोका मार्चस्
आई'वे जस्ट बीन युजिङ माइ कमन सेन्से
आइटी'स ओमिनियस, माइ स्पोटलेसनेस
आई जस्ट फेस थे कन्सिक्वेन्स, या'एलएल ल्याक थे कन्फिडेन्स
त्रुथ आउट थे इसोफेगस, आई'एम थे अपोजाइट ओएफ प्रोफिटलेस
आई'एम पोजिटिभ एएनडी अप्टिमिस्टिक
योउ एक्नोव्लेड्ज्ड आइटी, माइ प्राइम डिफेन्सेस
यूएनआईक क्वोटेड मे ओन थाट एनजेके जोइन्ट
एएनडी हे सेन्ट आइटी, एएनडी आई मिक्स्ड आइटी
विथ सोमे भेन्जिन्स एएनडी आई मिन्ट आइटी
एआइएन'टी एक्वाइन्टेन्स, नो पास्ट टेन्से
ह्वेन आई'एम ओन आइटी
, समे प्लानेट
येत योउ व्याक व्हीले आई ह्यामक
नो मेसिङ माइ हाइपोथालामिक
एएनडी आई कोम फ्रोम थे बोटमलेस पित थाट स्केयर्स युर शीटलेस
आई'वे हाड आइटी विथ मोनी, विवेस, क्लोथेस, होएस एएनडी बिचेस
थिस आइएस ह्वाट ह्यापेन्स टो योउ ह्वेन युर डिक स्टप्स इत्चिन
आई गोट सोमे स्कार्स आइएन माइ बडी एएनडी थें सोमे स्टिचेस
आ यो, आई'एम जस्ट बिचिन, हेल ओएफ आ पिच आइएन
थे डाउनफल ईपी वास एक्चुअली जस्ट माइ किचेँ
एएनडी आई वास रामसे आइएन आइटी, डोपे राइम्स आई बे कुकिङ
आइएम जस्ट सायिङ आई मियन आइटी, आई एइन्ट प्लेइङ
आई'वे बीन आइएन थे वर्स्ट मेन्टल स्टेट फोर सोमे यियर्स
बुट आई टर्न्ड आउट टो बे आ बियर-ईआर ओएफ गुड न्यूज
एएनडी माइ ओथर साइड आइएस सायिङ थाट आई शाउल्ड फ्युड विथ थेसे र्यापर्स
लिके गो अहेद लेट्स फिन्ड आउट ह्वाट थे'रे अफ्टर
बुट नो, वे'वे बीन एटी आइटी फिइन्डिङ फोर थे समे थिङ्स
एएनडी आइव बीन सो फकिङ कीन टो स्क्वाश थेम इफिन बीफ्स
आई डोन'टी सिप नो लिन, बुट आई अन्डरस्ट्यान्ड सोमे थिङ्स एनओडब्ल्यू
नो सिपिङ हेनेसिज, एएनडी मे'स एएलएल आई नीड एनओडब्ल्यू
फ्री थे बीज, एएनडी सेइज थे स्सेन, ओन युर क्नीस एनओडब्ल्यू
सक माइ डिक, टो बस्ट माइ विक, बे एटी इज एनओडब्ल्यू
गेने आइएस लिट, एएनडी नामे'स लेगित, नीड थे कीज एनओडब्ल्यू
फ्लोव आइएस सिक, आइटीएस वेइल्स डिजिज, मेनिन्जाइटिस फिन्न हाइप थिस
डोन्ट ट्विच, आई'मा प्राइम आइटी, होए प्लीज
डाउग थिस, फ्लोव सिक, लिरिसिस्ट, नो एबीसी'स
थे राप स्सेन वास फ्रोजेन एएनडी आई'एम अन्ती फ्रिज
लिके आ जेन्टले ब्रीज, आई डोन'टी नीड नो सनलाइट, प्लीज
आई डोन'टी प्याक नो हेट, आई जस्ट टाके माइ पेन एएनडी स्क्वीज
एएनडी आइएम नेपाली, सो आई डो आइटी विथ एक्सपरटाइज, आइटीएस इजी
आई बे सो स्नीकी, फ्रिकी, आई'एम एबाउट टो ब्रेच आइटी
थे लेवल आई'एम एबाउट टो रियाच आइटी, लिके आ डोग विथ बिस्कुइट
आई'एम फिन्न कीप आइटी
, एएनडी ह्वेन थे नाइट फल्स आई'एम हेल्ला क्रिपी
एएनडी फेल्ला'स ग्रिडी, स्टेलर मेब, येलर क्रेजी
कम्पिटिशन्स सिक विथ रेबिज, एएनडी आइएम हाडेस
सो हाइ आइएन थिस क्लाउड आई बे स्मोकिङ
ह्याटर्स थिङ्क आई'मा फल एएनडी थे सुरे बे होपिङ
किन्दा लिके स्लिम शेडी एएनडी सो आई गोट्टा बे कपिङ
माइ ब्रेन अमेज मे, एएनडी माइ बल्स आई बे ग्रुपिङ
एएनडी आई गोट सोमे सोमेथिङ्स फोर योउ टो बे टोकिङ
आइटी एआइएन'टी लिके मे फोर मे टो इभर स्टप कोडिङ
बुट आई'एम बेहिन्द बार्स लिके आई गोट स्टार्स, होमी
लिके योउ आइएन माइ यार्ड प्लेइङ जीटीए 5, होमी
ड्रपटप मिक्सटेप, बुट योउ केएनओडब्ल्यू थाट आई'एम आ स्वामी
बेन्डिनल थिस मोनी, लिके आइएम स्ट्रेइट यूपी ओरिगामी
एएनडी माइ राइम्स आरे अनहोली, माइ फान्स हिन्दुस्तानी
मेरे मिन्ड पे हे गाली, तारा मा चाई नेपाली
अबा आयो मेरो पाली, मा गर्न नि थाली
मलाई भन्दैथ्ये बा लेह टा सोच बर्तमान ले
माइले इच्छ्या नि फ्याले, साधै बस्चु बर्तमान ले
मलाई वन्न दुई थाले, मा अबा थपेर खने
हामी के॰एस लियेर जाने? साथ मात्र टा चा नि
आसा नै टा हो नि, केही गरेर जाने
साथ मै नै चौ हामी, के॰एस सक्षम के॰एस सिखसित
ह्युनी चाइन यहा मिसफिट, सबै चौ यहा कल्प्रिट",572
816,How to Add Songs to Genius (Nepal),Genius South Asia,nepali,"यो गाइडले हाम्रो सामूहिक ट्रान्सक्रिप्सनको बारेमा जानकारी दिन्छ। यो नयाँ उपभक्ताको लागी एउटा रिफरेन्सको रुपमा काम गर्नका साथै जिन्यसको ट्रान्सक्रिप्सनको बारेमा थप ज्ञान दिन्छ।
डिस्क्लेमर
यहाँ भएका धेरै जस्तो नियमहरू अंग्रेजी भाषासँग मिल्न जान्छ।
नयाँ गीतको सहि गीतांश सबैभन्दा पहिले दिनुमा जिनियस समुदाय गर्भ गर्छ। हामी आफ्नो शंख्याशुची अझ बढाउन पुरना गीतहरू पनि शंकलन गरिरहेका छौं।
जसले पनि एडीडी आ सोङ मा गएर नयाँ गीत थप्न सक्छन्। —> थप जानकारीको लागि
व्याकरण (अक्षर, शुद्धता, अन्य)
कम्तीमा पनि दुई पटक दोहोराएर हर्नुहोला
अन्कलाई उच्चारणको रुपमा लेख्नुहोला
प्रश्न चिन्ह
क्वोटेशन मार्क्स
हाइफेन्स एएनडी ईएम दशेस
सबै गीतांश गायकले जाएको अनुसार लेख्नुहोला
नबुझ्ने शब्दहरू
यदि शब्द नबुझेमा [?] को प्रयोग गर्नुहोला
एपोस्ट्रोफेस
अलवेज उसे एपोस्ट्रोफेस ह्वेन व्रिटिङ कन्ट्र्याक्सन्स
उसे टाइपव्राइटर एपोस्ट्रोफेस/क्वोटेशन मार्क्स
अन्यएडी-लिब्स / ओथर
सबै एडी-लिब लेख्नुहोला
उल्टो शब्दहरू लेख्नुहोला
योडेलिङ/स्क्याटिङ
अक्षेर शुद्धा बाहेक, पढन सजिलो र मिलाएर लेख्नु जिन्यसको एउटा मुख्य हिस्सा हो ।
गीतांश स्ट्रिमिङ भर्सन सँग मिल्नु पर्छ
।
गीतको पदको नाम लेख्नुहोला
दोहोरीएको सबै अंग लेख्नुहोला
ट्रान्सक्रिप्सनलाई पंक्तिहरुमा तोड्नुहोला
यदि गीत अंग्रेजी बाहेक अरु कुनै भाषामा रेकर्ड गरिएको छ भने हेडर समावेश गर्नुहोला
ध्वनि प्रभावहरु तारा चिन्ह भित्र लेख्नुहोला
सेन्सर गरिएका शब्दहरू/अश्लिल शब्दहरु शृंखलाबद्द तारा चिन्हको रुपमा लेख्नुहोला
सहायक संगीतहरु जिनियसमा [इन्स्ट्रुमेन्टल] ट्याग प्रयोग गारेर हाल्नुहोला
अतिरिक्त गीतको संसाधनहरू जस्तै अनुवादन र रोमानिकरणहरु जीनियसमा थप्दा प्राथमिक गीतको पृष्ठबाट अलग पृष्ठमा थप्नुपर्छ:
रोमानीकरण गरिएको गीतांश
अनुवादन
प्रत्यक्ष सम्पादन: धरै प्रयोगकर्ताहरूले गीतांशको माथि र पृष्ठको हेडरको मुनिको एडिट लिरिक्स बटन क्लिक गरेर गीतांश सम्पादन गर्न सक्दछन् -> थप जानकारीको लागि
लिरिक सम्पादनको प्रस्ताव: हामी अहिले प्रस्तावित लिरिक सम्पादन सुविधा रोल आउट गर्ने प्रक्रियामा छौं। यो सुविधाले प्रयोगकर्ताहरू र गैर-प्रयोगकर्ताहरू जसलाई प्रत्यक्ष सम्पादन गर्ने अधिकार छैन, उनिहरुलाई गीतको गीतांश सम्पादन प्रस्ताव गर्न अनुमति दिनेछ। प्रस्ताव पेस गरेपपछि, मूल गीतांशमा एकीकृत हुनु अघि राम्ररी समीक्षा गर्नुपर्नेछ। तपाइँ यस फिचरको रोलआउटमा अप-टु-डेट रहन चाहानुहुन्छ भने लागि यस थ्रेडलाई फोलो गर्न सक्नुहुन्छ।
लिरिक सम्पादन प्रस्ताव कसरी राख्ने
प्रस्तावित लिरिक सम्पादनहरूको समीक्षा कसरी गर्ने
प्रस्तावित लिरिक सम्पादनमा अधिक जानकारीको लागि
हाम्रो प्रस्तावित लिरिक सम्पादन सुविधाले सबैजसो लिरिक सुधारहरू समेटेपनि, कहिलेकाँही प्रयोगकर्ताहरूले आफ्ना सुझावहरू गीत पृष्ठहरूको अन्य क्षेत्रमा छोड्ने गर्छन्। त्यसतो सुधारहरू सम्बन्धित वातावरणमा सम्हाल्नको लागि सम्पादकहरूको लागि उत्तम अभ्यासहरू यहाँ उल्लेख गरिएका छन्:
गीतांशको तल भएको टिप्पणी सेक्सनमा -> यदि ठीक छ भने अपभोट गर्नुहोस् र स्वीकार गर्नुहोस्, गलत भए अस्वीकार गर्नुहोस्
एनोटेसनको तल भएको टिप्पणी सेक्सनमा -> यदि ठीक छ भने अपभोट र अभिलेख गर्नुहोस्, गलत भएमा अभिलेख मात्रै गर्नुहोस्
क्यूएसडब्ल्यू + आ भागमा प्रश्नको रूपमा -> यदि ठीक छ भने अपभोट र अभिलेख गर्नुहोस्, गलत भएमा अभिलेख मात्रै गर्नुहोस्
एनोटेसनको रूपमा -> यदि ठीक छ भने स्वीकार गर्नुहोस् + मेटाउनुहोस्, गलत भए अस्वीकार गर्नुहोस्
अप्रकाशित गीतहरू (गीतको छोटो अँश र प्रत्यक्ष प्रदर्शन प्रीमियर)
अप्रकाशित गीतहरू निम्न सर्तहरू मध्ये कुनै एक लागू भएमा मात्र जीनियसमा थप्नुहोला:
गीतको छोटो अँश अथवा पूर्ण गीत देखापरेको छ वा गीत प्रत्यक्ष प्रदर्शन गरिएको छ भने
एक आधिकारिक स्रोत द्वारा गीतको शीर्षक जारी गरिएको छ भने
कुनै पनि अवस्थामा, तपाँईले स्रोतको उद्धरण गर्नुपर्नेछ। गीत साइटमा थपिए पछि, निम्न जानकारीका साथ गीतको बायो सिर्जना गर्नुहोला:
यो अप्रकाशित गीत पहिलो पटक कहिले / कहाँ जारी गरीएको थियो वा सुरुमा यो गीत कहाँ देखापरेको थियो
यदि मिल्छ भने, भिडियो / अडियोमा लिंक गर्नुहोला
उदाहरण: यो गीतको छोटो अँश सुरुमा मार्च २, २०१८ मा वर्तिका एम राईको इन्स्टाग्राम स्टोरीमा देखा परेको थियो।
जीनियसमा अप्रकाशित एल्बमहरू थप्ने बारे
यदि एक संगीतकार एक परियोजनामा काम गर्दैछन् भनेर घोषणा गर्छन्, तर शीर्षक घोषणा गरिएको छैन भने, तपाईं संगीतकारको नामको पहिलो अक्षर र त्यसपछि त्यो अंक जुन संगीतकारसँग सम्बन्धित डिस्कोग्राफीमा भएको एल्बम सँख्यासँग मेल खान्छ, प्रयोग गर्न सक्नुहुनेछ। उदाहरण को लागी, यदि वर्तिका एम राईले आफ्नो तेस्रो स्टुडियो एल्बम जारी गरिन् भने, त्यसको शीर्षक आधिकारिक शीर्षक घोषणा नगरे सम्म व५ हुनेछ।
संगीतकारलद्वारा एल्बमको शीर्षक घोषणा गरिएको छ भने, यसलाई सामान्य रूपमा जीनियसमा थप्न सकिन्छ।
अप्रकाशित एल्बममा ट्र्याकहरू थप्नेबारे
यदि एक रिलीज नगरिएको एल्बमको ट्र्याकलिस्ट आधिकारिक रूपमा जारि गरिएको छैन भने, केवल निम्न ट्र्याकहरूमात्र थप गर्नुहोला:
परियोजनामा देखा पर्ने भनेर आधिकारिक रूपमा पुष्टि भएका गीतहरू
हालै विमोचन गारिएको र अघिल्लो एल्बमा नभएको एकलहरू
हालै निकालिएको गीतको छोटो अँश वा पुष्टि गरिएका शीर्षकहरू
ट्र्याक संख्याहरू -> ट्र्याकसुची आधिकारिक रूपमा घोषणा नभएसम्म ट्र्याक संख्या खाली छोड्नुहोला—ट्र्याक संख्या थप गर्नाले पृष्ठलाई उच्च प्रामाणिकता दिन्छ।
एल्बमको बारे लेख/बायो -> बायो भागमा कहिले र कहाँ शीर्षक र कलाकृति (यदि लागू भएमा) घोषणा गरियो भन्ने जानकारि दिने स्रोतहरू समावेश गर्नुपर्दछ । यदि एल्बमको ट्र्याकसुचि अझै परिकल्पिक छ भने, एल्बम बायोको शीर्षमा बोल्डमा निम्न कुराहरु थप्नुहोला:
यो ट्र्याकसुचि अझै अपुष्ट छ। यस ट्र्याकसुचि हालैको एकल, गीतको छोटो अँश, स्ट्रिमिंग सेवाहरू, प्रो को र सामाजिक संजालबाट प्राप्त गीत शीर्षकहरू जम्मा गरी बनाईएको हो। यो पूर्ण रूपले परिकल्पिक छ र संगीतकार द्वारा पुष्टि गरिएको छैन। यस एल्बमबारे अधिक जानकारी पाएमा हामी यो ट्र्याकलिस्ट अपडेट गर्नेछौं।
जीनियसले सबै कुरा ट्रान्सक्राईब गर्दछ! यो संगीत, कविता, लिपि होस् वा अरू केहि होस्, हामी सबै कुरा ट्रान्सक्राईब गर्छौं।
अझै गहिरोमा जान्न चाहानुहुन्छ?
पर्खनुहोस्, अझै कुरा बाँकिनै छ! तपाईंले मूल कुरा त थाहा पाउनुभयो र ट्रान्सक्राइबेशनमा शौकिन हुनुभएकाो छ भने, यसरी तपाईं आफ्नो ट्रान्सक्रिप्शन खेललाई अर्को चरणमा लैजान सक्नुहुनेछ:
विमोचन पात्रो/ रिलीज क्यालेन्डर
हाम्रो रिलीज क्यालेन्डरबाट ट्रान्सक्रिप्शन र यसलाई अपडेट गर्नु हानीलाई मद्दत गर्ने उत्तम उपाय हो! जब तपाईं रिलीज क्यालेन्डरमा फेला परेको गीत ट्रान्सक्राइब गर्नुहुन्छ, गीत हालिएको छ भनेर संकेत गर्न तपाई या त सम्पादन गर्नसक्नुहुन्छ या त एनोटेसनमा टिप्पणी छोड्न सक्नुहुन्छ।
धेरै चहलपहल हुने गीतको ट्रान्सक्रिप्शन गर्न
हामी सबै यहाँ पहिले पुगीसकेका छौं—सबै जना लोक प्रिय र ठूला प्रकाशनका गीतहरू ट्रान्सक्राइब गर्न चाहान्छन्। जब सबै जना एकै चोटी ट्रान्सक्राइब गर्न खोज्छन् तब त्यो काय्रो पुरा गर्न थप कठिन र समय खाने बन्न पुग्छ। अब सबैलाई रोक्न त मिल्दैन, तर यसलाई सजिलो भने बनाउन सकिन्छ, कही उपायहरू:
धेरै चहलपहल हुने गीतलाई कसरी ट्रान्सक्राइब गर्ने
धेरै चहल पहल हुने गीतका उदाहरण
खाली पात्रो/गीतको बोक्रा
खाली पात्रो/गीतको बोक्रा भनेको के हो?
खाली पात्रो/गीतको बोक्रा कसरी बनाउने
कम उत्तेजित गीत/प्रकाशित नभएको गीत
धेरै उत्तेजित गीत
नक्कली गीतको पात्रो मिलाउने
नक्कली पात्रो भनेको के हो?
नक्कली पात्रो कसरी थाहा पाउने?
नक्कली पात्रोको पत्तो लगाए पछि के गर्ने",916
817,Thamel - (Skit),Bluesss,romanized,"*फोन रिङ्स*
हेल्लो, स्पार्क
हेल्लो, ब्रो, के चा, यार?
आह, थिक चा, यार. तिमी आजा के गर्दै चौ?
आजा खे टा गर्दै चुइन, यार
येउटा जीआईजी जाने हो? मेरो साथी ले बजाउँदै चा
काटा हो, यार?
येतै थमेल तिरा
एह, हुन्चा, ब्रो
ला हाई टा. भेटम हाई टा
ला...
ला, यार
*बाइक स्टार्टस*
के येही हो थमेल?
आह, यार, येही हो
चुरोट चा हजुर संग?
आह, चा नि लाइटर चाई चाइन, यार, ब्रो
आह, ठीकै चा, जुम
लादिज एएनडी जेन्टलमेन गिवे आइटी आ बिग राउन्ड ओएफ अपलाउस फोर ब्लुएस
ला",80
818,Gainey Dajai,Trishna Gurung,nepali,"गाइने दाजैले सारङी रेत्दामा
हुरुक्कै हुन्छ मन मेरो ए साँहिला तिमीलाई देख्दामा
हुरुक्कै हुन्छ मन मेरो ए साँहिला तिमीलाई देख्दामा
छम्छमि नाच्छु भन्थे दम्फुको तालमा
ढुक्ढुकी मेरो बढ्छ नि ए साँहिला तिमीले हेर्दामा
ढुक्ढुकी मेरो बढ्छ नि ए साँहिला तिमीले हेर्दामा
मोहनी जादु छ सितल हावामा
मिठा मिठा कुरा गरी यो मुटु चोरन
मोहनी जादु छ सितल हावामा
मिठा मिठा कुरा गरी यो मुटु चोरन
लौन हेर तानिए आज राजा तिम्रो बोलिमा
गाइने दाजैले सारङी रेत्दा मा
हुरुक्कै हुन्छ मन मेरो ए साँहिला तिमीलाई देख्दामा
गुन्जी रहेको छ यो धुन तिमी पनि सुनन
माया पिरतिको भाकामा केहि त बोलन
गुन्जी रहेको छ यो धुन तिमी पनि सुनन
माया पिरतिको भाकामा केहि त बोलन
लौन हेर तानिए आज राजा तिम्रो बोलिमा
गाइने दाजैले सारङी रेत्दा मा
हुरुक्कै हुन्छ मन मेरो ए साँहिला तिमीलाई देख्दामा
छम्छमि नाच्छु भन्थे दम्फु को तालैमा
ढुक्ढुकी मेरो बढ्छ नि ए साँहिला तिमीले हेर्दामा",126
819,Aau Hida Ma Sanga,Samriddhi Rai,romanized,"भेट्टै रा घुचाए खेल्ने
माटो मा लार्दै पार्दै
हुर्कियेछ चलाई पायेन
बालापन को सम्झना
अझै ताजा यो म्यान मा
चाहे, तारा फर्की आयेन
आखा झिमिक्कै गर्दा
समय ले कोल्टे फेरेचा
रफ्तार यो जीवन को
नरोकिने बेगा यो
हिजो ना भोली केही चाइन हात मा
भैगो सब चोडा आउ हिडा साथ मा
यात्रा यो, जीवन हाम्रो, जीवन हाम्रो
यात्रा यो, जीवन हाम्रो, जीवन हाम्रो
एकदिन घुमाउला त्यहा
रमाइलो हुन्चा जाहा
खाइ त्यो दिन आउदै आयेन
उमेर बढ्दो चा साथी
जिम्मेवारी काढै माथि
जिबित तारा जिउनु भ्यायेन
आखा झिमिक्कै गर्दा
समय ले कोल्टे फेरेचा",71
820,Budi Maau,Pilot (Nepal),nepali,"साँझ परे पछी झन् बडी तिम्रो यादको बाडी आउछ
छतको डिलमा बसी प्रयास गर्छु ज्यानको बाजी लाउन
तिम्रो यादले धकेली मन लाउँछ मलाई माथी आउन
तर गर्ह्रो छ रे आत्मा हत्याराले माफी पाउन
बुडीमाउ ! तिमि जस्तो साथी पाउन
गाह्रो छ किनकि छाड्ध्यो भाग्यले नि हात मिलाउन
चाउरी पर्या खुट्टा सम्झी ढोग गरे आशिक पाउन
मनको मान्छेलाई खुसि राख्न पर्दैन कासी धाउन
अत्ति गाह्रो आमा अत्ति गाह्रो भाको छ
तिमि फर्की आउदैनौ भनि मदिराको खाँचो छ
समस्या मेरो होइन ! यो तट्पीराको आँतको छ
मेरो सत्रु हो समस्याको हाल बिनाको पासो त
टिका लाइदेउन चोलीमा लुकाको पैसा निकाल
रातै भएनि दुखि छ असोज महिना निधार
के तिम्ले पनि ति दिनहरु सम्झिरा को छौ आमा
तिम्रै बास्ना आउछ हरेक बगिराको खोलामा !
फर्की आउन आमै मलाई तिम्रो निकै खाँचो छ
तिमि बिते देखि दिनहरु त बित्नै गाह्रो छ
एकछिन आउन केहि दिनु छ तेसैले डाक्दैछु
तिम्ले लान भुल्य सम्झना पोको पारि राख्दै छु
फर्की आउन आमै मलाई तिम्रो निकै खाँचो छ
तिमि बिते देखि दिनहरु त बित्नै गाह्रो छ
एकछिन आउन केहि दिनु छ तेसैले डाक्दैछु
तिम्ले लान भुल्य सम्झना पोको पारि राख्दै छु",158
821,K Garna Sakchu?,GXSOUL,romanized,"दिन्छु भन्थ्यौ चोखो माया
तारा आजा ताधा भयौ
गुम्सी रह्यो टिटो मर्मा
अधुरो देख्छु माइले
हेर्ने त्यो सीमाना आजा
मान दुल्चा खुसी बाट
सुन्यतामा किना दिना सकिना माइले
जस्तो पबित्र माया
अनि रन्किन्छु, भड्किन्छु
सम्झिन्छु, आतिन्छु
तिम्रो साथ मनले खोज्दा
आफैलाई ढिकार्छु, नकार्छु
तिम्रो साथ आश तिम्रो चाइन
नाश गर्दै चु सम्झना
बाधा अध्चन लाई
कुल्चना खोज्दैछु
मा तिम्रो अस्टिटो मेटाउन
याद गरा त्यो पाल जाबा
तिमी बनी रानी भन्थ्यौ
मलाई तिम्रो राजा
नाशामा तैरेचु आजा फुक्दै यो गजा
टीआइ गल्ली तिरै हुन हामी भेट्ने साझ मा
मेरो मास्टिसका मातिन्छ तिम्रो सम्बन्ध
अरू पुरसुः संग गासिदा
मासिदा मेरो सम्बन्ध
अनि आफ्नो प्रिये माँचे
अरू सँगै तासिदा",80
822,"Bujina Maile (From ""Boksi Ko Ghar"")",Samikshya Adhikari & Prakash Saput,nepali,"शिरैमा सिन्दूर, आहा
गला मा पोते, आहा
धोती र चोली, आहा
घुम्टो र डोली, आहा
हे, शिरैमा सिन्दूर, आहा
गला मा पोते, आहा
धोती र चोली, आहा
घुम्टो र डोली, आहा
छमछम हातैका चुराले
रमझम रपेका कुराले
म बाँधिएकी हुँ या सजिएकी हुँ?
बुझिन मैले, बुझाइ देऊ कसैले
बुझिन मैले, बुझाइ देऊ कसैले
बुझिन मैले, बुझाइ देऊ कसैले
हे, बुझिन मैले, बुझाइ देऊ कसैले
आकाशै बढूँ, पतलै बढूँ
भूतप्रेत बढूँ, हे, वीर मसान बढूँ
हे, डन्किनी बढूँ, हे, पिचासै सबै बढूँ
हे, खोला बढूँ, रुख बढूँ, चासुरै बढूँ",71
823,Ek Fera Najar,Akash Khadka,nepali,"एक फेर नजर मिलाई हेरी देउन
मायाले केहि शब्द बोली देउन
अप्ठेरो भएको हो भने, भनि देउन
रिसाको छौ भने तिमी फकाईदिउला म
यी आँखा सधै खोजी रहन्छ
तिम्रै दृश्य पाउनलाई
डराए नि यो मन मेरो
माया गर्छ तिमीलाई
थाहानै होला तिमीलाई यो
मनको कुरा हा-हा
देखे नि न देखे जस्तो नगरी देउन
मनको कुरा तिमी भनि देउन
माया त गर्छु तिमीलाई भन्नै सक्दिन
डराउछ मन मेरो तिमीलाई नजिक पाउदा त
इशारा मेरो बुझि देउ
यी आँखाहरु पढि तिमी
रुवाउदिन तिमलाई कहिले
हँसाई रहन्छु सधै भरि
चाहन्छु तिमीलाई म आफु
भन्दा धेरै",74
824,Kasaile Sodha,Nepathya,nepali,"कसैले हो हो हो
कसैले सोधे कुन हो तिम्रो गाउँ
काधँमा मेरो जहाँ घाम लाग्छ
स्वर्गको छेउ जहाँ मन लाग्छ
म भन्छु हजुर यही हो मेरो देश
कुरा नलुकाई भन्न मन लाग्छ
आँखा छ हाम्रो आँखा छ हाम्रो
तर देख्छ अरुले
कलम छ हाम्रो कलम छ हाम्रो
तर लेख्छ अरुले
गाउँ छ हाम्रो गाउँ छ हाम्रो
तर बस्छ अरुनै
जीवन छ हाम्रो जीवन छ हाम्रो
तर खेल्छ अरुनै
हो हो हो
बहिनीलाई खोजे नौगेडी भरि
पुछेको उसको सिन्दुर भरि
दिदि लाई खोजे सिरबन्दी छ कि
त्यो रातो लाछा केसमा छ कि
चारआनी भरि सुनको फुली
भाईटिका भरि आसिस चुली
आँखामा आसु मनमा बह
सयपत्री माला मायाको दह
आम्मै हो हो हो हा है हा है हो
आम्मै हो हो हो हा है हा है हो",101
825,City Breathing,DJ Bishow,nepali,"आई डोन'टी वान्ट आ ट्रेजर फुल्ला गोल्ड
आई जस्ट वान्ट आ लेसन थाट क्यान ग्रोव
मे एएस आ पर्सन मे एएस आ ह्वोले
ह्वाट आइएस इटर्नल आइएस थे एसेन्स ओएफ थे साउल
सो आई'एम सेन्डिङ माइ मेसेज टो थे फोएस
होपे थे गेट इभरिथिङ थे वान्ट सो थे क्यान गो
एएनडी लिव मे एलोन आई डोन'टी वान्ट ड्रामा
एएलएल आई वान्ट आइएस जय कृष्ण हरे रामा
सिङ अलोङ
क्लिम्बिङ माउन्टेन्स फोर थे विवे
क्रोस थे रोड एएनडी राइवर्स टो
आई'वे बीन वाल्किङ एएलएल एलोन ट्रिन्ना फिन्ड माइ होम टो स्टार्ट फ्रेश एएनडी न्यू
बुट थें आ लाइट आइटी यूपी थे डार्क
आइटी वास राइट थेरे फ्रोम थे स्टार्ट
थे ओन्ली होम आई इभर फिन्ड थे पीस आइटीएस राइट हेरे आइएन माइ हर्ट
ग्रिड आइएस बड इन्डीड
नेवर हाड नो एक्सपेक्टेसन्स टो थेसे
मोनी एएनडी फेम वास्न'टी थे रियासन आई गोट इन्टो थिस गेम
एएनडी आइटी विल नेवर बे थे समे
ह्वेन योउ स्टार्ट गेटिङ हाते ओन युर नामे
मान ट्रस्ट मे थिस शीत कम्स विथ आ फी
योउ गोट्टा पे थे प्राइस
आइटी'स लिके रोलिङ आ डाइस
ग्याम्बलिङ लाइफ
जस्ट टो सर्विव
गोड्स प्लान एटी थे ईएनडी ओएफ थे नाइट",171
826,Gahiro,Salil Maharjan,nepali,"गहिरो तिम्रो माया मा
डुब्दै छु म तिम्रो मुटुको कुना मा
गहिरो तिम्रो आँखा मा
हेर्दै हेर्दै जान्छ समय थाहै नपाउदा
आशा गर्दै छु म
तिमि पनि यहि गहिराइमा दुबी मलाई हेरन
मन मा भिभिन्न प्रश्न आउदै छ
ति प्रश्नका उत्तर तिम्रै माया मा छ
साहारा मेरो सगर त्यो तिम्रो
डुब्दै छु म एक्लै गहिरो बिस्तारै",47
827,Aath Din,The Shadows 'Nepal',nepali,"यो कालो रात सहनै गाह्रो
त्रासमा जीवन बिताउन
यो सपना ब्यर्थै छ अनौठो
जीवन सारो बनाउन
सात दिन र सात रात बढ्दै छ समय
फेरि कस्ले दिने अर्को दिन
सपनाको देशमा टुक्रेको भबिस्य
दुखै दुख छन हरेक छिन
पिरले पिरेको दुखले चिरेको
फेरि कस्ले दिने अर्को दिन
मौनता र चुपचाप सहदै बसे म
फेरि कस्ले दिने अर्को दिन
यहाँ को सँग छ अर्को दिन
त्यो आठ दिन
त्यो अर्को दिन
त्यो आठ दिन
समय अनौठो आश बोकि ल्याउछ
नयाँ परिवेशको चित्र बनाउछ
यो मेरो त्यो तेरो
पिराउदै जान्छ अर्को दिन
त्यो आठ दिन
त्यो अर्को दिन
त्यो आठ दिन
याआआआआआआ",77
828,Kanchhi Chitwan,Raju Lama,nepali,"जाउँ कान्छी चितवन
जिन्दगी बिताउन
नाम त मेरो झिल्के साँइलो
मवाली मेरो हुकुन छ
सानुमा माया सरर
लाउन लाई के हुन्छ
हुर्ररररर
जाउँ कान्छी चितवन
जिन्दगी बिताउन
हा हा
सानोमा सानो जालीमा रुमाल
धुँदैमा फाटने
तिम्रो र मेरो माया को
गाउँ घरले कुरा काटने
हुर्ररररर
जाउँ कान्छी चितवन
जिन्दगी बिताउन",34
829,Laharebar,Aruna Lama,nepali,"लहरे बर, घुमाउने चौतारी
लहरे बर, घुमाउने चौतारी
बह पोख्ने ठाउँ छैन
मन बुझाउने गाउँ छैन
बह पोख्ने ठाउँ छैन
मन बुझाउने गाउँ छैन
वैरागीको मनलाई बरिलै
वैरागीको मन बरिलै
लहरे बर, घुमाउने चौतारी
आकाशको कालो बादल मन भरि छायो
आकाशको कालो बादल मन भरि छायो
हाँस्ने खेल्ने उमेरलाई केले हो रुवायो
हाँस्ने खेल्ने उमेरलाई केले हो रुवायो
माइतीको आस, वनिबास, जिउको नाश बरिलै
माइतीको आस, वनिबास, जिउको नाश बरिलै
लहरे बर, घुमाउने चौतारी
डाँडामाथि झुल्के घाम, आँखामा छ रात
डाँडामाथि झुल्के घाम, आँखामा छ रात
आफन्तको भिँड बिच कोहि छैन साथ
आफन्तको भिँड बिच कोहि छैन साथ
कहाँ हो मेरो गाउँ, कुन हो ठाउँ, केहो नाउँ बरिलै
कहाँ हो मेरो गाउँ, कुन हो ठाउँ, केहो नाउँ बरिलै",97
830,Kalpanik,Ronit Maharjan,nepali,"गीतैको तालैमा झुमैं
गोरेटो भिड्मा नाँचौं
पागल जस्तै सपनाको पछि भगैं न
तिमी रोयौ भने आँशु पुछौलि
तिमी हाँस्यौ साथ दिउँला
यसरी झुमैंला, संसार हिँडैला
हामी दुबै मिली घुमैला
दुनुयाँको पर्वा नगरी बाँचैंला
बादल माथी हाम्रो महल
हरेक बिहान नयाँ शहर
खुल्ला आकाशमा ताराहरू गनौंला
गत्वयमा फेरी हिँडैला
तिमी थाक्यौ भने साथ दिउँला
तिमी आट्यौ सागर तरैंला
तिमी रोयौ भने आँशु पुछौलि
तिमी हाँस्यौ साथ दिउँला",51
831,Bad Lxve,Zac Rai,nepali,"येअह, योउ गोट थाट बड, बड, बड, बड लोव
येअह, योउ गोट थाट बड, बड, बड, बड लोव
झ्याउ लागि सक्यो बड, बड, बड, बड लोव
चाहिँदैन मलाई सद लोव, एएनडी थाट'स बड, लोव
येअह, योउ गोट थाट बड, बड, बड, बड लोव
येअह, योउ गोट थाट बड, बड, बड, बड लोव
झ्याउ लागि सक्यो बड, बड, बड, बड लोव
चाहिँदैन मलाई सद लोव एएनडी थाट'स बड, लोव
योउ गोट थाट बड लोव, मेक्स मे सद, लोव
बुढो भयो सुन्दा-सुन्दा तिम्रो गफसफ
येअह, आई नीड थाट बड स्टफ, तिम्रो हरकत (हरकत)
जबरजस्त छ तिम्रै-तिम्रै नै यो चहलपहल
योउ गोट मे वन्डरिङ, वन्डरिङ
गोट मे क्वेसनिङ, क्वेसनिङ
तिम्रो त्यो झुटो माया नपोख
मेरो यो चोखो माया नखोज
एएनडी आई केएनओडब्ल्यू थाट योउ गोट बड लोव
मेब 'काउस योउ गोट आइटी बड, लोव
होव डिड योउ गेट आइटी सो बड, लोव?
एएलएल आई केएनओडब्ल्यू आइएस",130
832,Neetesh Jung Kunwar - Samhalirakha,Genius Romanizations,romanized,"हिडेको चु मा बसोबासै छाडी
समाज रा घरा दुबैलाई बिदा मागी
गन्तब्य कुनी काहा चा ठहा भयेन
सराई नै एकलो कम्जोर चाई हैन
टुटेका सपना मेरो खाल्ती भित्र
जिन्दगी भयो नबिकेको चलचित्र
साथी भाई छन् यहा मदत गर्न
निर्णय आफ्नो कसैला दुःख दिन्न मा
सुना
गुनासो केइ चाइन भाग्य संग
पाची नहेरी कोर्ने चु मा यो आफ्नो करमा रेखा
जलन ले भरियेको म्यान तिम्रो सम्हाली राखा
संसारै ब्यस्त कमियाबी को दौड मा
धना ले आत्म चिन्नै सकेन
प्यारी ले भाँचिन् चल्यो बिहे को कुरो
फर्कने मेरो टुङ्गो नै चाइन
जे॰एस जस्तो भयो हेरा हिजो को दिन मा
याद हरू मुटु भित्र संगाल्नु चा
भोली के॰एस हुन्चा यहा जाँकरी कसलाई
अखिरमा सत्रुलाई नि अँगाल्नु चा",95
833,Nasai Chyaba,Nepathya,nepali,"हो
हो
नाँसै छ्याँबा मनो ह्युल
हो, रिमे ज्यो
हो, रिमे ज्यो
वैशाख पूर्णे उँभौली लाग्या
हिमाल काट्यो चरीले
वैशाख पूर्णे उँभौली लाग्या
हिमाल काट्यो चरीले
चकितै पारी लाएको माया
सम्झ्यो कि पापीले
मायाको याद मीठो, मायाको याद मीठो
उजेलो, उजेलो, उजेलो, उजेलो
हिमालचुली त्यो पल्लोपट्टि
पानी पर्छ, पर्दैन?
हिमालचुली त्यो पल्लोपट्टि
पानी पर्छ, पर्दैन?
हिउँ पर्ने डाँडा काटेर आएँ
भेट हुन्छ, हुँदैन?",47
834,Thahai Napai,Aruna Lama,nepali,"थाहै नपाई यहाँ मेरो जिवनको ज्योति निभेछ
यादै नपाई मेरो भाग्यको घाम डुबेछ
खुशीहरु मदेखि तर्सि भागिदिन्छन्
वसन्त मदेखि किन लुकेछ
थाहै नपाई त्यहाँ मेरो जिवनको ज्योति निभेछ
यादै नपाई मेरो भाग्यको घाम डुबेछ
सोध ए मान्छे, जिवन दुखेका कुराहरु
खोज ए मान्छे, जिवन भत्केका कुराहरु
सोध ए मान्छे, जिवन दुखेका कुराहरु
खोज ए मान्छे, जिवन भत्केका कुराहरु
बाँच्नै हो भने म पनि बाँच्न पाउँ
हाँस्नै हो भने म पनि हाँस्न पाउँ
थाहै नपाई यहाँ मेरो जिवनको ज्योति निभेछ
यादै नपाई मेरो भाग्यको घाम डुबेछ
ज्वालामा जल्दा कोहि यहाँ हाँस्छन्
व्यथाले पोल्दा मलाई पागल भन्छन्
ज्वालामा जल्दा कोहि यहाँ हाँस्छन्
व्यथाले पोल्दा मलाई पागल भन्छन्
सुन ए मान्छे, म पनि तिमी जस्तै हुँ
बुझ ए मान्छे, सुन्यतामा म मात्र किन रोउँ",102
835,Salbalauney Sarpaharu,Mc Flo,nepali,"सबै थियो सपना दुईटा कुरा मनमा
हुनु पर्छ आफु राम्रो छुनु पर्छ चन्द्रमा
बन्ने छु म दामि मुला, हेरी बस तँ त भन्दा
सलबलाउने सर्पहरुको भाला हान्छु गर्दनमा
गर्जन मेरो सिह हस्तो स्यालहरु थर्कमान
फ्लो झन बलियो हुदै हरेक बर्ष बर्षमा
भाव धेरै लुकेका छन शब्दहरुको अर्थमा
बुझ्न मलाई मन भए शब्दहरुको अर्थ जान
राख्दा मैले परस्ट भाव नेपहपलाई स्वास्थ लाभ
फेक रयापरहरुलाई गर्दे भर्ना तैले अस्पताल
फ्याक्छु म शब्दजाल झिन्गाहरु सङ्कटमा
हेट गर्दै बस कुन दिन भेट्छस तैले कन्चटमा
मेरो गित मन नपरे, के गर्नु त मलाई बाल ?
कुकुरहरुलाई घ्यु जस्तै, आफु आफ्नो गुलो चाट
हुर्के म त धुलोमा, सफा बोल्न जान्दिन
फेसबुकमा भुक्ने तोर्प खातेहरुलाई ध्यान दिन्न
बोलि मेरो चुम्मक जस्तो आफु तिर तान्छु कान
शब्दलाई म दिन्छु प्राण बाढ्छु सबलाई भि्तरि ग्यान
हिजो आज ध्यान मेरो एउटै कुरा, जित्नमा
पच्दैन राम्रो भाको गिध्दहरुलाई मित्रता
खुबि मेरो बिशेष छ मान्छेहरु चिन्नमा
डर छैन तेई भएर एक्लै पनि हिन्नमा
नबोलेनि देख्ने गर्छस धेरै कुरा चित्रमा
सोच्दा सोच्दै मेरो कुरा लाग्ला तलाई रिङ्गटा
कैद हुने हरुलाई लाग्छ सब थोक आफ्नो पिन्जडा
मैले जस्तो दिनहरु देख्या छैनस जिवनमा
त र म मा भिन्नता, संसार के हो चिन्नजा
त जस्तो भाको भए आफै लाग्थ्यो हिन्नता
गुदि जति चुसेपछि हेडाहरु फालिन्छन
सुतिराको बाघ देख्दा भेडाहरु मातिन्छन
आकाश बाट उल्का झर्दा मुन्टोहरु बाङ्गिन्छन
चाहिने भन्दा बाठो हुदा खुट्टोहरु भाचिन्छन्",185
836,Zombie by The Cranberries (Chopped & Screwed & Fucked In The Ass),Tamang,romanized,"एनोथर हेड ह्याङ्स लोवली
चाइल्ड आइएस स्लोवली ताकें
एएनडी थे वायोलेन्स काउस्ड सुच साइलेन्स
ह्वो आरे वे मिस्टेकन?
बुट योउ सी, आइटीएस नोट मे, आइटीएस नोट माइ फ्यामिली
आइएन युर हेड, आइएन युर हेड, थे आरे फाइटिन
विथ थेइर ट्याङ्क्स एएनडी थेइर बोम्ब्स एएनडी थेइर बोम्ब्स एएनडी थेइर गन्स
आइएन युर हेड, आइएन युर हेड, थे आरे क्राइन
आइएन युर हेड, आइएन युर हेड
जोम्बी, जोम्बी, जोम्बी-आइई-आइई
ह्वाट'स आइएन युर हेड, आइएन युर हेड?
जोम्बी, जोम्बी, जोम्बी-आइई-आइई-आइई, ओह
डु, डु, डु, डु
डु, डु, डु, डु
डु, डु, डु, डु
डु, डु, डु, डु
एनोथर मोथर'स ब्रेकिन
हर्ट आइएस ताकिन' ओवर
ह्वेन थे वायोलेन्स काउसेस साइलेन्स
वे मस्ट बे मिस्टेकन",100
837,Sirens,Jerusha Rai,romanized,"लुलेबी फोर म्याडमेन
क्यान'टी सेपारेट थे सोङ फ्रोम साइलेन्स
ह्वेन थे स्याक्रेड ब्रेथ आइएस डान्सिङ
एएनडी आइटीएस टाइम
माइ ब्लड एएस आइएनके
आ डार्क प्लेस टो थिङ्क
एएनडी इचोएस ओएफ साइलेन्स
ब्लड रन्स थिक
मुद एएनडी स्टिक्स
योउ कोम आउट ओएफ हाइडिङ
माइ ब्लड एएस आइएनके
आ डार्क प्लेस टो थिङ्क
एएनडी इचोएस ओएफ साइलेन्स
ब्लड रन्स थिक
मुद एएनडी स्टिक्स
योउ कोम आउट ओएफ हाइडिङ
साई साई! साई साई!
योउ कोम आउट ओएफ हाइडिङ
साई साई! साई साई!
योउ कोम आउट ओएफ हाइडिङ
साई साई! साई साई!
योउ कोम आउट ओएफ हाइडिङ
साई साई! साई साई!
योउ कोम आउट ओएफ हाइडिङ
साई साई! साई साई!",87
838,Abiral Bhujel & Sanjeev Tamang - Mana Ka Kura (Maya) [Romanized],Abiral Bhujel and SNJV .,romanized,"सुना मेरा मनका कुरा केही भन्नुचा
राखे सजाई मनै भित्र अजेई भाँचुला
सुन्या सुन्या भो माँ उज्याली बनिदेउ
मेरो मान्दा मान्दा बोली तिमी अति खोलिदेउ
माया, माया
माया, माया
हिड्डा हिडै पानी किना अल्झी रन्चुमा
सम्हालेको मेरो मुटु चोरी लान्चौ रा
जुन बाटोको खोजी गर्थ्ये थ्येइ रेइचु मा
मेरो हाता समै तिमलाई हिड्न मञ्च रा
भना, भना
अखाइमा अल्झी बस्चुमा
नजिक अयी अंगलाआआआका
माया, माया,
माया, माया,
माया, माया,
माया, माया,",58
839,Adhuro,Varsha Thapa,nepali,"खाेजिरहन्छ मेराे आँखाले तिमीलाई नै
कति प्रश्न आउँछ मनमा मेराे
किन त्यति टाढा रहेयाैँ
हाम्राे सम्बन्ध फुल्न नपाई
खरानी बनी बगि गयौ
लुकी लुकी रुन्थ्याैँ हाेला
मनका कुरा कसैसँग खाेलेनाैँ
दुखकाे उज्यालोमा अल्झिदा अल्झिदैँ
आफूलाई गुमाई दियौ
अधुराे हाम्राे प्रेम
अधुराे हाम्राे कथा
कहिलेकाही खुसी लाग्छ
तिम्राे सुरुवात भयाे हाेला कतै
तर मेराे अन्त्य हुनेछ सँधै भरि
बगिरहनेछु म
वास्तविकताबाट
रहिरहनेछु म अधुराे भै
हाम्राे सम्बन्ध झैँ",50
840,Hennie Baker - Thakisake,Genius Romanizations,romanized,"झुटो बोली मात्र आउछ तिमीलाई
सझाउने गर्दथिये साधै फुल्ला झै
धेरै नै हल्ला गर्ने बनी रैचा हाई
के गर्नु अबा येस्टै नै रैचा जिन्दगी
मा कोही हैन, मा कोही हैन
आजा देखि तिम्रो लागी मा कोही हैन
थाकिसके सहदा टीआइ बाणीहरू
अबा थाकिसके सहदा टीआइ बाणीहरू
मा कोही हैन, मा कोही हैन
आजा देखि तिम्रो लागी मा कोही हैन
थाकिसके सहदा टीआइ बाणीहरू
अबा थाकिसके सहदा
थोरै, थोरै भये पानी गर्थेउनी
मलाई साचो माया म्यान देखि भन्थेउनी
अली-अली गर्दै सबै कुरा लान्थेउ ची
किना चु मा मात्र दोषी केइ टा बोलाना?
सदै आफ्नो लागी किना केइ टा सोचना?
मुटु सारी मान्छे आजा फेरी को होरा?
चिन्नै गरो भो
खोजी लाये तिम्रो लागी सारा संसार
तारा भुलिगयेउ सबै चोडी, बारबाद
भयो पुग्यो मलाई तिम्रो त्यो झुटो साथ
तेस्सैले नै",110
841,Kathmandu Saharmaa,Ankit Shrestha,nepali,"एक दुइ दिनको त कुरा हो
के कुर्न सक्छौ कि काठमाडौँ शहरमा ?
नाङ्गो पाइला सारी अगि हिदेछु, कहिले पुग्ने होला
हिजो जस्तै भोलिको दिनपनि, के तिमी गन्दैछौ ?
इ आशाको साहारा लि, उडी औनेछु बिहान कुनै दिन
के तिमी उड्न सक्छौ मेरो हात समाई ?
के तिमी लड्न सक्छौ दुइ दिन को लडाई ?
तिनचार वर्ष को समय यसरी बितेको चालै पाईन
आकाश माथि टोलाई पर्खि बसेछु
कति बेर कुर्ने होला अन्दकारमा बिताए
जाडो महिना पनि कति छिटो बितेको होला
कालो सेतो सम्झना मुटुमा रहन्न, जिन्दगि भरि
के तिमी उड्न सक्छौ मेरो हात समाई ?
के तिमी लड्न सक्छौ दुइ दिनको लडाई ?
अवरोधहरु धेरै छन्, इ सबै मेटाई
फर्की आउनेछु, सपनाहरु सझाई",99
842,Udi Jaaun Bhane,Aruna Lama,nepali,"आहै हो
उडि जाउँ भने म पंक्षी होइन
बस्नु ए लै मन छैन
उडि जाउँ भने म पंक्षी होइन
बस्नु ए लै मन छैन
खसमको मोहनी लागेर होकि
होस मेरो ए लै यहाँ छैन
फूलैफूल बिच पनि मन मेरो फूल्दैन
फूलैफूल बिच पनि मन मेरो फूल्दैन
लाखौं तारा के गर्नु मैले
त्यहाँ मेरो जून छैन
विरहको आगो निभाउन खोज्छु
आँशुले ए लै निभ्दैन
खोलाको पानी, सिन्दुरे तिर्खा
मेटाउन ए लै सक्दैन
पिरतीको सियो छैन
चित्त फाट्दा सिउँ भने
पिरतीको सियो छैन
चित्त फाट्दा सिउँ भने
चोट पनि मिठो लाग्छ
मायालुले दियो भने",72
843,Mayalu,Adrian Pradhan,nepali,"मायालु जादैछु धेरै टाढा
तिमीलाई छाडेर धेरै
टाढा टाढा
पर्खिदेऊ नदुखाई मनलाई माया
पर्खिदेऊ नदुखाई मनलाई माया
आउनेछु म चाडै फर्किएर
मायालु जादैछु धेरै
टाढा टाढा
जादैछु म धेरै सम्झना बोकेर
कहिले नछुटिने गरि सम्बन्ध गासेर
एउटै रहर हुन्छ भेट्ने हो तिमीलाई
भएर टाढा
मायालु जादैछु धेरै टाढा
तिमीलाई छाडेर धेरै
टाढा टाढा
तिमीनै हौ मेरी प्रियसी जिन्दगी
बच्न गाह्रो हुन्छ तिमी बिना एक्कै छिन
रुन्छु सधै म एकान्तमा
तिम्रै तस्बिर हातमा",54
844,Acoustic #11 (Socheko),Sareen Deoja,nepali,"सोचेको गर्न गह्रो, मागेको पाउन
जीवनमा धेरै बाटोहरू, तर एउटै समाउन
तिमी अन्तै जाने भए
तिमी अन्तै लाग्ने भए
तिमी अन्तै जाने भए
तिमी अन्तै लाग्ने भए
म पनि त संगै आउला
म पनि त संगै आउला
रोजेको पाउन गह्रो
पाएको अपनाउन
सक्दिन म आफ्नै प्रतिबिम्ब
प्रयत्न गरेर डुबाउन
तिमी अन्तै जाने भए
तिमी अन्तै लाग्ने भए
तिमी अन्तै जाने भए
तिमी अन्तै लाग्ने भए
म पनि त संगै आउला
म पनि त संगै आउला",58
845,Bandhi (AAGO🔥),Ease is Easy,nepali,"के खुल्ला छौ र हामी? के हतकडी को आदि?
के खुल्ला छ र जमिन? के बन्धी धर्तिवासी?
बुढेसकाल, बालापन बन्द कैदी हो जवानी
म सामाजिक हुदिन राख्दा खुल्ला सोच्ने बानी
के खुल्ला छौ र हामी? के हतकडी को आदि?
के खुल्ला छ र जमिन? के बन्धी धर्तिवासी?
बुढेसकाल, बालापन बन्द कैदी हो जवानी
म सामाजिक हुदिन राख्दा खुल्ला सोच्ने बानी
त्यो क्षितिज हेर्दै गन्दै ती भा'का ताराहरु
कोशिस गर्दै हाम्फाल्न पर्खाल झै बाधाहरु
छ हरेक बिरुवाको आकाश छुने आशाहरु
कैदी बनाउछन जराले दिन्छ निराशा बरु
रुख बनेर सुकेर ती हागा बञ्जर हुन्जेल
सबै पातहरु जहिलेपनी सपनालाई बुन्थे
बढिराको कद, नया उचाई कति छुन्थे
तर अझै पर लाग्ने दुरिजती कम हुन्थे
शिशिरको बतास खुल्थे एक मीठो आभास
म यो पेडि काट्न तयार हुनलाई आजाद
तर हात दिई हात फुल फक्राउने ठाउँ
आफ्नै जराहरुलाई कसरी चोट पुगाउ?
जहाँ राखेको छु मैले धुलो माटो पाउ
मेरो इतिहासलाई कसरी बाझो बनाउ?
यी जरा काटेपछी सायद दुख्नेछन घाउ
तर धर्तिमै बसेर कसरी आकाश समाउ
के खुल्ला छौ र हामी? के हतकडी को आदि?
के खुल्ला छ र जमिन? के बन्धी धर्तिवासी?
बुढेसकाल, बालापन बन्द कैदी हो जवानी
म सामाजिक हुदिन राख्दा खुल्ला सोच्ने बानी
के खुल्ला छौ र हामी? के हतकडी को आदि?
के खुल्ला छ र जमिन? के बन्धी धर्तिवासी?
बुढेसकाल, बालापन बन्द कैदी हो जवानी
म सामाजिक हुदिन राख्दा खुल्ला सोच्ने बानी
मेरो बीउ जसले रोप्यो, मल पानी हालिदियो
बर्षातको बेला मलाई घाम जसले दियो
असिना पर्दा माथी छाना थपिदियो
हावा, आधिले ठेल्दा सहारा बनिदियो
मैले हिड्न खोज्दाखेरी जरा बनेछन ती
पक्रिरहेर बसे मजबुत सम्बन्ध बनी
म कति बौलाए, कराए उड्नु छ भनी
तर बुझ्दैनन सपना मर्यादाका धनी
कति मौसम पनि पाए, कति साल पनि भए
मलाई साथ दिने माटो ढलान बन्दै गए
धेरै हातहरुले मासु छल्दै लगे
एक-एक गर्दै हागा सबको पेट भर्न जल्दै मरे
इतिहास नहेरी सायद जरा भुले होला
फल पाउन नसकेनी फुल फुले होला
त्यही नि खोजे आकाश, पाउ जमिनमै रहेपनी
बिर्से बेडिनै हो सिक्री सुनकै भएपनी
के खुल्ला छौ र हामी? के हतकडी को आदि?
के खुल्ला छ र जमिन? के बन्धी धर्तिवासी?
बुढेसकाल, बालापन बन्द कैदी हो जवानी
म सामाजिक हुदिन राख्दा खुल्ला सोच्ने बानी
के खुल्ला छौ र हामी? के हतकडी को आदि?
के खुल्ला छ र जमिन? के बन्धी धर्तिवासी?
बुढेसकाल, बालापन बन्द कैदी हो जवानी
म सामाजिक हुदिन राख्दा खुल्ला सोच्ने बानी
हरेक आएका ऋतुले सिकाउदै गए बाच्न
हिउदले कठोर वसन्त बुझाउदै हास्न
बर्षा हुदा रोए खडेरीमा चुप लाग्न
अनि आधिहुरी बाट सिके अप्ठेरोलाई काट्न
जति चिसो खादै गए त्यति जरा भए लुला
अनि आश तर भयो पार्न सपनालाई पुरा
उठ्न सक्छु कि पाउ जमिनमा नहुदा
कस्तो हुन्छ होला एकचोटी आकाश मैले छुदा
भनि काटे फेद केवल उड्नलाई मात्र
माथी पुगेपछी बुझे यहाँ सबै भैराख्छ
एक्लै कति बस्ने होला सुक्दै जाँदै छ आशा त
जब जराले त्याग्छ, आकाश धर्तिमै लाग्छ
मैले बुझे के खास छ जब सम्बन्ध रेटियो
अस्तित्व नै त्यागेसी खै के भविष्य देखियो?
शिखरमा कोहि छैन मात्र एक्लोपन भेटियो
आकाशबाट मुनि हेर्दा जमिनमै स्वर्ग देखियो
के खुल्ला छौ र हामी? के हतकडी को आदि?
के खुल्ला छ र जमिन? के बन्धी धर्तिवासी?
बुढेसकाल, बालापन बन्द कैदी हो जवानी
म सामाजिक हुदिन राख्दा खुल्ला सोच्ने बानी
के खुल्ला छौ र हामी? के हतकडी को आदि?
के खुल्ला छ र जमिन? के बन्धी धर्तिवासी?
बुढेसकाल, बालापन बन्द कैदी हो जवानी
म सामाजिक हुदिन राख्दा खुल्ला सोच्ने बानी",485
846,Kanchhi,Anuprastha,nepali,"दक्षिणकाली जादा म, माइले मलाइ भन्नू भो
कान्छी लाई रोज्ने त धेरै छन, पाउने चाहिँ त एउटै हो
त्यही पनि कान्छी मान्दिन, आफ्नै कान्छालाई चिन्दिन
त्यही पनि कान्छी मान्दिन, आफ्नै कान्छालाई चिन्दिन
लौ हेर दाजु, लौ हेर बहिनी, कस्ती कान्छी नखरमाउली
मायाले भन्दा मान्दिन, भगाएर लग्दा चाल पाउली
भन्दामा यो ज्यान तिम्रै हो, चाहिदैन भन्छे, ""भो, भो, भो
भन्दामा यो ज्यान तिम्रै हो, चाहिदैन भन्छे, ""भो, भो, भो
उमेर टाढै भइसक्यो, हामीले अरु के भन्ने?
हामी जस्तासंग नमाने, बस्नु है पर्ला बुढीकन्या
त्यही पनि कान्छी मान्दिन, आफ्नै कान्छालाई चिन्दिन
त्यही पनि कान्छी मान्दिन, आफ्नै कान्छालाई चिन्दिन
त्यही पनि कान्छी मान्दिन, आफ्नै कान्छालाई चिन्दिन
त्यही पनि कान्छी मान्दिन, आफ्नै कान्छालाई—",97
847,Aaja Hamro Bhetbhako,Udit Narayan,nepali,"आज हाम्रो भेट भाको दिन
आज हाम्रो भेट भाको दिन
नचिने झै गर्दैछौ किन?
नगर दोमन, नगर दोमन
माया लाएको होइन नभन
माया लाएको होइन नभन
होजो-अस्ती त्यही पारा भटेको
होजो-अस्ती त्यही पारा भटेको
तिम्रो माया मनमै छ लेखेको
नगर दोमन, नगर दोमन
माया लाएको होइन नभन
माया लाएको होइन नभन
माया मिठो अल्लारे बैँसामा
माया मिठो अल्लारे बैँसामा
किन्नलाई पाईदैन पैसामा
किन्नलाई पाईदैन पैसामा
माया लाउन भोलिलाई नभन
माया लाउन भोलिलाई नभन
ढल्की जाला त्यो लाली जोवन
ढल्की जाला त्यो लाली जोवन
फेरी भेट हुन्छ कि हुदैन
फेरी भेट हुन्छ कि हुदैन
नगर दोमन",76
848,Yetidherai,Aruna Lama,nepali,"यति धेरै माया दिइ मनभरि दुःख नदेउ
यति धेरै माया दिइ मनभरि दुःख नदेउ
बाटो वरपर फूल्ने पलाँस टिपि शिरमा नलाउ
यति धेरै माया दिइ
जो भाग्यमा कोरिएका सुख, दुःख स्विकार्छन्
जो भाग्यमा कोरिएका सुख, दुःख स्विकार्छन्
केहि तीता पल, केहि मीठा पल, सबै सबै स्वीकार्छन्
यि हातहरु प्रशस्त छन्, भो सान्त्वना मलाई नदेउ
यति धेरै माया दिइ मनभरि दुःख नदेउ
यति धेरै माया दिइ
यो बाटोमा कति काँढा, कति फूल टिपि हिँडे
यो बाटोमा कति काँढा, कति फूल टिपि हिँडे
कति पराई आफ्ना देखेँ, कति आफ्ना पराई भेटेँ
यो जिन्दगीको मोडमा भो साहारा मलाई नदेउ
यति धेरै माया दिइ मनभरि दुःख नदेउ
यति धेरै माया दिइ",92
849,DRAGONFIRE EXTENDED,SACAR aka Lil Buddha,romanized,"लिस्टेन, मान
थिस थाट इनर्जी
आई डोन्ट इवेन केएनओडब्ल्यू ह्वाट आइएम डोइङ मान
ट्र्याप नेपाल जस्ट माडे थिस क्रेजी फकिङ बिट फोर मे एएनडी टोल्ड मे आई शाउल्ड कोम
मान आई वास जस्ट मेडिटेटिङ यूपी आइएन थे हिमालयस मान
थिस आइएस लिल बुद्ध मान
आई फकिन मिस्स्ड योउ थो
माइ हेड्स यूपी आइएन थे स्काई आइटीएस हाइहर थान थे क्लाउड्स आरे
आई लिके टो लुक यूपी एटी थे स्टार्स एएनडी वन्डर होव फार
फ्रोम ह्वाट आई हेर एबाउट आ बिलियन बेबिज आरे डेलिभर्ड इभरी डे एएनडी सो आइटी'स लिके थे प्लानेट आइएस आ क्लोन कार
आई केएनओडब्ल्यू आइटी प्रोबेब्ली शाउल्डन'टी वर्क, बुट वे एएलएल फिट
लिके आ म्याकी डी'स प्ले प्लेस बल पित
सो लुकिए मे, आई'एम एबाउट टो जम्प यूपी आइएन आइटी एएनडी बे स्विमिङ थ्राउथ सिरिन्जेस लिके आ मोथफकिन डोल्फिन
आई माइट हावे एएन आउटबर्स्ट
टीएचеरे'स आ लोट ओएफ फ्रिकी पियोपलе ओन थे प्लानेट एएनडी आइटी मेक्स मे वान्ट टो क्रोव्ड सर्फ
इभरीबडी इभरीवेयर डिग डाउनवर्ड्स
आइटी'स ह्वाट वे वर्क फोर
पार्टी एटी थे अर्थ'स कोर!
डोन'टी ह्वेरे टो गो टो गो फार
बुट आईएफ आईएफ आई गो, थें आई केएनओडब्ल्यू आई शाउल्ड गो हार्ड
एएनडी आईएफ आई गो एएनडी आई नेवर कोम ब्याक
थें आई'एलएल सेन्ड आ पोस्टकार्ड
एएनडी आ कपल थम्बट्याक्स",193
850,SAVAGE,LIL RICEGUM,romanized,"लिल राइसगुम - सभागे
बिच एइन्ट दात मा ग्याङ, बिच आइएम डीए होत्तिए होत्तिए, बिच आइओएन वन्न क्लेम, आइएम फकिङ युर डाउगेटर मुम्मी, सेक्सी डाट्स मा चाइँ, सक ओन मा लोली लोली, थान्क गोड फोर न्यू नामे, बारु गर मलाई गाली गाली
वर्स1
बिहाना दिउषा रति खान्चम दामी दामी रक्सी, केटा हरू वालच्याल हुन्चा निकै मस्ती मस्ती, रामरी रामरी चम्म सबै माला धेरै सस्ती सस्ती, मलाई पानी थाचा काटा कस्ती कस्ती बस्ची, आई गोट गुच्छी नोट्टा ह्यामर, बड बिच डोन्ट डो नो ड्रामा, आई स्वीर ओन मा मामा, बिच आई डो आइटी लिके ओबामा, आई बीन वर्किङ हार्ड फोर क्यामेरा, डोन्ट नीड नो होएस काउस आई गोट, एर्र्बोडी वन्न शिने, एर्र्बोडी वन्न शिने, बुट थे डोन'टी वन्न पे डीए टिकेट फोर ग्रिन्ड, एएनडी आई से ओइए बाउँ ओइए मेरो कुरा सुन, मेरो गीत मान पर्दैन भनी चुप चाप लागी काँ थुन
बिच एइन्ट दात मा ग्याङ, बिच आइएम डीए होत्तिए होत्तिए, बिच आइओएन वन्न क्लेम, आइएम फकिङ युर डाउगेटर मुम्मी, सेक्सी डाट्स मा चाइँ, सक ओन मा लोली लोली, थान्क गोड फोर न्यू नामे, बारु गर मलाई गाली गाली",175
851,K ho yesto,Prince shrestha,romanized,"के॰एस हु येस्टुओ
के॰एस हु येस्टुओ
के॰एस होओ येस्टुओ
के॰एस होओ येस्टुओ
के॰एस हु येस्टुओ
के॰एस हु येस्टुओ
के॰एस होओ येस्टोओ
के॰एस होओ येस्टुओ
सबै कुरा आनौ थोओओ
सबै देख्छु मा अनौठोको
सबै कुरा आनौ थोओओ
सबै देख्छु मा अनौठो
कस्तो जादु गरेउ
आजा पर्काहदै बस्छु टिएमआरओ टीएक्सटी त्यो
रात वारी हेर्दै बस्छु
फेसबुक पोस्ट को
अरू कोही लाग्दैन खस्स
टीएमई बाहेक
के॰एस भक्को
के॰एस वाको
के॰एस वकोओ
के॰एस वाको होओ मलाई",51
852,Fatyo Ni Maiti Ko Chino,Astha Raut,nepali,"फाट्यो नि माईतीको चिनो, फाट्यो पछेउरीको गून।
सम्झेर आउँछ नि रुन।
के ले म पुछु र आँसु, के ले म पुछु पसिना।
फाट्यो नि माईतीको चिनो, फाट्यो पछेउरीको गून।
डाँडा पारी अर्को डाँडा , माईती छेकिएको।
जुगै बित्यो जन्म गाउँ, छैन टेकिएको।
दशैं गयो, तिहार गयो, निदार रह्यो खाली।
नफुल्दैमा सुक्छ क्यारे, मनबेलीको डाली।
फाट्यो नि माईतीको चिनो, फाट्यो पछेउरीको गून।
आउने जाने छैन काहीं, टुहुरीको कर्म।
दैबलाई तिर्दैछु म, कुन जुनीको पर्म।
आफ्नै जोवन सौतासरी, खसम परदेशी।
दिन पराई, रात पराई, वैरी गाउँबेशी।
फाट्यो नि माईतीको चिनो, फाट्यो पछेउरीको गून।",90
853,Akanksha,Samriddhi Rai,nepali,"मनका कुरा आँखाले गर्छौ
तर शब्द बोल्दैनौ किन?
बादल खेल्छन् आकाश माथी
अनि धर्तीमा तिमी र म
भन जे छन् लुकेका कुरा
आकांक्षा केहि नहोस् अपुरा
बदलिँदै छन् समयको प्रहर
नयाँ पल, नौलै रहर
पुराना महल, सपनाको शहर
सजाँउदै मिठो सम्झना
मौसमले ल्यायो आफ्नै गित
अनि गाँउछौं तिमी र म
भन जे छन् लुकेका कुरा
आकांक्षा केहि नहोस् अपुरा
बदलिँदै छन् समयको प्रहर
नयाँ पल, नौलै रहर
रातको अँधेरिलाई, प्यारो त्यो जुनेलि
तिम्रो मेरो मायाले ल्यायो के उजेली",62
854,End of the world,Zac Rai,romanized,"आइटी काउल्ड बे थे ईएनडी ओएफ थे वर्ल्ड, बेबी
वे माइट दिए टोडे बुट इभरिथिङ'स अलराइट
सिन्स योउ बाइ माइ साइड
टोमोररो काउल्ड बे ईएनडी ओएफ थे वर्ल्ड, बेबी
लिवेद थाट बेस्ट लाइफ, एएलएल बेचौसे योउ वेरे बाइ माइ साइड
योउ माडे आइटी सीम अलराइट
आइटी काउल्ड बे थे ईएनडी ओएफ थे वर्ल्ड, बेबी
वे माइट दिए टोडे बुट इभरिथिङ'स अलराइट
सिन्स योउ बाइ माइ साइड
टोमोररो काउल्ड बे ईएनडी ओएफ थे वर्ल्ड, बेबी
लिवेद थाट बेस्ट लाइफ, एएलएल बेचौसे योउ वेरे बाइ माइ सिडе
योउ माडे आइटी सीम अलराइट
ट्राइना चसे आ फीलिङ, बुट वे'एलएल एनеवेर फील आइटी
एभेर्याउने'स गोने, बुट नो ओनेस रियली लिभिङ
डो योउ सी मे एटी एएलएल, एटी एएलएल, एटी एएलएल
आरे योउ अफ्रेइड टो फल, टो फल, टो फल?
वे ओन्ली माके आइटी आउट एलोन
थे ट्राइना ब्यु मे एएनडी माइ साउल
होल्ड मे डाउन, डोन्ट लेट मे गो
आई डिडिएन'टी बेलिभ थाट आइटी वाउल्ड ईएनडी, नो",140
855,Mann Ko Kura,Nilesh Xavier Pradhan,nepali,"हास्ने इच्छा हुँदा हुँदै, म हास्न सकिन
बोल्ने रहर हुँदा हुँदै, म बोल्न सकिन
हास्ने इच्छा हुँदा हुँदै, म हास्न सकिन
बोल्ने रहर हुँदा हुँदै, म बोल्न सकिन
मेरो मन को कुरा तिमीलाई कहिले पनि
पोख्याउन सकिन, पोख्याउन सकिन
तिम्लाई भेट्छु भन्दा भन्दै, मैले भेट्नै सकिन
मन को कुरा भन्छु भने, मैले भन्नै सकिन
तिम्लाई भेट्छु भन्दा भन्दै, मैले भेट्नै सकिन
मन को कुरा भन्छु भने, मैले भन्नै सकिन
तिमि सामु मेरो यो आँखा
कहिले पनि जुधाउन सकिन, जुधाउन सकिन
मैले भन्नै सकिन, मैले भन्नै सकिन",74
856,Sapana,Bishesh Silwal,romanized,"हिड्दै छु मा, आजा यो गोरेटो मा
अन्धकार ले ढाकेको यो कालो संसार मा
जाता हेर्छु तेतै देख्छु खाली अन्धकार
कोर्न खोज्दै छु मा सपना को सुन्दर आकार
ठूलो चा मेरो सपना निकैनै
लड्दैछु मा, खुसी छु यो सब सिक्दैनै
हास्दै छु आजा मेरो हार वाये पानी
गर्न सक्चु माइले आफैलाई नै वनी
हिड्डा हिड्दै सयद लाद्चु होला धेरै मा
तारा चोड्ने चाइन माइले सपना पच्याउन
बन्चन सपना सब. साछो हुदैन
मानिस ले चाहेको सबै कुरा पुग्दैन
उदेस्य मिल्दैन बाटोमा रोकी हिड्न ले
भरोषा राख्नु हेरी रहेछन् माथि दैबा ले
सबै छिज दिनेछन् उनले साही समयमा
बिसवास चा मलाई हेरा आफू माथि मा
हिड्डा हिड्दै सयद, मा लाद्छु होला
तारा माइले कैले, चोड्न्ने चाइन
हिड्डा हिड्दै सयद, मा लाद्छु होला
तारा माइले कैले, चोड्न्ने चाइन..
हे दैबा, आजा मा तिमीलाई सम्झेर
प्रयास गरी र्या छु सोचेर...
प्रयास ले - नै टा हो, चन्द्रमा चुनी
नदरौ चुना सक्चौ तिमले पानी...
उः! हर्छु होला की वन्ने दारा ले सताउला
जना हार ले पानी केही टा सिकालुला
हर तिरा लम्केका यी पाइला हरू
मोडियेलान रा गौलन बिजिया गाथा हरू
उः! तिम्रा टीआइ हरेक पाइला मा जुडेको भबिस्य
नझुकी हिडियो वने पुगिन्छ आवश्य
हर कैले नि नमान्नु, आफौलाई कामझोर ना ठान्नु
आखा चिम्लेर आफ्नो भबिस्य तिरा लम्किनु",174
857,I Was Your Superstar,C.O.D. (Crew On Destiny),nepali,"सोरी
कहिले चाहेन थिए तिम्रो चित्त दुखाउन
मैले पाएन कुनै भुल आफ्नो लुकाउन
म पनि त मान्छे हुँ, भूल गर्छु
परिस्थिती बुझी अघी बढ्छु
आफ्नो आँसु टेकी म माफी माग्छु
गल्ती मेरो हो, म स्विकार्छु
भोली थाहा छैन होला मरी जान्छु
एक दुइ जनाको आँसु बगाउँछु
थाहा छैन क-कसको चित्त दुखाउँछु
भोली जब म मरी जान्छु
गर्ल आई वास युर सुपरस्टार
थें व्हाइ डिड योउ ब्रेक माइ हर्ट
योउ टर्न्ड ओउर लोव इन्टो वास
गोड ड्याम्न!! आइटीएस सो हार्ड टो लेट योउ गो
आई जस्ट वान्ट योउ टो लेट मे गो
आई जस्ट वान्ट टो लेट योउ केएनओडब्ल्यू
थाट आई डोन'टी वन्न गेट हर्ट नो मोर
सक्दिन तिमीलाई (तिमीलाई)
सक्दिन म बिर्सन (बिर्सन)
सक्दिन तिमीलाई (तिमीलाई)
सक्दिन म बिर्सन (म बिर्सन)
म बिर्सन .... सक्दिन",108
858,Kahile Kahin,Albatross,nepali,"अति गर्यौ तर बद्लिने भाव भने देखिन
बुझेको छु, मात्र बोलेको हैन
गयो कल्ली, अचकन बाँध्नै सकिन्न
जानु नै छ, अविनाशी कोही छैन
रातो र चन्द्र, सूर्य, जङ्गी निशान
हाम्रो दशा, झरी गयो आशा
सुन्नेलाई सुनको र भन्नेलाई फूलको
थाकेको छु तर हारेको
कति दिन्छौ? कति दिन्छौ?
कति दिन्छौ? कति दिन्छौ?
कति दिन्छौ मलाई?
दुःख दिन्छौ मलाई?
संस्कृति भनाउँदो हाम्रो निकै पुरानो
कहिलेकाहीँ बुझ्न गाह्रो, कहिलेकाहीँ बुझाउन
उहिलेको कुरा खुइलेर गए
कहिलेकाहीँ सुन्न साह्रो, कहिलेकाहीँ सुनाउन
सानोमा लाएको बानी छुटाउनै गाह्रो भो
कुवामा परेको भ्यागुतो, कुवामै मर्ने भो",75
859,Balatkaar,Uniq Poet,romanized,"#जस्टिकफर्निर्मलाप
लेट'स गो
आइटी'स युर बोय यूएनआईक
डोनोब प्रोडक्शन, वे आउट हेरे!
सुनसन गल्ली,अधेरो रात
काम सकेर फर्कदा बाजी सकेछ आठा
हिलो बाटो सिमसिमे बर्षात्
कुरिर होला उसको बुडा पस्केर भाट
सुकुमबासी टोल हुदै जाने बाटो धरप
हल्लिदै हिड्ने हाउदे सामु जोगाउदै लाज
रुझेको लुगा गुप्त अंगको छाप
बर्दन सुन्दरता हुना गयो सरप
म्यान मा त्राश
भिन्न प्रश्न खेल्छ त्यै क्रममा
एक जनाले जबरजस्ती ठेल्छ उ आतिन्छे
चिर्छे अरको गल्ली
खाइ काहा हो ठहा छैन एकलाई रुमलिदै
फोन बज्छ हेल्लो! चितो आइपुगा, मा आई सके
अबा एकैछिन् कुरा
अली पारा मान्छे हरको गंगन
उसको धड्कन बड्न थाल्छ झन्झन्
कदम चलचन अली टेज्ज
टीआइ हबासका पूजारीका अगाडी उ पारी एक
जिस्काउछन् हातमा चुरोट बोकी
धुवाले गर्दा होकी लाग्छ उसलाई खोकी
कतै नरोकी हिड्छे नबोली
500 जातिमा टा पक्कै मान्चेस होली
उ भाग्छे पछि लाग्छन्
कराउन खोज्दा सुक्यो उसको सास झन्
लाद्छे हात खुट्टा समात्छन्
टीआइ प्यासी आँख हरू उनलाई हेर्दै हास्छन्
घिसार्दै एउटा अन्जन थुना
दर्शक भो भित्तो को त्यो छर कुना
मुखमा तालो अनि पालाई पालो
गर्न थाले रक्च्यास हरू आफ्नो काम पुरा
हाँ चुरा अनि भाग भनी भन्छ
मृत्यु मनै उसको घाउ कोमाला हुन्छ
आँख बन्दा सास चल्चा मान्दा
लबरिस ताल काप्छ हरेक अंग
अबा या मर्नुनै बेस भो
डसम्यानलाई पानी कहिले नहोस् यस्तो
बल्जियो उ अल्झियो
चोरी भयेर जन्मनु पानी गल्ती भो
आह..
बिरानो रात एकलो लास रा सडक
त्यै पुरानो कथा मात्र पत्र फरक
लिके थाट!",188
860,Lajalu,Bishesh Silwal,romanized,"कोएली जस्तो तिम्रो मिठो त्यो स्वोर
नसालु त्यो तिम्रो आखा
डुब्दैछु मा त्यो नयन को सगर मा
काटा जाउ के॰एस गरु मा ?
कसरी तिमलाई बोलाउ?
तिम्रो याद मा माह
एसरी गीत बनम?
होओ होओ होओ...
किना होला एस्टो, मलाई
तिम्रो मात्र सम्झना ले सताउछ
किना होला तिम्रो याद ले
मेरो यो आखा पानी रसाउछ
काटा जाउ के॰एस गरु मा ?
कसरी तिमलाई बोलाउ?
तिम्रो याद मा माह
एसरी गीत बनाउ?
होओ होओ होओ...",63
861,Juna Jhain,Nepathya,nepali,"जून झै शितलु
घाम झै पारिलो
जून झै शितलु
घाम झै पारिलो
जहाँ जाउँ तिमी
दाहिने चन्द्रमा परोस्
शान्ति
दुबो जस्तै फैलिदैं जाउ
पाति जस्तै मल्किदैं जाउ
दुबो जस्तै फैलिदैं जाउ
पाति जस्तै मल्किदैं जाउ
बर-पिपल झैं मेरो
देउरालीमा छाउन आउ
बर-पिपल झैं मेरो
देउरालीमा छाउन आउ
दिन छदैं बादलुले
हिमाललाई छेके के भो
आखिर भोली उजेली त
हुनु छदैं छ
आखिर भोली उजेली त
हुनु छदैं छ
मन बाझ्ने कुराहरु
आपसमा धेरै होलान्
आफ्नै सम्झि
बिर्सि दिनु चुपचाप
आवाज छन्
आवाज छन्",59
862,Sadhai Bhari,Hennie Baker,nepali,"भ्रममा थिएकी? आफूमै भुले म
अन्दाजनै गर्न सकिन कि गल्ती यो मेरोनै थियो
सधैं भरी त्यही दोबाटोमा अल्झे म
सधैं भरी जस्तै दोराही रहे म
सोच्दै-सोच्दै हिँडी रहे
बुझ्दैनौ किन तिमी कहिले?
शब्दमै सधैं सिमित रहे, मेरो कुराहरु
सोच्दै सोच्दै हिँडी रहे
बुझ्दैनौ किन तिमी कहिले?
शब्दमै सधैं सिमित रहे, सिमित रहे
सधैं भरी त्यही दोबाटोमा अल्झे म
सधैं भरी जस्तै दोराही रहे म
सधैं भरी त्यही दोबाटोमा अल्झे म
सधैं भरी जस्तै दोराही रहे म
म छु कि छैन के हेरन आफूलाई
के सोधन आफूलाई
अनि फेरी त्यही बिछोडमा तिमीलाई नै म खोजीरहे, खोजीरहे
एकान्तमा छोडि गयौ मलाई त्यही कुरामा
अनि सोधी रहने गर्दछौ कि तिमी मेरो बारेमा?
एकान्तमा छोडि गयौ मलाई त्यही कुरामा
अनि सोधी रहने गर्दछौ कि तिमी मेरो बारेमा?
हृदय सधैं हुन्न रहेछ एउटै
समय सबै बितिसक्यो सोच्दै
हृदय सधैं हुन्न रहेछ एउटै
समय सबै बितिसक्यो सोच्दै
सोच्दै तिम्रो बारेमा, हरपल तिम्रै बारेमा",127
863,Katha: Episode VI - Aaundai Jaandai,Sajjan Raj Vaidya,nepali,"ओने, टीडब्ल्यूओ, थ्री
तिम्रो न्यानो अँगालोको माया सधैँ रहिरहोस्
तिम्रो जीवन सधैँ-सधैँभरि फलिफुलिरहोस्
मन त छैन तिमीबाट टाढा हुन, विवशता अनौठो
तिम्रो-मेरोबीच धेरै कुरा छन्, निकै नै अप्ठेरो
आउँदै-जाँदै गर्नू यो जीवनमा, कतै टाढा नहोओस् तिमी
जीवनका धेरै मोडहरूमा नबिर्सिदिनू भनी
आउँदै-जाँदै गर्नू यो जीवनमा, कतै टाढा नहोओस् तिमी
जीवनका धेरै मोडहरूमा नबिर्सिदिनू भनी
आउँदै-जाँदै गर्नू यो जीवनमा, कतै टाढा नहोओस् तिमी
जीवनका धेरै मोडहरूमा नबिर्सिदिनू भनी
आउँदै-जाँदै गर्नू यो जीवनमा, कतै टाढा नहोओस् तिमी
जीवनका धेरै मोडहरूमा नबिर्सिदिनू भनी
आउँदै-जाँदै गर्नू यो जीवनमा, कतै टाढा नहोओस् तिमी
जीवनका धेरै मोडहरूमा नबिर्सिदिनू भनी",86
864,Just Wanna Be Me,LEGITHIPHOP,romanized,"आई जस्ट वन्न बे मे, आई जस्ट वन्न बे मे, जस्ट वन्न बे मे
आई जस्ट वन्न बे मे, आई जस्ट वन्न बे मे, जस्ट वन्न बे मे
आई जस्ट वन्न बे मे, आई जस्ट वन्न बे मे, जस्ट वन्न बे मे
आई जस्ट वन्न बे मे
थे'रे टेलिङ मे टो व्राइट राइम्स थाट स्टे
रिलिभेन्ट फोर 30 यियर्स आईएफ आई मे
होव एएम आई सप्पोज्ड टो व्राइट थाट ग्रिट ह्वेन आई एएम फीलिङ ग्रे
सेल्फ डब्टिङ माइसेल्फ हाड माडे मे एसीटी एएलएल स्ट्रेन्ज
आइएम एटी होम फीलिङ लिके आई एइन्ट गोट नो टाइम टो वास्टе डोइङ फेवर्स
आई'एम वास एलोन आइएन माइ वेज ओएफ सेल्फ अबुसे
बुट फक एएलएल थाट एनеगेटिभिटी आई'एम गेटिङ माइ एसीटी स्ट्रेइट
आई'वे स्टार्टेड गेनिङ वेइट फोर थे फर्स्ट टाइम आइएन आ डिकेड एएनडी आई फील ग्रिट
नो टाइम टो देबाटै, प्रे फेज, डो युर थिङ, आई डो मिने, थिस थे रिमेक
गोट मे फीलिङ लिके जर्माइम, आई सी योउ सायिङ
डोन्ट वन्न बे लाटे, डोन्ट वन्न बे ग्रिट, आई जस्ट वन्न बे मे
डोन्ट वन्न बे शीत, डोन'टी वन्न बे लिट
आई जस्ट वन्न बे मे, जस्ट वन्न बे मे
सेल माइ साउल फोर योउ टो सी जस्ट वन्न बे मे
आई ब्रोक डाउन ह्वेन आई डिडिएन'टी गेट थाट पार्ट ओन टीवी
शाउटआउट टो यूएनआईक कोज हे इन्सपायर्स मे
हे माडे मे रियालाइज माइ वे
आई'एम सोरी फोर कमिङ एटी योउ ब्रो
आई क्लियरली जस्ट वास्न'टी थिङ्किङ स्ट्रेइट
माइ कन्सियन्स लेट मे डाउन आइएन म्यानी वेज
थाउष्ट आई वास ब्रेकिङ डाउन थेम प्रेटी पेज
बुट आई वास स्टिल जस्ट आ स्टक यूपी ट्राइना इलिभेट
सेग्रेगेट थे रेनेगेड, स्टिल ट्राइना मितिगेट थे डिप्रिकेट
आई जस्ट नीड सोमे ब्रेड एएनडी बटर
कोज आई वन्न म्यारी हेर नेक्स्ट समर
आई डोन'टी वन्न माके हेर सफर
आई जस्ट वन्न फीड एएनडी कवर फोर हेर एक्सपेन्सेस
यूजेड टो ड्रिम ओएफ ड्राइभिङ आइएन पोर्चेस एएनडी बेन्जेस
बुट आई गुएस आई टु एएम गोइङ थ्राउथ चेन्जस
आई डोन्ट अन्डरस्ट्यान्ड होव आइव बीन सो ब्रेनलेस
फिन्ड थे लाइट थ्राउथ थे फ्लेम्स ओएफ युर सेन्सेस
लेट आइटी बर्न क्विक लिके वुड आइएन समर टिल आइटी एआइएन'टी लेफ्ट
थेरे'स ब्युटी आइएन थिस पाइँ, स्लिम
आई डो अन्डरस्ट्यान्ड ह्वाट योउ मियन स्लिम
आई'एम एबाउट हित रक बोटम ओन माइ डे ड्रिम
आई केएनओडब्ल्यू थाट'स नोट थे समे थिङ
बुट आइटी'स स्टिल सोमेथिङ आई नीड टो थिङ्क एबाउट
बुट बे सुरे थाट आई विल डो सोमेथिङ एबाउट आइटी
बे सुरे आइएम नेवर गोन्न क्विट बुट राइट एनओडब्ल्यू",373
865,Timro Maan Ma,Melina Rai & Subha Tamang,nepali,"तिम्रो मनमा के छ, के छ?
मेरो मनमा तिमी
तिम्रो दिलमा कुन्नी को छ?
मेरो दिलमा तिमी
तिम्रो मनमा के छ, के छ?
मेरो मनमा तिमी
तिम्रो दिलमा कुन्नी को छ?
मेरो दिलमा तिमी
ढ्डकिन त्यो दिलमा तिम्रो अरू कोही नै पो छ की?
तिमी बाहेक अरू छैन यो दिलमा, चिरेर देखाउ की?
हरपल हर साझ ढ्डकिन यो ढ्डकनले
हरपल हर साझ ढ्डकिन यो ढ्डकनले
तिमीलाई नै खोजी रहन्छ
मेरो जीवन साथी तिमी नै त हो
मेरो जीवन साथी तिमी नै त हो
तिमी नै तिमी त हो
पलपल तिमीसँगै तिम्रो साथमा जिउने मर्ने
पलपल तिमीसँगै तिम्रो साथमा जिउने मर्ने
यो मनले खोजी रहन्छ
मेरो ढ्कन तिमी, मुटु पनि तिमी
मेरो ढ्कन तिमी, मुटु पनि तिमी
मेरो जीवन साथी तिमी",105
866,Timi Sanga,Ram Krishna Dhakal,nepali,"तिमी सित भेट हुदा मन हुन्छ कस्तो कस्तो
तिमी सित भेट हुदा मन हुन्छ कस्तो कस्तो
दुईटा खोला उर्लिएर देभानमा मिले जस्तो, हो
तिमी सित भेट हुदा मन हुन्छ कस्तो कस्तो
फूलबारीमा ढकमक फुलै फूले जस्तो
घरबारीमा टहटह जुनै खुले जस्तो
फूलबारीमा ढकमक फुलै फूले जस्तो
घरबारीमा टहटह जुनै खुले जस्तो
सप्त रङ्गी सिउदो इन्द्रनि पो है की, हो
उज्यालो छ मुहार त्यो चन्द्रमा पो है की, हो
तिमी सित भेट हुदा
पस्किदा उसा संगै तिमी केरीबाटी
घाम लाग्छ आगनमा कालो बादल फाटी
पस्किदा उसा संगै तिमी केरीबाटी
घाम लाग्छ आगनमा कालो बादल फाटी
मस्कीदिदा कालो दसै दिसा ढाकी
हो, बर्सी दिन्छ परेलीमा उर्लीएर बाढी, ओ
तिमी सित भेट हुदा मन हुन्छ कस्तो कस्तो
दुईटा खोला उर्लिएर देभानमा मिले जस्तो, हो
तिमी सित भेट हुदा",106
867,Thahacha Timilae,BASANTA,romanized,"काँची तिमी किना माख्छ पारी
येता यूटीआई गर्चौ किना घरी घरी
आउन खोज्दै चौ की मेरो वारी पारी
गर्ल योउ क्यान बे माइ आयेशा आई क्यान बे युर करी
गर्ल योउ क्यान बे माइ ओन्ली शव्ती
आइएन माइ बेड वे क्यान डो डेजा वु पार्टी
एएनडी योउ गोट थाट गुच्छी सेस ओन युर बडी
गर्ल एएलएल आई वान्ट आइएस योउ एएनडी इममा गोट आइटी
गोट थाट गुच्छी सेस ओन हेर बडी
आइटी लुक्स सो पर्फेक्ट ओन योउ देखेको चा दामी
गर्ल आईएफ योउ वन्न कोम विथ मे आई माके योउ माइ रानी
गोट ह्वोले लोत्ता डिजाइनर ड्रेस लगाउला चनी चनी
एएनडी योउ आरे सो ड्याम्न होट इममा थ्रोव योउ एएलएल माइ मोनी
हेर्दा जस्तो वाये पानी माँ को चु मा धनी
आईएएम बेइङ गर्ल रियल आइटी एआइएन ́टी जस्ट फनी
भुलाउछु तिमी लाए मेरो बाट मा
आँध्यारो यो जुनेली रात मा
खाइ के॰एस हुने हो आजा मेरो खात मा
पबित्र हुने वायो आतमा जाबा चौ तिमी मेरो साथ मा येअह येअह येअह
काँची तिमी किना माख्छ पारी
येता यूटीआई गर्चौ किना घरी घरी
आउन खोज्दै चौ की मेरो वारी पारी
गर्ल योउ क्यान बे माइ आयेशा आई क्यान बे युर करी
गर्ल योउ क्यान बे माइ ओन्ली शव्ती
आइएन माइ बेड वे क्यान डो डेजा वु पार्टी
एएनडी योउ गोट थाट गुच्छी सेस ओन युर बडी
गर्ल एएलएल आई वान्ट आइएस योउ एएनडी इममा गोट आइटी
गर्ल योउ लुक सो अमेजिङ
थाट प्रीटी लिल हाइट विथ थे ब्ल्याक ईए-इरिङ्स
वे क्यान हावे फुन इभरिडे इभरिनाइट येअह
इभरिडे इभरिनाइट पार्टी फोर लाइफ
गेटिन टो रियल स्टफ डोन ́टी वान्ट थे फाके
गोट ह्वोल्ला नम्बर$$$ ओन माइ बैंक
́मोनी ́इममा डेडिकेट योउ एएलएल माइ राप
गर्ल लेट मे बे युर फेटी वाप
नहेर तिमी मलाई तेसरी
आँगलो मारिदेउ आबा बेसरी
वना तिमी बिना बाचु मा कसरी
तिमी चौ स्वोर्ग को पारी सारी
तिम्रो आगी मा वनु कसरी
काँची तिमी किना माख्छ पारी
येता यूटीआई गर्चौ किना घरी घरी
आउन खोज्दै चौ की मेरो वारी पारी
गर्ल योउ क्यान बे माइ आयेशा आई क्यान बे युर करी
गर्ल योउ क्यान बे माइ ओन्ली शव्ती
आइएन माइ बेड वे क्यान डो डेजा वु पार्टी
एएनडी योउ गोट थाट गुच्छी सेस ओन युर बडी
गर्ल एएलएल आई वान्ट आइएस योउ एएनडी इममा गोट आइटी
ओहुः शे उसे टो हित मे ओन माइ आइफोन
फेसटाइम इभरिटाइम शे हाड टाइम फोर
डबल चेकिन आईएफ आईएएम ओन थे राइट टाइम जोन
रात वारी वारी जाहीले हुन्चा कुरा हाम्रो
9-8-4-1 हरियो बटन प्रेस
मिस क्याल दियेउ क्याल ब्याक गर्ये ""येस
लोव योउ"" वनी कन्भरस्टेसन्स ईएनडी तिमलाए भनी उहा
बाइक मा पेट्रोल हाली आये तिम्राए लागी
फ्लाइट बुक गरी आये तिम्राए लागी
फ्रोम केटीएम टो पोखरा ओन आ प्राइभेट जेट
एकदिन बनायिदिन्छु तिम्रो नामे एएन एयरलाइन
टाइम दियो वने ..
क्रिस्चियन डायोर फ्राग्नेन्स ओन हेर नेक
आई पुष अवे वाच हेर गेट अन्ड्रेस्ड
खाता मा बोकी लागी एएलएल थे वे
गर्ल आई सी आइटी आइएन युर इयेस ह्वेन योउ केएनओडब्ल्यू योउ वेट.",426
868,Shiraima Shirbandi,Melina Rai,nepali,"शिरैमा सिरबन्दी, कानैमा मेरो झुम्का (झुम्का, झुम्का)
नाकैमा फुली मेरो, आँखैमा गाजल (गाजल, गाजल)
शिरैमा सिरबन्दी, कानैमा मेरो झुम्का
नाकैमा फुली, मेरो आँखैमा गाजल
मै नाचु छमछमि (छम, छम, छम, छम, छम, छम, छम, छम)
बजाईदेउन मादल
शिरैमा सिरबन्दी, कानैमा मेरो झुम्का (ऐ झुम्का)
नाकैमा फुली, मेरो आँखैमा गाजल
उँडू-उँडू लाग्छ मलाई चरी बनि आकाशैमा
भुलु-भुलु लाग्छ मलाई त्यो जुनको प्रकाशैमा
हो, उँडू-उँडू लाग्छ मलाई चरी बनि आकाशैमा
भुलु-भुलु लाग्छ मलाई त्यो जुनको प्रकाशैमा
के भयो मलाई यो लौन आजकल?
के भयो मलाई यो लौन आजकल?
मै नाचु छमछमि (छम, छम, छम, छम, छम, छम, छम, छम)
बजाईदेउन मादल
शिरैमा सिरबन्दी, कानैमा मेरो झुम्का (ऐ झुम्का)
नाकैमा फुली, मेरो आँखैमा गाजल
आफ्नै छ पारा मेरो बेग्लै छ आनीबानी
कोहीको मन बिझाउने काम गर्दिन जानीजानी
हो-हो, आफ्नै छ पारा मेरो बेग्लै छ आनीबानी
कोहीको मन बिझाउने काम गर्दिन जानीजानी
आउँदैन गर्नलाई जालझेल अनि छल
आउँदैन गर्नलाई जालझेल अनि छल",138
869,Rolia Song (Roila Hannu Parcha),Almoda Rana Upreti,romanized,"येता हेर्चु उता हेर्चु
हैन यो के भा को?
झौ लाग्छ, तौको कनै थकाली भाट काह को
येता हेर्चु उता हेर्चु
हैन यो के भा को?
झौ लाग्छ, तौको कनै थकाली भाट काह को
बिर्सन्न बिर्सन्न खाइले बिर्सन्न
बिर्सन्न बिर्सन्न खाइले बिर्सन्न
एयी, रोइला हान्न प्रचा, सोल्टी
रोइला हान्न पर्चा
फुर्सद को बेला मा चुरा चोलिया खाना पर्चा
एयी, रोइला हान्न प्रचा, सोल्टी
रोइला हान्न पर्चा
फुर्सद को बेला मा चुरा चोलिया खाना पर्चा
शै हो, शै हो
शै हो, शै हो
शै हो, शै हो
शै हो, शै हो
येता उता चर्दै फुर्सद मर्दै
सब कै कुरा काट चान
खोल्ती चाम-छम-चुम-चुम गर्दै
भेजा किना चट चान
येता उता चर्दै फुर्सद मर्दै
सब कै कुरा काट चान
खोल्ती चाम-छम-चुम-चुम गर्दै
भेजा किना चट चान",107
870,Bolau Ma,Surakshya Malla,nepali,"बोलाऊँ म तिमीलाई के भनी?
मेरो नजिक आउ, कुरै नगरी अंगालोमा बाँध
सधैं मलाई न्यानोमा राख
थाहा छैन के गरी बुझाऊँ तिमीलाई
कस्तो अफ्ट्यारोमा परी आउँदैछु म तिमीलाई हेर्न माया
तिमीलाई भन्न जे खोज्दैछु
आखाँले सधैं गरीराछन्
मलाई हेरीदेउ एक पल्ट
शीतल तिम्रो आवास पाएर
आँसुले मेरो मुटुनै पो डुबाएछ
आफै भित्र आफै कराउँछु
शीतमा तिम्रो छायाँ आएर
अँध्यारोलाई उज्यालो बनाएछ
आफै आफै आफै हराउँछु
म किन हराउँछु
हराउँछु
किन हराउँछु
हराउँछु
सजाऊँ म आफुलाई के गरी?
कुराहरू सधैं हुन्छन थरी थरी भावना यो
लग मलाई मायाको बाटो
थाहा छैन के गरी बुझाऊँ तिमीलाई
कस्तो अफ्ट्यारोमा परी आउँदैछु म तिमीलाई हेर्न माया",82
871,Sapanaharu,Ankit Shrestha,nepali,"चारैतिर अध्यारोनै अध्यारोले बित्दै गएछ यो समय
खोला किनारको ढुंगा जस्तै म, हरियालीको आवाज खोज्दै
म, हराए कहाँ?
के याद होला सबैलाई? यादहरु त ऋतुहरु संगै हराई जान्छ यहाँ
आफुलाई सोध्छु म, के हुदै छ यहाँ? पाहिन्छके यो
सपनाहरु की सपनानै रहन्छ?
छोडी जान्छु नभन, मान्दैन यो मन, भोलिको कहाँ हुन्छ
कसलाई के थाहा
छोडी जान्छु नभन, सानो छ यो मन, फर्की आउने नआउने
कसलाई थाहा
एती ठुलो आशा बोकी कहाँ हिड्छौ, फर्की नआउने होकी
कसलाई थाहा
तिनचार वर्ष मै फर्की आउने सारा संसारलाई गीत सुनाउने
आशै आशमा हराए कहाँ?
के याद होला सबैलाई? यादहरु त ऋतुहरु संगै हराई जान्छ यहाँ
आफुलाई सोध्छु म, के हुदै छ यहाँ? पाहिन्छके यो
सपनाहरु की सपनानै रहन्छ?
छोडी जान्छु नभन, मान्दैन यो मन, भोलिको कहाँ हुन्छ
कसलाई के थाहा
छोडी जान्छु नभन, सानो छ यो मन, फर्की आउने नआउने
कसलाई थाहा
छोडी जान्छु नभन, मान्दैन यो मन, भोलिको कहाँ हुन्छ
कसलाई के थाहा
छोडी जान्छु नभन, सानो छ यो मन, फर्की आउने नआउने
कसलाई थाहा",142
872,Samhalirakha,Neetesh Jung Kunwar,nepali,"हिडेको छु म बसोबासै छाडि
समज र घर दुबैलाई बिदा मागि
गन्तब्य कुनि कहाँ छ थाहा भएन
साह्रै नै एक्लो कम्जोर चाही हैन
टुटेक सपना मेरो खल्ती भित्र
जिन्दगी भयो नबिकेको चलचित्र
साथी भाई छन यहाँ मदत गर्न
निर्णय आफ्नो कसैलाई दुख दिन्न म
सुन
गुनसो केइ छैन भागय सँग
पछी नहेरी कोर्ने छु म यो आफ्नो कर्मा रेखा
जलन ले भरिएको मन्न तिम्रो सम्हली राख
संसारै ब्यस्त कमियाबी को डौड मा
धन ले अत्मा चिन्नै सकेन
प्यारी ले भन्छिन चल्यो बिहे को कुरो
फर्कने मेरो टुङो नै छैन
जे जस्तो भयो हेर हिजो को दिन मा
याद हरु मुटु भित्र संघाल्नु छ
भोली के हुन्छ यहाँ जानकारी कस्लाई
आखिरमा सत्रुलाई नि अँगाल्नु छ",95
873,म.,Shashwot Khadka,nepali,"पाए खुसी जब, तिम्रो मुटुसंग
साटे यो एकान्त मै रमाउने मन
सुनौला दिनहरु तिमीबाटै सुरु
अँगालदै संगालदै बिताउ त्यो रातहरु
सारा जीवन तिम्रै नाउ
गर्दा पुगे यो ठाउँ
जहाँ एक्लो छु म
साथ थियो दुई दिने भने
आखिर एक्लो हुन
धींन तक धी ना धा
वे यूजेड टो बे पर्फेक्ट
आइएन लोव विथ इभरी सिजन
बुट इभरी गुड थिङ कम्स टो ईएनडी, टो ईएनडी
आई'वे नेवर सीन योउ सिन्स वे पार्ट ओउर वेज
योउ'रे लेटिङ गो ओएफ एएलएल थे प्रमिसेस
योउ'वे बीन आउट विथ युर ब्रान्ड न्यू फ्रेन्ड
आई'वे बीन स्टक इन्साइड थे मेज योउ माडे
सिपिङ कफी विथ सिगारेट्टेस
नुआन्सेस ओएफ माइ मिस्टेक्स
विथरिङ अवे, आई'एम फीलिङ अचे
टर्निङ सोउर ह्वेन आई हेर युर नामे",101
874,Malai Pani Sagai Laijau,Melina Rai,nepali,"मलाई पनि सँगै लैजाउ तिमी बस्ने त्यो ठाउँमा
मलाई पनि सँगै लैजाउ तिमी बस्ने त्यो ठाउँमा
नयाँ बस्ती बसाउला क्षितिज पारि त्यो गाउँमा
हो, नयाँ बस्ती बसाउला क्षितिज पारि त्यो गाउँमा
नजाउ तिमी मलाई एक्लो छाडेर
नजाउ तिमी मलाई एक्लो छाडेर
मेरो चोखो माया मारेर
मेरो चोखो माया मारेर
सिरिरिरि बताससँगै हामी दुई उडौंला
सिरिरिरि बताससँगै हामी दुई उडौंला
पन्छी झैँ उडेर क्षितिज पारि पुग्गौंला
पन्छी झैँ उडेर क्षितिज पारि पुग्गौंला
मलाई पनि सँगै लैजाउ तिमी बस्ने त्यो ठाउँमा
मलाई पनि सँगै लैजाउ तिमी बस्ने त्यो ठाउँमा
नयाँ बस्ती बसाउला क्षितिज पारि त्यो गाउँमा
हो, नयाँ बस्ती बसाउला क्षितिज पारि त्यो गाउँमा
सुनसान त्यो ठाउँलाई स्वोर्ग झैँ बनाउला
सुनसान त्यो ठाउँलाई स्वोर्ग झैँ बनाउला
त्यो सानो गाउँलाई मायाले सजाउला
त्यो सानो गाउँलाई मायाले सजाउला",105
875,Aamako Maya Ra Uni,Swoopna Suman,nepali,"बिहानै फोन आयो
उता आमाको न्याउरो आवाज
यता म बोल्ने सकिन
आफु जति ठुलो भएपनि
आमाको माया उही हुनेरहेछ
मन जति सम्हालु झन् झन् रुनेरहेछ
बिहानै फोन आयो
आमा को माया र उनि
आमा भन्दै थिइन्
नजानु मान्छेको भिडमा
धुनु हात साबुन पानीले
जोगाउछ ज्यान तिम्रो यहि बानीले
भन्दै आमाका आशु रोकिए
यता मेरा आँखाहरु रसाए
बिहानै फोन आयो
टाडा त छु तर मन मेरो घर मै छ
उता मेरी सानी रुन्छिन झनै भन्छिन
जिन्दगी तिम्रै भरमै छ
आतिएको छैन म यो त केवल भेल मात्र हो
आउछ अनि जान्छ
फेरी शान्त, स्थिर सबै एकै नास
फेरी उही दुइ, मुटु एक सास",81
876,Prayas,Bishesh Silwal,romanized,"चाइये टा रु, चाये माँ खोलेर हास
एकलाई छोड्दे मलाई बारु आफ्नो लागी बाच
आजाको यो दिन टेरो वायो खुल्यो भाग
तारा येती याद राख हरेक दिन पछि आउछ
अँध्यारो त्यो रात जाबा कोइनी हुन्न साथ
सुनसाँ बाटो एकलाई मा टा फैलाउदैछु हात
आफ्नै आफाँट के घाट जाबा हान्न थाल्छन् लाट
देखे पैसा को त्यो रूप जाबा हटाये नकब
के॰एस को लागी हो यो धाका ठूला घमण्ड ले नाक
आफू आफू वित्र झगडा येहा नापिन्छ आउकत
गरो पर्छ मान्छे चिन्न बाहिरी सोचे जस्तो हुन्न
सबको वित्री माँ चा खिन्न मान्छे बुजेर सकिन्न
यो!!! जितेको बिर्सी सेकी हार सुइकार्दै बचिराछु
पिडा ले घेरिरचा तेइ पानी मा हासी राक्सु
रमाउथिये हिजो अस्ती आजा वोली आत्तिरचु
समये आखै अघि बित्छ जिबन कतिरचु
निर्दोषी आमा मेरो हलत हेरी नरोउ तिमी
सकिन्न खुसी ल्याउन महेनात अझै गर्दै छु नि
ताडा चा बाटो हिड्डा हिड्दै थेकी चितिज मुनी
गरो वो बच्न मर्न हिम्मत नै नपुगेपानी
हार माइले मानेको हैन
चितिज पारी को त्यो संसारमा माह
पुग्ने छु एडिन त्यहा वास्य",142
877,Arule Haneko,Aruna Lama,nepali,"अरुले हानेको ढुंगाले भन्दा
आफन्तको फूलले
जिन्दगी बढि दुख्दो रहेछ
सानो देखिने भुलले
अरुले हानेको ढुंगाले भन्दा
टेकेको दैलो मेरो भएन
आफ्ने भन्नु केहि भएन
टेकेको दैलो मेरो भएन
आफ्ने भन्नु केहि भएन
रङ बदल्ने यो हुलमा
रङ बदल्ने यो हुलमा
तिमी पनि त मेरो भएनौ
अरुले घोचेँको काँडाले भन्दा
आफन्तको फूलले
जिन्दगी बढि बिझ्दो रहेछ
सानो देखिने भुलले
अरुले हानेको ढुंगाले भन्दा
मेरै हो भन्न गाह्रो भएछ
आफ्नै उड्ने प्वाँख पनि
मेरै हो भन्न गाह्रो भएछ
आफ्नै उड्ने प्वाँख पनि
मोल माग्ने भैसकेछ
मोल माग्ने भैसकेछ
सिर बिसाउने काख पनि",68
878,Chaya,1974 AD,nepali,"मेरो दिनको उज्यालो तिमी, साँझको जून पनि
मेरो दिनको उज्यालो तिमी, साँझको जून पनि
रातको तारा, बिहानिको अप्सरा पनि तिमी
मेरो दिनको उज्यालो तिमी, साँझको जून पनि
मेरो दिनको उज्यालो तिमी, साँझको जून पनि
रातको तारा, बिहानिको अप्सरा पनि तिमी
सितल छायाँ तिमी, न्यानो माया पनि
सितल छायाँ तिमी, न्यानो माया पनि
मेरो हाँस्ने बाहना तिमी, मेरो जिउने सहारा पनि तिमी
गहिरो सागर तिमी, खुल्ला आकाश पनि
गहिरो सागर तिमी, खुल्ला आकाश पनि
मेरो आँखाको नानी तिमी
मेरो हृदयको रानी पनि तिमी
तिमी
तिमी
तिमी
तिमी
तिमी",70
879,Makhamali Pacheuri Le Sanu,Roshan Limbu,romanized,"मखमाली पछेउरी ले सानु
मुहार छोपेको
लाग्दछ बदल भित्र
जुनै हो की लुकेको
जुन मलाई भन्छौ भने हजुर
उज्यालो तिमी मेरो
तिमी पानी बसेका छौ
हासी कलेजीको सेरोफेरो
छाती भित्र मुटु मेरो
ढुक्ढुकीमा तिमी
छाती भित्र मुटु मेरो
ढुक्ढुकीमा तिमी
सनका तिमीलाई लाग्छ भने
आउ हेरा छामामी
गजाली ए आखा मेरा
आखा बीच नाँगी
येइ नानीमा सल्बलाउदै
बस्छौ तिमी पानी
पारी बनको पाखेरीमा सानु
कोइली ले बासेको
लाग्छ मलाई हजुर्नै हो की
सानु भनी डाकेको",54
880,Abhyasta,Mission Kesy,nepali,"उडी जाऊ त्यो, बादल पारि
अभ्यस्त मुटु, अभ्यस्त जीवन
हतारिँदै छन् चाहनाहरू
रिझाउन बुझाउन सकिन
बता सिने मनका ती, भावना~
समयको खेलमा म, जित्ने प्रयासमा
डुबिजाने डुङ्गाको, साहारामा
मुटुमा गुम्सेका कुराहरू
टुक्रेको कागजमा, व्यक्त गर्छु
हिजो आज मुटु माझ
प्रसनका तिरले
खोजिराछु हराएका
उत्तरहरू
बगी जाने खोलामा
तैरिन खोजे म
भोली त कैले आएन",41
881,Varsha Thapa - Adhuro,Genius Romanizations,romanized,"खोजी रहन्छ मेरो आँख ले तिमीलाई नै
कति प्रश्न आउछ मनमा मेरो
किना टेटी ताधा रह्यौ
हाम्रो सम्बन्ध फूल्न नपाई
खरानी बनी बगी गयौ
ओओ ओओ ओओ ओओ ओओ ओओ ओओ ओओ ओओ
लुकी लुकी रुन्थ्यौ होला
मान का कुरा कसै संग खोलेनौ
दुःख को जलो मा अल्झिदा अल्झिदै
आफू लाई गुमाई दियौ
अधुरो हाम्रो यो प्रेम
अधुरो हाम्रो कथा
कहिले कहि खुशी लाग्छ
तिम्रो शुरुवात भयो होला कतै
तारा मेरो अन्त हुनेछ साधैभरि
भागी रहनेछु मा
वास्तविकता बाट
रहिरहने
चु मा अधुरो भाई
हाम्रो सम्बन्ध झै",68
882,Biswas,Samriddhi Rai,nepali,"हुदैन केही भाग्य यहाँ
यो जीवन तिम्रै नै गित हो
जित्न सके तिम्ले डरलाई
यो संसार तिम्रै नै जीत हो
भोली छ मरी जानु, छैन केही लानु
यो जिन्दगी धेरै छोटो छ
भोली छ मरी जानु, छैन केही लानु
त्यागीदेऊ तिम्रा डरलाई
गर विश्वाश आफैलाई, तिमी आफैलाई
धेरैले भन्नेछन् सक्दैनौ तिमी
नसुन्नु ती कुराहरु कहिले
आट गरे पाइन्छ चिताए सरी
विश्वाश त्यो राख्नु जहिले
भोली छ मरी जानु, छैन केही लानु
यो जिन्दगी धेरै छोटो छ
भोली छ मरी जानु, छैन केही लानु
त्यागीदेऊ तिम्रा डरलाई
गर विश्वाश आफैलाई, तिमी आफैलाई",74
883,Ghampani,Bikki Gurung,nepali,"मौसमले हेरन इशारा गर्दै छ
चर्को घाम, सिमसिम पानी, बदमाशी गर्दै छ
मौसमले हेरन इशारा गर्दै छ
चर्को घाम, सिमसिम पानी, बदमाशी गर्दै छ
मन मेरो बसमै छैन बेकाबु छ
लेट'स क्याल आइटी आ डे एएनडी पार्टी विथ मे एएलएल थे वे एनओडब्ल्यू
घामपानी, घामपानी, ओह-ओह-ओह
घामपानी, घामपानी, घामपानी, घामपानी
श्यालको बिहे
समयले कुर्ने छैन न तिमीलाई न मलाई
यहाँ छौ तिमी, यहीँ छु म
सो व्हाइ डोन'टी वे जस्ट गेट अलोङ?
यहाँ छौ तिमी, यहीँ छु म
सो व्हाइ डोन'टी वे जस्ट गेट अलोङ?
येअह, आइटी'स थे वे योउ माके मे फील
आइटी'स सो सेन्सेसनल
फील लिके आइएम आइएन परादिसे एएनडी मेब युरे माइ एन्जेल...
मौसमले हेरन इशारा गर्दै छ
चर्को घाम, सिमसिम पानी, बदमाशी गर्दै छ
मन मेरो बसमै छैन बेकाबु छ
लेट'स क्याल आइटी आ डे एएनडी पार्टी विथ मे एएलएल थे वे एनओडब्ल्यू",128
884,Antim Bidaai,Oasis Thapa,nepali,"नसोधा नसोधा केहि तिमी मलाई
नाबोलौ तिमी संगै तयार नभए
तिमी चुप चाप म रहदा खेरी
आवाज जति तिमिलै सुनौना खोजे पनि
तिमी आउ सुनौ जति नै बुझाउ अबर भैसक्यो
दोहोराई तेही गल्ती फेरि तिमिले नसोधा किना अधुरो
कहानी झुटो थियो कि तिमी बदलियो थाहा पाउने गर भो
जब पहिलो प्रेम पत्र नै अन्तीम बिदाई
नहोला नहोला भोली फेरि बिहानी
मेरो सास को भव रोकिडा पनि
मिल्दैन किन आनन्द आनन्दै
झुटो सबै तिम्रो कसम हरु पनि
तिमी आउ सुनौ जति नै बुझाउ अबर भैसक्यो
दोहोराई तेही गल्ती फेरि तिमिले नसोधा किना अधुरो
कहानी झुटो थियो कि तिमी बदलियो थाहा पाउने गर भो
जब पहिलो प्रेम पत्र नै अन्तीम बिदाई",94
885,Mannmani,KAAL - 69,romanized,"चिने जस्तो लगला तारा गारो चिन्न नि
फरक माह, हामी अली भिन्न नि
टा अल्ची परिस मा चाई मेहेनती
डिफरेन्ट ब्रीड मा थाचा तालाई किनाकी
एक्स2
पारा दामी मेरो पारा दामी
लाको बाँइ कैले ना छुट्ने बाँइ
दामी दामी माह जैले पानी दामी
हेर्न ताला देखि माथि सबै ब्रान्ड न्यू
एकचिन मेरो परनोइसे तिरा ध्याँ देउ
मेहेनत गर्या वाये पो फल खन्थेउ
कुरा बुझ्दिन माह दुई जिब्रे को
ट्र्याप मा फस्यो मुसा बल्ला मुजी ठिक्क वो
कुरा काट्ने हरू काट्दा काट्दा दिक्क वो
हेरुम 4/5 बर्षा सम्म येहा टिक्चा को?
किना सोच्नु तेसलाई? जाबा तेसले मलाई भुल्न खोज्दै
जाने जाँचा बस्ने बस्चा खुशी माह टा येस्सै
गर्चु आफ्नै मर्जी ताइले भुकिराको ब्येर्थै
नेउ खोजे जना सक्ला टेरो जीवन खेरै
चिने जस्तो लगला तारा गारो चिन्न नि
फरक माह, हामी अली भिन्न नि
टा अल्ची परिस मा चाई मेहेनती
डिफरेन्ट ब्रीड मा थाचा तालाई किनाकी",123
886,Saraswati Vandana,Trishala Gurung,romanized,"नि सा रे रे रे रे
नि रे सा सा सा
जाई देवी सरस्वती
देउ बर्दन
जाई जाई जाई महा देवी एक्स2
देउ बर्दन हे मा एक्स2
नि सा रे रे रे रे
नि रे सा सा सा सा
सुर यो सरगम
तिम्रै रचना हो
तिम्रै हो महिमा
सुर यो सरगम
तिम्रै रचना हो
तिम्रै हो महिमा
गाउन सकु मा
तिम्रो महिमा
गाउन सकु मा
तिम्रो महिमा
येहिनै देउ
बर्दन हामी लाई
देउ बर्दन हे मा",56
887,Bagdai Gareko,1974 AD,nepali,"बग्दै गरेको, निस्चल खोला झै
बग्दै नै छ समय हाम्रो यो
डुब्न हिडेको सुर्य घाम झै
डुब्दै नै छ जिन्दगी हाम्रो यो
जिन्दगी एउटा अन्योल यात्रा हो
भोली के हुने केही थाहै हुँदैन
तर मेरी मायालु जस्तो जे भएपनी
मेरो माया तिमीलाई कहिले मर्ने छैन
चाहना त सधैं भरी साथ् रहनु हो
बाचुन्जेल तिमीलाई माया गर्नु हो
तिम्रो निम्ती सास फेरि रहनु हो
मेरो माया मात्र तिमी भन्नु हो
सोचे जस्तै
सधैं सँगै
हुन कहाँ सक्छौँ र
हामी सधैं यस्तै
तर मेरी मायालु सँगै नभए पनि
मेरो माया तिमीलाई कहिले मर्ने छैन
चाहना त सधैं भरी साथ् रहनु हो
बाचुन्जेल तिमीलाई माया गर्नु हो
तिम्रो निम्ती सास फेरि रहनु हो
मेरो माया मात्र तिमी भन्नु हो",95
888,Indradhanush,Luckey,nepali,"लुकामारी खेलामा, मलाई समाइ बाहिर निकाल
पच्छ्यौरिलाइ तानेर मलाई तिम्रो बाटो देखाएर
आउ एकान्तमा धेरै बसेँ, ल तिम्रो कुरा भन
आउ मलाई पनि डर लाग्छ अँध्यारा कोठासँग
इन्द्रधनुष खोजि ल्याउ
इन्द्रधनुष खोजि ल्याउ
इन्द्रधनुष खोजि ल्याउ
इन्द्रधनुष खोजि रङ्ग कोरि ल्याउ
सबै कुरा बिर्सेछु, तर तिम्रो याद आइरहन्छ
स्तव्ध मेरा ओठलाई केहि कुरा भनि हँसाएर
आउ मेरा हात समाइ तिमी पाइला टेकन भन
आउ मलाई पनि डर लाग्छ अँध्यारा कोठासँग
इन्द्रधनुष खोजि ल्याउ
इन्द्रधनुष खोजि ल्याउ
इन्द्रधनुष खोजि ल्याउ
इन्द्रधनुष खोजि रङ्ग कोरि ल्याउ
रङ्ग कोरि ल्याउ
रङ्ग कोरि ल्याउ
रङ्ग कोरि ल्याउ
रङ्ग कोरि ल्याउ
रङ्ग कोरि ल्याउ
रङ्ग कोरि ल्याउ",81
889,Accent,LEGITHIPHOP,romanized,"एएनडी मेरो नाम चाई वन्नु पर्दा सुभम
सुभम सु सु सुभम
मेरो नाम चाई वन्नु पर्दा सुभम
ब्याक विथ एनोथर बिट
स्न्याप टो स्मोथेरिन' हेट
नोड युर फकिन' हेड
नोड युर फकिन' हेड
ह्वाक एएनडी रिपिट
स्म्याक, स्मोथर एएनडी बिट
मा, आई फाउन्ड माइ लिड
फाउन्ड माइ फकिन' लिड
आई राप विथ थे हेट
युर भर्सेस आरे वेक स्ट्याक्ड
समर जस्ट ड्राउन्ड अवे
ड्राउन्ड अवे, थे साउन्डेस्ट वे
आई फाउन्ड टोडे
थे कोल्ड डेज आरे हेरे
नीदा शेड सोमे टियर्स
कोज या'एलएल नीड टो माके एएन एपियल
थाट'स आइडियल, या फील?
आई नो फाके एएन एक्सेन्ट
आई ब्रेक एएन एक्सेन्ट
आई ड्रेप एएन एक्सेन्ट
एएनडी रे फकिन' शपे थाट एक्सेन्ट
फकिन' अडियोटेप एएन एक्सेन्ट
टिल आइटी फाकाआकिन् मेक्स सेन्से
रापे एएन एक्सेन्ट एएनडी टाके आइटी
ह्वेरे माइ ग्रेप्स एएनडी एक्स वेन्ट
टो माइ फकिनहील्स, टिल थे फकिन एक्स बेन्ट
ए, ए, ए, ए, ए, ए, ए, ए
ओन माइ स्टन्टिन' क्नीस, आई बेन्ड स्टेनलेस स्टील
सो योउ क्यान जस्ट चिल फोर योउ गेट पील्ड
थे फक डाउन लिके सोमे टेन 'ओ इटाइट स्टील
ए, ए, ए, ए, ए, ए, ए, ए
केमिस्ट्री बार्स सो योउ केएनओडब्ल्यू आई'एम फोर रियल
लिके आ सेवेन इन्च हील",163
890,Aaja ko Raat,Prince shrestha,romanized,"ला ला ला ला ला ला
ला ला ला ला ला ला
ला ला ला ला ला ला
ला ला ला ला ला ला
आजा कोओ रात
आशु को बारसत्ता
केइ हेइ कुरा बुज्छौउउ
या
बुजेर मान चुब चाआँ
आशु खास चा
माया हरायो डास्टोओओओओ
फील हुन्छ
सानो तिनो कुराआ
धेरै ठूलोओ लाग चाआ
माया नबुजे हो की मैले
यो के॰एस वाचा
टीएमआरओ क्याल नाउदा
दिन उजाड लाग चा
जाबा कुरा हुन्छ
सानो सानो कुरा मा नि बज्छ
मेरो रिसौनी बनिइ देखि
मलाई आफै मै दरलाग्छ
तिम्रो फकाउनी बनी देखि
मलाई अछाममा लाग्छ
जेरो टो थे लोव आई एएम एनओडब्ल्यू गुड मुड
फील हुन्छ
टीएमई मेरो औसादियी वचाआका",82
891,Kina Bhanenau,Prajina,nepali,"गर्जिने बादलसरि
टुक्रिने मुटु बनी
गयो हाम्रो समय
कल्पनाहरूभरि
तिम्रो मुहार कति
आउँछ तिमीलाई के भनूँ?
मन भारी-भारी लाग्छ
तिम्रो आँखा अन्तै जुद्धाखेरि
के गरूँ-गरूँ लाग्छ
तिम्रो मन अन्तै डुल्दाखेरि
किन कहिल्यै भनेनौ
किन कहिल्यै भनेनौ
फेरिने मनको बारेमा?
किन भनेनौ र?
किन कहिल्यै भनेनौ?
किन कहिल्यै भनेनौ?
तिम्रो माया नि मरेछ
किन भनेनौ र?
बाँकी रहेन केही
खोजेँ संसारभरि
के थियो र हाम्रो सम्बन्ध? (सम्बन्ध)
ओठैमा नाम पनि
अल्झी बसेको छ नि
बोलाऊँ म तिमीलाई कसरी? (कसरी?)",64
892,Jana Maan,Yatrii,romanized,"गयेउ रुयेर माँ मेरो तोड्येर
पैल्याए पाउन माँ थेयो
अहिल्ये खुसी हुना माँ छा तिमीलाई भुलायेर
रोक्न काहा सकिन्छ रा जनाये लाई
जन्याए मान्छ्याए जादो रैछन् ठहै नपाई
के॰एस वन्नु को आफ्नो को पराई
खोइ वेतिना बस्न फूल हरूमा
सन्ती खोज्नु काहा खाइ कुन मन्दिर मा
पैल्याए जस्तो छैं हर्ष उमङ्ग यो माँ मा
फिक्क लाग्छ चराई तिरा तिमीबिना
जिन्दगी वो काल्पनिक
बसिरदा पिरतीको दास बनी
समयलये नेतो काट्दा
नया चाइन नया साल पानी
आबा
माँ मा, पिडा हुन्छ आजा
जाबा, वेत्छु याद हरू मात्र
सुनको खोज मा हेएर चोडेउ
बाटो मोड्येउ अन्तै कथा कोर्येउ
माली खडेरी वो जेउने आश यो जिन्दगी को",84
893,Concrete Mountains,Tamang,romanized,"आई थिङ्क एबाउट योउ इभरी नाइट एएनडी डे
रिमेम्बरिङ थे टाइम्स ह्वेन वे वाउल्ड गो आउटसाइड एएनडी प्ले
वे वेरे जस्ट किड्स आइएन थे नेपालेसे समर
बुट इभर सिन्स थें, लाइफ हस ओन्ली बीन नम्बर, लाइफ हस ओन्ली बीन पाइँ
आई कीप योउ आइएन माइ थाउगेट्स जस्ट टो ब्लक आउट एएलएल थे राइँ
आई डोन्ट वन्न कोम ओएफएफ लिके आइएम र्यापिङ 'बाउट थे समे शीत, एबाउट थिस ठुग लाइफ
ब्यालेन्सिङ मोनखुड, जस्ट ट्राइना गेट माइ फन्ड्स राइट
बुट आई डोन'टी सी नो फ्युचर आइएन थिस गेम
ह्वाट्स नेपालेसे मुर्दर राप ह्वेन योउ एइन्ट गोट नो क्याश टो युर नामे?
हिटिनलिक्स ओन माइ फर्मर ब्रोथर्स, थे रियल जीएस
आई'एम सोरी थाट आई रिजोर्टेड टो थेफ्ट आइएन माइ नीड
आई लुक आइएन थे मिरर एएनडी आई डोन'टी लिके ह्वाट आई सी
करप्टेड बाइ थे फेम एएनडी थे पावर एएनडी थे ग्रिड
वे जस्ट नीड टो फिन्ड आ वे आउट्टा थेसे कन्क्रिट माउन्टेन्स, थेसे कन्क्रिट माउन्टेन्स
एएनडी आई
आई नेवर थाउष्ट थाट आई वाउल्ड गेट थिस फार
बुट ह्वेन योउ एआइएन'टी विथ मे आई जस्ट सीम टो फल इन्टो थे चास्म ओएफ माइ हर्ट
आयो, माइ मोम्स गे, माइ सिस्टर फक्ड माइ यूएनसीले, एएनडी माइ ड्याड्स डेड
माइ आउँतिए'स स्मोकिङ क्र्याक विथ माइ क्याट नामेद फ्लेटब्रेड
आई जस्ट मेट गोड एएनडी हे सीमेड लिके आ नाइस गुया
बुट हे वाउल्डन'टी लेट मे कमिट मोर जेनोसाइड
एएनडी ह्वेन आई थिङ्क एबाउट आइटी, आई रियली नेवर वास नो मोन्क
आई'एम जस्ट आ पंक
लिभिङ आइएन नेपाल लिके आइटी'स घना, बेइङ हेल्ड होस्टेज बाइ [रिड्याक्टेड]
थिस आइएस नोट आ सोङ, थिस आइएस आ सीआरआई फोर हेल्प
बिच, आई गो हार्ड आइएन थे मोनास्टेरी
एएनडी आ कपल [अनइन्टेलिगबल]
आये",256
894,Hardina,Tunna Bell Thapa,nepali,"सोचेँ जस्तो, खोजेँ जस्तो
नपाइने कहिल्यै यहाँ
हासोँ सधैँ एकैछिनको
आसुँ किन होला राम्रो देखीने आखै मा?
सम्झना रमाइलो एकैछिनको
याद बनी सताउने बहाना हो
तस्बिरले एकैछिन आनन्द दिद छ
नपाएको मायाँ धेरै शुद्ध
रित्तो भावना मन मरीजान्छ
खोली पोखुँ कसरी म?
कुन दिन अन्तिम भेट हुनेछ
कुन रात अन्तिम निद्रा
हासेर साचेका सबै पलहरु
जाने होलान जलेर
मायाँ मेरो साचो, झुटो
निदाउनु अघी तिम्रै यादले
सपना भरेको छु मैले
तर फेरी घाम लाग्ला यहाँ
फेरी पानी पर्ने होला तर म
हार्नेछैन, म कहिल्यै हार्दिन
को यहाँ तिम्रो? न कोही मेरो
ताराहरु किन चम्किने होलान अधेरीमै?
जीवन हाम्रो आउनु, जानु
हरेक लिएको सास सायद दोस्रो मौका त हो
आशाले भरलाई कहिले बुझ्दैन
साचेको मायालाई फुल चाहिदैन
मन सम्हाली अडकिनु छ
हेर्ने आखाँमा संसार हुन्छ
देखिनलाई त आकाश नी रुन्छ
बुझी सम्झाउ कसरी म?
जती टाढा उडे नी म
मेरो मनको मान्छे तिमी
रमाएर सबै एकैछिनलाई
यि नयनले छले पनी
मायाँ मेरो साचो, झुटो
निदाउनु अघी तिम्रै यादले
सपना भरेको छु मैले
तर फेरी घाम लाग्ला यहाँ
फेरी पानी पर्ने होला तर म
हार्नेछैन, म कहिल्यै हार्दिन",141
895,Ramta Jogi,Bishesh Silwal,romanized,"नाचिदेउ नाचिदेउ , सब्बई दुःख भुली नाचिदेउ
हासिदेउ हासिदेउ तिमी....
नाचिदेउ नाचिदेउ , सब्बई दुःख भुली नाचिदेउ
हासिदेउ हासिदेउ, दिल खोली तिमी हासिदेउ
नाचिदेउ नाचिदेउ , सब्बई दुःख भुली नाचिदेउ
हासिदेउ हासिदेउ, दिल खोली तिमी हासिदेउ
मेरो सामु तिमी, आई मुस्कुराउ ना
तिम्रो त्यो मुस्कानमा, मलाई डुबाउन...
मेरो सामु तिमी, आई मुस्कुराउ ना
तिम्रो त्यो मुस्कानमा, मलाई डुबाउन...
कसैले रोक्दैन मलाई
कसैले रोक्दैन मलाई
नाचिदेउ नाचिदेउ , सब्बई दुःख भुली नाचिदेउ
हासिदेउ हासिदेउ, दिल खोली तिमी हासिदेउ
नाचिदेउ नाचिदेउ , सब्बई दुःख भुली नाचिदेउ
हासिदेउ हासिदेउ, दिल खोली तिमी हासिदेउ",73
896,Eutai,Salil Maharjan,nepali,"एउटै छ मन
एउटा यो जिन्दगानी
एउटै छ कथा
थुप्रै छ जिद्दी बानी
सारा संसारले
मलाई नै एक्लै पार्यो
तर तिमीले घाम बनि त्यो छायाँ ढाल्यौ
किन छ गाह्रो, छ मुटु तिम्रो साह्रो मेरो छेउमा बसि देउ न
किन भन्छौ भोलि, भोलि भन्दा हुन्छ पर्सी, कुनै दिन मेरोलाई आउन
टेल योउ थोसे थ्री वर्ड्स, हर्टब्रेक्स एएनडी फ्रिफल्स, मेरो मुटु थापि देउ न
जस्ट होव वाउल्ड आई केएनओडब्ल्यू?
एउटै छ कुरा
एउटै चाहना
एउटै छ पिडा
सधैं हुन्छ यो किन, यो किन, यो किन?
एउटै छ कुरा
एउटै चाहना
एउटै छ पिडा
सधैं हुन्छ यो किन, यो किन, यो किन?
सारा खुशी तिमी सोचे, सोचे जस्तो हुन्न भने
एउटै गीत सबैले किन गाउछ?
मैले भनेको यो शब्द अरूले नि भनि सके अब भएँ म अर्थ न व्यर्थ
शब्दले वरण गरन सक्दैन, ""तिमीलाई
गीत भनि लेख्दै छु तिम्रो मन जित्नलाई
शब्दले वरण गरन सक्दैन, ""तिमीलाई
गीत भनि लेख्दै छु तिम्रो मन जित्नलाई",129
897,Treat You Right,Sudhan Gurung,romanized,"गोर्खे-ओन-थे-ट्र्याक-बोय
बेबी, वाउल्ड योउ टाके आ चान्स?
आई जस्ट वन्न होल्ड या ह्यान्ड्स
आई जस्ट वन्न बे थे ओने टो लोव योउ
विथ इभरिथिङ आई हावे
डो योउ फील एबाउट मे समे वे थाट आई डो?
डो योउ थिङ्क एबाउट मे शव्ती ह्वेन आई'एम नोट विथ योउ?
आई जस्ट वन्न किस या लिप्स
शव्ती, आई जस्ट वन्न तस्ते या लोव
लेट मे डो योउ राइट
बेबी, लेम्मे डो योउ राइट
आई केएनओडब्ल्यू युर मान एआइएन'टी डोइङ योउ राइट
आई जस्ट वन्न लोव या
शोव योउ बेबी ह्वाट या वर्थ
थे वे योउ लुक एटी मे शव्ती, आई केएनओडब्ल्यू योउ वान्ट मे!
थे वे योउ लुक एटी मे, शव्ती, आई केएनओडब्ल्यू योउ वान्ट मे!
आई वाउल्ड नेवर चाँगे
शव्ती, डोन'टी प्रिटेन्ड
गिवे योउ ह्वाट योउ'वे बीन मिसिन",121
898,Maya Nai Ho,Monkey Temple Nepal,nepali,"माया, माया नै हो
मन, मनमा यो
माया नै हो, छायाँ तिम्रो
साथमा यो, माया मेरो
माया नै हो
घाम र छायाँ झैँ यो
जीवन तिम्रो मेरो
कहिले त्यो खुसी तिम्रो
आँशुमा साथ मेरो
माया नै हो, माया तिम्रो (माया तिम्रो)
माया नै हो, तिम्रो मेरो (तिम्रो मेरो)
साथमा यो, छायाँ तिम्रो
माया नै हो, माया नै हो
माया नै हो, माया नै हो
माया सँगै साटौला यो
भन्छन् अझै बढ्दछ यो
साटेमा यो, साथ हाम्रो
साटेमा यो, माया हाम्रो
बढ्दछ यो",66
899,Aago Ho,B-8eight,nepali,"ह्वाट'स यूपी, केटीएम सिटी?
बी-8इटाइट आइएस ब्याक
बी-8इटाइट आइएस ब्याक
हाहा, थिस आइएस होव वे डो आइटी
वेरेबाउट टो बर्न थिस शीत यूपी
लेट'स बर्न थिस शीत, मान
बी-8इटाइट एउटा आगो हो सल्किदै छ यसरी
लाग्ने छ डढेलो यहाँ निभाउछस् तँ कसरी
बी-8इटाइट एउटा आगो हो सल्किदै छ यसरी
लाग्ने छ डढेलो यहाँ निभाउछस् तँ कसरी
जिभ्रो मेरो बाठो भोकी बोली मेरो तितो हो?
भोटे पारे जातले म चरित्र नै के चर्को भो
पाँच फीट पाँच इन्च उचाइ मेरो, ६८ को ज्यान यो
बी-8इटाइट आगो हुँ म, निर्देशक शब्दहरूको
संख्यात्मक रुपमा थोरै होलान मेरा शुभचिन्तक
सरल व्यक्तित्व मेरो सोचाइ फेरि आक्रम्क
धेरै भो चुप लागेर बस्ने हो अब कति?
सन्तुलनमा रखेँ थिए हेरलास् है हाम्रो गति
अक्षर केर्न मात्र सिपालु छैन्न यि हातहरू
तरे सोलोक भन्दा चर्को मर्दले फेर्ने सास बोरु
व्यापारिक विश्राम सरि क्षणिक केही दिनमा नै लोप
मनोरञ्जनको साधनको रुपमा हुन्छस् तँ प्रयोग
छैन व्यतिगत रिशग, भन्दिन तँ छस् खराब
वास्तबमै नढाँटी भन्दा आवश्यक छ तँलाई पाठ
रहर पुग्यो कि अझै बाँकी छ तेरो नाटक?
सुन् क्रमसै घट्ने छ आज देखि तेरो पाठक",161
900,Timrai Nai Ho,Doleck,nepali,"मेरो मनको सबै कुरा, तिमीलाई म भन्न चाहन्छु
तिम्रै मनको सबै कुरा, तिमी केवल मलाई सुनाउ
मेरो मन, तिम्रै नै हो
दिन बित्छ तिम्रै साथमा, रात बित्छ तिम्रै यादमा
अनी तिम्रै याद्ले जगाउछ माया, रात भरी तिम्रै रहरमा
मेरो मन, तिम्रै नै हो
म तिम्रै हाथ थामी देउला, सधैको लागि
म तिम्रै आँखामा दुबी देउला, सधैको लागि
म तिम्रै हाथ थामी देउला, सधैको लागि
म तिम्रै आँखामा दुबी देउला, सधैको लागि
मेरो मनको सबै कुरा, तिमीलाई म भन्न चाहन्छु
तिम्रै मनको सबै कुरा, तिमी केवल मलाई सुनाउ
मेरो मन, तिम्रै नै हो
तिम्रै नै हो , तिम्रै नै हो
तिम्रै नै हो , तिम्रै नै हो
तिम्रै नै हो , तिम्रै नै हो
तिम्रै नै हो",97
901,Samriddhi Rai - Akanksha,Genius Romanizations,romanized,"मनको कुरा आँखले गर्चौ
तारा शब्द बोल्दैनौ किना?
बादल खेल्छन् आकाश माथि
अनि धर्तीमा तिमी रा मा
भना जे चान लुकेका कुरा
आकांक्ष्य केही नहोस् अपुरा
बदलिँदै चान समयको प्रहार
नया पाल, नोउलो रहर
पुराना महल, सपनाको शहर
शौदेई तिथो सम्झना
मौसमले ल्यायो आफ्नेइ गीत
अनि गाउचोउ तिमी रा मा
भना जे चान लुकेका कुरा
आकांक्ष्य केही नहोस् अपुरा
बदलिँदै चान समयको प्रहार
नया पाल, नोउलो रहर
रातको अँधेरीलाई, प्यारो त्यो जुनेली
तिम्रो मेरो मायाले ल्यायो के उजेली",62
902,Khojey,Zac Rai,nepali,"खोजेँ, मैले तिम्रो माया खोजेँ
येअह, येअह, येअह, येअह
रोजेँ, तिमीलाई नै म रोजेँ
येअह, येअह, येअह, येअह
खोजेँ, मैले तिम्रो माया खोजेँ
येअह, येअह, येअह, येअह
रोजेँ, तिमीलाई नै म रोजेँ
येअह, येअह, येअह, येअह
वैत, होल्ड यूपी
लिस्टेन, आई डोन'टी वन्न फाइट नो मोर
इभरी डे किन तिमी निहुँ खोजेको? (निहुँ खोजेको) येअह, येअह
दिन अझैँ लामै छ, बेसी तिम्रो बहना
चाहिँदैन, मेरो यो चाहना
रातमा छौ तिमी अनजानी (अनजानी)
टोलाइ बसेँ छु, नराम्रो बानी (यो बानी)
बेकार भयो नि यो जिन्दगानी, नानी, नानी
योउ से आइएम नोट थे ओने, बुट आइएम ट्राइङ
आई से आइएम डोइङ फाइन, बुट आइएम लिङ
हार माने अब चाहिँ, ब्ये-यै-यै-यै
बुट आइटी'स ओकाय, आई फोर्गेव एएलएल युर पागलपन
सुधार न गाह्रो भो मेरो यो पागल मन त्यसैले
खोजेँ, मैले तिम्रो माया खोजेँ
येअह, येअह, येअह, येअह
रोजेँ, तिमीलाई नै म रोजेँ
येअह, येअह, येअह, येअह
खोजेँ (खोजेँ), मैले तिम्रो माया खोजेँ
येअह, येअह, येअह, येअह
रोजेँ, तिमीलाई नै म रोजेँ
येअह, येअह, येअह, आईеआह",141
903,Smoke Weed With Lesbian God (Interlude),Tamang,romanized,"शीत
एवी शीत, मान
गोड्डाम्न
ह्वाट थे फक योउ पुत आइएन थिस शीत, मान?
यो... यो, थाट शीत वास नोट वीड
उघ
यो, ह्वाट थे फक आइएस थिस?
...आइएस आइटी प्राइड मोन्थ अलरेडी?
ओह माइ गोड... शे वास राइट
गे राइट्स, मान... गे राइट्स",38
904,Jhareko Yo Aansu,Doleck,romanized,"झरेको यो एन्सो, कैले सुक्दैन
मरेको यो माया, कैले जेउदैन
झरेको यो एन्सो, कैले सुक्दैन
मरेको यो माया, कैले जेउदैन
तारा मायालाई नै थाहाचैन, की माना यो ताड्पिरहने चा
त्यो मिठो सम्झना, कैले बिर्सिन्न
त्यो साचो भावना, कैले फेरिना
प्रयास मा गर्चु, सुना हरेक दिन
असफल मा हुन्चु, हेरा हरेक दिन
तारा मायालाई नै थाहाचैन, की माना यो ताड्पिरहने चा
एकलो रातमा तिमीलाई सम्जेर, बिहाना सम्म नमुना को मुहार
एकलो रातमा तिमीलाई सम्जेर, बिहाना सम्म नमुना को मुहार
खोजिन्छु साधै साधै
तिमीलाई बिर्सना, मानाले चाहन्न
तारा तिमीलाई फेरी पाउन, कैले सकिन्न
झरेको यो अन्सो, कैले सुक्दैन
मरेको यो माया, कैले जेउदैन
झरेको यो अन्सो, कैले सुक्दैन
मरेको यो माया, कैले जेउदैन",93
905,Yehi Nai Ho K Maya,Bikki Gurung,nepali,"यही कतै उमङमा हराए जस्तै
यही कतै हावामा समाए जस्तै, येअह
यही कतै मनलाई आफै मनाए जस्तै
यही कतै यही छेणमा रमाए जस्तै
यही कतै एक-अर्कालाई पाए जस्तै, येअह
यही कतै पिरती गाँसेछ जस्तै, येअह
यही कतै हेर दुई मन मिलेछ जस्तै
यही कतै हेर माया बसेछ जस्तै
खै के हो यस्तो अनुभुति? येअह
यही नै हो के माया?
यही नै हो के माया?
यही नै हो के माया? येअह, येअह, येअह
यही नै हो के, यही नै हो
यही नै हो के, यही नै हो
मनमा फेरि आशा जागेछ
तिमीलाई देखेर अन्तै तिर भागेछ
यो आँखाले खोजी सकेको तस्विर हेर तिम्रो नै
मेरो मनले रोजी सकेको साथी हेर तिमी नै",97
906,Gahiro,Sareen Deoja,nepali,"गहिरो निलो त्यो सागर झैँ
विसाल अटल त्यो हिमाल झैँ
मेरो माया तिमीलाई नै
मेरो माया तिमीलाई नै
सम्हाली राख न
संगाली राख न
यो मनै त हो नि
यो मनै त हो नि
यो मनै त हो नि, यो—
यो माया नै त हो नि
यो माया नै त हो नि
यो माया नै त हो नि, यो—
सुरिलो सङ्गीत झैँ यो
अमर माया हाम्रो रहोस्
तिम्रो आँखामा मैले पाएँ
मनका ति भावनाहरूलाई
अंगाली राख न
सम्हाली राख न",63
907,Kafalko Dana,Himal Sagar,nepali,"काफल को दाना गलबन्दी भरी थापेर ल्याईदिम्ला
त्यै बहानालाई छोपेर तिम्रो नजिक आईदिम्ला
तिम्लाई मुटुको माया मुखमा सारी आई लभ यु भनौला
प्यारी आई लभ यु भनौला
मुटुको माया मुखमा सारी आई लभ यु भनौला
प्यारी आई लभ यु भनौला
पातले चिउरा कुटेर तिमीलाई कोसेली बनाम्ला
मनको केक काटेर तिम्रो जन्मदिन मनाम्ला
तिम्लाई मुटुको माया मुखमा सारी आई लभ यु भनौला
प्यारा आई लभ यु भनौला
मुटुको माया मुखमा सारी आई लभ यु भनौला
प्यारा आई लभ यु भनौला
पिरती लेख्ने मसीले होइन मायाले लेख्ने हो
ऐनामा आफू उभिँदा पनि मायाले देख्ने हो
आकाश को चरी कसरी उठ्यो पखेटा नपाए
यतिका धेरै मान्छेको भिडमा तिमीलाई नै सजाएँ
काफल को दाना गलबन्दी भरी थापेर ल्याइदिउँला
त्यै बहानालाई छोपेर तिम्रो नजिक आइदिउँला
तिम्लाई मुटुको माया मुखमा सारी आई लभ यु भनौला
प्यारी आई लभ यु भनौला
मुटुको माया मुखमा सारी आई लभ यु भनौला
प्यारी आई लभ यु भनौला",126
908,Ghar ta Dhading Nuwakot,Preeti Rimal,nepali,"आकसैमा उदेकी चारि झै
मेरी माया स्वर्गा कि परी झै
घर त धादिङ मा
गल्छी हुदै आउनु हो निर्मया भेटाउ मुग्लिनमा
तिमरो सुख दुख मा ध्यान दिनु
मागी हेरा ज्ञान मागे ज्ञान दिनछु
घर त धादिङ मा
गल्छी हुदै आउनु है निर्मया भेटाउ मुग्लिनमा
मलाई दुख रुनेमा परछौ रा ?
सच्चाई भाना के माया गर्छाउ रा ?
घर ता नुवाकोट
गल्छी भेटी संगै जौं निर्मया कास्की सराङकोट
हिजो मात्रै टिकटक मा देखेको
आजै रैछ,भेट हुन लेखेको
घर त धादिङमा
गल्छी हुदै आउनु हो निर्मया भेटाउ मुग्लिनमा
तिमरो मीठो हसो ले मान जित्छ
तिमराई टिकटक हेरेरा दिन बिछा
घर ता नुवाकोट
गल्छी भेटी संगै जौं निर्माया कास्की सराङकोट
तिम्ले छोडे के गर्छु के गर्छु
राजी छाउ त मंसिर माई बिहे गर्छु
घर ता धादिङ मा
गल्छी हुदै आउनु हो निर्माया भेटाउ मुग्लिनमा",109
909,Maya Ma Aye,Doleck,romanized,"या तिमिनै मलाई लैजाउ
कतै ताडा लानु पर्दैन
तिम्रै मनाको धृष्टिमा लैजाउ
भाव्न बुजिदेउ
सोचा सम्जिदेउ तिमी
भाव्न बुजिदेउ
सोचा सम्जिदेउ तिमी मेरो
या तिमिनै मलाई लैजाउ
भाव्न बुजिदेउ
सोचा सम्जिदेउ तिमी
भाव्न बुजिदेउ
सोचा सम्जिदेउ तिमी मेरो
फर्केर हेरा अल्झिरहेछु, तिम्रै यादमा मा यादमा मा आजा
फर्केर हेरा तड्पिरहेछु, तिम्रै मायामा मा मायामा मा आजा
या तिमिनै मलाई लैजाउ
कतै ताडा लानु पर्दैन
तिम्रै मनाको धृष्टिमा लैजाउ
तिम्रै मनाको धृष्टिमा लैजाउ
तिम्रै मनाको धृष्टिमा लैजाउ
तिम्रै मनाको धृष्टिमा लैजाउ",61
910,Ma Ek Sapana,Astha Tamang-Maskey,nepali,"म एक थोपा, सागरलाई कहाँ देख्न सक्छु
म एक थोपा, सागरमा बिलाउन सक्छु
सागरलाई पाउन सक्छु
म एक सपना, बिपना हुन सक्छु
पछ्याई रहन , पछ्याई रहन सके
म एक सपना, बिपना हुन सक्छु
पछ्याई रहन , पछ्याई रहन सके
म एक गती, सदा टिक्न कहाँ सक्छु?
म एक गती, स्मृतिहरु दिन सक्छु
टासे हृदयमा टिक्न सक्छु
म एक सपना, बिपना हुन सक्छु
पछ्याई रहन , पछ्याई रहन सके
म एक सपना, बिपना हुन सक्छु
पछ्याई रहन , पछ्याई रहन सके",65
911,Aakasha,Bikki Gurung,nepali,"बिशाल राख हिमाल सरि
बिचार राखौ ठुला ठुला
निडर छ मन
अटल छ विश्वाश
हार्ने छैनौ हामी कहिल्यै
आशा राख
बद्लिने छ हाम्रो देश
छुने छ है आकाश
आकाश
जहाँ पनि मेरो मन
सधैं रहने छ नेपाली
जहाँ गए पनि मेरो मनमा सधैं
रहने छ मेरो देश नेपाल
आशा राख
बद्लिने छ हाम्रो देश
छुने छ है आकाश
आकाश
रातो र चन्द्र सुर्य
जँगि निशान हाम्रो
जिउदो रगत सरि यो
बल्दो यो शान हाम्रो",54
912,Chitthi,Phiroj Shyangden,nepali,"आएन चिठ्ठीहरू मेरो नाउँमा
धेरै दिन भो किन आएन?
सम्झेन उसले मलाई आज-भेलि
किन-किन कहिले सम्झेन?
आएन चिठ्ठीहरू मेरो नाउँमा
धेरै दिन भो किन आएन?
सम्झेन उसले मलाई आज-भोलि
किन-किन कहिले सम्झेन?
उसलाई माया गर्नेहरू अरू पनि
धेरै-धेरै होलान, म भन्दा नि धेरै
उसको आँखामा आँखा जुधाउनेहरू पनि
सायद अरू पनि थुप्रै-थुप्रै होला नि
उसको मुटु भित्र रम्ने अरू पनि
थुप्र-थुप्र होलान, म भन्दा नि बढि
उसको हेराई मन पर्नेहरू अरू पनि
सायद कति-कति थुप्रै-थुप्रै होला नि
आएन चिठ्ठीहरू मेरो नाउँमा
धेरै दिन भो किन आएन?
सम्झेन उसले मलाई आज-भोलि
किन-किन कहिले सम्झेन?",90
913,Honey Budhathoki - This is Lit,Genius Romanizations,romanized,"किना तोलाई रचौ तिमलाई के॰एस वाको होला
के॰एस के॰एस हल्या चौ हो तिम्रो कति वाइटी झोला
स्पोटिफाइ चलाउन लागी हाले माइले होला
मिक तात्ती सक्यो त्यो र्यापर लाई चितो बोला
मलाई बोरे लागेर जे॰एस पाये तेइ फ्रिस्टीले हानी राचु
ब्याना देखि टिन लिटर पाँइ माइले खाचु
साइकल नवयेर आजा पठाउ चडी आचु
जादो जादो वायो अबा माइले चिया खाना लाचु
यो बिट कति दामी लाग्छ आगो लागी हाल्छ
मेरो सरिर जाली रचा
मेरो कपाल बल्न लाचा
मेरो दिमाग तात्ती रचा
अबा हुक आउदै चा हाई
तिम्रो झुम्ने बेला वाचा
तिम्रो झुम्ने बेला वाचा
मा टा वाई सके थिस, मा टा वाई सके थिस
माइले चाहे वने गीत निकाल्चु हप्ता मा 20
मेरो फ्लोव सुनेर वञ्चन सबल, ब्रो, थिस आइएस लिट
थिस आइएस लिट , थिस आइएस लिट
आइटी आइएस सो कोल्ड, आइटी आइएस सो कोल्ड, मान
इमोशनल टोपिक खोजेर ह्या गीत चलाउन खोज्छन्
फ्लोव को एफ पानी चाइन तेइनी राप हान्न खोज्छन्
नया केही चाइन सबल येहा दुःख मात्र पोख्छन्
तेइनी सुनाम एक चोटी वन्दा 4 बार मै खोक्चन
कुनै ट्रेन्डिङ टोपिक लियेर मलाई गीत बनाउनु चाइन
कसैलाई डिस हानेर मलाई हित पानी हुनु चाइन
ठूलो कुरा गर्न लाई मा टेटी ठूलो पानी हैन
के॰एस बर्सी वनेको टा आजा खाना पो खाको चाइन
1 हप्ता वाई सक्य चा मा टा वाको हाइ
कुनै कुरा मा अल्झिन्न फोकस गर्नु चा मलाई
सिदै टोपिक खोज्छु माइले गर्दिन नि हेल्लो हि
अरू केही चाहिदैन मात्र माया देउ मलाई",203
914,Buba,Uniq Poet,nepali,"सानोमा उसलाई बुबाले भन्नुहुन्थ्यो
पछि फलानो जस्तै ठुलो मान्छे हुन्छ मेरो छोरो
कहिल्यै को फलानो कहिल्यै को फलानो
तर ठुलो मान्छे चैं पक्कै
आफुले दिनभरि काम गरेर बेलुकी उसको कोठामा हेर्नुहुन्थो
छोरो पढ्दै छ भने ठुलो मान्छे भएस भनेरै आशिस दिएरै सुत्नु हुन्थ्यो उसको बुबा
त्यही ठुलो मान्छे हुने क्रममा
जम्मा अठ्ठार वर्षमै विदेशको भ्रममा
लौ बुबा रिण लिनु पर्यो
मँ पनि विदेश हिन्दिनु पर्यो
संसार चिन्दिनु पर्यो
हजूरको ठुलो बनाउने सपना पचास लाख मात्रले किन्दिनु पर्यो
के भनोस बिचरा बाउ
हुन्छ नि त जाऊ
राम्रो खाऊ, राम्रो लाऊ
नाम, दाम, शान कमाऊ
ठुलो मान्छे बनेर आऊ
केही वर्ष त कुरो सुनाउथ्यो छोरो
पछि पछि अरूले नै बा:लाई सुनाउन थाले
सायद धेरै नै ठुलो भएछ छोरो आफ्नो जरो पनि भुल्यो क्यारे
कयौं वर्ष बित्दा पनि आएन छोरो फर्केर
नातिको तस्बिर देख्दाखेरि उसको खुशीको आँसु वर्षेछ
ठुलो मान्छे भाको छोरो अब बाउ पनि भएछ
मेरो छोरो पनि ठुलो मान्छे बनोस भन्ने इच्छा उसको पनि रहेछ
बिर्सिएको बाल्यकाल अब बल्ल याद आयो कि
बुबाको ऊ प्रतिको माया कति रहेछ बल्ल थाहा पायो नि
थाम्न सकेन मन उसले फर्कि जाने इच्छा भो
पाठ ढिल्लै बुझेपनि बहुमुल्य रैछ शिक्षा त्यो
फर्कि जान्छ केही नसोचि घर पुग्दा मन खिन्न भो
चाउरिएको त्यो हात समाई सोध्यो मलाई चिन्नुभो ?
गलि सकेका गाला त्यी देखिए मुस्कुराए झै
हजूरको स्नेह , हजूरको प्रेम सम्झि फर्कि आएँ है
बुझिनछु मर्म मैले
स्वर्गरूपी धर्म त्यागेँ
ठुलो मान्छे बन्छु भन्दा
मान्छे बन्न भुलेँ क्यारे
पस्चताप नगर छोरो बोल्छ मुहार उसको बुबाको
आँखा चिम्ले अन्तिम साँससंगै
सायद उनको सपना बल्ल पुरा भो
सायद उनको सपना बल्ल पुरा भो",217
915,Luckey - Indradhanush,Genius Romanizations,romanized,"लुकामारी खेल मा मलाई समयी बाहिर निकाला
पछ्यौरी लाई तानेर मलाई तिम्रो बाटो देखायेर
आउ अंकान्त मा धेरै बसे, लाह तिम्रो कुरा भना
आउ मलाई पानी दारा लाग्छ अँध्यारा कोटा संग
इन्द्रधनुष खोजी ल्याउ
इन्द्रधनुष खोजी ल्याउ
इन्द्रधनुष खोजी ल्याउ
इन्द्रधनुष खोजी
रङ्ग कोरी ल्याउ
सबै कुरा बिर्सेछु, तारा तिम्रो याद आइरह्न
स्ट्याब्डा मेरा ओथ लाई केही कुरा भनी हसायेर
आउ मेरा हात समै तिमी पाइला टेक्न भना
आउ मलाई पानी दारा लाग्छ अँध्यारा कोटा संग
इन्द्रधनुष खोजी ल्याउ
इन्द्रधनुष खोजी ल्याउ
इन्द्रधनुष खोजी ल्याउ
इन्द्रधनुष खोजी
रङ्ग कोरी ल्याउ",73
916,Figure Coca Cola,Prahlad Timalsina & Jonisha Paudel,nepali,"नजरैले हान्छु अंकुश तिमीलाई
नजरैले हान्छु अंकुश तिमीलाई
अंगाली राख जुनीजुनीलाई
त्यो रुपैमा आँखा लाउने कयौं होला
किन गर्छेउ आनाकानी भइ सक्यो अबेला?
तिम्रो फिगर, तिम्रो फिगर कोका-कोला
तिम्रो फिगर कोका-कोला
म आफै मरेर गर्दिन भलाई
म आफै मरेर गर्दिन भलाई
त्यो मनलाई जलाउछु कोरेर सलाई
यो रुपैमा जो जलुन बालै भो र
सम्हालेर बस नत्र लागैला कोरा
मेरो फिगर, मेरो फिगर कोका-कोला
मेरो फिगर, हो, मेरो फिगर कोका-कोला
रङ्ग छ, ढङ्ग छ, सबै ठीक छ चाला
रङ्ग छ, ढङ्ग छ, सबै ठीक छ चाला
तिम्रो दिनमा हुन्छ मेरै बोलबाला
ठमठम-ठमठम गर्दै आकाशीने बानि
तिम्रो माया जालमा परे जानी-जानी
रङ्ग छ, ढङ्ग छ, सबै ठीक छ चाला
तिम्रो दिनमा हुन्छ मेरै बोलबाला
ठमठम-ठमठम गर्दै आकाशीने बानि
तिम्रो माया जालमा परे जानी-जानी",108
917,Aruna Lama - Sabeile Bhanthe,Genius Romanizations,romanized,"सबैले भन्थे मायालु फूल भी आँखमा फुल्चु
कर्मैले हजुर आँशुमा मा फुले
कर्मैले हजुर आँशुमा मा फुले
मा आफै भन्थे जिन्दगाई आफ्नै हातले लेख्छु
कुन एमएनले हजुर गाईतमा मा भुनले
कुन एमएनले हजुर गाईतमा मा भुनले
सुन्दछु मेरो यही धर्ती भित्र आफ्नै चा रगत
पाउँदिन तारा कोही पानी आफ्नो बेगलाई चा जगत
देख्नेले भन्थे उडेर एकदिन आकाशा चुन्चु
कुन दिनले हजुर उड्न नै मा भुलें
कुन दिनले हजुर उड्न नै मा भुलें
ना घर मेरो, ना बान मेरो, यै मनले मा एकलो
मुहार मेरो स्बाइको जस्तो आँशुले मा बेग्लो
लहरले भन्थ्यो बगेर एकदिन सागर पुग्चु
दिनाले हजुर खोला मै मा सुके
दिनाले हजुर खोला मै मा सुके",92
918,Bash Khojdai,Aruna Lama,nepali,"बास खोज्दै थाकिसके
कोहि एउटा त बोल
बस्न भइगो नदेउ रे
ढोका सम्म खोल
बास खोज्दै थाकिसके
कोहि एउटा त बोल
देखाउँछु मैले कति भारि बोकेको छु
देखाउँछु मैले कति भारि बोकेको छु
देखाउन मैले कति आँसु रोकेको छु हो
जे भएनि मान्छेलाई बाँच्न मन लाग्छ
टुक्रिएका सपना झन् साँच्न मन लाग्छ
साँच्न मन लाग्छ
बास खोज्दै थाकिसके
कोहि एउटा त बोल
पाएदेखि एकै घुटको मोहि मात्र पिउन
पाएदेखि एकै घुटको मोहि मात्र पिउन
बिँडी पनि धेरै हुन्थ्यो एक रात जिउन हो
खुट्टा तेसै गलिसक्यो, आँखा लोलाउँछ
झ्यालबाट हेर एउटा यात्री बोलाउँछ
यात्री बोलाउँछ",75
919,HIJACK,YRU Mid,romanized,"येअह थिस बिगा
येअह वे डोन'टी प्ले
येअह थिस बिगा
येअह वे डोन'टी प्ले
पल यूपी टो थे ओपीपी ब्लक
थे वास ल्याकिङ
टीडब्ल्यूओ ग्लक्स, टीडब्ल्यूओ एकेएस
वे वास प्याकिन
वे एआइएन'टी नो ब्रोक बोयस
मोनी वे आरे स्ट्याकिन
आईएफ वे क्याच ओउर ओपीपीएस
ओउर गन्स विल बे क्र्याकिन
फक थेम फोनिज
थे बे स्ल्याकिन
रोब थाट प्लेन
वे बे हिजाक
आई डोन'टी केएनओडब्ल्यू
आइएन निग्गस आई डोन'टी ट्रस्ट
आई डोन'टी वान्ट टो टाल्क टो नो मोथरफकर्स ह्वो लेट आइटी बे क्रस्ट
एएनडी ह्वेन आई हित थिस बिट
आइटी मेक्स मे वन्न बस्ट
आई'एम डिस्क्रिमिनेटिङ आ निग्ग
आई माके सुरे थाट शीत अनजस्ट
डब्ल्यूएचеएन
आई बेट युर शीत एबाउट टो रस्ट
ह्वेन आई सी योउ मोथеर्फकर्स डोन'टी वाइप
आई जस्ट लुक एटी योउ आइएन डिसगस्ट
आई थाउष्ट विपिङ वास आ थिङ
थाट डिडिएन'टी इवेन मियन डिक बे डिस्कस्ड
काउस ओन्स थाट एएसएस वास काउष्ट
आइटी'स गोन्न थे डस्ट
विपिङ इभरी डे
येअह थाट गुया बे मस्टी
आये!",134
920,Mero Bhale Kha,Sudhan Gurung,romanized,"येअह
थिस गोएस आउट टो एएलएल थे ह्याटर्स थाट हाटेड मे
एएनडी एएलएल थोसे पियोपले थाट सैद आई काउल्डन'टी डो नथिङ आइएन लाइफ
आई गुएस, आईएफ योउ कम्पेयर युर लाइफ टो माइ लाइफ
आई थिङ्क आई'एम डोइङ वे बेटर थान योउ माटे
टेटी ले मात्र पुगेन भने
आँडा पानी चा खा!
प्लीज, मेरो भाले खा
टेटी ले मात्र पुगेन भने
आँडा पानी चा खा!
सबै मेरो भाले खा
सबै जना मेरो भाले खा
सबै जना मेरो भाले खा
ताती ले मात्र पुगेन भने आँडा पानी चा खा",78
921,Sirani Ko Tasbir,Swoopna Suman,nepali,"सिरानी मा लुकाई राखेको तिम्रो त्यो तस्बिरले आज मलाई बोलायो
क्षितिज पारीको घाम हेरी बस्दा त्यो यादको वादीलेआज मलाई बगायो
रित्तो रित्तो यो मनमा फेरी मायाको मुना पलायो
सामु देखेथे एकछिन तर एकछिनमै कहाँ बिलायौ
बाटो हरायर खोजि रहे
एकछिन कराएर रोहिराहे
सपनीमा देखेर बिउझी बसे
हो हासी रहेथ्यौ तिमि त त्यहि सिरानीको तस्बिर बनेर
सिरानीको तस्बिर बनेर
सिरानी मा लुकाई राखेको तिम्रो त्यो तस्बिरले आज मलाई बोलायो",59
922,Hasta Namestey,Bizen,nepali,"हेल्लो
अँ, अन्त सुढ्ढो एउटा कुरा भन्नु थियो
अँ, तपाईको छोरीको बारेमा
ल सुन्नुस् है त
गाउँ गोरी चट्ट परी आँखा गइ मोरीले (वु, वु, वु, वु)
हेर सुढ्ढो आज मलाइ लठ्ठै पारी तिम्रो छोरीले (वु, वु, वु, वु)
स्वाग मेरो पाखे भयो भन्छ अर्को तोरीले
ह्या, सुढ्ढो
हेर्दै जाउ तिम्रो छोरी भगाइ लग्छ यही फोरीले
(यही तोरी, यही, यही तोरी)
या, चियासँग पफ पनि ठूलो मेरो गफ्फ
कपाल मेरो ठाडो अनि प्यान्ट मेरो राउच
तिम्रो छोरी मोठी खान्छे दिनभरी मासु
तिम्रो छोरी मलाइ दिए तिमी मेरो सासु
हे, डोग, आई'एम नोट गोइङ विथ थाट जीएस-फ्लोव
योउ केएनओडब्ल्यू ह्वो आइएम तल्किन एबाउट आई'मा हित योउ विथ माइ पीएसए-फ्लोव
भन्छ मलाइ स्याल तर बाघ हुँ म गाउँको
नआत्तिउन सुढ्ढो ठूलो घर छ मेरो बाउको
भुटु-टु-टु अङ्गेजीमा मकै जस्तो भुटेछु
तिम्रो छोरी भन ठानि बाख्रैसँग सुतेछु
सेन्टीमा फेरी तिम्रो छोरा कुटेछु
माफ गरहै सुढ्ढो आज अलि धेरै बोलेछु
बोलेछु म, अलि बढि बोलेछु
बोलेछु म, अलि बढि बोलेछु
खोलेछु म, मनको कुरा खोलेछु
मत्तिएको तालमा होला, मनको कुरा खोलेछु",152
923,Yo Man Mero,Aruna Lama,nepali,"आ आ आ
आ... ओ आ
यो मन मेरो केके केके भन्छ
चरि झैँ उडुँ भन्छ, फूलझैँ झुमु भन्छ
बनपाखा पखेरीमा
बनपाखा पखेरीमा छमछमाइ मित मनको खोजुँ भन्छ
भाग्यमा छ भने हतार केलाई, ए कान्छी
भाग्यमा छ भने हतार केलाई, ए कान्छी
मुटु भित्र कता कता आज केको मात लाग्यो
आफ्नै रुप रंग देखि आफैँलाई लाज लाग्यो
मुटु भित्र कता कता आज केको मात लाग्यो
आफ्नै रुप रंग देखि आफैँलाई लाज लाग्यो
यौवनको खहरेमा भित्रभित्रै डुबुँ भन्छ
सधैँभरि अजम्बरी
सधैँभरि अजम्बरी फूल जस्तै फूलुँ भन्छ
संहाल जोवन, उडिजाला है
संहाल जोवन, उडिजाला है",77
924,Manko Uchchhavas,Simma Rai,nepali,"यो मनको उच्छवास्
जीवन को उमङ्ग
रहरे सप्तरङ्
सप्रेम तिमीलाई, तिमीलाई
यो मनको उच्छवास्
जीवन को उमङ्ग
रहरे सप्तरङ्
सप्रेम तिमीलाई, तिमीलाई, तिमीलाई
मेरा रिसराग बिलाए हावामा
बनेर सुमधुर संगीत
मेरा रिसराग बिलाए हावामा
बनेर सुमधुर संगीत
गुन्जन्छन्, हरपल, हरक्षण
गुन्जन्छन्, हरपल, हरक्षण
लाग्छ उडौँ संगै म
छरपस्टिउ कण कणमा
यो मनको उच्छवास्
जीवन को उमङ्ग
रहरे सप्तरङ्
सप्रेम तिमीलाई, तिमीलाई, तिमीलाई, तिमीलाई",44
925,GOIN CRAZYY,Eyezy,romanized,"Τι θα της πω και πως μιλήσω
Θα την εκτίμησω
Δεν θα σταματήσω
Να σκεφτομαι ότι στο μυαλό μου παίζονται όλα αυτά
Πως να ηρεμήσω
Από αυτά που είπε τι να κρατήσω
Τους φίλους ρωτάω είναι απαραίτητο να γίνονται όλα αυτά एक्स2
Επειδή κάνω पर्म
Ειμαι βασικός
सिकी
ΕΙΜΑΙ Ο ΠΙΟ ΓΑΜΗΣΤΕΡΟΣ
Θυμάμαι να γράφω το साउस & ड्रिप να λέω ότι θα γίνει όλεθρος
Δεν με νοιάζει αν λένε ότι για την बुम बीएपी
Η για την न्यू स्कुल
Κατάντησε βαρετό
Βγάλε το अटोट्युन κάνε εκείνο και κάνε αυτό
ΝΑΗ ΝΑΗ
आई क्यान सी
Αυτό που δεν μπορείς να δεις εσύ
Μωβ बन्दना στο जियन μου και απογειώνει το आउटफिट",91
926,Yee Aankhama,Aruna Lama,nepali,"हो हो आहा हो
यि आँखामा रिमझिम रिमझिम सपना झुले
झिलमिल झिलमिल चाहाना खुले
त्यो मन रिझाउन खोज्दा
जिवन रंगाउन खोज्दा
यि आँखामा
हराभरा साउन पनि सुक्खा-सुक्खा जस्तो लाग्छ
हराभरा साउन पनि सुक्खा-सुक्खा जस्तो लाग्छ
उनि बिना यो जून पनि रुखा-रुखा जस्तो लाग्छ
कठै माया चर्किदिन्छ
आफ्नै छायाँ तर्किदिन्छ
यि आँखामा
आकाशको निलिमालाइ कुहिरोले छेके जस्तो
आकाशको निलिमालाइ कुहिरोले छेके जस्तो
गुराँसको लालीमालाइ पहिरोले टेके जस्तो
छाती भित्र तुफान चल्छ
परेलीमा बिहान जल्छ
यि आँखामा रिमझिम रिमझिम सपना झुले
झिलमिल झिलमिल चाहाना खुले
त्यो मन रिझाउन खोज्दा
जिवन रंगाउन खोज्दा
यि आँखामा",74
927,Aruna Lama - Udi Jaaun Bhane,Genius Romanizations,romanized,"आहै हो
उडी जाउँ भने मा पाँची होइन
बस्नु एह लाई मान चाइन
उडी जाउँ भने मा पाँची होइन
बस्नु एह लाई मान चाइन
खसमको मोहनी लागेर होकी
होस मेरो एह लाई यहाँ चाइन
फुलैफूल बीच पानी मान मेरो फुल्दैन
फुलैफूल बीच पानी मान मेरो फुल्दैन
लाखौं तारा के गर्नु माइले
त्यहाँ मेरो जुन चाइन
बिरहको आगाओ निभाउन खोज्छु
आँशुले एह लाई निभ्दैन
खोलाको पाँइ, सिन्दुरे तिर्खा
मेटाउन एह लाई सक्दैन
पिरतीको सियो चाइन
चित्त फाट्दा सिउँ भने
पिरतीको सियो चाइन
चित्त फाट्दा सिउँ भने
चोट पानी मिठो लगाचा
मायालुले दियो भने",72
928,Jaai Jaaney Mayalu,Simma Rai,nepali,"शब्दहरू कमै पर्लान् बुझाउन तिमीलाई
केही क्षण सँगै बसी बाँचिदिउँ आजलाई
जाइजाने मायालु तिमी
बितिजाने यो पल पनि
दुवै म रोकूँ कसरी
बरु सयौँ जूनीको माया सँगाली
लाइदिऊँ कि आज यो रात साक्षी
मन यो फेरिँदैन भनी, बाँचा दिउँला भोलिको
सँगै सपना नबुने, लाग्ला माया झूठो
तर हेर न आकाशमा, कति सुन्दर टल्किएको जून-तारा
धर्तीमा तिमी र म
थोरै जीवन देखेका आँखाहरू
बुझ्छन् समयको बहावमा
भोलि को हुनेछौँ हामी ?
यो बाँचाहरूको हुन्न भर",61
929,Timi Nai,Rohit John Chettri,nepali,"तिमी नै
यो मानले चाहेको
यो मानले रोजेको
एक मिठो धून
तिमीले यो जीवनमा आएर
रङ्गाई दियौ सपनाहरु
सबै नै मेरो
तिमी नै
यो मानले चाहेको
यो मानले रोजेको
एक मिठो धून
तिमीले यो जीवनमा आएर
रङ्गाई दियौ सपनाहरु
सबै नै मेरो
हिजो सम्म एक्लै खै काहाँ म
एकान्तमा रुदैथिए, किन होला?
कोलाहलमा हराउने यो मन आज
तिमीलाई नै खोज्दैछ
किन होला?
हिजो सम्म एक्लै खै काहाँ म
एकान्तमा रुदैथिए, किन होला?
कोलाहलमा हराउने यो मन आज
तिमीलाई नै खोज्दैछ
किन होला?",62
930,Chopsticks,Adrian Pradhan,nepali,"इटालियन जुत्ता पनि छैन
फाटेको जिन्स लाउदै हिँड्छु म ज्याकेट पनि वर्सेस होइन
इटालियन जुत्ता पनि छैन
फाटेको जिन्स लाउदै हिँड्छु म ज्याकेट पनि वर्सेस होइन
वालेट मा छैन माया मेरो बिचार के छ तिम्रो?
इटालियन जुत्ता पनि छैन
तिमीले त सोधी हाल्यौ, ""बाइक मा पेट्रोल छ की छैन?
कसरी भनु तिमीलाई बाइक मेरो हुँदै होइन
दिन भरी चिया पसलहरु धाउदै हिँड्छु म
कसरी भनु तिमीलाई कामकाज छदैछैन
झुटो कुरा बोल्न आउदैन मलाई, मनमा खोट पनि छैन
चौबिस घण्टा सिगारेट च्याप्दै हिँड्छु
म ब्रान्ड पनि मार्लबोरो हैन
तिमीले त सोधी हाल्यौ, ""बैंक ब्यालेन्स छ कि छैन?
कसरी भनु तिमीलाई आम्दनी सुको छैन
पसलमा चिया पनि उधारोमा पिउछु म
कसरी म बुझाउ तिमीलाई बिल गेट्स मेरो ड्याडी होइन",104
931,Whiskey Kisses,Zac Rai,romanized,"ह्वाट डिड थे टेल योउ एबाउट मे?
थेरेस आ थाउस्यान्ड रुमर्स वाइटिङ, आइटीएस एएलएल एबाउट थिस
आई डिडेन्ट एएसके फोर थिस, आई क्यान्ट हेल्प आइटी
नोट टु लाटे फोर योउ, क्यान योउ फोर्गेट एबाउट मे?
बीन वाइटिङ एएलएल माइ लाइफ टो गेट आ ग्लान्स ओएफ योउ
एएनडी आई क्यान'टी बेलिभ होव लोङ आइटी टुक टो टाके युर ह्यान्ड
इन्स्टेड ओएफ टेकिङ चान्स टो लोसे योउ
नेवर एन्डिङ समर ब्लिस
गेटिङ ड्रङ्क ओन ह्विस्के किसेस
येअह, येअह, येअह, येअह
ड्रङ्क ओन ह्विस्के किसेस
येअह, येअह, येअह, येअह
योउ गोट माइ हेड आइएन थे क्लाउड्स, आई'एम फादेद अवे
काउन्टिङ स्टार्स, आई'एम हियरिङ योउ से
एलएलеटी'स एस्केप रियालिटी
एएस योउ कोम क्लोजर टो मे लिके
लुक्स लिके, आई'वे माडे यूपी माइ
माइ मिन्ड, माइ मिन्ड
आइटी'स टीडब्ल्यूओ वर्ल्डस गेटिङ यूपी टो
ब्लुर्ड लाइन्स, एएलएल नाइट, अफलाइन",122
