song_id,title,artist,source,total_lines,artifact_lines,artifact_ratio,artifact_types,repeat_lines,meta_repeat_lines,in_mood_gold,in_line_gold,quarantine,quarantine_reason
2652,Sanumaya Ghumti Ghumti Bato सानुमाया घुम्तीघुम्ती बाटो,Prashant Poudel,site_paankopat.com,30,22,0.7333,"emoji,lyrics_credit,music_credit,video_credits",0,0,False,False,True,artifact ratio 73% of lines (22/30)
2730,Kali काली,Pushpan Pradhan,site_paankopat.com,35,22,0.6286,"emoji,hashtag,music_credit,video_credits",0,0,False,False,True,artifact ratio 63% of lines (22/35)
2671,Chahanchhu 4,Pratap Das,site_paankopat.com,37,19,0.5135,"emoji,hashtag,music_credit,video_credits",2,2,False,False,True,artifact ratio 51% of lines (19/37)
1766,के सार्है बस्यो दिल,khem senchuri,site_paankopat.com,46,22,0.4783,"emoji,hashtag,lyrics_credit,music_credit,video_credits",0,0,False,False,False,
3125,Kasti Thiye Kasti Bhaye,Samikshya Adhikari,site_paankopat.com,40,19,0.475,"emoji,hashtag,music_credit,video_credits",3,2,False,False,False,
1421,Runu Paryo Aaja,Gokul babli (RG),site_paankopat.com,33,15,0.4545,"emoji,lyrics_credit,music_credit,video_credits",2,2,False,False,False,
412,Suna Oe Pokhareli Maya,Anu Bishwakarma,site_paankopat.com,53,24,0.4528,"emoji,hashtag,lyrics_credit,music_credit,video_credits",5,5,False,False,False,
4146,Gauthali,गौंथली - / Samikshya Adhikari,site_paankopat.com,51,22,0.4314,"emoji,hashtag,lyrics_credit,music_credit,video_credits",3,2,False,False,False,
1249,RUWAUNU RUWAYO,Eleena Chauhan,site_paankopat.com,28,12,0.4286,"emoji,hashtag,lyrics_credit,music_credit,video_credits",2,2,False,False,False,
304,Maile Ba Aama Tyagera,Anju Panta,site_paankopat.com,57,24,0.4211,"crawler_footer,emoji,hashtag,music_credit,url,video_credits",15,8,False,False,False,
408,Timilai Herne Bani Paryo Female Version,Annu Chaudhary,site_paankopat.com,113,46,0.4071,"emoji,hashtag,music_credit,video_credits",18,9,False,False,False,
3457,Bhetyo Dharan Chhutyo Dhankuta,Sujan babu gurung,site_paankopat.com,42,17,0.4048,"emoji,hashtag,music_credit,video_credits",13,8,False,False,False,
2630,MAYA MA BYAPAR BHO,Pramod Kharel,site_paankopat.com,23,9,0.3913,"emoji,hashtag,music_credit,video_credits",0,0,False,False,False,
1251,बिष पिउन Bish Piuna Man Lagchha,Eleena Chauhan,site_paankopat.com,50,19,0.38,"emoji,hashtag,lyrics_credit,music_credit,video_credits",1,0,False,False,False,
3124,Bihanai Astaune Gham,Samikshya Adhikari,site_paankopat.com,53,20,0.3774,"emoji,hashtag,music_credit,video_credits",11,6,False,False,False,
3509,Aanshu Jhareko,Sunita Budha chhetri,site_paankopat.com,48,18,0.375,"emoji,hashtag,lyrics_credit,music_credit,video_credits",1,1,False,False,False,
1250,Ye Dhokebaaj ए धोकेबाज,Eleena Chauhan,site_paankopat.com,35,13,0.3714,"emoji,hashtag,lyrics_credit,music_credit,video_credits",1,1,False,False,False,
2622,K Garera Timilai Bhulna Sakchhu Maile,Pramod Kharel,site_paankopat.com,49,18,0.3673,"emoji,hashtag,lyrics_credit,music_credit,video_credits",11,5,False,False,False,
2747,Ekka Baadshah,Rachana Rimal,site_paankopat.com,63,23,0.3651,"emoji,hashtag,lyrics_credit,music_credit,video_credits",8,6,False,False,False,
3510,Jam Sanu Pokhara,Sunita Budha Chhetri,site_paankopat.com,63,23,0.3651,"emoji,hashtag,lyrics_credit,music_credit,video_credits",13,8,False,False,False,
2349,Timro Yaadma,Nehar Budhathoki,site_paankopat.com,72,26,0.3611,"emoji,hashtag,lyrics_credit,music_credit,video_credits",17,9,False,False,False,
2624,Kasto Thiye Kasto Bhaye,Pramod Kharel,site_paankopat.com,67,24,0.3582,"emoji,hashtag,music_credit,video_credits",16,11,False,False,False,
1078,Bandhaki,Deepika Bayambu Magar,site_paankopat.com,59,21,0.3559,"emoji,hashtag,lyrics_credit,music_credit,video_credits",9,8,False,False,False,
1734,ऐना अघि [Aaina Aghi],Kati Ramri Dekhiyeki Chhu,site_paankopat.com,46,16,0.3478,"emoji,hashtag,music_credit,video_credits",3,1,False,False,False,
2616,Galti Bho,Pramod Kharel,site_paankopat.com,55,19,0.3455,"emoji,hashtag,music_credit,video_credits",14,8,False,False,False,
2453,Jani Mayale,Nisha ranpal,site_paankopat.com,56,19,0.3393,"emoji,hashtag,music_credit,video_credits",8,4,False,False,False,
2054,Ma Timrai Dalle Ho,Milan Newar,site_paankopat.com,77,26,0.3377,"emoji,hashtag,lyrics_credit,music_credit,video_credits",13,7,False,False,False,
3136,Saila,Samikshya adhikari Shanti Shree pariyar,site_paankopat.com,115,38,0.3304,"emoji,hashtag,music_credit,video_credits",11,6,False,False,False,
2914,Ekaichoti Malai Maar,Ranjita prasain,site_paankopat.com,67,22,0.3284,"emoji,hashtag,lyrics_credit,music_credit,video_credits",6,6,False,False,False,
4157,RELKO BATO,रेलको बाटो / SURAJ PANDIT,site_paankopat.com,56,18,0.3214,"emoji,hashtag,music_credit,video_credits",6,3,False,False,False,
2707,Yatra,Puja Kepcheki Magar,site_paankopat.com,47,15,0.3191,"emoji,hashtag,lyrics_credit,music_credit,video_credits",5,3,False,False,False,
405,Lumbini,Annu Chaudhary,site_paankopat.com,66,21,0.3182,"emoji,hashtag,music_credit,video_credits",14,8,False,False,False,
438,Paani Pareko,Arjun sapkota,site_paankopat.com,44,14,0.3182,"emoji,hashtag,music_credit,video_credits",5,4,False,False,False,
753,Timilai Tyaha Kasto Chha,Binu Adhikari,site_paankopat.com,51,16,0.3137,"emoji,hashtag,music_credit,video_credits",7,5,False,False,False,
623,Tadha tadha,Bachhu Kailash,site_nepali-songslyrics.com,16,5,0.3125,crawler_footer,3,3,False,False,False,
2613,Bhupu Maya 5 - Pramod Kharel,Pramod Kharel,site_paankopat.com,58,18,0.3103,"emoji,hashtag,music_credit,video_credits",11,6,False,False,False,
2614,Bina Pani Rujhaidiyau,Pramod Kharel,site_geetishabda.blogspot.com,55,17,0.3091,"crawler_footer,hashtag,romanize_block",3,3,False,False,False,
2555,Yasto Ni Maya Hunchha Ra,Prabisha Adhikari,site_paankopat.com,81,25,0.3086,"emoji,hashtag,lyrics_credit,music_credit,video_credits",17,10,False,False,False,
1589,Cartoonz Crew Jr,Jhumi Jhumi / Yeshashree Maharjan,site_paankopat.com,33,10,0.303,"emoji,hashtag,music_credit,video_credits",1,1,False,False,False,
1029,Tyo Pal त्यो पल,Deepa Lama,site_paankopat.com,60,18,0.3,"emoji,hashtag,lyrics_credit,music_credit,video_credits",8,5,False,False,False,
2744,Chahanchhu Timi Sangai Banchna Ma Chahanchhu 2,Rachana Rimal,site_geetishabda.blogspot.com,77,23,0.2987,"crawler_footer,emoji,hashtag,music_credit,romanize_block,url,video_credits",9,5,False,False,False,
3131,भाबिलेनि मेरै भाग्य लेख्दा कलम फेर्यो,Samikshya Adhikari,site_paankopat.com,65,19,0.2923,"emoji,hashtag,lyrics_credit,music_credit,video_credits",3,2,True,False,False,
3238,Bhanera Ta Hera,Sasheet KC Written and Composed by Sanjeev Singh.,site_geetishabda.blogspot.com,72,21,0.2917,"emoji,lyrics_credit,romanize_block,video_credits",1,1,False,False,False,
3130,Pagal (रोए रोए कति रोए),Samikshya Adhikari,site_paankopat.com,70,20,0.2857,"emoji,hashtag,lyrics_credit,music_credit,video_credits",7,4,False,False,False,
2547,Timi Ani Ma तिमी अनि म,Prabin Bedwal,site_paankopat.com,74,21,0.2838,"emoji,hashtag,music_credit,video_credits",10,9,False,False,False,
2913,Dherai Dherai Katha Lekhe,Rani Shakya and Kamal Khatri.,site_geetishabda.blogspot.com,74,21,0.2838,"emoji,hashtag,lyrics_credit,music_credit,romanize_block,video_credits",3,3,False,False,False,
3128,Mayako Rog मायाको रोग,Samikshya Adhikari,site_paankopat.com,50,14,0.28,"emoji,hashtag,music_credit,video_credits",2,2,False,False,False,
2809,Jadrai Basyo Dil,Rajina Rimal,site_nepali-songslyrics.com,18,5,0.2778,crawler_footer,3,3,False,False,False,
1248,Pattharko Mutu (पत्थरको मुटु ),Eleena Chauhan,site_paankopat.com,58,16,0.2759,"emoji,hashtag,lyrics_credit,music_credit,video_credits",11,5,False,False,False,
1080,Bhetai Hunna Ki भेटै हुन्न की,Devendra Bablu,site_paankopat.com,66,18,0.2727,"emoji,hashtag,music_credit,video_credits",8,5,False,False,False,
3700,Timi Hidne Galli,Thaneshwor gautam,site_paankopat.com,66,18,0.2727,"emoji,hashtag,lyrics_credit,music_credit,video_credits",7,6,False,False,False,
3784,Karodaulai Herera,Tika Prasain,site_paankopat.com,94,25,0.266,"emoji,hashtag,lyrics_credit,music_credit,video_credits",14,9,False,False,False,
3490,Thara Dinchhau Ra?,Suman Thapa Magar,site_paankopat.com,95,24,0.2526,"emoji,hashtag,lyrics_credit,music_credit,video_credits",8,6,False,False,False,
407,THAHAI BHAYENA,Annu Chaudhary,site_paankopat.com,48,12,0.25,"hashtag,music_credit,video_credits",1,1,False,False,False,
2551,Kina Kina,Prabisha Adhikari,site_paankopat.com,44,11,0.25,"emoji,hashtag,lyrics_credit,music_credit,video_credits",4,3,False,False,False,
118,Nakaima Fuli,Aastha Raut,site_paankopat.com,32,8,0.25,emoji,0,0,False,False,False,
3342,"Asare Mahinama ""असारै महिनामा""",Songs To Sing,site_paankopat.com,28,7,0.25,"emoji,hashtag",0,0,False,False,False,
4087,Jani Jani Aaina Timro,Yash Kumar,site_nepali-songslyrics.com,24,6,0.25,crawler_footer,3,3,False,False,False,
1548,Ma Ta Marchhu Kyare,Jagdish Samal,site_nepali-songslyrics.com,20,5,0.25,crawler_footer,3,3,False,False,False,
1590,Bistarai Laula Maya,Jigme Chhyoki Ghising,site_nepali-songslyrics.com,20,5,0.25,crawler_footer,3,3,False,False,False,
2682,Kun Maya Ho Thulo,"Pratap Das, Prabisha Adhikari, Laxmi Khadka",site_nepali-songslyrics.com,20,5,0.25,crawler_footer,3,3,False,False,False,
3421,Sayad,Sugam Pokharel and Prabisha Adhikari,site_geetishabda.blogspot.com,53,13,0.2453,"crawler_footer,hashtag,romanize_block",4,3,False,False,False,
1960,Phul butte Sari,Marmik Lama,site_paankopat.com,37,9,0.2432,"emoji,hashtag,lyrics_credit,music_credit,url",1,0,False,False,False,
3306,Fulai Fula Dinchhau Ki,Shiva Pariyar. Written by Anand Adhikari Composed by Aashish,site_geetishabda.blogspot.com,146,35,0.2397,"emoji,hashtag,music_credit,romanize_block,video_credits",12,10,False,False,False,
2452,Aankhaima Baschhau Ki Maya,Nisha Ranapal,site_paankopat.com,96,23,0.2396,"emoji,hashtag,music_credit,video_credits",7,5,False,False,False,
629,SUSTARI SUSTARI,Bal bahadur rajbanshi,site_paankopat.com,84,20,0.2381,"emoji,hashtag,lyrics_credit,music_credit,video_credits",5,3,False,False,False,
529,Bato Biraye,Asif Shah,site_nepali-songslyrics.com,21,5,0.2381,crawler_footer,3,3,False,False,False,
1672,Rat Bityo,Kamal Khatri,site_nepali-songslyrics.com,21,5,0.2381,crawler_footer,3,3,False,False,False,
2655,Maijharo,Prashant Siwakoti,site_nepali-songslyrics.com,21,5,0.2381,crawler_footer,3,3,False,False,False,
3456,Sunyou Ki Sunenau Timile,"Sugam Pokhrel, Swechhya Thakuri",site_nepali-songslyrics.com,21,5,0.2381,crawler_footer,3,3,True,False,False,
3699,Punarjanma,Teken Dahal,site_nepali-songslyrics.com,21,5,0.2381,crawler_footer,3,3,False,False,False,
1787,थिरी थिरी लौरो,kshitiz sapkota,site_paankopat.com,119,28,0.2353,"emoji,hashtag,lyrics_credit,music_credit,video_credits",11,5,False,False,False,
2912,Jhim Pareli Chainejo झिम परेली चाईनेजो,Rani shakya,site_paankopat.com,73,17,0.2329,"emoji,hashtag,music_credit,video_credits",4,4,False,False,False,
723,"""Hello सानी"" बाचुन्जेल दुनियाले आहा भनोस !",Bijaya karki,site_paankopat.com,91,21,0.2308,"emoji,hashtag,video_credits",6,5,False,False,False,
3515,Chahanchhu 3,Supreme Malla Thakuri,site_paankopat.com,26,6,0.2308,"emoji,hashtag,music_credit,video_credits",2,2,False,False,False,
406,Relation Ma Chhau Ki,Annu Chaudhary,site_paankopat.com,66,15,0.2273,"emoji,hashtag,lyrics_credit,music_credit,video_credits",6,6,False,False,False,
347,Rahar Chha Sangai,"Anju Panta, Sugam Pokharel",site_nepali-songslyrics.com,22,5,0.2273,crawler_footer,3,3,True,False,False,
1508,Udayo Hawale,"Hercules Basnet, Nikhita Thapa",site_nepali-songslyrics.com,22,5,0.2273,crawler_footer,3,3,False,False,False,
4122,Timro Maya Pauna,Yubaraj Chaulagain,site_nepali-songslyrics.com,22,5,0.2273,crawler_footer,3,3,False,False,False,
533,Fulai Fula Dinchhau Ki,Asmita Adhikari.,site_geetishabda.blogspot.com,121,27,0.2231,"emoji,hashtag,music_credit,romanize_block,video_credits",10,8,False,False,False,
3214,DARA CHAINA डर छैन by Santosh Lama,Santosh Lama,site_paankopat.com,9,2,0.2222,"emoji,hashtag",0,0,False,False,False,
1674,Timi Meri Hau Priye,Kamal Khatri,site_nepali-songslyrics.com,23,5,0.2174,crawler_footer,3,3,False,False,False,
2860,Daiba Tero Tarajuko,Ram Krishna Dhakal,site_nepali-songslyrics.com,23,5,0.2174,crawler_footer,3,3,False,False,False,
2928,Gunaso Chhaina,Rikesh Gurung,site_nepali-songslyrics.com,23,5,0.2174,crawler_footer,3,3,False,False,False,
2960,Jani Najani Maya,Rodit Bhandari,site_nepali-songslyrics.com,23,5,0.2174,crawler_footer,3,3,False,False,False,
3209,Sochma Timi,Sanjib Parajuli,site_nepali-songslyrics.com,23,5,0.2174,crawler_footer,3,3,False,False,False,
3503,Timi Aauchauki Bhani,Sunil Giri,site_nepali-songslyrics.com,23,5,0.2174,crawler_footer,4,3,False,False,False,
2668,Chahanchhu,Pratap Das,site_geetishabda.blogspot.com,74,16,0.2162,"emoji,hashtag,romanize_block",3,2,False,False,False,
98,आफ्नो आफ्नो दु:ख,Aafno Aafno Dukha (Female Version) - / Samikshya Adhikari,site_paankopat.com,33,7,0.2121,"hashtag,music_credit,video_credits",1,0,False,False,False,
1147,Mohanima Harayen,"Dipak Limbu ft. Anju Panta, Mahesh Khadka",kaggle_genius,48,10,0.2083,hashtag,1,0,False,False,False,
1782,Ali Ali अलि अलि,Krishna Basyal,site_paankopat.com,48,10,0.2083,"emoji,hashtag,music_credit",6,4,False,False,False,
894,Iishara,Chhewang Lama,site_nepali-songslyrics.com,24,5,0.2083,crawler_footer,3,3,False,False,False,
2004,Aanshukai Chha Lali Mero,Melina Rai,site_nepali-songslyrics.com,24,5,0.2083,crawler_footer,3,3,False,False,False,
3221,Kahile Aauchha hola,Sanup Poudel,site_nepali-songslyrics.com,24,5,0.2083,crawler_footer,3,3,False,False,False,
2,Atal Bacha Gare - Krishna-Leela Movie Song - Paan Ko Pat,,site_paankopat.com,50,10,0.2,"emoji,lyrics_credit,music_credit,video_credits",0,0,False,False,False,
1574,Maya Garideu,Jenisha Gautam,site_paankopat.com,25,5,0.2,"emoji,lyrics_credit,music_credit,video_credits",1,1,False,False,False,
2025,Timro Aankhama Aankha,Melina Rai,site_nepali-songslyrics.com,25,5,0.2,crawler_footer,3,3,False,False,False,
3437,Kasam Kasam,Sugam Pokhrel,site_nepali-songslyrics.com,25,5,0.2,crawler_footer,3,3,False,False,False,
1081,Ma Ta Parkheko Parkhai Chhu,Devendra Bablu,site_paankopat.com,102,20,0.1961,"emoji,hashtag,music_credit,video_credits",6,3,False,False,False,
3578,O Ho Ni [ ओ हो नि! ] Mai Pare Single Keta,Sushila pathak,site_paankopat.com,135,26,0.1926,"emoji,music_credit,video_credits",8,6,False,False,False,
778,Neela Aakash,Bipul Chettri,site_nepali-songslyrics.com,26,5,0.1923,crawler_footer,3,3,False,False,False,
2631,Muhar Ta Timro,Pramod Kharel,site_nepali-songslyrics.com,26,5,0.1923,crawler_footer,3,3,False,False,False,
2756,Nadekhda Timilai,"Rachna Rimal, Ranjan Rai",site_nepali-songslyrics.com,26,5,0.1923,crawler_footer,3,3,False,False,False,
3063,Raja rani,"Sagar Ale Magar, Sadikshya Kattel",site_nepali-songslyrics.com,26,5,0.1923,crawler_footer,3,3,False,False,False,
2748,Paisa Sapati पैसा सापटी,Rachana Rimal,site_paankopat.com,90,17,0.1889,"emoji,hashtag,music_credit,video_credits",13,9,False,False,False,
2768,Keshai Larkyo Dorile,Rajan neupane,site_paankopat.com,122,23,0.1885,"crawler_footer,emoji,music_credit,url,video_credits",8,5,False,False,False,
3516,Chahanchhu Satha Rahos,Suprim Malla Thakuri,site_geetishabda.blogspot.com,69,13,0.1884,"crawler_footer,hashtag,romanize_block",2,2,False,False,False,
343,Beni ko Bazar,"Anju Panta, Deepak Limbu",site_nepali-songslyrics.com,27,5,0.1852,crawler_footer,3,3,False,False,False,
3423,Kunai Din Tyo Kathama,"Sugam Pokharel, Anju Panta",site_nepali-songslyrics.com,27,5,0.1852,crawler_footer,3,3,False,False,False,
2105,Euta Sapana Chha (एउटा सपना छ),Moon prasai,site_paankopat.com,98,18,0.1837,"emoji,hashtag,music_credit,video_credits",8,7,False,False,False,
2670,Chahanchhu 3 Chaheko Thiyen,Pratap Das,site_geetishabda.blogspot.com,55,10,0.1818,"crawler_footer,hashtag,romanize_block",2,2,False,False,False,
1273,Khali Chhaina Mero Mutu,Film Song,site_paankopat.com,33,6,0.1818,"emoji,music_credit",0,0,False,False,False,
1851,Dada Ghare Saili,Laxmi Malla,site_paankopat.com,134,24,0.1791,"emoji,hashtag,lyrics_credit,music_credit,video_credits",8,5,False,False,False,
2669,Chahanchhu 2 Chahanchhu Timi Sangai Banchna Ma,Pratap Das,site_geetishabda.blogspot.com,56,10,0.1786,"crawler_footer,hashtag,romanize_block",1,1,False,False,False,
101,Diyo Bali Sanjhako,Aasha Bhosle,site_nepali-songslyrics.com,28,5,0.1786,crawler_footer,3,3,True,False,False,
1884,Ma Rajkumar,Mahendra Timilsina,site_nepali-songslyrics.com,28,5,0.1786,crawler_footer,3,3,False,False,False,
2675,Satya Vanchhu,Pratap Das,site_nepali-songslyrics.com,28,5,0.1786,crawler_footer,3,3,False,False,False,
3216,Maile socheko jastai,"Santosh Lama, Swechha Thakuri",site_nepali-songslyrics.com,28,5,0.1786,crawler_footer,3,3,False,False,False,
3422,Aba Man Sangai Man,"Sugam Pokharel, Anju Panta",site_nepali-songslyrics.com,28,5,0.1786,crawler_footer,3,3,False,False,False,
3493,Samacharma,Sumit Pathak,site_nepali-songslyrics.com,28,5,0.1786,crawler_footer,3,3,False,False,False,
3524,Mero Aanganima Aaja,Suresh Lama,site_nepali-songslyrics.com,28,5,0.1786,crawler_footer,3,3,False,False,False,
2559,Kohi Ta Mero,Prabisha Adhikari and Suman KC,site_geetishabda.blogspot.com,62,11,0.1774,"crawler_footer,hashtag,romanize_block",3,2,False,False,False,
3127,Man Parerai Ho,Samikshya Adhikari,site_paankopat.com,57,10,0.1754,"emoji,hashtag,music_credit,video_credits",9,7,False,False,False,
2552,Kina Marina Ma 2 [Female Version],Prabisha Adhikari,site_paankopat.com,23,4,0.1739,"emoji,music_credit,video_credits",0,0,False,False,False,
413,Hitaiko Mayalu Pirati gasaula,Anu Chaudhari and Prashant Paudel.,site_geetishabda.blogspot.com,52,9,0.1731,"crawler_footer,hashtag,romanize_block",3,2,False,False,False,
2417,Paicho Tiramla पैचो तिरम्ला,Netra Bhandari,site_paankopat.com,110,19,0.1727,"emoji,hashtag,lyrics_credit,music_credit,video_credits",7,6,False,False,False,
1409,Vawanama Dubi Hera,Ghongbaa X Yanzee,site_nepali-songslyrics.com,29,5,0.1724,crawler_footer,3,3,False,False,False,
1671,Pahilo Maya,Kamal Khatri,site_nepali-songslyrics.com,29,5,0.1724,crawler_footer,3,3,False,False,False,
2037,Aauna Maya,"Melina Rai, Suman Rai",site_nepali-songslyrics.com,29,5,0.1724,crawler_footer,3,3,False,False,False,
2455,Lahur Jane Rail,Nishan Bhattarai,site_nepali-songslyrics.com,29,5,0.1724,crawler_footer,3,3,False,False,False,
2987,Kahani Yo Prem Geetko,"Rohit John Kshetri, Shreya Sotang",site_nepali-songslyrics.com,29,5,0.1724,crawler_footer,3,3,False,False,False,
3727,Prayas Mero Prayas by The Edge Band,The Edge,site_paankopat.com,35,6,0.1714,"hashtag,music_credit",0,0,False,False,False,
2802,Yesto Khusi,Rajesh Payal Rai and Melina Rai.,site_geetishabda.blogspot.com,164,28,0.1707,"emoji,hashtag,music_credit,romanize_block,video_credits",13,11,False,False,False,
2649,Chhaina Bhuleko,Prashant Poudel,site_geetishabda.blogspot.com,89,15,0.1685,"crawler_footer,hashtag,romanize_block",4,3,False,False,False,
2895,Charile Ta Chhadera Gaigayo,Ram Krishna Dhakal from Album Aagraha,site_geetishabda.blogspot.com,78,13,0.1667,"crawler_footer,emoji,hashtag,romanize_block",1,1,False,False,False,
2550,Cheat Day,Prabisha Adhikari,site_nepali-songslyrics.com,30,5,0.1667,crawler_footer,3,3,False,False,False,
2758,Ma Kehi Bolu,Rahul Bishwas,site_nepali-songslyrics.com,30,5,0.1667,crawler_footer,3,3,False,False,False,
2651,Sannani Jam Pokhara,Prashant Poudel.,site_geetishabda.blogspot.com,86,14,0.1628,"crawler_footer,hashtag,romanize_block",4,3,False,False,False,
230,Jyanle Timlai,Almoda Rana Uprety,site_nepali-songslyrics.com,31,5,0.1613,crawler_footer,3,3,False,False,False,
2917,Chyappa Samaudai,"Ravi Oad, Asmita Adhikari",site_nepali-songslyrics.com,31,5,0.1613,crawler_footer,3,3,False,False,False,
3288,Aago Lagyo Dilaima,"Sharmila Bardewa, Thupten Bhutia",site_nepali-songslyrics.com,31,5,0.1613,crawler_footer,3,3,False,False,False,
3455,Jindagi Nai Vandina,"Sugam Pokhrel, Prabisha Adhikari",site_nepali-songslyrics.com,31,5,0.1613,crawler_footer,3,3,False,False,False,
235,Samaya,Almoda Rana Uprety,site_nepali-songslyrics.com,32,5,0.1562,crawler_footer,3,3,False,False,False,
1781,Oodhera Ghunghat,Krishal Kadel,site_nepali-songslyrics.com,32,5,0.1562,crawler_footer,3,3,False,False,False,
1872,Timi Momo khadai,"Lochan Ghimire, Shreya Sotang",site_nepali-songslyrics.com,32,5,0.1562,crawler_footer,3,3,False,False,False,
2478,Vikari,Oasis Thapa,site_nepali-songslyrics.com,32,5,0.1562,crawler_footer,3,3,False,False,False,
2892,Timro Mahal,Ram Krishna Dhakal,site_nepali-songslyrics.com,32,5,0.1562,crawler_footer,3,3,False,False,False,
3064,Hatti Dhungama,"Sagar Ale, Melina Rai",site_nepali-songslyrics.com,32,5,0.1562,crawler_footer,3,3,False,False,False,
3367,BAANI,Subani moktan,site_paankopat.com,32,5,0.1562,"hashtag,video_credits",0,0,False,False,False,
534,Huttityau,Asmita Adhikari,site_paankopat.com,59,9,0.1525,"emoji,hashtag,music_credit,video_credits",7,3,False,False,False,
2777,Talauma Dhunga Nahana,Rajan Raj Shiwakoti,site_paankopat.com,59,9,0.1525,"hashtag,lyrics_credit,music_credit,video_credits",5,2,False,False,False,
102,Romantic Chhu,"Aashish Gautam (Sachin), Anju Panta",site_nepali-songslyrics.com,33,5,0.1515,crawler_footer,3,3,False,False,False,
122,Maya Lai Lai Lai,"Aayuf Luitel, Kamal Khatri",site_nepali-songslyrics.com,33,5,0.1515,crawler_footer,3,3,False,False,False,
282,Chhutyau Bhane Runu Parla,"Anju Pant(F), Swaroop Raj Acharya(M)",site_nepali-songslyrics.com,33,5,0.1515,crawler_footer,3,3,False,False,False,
617,Jaba sanjha parchha,"Babu Bogati, Prakriti Giri",site_nepali-songslyrics.com,33,5,0.1515,crawler_footer,4,3,False,False,False,
1282,Mayama yestai hunchha ki,Fuba Tamang,site_nepali-songslyrics.com,33,5,0.1515,crawler_footer,3,3,False,False,False,
1648,Piratiko Barko,Kali Prasad Baskota,site_nepali-songslyrics.com,33,5,0.1515,crawler_footer,3,3,False,False,False,
1679,Any Problem,"Kamal Rasaili, Melina Rai",site_nepali-songslyrics.com,33,5,0.1515,crawler_footer,3,3,False,False,False,
1901,Hawa Chalyo Siriri,"Mahesh Kafle, Melina Rai",site_nepali-songslyrics.com,33,5,0.1515,crawler_footer,3,3,False,False,False,
3004,Sapana Haru Ferdai,Sabin Karki -Beest,site_nepali-songslyrics.com,33,5,0.1515,crawler_footer,3,3,False,False,False,
3302,Mero Vagko Khusi,Shiva Pariyar,site_nepali-songslyrics.com,33,5,0.1515,crawler_footer,3,3,False,False,False,
626,Dui Paila,Badri Kumar Pangeni•,site_paankopat.com,119,18,0.1513,"emoji,lyrics_credit,music_credit,video_credits",9,6,False,False,False,
2745,Chaheko Thiyen Chahanchhu 3,Rachana Rimal,site_geetishabda.blogspot.com,53,8,0.1509,"crawler_footer,hashtag,romanize_block",2,2,False,False,False,
4085,Garo Chha,Yash Kumar,site_paankopat.com,73,11,0.1507,"emoji,hashtag,music_credit,video_credits",4,3,False,False,False,
227,Fantastic by Almoda,Almoda Rana Uprety,site_paankopat.com,60,9,0.15,hashtag,0,0,False,False,False,
2296,Mero Manma Timi,Naresh Khati and Annu Chaudhari,site_geetishabda.blogspot.com,60,9,0.15,"crawler_footer,hashtag,romanize_block",3,3,False,False,False,
1594,Hawa Jastai,John Chamling Rai,site_nepali-songslyrics.com,34,5,0.1471,crawler_footer,3,3,False,False,False,
2011,Duli Duli,Melina Rai,site_nepali-songslyrics.com,34,5,0.1471,crawler_footer,3,3,False,False,False,
2311,Hearty Maya,Neetesh Jung Kunwa,site_nepali-songslyrics.com,34,5,0.1471,crawler_footer,3,3,False,False,False,
2680,Ful Haina Kada,"Pratap Das, Prabisha Adhikari",site_nepali-songslyrics.com,34,5,0.1471,crawler_footer,3,3,False,False,False,
3215,Dara Chhaina,Santosh Lama,site_nepali-songslyrics.com,34,5,0.1471,crawler_footer,3,3,False,False,False,
3533,Atteri,Sushant KC,site_nepali-songslyrics.com,34,5,0.1471,crawler_footer,3,3,False,False,False,
3954,Mai jhuto,"Urgen Dong, Annu Chaudhary",site_nepali-songslyrics.com,34,5,0.1471,crawler_footer,7,3,False,False,False,
3596,Joon Tara,Swaroop Raj Acharya,site_paankopat.com,75,11,0.1467,"emoji,hashtag,music_credit,video_credits",0,0,False,False,False,
1063,Baby I Love You,Deepak Limbu,site_nepali-songslyrics.com,35,5,0.1429,crawler_footer,3,3,False,False,False,
2345,Hamro Nepalma,"Neetesh Jung Kunwar, Chetan Raj Karki and Manice Gandharva",site_nepali-songslyrics.com,35,5,0.1429,crawler_footer,3,3,False,False,False,
2612,Ma Yesto Geet Gauchhu,"Pramod Karel, Anju Panta",site_nepali-songslyrics.com,35,5,0.1429,crawler_footer,3,3,False,False,False,
2672,Ke Nai Chha Ra,Pratap Das,site_nepali-songslyrics.com,35,5,0.1429,crawler_footer,3,3,False,False,False,
2995,Kapuri Ka,Rupak Chaudhari,site_nepali-songslyrics.com,35,5,0.1429,crawler_footer,3,3,False,False,False,
3514,REET - Jaari Movie Song / Manoj Thapa Magar,SunitaThegi,site_paankopat.com,35,5,0.1429,"crawler_footer,hashtag,music_credit,url",0,0,False,False,False,
3603,Dherai Barsha Pachhi,Swoopna Suman,site_nepali-songslyrics.com,35,5,0.1429,crawler_footer,3,3,False,False,False,
3665,Kina Hereu,Tanka Budathoki,site_nepali-songslyrics.com,35,5,0.1429,crawler_footer,3,3,False,False,False,
3671,Relli Mai,Tanka Budhathoki,site_nepali-songslyrics.com,35,5,0.1429,crawler_footer,3,3,True,False,False,
2653,Jale Rumal Samjhana,Prashant Poudel and Sunita Thegim,site_geetishabda.blogspot.com,78,11,0.141,"crawler_footer,hashtag,romanize_block",2,1,False,False,False,
1643,Jiwan Jatra Ho,Kali Prasad Baskota,site_nepali-songslyrics.com,36,5,0.1389,crawler_footer,3,3,False,False,False,
1274,NAI NABHANNU LA 6,Film Song,site_paankopat.com,29,4,0.1379,hashtag,0,0,False,False,False,
402,PARAANA,"Anmol KC, Suhana Thapa",site_paankopat.com,44,6,0.1364,"emoji,hashtag,lyrics_credit,music_credit,video_credits",0,0,False,False,False,
1244,Dari vs Sari,Eleena Chauhan,site_paankopat.com,44,6,0.1364,"emoji,music_credit,video_credits",1,1,False,False,False,
1254,Ma Risauda,"Eleena Chauhan, Krishal Kadel",site_nepali-songslyrics.com,37,5,0.1351,crawler_footer,3,3,False,False,False,
1463,Ma Ta Fase Makuriko,"Hari Bansha Acharya, Tika Prasain",site_nepali-songslyrics.com,37,5,0.1351,crawler_footer,3,3,False,False,False,
1912,Viral Bhaidiyo,Manas Raj,site_nepali-songslyrics.com,37,5,0.1351,crawler_footer,3,3,False,False,False,
2330,Ma Ta Pagal,Neetesh Jung Kunwar,site_nepali-songslyrics.com,37,5,0.1351,crawler_footer,3,3,False,False,False,
2451,Kati Maya Garchhau,"Nisha Deshar, Benup Chhetr",site_nepali-songslyrics.com,37,5,0.1351,crawler_footer,3,3,False,False,False,
2676,Timi Sath Hunda,Pratap Das,site_nepali-songslyrics.com,37,5,0.1351,crawler_footer,4,3,False,False,False,
2679,Is it a love,"Pratap Das, Melina Rai",site_nepali-songslyrics.com,37,5,0.1351,crawler_footer,3,3,False,False,False,
2754,Yo Bichhod Ho Ki Maya,"Rachana Rimal, Roman Prakash",site_nepali-songslyrics.com,37,5,0.1351,crawler_footer,3,3,False,False,False,
3066,Kasto Mileko,"Sahima Shrestha, Jwala Rai",site_nepali-songslyrics.com,37,5,0.1351,crawler_footer,3,3,False,False,False,
4057,Maya Basyo Mutuma,"Yam Baral & Komal Oli / Rajesh Payal Rai, Astha Rawat",site_nepali-songslyrics.com,37,5,0.1351,crawler_footer,3,3,False,False,False,
1880,Happy Heart - Jani Najani,Madan Krishna Shrestha and Indira Joshi written by Saran Shrestha,site_geetishabda.blogspot.com,120,16,0.1333,"emoji,lyrics_credit,romanize_block,video_credits",7,4,False,False,False,
2035,Curly Curly Kapal,"Melina Rai, SD Yogi",site_nepali-songslyrics.com,45,6,0.1333,"crawler_footer,url",3,3,False,False,False,
547,Nakaima Fuli,"Astha Raut,Hari Bahadur Raut",site_nepali-songslyrics.com,38,5,0.1316,crawler_footer,3,3,False,False,False,
1101,Yo Jiu Daima Laune,Dharmendra Sewan,site_nepali-songslyrics.com,38,5,0.1316,crawler_footer,3,3,False,False,False,
1256,Kura Katne Manchhele,"Eleena Chauhan, Subhash Puri",site_nepali-songslyrics.com,38,5,0.1316,crawler_footer,3,3,False,False,False,
2331,Malai Balai Chhaina,Neetesh Jung Kunwar,site_nepali-songslyrics.com,38,5,0.1316,crawler_footer,3,3,False,False,False,
3672,Rupai Mohani,"Tanka Budhathoki, Meena Niroula",site_nepali-songslyrics.com,38,5,0.1316,crawler_footer,3,3,False,False,False,
3820,Katha,"Trishala Gurung, Rohit Shakya",site_nepali-songslyrics.com,38,5,0.1316,crawler_footer,3,3,False,False,False,
1082,Pani K Lai Song,Devi Gharti,site_paankopat.com,69,9,0.1304,"emoji,hashtag,music_credit",0,0,False,False,False,
2632,Rojeko Paidaina,Pramod Kharel,site_geetishabda.blogspot.com,62,8,0.129,"hashtag,romanize_block",1,1,False,False,False,
136,Mayako Suruwat,"Abhinaya Yadav, Anju Panta",site_nepali-songslyrics.com,39,5,0.1282,crawler_footer,3,3,False,False,False,
234,Nyasro,Almoda Rana Uprety,site_nepali-songslyrics.com,39,5,0.1282,crawler_footer,3,3,False,False,False,
856,Kich Kich,"Brijesh Shrestha, Beyond",site_nepali-songslyrics.com,39,5,0.1282,crawler_footer,3,3,False,False,False,
1509,Meri Putali,"Himal Saga, Melina Rai",site_nepali-songslyrics.com,39,5,0.1282,crawler_footer,3,3,False,False,False,
1550,Tyo pal,"Jagdish Samal, Deepa Lama",site_nepali-songslyrics.com,39,5,0.1282,crawler_footer,6,3,False,False,False,
2780,Malingo,"Rajan Raj Shiwakoti, Smita Dahal",site_nepali-songslyrics.com,39,5,0.1282,crawler_footer,3,3,False,False,False,
3141,Ghagara Choli,"Samir Acharya, Almoda Rana Uprety, Apsara Ghimire",site_nepali-songslyrics.com,39,5,0.1282,crawler_footer,3,3,False,False,False,
3395,CHUNNI (य हावा ),Sugam Pokharel,site_paankopat.com,47,6,0.1277,"hashtag,video_credits",1,1,False,False,False,
2553,Timinai Hau,Prabisha Adhikari,site_paankopat.com,48,6,0.125,"emoji,hashtag,music_credit,video_credits",0,0,False,False,False,
345,Hane Maile Jhataro,"Anju Panta, Krishna Kafle",site_nepali-songslyrics.com,40,5,0.125,crawler_footer,3,3,False,False,False,
1641,Instako Foto,Kali Prasad Baskota,site_nepali-songslyrics.com,40,5,0.125,crawler_footer,3,3,False,False,False,
2002,Pukuli Maya,Meksam Khati Chhetri,site_nepali-songslyrics.com,40,5,0.125,crawler_footer,3,3,False,False,False,
2900,Tato Jerry,"Ram Krishna Dhakal, Suniti Khati Ruchal",site_nepali-songslyrics.com,40,5,0.125,crawler_footer,3,3,False,False,False,
3257,Pahilo Maya,Shahiel Khadka,site_nepali-songslyrics.com,40,5,0.125,crawler_footer,3,3,False,False,False,
3297,DHOKA,Shiva pariyar,site_paankopat.com,24,3,0.125,"hashtag,music_credit",0,0,False,False,False,
331,Simple Simple Kanchhi Ko,Anju Panta,site_nepalilyrics.net,57,7,0.1228,"hashtag,music_credit",0,0,False,False,False,
2008,BADHA BESARI,Melina Rai,site_paankopat.com,49,6,0.1224,"hashtag,music_credit,video_credits",0,0,False,False,False,
2038,Meri Maya,"Melina Rai, Urgen Dong",site_nepali-songslyrics.com,41,5,0.122,crawler_footer,3,3,False,False,False,
2039,Selfie Khichaula A Maya,"Melina Rai, Wilson Bikram Rai",site_nepali-songslyrics.com,41,5,0.122,crawler_footer,3,3,False,False,False,
3182,Dukhako Kada,Sanish Shrestha,site_nepali-songslyrics.com,41,5,0.122,crawler_footer,3,3,False,False,False,
3296,Badmash Banayo,Shiva Pariyar,site_nepali-songslyrics.com,41,5,0.122,crawler_footer,3,3,False,False,False,
3491,Ma Jiunu Ya Marnu,Sumit Pathak,site_nepali-songslyrics.com,41,5,0.122,crawler_footer,3,3,False,False,False,
3502,Rogai Pirati,Sunil Giri,site_nepali-songslyrics.com,41,5,0.122,crawler_footer,3,3,False,False,False,
3545,Hawa Le,Sushant KC,site_nepali-songslyrics.com,41,5,0.122,crawler_footer,3,3,False,False,False,
3786,Nasakine Vo,"Tika Prasain, Lekh Raj Gurung",site_nepali-songslyrics.com,41,5,0.122,crawler_footer,3,3,False,False,False,
220,Baimani,"Alkaa Subedi, Kushal Singh",site_nepali-songslyrics.com,42,5,0.119,crawler_footer,3,3,False,False,False,
404,Galti Bhaye - Ajambari Maya,Annu chaudhary,site_paankopat.com,42,5,0.119,"hashtag,url",4,2,False,False,False,
2779,Gojima Dam Chhaina,"Rajan Raj Shiwakoti, Melina Rai, Greeshma Shiwakoti",site_nepali-songslyrics.com,42,5,0.119,crawler_footer,3,3,False,False,False,
3315,Polchha Mutu,Shreya Sotang,site_nepali-songslyrics.com,42,5,0.119,crawler_footer,3,3,False,False,False,
748,A Meri Suwa,Bindu Pariyar,site_paankopat.com,34,4,0.1176,video_credits,2,2,False,False,False,
316,Na Birse Timilai Na Paye Timilai,Anju Panta,site_paankopat.com,60,7,0.1167,"crawler_footer,emoji,hashtag,url",0,0,False,False,False,
2752,Hamro Maya Charkiyeko,Rachana Rimal & Prabin Bedwal,kaggle_genius,43,5,0.1163,hashtag,0,0,False,False,False,
2918,Dilko Firimma,"Ravi Ode, Puspa Poudel",site_nepali-songslyrics.com,43,5,0.1163,crawler_footer,3,3,False,False,False,
2593,Phoolmaya,Prakash Saput Sakambari,site_paankopat.com,69,8,0.1159,"emoji,hashtag,music_credit,video_credits",1,1,False,False,False,
2615,Dhokebaj Ko Rajya,Pramod Kharel.,site_geetishabda.blogspot.com,78,9,0.1154,"crawler_footer,hashtag,romanize_block",2,2,True,False,False,
2435,Ek Phera,Nima Rumba,site_nepalilyrics.net,26,3,0.1154,hashtag,0,0,False,False,False,
3511,Sampati सम्पति,Sunita Budha Chhetri,site_paankopat.com,61,7,0.1148,hashtag,6,2,False,False,False,
3340,Timro Gharko Woripari,"Soman Topden,",site_nepali-songslyrics.com,44,5,0.1136,crawler_footer,3,3,True,False,False,
3602,Birseko Chhiana,Swoopna Suman,site_nepali-songslyrics.com,44,5,0.1136,crawler_footer,3,3,False,False,False,
4031,Kasari / कसरी,Yabesh Thapa,site_nepali-songslyrics.com,44,5,0.1136,crawler_footer,3,3,False,False,False,
3059,Timro Najar Bhulauna,Sadhana Saragam from Album Pachheuri.,site_geetishabda.blogspot.com,53,6,0.1132,"emoji,lyrics_credit,romanize_block",1,1,True,False,False,
2746,Chautari,Rachana Rimal,site_paankopat.com,62,7,0.1129,"emoji,hashtag,music_credit,video_credits",1,1,False,False,False,
890,DARSHAN SALAM,CHHAKKA PANJA 4 Movie Song,site_paankopat.com,54,6,0.1111,"hashtag,music_credit,video_credits",2,2,False,False,False,
237,Ye Daju Nasamau,"Almoda Rana Uprety, Sujata Verma",site_nepali-songslyrics.com,45,5,0.1111,crawler_footer,3,3,False,False,False,
1471,Sanu Timlai,"Haude, Anup Kunwar",site_nepali-songslyrics.com,45,5,0.1111,crawler_footer,3,3,False,False,False,
2032,Paranai Dinchhu,"Melina Rai, Hari Lamsal",site_nepali-songslyrics.com,45,5,0.1111,crawler_footer,3,3,False,False,False,
2786,Chirbir chirbir chancari,"Rajanraj Shiwakoti, Melina Rai, Greeshma Shiwakoti",site_nepali-songslyrics.com,45,5,0.1111,crawler_footer,3,3,False,False,False,
3146,Rail Gadi,"Samir Acharya, Surekha Chhetri",site_nepali-songslyrics.com,45,5,0.1111,crawler_footer,3,3,False,False,False,
3178,Samajko Kura,Samriddhi Rai,site_nepali-songslyrics.com,45,5,0.1111,crawler_footer,3,3,False,False,False,
3271,Calculator,"Shankar Thapa 'Smile', Bijayeta Adhikari",site_nepali-songslyrics.com,45,5,0.1111,crawler_footer,3,3,True,False,False,
1405,How To Annotate & Edit On Genius (Nepal),Genius South Asia,legacy_932,36,4,0.1111,emoji,0,0,False,False,False,
1976,Bhaun ta ke bhanum ?,Mc Flo,kaggle_genius,18,2,0.1111,hashtag,0,0,False,False,False,
1184,Saathi,Durgesh Thapa,site_paankopat.com,64,7,0.1094,"emoji,hashtag,music_credit,video_credits",0,0,False,False,False,
1535,Piratiko Mitho Tirsana,"Indrajeet Mijar, Bharati Ghimire",site_nepali-songslyrics.com,46,5,0.1087,crawler_footer,3,3,False,False,False,
1656,Nira (Rap version),"Kali Prasad Baskota, Mr D",site_nepali-songslyrics.com,46,5,0.1087,crawler_footer,3,3,False,False,False,
2654,Daine Hataima,Prashant Siwakoti,site_nepali-songslyrics.com,46,5,0.1087,crawler_footer,3,3,False,False,False,
2784,Silki Silky Bal,"Rajan Raj Siwakoti, Melina Rai",site_nepali-songslyrics.com,46,5,0.1087,crawler_footer,3,3,False,False,False,
3914,Hamro Maya Ajambari Chha,"Udit Narayan Jha, Purnima Shrestha",site_nepali-songslyrics.com,46,5,0.1087,crawler_footer,3,3,False,False,False,
414,Aansu Bani Nakhasa Kaile Ni,ANU CHAUDHARY,site_paankopat.com,120,13,0.1083,"emoji,hashtag,music_credit,video_credits",13,7,False,False,False,
1272,Allare Joban,Film Song,site_paankopat.com,28,3,0.1071,"hashtag,music_credit",0,0,False,False,False,
2558,Jaba Timi Hunechhau,Prabisha Adhikari and Raja Khatiwada,site_geetishabda.blogspot.com,75,8,0.1067,"crawler_footer,hashtag,romanize_block",4,3,False,False,False,
409,Urgen Dong - Ma Jhuto,Annu Chaudhary,site_paankopat.com,47,5,0.1064,"hashtag,video_credits",1,1,False,False,False,
1128,Bassai Katera,Dinesh Gautam,site_nepali-songslyrics.com,47,5,0.1064,crawler_footer,3,3,False,False,False,
2637,Yo Kura Gopya,Pramod Kharel,site_nepali-songslyrics.com,47,5,0.1064,crawler_footer,3,3,False,False,False,
3212,Gundruk Mitho,Santosh Kalikote,site_nepali-songslyrics.com,47,5,0.1064,crawler_footer,3,3,False,False,False,
3339,Kamerole Poteko,"Smita Dahal, Saroj Oli",site_nepali-songslyrics.com,47,5,0.1064,crawler_footer,3,3,False,False,False,
1513,Aha Kati Ramri,Himal Sagar and Annu Chaudhary in Nepali.,site_geetishabda.blogspot.com,95,10,0.1053,"crawler_footer,hashtag,romanize_block",2,2,False,False,False,
1083,Udeko Chari,Devi Gharti and D.R Sujan,site_geetishabda.blogspot.com,86,9,0.1047,"crawler_footer,hashtag,romanize_block",2,2,False,False,False,
1834,Gatho,kushal poudel,site_paankopat.com,48,5,0.1042,hashtag,2,2,False,False,False,
3069,Maya Pirim,Sajan Lama,site_nepali-songslyrics.com,48,5,0.1042,crawler_footer,3,3,False,False,False,
3495,Masterpaln,"Sundar VKT, Melina Rai",site_nepali-songslyrics.com,48,5,0.1042,crawler_footer,3,3,False,False,False,
1035,Eklo,Deepak Bajracharya,site_paankopat.com,29,3,0.1034,"hashtag,video_credits",2,1,False,False,False,
2013,Hukum Baksiyos,Melina Rai,site_paankopat.com,39,4,0.1026,"hashtag,video_credits",0,0,False,False,False,
884,Duri Majburi,"CD Vijaya Adhikari, Prabisha Adhikari",site_nepali-songslyrics.com,49,5,0.102,crawler_footer,3,3,False,False,False,
1498,Dubo Fulyo,"Hemanta Rana, Hritika Shrestha",site_nepali-songslyrics.com,49,5,0.102,crawler_footer,3,3,False,False,False,
1769,Jyan Dina Raji,Kiran bhujel & Eleena Chauhan,site_nepali-songslyrics.com,49,5,0.102,crawler_footer,3,3,False,False,False,
1848,Sathi Ho,Laure,site_nepali-songslyrics.com,49,5,0.102,crawler_footer,3,3,True,False,False,
1902,Maya Birani,"Mahesh Kafle, Melina Rai",site_nepali-songslyrics.com,49,5,0.102,crawler_footer,3,3,False,False,False,
3251,Rukum maikot,"SD Yogi, Shanti shree pariyar",site_nepali-songslyrics.com,49,5,0.102,crawler_footer,3,3,False,False,False,
3930,Rato Tika Nidharma,"Umesh Pandey, Ramana Shrestha",site_nepali-songslyrics.com,49,5,0.102,crawler_footer,3,3,False,False,False,
4104,Mayako Sugandha,"Yogesh Kaji, Sarika Ghimire",site_nepali-songslyrics.com,49,5,0.102,crawler_footer,3,3,False,False,False,
291,Chattai Basyo Ni Maya,Anju panta,site_paankopat.com,59,6,0.1017,"hashtag,video_credits",3,3,False,False,False,
437,Dollor,"Arjan Pandey, Bidhya Tiwari, Mr RJ",site_nepali-songslyrics.com,50,5,0.1,crawler_footer,3,3,False,False,False,
1264,Sustari Sustari,ETHOS BAND,site_nepali-songslyrics.com,50,5,0.1,crawler_footer,3,3,False,False,False,
2346,Sath Sadhainko,"Neetesh Jung Kunwar, FoeSeal",site_nepali-songslyrics.com,50,5,0.1,crawler_footer,3,3,False,False,False,
3305,Kshyatipurti,"Shiva Pariyar, Araaj Keshav",site_nepali-songslyrics.com,50,5,0.1,crawler_footer,3,3,False,False,False,
4026,Firfirey by Yabesh,Yabesh Thapa,site_paankopat.com,30,3,0.1,hashtag,0,0,False,False,False,
833,Sapana Ko Mayalu - The Elements Official,Blog,site_paankopat.com,20,2,0.1,hashtag,0,0,False,False,False,
2457,Mal Mal Raja,Nishan Bhattarai and Asmita Adhikari,site_geetishabda.blogspot.com,121,12,0.0992,"crawler_footer,emoji,hashtag,music_credit,romanize_block,video_credits",5,4,False,False,False,
2040,Juneli Ratama,Melina Rai written and composed by Ranjit Pradhan.,site_geetishabda.blogspot.com,71,7,0.0986,"music_credit,romanize_block,video_credits",1,1,False,False,False,
1652,"Sali Mann Paryo - ""Ghamad Shere"" Movie Song Official",Kali Prasad Baskota,site_paankopat.com,61,6,0.0984,"hashtag,music_credit,video_credits",0,0,False,False,False,
103,Pirim Nalaune,"Aashish Gautam (Sachin), Melina Rai",site_nepali-songslyrics.com,51,5,0.098,crawler_footer,3,3,False,False,False,
619,Yo Honi Tarika,"Babul Giri, Junu Rijal Kafle",site_nepali-songslyrics.com,51,5,0.098,crawler_footer,3,3,False,False,False,
1587,Kafle,"Jhuma Limbu, Sujan Chapagain",site_nepali-songslyrics.com,51,5,0.098,crawler_footer,3,3,False,False,False,
1745,Jindagiko Ke Chha Ra,Ketan Chhetri,site_nepali-songslyrics.com,51,5,0.098,crawler_footer,3,3,False,False,False,
1850,Case no. 420,"Laure, GUN ACE",site_nepali-songslyrics.com,51,5,0.098,crawler_footer,3,3,False,False,False,
1903,Jati Chot Saheni,Mamata Gurung,site_geetishabda.blogspot.com,51,5,0.098,"music_credit,romanize_block,video_credits",2,2,False,False,False,
2778,C O W cow maya,"Rajan Raj Shiwakoti, Melina Rai",site_nepali-songslyrics.com,51,5,0.098,crawler_footer,3,3,False,False,False,
2783,MG Roadaima,"Rajan Raj Siwakoti, Melina Rai",site_nepali-songslyrics.com,51,5,0.098,crawler_footer,3,3,False,False,False,
3463,Gala Pukka Pari,Sujan Chapagain,site_nepali-songslyrics.com,51,5,0.098,crawler_footer,3,3,False,False,False,
415,TIMI CHAU RA TA,Anu chaudhary,site_paankopat.com,52,5,0.0962,"hashtag,url",4,2,False,False,False,
2997,Banki Chari,"Rupak Dotel, Anju Panta",site_nepali-songslyrics.com,52,5,0.0962,crawler_footer,3,3,False,False,False,
1546,Rumalai Batera,Jagadish Samal and Melina Rai from Nepali Movie Timro Mero Saath,site_geetishabda.blogspot.com,115,11,0.0957,"emoji,lyrics_credit,music_credit,romanize_block,video_credits",3,3,False,False,False,
2080,Acoustic #11 (Socheko),Monkey Temple Nepal,rupesh_aryal,21,2,0.0952,"embed_marker,hashtag",0,0,False,False,False,
2126,Aaja Rati,Nabin Gahatraj,site_nepalilyrics.net,21,2,0.0952,hashtag,0,0,False,False,False,
3029,Sundarta Ko Timi- Sabin Rai Official,Sabin Rai,site_paankopat.com,21,2,0.0952,"crawler_footer,hashtag,url",1,0,False,False,False,
3419,Jhilmil Jhilmil Jindagi,Sugam Pokharel and Melina Rai from Nepali Movie Timro Mero,site_geetishabda.blogspot.com,95,9,0.0947,"crawler_footer,hashtag,music_credit,romanize_block,video_credits",7,5,False,False,False,
1803,Salko Patko Tapari,"Kulendra Bishwakarma, Bishnu Majhi",site_nepali-songslyrics.com,53,5,0.0943,crawler_footer,3,3,False,False,False,
3145,Duniya Beglai Chha,"Samir Acharya, Nicky Karki",site_nepali-songslyrics.com,53,5,0.0943,crawler_footer,3,3,False,False,False,
3575,Sath Sadhainko,"Sushant Kc, Uniq Poet",site_nepali-songslyrics.com,53,5,0.0943,crawler_footer,3,3,False,False,False,
620,Lakka Jawan,"Babul Giri, Meena Niraula",site_nepali-songslyrics.com,54,5,0.0926,crawler_footer,3,3,False,False,False,
2681,Har You Hos,"Pratap Das, Prabisha Adhikari",site_nepali-songslyrics.com,54,5,0.0926,crawler_footer,3,3,False,False,False,
3517,Dhokebaj Hau Timi (Child Version),Suprim Malla Thakuri.,site_geetishabda.blogspot.com,87,8,0.092,"crawler_footer,hashtag,romanize_block",1,1,False,False,False,
1900,Lajjawati Jhar,"Mahesh Kafle, Asmita Adhikari",site_nepali-songslyrics.com,55,5,0.0909,crawler_footer,3,3,False,False,False,
2641,Karodaulai Herera,"Pramod Kharel, Tika Prasain",site_nepali-songslyrics.com,55,5,0.0909,crawler_footer,3,3,False,False,False,
2650,"Hitaiko Mayalu, Maile Jati Dherai Maya",Prashant Poudel.,site_geetishabda.blogspot.com,55,5,0.0909,"crawler_footer,hashtag,romanize_block",1,1,False,False,False,
3143,Sanoma Sano,"Samir Acharya, Araaj Keshav",site_nepali-songslyrics.com,55,5,0.0909,crawler_footer,3,3,False,False,False,
2968,Bistarai Bistarai,Rohit John Chettri,site_paankopat.com,33,3,0.0909,"hashtag,music_credit",1,1,False,False,False,
1681,Bidesh Jane Mayalu Timi,Kandara,site_paankopat.com,22,2,0.0909,"crawler_footer,music_credit,url",0,0,False,False,False,
1714,कहाँ होला घरबार,Karma band,site_paankopat.com,22,2,0.0909,hashtag,0,0,False,False,False,
4091,Tadha Tadha Jadaichhu Aaja,Yash Kumar,site_geetishabda.blogspot.com,89,8,0.0899,"hashtag,music_credit,romanize_block,video_credits",1,1,False,False,False,
167,Sambodhan Timilai 1974 AD,Adrian Pradhan,site_paankopat.com,67,6,0.0896,"hashtag,music_credit",3,0,False,False,False,
225,Yati yati pani,"Almoda Rana Upreti, Mr RJ",site_nepali-songslyrics.com,56,5,0.0893,crawler_footer,3,3,False,False,False,
1005,Dubo Phulyo,"Dayahang Rai, Upasana Singh, Karma, Wilson",site_paankopat.com,56,5,0.0893,"hashtag,music_credit,video_credits",0,0,False,False,False,
3144,Pitch Road,"Samir Acharya, Bidhya Tiwari",site_nepali-songslyrics.com,56,5,0.0893,crawler_footer,3,3,False,False,False,
4105,Josh Chha Jawani Ko,Yogesh Kaji Shah and Sarika Ghimire from Nepali Movie Timro Mero,site_geetishabda.blogspot.com,114,10,0.0877,"emoji,lyrics_credit,music_credit,romanize_block,video_credits",4,3,False,False,False,
1243,Abhagi Hu Ma Abhagi Dhokebaj 2,Eleena Chauhan,site_geetishabda.blogspot.com,57,5,0.0877,"crawler_footer,hashtag,romanize_block",1,1,False,False,False,
2109,Akkha Cha,Mr. D,site_nepali-songslyrics.com,57,5,0.0877,crawler_footer,3,3,False,False,False,
2785,Kutuma kutu,"Rajan Raj Siwakoti, Melina Rai, Rajan Ishan",site_nepali-songslyrics.com,57,5,0.0877,crawler_footer,3,3,False,False,False,
2557,Timlai Matra Dekhchhu Harek Tasbir Ma,Prabisha Adhikari and Raj Hriday,site_geetishabda.blogspot.com,69,6,0.087,"music_credit,romanize_block,video_credits",2,2,False,False,False,
2623,Karmai Mero Raichha Khoti,Pramod Kharel,site_paankopat.com,46,4,0.087,"hashtag,video_credits",0,0,False,False,False,
3564,Sushant KC - Aama Official,Sushant KC,site_paankopat.com,23,2,0.087,"hashtag,video_credits",0,0,False,False,False,
3233,Sannani Jam Pokhara,Sarita Karki and Sandip Neupane.,site_geetishabda.blogspot.com,116,10,0.0862,"crawler_footer,hashtag,romanize_block",4,3,False,False,False,
1483,Chhuti Sakyo Rel,Hemanta Rana,site_nepali-songslyrics.com,59,5,0.0847,crawler_footer,3,3,False,False,False,
3248,Maisab,"Satyaraj Aacharya, Swaroopraj Aacharya",site_nepali-songslyrics.com,59,5,0.0847,crawler_footer,3,3,True,True,False,
1770,Abhagi Hu Ma Abhagi Dhokebaj 2,Kiran Gajmer,site_geetishabda.blogspot.com,60,5,0.0833,"crawler_footer,hashtag,romanize_block",1,1,False,False,False,
2291,Suna Kina,Naren Limbu,site_nepali-songslyrics.com,60,5,0.0833,crawler_footer,3,3,False,False,False,
2898,Maya Jadau,"Ram Krishna Dhakal, Melina Rai",site_nepali-songslyrics.com,60,5,0.0833,crawler_footer,3,3,False,False,False,
3148,Andhakar ko ujyalo,Samir Shrestha,site_paankopat.com,48,4,0.0833,"hashtag,video_credits",1,0,False,False,False,
1637,Chari Basyo,Kali Prasad Baskota,site_paankopat.com,36,3,0.0833,hashtag,0,0,False,False,False,
1500,THAPANA THAPA HATAIMA,Hemanta Sharma,site_paankopat.com,24,2,0.0833,hashtag,1,1,False,False,False,
250,Janam Janam Jiula Sangai,"Ananda Karki, Sunita Subba",site_nepali-songslyrics.com,61,5,0.082,crawler_footer,3,3,False,False,False,
2316,First Date,Neetesh Jung Kunwar,site_nepali-songslyrics.com,61,5,0.082,crawler_footer,3,3,False,False,False,
2459,Maya Pirim,"Nishan Bhattarai, Manisha Pokhrel",site_nepali-songslyrics.com,61,5,0.082,crawler_footer,3,3,False,False,False,
2909,Poi Paryo Kale,"Ramchandra Kafle, Anju Panta",site_nepali-songslyrics.com,61,5,0.082,crawler_footer,3,3,False,False,False,
711,Angalo,Bibash Jk,site_nepali-songslyrics.com,62,5,0.0806,crawler_footer,3,3,False,False,False,
2732,Re Re Sailo,"Rabi Karki, Krishna KC, Jamuna Rana and Dilu Magar.",site_geetishabda.blogspot.com,137,11,0.0803,"crawler_footer,hashtag,romanize_block",3,2,False,False,False,
403,Aaha Maya,Annu Chaudhary,site_paankopat.com,75,6,0.08,"hashtag,video_credits",6,3,False,False,False,
2007,Bacha Kasam,Melina Rai,site_geetishabda.blogspot.com,50,4,0.08,"emoji,romanize_block",1,1,False,False,False,
3219,Baluwa ma (Gajal) Sanup Poudel,Sanup Poudel,site_paankopat.com,25,2,0.08,video_credits,1,1,False,False,False,
3218,Mayaka Rangaharu,Sanup Paudel and Rachana Rimal from Nepali Movie Babari.,site_geetishabda.blogspot.com,151,12,0.0795,"emoji,music_credit,romanize_block,video_credits",11,9,False,False,False,
3154,Mayalu Sunana,Samir Shrestha,site_paankopat.com,38,3,0.0789,hashtag,0,0,True,False,False,
3467,Chulbul Chulbul,Sujan Chapagain and Sunita Thegim from Nepali Movie Babari.,site_geetishabda.blogspot.com,216,17,0.0787,"emoji,hashtag,music_credit,romanize_block,video_credits",11,9,False,False,False,
538,Timi Sangai Huda,Asmita Adhikari,site_paankopat.com,51,4,0.0784,"hashtag,music_credit",0,0,False,False,False,
3163,Pir Song,Samjhana Bhandari,site_paankopat.com,90,7,0.0778,"emoji,hashtag,music_credit",1,1,False,False,False,
2029,Jhalala Aayo Timro Yaad,Melina Rai and Jayan J. Waiba from Nepali Movie Dui Nambari,site_geetishabda.blogspot.com,143,11,0.0769,"lyrics_credit,romanize_block,video_credits",7,5,False,False,False,
2111,Gobarlyath 2,Mr D,site_nepali-songslyrics.com,65,5,0.0769,crawler_footer,3,3,True,False,False,
824,Mayalu Ko Boli,"Bishnu Majhi,Ramji Khand & Manu Jugjali",kaggle_genius,52,4,0.0769,hashtag,0,0,False,False,False,
2619,Ghaite Mutu,Pramod Kharel,site_geetishabda.blogspot.com,52,4,0.0769,"crawler_footer,hashtag,romanize_block",1,1,False,False,False,
3336,Nautanki Maya,"Sirjana Khatri Haudemaya, Mr.Rj",site_nepali-songslyrics.com,66,5,0.0758,crawler_footer,3,3,False,False,False,
937,Attitude,Clu Pokhrel,site_nepali-songslyrics.com,67,5,0.0746,crawler_footer,3,3,True,False,False,
1414,Middle Class Life,Girish Khatiwada,site_nepali-songslyrics.com,68,5,0.0735,crawler_footer,3,3,False,False,False,
1662,Double Maya,Kamal K. Chhetri,site_nepali-songslyrics.com,68,5,0.0735,crawler_footer,3,3,False,False,False,
2034,Ghamko Chaya,"Melina Rai, Laxman Magar",site_nepali-songslyrics.com,68,5,0.0735,crawler_footer,3,3,False,False,False,
3668,Man Binako Dhan 2 (Ba Aama),"Tanka Budathoki, Ashok Darji, AR Budathoki, Bikram Thapa",site_nepali-songslyrics.com,68,5,0.0735,crawler_footer,3,3,False,False,False,
3695,Pidalu,"Tejash Regmi, Bishnu Majhi",site_nepali-songslyrics.com,68,5,0.0735,crawler_footer,3,3,False,False,False,
3785,Maya Luki Luki,Tika Prasain,site_nepali-songslyrics.com,68,5,0.0735,crawler_footer,3,3,False,False,False,
3789,Timi Risauda,"Tilak Shrestha, Asmita Adhikari",site_nepali-songslyrics.com,68,5,0.0735,crawler_footer,5,3,False,False,False,
1465,Aayena Chinako Rail,"Hari Giri 'Bimarsi', Banina Kirati",site_nepali-songslyrics.com,69,5,0.0725,crawler_footer,3,3,False,False,False,
1689,Eco Ni Lagyo,Karishma Bista,site_nepali-songslyrics.com,69,5,0.0725,crawler_footer,3,3,False,False,False,
2507,Lutna Sake Lut,Pashupati Sharma,site_nepali-songslyrics.com,69,5,0.0725,crawler_footer,3,3,False,False,False,
3341,Aaudai Jadai (Timro Nyano),Songs To Sing,site_paankopat.com,56,4,0.0714,hashtag,0,0,False,False,False,
4147,Chari udyo Badal Chuna lai,चारी उड्यो Sadrose Band,site_paankopat.com,56,4,0.0714,hashtag,0,0,False,False,False,
3344,Gurasai Phulyo Banai Ma,Songs To Sing,site_paankopat.com,42,3,0.0714,hashtag,0,0,False,False,False,
705,Na Bhuli Deu Timi - Bhram Band,Bhram Band,site_paankopat.com,28,2,0.0714,"hashtag,music_credit",0,0,True,False,False,
2526,1MB,PHERI TYO DIN / SUGAM POKHREL,site_paankopat.com,28,2,0.0714,"lyrics_credit,video_credits",0,0,False,False,False,
1625,Maya Garnu La,JOHN & THE LOCALS | OST JERRY ON TOP,site_nepaligeetlyrics.com,14,1,0.0714,crawler_footer,1,1,False,False,False,
3181,Gobar Lyath,Sandip Bista ( Mr. D ),site_nepali-songslyrics.com,71,5,0.0704,crawler_footer,3,3,False,False,False,
385,Dil Cheez Tujhe Dedi,Ankit Tiwari & Arijit Singh,itunes,43,3,0.0698,emoji,0,0,False,False,False,
2112,Kagajko Not,Mr D,site_nepali-songslyrics.com,72,5,0.0694,crawler_footer,3,3,True,False,False,
1088,Nepali Hamro Jaat [Reuploaded],Dharma Gandharva,site_paankopat.com,58,4,0.069,"emoji,music_credit,video_credits",2,1,False,False,False,
584,Ayush Gauchan - Maya Official,Ayush Gauchan,site_paankopat.com,29,2,0.069,hashtag,0,0,False,False,False,
13,Maya ta yesto hosh,,site_geetishabda.blogspot.com,73,5,0.0685,"hashtag,romanize_block",2,2,False,False,False,
3953,Chhoto Jiban,"Urgen Dong and Rachana Rimal, Written and composed by Urgen and Birendra",site_geetishabda.blogspot.com,117,8,0.0684,"emoji,lyrics_credit,romanize_block,video_credits",4,4,False,False,False,
3913,Ukalima Pachhi Pachhi,Udit Narayan Jha and Deepa Jha from Nepali Movie SAMJHANA.,site_geetishabda.blogspot.com,74,5,0.0676,"music_credit,romanize_block,url,video_credits",1,1,False,False,False,
2488,Angaloma Bandhi Timilai,Omprakash Gurung.,site_geetishabda.blogspot.com,75,5,0.0667,"music_credit,romanize_block,video_credits",2,2,False,False,False,
2896,Oorali Lageko Harin Ko Chaal Bho,Ram Krishna Dhakal from album Three Star,site_geetishabda.blogspot.com,75,5,0.0667,"emoji,romanize_block",1,1,False,False,False,
2743,Chahanchhu Maya Badhos,Rachana Rimal,site_geetishabda.blogspot.com,60,4,0.0667,"crawler_footer,hashtag,romanize_block",1,1,False,False,False,
874,Bihani ko mirmire ma,Buds,site_paankopat.com,15,1,0.0667,music_credit,0,0,False,False,False,
1473,Nacha Maya,Hemant Rana,site_paankopat.com,15,1,0.0667,crawler_footer,0,0,False,False,False,
1750,Nandani,Khem Century and Sapana Roka,site_geetishabda.blogspot.com,167,11,0.0659,"crawler_footer,hashtag,romanize_block",1,1,False,False,False,
2456,Maya Pirim,Nishan Bhattarai,site_paankopat.com,62,4,0.0645,"hashtag,music_credit",0,0,False,False,False,
3308,Abhinaya,ShreeGo,site_paankopat.com,31,2,0.0645,url,0,0,True,False,False,
3396,Dashain Aayo,Sugam Pokharel,rupesh_aryal,31,2,0.0645,"contributor_block,embed_marker",0,0,True,True,False,
224,Dil Ki Tukuri,"Almoda Rana upreti, Bidhya Tiwari",site_nepali-songslyrics.com,78,5,0.0641,crawler_footer,3,3,False,False,False,
2962,Timi Samu,Rodit Bhandari and Somiya Baraili From Nepali Movie Dreams,site_geetishabda.blogspot.com,78,5,0.0641,"hashtag,romanize_block,video_credits",1,1,False,False,False,
3494,440 Volt,Sundar VKT,site_nepali-songslyrics.com,78,5,0.0641,crawler_footer,3,3,False,False,False,
3525,Tal Tal Tal Talakkai,Suresh Lama and Anju Panta From Nepali Movie Jhingedaau.,site_geetishabda.blogspot.com,110,7,0.0636,"music_credit,romanize_block,video_credits",4,3,True,False,False,
4151,Timra Neta Bigriye Jaaga Janata,तिम्रा नेता बिग्रिए जाग जनता - / Pashupati Sharma,site_paankopat.com,110,7,0.0636,"hashtag,music_credit,video_credits",1,1,False,False,False,
338,A Sathi Suna,Anju Panta and Kiran Bhujel From Nepali Movie Ye Sathi Suna,site_geetishabda.blogspot.com,126,8,0.0635,"hashtag,music_credit,romanize_block,video_credits",11,8,False,False,False,
1252,Juni Hajurkai,Eleena Chauhan and Sujan Babu,site_geetishabda.blogspot.com,159,10,0.0629,"crawler_footer,hashtag,romanize_block",2,2,False,False,False,
2815,Yo Mulai Maskinchhe,Raju Bhatta,site_nepali-songslyrics.com,80,5,0.0625,crawler_footer,3,3,False,False,False,
844,"""DALLI"" - Brijesh Shrestha X Beyond",Brijesh Shrestha,site_paankopat.com,48,3,0.0625,"lyrics_credit,url,video_credits",0,0,False,False,False,
2418,Maya Timi Aaideu,New Nepali Song 2023,site_paankopat.com,32,2,0.0625,"music_credit,video_credits",0,0,False,False,False,
18,Yeti Chokho Yeti Mitho - Paan Ko Pat,,site_paankopat.com,16,1,0.0625,hashtag,0,0,False,False,False,
2636,Yo Bhagyama Rainachhau,Pramod Kharel,site_geetishabda.blogspot.com,81,5,0.0617,"hashtag,romanize_block,video_credits",5,3,False,False,False,
4003,Thaha Chhaian,Vten (Samir Ghising),site_nepali-songslyrics.com,81,5,0.0617,crawler_footer,3,3,False,False,False,
1512,Mai Raja Timi Rani,Himal Sagar and Annu Chaudhari,site_geetishabda.blogspot.com,98,6,0.0612,"hashtag,romanize_block,video_credits",7,3,False,False,False,
2638,YO KURA GOPYA OFFICIAL,Pramod Kharel,site_paankopat.com,49,3,0.0612,hashtag,0,0,False,False,False,
3673,Meri Champa,Tanka Timilsina,site_paankopat.com,49,3,0.0612,hashtag,10,3,False,False,False,
1247,PANI PANI- SAMIR ACHARYA,ELEENA CHAUHAN,site_paankopat.com,82,5,0.061,"hashtag,video_credits",12,5,False,False,False,
709,Hasnai Garo Chha Yaha,Bhushan Khatiwada from Nepali Movie Dui Nambari,site_geetishabda.blogspot.com,148,9,0.0608,"romanize_block,video_credits",5,4,False,False,False,
2677,Timi Sangai Huda,Pratap Das and Asmita Adhikari,site_geetishabda.blogspot.com,66,4,0.0606,"music_credit,romanize_block,video_credits",1,1,False,False,False,
532,Chahidaina Timi Binako,Asmita Adhikari,site_paankopat.com,50,3,0.06,hashtag,1,1,False,False,False,
1245,Dhokebaj Hau Timi(Female Version),Eleena Chauhan,site_geetishabda.blogspot.com,84,5,0.0595,"crawler_footer,hashtag,romanize_block",1,1,False,False,False,
4038,Mayalu Vek ft Yabesh Thapa,Yabesh Thapa,site_paankopat.com,84,5,0.0595,hashtag,0,0,False,False,False,
3504,Deurali Danda,Sunil Giri and Melina Mainali.,site_geetishabda.blogspot.com,118,7,0.0593,"emoji,romanize_block,video_credits",4,4,False,False,False,
3482,Maya Hunchha Hudaina,Suman KC and Eleena Chouhan,site_geetishabda.blogspot.com,119,7,0.0588,"crawler_footer,hashtag,romanize_block,video_credits",2,2,False,False,False,
1804,Launchha Maya,"Kulendra Bishwakarma, Sarita Karki",site_nepali-songslyrics.com,85,5,0.0588,crawler_footer,3,3,False,False,False,
1,Aaudai chhu hera timilai lina,,site_geetishabda.blogspot.com,51,3,0.0588,"romanize_block,video_credits",5,4,False,False,False,
179,Banideu,Akash Khadka,legacy_932,17,1,0.0588,crawler_footer,1,0,False,False,False,
895,Ishara,Chhewang Lama.,site_geetishabda.blogspot.com,69,4,0.058,"romanize_block,video_credits",6,4,False,False,False,
685,Reply to Mayako Katha (मायाको कथा) - bekcha Official,Bekcha,site_paankopat.com,52,3,0.0577,hashtag,0,0,False,False,False,
3728,Samjhine Mutu,The Edge,site_paankopat.com,52,3,0.0577,hashtag,0,0,False,False,False,
3474,Mero yad aa chha?,Sujata KC || Shishir Bhandari,site_nepali-songslyrics.com,87,5,0.0575,crawler_footer,3,3,False,False,False,
2678,Timro Aankhama Aankha Judhai Nai Nabhannu La 6 Title Song,Pratap Das from New Nepali,site_geetishabda.blogspot.com,105,6,0.0571,"music_credit,romanize_block,video_credits",10,8,False,False,False,
531,Albida,Asmit Regmi,site_nepali-songslyrics.com,88,5,0.0568,crawler_footer,3,3,False,False,False,
1516,Bheterai Bhannu Chha,Himal Sagar and Benisha Poudel,site_geetishabda.blogspot.com,88,5,0.0568,"romanize_block,video_credits",10,6,False,False,False,
1514,Aaha Maya,Himal Sagar And Anu Chaudhary,site_geetishabda.blogspot.com,160,9,0.0563,"hashtag,romanize_block",2,1,False,False,False,
3669,Chauriko Chamro Churpi,"Tanka Budathoki, Ashok Darji, Aryan Budathoki (AR)",site_nepali-songslyrics.com,89,5,0.0562,crawler_footer,3,3,False,False,False,
4,Chari Basyo,,site_geetishabda.blogspot.com,90,5,0.0556,"hashtag,romanize_block",2,1,False,False,False,
1472,Mero X Ko Chhamma,"Haudemaya, Mr. Rj",site_nepali-songslyrics.com,90,5,0.0556,crawler_footer,3,3,False,False,False,
46,Hidda Hiddai,1974 AD,site_paankopat.com,18,1,0.0556,emoji,0,0,False,False,False,
3804,Kalo,Tribal Rain,rupesh_aryal,18,1,0.0556,embed_marker,0,0,False,False,False,
3995,Studio Skit,VTEN,legacy_932,18,1,0.0556,emoji,1,0,False,False,False,
4149,Jeevan hoo,जीवन हो घाम छाया,site_paankopat.com,18,1,0.0556,music_credit,0,0,False,False,False,
3280,Solti Bazar,Shanti Shree Pariyar and Nischal Dawadi.,site_geetishabda.blogspot.com,199,11,0.0553,"crawler_footer,hashtag,romanize_block",2,2,False,False,False,
1006,Mitho Mitho,Debanjali B Joshi and Saurabh Das From Nepali Movie Harry Ki Pyari,site_geetishabda.blogspot.com,91,5,0.0549,"music_credit,romanize_block,video_credits",3,2,False,False,False,
3348,Maya Ta Maya Ho,Songs To Sing,site_paankopat.com,73,4,0.0548,"crawler_footer,hashtag,url",0,0,False,False,False,
3508,Sagar jhai gahiro maya,Sunil Upreti,site_paankopat.com,55,3,0.0545,hashtag,1,1,False,False,False,
2589,"Sakambari, Phoolmaya",Prakash Saput and Barta Gandharbha,site_geetishabda.blogspot.com,148,8,0.0541,"hashtag,romanize_block",2,2,False,False,False,
336,Yo Maya Bhanne Cheej Kasto,Anju Panta,site_geetishabda.blogspot.com,37,2,0.0541,romanize_block,1,1,False,False,False,
2106,JPT Rockerz - Basanta Official,Most Popular,site_paankopat.com,37,2,0.0541,"hashtag,url",0,0,False,False,False,
2642,Timi Sanga Najar Judhai,Pramod Kharel. Written by Prem Sagar Poudel and composed by Rajan,site_geetishabda.blogspot.com,56,3,0.0536,"hashtag,romanize_block",1,1,False,False,False,
3459,Fulthunge Rani [ फूलथुङ्गे रानी ],Sujan Chapagain,site_paankopat.com,56,3,0.0536,hashtag,0,0,False,False,False,
4002,Katha,"Vten, Dharmendra Sewan",site_nepali-songslyrics.com,95,5,0.0526,crawler_footer,3,3,False,False,False,
3600,Baacha Bhayo,Swoopna Suman,site_paankopat.com,38,2,0.0526,video_credits,2,2,False,False,False,
116,jhumke bulaki,Aastha Raut,site_paankopat.com,19,1,0.0526,music_credit,0,0,False,False,False,
208,Nischal,Albatross,rupesh_aryal,19,1,0.0526,embed_marker,0,0,False,False,False,
763,Bipul Chettri- Wildfire Official Lyricsc,Bipul Chettri,site_paankopat.com,19,1,0.0526,hashtag,0,0,False,False,False,
1119,Karnali (The River),Dibesh Pokharel,rupesh_aryal,19,1,0.0526,embed_marker,0,0,False,False,False,
3570,Bhaagera,Sushant KC & Cute Boka,legacy_932,19,1,0.0526,crawler_footer,1,0,False,False,False,
2782,Talauma Dhunga Nahana,Rajan Raj Siwakoti and Melina Rai from Nepali Movie Nai Nabhannu,site_geetishabda.blogspot.com,135,7,0.0519,"hashtag,lyrics_credit,music_credit,romanize_block,video_credits",11,7,False,False,False,
2006,Ajambary Laula Pirati,Melina Rai,site_paankopat.com,39,2,0.0513,"hashtag,music_credit",0,0,False,False,False,
236,Dilko Bhittaima,"Almoda Rana Uprety, Anjila Regmi, Nabin Rawal",site_nepali-songslyrics.com,98,5,0.051,crawler_footer,3,3,False,False,False,
3496,Jumla fulyo syau dana,Sunil Giri.,site_geetishabda.blogspot.com,118,6,0.0508,"music_credit,romanize_block,video_credits",5,4,False,False,False,
99,MAYA BIRANI OFFICAL,Aanchal Sharma,site_paankopat.com,59,3,0.0508,hashtag,1,0,False,False,False,
15,Na Ta Hasna Nai Sakchhu in Nepali by Sagar Sansar Rai from Nepali Movie Prem Geet 2,,site_geetishabda.blogspot.com,80,4,0.05,"romanize_block,video_credits",4,3,False,False,False,
3338,Samarpan Prod. Saswot,Situsit,site_paankopat.com,40,2,0.05,"hashtag,music_credit",0,0,False,False,False,
33,Baancha Ani Baachna Deu [SATABDI],1974 AD,site_paankopat.com,20,1,0.05,music_credit,0,0,False,False,False,
115,Chaubandi,Aastha Raut,site_paankopat.com,20,1,0.05,music_credit,0,0,False,False,False,
735,Marijau,Bikki Gurung,rupesh_aryal,20,1,0.05,embed_marker,0,0,False,False,False,
832,Man Ka Kura by Abiral Bhujel,Blog,site_paankopat.com,20,1,0.05,hashtag,0,0,False,False,False,
2318,Flirty Maya,Neetesh Jung Kunwar,legacy_932,20,1,0.05,crawler_footer,2,0,False,False,False,
3005,Aafno Katha,Sabin Rai,site_paankopat.com,20,1,0.05,music_credit,1,0,False,False,False,
411,Ke Maya Garchhau Ra,Annu Chaudhary and Tilak Basnet,site_geetishabda.blogspot.com,101,5,0.0495,"hashtag,romanize_block,video_credits",6,5,False,False,False,
676,Jhuma (Jyalko Aaina),"Basanta Bishwokarma, Shanti Shree Pariyar",site_nepali-songslyrics.com,102,5,0.049,crawler_footer,3,3,False,False,False,
1517,A Hora Maya,"Himal Sagar, Anu Chaudhary",site_nepali-songslyrics.com,102,5,0.049,crawler_footer,7,3,False,False,False,
3411,Rahar Chha Sangai,Sugam Pokharel,site_paankopat.com,41,2,0.0488,"lyrics_credit,music_credit",0,0,False,False,False,
3298,Dhokebaj Hau Timi,Shiva Pariyar.,site_geetishabda.blogspot.com,83,4,0.0482,"crawler_footer,hashtag,romanize_block",1,1,False,False,False,
2016,Laijau Maya,Melina rai,site_paankopat.com,125,6,0.048,"hashtag,video_credits",12,10,False,False,False,
2639,Sano Thimi Ma,"Pramod Kharel and Melina Rai, written and composed by Prashant Poudel.",site_geetishabda.blogspot.com,84,4,0.0476,"crawler_footer,hashtag,romanize_block",1,1,False,False,False,
3159,Timi Bhayera,Samir Shrestha,site_paankopat.com,84,4,0.0476,"hashtag,video_credits",4,0,False,False,False,
1423,Baneko cha paharale,Gopal Yonzan,site_paankopat.com,21,1,0.0476,music_credit,0,0,True,False,False,
1789,Biruwa,Kta Haru,rupesh_aryal,21,1,0.0476,embed_marker,0,0,False,False,False,
2285,Deurali,Naren Limbu,rupesh_aryal,21,1,0.0476,embed_marker,0,0,False,False,False,
3132,म चन्द्रमा हुँ Ma Chandrama Hu,Samikshya Adhikari,site_paankopat.com,21,1,0.0476,video_credits,1,1,False,False,False,
1004,Darshan Salam,David Shankar and Sahima Shrestha From Nepali Movie Chhakka Panja 4,site_geetishabda.blogspot.com,127,6,0.0472,"music_credit,romanize_block,video_credits",8,6,False,False,False,
947,Mercedes benz ma,Cobweb,site_paankopat.com,64,3,0.0469,"hashtag,music_credit",0,0,False,False,False,
3791,Ke Lat Basyo Malai,Tilak Singh Pela.,site_geetishabda.blogspot.com,64,3,0.0469,"hashtag,romanize_block",1,1,False,False,False,
883,Man Paraune Hajarau Chhan,CD Vijaya Adhikari and Annu Chaudhary,site_geetishabda.blogspot.com,107,5,0.0467,"romanize_block,video_credits",10,5,False,False,False,
2310,A Meri Sakuntala,Neel Aakash Das,site_geetishabda.blogspot.com,107,5,0.0467,"crawler_footer,hashtag,romanize_block",2,2,False,False,False,
3142,Kutu Kutu,Samir Acharya and Sudha Ratna From Nepali Movie Kumva Karan,site_geetishabda.blogspot.com,87,4,0.046,"lyrics_credit,romanize_block,video_credits",2,1,False,False,False,
0,,,site_geetishabda.blogspot.com,66,3,0.0455,"romanize_block,video_credits",2,2,False,False,False,
1628,EASY GUITAR,JPT ROCKERZ,site_paankopat.com,44,2,0.0455,"hashtag,url",0,0,False,False,False,
2322,Hamro Kahani (Ballad Version),Neetesh Jung Kunwar,site_paankopat.com,44,2,0.0455,hashtag,0,0,False,False,False,
3370,Naaso,Subani moktan,site_paankopat.com,44,2,0.0455,video_credits,1,1,False,False,False,
14,Mero Ghaule,,site_paankopat.com,22,1,0.0455,music_credit,0,0,False,False,False,
2161,aajai ra rati k dekhe sapana,narayan gopal,site_songsdiary.com,22,1,0.0455,emoji,1,1,False,False,False,
3102,Sajjan Raj Vaidya - Mayaloo Official,Sajjan Raj Vaidya,site_paankopat.com,22,1,0.0455,hashtag,1,1,False,False,False,
3754,jiwan,the elements & ishan raj onta,site_songsdiary.com,22,1,0.0455,emoji,1,1,False,False,False,
3833,Sajha Ko Bela,Trishna Gurung,rupesh_aryal,22,1,0.0455,embed_marker,0,0,False,False,False,
3356,GHAM RA JUN JASTAI,Sonia sen pokhrel,site_paankopat.com,67,3,0.0448,hashtag,4,1,False,False,False,
2590,Futeka Chura,"Prakash Saput, Anita Chalaune",site_nepali-songslyrics.com,112,5,0.0446,crawler_footer,3,3,False,False,False,
3855,Timi Bato Timi Yatra,Uday Sotang and Manila Sotang,site_geetishabda.blogspot.com,45,2,0.0444,romanize_block,1,1,False,False,False,
1515,"Bageko Kholi Farkinchhu bhanchha, A Hora maya",Himal Sagar and Anu Chaudhary.,site_geetishabda.blogspot.com,226,10,0.0442,"hashtag,romanize_block,video_credits",23,5,False,False,False,
898,Kanchhi (Lahure III),Chhewang Lama.,site_geetishabda.blogspot.com,68,3,0.0441,"romanize_block,video_credits",6,4,False,False,False,
1735,Timro Kakhama,Kaushal Raj Khadka,site_geetishabda.blogspot.com,91,4,0.044,"music_credit,romanize_block,video_credits",2,2,False,False,False,
1655,Maya Raichha Ra,Kali Prasad Baskota and Sadeekshya Kattel form Nepali Movie Fulbari.,site_geetishabda.blogspot.com,92,4,0.0435,"hashtag,romanize_block",2,1,False,False,False,
1169,Kalo Chasma lau vanxa,Doma Hyolmo,site_paankopat.com,69,3,0.0435,"hashtag,video_credits",1,1,False,False,False,
2554,Timlai Rakhne Yo Manma (Female Version),Prabisha Adhikari,site_paankopat.com,46,2,0.0435,hashtag,5,1,False,False,False,
23,Hazaar Sapana,1974 A.D,rupesh_aryal,23,1,0.0435,embed_marker,0,0,False,False,False,
262,Juni Juni (Sad Song),Anil Pahari,site_paankopat.com,23,1,0.0435,music_credit,0,0,False,False,False,
294,Dherai Jiune Rahar,Anju Panta,rupesh_aryal,23,1,0.0435,embed_marker,0,0,False,False,False,
1122,Pralaya 'A',Dibesh Pokharel,rupesh_aryal,23,1,0.0435,embed_marker,0,0,False,False,False,
2129,Aankha maa,Nabin K Bhattarai,site_paankopat.com,23,1,0.0435,music_credit,0,0,False,False,False,
2170,bipana nabhai banchidinne,narayan gopal,site_songsdiary.com,23,1,0.0435,emoji,1,1,False,False,False,
3737,Mero Ansu,The edge band,rupesh_aryal,23,1,0.0435,embed_marker,0,0,False,False,False,
1883,Sacho Maya Garchhu Bhannelai,Mahendra Raj Baral and Samikshya Adhikari,site_geetishabda.blogspot.com,94,4,0.0426,"crawler_footer,hashtag,romanize_block",1,1,False,False,False,
3371,Yo Man Dye,Subani Moktan,site_geetishabda.blogspot.com,96,4,0.0417,"music_credit,romanize_block,video_credits",1,1,False,False,False,
810,Jaruri Timi Malai,Bishal Niroula and Anu Chaudhary,site_geetishabda.blogspot.com,72,3,0.0417,"hashtag,romanize_block",1,1,False,False,False,
910,Jaat Timi Pari Ma Chhu Wari,Chhewang Lama. Udi Jaaun Bhane Hera Lyrics in Nepali.,site_geetishabda.blogspot.com,72,3,0.0417,"romanize_block,video_credits",6,5,False,False,False,
680,Maya Dherai samjana - Bekcha Official,Bekcha,site_paankopat.com,48,2,0.0417,hashtag,0,0,False,False,False,
2770,A Maya,Rajan Raj Shiwakoti,site_paankopat.com,48,2,0.0417,"music_credit,video_credits",0,0,False,False,False,
352,Kathmandu Saharmaa,Ankit Shrestha,rupesh_aryal,24,1,0.0417,embed_marker,0,0,True,False,False,
491,Phool Lai Sodhe,Aruna Lama,rupesh_aryal,24,1,0.0417,embed_marker,0,0,False,False,False,
575,Muskan,AXIX,rupesh_aryal,24,1,0.0417,embed_marker,0,0,False,False,False,
762,Bipul Chettri- Ram Saile Official,Bipul Chettri,site_paankopat.com,24,1,0.0417,hashtag,0,0,False,False,False,
2973,Kahani Yo Prem Geet Ko,Rohit John Chettri,rupesh_aryal,24,1,0.0417,embed_marker,0,0,False,False,False,
3011,Gurash Ko Fed Muni,Sabin Rai,rupesh_aryal,24,1,0.0417,embed_marker,0,0,False,False,False,
3160,Timiley,Samir Shrestha,rupesh_aryal,24,1,0.0417,embed_marker,0,0,False,False,False,
3161,Timiley तिमीले,Samir Shrestha,site_paankopat.com,24,1,0.0417,lyrics_credit,0,0,False,False,False,
342,Sathi Ma Timro,Anju Panta and Udit Narayan Jha,site_geetishabda.blogspot.com,73,3,0.0411,"romanize_block,video_credits",1,1,False,False,False,
2240,Shraddhako Phool,Narayan Gopal,site_geetishabda.blogspot.com,49,2,0.0408,romanize_block,1,1,False,False,False,
3667,Rupai Mohani Official,Tanka Budathoki,site_paankopat.com,49,2,0.0408,hashtag,0,0,True,False,False,
2803,Kati Payaro Manche,Rajesh Payal Rai and Prabisha Adhikari,site_geetishabda.blogspot.com,99,4,0.0404,"hashtag,romanize_block,video_credits",1,1,False,False,False,
5,Description About Song,,site_geetishabda.blogspot.com,50,2,0.04,romanize_block,1,1,False,False,False,
522,Timro Mayale Badhera Rakha,Ashmita Adhikari,site_geetishabda.blogspot.com,50,2,0.04,romanize_block,1,1,False,False,False,
783,Ram Saili,Bipul Chettri.,site_geetishabda.blogspot.com,50,2,0.04,romanize_block,1,1,False,False,False,
3534,Baimani,Sushant KC,site_paankopat.com,50,2,0.04,hashtag,1,0,False,False,False,
665,Samjhanama (Ma Sadhai Haasirahu),Bartika Eam Rai,rupesh_aryal,25,1,0.04,embed_marker,0,0,False,False,False,
729,Bikki Gurung - Mari Jau Official,Bikki Gurung,site_paankopat.com,25,1,0.04,hashtag,0,0,False,False,False,
1410,Chupke Chupke Raat Din,Ghulam Ali,rupesh_aryal,25,1,0.04,embed_marker,0,0,False,False,False,
1412,Kina Kina Timro Tasbir,Ghulam Ali,rupesh_aryal,25,1,0.04,embed_marker,0,0,False,False,False,
2476,Tibra Chahana,Oasis Thapa,rupesh_aryal,25,1,0.04,embed_marker,0,0,False,False,False,
2533,Eklai Huda Ta Jhan,Phosphenes,rupesh_aryal,25,1,0.04,embed_marker,0,0,False,False,False,
3099,Phutki Jaaney by Sajjan Raj Vaidya,Sajjan Raj Vaidya,site_paankopat.com,25,1,0.04,crawler_footer,1,1,False,False,False,
3106,Sajjan Raj Vaidya - Ultaa Paailaa,Sajjan Raj Vaidya,site_paankopat.com,25,1,0.04,hashtag,0,0,False,False,False,
3620,Timro Aankha,Swoopna Suman,rupesh_aryal,25,1,0.04,embed_marker,0,0,False,False,False,
3734,Har Saanjh,The edge band,rupesh_aryal,25,1,0.04,embed_marker,0,0,True,False,False,
3799,BHANAI - Tribal Rain Official,Tribal Rain,site_paankopat.com,25,1,0.04,music_credit,0,0,False,False,False,
3805,Laijaw Malai,Tribal Rain,rupesh_aryal,25,1,0.04,embed_marker,0,0,False,False,False,
17,Thik Chha,,site_nepali-songslyrics.com,126,5,0.0397,crawler_footer,3,3,False,False,False,
3606,J Chau Timi,Swoopna Suman,site_paankopat.com,102,4,0.0392,hashtag,0,0,False,False,False,
3454,Timi Sathama Huda,Sugam Pokhrel and Jeena Rasaily,site_geetishabda.blogspot.com,51,2,0.0392,romanize_block,1,1,False,False,False,
340,Parichaya Pau - Saiba Hoi Saiba,Anju Panta and Ram Chandra Kafle from Nepali movie,site_geetishabda.blogspot.com,154,6,0.039,"hashtag,music_credit,romanize_block,video_credits",2,2,False,False,False,
344,Aadhi Khola Urliyara,Anju Panta from Nepali Movie Samjhi Rakha Hai. Aandhi Khola,site_geetishabda.blogspot.com,78,3,0.0385,"romanize_block,video_credits",2,2,False,False,False,
55,Mayalu le hamilai,1974 AD,site_paankopat.com,52,2,0.0385,"crawler_footer,music_credit",1,0,False,False,False,
22,Chudaina,1974 A.D,rupesh_aryal,26,1,0.0385,embed_marker,0,0,False,False,False,
657,K Hunthyo Hola Hami Sangai Bhayeko Bhaye?,Bartika Eam Rai,rupesh_aryal,26,1,0.0385,embed_marker,0,0,False,False,False,
663,Nidari (Ko Nimti),Bartika Eam Rai,rupesh_aryal,26,1,0.0385,embed_marker,0,0,False,False,False,
1120,Nyano Ghar,Dibesh Pokharel,rupesh_aryal,26,1,0.0385,embed_marker,0,0,False,False,False,
1680,Parkhai Ko pida,Kaman Man Singh,site_paankopat.com,26,1,0.0385,music_credit,0,0,False,False,False,
2426,UDAYO HAWALE Official,Nikhita Thapa,site_paankopat.com,26,1,0.0385,hashtag,0,0,False,False,False,
1660,Nira Jahile Risaune,Kaliparsad Baskota,site_paankopat.com,79,3,0.038,hashtag,0,0,True,False,False,
3916,Jindagiko Goretoma,"Udit Narayan Jha, Sadhana Sargam and Aditya Narayan Jha from Nepali",site_geetishabda.blogspot.com,79,3,0.038,"music_credit,romanize_block",2,1,False,False,False,
1896,Jindagi Yo,Mahesh Gurung and Shyam Bagdas From Nepali Movie Manle Manlai Chhunchha.,site_geetishabda.blogspot.com,53,2,0.0377,romanize_block,3,2,False,False,False,
3126,LAIJA SANDESH,Samikshya Adhikari,site_paankopat.com,53,2,0.0377,hashtag,5,2,False,False,False,
3528,Katha,Susant bista,site_paankopat.com,53,2,0.0377,hashtag,2,2,False,False,False,
3287,Diula Maya,Sharad Shankar and Benisha Poudel from Nepali Movie Nai Nabhannu La 6,site_geetishabda.blogspot.com,107,4,0.0374,"romanize_block,video_credits",9,7,False,False,False,
618,Sirupate Jungama,Babul Giri,site_geetishabda.blogspot.com,161,6,0.0373,"music_credit,romanize_block,video_credits",8,6,True,False,False,
2781,Gojima Daam Chaina,Rajan Raj Siwakoti,site_paankopat.com,81,3,0.037,video_credits,0,0,False,False,False,
28,Sambodhan,1974 A.D,rupesh_aryal,27,1,0.037,embed_marker,8,0,False,False,False,
423,Apurva Tamang- Sunideu Official,Apurva Tamang,site_paankopat.com,27,1,0.037,hashtag,0,0,False,False,False,
673,Umer,Bartika Eam Rai,rupesh_aryal,27,1,0.037,embed_marker,0,0,False,False,False,
684,Nabola Masanga - bekcha Official,Bekcha,site_paankopat.com,27,1,0.037,hashtag,0,0,True,False,False,
2395,Reshamm,Nepathya,rupesh_aryal,27,1,0.037,embed_marker,0,0,False,False,False,
2471,Kalpana,Oasis Thapa,rupesh_aryal,27,1,0.037,embed_marker,1,1,False,False,False,
2482,Ma maaunta ma,Om Bikram Bista,site_paankopat.com,27,1,0.037,music_credit,0,0,False,False,False,
3017,Komal Tyo Timro,Sabin Rai,rupesh_aryal,27,1,0.037,embed_marker,0,0,False,False,False,
3018,Ma Sansar Jitne,Sabin Rai,rupesh_aryal,27,1,0.037,embed_marker,0,0,False,False,False,
3030,Suruwaat By Sabin Rai,Sabin Rai,site_paankopat.com,27,1,0.037,music_credit,0,0,False,False,False,
3080,"Hataarindai, Bataasindai",Sajjan Raj Vaidya,rupesh_aryal,27,1,0.037,embed_marker,0,0,False,False,False,
3416,Swyet Hanshini,Sugam Pokharel,rupesh_aryal,27,1,0.037,embed_marker,0,0,False,False,False,
3811,Sunyata,Tribal Rain,rupesh_aryal,27,1,0.037,embed_marker,0,0,False,False,False,
4001,Yestai Ta Ho Ni Bro,"VTEN, Bluesss & BeatsByHype",legacy_932,27,1,0.037,crawler_footer,0,0,False,False,False,
3407,MAYA LE BOLEKO - KARKHANA Official,Sugam Pokharel,site_paankopat.com,55,2,0.0364,"hashtag,lyrics_credit",0,0,False,False,False,
3565,Sushant KC - Maya ma Official,Sushant KC,site_paankopat.com,56,2,0.0357,"hashtag,video_credits",0,0,False,False,False,
29,Samjhi Baschhu,1974 A.D,rupesh_aryal,28,1,0.0357,embed_marker,0,0,False,False,False,
77,Timilai piratile badhula,1974 AD,site_paankopat.com,28,1,0.0357,music_credit,0,0,False,False,False,
337,Zindagi Ka Sara Khushi,Anju Panta,rupesh_aryal,28,1,0.0357,embed_marker,0,0,False,False,False,
435,Birsiney Hau Ki,Arbitrary Originals,site_paankopat.com,28,1,0.0357,hashtag,0,0,False,False,False,
503,Udi Jau Bhane Ma Panchhi,Aruna Lama,rupesh_aryal,28,1,0.0357,embed_marker,0,0,False,False,False,
768,Junkeri,Bipul Chettri,rupesh_aryal,28,1,0.0357,embed_marker,0,0,False,False,False,
1788,Bagaicha,Kta Haru,rupesh_aryal,28,1,0.0357,embed_marker,0,0,False,False,False,
2319,Gedai Jasto Jindagi,Neetesh Jung Kunwar,rupesh_aryal,28,1,0.0357,embed_marker,0,0,False,False,False,
2468,Fakaula Timilai,Oasis Thapa,rupesh_aryal,28,1,0.0357,embed_marker,0,0,False,False,False,
2470,Juni Vari Lai,Oasis Thapa,rupesh_aryal,28,1,0.0357,embed_marker,0,0,False,False,False,
2710,Kalo/Seto,Purna Rai,rupesh_aryal,28,1,0.0357,embed_marker,0,0,False,False,False,
2741,Soch,Rachana Dahal,rupesh_aryal,28,1,0.0357,embed_marker,0,0,False,False,False,
2859,Daiba Tero Taraju,Ram Krishna Dhakal,rupesh_aryal,28,1,0.0357,embed_marker,0,0,False,False,False,
3108,Somebody Else,Sajjan Raj Vaidya,rupesh_aryal,28,1,0.0357,embed_marker,0,0,False,False,False,
3543,Gulabi,SUshant KC,rupesh_aryal,28,1,0.0357,embed_marker,0,0,False,False,False,
3552,Muskurayera,SUshant KC,rupesh_aryal,28,1,0.0357,embed_marker,0,0,False,False,False,
3568,Timro Maya,SUshant KC,rupesh_aryal,28,1,0.0357,embed_marker,0,0,False,False,False,
3678,mann ko nischalta,tara devi,site_songsdiary.com,28,1,0.0357,emoji,1,1,False,False,False,
4007,Tadhiera,Wangden Sherpa,rupesh_aryal,28,1,0.0357,embed_marker,1,1,False,False,False,
4154,Parelima 1974 AD,परेली मा,site_paankopat.com,86,3,0.0349,"crawler_footer,music_credit,url",1,0,False,False,False,
2919,Shital Shital a Himalayan Love Story,Ravi Sharma and Asmita Adhikari,site_geetishabda.blogspot.com,58,2,0.0345,romanize_block,1,1,False,False,False,
229,Garo Vo,Almoda Rana Uprety,rupesh_aryal,29,1,0.0345,embed_marker,0,0,False,False,False,
574,Mero Prem,AXIX,rupesh_aryal,29,1,0.0345,embed_marker,0,0,False,False,False,
730,Bistarai,Bikki Gurung,rupesh_aryal,29,1,0.0345,embed_marker,0,0,False,False,False,
774,Mountain High,Bipul Chettri,rupesh_aryal,29,1,0.0345,embed_marker,0,0,False,False,False,
1157,Timi Ra Ma,Dixita Karki,rupesh_aryal,29,1,0.0345,embed_marker,0,0,False,False,False,
1536,Nindra(Phase),Ishan Onta,rupesh_aryal,29,1,0.0345,embed_marker,0,0,False,False,False,
2096,Samaya,Monkey Temple Nepal,rupesh_aryal,29,1,0.0345,embed_marker,0,0,False,False,False,
2466,Bhikhaari,Oasis Thapa,rupesh_aryal,29,1,0.0345,embed_marker,0,0,False,False,False,
2965,Bidaai,Rohit John Chettri,rupesh_aryal,29,1,0.0345,embed_marker,0,0,False,False,False,
3536,Behos,SUshant KC,rupesh_aryal,29,1,0.0345,embed_marker,0,0,False,False,False,
3738,Nachaheko Hoina Timilai,The edge band,rupesh_aryal,29,1,0.0345,embed_marker,0,0,False,False,False,
3822,Gainey Dajai,Trishna Gurung,rupesh_aryal,29,1,0.0345,embed_marker,0,0,True,False,False,
2801,Ful Fuleko Ban,Rajesh Payal Rai and Melina Rai,site_geetishabda.blogspot.com,117,4,0.0342,"hashtag,romanize_block,video_credits",3,1,False,False,False,
2633,Rudai Chhu Ma,Pramod Kharel,site_geetishabda.blogspot.com,59,2,0.0339,romanize_block,1,1,False,False,False,
868,Herirahu Jasto,Buddha Lama and Mamta Gurung,site_geetishabda.blogspot.com,89,3,0.0337,"hashtag,romanize_block",3,2,False,False,False,
3573,Maya Ma,"Sushant KC, Mixing Mastering and Arranged by Rahul Pradhan.",site_geetishabda.blogspot.com,89,3,0.0337,"romanize_block,video_credits",1,1,False,False,False,
1800,Salko patko Official,Kulendra Bishwakarma,site_paankopat.com,119,4,0.0336,"hashtag,video_credits",1,0,False,False,False,
2028,Hukum Baksiyos,Melina Rai And Bishal Rai From Nepali Movie SuShree Sampati.,site_geetishabda.blogspot.com,119,4,0.0336,"romanize_block,video_credits",1,1,True,False,False,
272,Prem Pattra,Anil Singh,site_paankopat.com,30,1,0.0333,music_credit,0,0,False,False,False,
1290,Bhag Bhag Na De Aba Dherai Dhak,Gbob,rupesh_aryal,30,1,0.0333,embed_marker,0,0,False,False,False,
1711,Yani Maya,Karma Band,rupesh_aryal,30,1,0.0333,embed_marker,0,0,False,False,False,
2542,Prabesh Kumar Shrestha - Adhuro,Prabesh Kumar Shrestha,site_paankopat.com,30,1,0.0333,hashtag,0,0,False,False,False,
2740,Daagbatti,Rachana Dahal,rupesh_aryal,30,1,0.0333,embed_marker,0,0,False,False,False,
2861,Dharilo Raichha Maya,Ram Krishna Dhakal,rupesh_aryal,30,1,0.0333,embed_marker,0,0,False,False,False,
2982,Timra Dui Ankhama,Rohit John Chettri,rupesh_aryal,30,1,0.0333,embed_marker,0,0,False,False,False,
3150,Chaar Dewar,Samir Shrestha,rupesh_aryal,30,1,0.0333,embed_marker,0,0,False,False,False,
3188,Maya Meri Maya,Sanjay Shrestha,site_paankopat.com,30,1,0.0333,music_credit,1,1,False,False,False,
3401,Karnali,Sugam Pokharel,rupesh_aryal,30,1,0.0333,embed_marker,2,0,False,False,False,
339,Timro Har Saas Ma OST of Timi Hunchhau Jaha Haja,Anju Panta and Phiroj Basnet from Nepali,site_geetishabda.blogspot.com,91,3,0.033,"romanize_block,video_credits",4,2,False,False,False,
3622,Je Chhau Timi,Swoopna Suman and Samir Shrestha,site_geetishabda.blogspot.com,93,3,0.0323,"hashtag,romanize_block",2,1,False,False,False,
2994,Paharaaki Phool,Rup Kumar Rai,site_geetishabda.blogspot.com,62,2,0.0323,romanize_block,1,1,False,False,False,
26,Pahilo Junima,1974 A.D,rupesh_aryal,31,1,0.0323,embed_marker,0,0,False,False,False,
145,Birsera malai,Adrian Pradhan,site_nepalilyrics.net,31,1,0.0323,music_credit,0,0,False,False,False,
760,Bipul Chettri- Gahiro Gahiro Official,Bipul Chettri,site_paankopat.com,31,1,0.0323,hashtag,1,1,False,False,False,
764,Deorali Darah,Bipul Chettri,rupesh_aryal,31,1,0.0323,embed_marker,0,0,True,False,False,
788,Syndicate,Bipul Chettri,rupesh_aryal,31,1,0.0323,embed_marker,0,0,False,False,False,
1154,Hijo Aja,Dixita Karki,rupesh_aryal,31,1,0.0323,embed_marker,0,0,False,False,False,
1156,Mana Namana,Dixita Karki,rupesh_aryal,31,1,0.0323,embed_marker,0,0,False,False,False,
1653,SUNA BAATULI Kali Prasad Baskota,Kali Prasad Baskota,site_paankopat.com,31,1,0.0323,url,0,0,False,False,False,
1696,Kaha Hola Ghar,Karma Band,rupesh_aryal,31,1,0.0323,embed_marker,0,0,False,False,False,
2971,Har Saas,Rohit John Chettri,rupesh_aryal,31,1,0.0323,embed_marker,0,0,False,False,False,
3081,Hawaijahaj,Sajjan Raj Vaidya,rupesh_aryal,31,1,0.0323,embed_marker,0,0,False,False,False,
3821,Aghumai Saalai Ta,Trishna Gurung,rupesh_aryal,31,1,0.0323,embed_marker,0,0,True,False,False,
4025,Firfirey,Yabesh Thapa,rupesh_aryal,31,1,0.0323,embed_marker,0,0,False,False,False,
3184,Hajar Janma,Sanjay Aryal,site_paankopat.com,95,3,0.0316,"crawler_footer,hashtag,url",0,0,False,False,False,
3420,Maya Le Boleko Boli Mitho Bho,Sugam Pokharel and Nikita Thapa from Nepali Movie KARKHANA,site_geetishabda.blogspot.com,95,3,0.0316,"romanize_block,video_credits",5,5,False,False,False,
3535,Bardali,Sushant KC,site_geetishabda.blogspot.com,127,4,0.0315,"romanize_block,video_credits",2,1,False,False,False,
1275,आहा क्या राम्रो Aha Kya Ramro,Film Song,site_paankopat.com,64,2,0.0312,hashtag,0,0,False,False,False,
1441,Maridinchu,GXSOUL,rupesh_aryal,32,1,0.0312,embed_marker,0,0,False,False,False,
3739,Samjheyra,The edge band,rupesh_aryal,32,1,0.0312,embed_marker,0,0,False,False,False,
3350,Mohani Lagla Hai,Songs To Sing,site_paankopat.com,97,3,0.0309,hashtag,0,0,False,False,False,
333,Timi Khusi Laijau,Anju Panta,rupesh_aryal,33,1,0.0303,embed_marker,0,0,False,False,False,
725,Aaja Samma,Bikki Gurung,rupesh_aryal,33,1,0.0303,embed_marker,0,0,False,False,False,
1227,Aa Hai आहै,Ekdev Limbu,site_paankopat.com,33,1,0.0303,lyrics_credit,0,0,False,False,False,
1948,Jiwan Hamro,Mantra Band,rupesh_aryal,33,1,0.0303,embed_marker,0,0,False,False,False,
1949,Maya,Mantra Band,rupesh_aryal,33,1,0.0303,embed_marker,0,0,False,False,False,
2086,Gahiro,Monkey Temple Nepal,rupesh_aryal,33,1,0.0303,embed_marker,0,0,False,False,False,
2306,Ma dherai maya garchhu - Nattu,Nattu,site_paankopat.com,33,1,0.0303,music_credit,0,0,False,False,False,
2335,Nisthuri Mori,Neetesh Jung Kunwar,rupesh_aryal,33,1,0.0303,embed_marker,0,0,False,False,False,
2872,Ma Huri Ma,Ram Krishna Dhakal,rupesh_aryal,33,1,0.0303,embed_marker,0,0,False,False,False,
3405,Kinideu Na Saila Dai,Sugam Pokharel,rupesh_aryal,33,1,0.0303,embed_marker,0,0,False,False,False,
3735,Kalpana Ma,The edge band,rupesh_aryal,33,1,0.0303,embed_marker,0,0,False,False,False,
3782,Rojdai Chu - Bonus Track,The Uglyz,rupesh_aryal,33,1,0.0303,embed_marker,0,0,False,False,False,
4032,Laakhau Hajarau,Yabesh Thapa,rupesh_aryal,33,1,0.0303,embed_marker,0,0,False,False,False,
2556,Chhudaima Chiniyo,Prabisha Adhikari and Deepak Limbu from Nepali Movie Manle Manlai Chhunchha.,site_geetishabda.blogspot.com,67,2,0.0299,romanize_block,3,2,False,False,False,
3003,Sapana Haru,Sabin Karki Beest.,site_geetishabda.blogspot.com,67,2,0.0299,romanize_block,1,1,False,False,False,
3597,Samjhana Ko Sarangi Yo,Swaroop Raj Acharya from Nepali Movie Sanrakshan.,site_geetishabda.blogspot.com,67,2,0.0299,romanize_block,1,1,False,False,False,
117,Ko Chha Yaha Ghati Badi (को छ यहाँ घटिबढी ?),Aastha Raut,site_paankopat.com,34,1,0.0294,music_credit,0,0,False,False,False,
494,Pohor Saal Khusi,Aruna Lama,rupesh_aryal,34,1,0.0294,embed_marker,0,0,False,False,False,
586,bida nai deu,azad dhungana,site_songsdiary.com,34,1,0.0294,emoji,1,1,False,False,False,
1411,Gajalu Ti Thula Thula Ankha,Ghulam Ali,rupesh_aryal,34,1,0.0294,embed_marker,0,0,False,False,False,
2097,Sangai Bachauna,Monkey Temple Nepal,rupesh_aryal,34,1,0.0294,embed_marker,0,0,False,False,False,
2517,Yasto Pani Hudo Raichha,Phatteman,rupesh_aryal,34,1,0.0294,embed_marker,0,0,False,False,False,
3279,Man Bhulchha by Prakash Dutraj,Shanti Shree Pariyar,site_paankopat.com,103,3,0.0291,"emoji,music_credit,video_credits",0,0,False,False,False,
1747,Lakhar Lakhar,Ketan Chhetri from Nepali Movie December Falls,site_geetishabda.blogspot.com,69,2,0.029,romanize_block,1,1,False,False,False,
2774,Kutu Ma Kutu Official,Rajan Raj Shiwakoti,site_paankopat.com,105,3,0.0286,hashtag,0,0,False,False,False,
2894,Barsat Ma Uni Rujhda,Ram Krishna Dhakal From Album Aagraha.,site_geetishabda.blogspot.com,70,2,0.0286,romanize_block,1,1,False,False,False,
53,Maya Bisaune Chautari,1974 AD,site_paankopat.com,35,1,0.0286,lyrics_credit,0,0,False,False,False,
232,Kaile Vetne Khai 2 (Nyasro),Almoda Rana Uprety,rupesh_aryal,35,1,0.0286,embed_marker,0,0,False,False,False,
303,Mai Ramri Huna,Anju Panta,rupesh_aryal,35,1,0.0286,embed_marker,0,0,False,False,False,
473,Eklai Basda,Aruna Lama,rupesh_aryal,35,1,0.0286,embed_marker,0,0,False,False,False,
480,Himal Sari,Aruna Lama,rupesh_aryal,35,1,0.0286,embed_marker,0,0,False,False,False,
755,Aashish,Bipul Chettri,rupesh_aryal,35,1,0.0286,embed_marker,0,0,False,False,False,
761,Bipul Chettri- Junkeri Official,Bipul Chettri,site_paankopat.com,35,1,0.0286,hashtag,1,1,False,False,False,
831,Basa Sundari - Bro-Sis Band,Blog,site_paankopat.com,35,1,0.0286,hashtag,1,0,False,False,False,
2102,Timro Lagi,Monkey Temple Nepal,rupesh_aryal,35,1,0.0286,embed_marker,0,0,False,False,False,
2324,Hamro Nepalma,Neetesh Jung Kunwar,rupesh_aryal,35,1,0.0286,embed_marker,0,0,False,False,False,
2325,Hearty Maya,Neetesh Jung Kunwar,rupesh_aryal,35,1,0.0286,embed_marker,0,0,False,False,False,
2867,Jharana Jhain Jhardai Aau,Ram Krishna Dhakal,rupesh_aryal,35,1,0.0286,embed_marker,0,0,False,False,False,
523,Yo Ke Bhayo,Ashmita Adhikari and Manish Dhakal from Nepali Movie December Falls.,site_geetishabda.blogspot.com,71,2,0.0282,romanize_block,1,1,False,False,False,
791,Junkliri,Bipul Chettri from his album Maya,site_geetishabda.blogspot.com,72,2,0.0278,romanize_block,2,2,False,False,False,
214,Timi Bhane,Albatross,rupesh_aryal,36,1,0.0278,embed_marker,0,0,False,False,False,
571,Adhuro Prem,AXIX,rupesh_aryal,36,1,0.0278,embed_marker,0,0,False,False,False,
1694,Hukka Mero,Karma Band,rupesh_aryal,36,1,0.0278,embed_marker,0,0,False,False,False,
2422,Mayalu by Nicky Karki,Nicky Karki,site_paankopat.com,36,1,0.0278,music_credit,0,0,False,False,False,
3092,Mooskaan,Sajjan Raj Vaidya,rupesh_aryal,36,1,0.0278,embed_marker,0,0,False,False,False,
3403,Kasari Samjhau,Sugam Pokharel,rupesh_aryal,36,1,0.0278,embed_marker,0,0,False,False,False,
3803,Jiunu Nai Hola,Tribal Rain,rupesh_aryal,36,1,0.0278,embed_marker,0,0,False,False,False,
323,Pida Bhaye Ni Khusi Bhaye Ni,Anju Panta,site_geetishabda.blogspot.com,73,2,0.0274,romanize_block,2,2,False,False,False,
2927,Baa,Rhythm kandel From Nepali Movie Mahapurush. Written by Nawaraj Parajuli.,site_geetishabda.blogspot.com,73,2,0.0274,romanize_block,1,1,False,False,False,
416,Harayeko Muskan,Anuj khadgi,site_paankopat.com,37,1,0.027,video_credits,1,1,False,False,False,
478,Hera Na Hera Kanchha,Aruna Lama,rupesh_aryal,37,1,0.027,embed_marker,0,0,False,False,False,
659,Khai,Bartika Eam Rai,rupesh_aryal,37,1,0.027,embed_marker,0,0,False,False,False,
727,Anurodha,Bikki Gurung,rupesh_aryal,37,1,0.027,embed_marker,0,0,False,False,False,
736,Marijau2,Bikki Gurung,rupesh_aryal,37,1,0.027,embed_marker,0,0,False,False,False,
1116,Jalai Mai,Dibesh Pokharel,rupesh_aryal,37,1,0.027,embed_marker,0,0,False,False,False,
1285,Maya Raicha ra,Fulbari Movie Song,site_paankopat.com,37,1,0.027,hashtag,0,0,False,False,False,
1794,Nare Nisha,Kta Haru,rupesh_aryal,37,1,0.027,embed_marker,0,0,False,False,False,
2020,Pirim Nalaune,Melina Rai,site_paankopat.com,37,1,0.027,music_credit,0,0,False,False,False,
2091,Man Chade Maichyang lai,Monkey Temple Nepal,rupesh_aryal,37,1,0.027,embed_marker,0,0,False,False,False,
2464,Aparachit Bhaawanaa,Oasis Thapa,rupesh_aryal,37,1,0.027,embed_marker,0,0,False,False,False,
3690,eh kancha thattai ma,tara devi & narayan gopal,site_songsdiary.com,37,1,0.027,emoji,1,1,False,False,False,
3808,Narisawna,Tribal Rain,rupesh_aryal,37,1,0.027,embed_marker,0,0,False,False,False,
3812,Traditional Swang,Tribal Rain,rupesh_aryal,37,1,0.027,embed_marker,0,0,False,False,False,
4029,Kaamanaa,Yabesh Thapa,rupesh_aryal,37,1,0.027,embed_marker,0,0,False,False,False,
4156,Musu musu hasideyau,मुसु मुसु हासिदेऊ,site_paankopat.com,37,1,0.027,music_credit,0,0,False,False,False,
20,Aaja Kaha,1974 A.D,rupesh_aryal,38,1,0.0263,embed_marker,0,0,False,False,False,
187,Afnai Sansar Ma Kina,Albatross,rupesh_aryal,38,1,0.0263,embed_marker,0,0,False,False,False,
1942,Ekantama,Mantra Band,rupesh_aryal,38,1,0.0263,embed_marker,0,0,False,False,False,
2207,Manche ko maya yaha,Narayan Gopal,rupesh_aryal,38,1,0.0263,embed_marker,0,0,False,False,False,
2477,Timi ra Ma,Oasis Thapa,rupesh_aryal,38,1,0.0263,embed_marker,0,0,False,False,False,
3014,Jau ki Basu,Sabin Rai,rupesh_aryal,38,1,0.0263,embed_marker,0,0,False,False,False,
3031,Timi Nai Hau,Sabin Rai,rupesh_aryal,38,1,0.0263,embed_marker,2,0,False,False,False,
3101,Sajjan Raj Vaidya - Hawaijahaj,Sajjan Raj Vaidya,site_paankopat.com,38,1,0.0263,hashtag,1,1,False,False,False,
4028,Jhari,Yabesh Thapa,rupesh_aryal,38,1,0.0263,embed_marker,0,0,False,False,False,
4033,Laakhau Hajarau - Yabesh Thapa Official,Yabesh Thapa,site_paankopat.com,38,1,0.0263,hashtag,0,0,False,False,False,
819,Pidalu,"Bishnu Majhi and Tejash Regmi, with supporting vocal of Babu Krishna Pariyar, Sunil",site_geetishabda.blogspot.com,153,4,0.0261,"crawler_footer,hashtag,romanize_block",1,1,False,False,False,
3526,Chupchap Jindagi,Suresh Lama and Ashmita Adhikari from Nepali Movie Ma Yesto Geet,site_geetishabda.blogspot.com,78,2,0.0256,romanize_block,2,2,False,False,False,
21,Aru Kaalo,1974 A.D,rupesh_aryal,39,1,0.0256,embed_marker,0,0,False,False,False,
25,Nepali Ho,1974 A.D,rupesh_aryal,39,1,0.0256,embed_marker,25,0,False,False,False,
132,sadhai bhari,abhaya and the steam injuns & abhaya subba,site_songsdiary.com,39,1,0.0256,emoji,1,1,False,False,False,
2193,Kehi mitho bata gara,Narayan Gopal,site_paankopat.com,39,1,0.0256,music_credit,1,1,False,False,False,
2314,Barha Barse Thito (12 Barse Thito),Neetesh Jung Kunwar,rupesh_aryal,39,1,0.0256,embed_marker,0,0,False,False,False,
2479,Timi Nai Hau,Official,site_paankopat.com,39,1,0.0256,hashtag,5,0,False,False,False,
2893,Timro Yaad Aaunda Achel,Ram Krishna Dhakal,rupesh_aryal,39,1,0.0256,embed_marker,0,0,False,False,False,
2904,Nakkali kanchi ko,Ram Thapa,site_paankopat.com,39,1,0.0256,music_credit,1,1,False,False,False,
3464,LAJAYERA - Aba Ta Badhiyeko Kesh by Sujan Chapagain,Sujan Chapagain,site_paankopat.com,39,1,0.0256,hashtag,0,0,False,False,False,
3612,Kramasha,Swoopna Suman,rupesh_aryal,39,1,0.0256,embed_marker,0,0,False,False,False,
4039,Mero Priye,Yabesh Thapa,rupesh_aryal,39,1,0.0256,embed_marker,0,0,False,False,False,
1148,Kahile Hola,Dipen KC and Sumina Lo,site_geetishabda.blogspot.com,118,3,0.0254,"music_credit,romanize_block",9,4,False,False,False,
3912,Seti Khola Sang Sangi Tarchau Hai,Udit Narayan Jha and Anju Panta,site_geetishabda.blogspot.com,79,2,0.0253,romanize_block,1,1,False,False,False,
775,Müghlan,Bipul Chettri,rupesh_aryal,40,1,0.025,embed_marker,0,0,False,False,False,
922,K Garne Life Ma,Chirag Khadka,rupesh_aryal,40,1,0.025,embed_marker,0,0,False,False,False,
2144,sanjha pakha,nabin k bhattarai,site_songsdiary.com,40,1,0.025,emoji,1,1,False,False,False,
3555,Phone Ko No. ?,SUshant KC,rupesh_aryal,40,1,0.025,embed_marker,1,0,False,False,False,
3614,Ma Timro,Swoopna Suman,rupesh_aryal,40,1,0.025,embed_marker,0,0,False,False,False,
3892,Timi nabhaye jindagani,Udit Narayan,site_paankopat.com,40,1,0.025,music_credit,1,1,False,False,False,
2794,Darshan Namaste 3,Rajesh Payal Rai,site_geetishabda.blogspot.com,82,2,0.0244,romanize_block,1,1,True,False,False,
648,Bimbaakash,Bartika Eam Rai,rupesh_aryal,41,1,0.0244,embed_marker,0,0,False,False,False,
734,Khali,Bikki Gurung,rupesh_aryal,41,1,0.0244,embed_marker,0,0,False,False,False,
925,Maya,Chirag Khadka,rupesh_aryal,41,1,0.0244,embed_marker,0,0,False,False,False,
1230,Ankha Ma Aaune Sapani,Ekdev Limbu,site_paankopat.com,41,1,0.0244,music_credit,0,0,False,False,False,
2226,Parkhi Basen Aaula Bhani,Narayan Gopal,rupesh_aryal,41,1,0.0244,embed_marker,0,0,False,False,False,
2473,Oasis Thapa- Juni Vari Lai Official,Oasis Thapa,site_paankopat.com,41,1,0.0244,hashtag,0,0,False,False,False,
2978,Sannani,Rohit John Chettri,rupesh_aryal,41,1,0.0244,embed_marker,0,0,False,False,False,
3152,Hera Na,Samir Shrestha,rupesh_aryal,41,1,0.0244,embed_marker,0,0,False,False,False,
3414,School Pathsala,Sugam Pokharel,rupesh_aryal,41,1,0.0244,embed_marker,0,0,False,False,False,
3415,School Pathshala,Sugam Pokharel,site_paankopat.com,41,1,0.0244,music_credit,0,0,False,False,False,
3558,Sarangi,SUshant KC,rupesh_aryal,41,1,0.0244,embed_marker,0,0,False,False,False,
3800,Chinta,Tribal Rain,rupesh_aryal,41,1,0.0244,embed_marker,0,0,True,False,False,
3915,fulpati bhakera manakamana,udit narayan jha & sadhana sargam,site_songsdiary.com,41,1,0.0244,emoji,1,1,False,False,False,
3970,Afnai Bato,VTEN,rupesh_aryal,41,1,0.0244,embed_marker,0,0,False,False,False,
6,♫ Description About Song,,site_geetishabda.blogspot.com,206,5,0.0243,romanize_block,6,6,False,False,False,
2813,Hira Talala,Rajman Tamang and Melina Rai,site_geetishabda.blogspot.com,165,4,0.0242,"romanize_block,video_credits",16,10,False,False,False,
410,Sanga Sangai Juni Kataula,Annu Chaudhary and Pratap Das.,site_geetishabda.blogspot.com,126,3,0.0238,"romanize_block,video_credits",5,5,False,False,False,
1973,Antarikshya Yatri 2017 Light Version,Mc Flo,kaggle_genius,84,2,0.0238,hashtag,0,0,False,False,False,
186,Adhar,Albatross,rupesh_aryal,42,1,0.0238,embed_marker,0,0,False,False,False,
2977,Pani Paryo,Rohit John Chettri,rupesh_aryal,42,1,0.0238,embed_marker,0,0,False,False,False,
3557,Risaune Bhaye,SUshant KC,rupesh_aryal,42,1,0.0238,embed_marker,0,0,False,False,False,
4020,Ae Mutu,Yabesh Thapa,rupesh_aryal,42,1,0.0238,embed_marker,0,0,False,False,False,
4145,Gurasha ko fed muni,गुराँस को फेद मुनि,site_paankopat.com,42,1,0.0238,music_credit,1,0,False,False,False,
2775,Lyase Paaun,Rajan Raj Shiwakoti,site_geetishabda.blogspot.com,86,2,0.0233,romanize_block,2,2,False,False,False,
454,Jati Maya Laye Pani,Arun Thapa,site_paankopat.com,43,1,0.0233,music_credit,0,0,False,False,False,
658,Kaalpanik / Maayajastai,Bartika Eam Rai,rupesh_aryal,43,1,0.0233,embed_marker,1,0,False,False,False,
661,Najeek,Bartika Eam Rai,rupesh_aryal,43,1,0.0233,embed_marker,0,0,False,False,False,
1899,Nachaa Firiri,Mahesh Kafle,site_paankopat.com,43,1,0.0233,music_credit,0,0,False,False,False,
1944,Himali Nepali,Mantra Band,rupesh_aryal,43,1,0.0233,embed_marker,0,0,False,False,False,
1952,Sadhai Sadhai,Mantra Band,rupesh_aryal,43,1,0.0233,embed_marker,0,0,False,False,False,
2404,Taal Ko Pani,Nepathya,rupesh_aryal,43,1,0.0233,embed_marker,0,0,False,False,False,
3607,Jhari,Swoopna Suman,rupesh_aryal,43,1,0.0233,embed_marker,0,0,False,False,False,
3929,thau kane 2.0,ujan shakya,site_songsdiary.com,43,1,0.0233,emoji,1,1,False,False,False,
4159,Sara Khushi,सारा खुशी Adrian Pradhan,site_paankopat.com,43,1,0.0233,music_credit,0,0,False,False,False,
3277,Ghumi Ghumi,Shanti Shree Pariyar,site_paankopat.com,131,3,0.0229,video_credits,2,1,False,False,False,
1913,Badal Bhanda Pari,Mandabi Tripathi from Nepali Movie Manle Manlai Chhunchha. Manle Manlai,site_geetishabda.blogspot.com,88,2,0.0227,romanize_block,3,2,False,False,False,
202,Khaseka Tara,Albatross,rupesh_aryal,44,1,0.0227,embed_marker,0,0,False,False,False,
354,Yaadharu,Ankit Shrestha,rupesh_aryal,44,1,0.0227,embed_marker,0,0,False,False,False,
2108,Neetesh Jung Kunwar - Kholai Khola,Mr. Brownie,site_paankopat.com,44,1,0.0227,hashtag,0,0,False,False,False,
2295,Sakchhau Ra Timi Ma Bina Bachna,Naresh budhathoki,site_paankopat.com,44,1,0.0227,video_credits,5,3,False,False,False,
3615,Mayalu,Swoopna Suman,rupesh_aryal,44,1,0.0227,embed_marker,13,0,False,False,False,
1066,Hiu Jastai Kanchan,Deepak Limbu and Prabisha Adhikari from Nepali Movie Manle Manlai,site_geetishabda.blogspot.com,89,2,0.0225,romanize_block,3,2,True,False,False,
3697,Jhamkya Bulaki by Tek and Asmita Adhikari,Tek BC,site_paankopat.com,90,2,0.0222,lyrics_credit,2,2,False,False,False,
195,Gari Khana Deu,Albatross,rupesh_aryal,45,1,0.0222,embed_marker,0,0,False,False,False,
2081,Ajambari,Monkey Temple Nepal,rupesh_aryal,45,1,0.0222,embed_marker,0,0,False,False,False,
2396,Sa Karnali,Nepathya,rupesh_aryal,45,1,0.0222,embed_marker,0,0,False,False,False,
2980,Timi Nai,Rohit John Chettri,rupesh_aryal,45,1,0.0222,embed_marker,0,0,False,False,False,
3077,Dhairya,Sajjan Raj Vaidya,rupesh_aryal,45,1,0.0222,embed_marker,0,0,False,False,False,
3093,Naganya Maya,Sajjan Raj Vaidya,rupesh_aryal,45,1,0.0222,embed_marker,8,0,False,False,False,
3313,Maya Marideu,ShreeGo and Yodda,site_geetishabda.blogspot.com,136,3,0.0221,"romanize_block,video_credits",2,2,False,False,False,
674,Najeek,Bartika Eam Rai from her album Bimbaakash.,site_geetishabda.blogspot.com,91,2,0.022,romanize_block,1,1,False,False,False,
701,O Riya,Bharat Sitaula from his album Ma Ani Timi,site_geetishabda.blogspot.com,92,2,0.0217,romanize_block,1,1,False,False,False,
662,Najeek - Bartika Eam Rai Official,Bartika Eam Rai,site_paankopat.com,46,1,0.0217,hashtag,0,0,False,False,False,
2342,Sath Sadhaiko,Neetesh Jung Kunwar,rupesh_aryal,46,1,0.0217,embed_marker,0,0,False,False,False,
3941,Kaalo 2.0,Uniq Poet,rupesh_aryal,46,1,0.0217,embed_marker,0,0,False,False,False,
4037,Mayako Katha,Yabesh Thapa,rupesh_aryal,46,1,0.0217,embed_marker,0,0,False,False,False,
573,Ek Choti,AXIX,rupesh_aryal,47,1,0.0213,embed_marker,0,0,False,False,False,
1114,rajdhani,dhurba shrestha,site_songsdiary.com,47,1,0.0213,emoji,1,1,False,False,False,
2469,Jani na Jani,Oasis Thapa,rupesh_aryal,47,1,0.0213,embed_marker,0,0,False,False,False,
3817,Maya Junalai,Trishala gurung,site_paankopat.com,47,1,0.0213,music_credit,0,0,False,False,False,
3935,Balatkaar,Uniq Poet,legacy_932,47,1,0.0213,hashtag,0,0,False,False,False,
847,Hasi Rakhana by Brijesh Shrestha,Brijesh Shrestha,site_paankopat.com,48,1,0.0208,lyrics_credit,1,1,False,False,False,
2328,Kholai Khola,Neetesh Jung Kunwar,rupesh_aryal,48,1,0.0208,embed_marker,0,0,False,False,False,
3158,Thamana Haat,Samir Shrestha,rupesh_aryal,48,1,0.0208,embed_marker,3,0,False,False,False,
2618,Gari Khana Deu,Pramod Kharel.,site_geetishabda.blogspot.com,146,3,0.0205,"hashtag,romanize_block",9,3,False,False,False,
830,Ashma (A Confession),Blog,site_paankopat.com,49,1,0.0204,hashtag,0,0,False,False,False,
889,Timile Ta Hoina Timra,Chetra Pratap Adhikari,site_paankopat.com,50,1,0.02,hashtag,1,1,False,False,False,
1558,Jay Author - TIME CHAINA (टाईम छैन) (feat. Aizen),Jay Author,site_paankopat.com,50,1,0.02,hashtag,0,0,False,False,False,
3613,Kunai Din- The Coffee Song,Swoopna Suman,rupesh_aryal,50,1,0.02,embed_marker,0,0,False,False,False,
4153,Dherai dherai aaucha 1974 AD,धेरै धेरै आउछ,site_paankopat.com,50,1,0.02,music_credit,2,1,False,False,False,
696,Jaha Chan Buddha ka ankha,Bhakta Raj Acharya,site_paankopat.com,51,1,0.0196,music_credit,0,0,False,False,False,
919,Aago Ko Jhilko,Chirag Khadka,rupesh_aryal,51,1,0.0196,embed_marker,0,0,False,False,False,
3211,sacho jhuto,sanju moktan,site_songsdiary.com,51,1,0.0196,emoji,1,1,False,False,False,
732,Hidda Hiddai,Bikki Gurung,rupesh_aryal,52,1,0.0192,embed_marker,0,0,False,False,False,
853,OH MAICHA by Brijesh Shrestha,Brijesh Shrestha,site_paankopat.com,52,1,0.0192,url,0,0,False,False,False,
1238,SIRFUL - 2 Beyond & Ekdev limbu,Ekdev Limbu,site_paankopat.com,52,1,0.0192,url,0,0,False,False,False,
3616,Naboli Timi Bujhideu,Swoopna Suman,rupesh_aryal,52,1,0.0192,embed_marker,0,0,False,False,False,
2030,Fakaunai Janina,Melina Rai and Nishan Bhattarai from Nepali Movie December Falls.,site_geetishabda.blogspot.com,105,2,0.019,romanize_block,1,1,False,False,False,
104,Aatma,Aastha,site_paankopat.com,53,1,0.0189,music_credit,0,0,False,False,False,
1868,Farki Aauna,Lisson khadka,site_paankopat.com,53,1,0.0189,music_credit,0,0,False,False,False,
2362,Bhedako Oon Jasto,Nepathya,rupesh_aryal,53,1,0.0189,embed_marker,0,0,False,False,False,
2709,Dhurwa tara,Purna rai,site_paankopat.com,53,1,0.0189,"crawler_footer,url",0,0,False,False,False,
3544,Gulabi - Sushant KC,Sushant KC,site_paankopat.com,53,1,0.0189,music_credit,0,0,False,False,False,
3981,Halkhabar,VTEN,rupesh_aryal,53,1,0.0189,embed_marker,0,0,False,False,False,
722,Khali Chhaina Mero Mutu,Bihe Pass,site_paankopat.com,54,1,0.0185,hashtag,0,0,True,False,False,
807,Sabda : birendra ghimire nephop,Birendra Ghimire,kaggle_genius,54,1,0.0185,crawler_footer,0,0,False,False,False,
1420,Akashai Ma Chil Udyo,Gloomy Guys,site_paankopat.com,54,1,0.0185,music_credit,0,0,False,False,False,
1998,Timi,Mc Flo,kaggle_genius,54,1,0.0185,emoji,0,0,False,False,False,
2317,First Date (Pahilo Bhet),Neetesh Jung Kunwar,rupesh_aryal,54,1,0.0185,embed_marker,0,0,False,False,False,
2511,YAADMA,Pawan Ranabhat,site_paankopat.com,54,1,0.0185,video_credits,3,3,False,False,False,
3400,Jadai chuu tada,Sugam Pokharel,site_paankopat.com,54,1,0.0185,music_credit,1,1,False,False,False,
918,Aa Budi,Chirag Khadka,rupesh_aryal,55,1,0.0182,embed_marker,0,0,False,False,False,
3409,OST KASHAM HO OFFICIAL LYCRIS,Sugam Pokharel,site_paankopat.com,55,1,0.0182,hashtag,0,0,False,False,False,
539,Meso Milayera,Asmita Adhikari and Nishan Bhattarai,site_geetishabda.blogspot.com,112,2,0.0179,romanize_block,5,3,True,False,False,
920,Bhumari,Chirag Khadka,rupesh_aryal,56,1,0.0179,embed_marker,0,0,False,False,False,
930,ऐ बुढी,Chirag Khadka,site_paankopat.com,56,1,0.0179,lyrics_credit,0,0,False,False,False,
2505,Jhole Ta Tai Jhole Ta Mai,Pashupati Sharma,site_nepaligeetlyrics.com,56,1,0.0179,crawler_footer,0,0,False,False,False,
3611,Kasari Bhanu,Swoopna Suman,rupesh_aryal,56,1,0.0179,embed_marker,0,0,False,False,False,
1767,Deurali Banechha Dhungako,"Khemraj Gurung, Reema Gurung Hoda From Nepali Movie Dada Ko",site_geetishabda.blogspot.com,113,2,0.0177,romanize_block,1,1,False,False,False,
3499,Ko Hola Tyo by Sunil Giri,Sunil Giri,site_paankopat.com,57,1,0.0175,music_credit,0,0,False,False,False,
2687,deuralima batas chalyo,prem dhoj pradhan,site_songsdiary.com,59,1,0.0169,emoji,1,1,False,False,False,
1987,Maile Haasna Sikey,MC Flo,rupesh_aryal,60,1,0.0167,embed_marker,0,0,False,False,False,
4058,Aama,Yama Buddha,rupesh_aryal,61,1,0.0164,embed_marker,0,0,False,False,False,
24,Jati Maya,1974 A.D,rupesh_aryal,62,1,0.0161,embed_marker,2,0,False,False,False,
615,Sano Cha Gaun,Babu Bogati,site_paankopat.com,62,1,0.0161,music_credit,0,0,False,False,False,
11,Allare Joban,,site_geetishabda.blogspot.com,126,2,0.0159,romanize_block,2,2,False,False,False,
94,samaya,555 chirag khadka,site_songsdiary.com,63,1,0.0159,emoji,1,1,False,False,False,
1999,Timro Lagi,MC Flo,rupesh_aryal,63,1,0.0159,embed_marker,0,0,False,False,False,
886,सिरुपाते जुङगामा,Chakka Panja 4,site_paankopat.com,64,1,0.0156,hashtag,0,0,False,False,False,
927,Sahi Sahi Sahi,Chirag Khadka,rupesh_aryal,64,1,0.0156,embed_marker,0,0,False,False,False,
2731,Sahrai Hepi Munale Eklo Hunale,"Raaz Khambu, Sujata Verma and Rajendra Bhatt.",site_geetishabda.blogspot.com,193,3,0.0155,"romanize_block,video_credits",14,7,False,False,False,
928,Samadhi,Chirag Khadka,rupesh_aryal,66,1,0.0152,embed_marker,0,0,False,False,False,
1665,Aatma ma maa,Kamal Khatri,site_paankopat.com,66,1,0.0152,music_credit,1,1,False,False,False,
1981,Hami Sangai Ta chhau ni,MC Flo,rupesh_aryal,67,1,0.0149,embed_marker,0,0,False,False,False,
3074,behuli,sajjan raj vaidya,site_songsdiary.com,67,1,0.0149,emoji,1,1,False,False,False,
4046,Vagwan,Yabi The Goat,rupesh_aryal,67,1,0.0149,embed_marker,0,0,False,False,False,
3205,Gori yeta suna na,Sanjeev Singh,site_paankopat.com,68,1,0.0147,music_credit,1,1,False,False,False,
1044,Priyea timi aayeau,Deepak Bajracharya,site_paankopat.com,69,1,0.0145,hashtag,0,0,False,False,False,
1415,Prithvi Narayan Shah,Girish Khatiwada,rupesh_aryal,69,1,0.0145,embed_marker,0,0,False,False,False,
1444,Satayera,GXSOUL,rupesh_aryal,69,1,0.0145,embed_marker,0,0,False,False,False,
2575,Baini Jhyalaima by Prakash Dutraj,Prakash Dutraj,site_paankopat.com,69,1,0.0145,url,0,0,False,False,False,
3267,NACHDEU MAICHYANG,"Shambhujeet Baskota, Palmu Sherpa",site_paankopat.com,69,1,0.0145,hashtag,0,0,False,False,False,
3972,Bhijhideu,VTEN,rupesh_aryal,69,1,0.0145,embed_marker,1,0,False,False,False,
3710,Praye sadhai Ma,The AXE,site_paankopat.com,72,1,0.0139,music_credit,1,1,False,False,False,
4077,Saathi,Yama Buddha,rupesh_aryal,73,1,0.0137,embed_marker,0,0,False,False,False,
769,Kaha Ma Katyo hords &,Bipul Chettri,site_paankopat.com,74,1,0.0135,hashtag,0,0,False,False,False,
1446,Yo Timlay Garda Ho (James Shrestha),GXSOUL,rupesh_aryal,74,1,0.0135,embed_marker,0,0,False,False,False,
3944,Mero Desh Birami,Uniq Poet,rupesh_aryal,75,1,0.0133,embed_marker,0,0,False,False,False,
4079,Saathi साथी Yama Buddha,Yama Buddha,site_paankopat.com,76,1,0.0132,romanize_block,0,0,False,False,False,
2123,Chaubandi cholo,Mukti and Revival,site_paankopat.com,78,1,0.0128,music_credit,1,1,False,False,False,
3979,Dolla Bill,VTEN,rupesh_aryal,80,1,0.0125,embed_marker,2,0,False,False,False,
759,Bipul chettri- Aashish Official,Bipul Chettri,site_paankopat.com,81,1,0.0123,hashtag,0,0,False,False,False,
1649,Resam filili - Pari Tyo Dada Ma,Kali Prasad Baskota,site_paankopat.com,83,1,0.012,music_credit,1,1,False,False,False,
3553,Muskurayera,Sushant KC,site_paankopat.com,84,1,0.0119,"lyrics_credit,video_credits",0,0,True,False,False,
3939,HipHop Saved My Life,Uniq Poet,rupesh_aryal,91,1,0.011,embed_marker,0,0,False,False,False,
1777,maya basyo mutuma,komal oli and yam baral,site_songsdiary.com,92,1,0.0109,emoji,1,1,True,False,False,
3343,Chiso chiso Hawa ma,Songs To Sing,site_paankopat.com,94,1,0.0106,music_credit,0,0,False,False,False,
2355,Hawa Jastai,Nepali Pop Songs,site_paankopat.com,96,1,0.0104,emoji,0,0,False,False,False,
3249,Aankhi Jhyalaima,SD Yogi and Reshma Pun.,site_geetishabda.blogspot.com,197,2,0.0102,romanize_block,9,4,False,False,False,
4103,YODDA - Khatra Barz,YODDA,site_paankopat.com,98,1,0.0102,video_credits,1,1,False,False,False,
88,Salala,2024,site_paankopat.com,100,1,0.01,video_credits,0,0,False,False,False,
3335,Mero Ex Ko Chhamma,"Sirjana Khatri aka ""Haudemaya"" featuring Mr. RJ.",site_geetishabda.blogspot.com,203,2,0.0099,romanize_block,1,1,False,False,False,
3986,Kathaa,VTEN,rupesh_aryal,102,1,0.0098,embed_marker,0,0,False,False,False,
3363,india,st man,site_songsdiary.com,105,1,0.0095,emoji,1,1,False,False,False,
3537,Behos - Sushant KC,Sushant KC,site_paankopat.com,108,1,0.0093,lyrics_credit,3,3,False,False,False,
786,Sindicate,Bipul Chettri,site_paankopat.com,120,1,0.0083,music_credit,0,0,False,False,False,
2926,Sim Sime Panima,Rekha Shah,site_paankopat.com,121,1,0.0083,"emoji,video_credits",3,2,False,False,False,
4150,Jhamke Guleli,झम्के गुलेली।,site_paankopat.com,179,1,0.0056,music_credit,0,0,False,False,False,
3,Chahanchhu 5,,site_paankopat.com,26,0,0.0,,0,0,False,False,False,
7,Jindagi Ko K Bharosha - Karna Das,,site_paankopat.com,42,0,0.0,,0,0,False,False,False,
8,Jiwan,,site_nepaligeetlyrics.com,22,0,0.0,,0,0,False,False,False,
9,Keri Mitho Bata Gara Narayan Gopal - Paan Ko Pat,,site_paankopat.com,35,0,0.0,,0,0,False,False,False,
10,LAIJAU MALAI - Abhaya and The Steam Engines,,site_paankopat.com,29,0,0.0,,0,0,False,False,False,
12,Maya Ma,,site_nepaligeetlyrics.com,23,0,0.0,,1,1,False,False,False,
16,Ranga,,site_nepaligeetlyrics.com,30,0,0.0,,0,0,False,False,False,
19,Yo katha ho Trishna mero । यो कथा हो तृष्णा मेरो - Paan Ko Pat,,site_paankopat.com,25,0,0.0,,0,0,False,False,False,
27,Parelima,1974 A.D,rupesh_aryal,17,0,0.0,,0,0,False,False,False,
30,Aaja Bholi,1974 AD,itunes,29,0,0.0,,0,0,False,False,False,
31,Aaja Kaha,1974 AD,legacy_932,23,0,0.0,,0,0,True,False,False,
32,Aru Kaalo,1974 AD,legacy_932,20,0,0.0,,0,0,True,False,False,
34,Bagdai Gareko,1974 AD,legacy_932,22,0,0.0,,0,0,False,False,False,
35,Baru Malai,1974 AD,itunes,21,0,0.0,,0,0,False,False,False,
36,Chaubandi Choli,1974 AD,site_nepalilyrics.net,40,0,0.0,,0,0,False,False,False,
37,Chaya,1974 AD,legacy_932,18,0,0.0,,0,0,False,False,False,
38,Chhudaina Timro Mayale,1974 AD,itunes,18,0,0.0,,0,0,False,False,False,
39,Chudaina,1974 AD,legacy_932,20,0,0.0,,0,0,False,False,False,
40,Chudaina Timro Mayale,1974 AD,site_nepalilyrics.net,22,0,0.0,,0,0,False,False,False,
41,Chyangba and the Bloody Revolution,1974 AD,site_nepalilyrics.net,30,0,0.0,,0,0,False,False,False,
42,Chyangba & the Bloody Revolution,1974 AD,itunes,26,0,0.0,,0,0,False,False,False,
43,Deurali Bhanjyang,1974 AD,itunes,22,0,0.0,,0,0,False,False,False,
44,Gurasai Fulyo,1974 AD,site_nepalilyrics.net,17,0,0.0,,0,0,False,False,False,
45,Hazaar Sapana,1974 AD,legacy_932,18,0,0.0,,0,0,False,False,False,
47,Hijo Matra,1974 AD,itunes,36,0,0.0,,0,0,False,False,False,
48,Hijomatra,1974 AD,kaggle_genius,32,0,0.0,,0,0,False,False,False,
49,Hinda Hindai,1974 AD,site_nepalilyrics.net,22,0,0.0,,0,0,False,False,False,
50,Jangi Nishan,1974 AD,itunes,23,0,0.0,,0,0,False,False,False,
51,Jati Maya,1974 AD,kaggle_genius,61,0,0.0,,2,0,False,False,False,
52,Kahile Kahile,1974 AD,itunes,20,0,0.0,,0,0,False,False,False,
54,Mayalu Le,1974 AD,site_nepalilyrics.net,27,0,0.0,,0,0,False,False,False,
56,Mayalu Mayalu,1974 AD,itunes,8,0,0.0,,0,0,False,False,False,
57,Mayalule Mayalule,1974 AD,itunes,28,0,0.0,,0,0,False,False,False,
58,Mildaina Kathaharu,1974 AD,site_nepalilyrics.net,14,0,0.0,,0,0,False,False,False,
59,Mutu Bhari,1974 AD,itunes,25,0,0.0,,0,0,False,False,False,
60,Mutu Bhari Bhari,1974 AD,site_nepalilyrics.net,30,0,0.0,,0,0,True,False,False,
61,Nepali Ho,1974 AD,legacy_932,24,0,0.0,,14,0,False,False,False,
62,"Nepali Ho (feat. Subani Moktan, Kutumba, Aid Ray & Mukti)",1974 AD,itunes,31,0,0.0,,18,0,True,False,False,
63,Pahilo Junima,1974 AD,kaggle_genius,30,0,0.0,,0,0,False,False,False,
64,Parelima,1974 AD,kaggle_genius,16,0,0.0,,0,0,False,False,False,
65,Pathai Deu,1974 AD,legacy_932,28,0,0.0,,0,0,False,False,False,
66,Pinjada Ko Suga,1974 AD,site_nepalilyrics.net,35,0,0.0,,0,0,True,False,False,
67,Rato ra chanda Surya,1974 AD,site_paankopat.com,27,0,0.0,,0,0,False,False,False,
68,Saani Ko,1974 AD,legacy_932,22,0,0.0,,0,0,False,False,False,
69,Sambodhan,1974 AD,kaggle_genius,26,0,0.0,,8,0,False,False,False,
70,Sambodhan Timilai,1974 AD,itunes,27,0,0.0,,7,0,False,False,False,
71,Samjhi Baschhu,1974 AD,itunes,23,0,0.0,,0,0,False,False,False,
72,Samjhi Baschu,1974 AD,itunes,31,0,0.0,,1,0,False,False,False,
73,Sanjhako Bela,1974 AD,kaggle_genius,22,0,0.0,,0,0,False,False,False,
74,Timi Mero Ma Timro,1974 AD,kaggle_genius,30,0,0.0,,0,0,False,False,False,
75,Timilai Bolaunda,1974 AD,itunes,31,0,0.0,,0,0,False,False,False,
76,Timilai Piratile,1974 AD,itunes,37,0,0.0,,0,0,False,False,False,
78,Tyo Raat Ko,1974 AD,site_nepalilyrics.net,11,0,0.0,,0,0,False,False,False,
79,Yo Mann Ta Mero Nepali Ho,1974 AD,itunes,36,0,0.0,,12,0,False,False,False,
80,Maya Bisaune Chautari,1974ad,itunes,27,0,0.0,,0,0,False,False,False,
81,Mutu Bhari,1974ad,itunes,25,0,0.0,,0,0,False,False,False,
82,Nepali Ho,1974ad,itunes,36,0,0.0,,24,0,False,False,False,
83,Saani Ko,1974ad,itunes,35,0,0.0,,0,0,False,False,False,
84,Sambodhan,1974ad,itunes,29,0,0.0,,7,0,False,False,False,
85,Yo Jindagi,1974ad,itunes,20,0,0.0,,0,0,False,False,False,
86,Banideu,2024,site_paankopat.com,50,0,0.0,,1,0,False,False,False,
87,Mero Jiwan,2024,site_paankopat.com,64,0,0.0,,0,0,False,False,False,
89,The Melodic Journey of Nepali Music: From Traditional Instruments to Modern Genres,2024,site_paankopat.com,9,0,0.0,,0,0,False,False,False,
90,Juni Juni Bharilai,2025 Nepali Movie Dukhi Aatma,site_nepaligeetlyrics.com,69,0,0.0,,9,1,False,False,False,
91,Buwa Lai Gali Nagara,2025 New Song of Dixita Karki,site_nepaligeetlyrics.com,23,0,0.0,,0,0,False,False,False,
92,Radha,2025 New Song of Swoopna Suman & Abhigya Ghimire,site_nepaligeetlyrics.com,51,0,0.0,,1,1,False,False,False,
93,Jun Na Heri,2025 New Song Of Wangden Sherpa & Sushant Ghimire,site_nepaligeetlyrics.com,40,0,0.0,,0,0,False,False,False,
95,Zariya,"A.R. Rahman, Farah Siraj & Ani Choying Drolma",legacy_932,21,0,0.0,,2,0,False,False,False,
96,"Zariya (From ""Coke Studio @ MTV Season 3: Episode 1"")","A.R. Rahman, Farah Siraj & Ani Choying Drolma",itunes,53,0,0.0,,2,0,False,False,False,
97,"Zariya (From ""Coke Studio Season, 3"")","A.R. Rahman, Farah Siraj & Ani Choying Drolma",itunes,53,0,0.0,,2,0,False,False,False,
100,Nakkali Nabhana Malai,Aarati Khadka,site_nepalilyrics.net,60,0,0.0,,0,0,False,False,False,
105,Aai Deu,Aastha Band,site_nepalilyrics.net,25,0,0.0,,0,0,False,False,False,
106,Aatma,Aastha Band,site_nepalilyrics.net,46,0,0.0,,0,0,False,False,False,
107,Birsana Sakina,Aastha Band,site_nepalilyrics.net,18,0,0.0,,0,0,False,False,False,
108,Dosh,Aastha Band,site_nepalilyrics.net,29,0,0.0,,0,0,False,False,False,
109,Ek Mauka,Aastha Band,site_nepalilyrics.net,17,0,0.0,,0,0,False,False,False,
110,Harpal,Aastha Band,site_nepalilyrics.net,22,0,0.0,,0,0,False,False,False,
111,Malai Bhanna Aaudaina,Aastha Band,site_nepalilyrics.net,13,0,0.0,,0,0,False,False,False,
112,Safalta,Aastha Band,site_nepalilyrics.net,18,0,0.0,,0,0,False,False,False,
113,Timi Aaunu Malai Bhetna,Aastha Band,site_nepalilyrics.net,28,0,0.0,,0,0,False,False,False,
114,Yaad Nadeu,Aastha Band,site_nepalilyrics.net,15,0,0.0,,0,0,False,False,False,
119,SALKO PATA TAPARI,Aastha Raut,site_paankopat.com,55,0,0.0,,0,0,False,False,False,
120,Lamppost ल्याम्पपोस्ट,Aavaas,kaggle_genius,12,0,0.0,,0,0,False,False,False,
121,Timile miss call (तिमीले मिसकल गर्दा),"Aavaas, Meena Niraula",legacy_932,20,0,0.0,,0,0,False,False,False,
123,Basu Yesai Saili,Aayush Pariyar,site_nepalilyrics.net,15,0,0.0,,0,0,False,False,False,
124,Chha Mero Aru Sansaar,Abhaya and the Steam Engines,kaggle_genius,23,0,0.0,,0,0,False,False,False,
125,Hawa Huree,Abhaya and the Steam Engines,legacy_932,16,0,0.0,,0,0,False,False,False,
126,Jeet (The Winner),Abhaya and The Steam Injuns,site_nepalilyrics.net,16,0,0.0,,0,0,False,False,False,
127,Maajhi Dai,Abhaya and The Steam Injuns,site_nepalilyrics.net,12,0,0.0,,0,0,False,False,False,
128,Malai Pani Hasna Deu,Abhaya and The Steam Injuns,site_nepalilyrics.net,30,0,0.0,,0,0,False,False,False,
129,Sadhai Sadhai,Abhaya and The Steam Injuns,site_nepalilyrics.net,10,0,0.0,,0,0,False,False,False,
130,Sakdina,Abhaya and The Steam Injuns,site_nepalilyrics.net,18,0,0.0,,0,0,False,False,False,
131,Timro Lagi,Abhaya and The Steam Injuns,site_nepalilyrics.net,35,0,0.0,,0,0,False,False,False,
133,Hey Sailaa,Abhaya & The Steam Engines,site_nepaligeetlyrics.com,28,0,0.0,,0,0,False,False,False,
134,Sadhai Bhari,Abhaya & The Steam Engines,site_nepaligeetlyrics.com,30,0,0.0,,0,0,False,False,False,
135,Timro Laagi Reloaded,Abhaya & The Steam Engines,site_nepaligeetlyrics.com,32,0,0.0,,0,0,False,False,False,
137,Abiral Bhujel & Sanjeev Tamang - Mana Ka Kura (Maya) [Romanized],Abiral Bhujel and SNJV .,legacy_932,17,0,0.0,,0,0,False,False,False,
138,Mana Ka Kura( Maya),Abiral Bhujel & Sanjeev Tamang,legacy_932,17,0,0.0,,0,0,False,False,False,
139,Biteka Kurale,"Acoustic - Rocken Music, Deep Shrestha",site_nepalilyrics.net,16,0,0.0,,0,0,False,False,False,
140,Timi Nai Hau,"Acoustic - Rocken Music, Sabin Rai",site_nepalilyrics.net,16,0,0.0,,2,0,False,False,False,
141,Sathi Ho Timi Maya,Aditi Paul,site_nepalilyrics.net,46,0,0.0,,0,0,False,False,False,
142,Yeshuko Chhatima,Adrian Dewan,legacy_932,14,0,0.0,,0,0,False,False,False,
143,Aago Lagyo,Adrian Pradhan,kaggle_genius,28,0,0.0,,0,0,False,False,False,
144,Aaja,Adrian Pradhan,site_nepalilyrics.net,15,0,0.0,,0,0,False,False,False,
146,Chopsticks,Adrian Pradhan,legacy_932,17,0,0.0,,0,0,False,False,False,
147,Hamrai Ho,Adrian Pradhan,kaggle_genius,18,0,0.0,,0,0,False,False,False,
148,Hey Nepali Ho,Adrian Pradhan,legacy_932,18,0,0.0,,0,0,False,False,False,
149,Hid'da Hid'dai,Adrian Pradhan,deezer,28,0,0.0,,0,0,False,False,False,
150,Hidaa Hiddai,Adrian Pradhan,legacy_932,22,0,0.0,,0,0,False,False,False,
151,Jaatley Paako,Adrian Pradhan,kaggle_genius,28,0,0.0,,0,0,False,False,False,
152,Kasto Lagchha,Adrian Pradhan,kaggle_genius,27,0,0.0,,0,0,False,False,False,
153,Kati Samjhaye,Adrian Pradhan,kaggle_genius,23,0,0.0,,0,0,False,False,False,
154,Let's Rock,Adrian Pradhan,site_nepalilyrics.net,32,0,0.0,,0,0,False,False,False,
155,Maacha Khelcha,Adrian Pradhan,kaggle_genius,39,0,0.0,,0,0,False,False,False,
156,Mayalu,Adrian Pradhan,legacy_932,19,0,0.0,,0,0,False,False,False,
157,Meri Maya,Adrian Pradhan,site_nepalilyrics.net,20,0,0.0,,0,0,False,False,False,
158,Nabhana Mero,Adrian Pradhan,site_paankopat.com,54,0,0.0,,0,0,False,False,False,
159,Narisauna,Adrian Pradhan,kaggle_genius,30,0,0.0,,0,0,False,False,False,
160,Nasamjha,Adrian Pradhan,legacy_932,19,0,0.0,,0,0,False,False,False,
161,Pinjada ko Suga,Adrian Pradhan,deezer,25,0,0.0,,0,0,False,False,False,
162,Pinjadako Suga,Adrian Pradhan,legacy_932,24,0,0.0,,0,0,False,False,False,
163,Ramailo Lagcha,Adrian Pradhan,site_nepalilyrics.net,16,0,0.0,,0,0,False,False,False,
164,Saathee,Adrian Pradhan,kaggle_genius,30,0,0.0,,0,0,False,False,False,
165,Sadhaa Haru,Adrian Pradhan,kaggle_genius,27,0,0.0,,0,0,False,False,False,
166,Sakdina,Adrian Pradhan,legacy_932,18,0,0.0,,0,0,False,False,False,
168,Samjhana Ma,Adrian Pradhan,site_nepalilyrics.net,22,0,0.0,,0,0,False,False,False,
169,Sara Khusi Sameti,Adrian Pradhan,site_nepalilyrics.net,26,0,0.0,,0,0,False,False,False,
170,Shishir Jhai,Adrian Pradhan,site_nepalilyrics.net,14,0,0.0,,0,0,False,False,False,
171,Stand Up,Adrian Pradhan,deezer,30,0,0.0,,0,0,False,False,False,
172,Timi Maa Nai,Adrian Pradhan,kaggle_genius,22,0,0.0,,0,0,False,False,False,
173,Timro Mero Sambandha,Adrian Pradhan,legacy_932,24,0,0.0,,0,0,False,False,False,
174,Urvashi,Adrian Pradhan,kaggle_genius,25,0,0.0,,0,0,False,False,False,
175,Yesari Saanjh,Adrian Pradhan,site_nepalilyrics.net,31,0,0.0,,0,0,False,False,False,
176,Yo man ta mero Nepali ho,Adrian Pradhan,site_paankopat.com,59,0,0.0,,0,0,False,False,False,
177,Dai Nabhana,Aizen (NPL),legacy_932,27,0,0.0,,0,0,False,False,False,
178,Harpal,Aizen (NPL),legacy_932,31,0,0.0,,0,0,False,False,False,
180,Bhulne Chaina,Akash khadka,site_paankopat.com,23,0,0.0,,0,0,False,False,False,
181,Ek Fera Najar,Akash Khadka,legacy_932,20,0,0.0,,0,0,False,False,False,
182,Na Aau Feri,Akash khadka,site_paankopat.com,19,0,0.0,,0,0,True,True,False,
183,Timi Bhayera,Akash Khadka & Samir Shrestha,legacy_932,26,0,0.0,,1,0,False,False,False,
184,Abhimaan,Albatross,legacy_932,20,0,0.0,,0,0,False,False,False,
185,Abhiman,Albatross,site_nepalilyrics.net,23,0,0.0,,0,0,False,False,False,
188,Asha Nirasha,Albatross,rupesh_aryal,17,0,0.0,,0,0,False,False,False,
189,Awaz,Albatross,kaggle_genius,32,0,0.0,,0,0,False,False,False,
190,Bachau,Albatross,rupesh_aryal,17,0,0.0,,0,0,False,False,False,
191,Bhawana,Albatross,legacy_932,18,0,0.0,,0,0,False,False,False,
192,Bhool,Albatross,legacy_932,20,0,0.0,,0,0,False,False,False,
193,Chaina,Albatross,site_nepalilyrics.net,13,0,0.0,,0,0,False,False,False,
194,Chhaina,Albatross,legacy_932,18,0,0.0,,0,0,False,False,False,
196,Intro - Ma Ra Malai,Albatross,legacy_932,19,0,0.0,,0,0,False,False,False,
197,Janata Ma Appeal,Albatross,legacy_932,26,0,0.0,,0,0,False,False,False,
198,Jhari Ko Raat,Albatross,site_nepalilyrics.net,52,0,0.0,,0,0,False,False,False,
199,Jhhari ko Raat,Albatross,legacy_932,22,0,0.0,,0,0,False,False,False,
200,Kaha Janchau,Albatross,legacy_932,35,0,0.0,,0,0,False,False,False,
201,Kahile Kahin,Albatross,legacy_932,18,0,0.0,,0,0,False,False,False,
203,Koshish,Albatross,legacy_932,16,0,0.0,,0,0,False,False,False,
204,Ma Ra Malai,Albatross,site_nepalilyrics.net,25,0,0.0,,0,0,False,False,False,
205,Maa,Albatross,legacy_932,11,0,0.0,,0,0,False,False,False,
206,Manav Nai Danav,Albatross,legacy_932,20,0,0.0,,0,0,False,False,False,
207,Nepali,Albatross,legacy_932,20,0,0.0,,0,0,False,False,False,
209,Raat Ko Rani,Albatross,rupesh_aryal,14,0,0.0,,0,0,False,False,False,
210,Sagar,Albatross,rupesh_aryal,24,0,0.0,,0,0,False,False,False,
211,Shristi Ra Dhrishti,Albatross,site_nepalilyrics.net,28,0,0.0,,0,0,False,False,False,
212,Shristi ra Dristi,Albatross,kaggle_genius,9,0,0.0,,0,0,False,False,False,
213,Suchana! Suchana!! Suchana!!!,Albatross,legacy_932,18,0,0.0,,0,0,False,False,False,
215,Timi Kaha,Alex Dware,legacy_932,20,0,0.0,,0,0,False,False,False,
216,Mahadev Mahadev Shiv Mahadev,"Alina Rayamajhi, Eleena Chauhan, Parbati Shrestha",site_nepalilyrics.net,103,0,0.0,,0,0,False,False,False,
217,Dherai Maya Deyeara,Alish Nepking,legacy_932,24,0,0.0,,0,0,False,False,False,
218,Farkeara na aau,Alish Nepking,legacy_932,20,0,0.0,,0,0,True,False,False,
219,Chhalki Rahecha,Alisha Chinai,site_nepalilyrics.net,22,0,0.0,,0,0,False,False,False,
221,Garo Vo,Almoda Rana Upreti,kaggle_genius,28,0,0.0,,0,0,False,False,False,
222,Kaile Vetne Khai 2 (Nyasro),Almoda Rana Upreti,legacy_932,20,0,0.0,,0,0,False,False,False,
223,Rolia Song (Roila Hannu Parcha),Almoda Rana Upreti,legacy_932,26,0,0.0,,0,0,False,False,False,
226,Changa Chet,Almoda Rana Uprety,site_nepalilyrics.net,44,0,0.0,,0,0,False,False,False,
228,FUNTASTIC (PANI PARYO),Almoda Rana Uprety,rupesh_aryal,50,0,0.0,,0,0,False,False,False,
231,Kaile Vetne Khai,Almoda Rana Uprety,site_nepalilyrics.net,35,0,0.0,,0,0,False,False,False,
233,Kaile Vetne Khai (K Bachaula Khai),Almoda Rana Uprety,rupesh_aryal,26,0,0.0,,0,0,False,False,False,
238,Ma Dur Bhayera,Ambar Gurung,site_nepalilyrics.net,31,0,0.0,,0,0,False,False,False,
239,Ukali Chadhda,Ambar Gurung,site_nepalilyrics.net,32,0,0.0,,0,0,False,False,False,
240,Nau Lakh Taara Udaaye,Amber Gurung,legacy_932,21,0,0.0,,0,0,False,False,False,
241,Anganai Bhari,Amrit Gurung,site_nepalilyrics.net,30,0,0.0,,2,0,False,False,False,
242,Binti Chha Mero,Amrit Gurung,site_nepalilyrics.net,13,0,0.0,,0,0,False,False,False,
243,Tal Ko Pani,Amrit Gurung,site_nepalilyrics.net,14,0,0.0,,0,0,False,False,False,
244,Ja Ja Bhuichalo,Ananda Karki,site_nepalilyrics.net,32,0,0.0,,0,0,False,False,False,
245,Lagcha Mann Herirahu,Ananda Karki,site_nepalilyrics.net,15,0,0.0,,0,0,False,False,False,
246,Parda Pachhadi,Ananda Karki,site_nepalilyrics.net,58,0,0.0,,0,0,False,False,False,
247,Yi Halla Haru Hun,Ananda Karki,site_nepalilyrics.net,18,0,0.0,,0,0,True,False,False,
248,Bhare Auchu Sapanima,"Ananda Karki, Devika Bandana",site_nepalilyrics.net,51,0,0.0,,0,0,False,False,False,
249,Gauchha Geet Nepali,"Ananda Karki, Kunti Moktan, Raju Lama",site_nepalilyrics.net,36,0,0.0,,0,0,False,False,False,
251,Janam Janam Juila,"Ananda Karki, Sunita Subba",site_nepalilyrics.net,66,0,0.0,,0,0,False,False,False,
252,2 GHANTA,Andazification,legacy_932,22,0,0.0,,0,0,False,False,False,
253,Batas Chalyo,Ani Choying Dolma,site_nepalilyrics.net,15,0,0.0,,0,0,False,False,False,
254,Bhagwan Kaha Ma Jaun,Ani Choying Dolma,site_nepalilyrics.net,14,0,0.0,,0,0,False,False,False,
255,Bhagwan Timro,Ani Choying Dolma,site_nepalilyrics.net,25,0,0.0,,0,0,False,False,False,
256,Huncha Malai,Ani Choying Dolma,site_nepalilyrics.net,16,0,0.0,,0,0,False,False,False,
257,Jaya Hos Timro,Ani Choying Dolma,site_nepalilyrics.net,14,0,0.0,,0,0,False,False,False,
258,Muskan,Ani Choying Dolma,site_nepalilyrics.net,20,0,0.0,,0,0,False,False,False,
259,Phool Ko Aankhama,Ani Choying Dolma,site_nepalilyrics.net,22,0,0.0,,0,0,False,False,False,
260,Shanti Lukau Kaha,"Ani Choying Dolma, Ram Krishna Dhakal, Yogeshwar Amatya",site_nepalilyrics.net,43,0,0.0,,0,0,False,False,False,
261,Phoolko Aankhama,Ani Choying Drolma,legacy_932,20,0,0.0,,0,0,False,False,False,
263,Aakashma Lekhe,Anil Singh,site_nepalilyrics.net,25,0,0.0,,0,0,True,True,False,
264,Chahidaina Satai Juni,Anil Singh,site_nepalilyrics.net,21,0,0.0,,0,0,False,False,False,
265,Dina Katchu,Anil Singh,site_nepalilyrics.net,18,0,0.0,,1,0,False,False,False,
266,Dubna Deu,Anil Singh,site_nepalilyrics.net,17,0,0.0,,0,0,False,False,False,
267,I Love You,Anil Singh,site_nepalilyrics.net,12,0,0.0,,0,0,False,False,False,
268,Ma Maya Garchu,Anil Singh,site_nepalilyrics.net,12,0,0.0,,0,0,False,False,False,
269,Maile Jani Sake,Anil Singh,site_nepalilyrics.net,18,0,0.0,,0,0,False,False,False,
270,Pari,Anil Singh,site_nepalilyrics.net,21,0,0.0,,0,0,False,False,False,
271,Prem Patra,Anil Singh,site_nepalilyrics.net,15,0,0.0,,0,0,False,False,False,
273,Priyatama,Anil Singh,site_nepalilyrics.net,13,0,0.0,,0,0,False,False,False,
274,Risayeni,Anil Singh,site_nepalilyrics.net,18,0,0.0,,0,0,False,False,False,
275,Sakchau Bhane,Anil Singh,site_nepalilyrics.net,17,0,0.0,,0,0,False,False,False,
276,Will You Marry Me,Anil Singh,site_nepalilyrics.net,14,0,0.0,,0,0,False,False,False,
277,Chari Laija Samachar,Anjan Babu,site_nepalilyrics.net,43,0,0.0,,0,0,False,False,False,
278,Love Garera Najaa Bhenthe,Anjita Bishwokarma,site_nepalilyrics.net,85,0,0.0,,0,0,False,False,False,
279,Sabai Balekai Tapne,"Anjita Bishwokarma, Arushi Magar",site_nepalilyrics.net,102,0,0.0,,0,0,False,False,False,
280,Dilma Baseko Maya,"Anjita Bishwokarma, Rajesh Adhikari",site_nepalilyrics.net,126,0,0.0,,0,0,False,False,False,
281,Haina Aamai Haina Ma Royeki Chhaina,"Anjita Bishwokarma, Rajesh Adhikari",site_nepalilyrics.net,226,0,0.0,,0,0,True,False,False,
283,Aauchu Bhani Nisthurile,Anju Panta,site_nepalilyrics.net,16,0,0.0,,0,0,False,False,False,
284,Aauchu Bhanyau Sapanima,Anju Panta,site_nepalilyrics.net,7,0,0.0,,0,0,False,False,False,
285,Aja Afnai Chhaya Sanga,Anju Panta,site_nepalilyrics.net,18,0,0.0,,0,0,False,False,False,
286,Andheri Jastai,Anju Panta,site_nepalilyrics.net,19,0,0.0,,0,0,False,False,False,
287,Ausadhi Na Upachara,Anju Panta,site_nepalilyrics.net,6,0,0.0,,0,0,False,False,False,
288,Banma Fulyo Phoolai Phool,Anju Panta,site_nepalilyrics.net,24,0,0.0,,0,0,False,False,False,
289,Basanta Nai Basna Khojcha,Anju Panta,site_nepalilyrics.net,24,0,0.0,,0,0,False,False,False,
290,Bhula Bhayo Bhanu Bhane,Anju Panta,site_nepalilyrics.net,14,0,0.0,,0,0,False,False,False,
292,Chhadi Gayau,Anju Panta,site_nepalilyrics.net,18,0,0.0,,0,0,False,False,False,
293,Dau Laudo Raicha,Anju Panta,site_nepalilyrics.net,12,0,0.0,,0,0,False,False,False,
295,Dui Mutuko Bichhodma,Anju Panta,site_nepalilyrics.net,11,0,0.0,,0,0,False,False,False,
296,Ekohoro Timro Mann,Anju Panta,site_nepalilyrics.net,15,0,0.0,,0,0,False,False,False,
297,Hasna Lai Otha Khole,Anju Panta,site_nepalilyrics.net,15,0,0.0,,0,0,False,False,False,
298,Jasle Jaso Bhane Pani,Anju Panta,site_nepalilyrics.net,16,0,0.0,,0,0,False,False,False,
299,Kasto Milan Bhayo Hamro,Anju Panta,site_nepalilyrics.net,15,0,0.0,,0,0,False,False,False,
300,Ke Bhanau Ra Mero Hajur,Anju Panta,site_nepalilyrics.net,15,0,0.0,,0,0,False,False,False,
301,Kina Diyeu Mann,Anju Panta,site_nepalilyrics.net,15,0,0.0,,0,0,False,False,False,
302,Kina Ho Kina Mann Udi Gayo,Anju Panta,site_nepalilyrics.net,23,0,0.0,,0,0,False,False,False,
305,Maile Harda Timinai Jitchhau,Anju Panta,site_nepalilyrics.net,25,0,0.0,,0,0,False,False,False,
306,Maile Timilai Chahera,Anju Panta,site_nepalilyrics.net,12,0,0.0,,0,0,False,False,False,
307,Malai Basurile Ruwayo,Anju Panta,site_nepalilyrics.net,11,0,0.0,,0,0,False,False,False,
308,Man Huneko Bajar Sasto,Anju Panta,site_nepalilyrics.net,47,0,0.0,,0,0,False,False,False,
309,Mana Milne Manchhe,Anju Panta,site_nepalilyrics.net,10,0,0.0,,0,0,False,False,False,
310,Mann Ma Maya Bhaye Si,Anju Panta,site_nepalilyrics.net,21,0,0.0,,0,0,False,False,False,
311,Marchu Baru Chhatpati Mai,Anju Panta,site_nepalilyrics.net,64,0,0.0,,0,0,False,False,False,
312,Maya Garchu Bhanne Le,Anju Panta,site_nepalilyrics.net,16,0,0.0,,0,0,False,False,False,
313,Mero Khushi Line,Anju Panta,site_nepalilyrics.net,15,0,0.0,,0,0,False,False,False,
314,Mero Mann Ko Dhukdhukima,Anju Panta,site_nepalilyrics.net,10,0,0.0,,0,0,False,False,False,
315,Na Birse Timilai,Anju Panta,site_nepalilyrics.net,40,0,0.0,,0,0,False,False,False,
317,Pal Pal Roye Jindagima,Anju Panta,site_nepalilyrics.net,45,0,0.0,,0,0,False,False,False,
318,Panchhi Bani Timro,Anju Panta,site_nepalilyrics.net,9,0,0.0,,0,0,False,False,False,
319,Parkhai,Anju Panta,rupesh_aryal,34,0,0.0,,0,0,True,False,False,
320,Phool Jastai Bani,Anju Panta,site_nepalilyrics.net,18,0,0.0,,0,0,False,False,False,
321,Phool Jasto Mann,Anju Panta,site_nepalilyrics.net,10,0,0.0,,0,0,False,False,False,
322,Phool Samjhi Hridayama,Anju Panta,site_nepalilyrics.net,17,0,0.0,,0,0,False,False,False,
324,Pida Deuna Malai,Anju Panta,site_nepalilyrics.net,22,0,0.0,,0,0,False,False,False,
325,Saathi Timi Malai,Anju Panta,site_nepalilyrics.net,16,0,0.0,,0,0,False,False,False,
326,Samjhi Samjhi,Anju Panta,site_nepalilyrics.net,6,0,0.0,,0,0,False,False,False,
327,Sangai Jiune Bacha,Anju Panta,site_nepalilyrics.net,19,0,0.0,,0,0,False,False,False,
328,Sansaraka Sara Khushi,Anju Panta,site_nepalilyrics.net,37,0,0.0,,0,0,False,False,False,
329,Satauchha Timro Yaad Le,Anju Panta,site_nepalilyrics.net,12,0,0.0,,0,0,False,False,False,
330,Saune Khola Urlera Aauda,Anju Panta,site_nepalilyrics.net,25,0,0.0,,0,0,False,False,False,
332,Surke Thaili Khai,Anju Panta,site_nepalilyrics.net,34,0,0.0,,0,0,False,False,False,
334,Timile Parai Thane Pachi,Anju Panta,site_nepalilyrics.net,18,0,0.0,,0,0,False,False,False,
335,Tirkha Lagyo Pani Khaye,Anju Panta,site_nepalilyrics.net,21,0,0.0,,0,0,False,False,False,
341,Timro Bahek,Anju Panta and Sanup Poudel,kaggle_genius,24,0,0.0,,0,0,False,False,False,
346,Yesto Euta Katha,"Anju Panta, Manoj Raj",site_nepalilyrics.net,22,0,0.0,,0,0,False,False,False,
348,Mata Alapatrai Parchu,"Anju Panta, Sworup Raj Acharya",site_nepalilyrics.net,28,0,0.0,,0,0,False,False,False,
349,Timi Kasko Hune Hola,"Anju Panta, Sworup Raj Acharya",site_nepalilyrics.net,36,0,0.0,,0,0,False,False,False,
350,Anaginti Aatma,Ankit Shrestha,rupesh_aryal,21,0,0.0,,0,0,False,False,False,
351,Katha,Ankit Shrestha,rupesh_aryal,22,0,0.0,,0,0,False,False,False,
353,Sapanaharu,Ankit Shrestha,rupesh_aryal,25,0,0.0,,0,0,False,False,False,
355,Agar Tu Hota,Ankit Tiwari,itunes,23,0,0.0,,0,0,False,False,False,
356,Alfazon Ki Tarah,Ankit Tiwari,itunes,41,0,0.0,,0,0,False,False,False,
357,Aye Dil,Ankit Tiwari,itunes,28,0,0.0,,0,0,False,False,False,
358,Baarishen,Ankit Tiwari,itunes,23,0,0.0,,0,0,False,False,False,
359,Badtameez,Ankit Tiwari,itunes,54,0,0.0,,0,0,False,False,False,
360,Boond Boond,Ankit Tiwari,itunes,24,0,0.0,,0,0,False,False,False,
361,Dil Darbadar,Ankit Tiwari,itunes,37,0,0.0,,0,0,False,False,False,
362,Galliyan,Ankit Tiwari,itunes,28,0,0.0,,0,0,False,False,False,
363,"Galliyan (From ""Ek Villain"")",Ankit Tiwari,itunes,31,0,0.0,,0,0,False,False,False,
364,"Galliyan Returns (From ""Ek Villain Returns"")",Ankit Tiwari,itunes,33,0,0.0,,0,0,False,False,False,
365,Gawara Nahi,Ankit Tiwari,itunes,26,0,0.0,,0,0,False,False,False,
366,Hanuman Chalisa,Ankit Tiwari,itunes,86,0,0.0,,0,0,True,False,False,
367,Hum Dum,Ankit Tiwari,itunes,29,0,0.0,,0,0,False,False,False,
368,Imaan Tu,Ankit Tiwari,itunes,38,0,0.0,,0,0,False,False,False,
369,Iss Qadar Pyar Hai,Ankit Tiwari,itunes,18,0,0.0,,0,0,False,False,False,
370,Jaaniya,Ankit Tiwari,itunes,30,0,0.0,,0,0,False,False,False,
371,Kaise Bataaye,Ankit Tiwari,itunes,20,0,0.0,,0,0,False,False,False,
372,Main Woh Raat Hoon,Ankit Tiwari,itunes,16,0,0.0,,0,0,False,False,False,
373,Musafir,Ankit Tiwari,itunes,22,0,0.0,,0,0,False,False,False,
374,Phir Na Milen Kabhi,Ankit Tiwari,itunes,39,0,0.0,,0,0,False,False,False,
375,"Phir Na Milen Kabhi (From ""Malang - Unleash the Madness"")",Ankit Tiwari,itunes,37,0,0.0,,0,0,False,False,False,
376,Saajan,Ankit Tiwari,itunes,18,0,0.0,,0,0,False,False,False,
377,Sunn Raha Hai,Ankit Tiwari,itunes,33,0,0.0,,0,0,False,False,False,
378,Sunn Raha Hai Na Tu,Ankit Tiwari,site_nepalilyrics.net,40,0,0.0,,0,0,False,False,False,
379,Tay Hai,Ankit Tiwari,itunes,24,0,0.0,,0,0,False,False,False,
380,Tere Jaane Se,Ankit Tiwari,itunes,24,0,0.0,,0,0,True,False,False,
381,Tu Hai Ki Nahi,Ankit Tiwari,itunes,35,0,0.0,,0,0,False,False,False,
382,Tu Jo Hain,Ankit Tiwari,itunes,41,0,0.0,,0,0,False,False,False,
383,"Tu Jo Hain (From ""Mr. X"")",Ankit Tiwari,itunes,41,0,0.0,,0,0,False,False,False,
384,"Tum Se Hi (Reprise) (From ""Sadak 2"") [feat. Alia Bhatt]",Ankit Tiwari,itunes,13,0,0.0,,0,0,False,False,False,
386,Tum Kya Ho,"Ankit Tiwari, Arijit Singh & Abhendra Upadhyay",itunes,17,0,0.0,,0,0,False,False,False,
387,Dil Dariyan,Ankit Tiwari & Deepali Sathe,itunes,34,0,0.0,,0,0,True,False,False,
388,"Ishq Namazaa (From ""the Big Bull"")",Ankit Tiwari & Gourov Dasgupta,itunes,30,0,0.0,,0,0,False,False,False,
389,Taake Naina,Ankit Tiwari & Jyotica Tangri,itunes,32,0,0.0,,0,0,False,False,False,
390,"Tum Se Hi (From ""Sadak 2"")",Ankit Tiwari & Leena Bose,itunes,18,0,0.0,,0,0,False,False,False,
391,Alif Se,Ankit Tiwari & Neeti Mohan,itunes,30,0,0.0,,0,0,False,False,False,
392,Bandi Tot,Ankit Tiwari & Nikhita Gandhi,itunes,58,0,0.0,,0,0,False,False,False,
393,"Dard - E - Dil (From ""Carvaan Lounge - Season 1"")",Ankit Tiwari & Priyanka Negi,itunes,24,0,0.0,,0,0,False,False,False,
394,"Shaamat (From ""Ek Villain Returns"")",Ankit Tiwari & Tara Sutaria,itunes,22,0,0.0,,0,0,False,False,False,
395,Maili,Ankita Pun,kaggle_genius,22,0,0.0,,0,0,False,False,False,
396,Putali Aau,Ankita Pun,site_nepaligeetlyrics.com,28,0,0.0,,1,1,False,False,False,
397,Purano Baasna,Ankita Pun | Baatuli,site_nepaligeetlyrics.com,22,0,0.0,,1,1,False,False,False,
398,HAJARAW RAHARA by ANMOL GURUNG,Anmol Gurung,site_paankopat.com,55,0,0.0,,1,1,False,False,False,
399,Ranikhet रानी खेत,Anmol Gurung,site_paankopat.com,40,0,0.0,,0,0,False,False,False,
400,Timro Muskan Ley,Anmol Gurung,legacy_932,20,0,0.0,,0,0,False,False,False,
401,Babari Rang,Anmol Gurung & Ashmita Adhikari,legacy_932,26,0,0.0,,0,0,False,False,False,
417,MA JUN TIMI TARA,ANUP TIWARI,kaggle_genius,13,0,0.0,,0,0,False,False,False,
418,Maya Ka Baadal,Anupam Sharma,legacy_932,23,0,0.0,,0,0,False,False,False,
419,Din,Anuprastha,kaggle_genius,37,0,0.0,,0,0,False,False,False,
420,Kanchhi,Anuprastha,legacy_932,14,0,0.0,,0,0,False,False,False,
421,Durga Amritwani,Anuradha Paudwal,site_nepalilyrics.net,39,0,0.0,,0,0,False,False,False,
422,Jai Ganesh Jai Ganesh,Anuradha Paudwal,site_nepalilyrics.net,46,0,0.0,,0,0,False,False,False,
424,Chalchitra,Apurva Tamang,site_paankopat.com,25,0,0.0,,0,0,False,False,False,
425,K Garu,Apurva Tamang,site_nepalilyrics.net,22,0,0.0,,0,0,False,False,False,
426,Mann Ka Bhawana,Apurva Tamang,legacy_932,15,0,0.0,,0,0,False,False,False,
427,Sano,Apurva Tamang,legacy_932,19,0,0.0,,0,0,False,False,False,
428,Sunideu,Apurva Tamang,legacy_932,19,0,0.0,,0,0,False,False,False,
429,Timi Sangai,Apurva Tamang,site_nepaligeetlyrics.com,28,0,0.0,,0,0,False,False,False,
430,Timrai Tira,Apurva Tamang,legacy_932,20,0,0.0,,0,0,False,False,False,
431,Bhatki Sakeko,Araj Keshav,site_nepalilyrics.net,16,0,0.0,,0,0,False,False,False,
432,Feri Pani Timro,Araj Keshav,site_nepalilyrics.net,20,0,0.0,,0,0,False,False,False,
433,Simsime Pani,Araj Keshav,site_nepalilyrics.net,32,0,0.0,,0,0,False,False,False,
434,Yo Saanjh,Araj Keshav,site_nepalilyrics.net,12,0,0.0,,0,0,False,False,False,
436,Tum Hi Ho,Arijit Singh,site_nepalilyrics.net,39,0,0.0,,0,0,False,False,False,
439,Ek Yatra,Arthur Gunn,legacy_932,19,0,0.0,,0,0,False,False,False,
440,Hamro Din,Arthur Gunn,kaggle_genius,34,0,0.0,,0,0,False,False,False,
441,Jalai Mai,Arthur Gunn,legacy_932,20,0,0.0,,0,0,False,False,False,
442,Karnali (The River),Arthur Gunn,legacy_932,16,0,0.0,,0,0,False,False,False,
443,Khoj,Arthur Gunn,legacy_932,24,0,0.0,,0,0,False,False,False,
444,Nyano Ghar,Arthur Gunn,legacy_932,20,0,0.0,,0,0,False,False,False,
445,Pralaya,Arthur Gunn,legacy_932,22,0,0.0,,0,0,False,False,False,
446,Pralaya 'A',Arthur Gunn,legacy_932,18,0,0.0,,0,0,False,False,False,
447,Pralaya 'B',Arthur Gunn,legacy_932,15,0,0.0,,0,0,False,False,False,
448,Samundra Paari,Arthur Gunn,legacy_932,19,0,0.0,,0,0,False,False,False,
449,Teenpatey - Dekhera Timilai,ArtMandu & Sujan Chapagain,legacy_932,27,0,0.0,,8,0,False,False,False,
450,Aankha Ko Nid Khosi Lane,Arun Thapa,site_nepalilyrics.net,23,0,0.0,,0,0,False,False,False,
451,Bhulu Bhulu Lagyo Malai,Arun Thapa,site_nepalilyrics.net,25,0,0.0,,0,0,False,False,False,
452,Chot K Ho,Arun Thapa,site_nepalilyrics.net,11,0,0.0,,0,0,False,False,False,
453,Dosh Kasailai,Arun Thapa,site_nepalilyrics.net,12,0,0.0,,0,0,False,False,False,
455,Lagna Thalyo,Arun Thapa,site_nepalilyrics.net,20,0,0.0,,0,0,False,False,False,
456,Ma Roye Pani,Arun Thapa,site_nepalilyrics.net,9,0,0.0,,0,0,False,False,False,
457,Ritu Haruma Timi,Arun Thapa,site_paankopat.com,29,0,0.0,,0,0,False,False,False,
458,Rituharuma Timi,Arun Thapa,site_nepalilyrics.net,14,0,0.0,,0,0,False,False,False,
459,Saanjha Ko Jun Sangai,Arun Thapa,site_nepalilyrics.net,14,0,0.0,,0,0,False,False,False,
460,Sapana Haru Sabai,Arun Thapa,site_nepalilyrics.net,39,0,0.0,,0,0,False,False,False,
461,Yo Mann Ko K Bhar Huncha,Arun Thapa,site_nepalilyrics.net,15,0,0.0,,0,0,False,False,False,
462,Aakha Haru Le,Aruna Lama,site_nepalilyrics.net,28,0,0.0,,0,0,False,False,False,
463,Aakha Haru Sita Maila,Aruna Lama,site_nepalilyrics.net,24,0,0.0,,0,0,False,False,False,
464,Akashma Eklo Tara,Aruna Lama,site_nepalilyrics.net,29,0,0.0,,0,0,False,False,False,
465,Arule Haneko,Aruna Lama,legacy_932,24,0,0.0,,0,0,False,False,False,
466,Bash Khojdai,Aruna Lama,legacy_932,20,0,0.0,,0,0,False,False,False,
467,Bhetinu Chutinu,Aruna Lama,site_nepalilyrics.net,38,0,0.0,,0,0,False,False,False,
468,Birahale Royeko,Aruna Lama,legacy_932,25,0,0.0,,0,0,False,False,False,
469,Chautari Ma Basera,Aruna Lama,legacy_932,19,0,0.0,,0,0,False,False,False,
470,Chautarima,Aruna Lama,legacy_932,19,0,0.0,,0,0,False,False,False,
471,Chautarima Basera,Aruna Lama,site_nepalilyrics.net,21,0,0.0,,0,0,False,False,False,
472,Eh Kancha,Aruna Lama,site_nepalilyrics.net,14,0,0.0,,0,0,False,False,False,
474,Eklai Basda Sadhai Malai,Aruna Lama,site_nepalilyrics.net,14,0,0.0,,0,0,False,False,False,
475,Hanga Hanga,Aruna Lama,legacy_932,19,0,0.0,,0,0,False,False,False,
476,Hasi Hasi Dekhairahechu,Aruna Lama,site_nepalilyrics.net,49,0,0.0,,0,0,False,False,False,
477,He Kancha,Aruna Lama,rupesh_aryal,19,0,0.0,,0,0,False,False,False,
479,Herana Hera Kancha,Aruna Lama,site_nepalilyrics.net,12,0,0.0,,0,0,False,False,False,
481,Jibanako Harek,Aruna Lama,legacy_932,13,0,0.0,,0,0,False,False,False,
482,Kal Kal Salsal,Aruna Lama,site_nepalilyrics.net,50,0,0.0,,0,0,False,False,False,
483,Khola Ka Tiraima,Aruna Lama,legacy_932,15,0,0.0,,0,0,False,False,False,
484,Laharebar,Aruna Lama,legacy_932,22,0,0.0,,0,0,False,False,False,
485,Ma Aankhaima,Aruna Lama,kaggle_genius,20,0,0.0,,0,0,False,False,False,
486,Ma Aankhama Rakhine,Aruna Lama,rupesh_aryal,21,0,0.0,,0,0,False,False,False,
487,Ma Ta Chup Chap,Aruna Lama,legacy_932,24,0,0.0,,0,0,False,False,False,
488,Ma Timrai Hoon,Aruna Lama,site_nepalilyrics.net,17,0,0.0,,0,0,False,False,False,
489,Maya Timrai Ho,Aruna Lama,site_nepalilyrics.net,36,0,0.0,,0,0,False,False,False,
490,Mero Aankhama,Aruna Lama,legacy_932,21,0,0.0,,0,0,False,False,False,
492,Phoollai Sodhen,Aruna Lama,kaggle_genius,23,0,0.0,,0,0,False,False,False,
493,Pohor Saal,Aruna Lama,site_nepalilyrics.net,36,0,0.0,,0,0,False,False,False,
495,Sabaile Bhanthe,Aruna Lama,rupesh_aryal,17,0,0.0,,0,0,False,False,False,
496,Sanu Maya Mero,Aruna Lama,site_nepalilyrics.net,7,0,0.0,,0,0,False,False,False,
497,Thahai Napai,Aruna Lama,legacy_932,20,0,0.0,,0,0,False,False,False,
498,Thamera kina chhodeu haatharu,Aruna Lama,site_paankopat.com,36,0,0.0,,0,0,False,False,False,
499,Udas Mero,Aruna Lama,legacy_932,18,0,0.0,,0,0,False,False,False,
500,Udash Mero Jeevan,Aruna Lama,legacy_932,18,0,0.0,,0,0,False,False,False,
501,Udi Jaaun Bhane,Aruna Lama,legacy_932,21,0,0.0,,0,0,False,False,False,
502,Udi Jau Bhane,Aruna Lama,site_nepalilyrics.net,19,0,0.0,,0,0,False,False,False,
504,Yaha Ful Na Khile Cha,Aruna Lama,site_nepalilyrics.net,29,0,0.0,,0,0,False,False,False,
505,Yee Aankhama,Aruna Lama,legacy_932,22,0,0.0,,0,0,False,False,False,
506,Yetidherai,Aruna Lama,legacy_932,16,0,0.0,,0,0,False,False,False,
507,Yo Man Mero,Aruna Lama,legacy_932,17,0,0.0,,0,0,False,False,False,
508,Ankha ma timro by Ashtoast,Ash Toast,site_paankopat.com,26,0,0.0,,0,0,False,False,False,
509,Basanta Nai Basna Khojchha,Asha Bhosle,legacy_932,18,0,0.0,,0,0,False,False,False,
510,Diyo Bali Sajhako,Asha Bhosle,site_nepalilyrics.net,36,0,0.0,,0,0,False,False,False,
511,Gairi Khet Ko,Asha Bhosle,site_nepalilyrics.net,36,0,0.0,,0,0,False,False,False,
512,Jhajhalko Liyera Aayecha,Asha Bhosle,site_nepalilyrics.net,15,0,0.0,,0,0,False,False,False,
513,Ma Pyar Bechidinchhu,Asha Bhosle,legacy_932,16,0,0.0,,0,0,False,False,False,
514,Timi Mero Ma Timro,Asha Bhosle,site_nepalilyrics.net,33,0,0.0,,0,0,False,False,False,
515,Sundariko Manma Basne,"Asha Bhosle, Kumar Sanu",site_nepalilyrics.net,69,0,0.0,,0,0,False,False,False,
516,Eh Amma,Asha Bishwokarma,site_nepalilyrics.net,79,0,0.0,,0,0,False,False,False,
517,Putali,Ashish Aviral |Eleena Chauhan,site_nepaligeetlyrics.com,41,0,0.0,,0,0,False,False,False,
518,Kuro Bujhesi,"Ashish Aviral, Melina Rai",site_nepalilyrics.net,88,0,0.0,,1,0,False,False,False,
519,Sunko Tilahari,"Ashish Aviral, Milan Newar",site_nepalilyrics.net,48,0,0.0,,0,0,False,False,False,
520,Cover song nepali sad version,Ashit Ryee sikkimese,legacy_932,28,0,0.0,,0,0,False,False,False,
521,Tyo mann ma,Ashit Ryee sikkimese,legacy_932,5,0,0.0,,0,0,False,False,False,
524,Chori Ta Jwai Sanga Makhkha,"Ashmita Adhikari, Juna Sundas",site_nepalilyrics.net,156,0,0.0,,0,0,False,False,False,
525,Kurirahe Ma,Ashutosh KC,kaggle_genius,28,0,0.0,,0,0,False,False,False,
526,Maya,Ashutosh KC,legacy_932,21,0,0.0,,0,0,False,False,False,
527,Naugedi नौगेडी,Ashutosh KC,site_paankopat.com,39,0,0.0,,0,0,True,False,False,
528,SANNANI,Ashutosh KC,site_paankopat.com,29,0,0.0,,0,0,False,False,False,
530,Thet Pahadi,Asli Sanki,kaggle_genius,96,0,0.0,,0,0,False,False,False,
535,Kale Keta Le काले केटाले Ashmita Adhikari Ashis Abiral,Asmita Adhikari,site_paankopat.com,45,0,0.0,,0,0,False,False,False,
536,Lajjawati Jhar,Asmita Adhikari,site_paankopat.com,51,0,0.0,,0,0,False,False,False,
537,Meso Milayera,Asmita Adhikari,site_paankopat.com,80,0,0.0,,4,2,False,False,False,
540,Khai Ta Haseko?,Asmita Adhikari & Prakash Parajuli,kaggle_genius,108,0,0.0,,0,0,False,False,False,
541,Birsi Deu,Astha Raut,site_nepalilyrics.net,22,0,0.0,,0,0,False,False,False,
542,Chaubandi Ma,Astha Raut,site_nepalilyrics.net,16,0,0.0,,0,0,False,False,False,
543,Chaubandima Patuki,Astha Raut,legacy_932,22,0,0.0,,0,0,False,False,False,
544,Fatyo Ni Maiti Ko Chino,Astha Raut,legacy_932,14,0,0.0,,0,0,False,False,False,
545,Jhumke Bulaki,Astha Raut,kaggle_genius,17,0,0.0,,0,0,False,False,False,
546,Nakaima Fuli,Astha Raut,kaggle_genius,23,0,0.0,,0,0,False,False,False,
548,Bhana,Astha Tamang-Maskey,kaggle_genius,19,0,0.0,,0,0,False,False,False,
549,Bhed,Astha Tamang-Maskey,kaggle_genius,29,0,0.0,,0,0,False,False,False,
550,Bhulisake,Astha Tamang-Maskey,kaggle_genius,29,0,0.0,,0,0,False,False,False,
551,Chhardai Ujelo,Astha Tamang Maskey,site_nepalilyrics.net,21,0,0.0,,0,0,False,False,False,
552,Chodera Najau,Astha Tamang-Maskey,kaggle_genius,26,0,0.0,,0,0,False,False,False,
553,Gotta Be Love,Astha Tamang-Maskey,kaggle_genius,48,0,0.0,,0,0,False,False,False,
554,Harek Saas Sita,Astha Tamang-Maskey,legacy_932,22,0,0.0,,0,0,False,False,False,
555,Jhuto Satya,Astha Tamang-Maskey,kaggle_genius,17,0,0.0,,0,0,False,False,False,
556,Khaali,Astha Tamang-Maskey,kaggle_genius,28,0,0.0,,0,0,False,False,False,
557,Khula Aakash,Astha Tamang-Maskey,kaggle_genius,18,0,0.0,,0,0,False,False,False,
558,Khula Akash,Astha Tamang Maskey,site_nepalilyrics.net,27,0,0.0,,0,0,False,False,False,
559,Ma Ek Sapana,Astha Tamang-Maskey,legacy_932,14,0,0.0,,0,0,False,False,False,
560,Muskuraye,Astha Tamang-Maskey,legacy_932,26,0,0.0,,0,0,False,False,False,
561,Sa Re Ga Ma Pa,Astha Tamang-Maskey,legacy_932,18,0,0.0,,0,0,False,False,False,
562,Sabai Thikai Huncha,Astha Tamang Maskey,site_nepalilyrics.net,26,0,0.0,,0,0,False,False,False,
563,Sabai Thikai Hunchha,Astha Tamang-Maskey,legacy_932,20,0,0.0,,0,0,False,False,False,
564,Shahar,Astha Tamang-Maskey,kaggle_genius,16,0,0.0,,0,0,False,False,False,
565,Timi Bina,Astha Tamang Maskey,site_nepalilyrics.net,20,0,0.0,,0,0,False,False,False,
566,Tihar Song,Axata,legacy_932,39,0,0.0,,0,0,False,False,False,
567,Aalop,Axata Adhikari,site_nepalilyrics.net,27,0,0.0,,0,0,False,False,False,
568,Jhilimili Raatma (Tihar Song),Axata Adhikari,site_nepalilyrics.net,36,0,0.0,,0,0,False,False,False,
569,Ma Sadhai,Axata Adhikari,site_nepalilyrics.net,23,0,0.0,,0,0,False,False,False,
570,Tihar Song,Axata Adhikari,site_nepalilyrics.net,67,0,0.0,,0,0,False,False,False,
572,Adhuro Prem - Axix,Axix,site_paankopat.com,44,0,0.0,,0,0,False,False,False,
576,Adhuro Prem,Axix Band,site_nepalilyrics.net,34,0,0.0,,0,0,False,False,False,
577,Bihan Saberai,Axix Band,site_nepalilyrics.net,26,0,0.0,,0,0,False,False,False,
578,Hey Mori Kali Na Gori,Axix Band,site_nepalilyrics.net,28,0,0.0,,0,0,False,False,False,
579,Malai Maaf Garideu Mayalu,Axix Band,site_nepalilyrics.net,24,0,0.0,,0,0,False,False,False,
580,Mero Prem,Axix Band,site_nepalilyrics.net,22,0,0.0,,0,0,False,False,False,
581,Muskan,Axix Band,site_nepalilyrics.net,24,0,0.0,,1,0,False,False,False,
582,Samjhera Biteka,Axix Band,site_nepalilyrics.net,40,0,0.0,,0,0,False,False,False,
583,Timi Pheri Aauna,Axix Band,site_nepalilyrics.net,25,0,0.0,,0,0,False,False,False,
585,Maya,Ayush Gauchan,legacy_932,25,0,0.0,,0,0,False,False,False,
587,Aago Ho,B-8eight,legacy_932,26,0,0.0,,0,0,False,False,False,
588,Aakhako Bato,B-8eight,legacy_932,20,0,0.0,,0,0,False,False,False,
589,Aashako Kiran Ray of Hope,B-8eight,kaggle_genius,31,0,0.0,,0,0,False,False,False,
590,Alikati,B-8eight,kaggle_genius,73,0,0.0,,0,0,False,False,False,
591,Gada,B-8eight,kaggle_genius,31,0,0.0,,0,0,False,False,False,
592,Halka Halka,B-8eight,legacy_932,22,0,0.0,,0,0,False,False,False,
593,K Yo Maya Ho,B-8eight,legacy_932,25,0,0.0,,0,0,False,False,False,
594,Lau Hida,B-8eight,kaggle_genius,77,0,0.0,,0,0,True,False,False,
595,Mauntama,B-8eight,legacy_932,20,0,0.0,,0,0,False,False,False,
596,Miss Kollywood,B-8eight,legacy_932,28,0,0.0,,0,0,False,False,False,
597,Missing You,B-8eight,legacy_932,20,0,0.0,,0,0,False,False,False,
598,Suna Chadhi,B-8eight,kaggle_genius,73,0,0.0,,0,0,False,False,False,
599,Timro Manma,B-8eight,kaggle_genius,77,0,0.0,,0,0,False,False,False,
600,Thal Ki Bazar,B.K. Samant,kaggle_genius,42,0,0.0,,0,0,False,False,False,
601,Aye Maya,Babin Pradhan,site_nepalilyrics.net,23,0,0.0,,0,0,False,False,False,
602,Gayo Gayo Jawani Gayo,Babin Pradhan,site_nepalilyrics.net,10,0,0.0,,0,0,False,False,False,
603,Ho Timi Nai Chahe,Babin Pradhan,site_nepalilyrics.net,22,0,0.0,,0,0,False,False,False,
604,Jhal Jhali Samjhana,Babin Pradhan,site_nepalilyrics.net,16,0,0.0,,0,0,False,False,False,
605,Jhari Pareko Din,Babin Pradhan,site_nepalilyrics.net,19,0,0.0,,0,0,False,False,False,
606,Mero Sathi Haru Ko Maajh,Babin Pradhan,site_nepalilyrics.net,33,0,0.0,,0,0,False,False,False,
607,Mohani Layo,Babin Pradhan,site_nepalilyrics.net,11,0,0.0,,0,0,False,False,False,
608,Priyesi Ko Maan Jitna,Babin Pradhan,site_nepalilyrics.net,18,0,0.0,,0,0,False,False,False,
609,Samjhanama Timilai,Babin Pradhan,site_nepalilyrics.net,25,0,0.0,,0,0,False,False,False,
610,Tadha Ma Timi Bina,Babin Pradhan,site_nepalilyrics.net,21,0,0.0,,0,0,False,False,False,
611,Bato Pharakilo Thiyo,Babu Bogati,site_nepalilyrics.net,21,0,0.0,,0,0,True,False,False,
612,Jane Mayalu,Babu Bogati,site_nepalilyrics.net,21,0,0.0,,0,0,False,False,False,
613,Pheri Tyo Din,Babu Bogati,site_nepalilyrics.net,23,0,0.0,,0,0,False,False,False,
614,Sannani,Babu Bogati,legacy_932,24,0,0.0,,0,0,True,False,False,
616,Tulsi Aanganma,Babu Bogati,site_nepalilyrics.net,24,0,0.0,,0,0,False,False,False,
621,Tada Tada Janu Cha Sathi,Bacchu Kailash,site_nepalilyrics.net,27,0,0.0,,0,0,False,False,False,
622,Timile Ta Haina,Bacchu Kailash,site_nepalilyrics.net,26,0,0.0,,0,0,False,False,False,
624,Dhururu,Badal Thapa,site_nepalilyrics.net,27,0,0.0,,0,0,False,False,False,
625,Usko doling,Badal Thapa,site_nepalilyrics.net,84,0,0.0,,0,0,False,False,False,
627,Hola At Your Boy,"Badshah, KR$NA & Prajina",legacy_932,16,0,0.0,,0,0,False,False,False,
628,Rastriya Gaan Shreemaan Gambhira,Bakhat Bahadur Budhapirthi,kaggle_genius,9,0,0.0,,0,0,False,False,False,
630,Aam Nepali Buwa,Balen,legacy_932,24,0,0.0,,0,0,False,False,False,
631,Balidan,Balen,legacy_932,37,0,0.0,,0,0,False,False,False,
632,Gorkha Rifle,Balen,kaggle_genius,42,0,0.0,,0,0,False,False,False,
633,Jay Mahakali,Balen,kaggle_genius,52,0,0.0,,0,0,False,False,False,
634,Marpha Ko Madira,Balen,legacy_932,22,0,0.0,,0,0,False,False,False,
635,Nepal Haaseko,Balen,kaggle_genius,48,0,0.0,,0,0,False,False,False,
636,Sadak Baak,Balen,kaggle_genius,48,0,0.0,,0,0,False,False,False,
637,Timi Fool,Balen,kaggle_genius,48,0,0.0,,0,0,False,False,False,
638,Nepal Haseko,Balen | Laaj Sharanam OST,site_nepaligeetlyrics.com,69,0,0.0,,0,0,False,False,False,
639,Jay Mahakaali,"Balen | Swapnil, Chronic Beatz, Foeseal",site_nepaligeetlyrics.com,90,0,0.0,,0,0,False,False,False,
640,Narisau na नरिसाउन,Barsha Karmacharya,site_paankopat.com,19,0,0.0,,0,0,False,False,False,
641,Oh Makka,Barsha Karmacharya,site_paankopat.com,27,0,0.0,,0,0,True,False,False,
642,Aandhii (Sagar Agadi),Bartika Eam Rai,legacy_932,20,0,0.0,,0,0,False,False,False,
643,Aashaa II,Bartika Eam Rai,kaggle_genius,34,0,0.0,,0,0,False,False,False,
644,Ajhai Pani,Bartika Eam Rai,legacy_932,13,0,0.0,,0,0,False,False,False,
645,"Alikati, Timi",Bartika Eam Rai,legacy_932,18,0,0.0,,0,0,False,False,False,
646,Anumati,Bartika Eam Rai,kaggle_genius,28,0,0.0,,2,0,False,False,False,
647,Baaki,Bartika Eam Rai,legacy_932,18,0,0.0,,0,0,False,False,False,
649,Chandrama Na'bhako Raatma Pani (Prologue),Bartika Eam Rai,legacy_932,7,0,0.0,,0,0,False,False,False,
650,Deshnikala,Bartika Eam Rai,legacy_932,19,0,0.0,,0,0,False,False,False,
651,"Farak Parcha, Pardaina?",Bartika Eam Rai,legacy_932,18,0,0.0,,0,0,False,False,False,
652,Ghar Yaadharu,Bartika Eam Rai,kaggle_genius,46,0,0.0,,0,0,False,False,False,
653,Hawaaijahaaj,Bartika Eam Rai,legacy_932,20,0,0.0,,0,0,False,False,False,
654,Holaa,Bartika Eam Rai,rupesh_aryal,25,0,0.0,,1,1,False,False,False,
655,Ityaadi,Bartika Eam Rai,legacy_932,18,0,0.0,,0,0,False,False,False,
656,Jharisangadulchu (Outro / Epilogue),Bartika Eam Rai,legacy_932,15,0,0.0,,0,0,False,False,False,
660,Khushi Timro Laagi,Bartika Eam Rai,kaggle_genius,36,0,0.0,,0,0,False,False,False,
664,Paltan पल्टन,Bartika Eam Rai,kaggle_genius,32,0,0.0,,0,0,False,False,False,
666,Sapanaharu Aankha Kholerai Dekhne Garchau Re?,Bartika Eam Rai,legacy_932,16,0,0.0,,0,0,False,False,False,
667,Shunya,Bartika Eam Rai,kaggle_genius,32,0,0.0,,0,0,False,False,False,
668,Si Ma Na,Bartika Eam Rai,legacy_932,17,0,0.0,,0,0,False,False,False,
669,Sochchau K Mero Bare?,Bartika Eam Rai,legacy_932,22,0,0.0,,0,0,False,False,False,
670,Taadhaa,Bartika Eam Rai,legacy_932,19,0,0.0,,0,0,False,False,False,
671,Taral,Bartika Eam Rai,rupesh_aryal,33,0,0.0,,0,0,False,False,False,
672,"Timi Ra, Ma",Bartika Eam Rai,legacy_932,23,0,0.0,,0,0,False,False,False,
675,Thahacha Timilae,BASANTA,legacy_932,64,0,0.0,,0,0,False,False,False,
677,Arko Juni,Bekcha,kaggle_genius,32,0,0.0,,0,0,False,False,False,
678,Bhaagi Jaaun Timi Ra Ma,Bekcha,legacy_932,21,0,0.0,,0,0,False,False,False,
679,Maaya Dherai Samjhana,Bekcha,legacy_932,22,0,0.0,,0,0,False,False,False,
681,Maya Haaryo Samaaj Jityo,Bekcha,legacy_932,26,0,0.0,,0,0,False,False,False,
682,Nabola Ma Sanga,Bekcha,site_nepalilyrics.net,27,0,0.0,,0,0,False,False,False,
683,Nabola Masanga,Bekcha,legacy_932,23,0,0.0,,0,0,False,False,False,
686,Pardeshi Chadai Farki Aau,Benisha Shankar,site_nepalilyrics.net,19,0,0.0,,0,0,False,False,False,
687,Timi Sanga Mero Nata,Benup Chhetri,site_nepalilyrics.net,34,0,0.0,,0,0,True,False,False,
688,Sath,Beyond & Barsha Karmacharya,kaggle_genius,30,0,0.0,,0,0,False,False,False,
689,Sath,Beyond (Nepal) & Barsha Karmacharya,legacy_932,20,0,0.0,,0,0,False,False,False,
690,Achyutam Keshavam Bhajan,Bhajan,site_paankopat.com,56,0,0.0,,0,0,False,False,False,
691,गायत्री मन्त्रः - ॐ भूर्भुवः स्वः Gayatri Mantra,Bhajan,site_paankopat.com,62,0,0.0,,0,0,False,False,False,
692,Dukhai Dukha Milda Pani,Bhakta Raj Acharya,site_nepalilyrics.net,34,0,0.0,,0,0,False,False,False,
693,Ekdin Maile Prabhu Sanga,Bhakta Raj Acharya,site_nepalilyrics.net,36,0,0.0,,0,0,False,False,False,
694,Hajar Aakha Herne,Bhakta Raj Acharya,site_nepalilyrics.net,24,0,0.0,,0,0,False,False,False,
695,Hajar Sapana Haruko,Bhakta Raj Acharya,site_nepalilyrics.net,21,0,0.0,,0,0,False,False,False,
697,Ma Kahi Katai,Bhakta Raj Acharya,site_nepalilyrics.net,27,0,0.0,,0,0,False,False,False,
698,Mutu Jalirahecha,Bhakta Raj Acharya,site_nepalilyrics.net,20,0,0.0,,0,0,False,False,False,
699,Ram Yehi Chan Shyam Yehi Chan,Bhakta Raj Acharya,site_nepalilyrics.net,36,0,0.0,,0,0,False,False,False,
700,Tan Man Bachan Le,Bhakta Raj Acharya,site_nepalilyrics.net,39,0,0.0,,0,0,False,False,False,
702,Reli Khola Bagara,Bharati Gajamer,legacy_932,18,0,0.0,,0,0,False,False,False,
703,Joon Ta Lagyo Tarale,Bharati Ghimire,site_nepalilyrics.net,30,0,0.0,,0,0,False,False,False,
704,Angalo Angaloma,Bhim Tuladhar,site_nepalilyrics.net,18,0,0.0,,0,0,False,False,False,
706,Isharale Bolaunu Pardaina,Bhupinder Singh,site_nepalilyrics.net,28,0,0.0,,0,0,False,False,False,
707,Iisarale Bolaunu,Bhupinder Singh & Deepa Jha,kaggle_genius,31,0,0.0,,0,0,False,False,False,
708,Pirai Pir (पिरै पिर),Bhupu Pandey,site_nepalilyrics.net,72,0,0.0,,0,0,False,False,False,
710,Mayalu Timi Tadha Bhaedinale,Bhuwan Kc,site_nepalilyrics.net,20,0,0.0,,0,0,False,False,False,
712,Baiguni,Bibash Jk,site_nepalilyrics.net,39,0,0.0,,0,0,False,False,False,
713,Aaja Nachche Meri Gauri,Bidhan Shrestha,site_nepalilyrics.net,14,0,0.0,,0,0,False,False,False,
714,Gyan Bahadur Choro,Bidhan Shrestha,site_nepalilyrics.net,59,0,0.0,,0,0,False,False,False,
715,Jatra Handi Gaun Ma,Bidhan Shrestha,site_nepalilyrics.net,12,0,0.0,,0,0,False,False,False,
716,Kalapani Ma,Bidhan Shrestha,site_nepalilyrics.net,18,0,0.0,,0,0,False,False,False,
717,Kanchi Ko Allare Joban,Bidhan Shrestha,site_nepalilyrics.net,11,0,0.0,,0,0,False,False,False,
718,Soltini Bhani Bolako,Bidhan Shrestha,site_nepalilyrics.net,42,0,0.0,,0,0,False,False,False,
719,Yo Naniko Siraima,Bidhan Shrestha,site_nepalilyrics.net,30,0,0.0,,0,0,False,False,False,
720,Batuwa बटुवा,Bidhya Tiwari,site_paankopat.com,25,0,0.0,,0,0,False,False,False,
721,Teenpatey Dekhera Timilai,Bidhya Tiwari,site_paankopat.com,101,0,0.0,,14,0,False,False,False,
724,BADAL CHUI UDNE,BIKAS RANA,site_paankopat.com,42,0,0.0,,0,0,False,False,False,
726,Aakasha,Bikki Gurung,legacy_932,21,0,0.0,,0,0,False,False,False,
728,Bholi,Bikki Gurung,rupesh_aryal,21,0,0.0,,0,0,False,False,False,
731,Ghampani,Bikki Gurung,legacy_932,21,0,0.0,,0,0,False,False,False,
733,Kewal,Bikki Gurung,rupesh_aryal,22,0,0.0,,0,0,False,False,False,
737,Samjhana,Bikki Gurung,rupesh_aryal,21,0,0.0,,1,1,False,False,False,
738,Yehi Nai Ho K Maya,Bikki Gurung,legacy_932,18,0,0.0,,0,0,False,False,False,
739,Yo Hawalai,Bikki Gurung,site_nepaligeetlyrics.com,41,0,0.0,,0,0,False,False,False,
740,Sayau Dada Katdai,Bikram Baral,kaggle_genius,39,0,0.0,,0,0,False,False,False,
741,Bhadaure Jharile Choli Bhijaune,"Bikram Pariyar, Deepika Bayambhu Magar",site_nepalilyrics.net,152,0,0.0,,0,0,False,False,False,
742,Oh Pyali,Bikyy Karki,legacy_932,23,0,0.0,,0,0,False,False,False,
743,Timi Bata Ma Tadha,Bimal Dangi,site_nepalilyrics.net,41,0,0.0,,0,0,False,False,False,
744,Kanchi Hey Kanchi,Bimala Rai & Prakash Shrestha,legacy_932,26,0,0.0,,0,0,False,False,False,
745,Dhanya Chaw (Nepali Bhajan),Bindu,legacy_932,16,0,0.0,,0,0,False,False,False,
746,Jai Bhola Nath (Nepali Bhajan),Bindu,legacy_932,16,0,0.0,,0,0,False,False,False,
747,Janam Diyew (Nepali Bhajan),Bindu,legacy_932,21,0,0.0,,0,0,False,False,False,
749,Pahilo Number Maa | Chhakka Panja 3 Song,Bindu Pariyar,site_nepalilyrics.net,29,0,0.0,,0,0,False,False,False,
750,Ekal Srot,Binit Shrestha,kaggle_genius,53,0,0.0,,0,0,False,False,False,
751,K cha babes,Binit Shrestha,kaggle_genius,34,0,0.0,,0,0,False,False,False,
752,Timi,Binit Shrestha,kaggle_genius,72,0,0.0,,0,0,True,False,False,
754,Aasar - Bipul Chettri,Bipul Chettri,site_paankopat.com,36,0,0.0,,0,0,False,False,False,
756,Allare Jovan,Bipul Chettri,kaggle_genius,57,0,0.0,,0,0,False,False,False,
757,Asaar,Bipul Chettri,rupesh_aryal,24,0,0.0,,0,0,True,True,False,
758,Bhaans Ghari,Bipul Chettri,legacy_932,16,0,0.0,,0,0,False,False,False,
765,Eh Saathi,Bipul Chettri,site_nepaligeetlyrics.com,25,0,0.0,,0,0,False,False,False,
766,Gahiro Gahiro,Bipul Chettri,rupesh_aryal,25,0,0.0,,0,0,False,False,False,
767,Ghar Salkay Ko Katha,Bipul Chettri,site_nepaligeetlyrics.com,28,0,0.0,,0,0,False,False,False,
770,Kahile Kahi,Bipul Chettri,kaggle_genius,32,0,0.0,,0,0,False,False,False,
771,Katai Uslai,Bipul Chettri,legacy_932,24,0,0.0,,0,0,False,False,False,
772,Mann,Bipul Chettri,kaggle_genius,16,0,0.0,,0,0,False,False,False,
773,Mero Maya,Bipul Chettri,kaggle_genius,28,0,0.0,,0,0,False,False,False,
776,Nau Lakhey Tara,Bipul Chettri,kaggle_genius,26,0,0.0,,0,0,False,False,False,
777,Naya Din,Bipul Chettri,legacy_932,17,0,0.0,,0,0,False,False,False,
779,Neela Akash,Bipul Chettri,legacy_932,19,0,0.0,,0,0,False,False,False,
780,Prakriti,Bipul Chettri,site_nepaligeetlyrics.com,30,0,0.0,,1,1,False,False,False,
781,Rail Garee,Bipul Chettri,kaggle_genius,49,0,0.0,,0,0,False,False,False,
782,Ram Sailee - Ode To My Father,Bipul Chettri,rupesh_aryal,22,0,0.0,,0,0,False,False,False,
784,Samaya,Bipul Chettri,legacy_932,16,0,0.0,,0,0,False,False,False,
785,Samsara,Bipul Chettri,legacy_932,14,0,0.0,,0,0,False,False,False,
787,Siriri,Bipul Chettri,kaggle_genius,24,0,0.0,,0,0,False,False,False,
789,Teesta,Bipul Chettri,legacy_932,30,0,0.0,,0,0,False,False,False,
790,Wildfire (Dadhelo),Bipul Chettri,rupesh_aryal,16,0,0.0,,0,0,False,False,False,
792,Allarey Maya,Bipul Chettry,site_nepalilyrics.net,57,0,0.0,,0,0,False,False,False,
793,Asar,Bipul Chettry,site_nepalilyrics.net,33,0,0.0,,0,0,False,False,False,
794,Deorali Darah,Bipul Chettry,site_nepalilyrics.net,33,0,0.0,,0,0,False,False,False,
795,Kaha Ma Katyo,Bipul Chettry,site_nepalilyrics.net,35,0,0.0,,0,0,False,False,False,
796,Kahiley Kahi,Bipul Chettry,site_nepalilyrics.net,32,0,0.0,,0,0,False,False,False,
797,Mann,Bipul Chettry,site_nepalilyrics.net,28,0,0.0,,0,0,False,False,False,
798,Mero Maya,Bipul Chettry,site_nepalilyrics.net,32,0,0.0,,0,0,False,False,False,
799,Mountain High,Bipul Chettry,site_nepalilyrics.net,23,0,0.0,,0,0,False,False,False,
800,Rail Garee,Bipul Chettry,site_nepalilyrics.net,56,0,0.0,,0,0,False,False,False,
801,Ram Saili,Bipul Chettry,site_nepalilyrics.net,22,0,0.0,,0,0,False,False,False,
802,Siriri,Bipul Chettry,site_nepalilyrics.net,17,0,0.0,,0,0,False,False,False,
803,Syndicate,Bipul Chettry,site_nepalilyrics.net,34,0,0.0,,0,0,False,False,False,
804,Wildfire (Dadhelo),Bipul Chettry,site_nepalilyrics.net,17,0,0.0,,0,0,False,False,False,
805,Wave,Bipul Dahal Janam Rana,legacy_932,21,0,0.0,,0,0,False,False,False,
806,Ma Yastai Xu,Birendra Ghimire,kaggle_genius,56,0,0.0,,0,0,False,False,False,
808,Way To my Heart Nepali poetry,Birendra Ghimire,legacy_932,35,0,0.0,,0,0,True,False,False,
809,Mayalu Malai Singapore Jaau Bhancha,"Birendra Wod, Samikshya Adhikari",site_nepalilyrics.net,96,0,0.0,,0,0,False,False,False,
811,Kina Ho Bhau Khadai Hidne,"Bishal Rayamajhi, Harimaya Rayamajhi, Sarmila Rayamajhi",site_nepalilyrics.net,132,0,0.0,,0,0,False,False,False,
812,Makai Bari Daryam Daryam,Bishal Sony | Sushma Shahi Thakuri,site_nepaligeetlyrics.com,104,0,0.0,,0,0,False,False,False,
813,Lajalu,Bishesh Silwal,legacy_932,17,0,0.0,,0,0,False,False,False,
814,Prayas,Bishesh Silwal,legacy_932,23,0,0.0,,0,0,False,False,False,
815,Ramta Jogi,Bishesh Silwal,legacy_932,16,0,0.0,,0,0,False,False,False,
816,Sapana,Bishesh Silwal,legacy_932,32,0,0.0,,0,0,False,False,False,
817,Charilai Herchhu,Bishnu Majhi,site_nepalilyrics.net,66,0,0.0,,0,0,False,False,False,
818,Yestai Chha Aamai Ghar Baar,Bishnu Majhi,site_nepalilyrics.net,238,0,0.0,,0,0,False,False,False,
820,Jhorle Hajur,"Bishnu Majhi, Babu Krishna Pariyar",site_nepalilyrics.net,100,0,0.0,,0,0,False,False,False,
821,Supari Chamro,Bishnu Majhi & Bimal Raj Chhetri,kaggle_genius,126,0,0.0,,0,0,False,False,False,
822,Abhava,"Bishnu Majhi, Ganesh Adhikari",site_nepalilyrics.net,48,0,0.0,,0,0,False,False,False,
823,Marne Miti,"Bishnu Majhi, Mohan Khadka",site_nepalilyrics.net,36,0,0.0,,0,0,False,False,False,
825,Mayalu,Bishnu Majhi & Rishi Khadka,kaggle_genius,120,0,0.0,,7,0,False,False,False,
826,Pidalu,Bishnu Majhi & Tejash Regmi,kaggle_genius,78,0,0.0,,0,0,False,False,False,
827,Yestai Rahechha Maya,"Bishnu Majhi, Yam Chhetri",site_nepalilyrics.net,96,0,0.0,,0,0,True,False,False,
828,Sailo Ma Charghare,Bishwo Dong,site_nepaligeetlyrics.com,41,0,0.0,,0,0,False,False,False,
829,Hasta Namestey,Bizen,legacy_932,26,0,0.0,,0,0,False,False,False,
834,Timi aja bholi kina boldinau,Blog,site_paankopat.com,28,0,0.0,,0,0,False,False,False,
835,VEK - Syabingo,Blog,site_paankopat.com,50,0,0.0,,0,0,False,False,False,
836,Dark Side of the Sun,Bluesss,legacy_932,25,0,0.0,,0,0,False,False,False,
837,Hami Matrai,Bluesss,legacy_932,9,0,0.0,,0,0,False,False,False,
838,INTRO,Bluesss,legacy_932,15,0,0.0,,0,0,False,False,False,
839,K Bhaako Malai,Bluesss,legacy_932,22,0,0.0,,0,0,False,False,False,
840,La La La La,Bluesss,legacy_932,19,0,0.0,,0,0,False,False,False,
841,La La La La (Remix),Bluesss,legacy_932,28,0,0.0,,0,0,False,False,False,
842,Thamel - (Skit),Bluesss,legacy_932,20,0,0.0,,0,0,False,False,False,
843,Dalli,Brijesh Shrestha,legacy_932,24,0,0.0,,0,0,False,False,False,
845,Farki Aunechu,Brijesh Shrestha,legacy_932,20,0,0.0,,0,0,False,False,False,
846,Hasi Rakhana,Brijesh Shrestha,site_nepalilyrics.net,46,0,0.0,,0,0,False,False,False,
848,Jhuto Maya,Brijesh Shrestha,legacy_932,23,0,0.0,,0,0,False,False,False,
849,Kanchi Hey Kanchi,Brijesh Shrestha,legacy_932,30,0,0.0,,1,0,False,False,False,
850,Ladidadidoo,Brijesh Shrestha,kaggle_genius,60,0,0.0,,0,0,False,False,False,
851,Mutu Mai Basecha,Brijesh Shrestha,site_nepaligeetlyrics.com,28,0,0.0,,0,0,False,False,False,
852,Oh Maicha,Brijesh Shrestha,legacy_932,20,0,0.0,,0,0,False,False,False,
854,Rang,Brijesh Shrestha,kaggle_genius,42,0,0.0,,10,0,False,False,False,
855,Sadhai Sadhai,Brijesh Shrestha,kaggle_genius,36,0,0.0,,0,0,False,False,False,
857,Kich Kich,Brijesh Shrestha & Beyond (Nepal),legacy_932,21,0,0.0,,0,0,False,False,False,
858,Kori Hera,Brijesh Shrestha & Beyond (Nepal),legacy_932,17,0,0.0,,0,0,False,False,False,
859,Chiso Chiso,Brijesh Shrestha & Hakim,site_nepaligeetlyrics.com,35,0,0.0,,0,0,False,False,False,
860,Numbara,"Brijesh Shrestha, S.R.T & Fuba Tamang",site_nepaligeetlyrics.com,50,0,0.0,,0,0,False,False,False,
861,JOGBANI,Brisk timos,legacy_932,24,0,0.0,,0,0,False,False,False,
862,KINA,Brisk timos,legacy_932,22,0,0.0,,0,0,False,False,False,
863,Sahar Jane Kura Sunera,Bro Sis Band,site_paankopat.com,36,0,0.0,,0,0,False,False,False,
864,Basa Sundari,BroSis Band,site_nepalilyrics.net,29,0,0.0,,0,0,False,False,False,
865,China Company,BroSis Band,site_nepalilyrics.net,28,0,0.0,,0,0,False,False,False,
866,Maya Garchu,Bses Slwl I,kaggle_genius,49,0,0.0,,0,0,False,False,False,
867,Meri Aama,Buddha Lama,site_nepalilyrics.net,34,0,0.0,,0,0,False,False,False,
869,Ghas katne khurkera,Buddhi Krishna Lamichhane,site_nepalilyrics.net,57,0,0.0,,0,0,False,False,False,
870,Pidima Basera Meri Aama,Buddhi Krishna Lamichhane,site_nepalilyrics.net,24,0,0.0,,0,0,False,False,False,
871,Timro Ra Mero Mayako Doro,"Buddhi Krishna Lamichhane, Komal Oli",site_nepalilyrics.net,102,0,0.0,,0,0,False,False,False,
872,Timi Hamri Suntali,"Buddhi Krishna Lamichhane, Tanka KC, shiva narayan",site_nepalilyrics.net,48,0,0.0,,0,0,False,False,False,
873,Herda Ramro Machhapuchhre,Buddhi Pariyar,site_paankopat.com,20,0,0.0,,0,0,False,False,False,
875,Sayau Thunga Phoolka Hami (Nepal's National Anthem),Byakul Maila,legacy_932,10,0,0.0,,0,0,False,False,False,
876,I Was Your Superstar,C.O.D. (Crew On Destiny),legacy_932,23,0,0.0,,0,0,False,False,False,
877,Kina Hola,C.O.D. (Crew On Destiny),legacy_932,26,0,0.0,,0,0,False,False,False,
878,Let me (Bhana K garu?),C.O.D. (Crew On Destiny),legacy_932,38,0,0.0,,1,0,False,False,False,
879,Kanchi Mayalu,Cartoonz Crew,site_nepalilyrics.net,56,0,0.0,,0,0,False,False,False,
880,Kathmandu,Catch 22,site_nepalilyrics.net,37,0,0.0,,0,0,False,False,False,
881,Kina Dukhi Chau,Catch 22,site_nepalilyrics.net,19,0,0.0,,0,0,True,False,False,
882,Ojhel,Catch 22,site_nepalilyrics.net,52,0,0.0,,0,0,True,False,False,
885,Gatibidhi,Chakachak,legacy_932,17,0,0.0,,0,0,True,False,False,
887,Bhan Saali Teri Didi Ka Chha (Paschimeli Chelo),Chakra Bam,legacy_932,24,0,0.0,,0,0,False,False,False,
888,Najar Lagali,Chakra Bam,legacy_932,19,0,0.0,,0,0,False,False,False,
891,Biswash,Chhewang Lama,kaggle_genius,22,0,0.0,,0,0,False,False,False,
892,Dashain Tihar,Chhewang Lama,kaggle_genius,18,0,0.0,,0,0,False,False,False,
893,Galti,Chhewang Lama,kaggle_genius,29,0,0.0,,0,0,False,False,False,
896,Jaat by Chhewang Lama,Chhewang Lama,site_paankopat.com,28,0,0.0,,2,2,False,False,False,
897,Jhutho Maya,Chhewang Lama,kaggle_genius,18,0,0.0,,0,0,False,False,False,
899,Lahure,Chhewang Lama,legacy_932,19,0,0.0,,0,0,False,False,False,
900,Lahure 2,Chhewang Lama,legacy_932,17,0,0.0,,0,0,False,False,False,
901,Love Song,Chhewang Lama,kaggle_genius,19,0,0.0,,1,0,False,False,False,
902,Mann Ta Nepali,Chhewang Lama,legacy_932,23,0,0.0,,0,0,False,False,False,
903,Samjhana Timro,Chhewang Lama,kaggle_genius,25,0,0.0,,0,0,False,False,False,
904,Sarara,Chhewang Lama,kaggle_genius,17,0,0.0,,0,0,True,False,False,
905,Timro Mann Ma,Chhewang Lama,kaggle_genius,15,0,0.0,,0,0,False,False,False,
906,Timro Naam,Chhewang Lama,legacy_932,22,0,0.0,,0,0,False,False,False,
907,Timro Yaad,Chhewang Lama,legacy_932,24,0,0.0,,0,0,False,False,False,
908,Ustai Chha Maya,Chhewang Lama,site_paankopat.com,50,0,0.0,,2,1,False,False,False,
909,तिम्रै निम्ति Timrai Nimti by Chhewang Lama,Chhewang Lama,site_paankopat.com,41,0,0.0,,0,0,False,False,False,
911,Asarai Mahina Ma Official,Chhujang Dukpa,site_paankopat.com,60,0,0.0,,0,0,False,False,False,
912,CHUROT (ADHA RAAT MA),Chintu,legacy_932,21,0,0.0,,0,0,False,False,False,
913,5:55 Ek Din,Chirag Khadka,site_nepalilyrics.net,112,0,0.0,,0,0,False,False,False,
914,5:55 Haasa,Chirag Khadka,site_nepalilyrics.net,105,0,0.0,,0,0,False,False,False,
915,5:55 Kaile Ho Kaile,Chirag Khadka,site_nepalilyrics.net,48,0,0.0,,0,0,False,False,False,
916,5:55 : Maya (High Sessions),Chirag Khadka,site_paankopat.com,40,0,0.0,,0,0,False,False,False,
917,5:55- Samadhi,Chirag Khadka,site_paankopat.com,62,0,0.0,,0,0,False,False,False,
921,Budi,Chirag Khadka,site_nepalilyrics.net,44,0,0.0,,0,0,False,False,False,
923,Life Jacket,Chirag Khadka,rupesh_aryal,50,0,0.0,,0,0,False,False,False,
924,Life Jacket 5:55,Chirag Khadka,site_paankopat.com,70,0,0.0,,0,0,False,False,False,
926,Psychedelic Rap,Chirag Khadka,rupesh_aryal,57,0,0.0,,0,0,False,False,False,
929,Stoner Life,Chirag Khadka,rupesh_aryal,47,0,0.0,,0,0,False,False,False,
931,2025 Budi 2,Chirag Khadka 5:55,site_nepaligeetlyrics.com,84,0,0.0,,0,0,False,False,False,
932,Samaya,Chirag Khadka 5:55,site_nepaligeetlyrics.com,63,0,0.0,,0,0,False,False,False,
933,Samjhirakhnu,Chirag Khadka 5:55,site_nepaligeetlyrics.com,49,0,0.0,,0,0,False,False,False,
934,Mero Pyaro Manche,Ciney Gurung,site_nepalilyrics.net,25,0,0.0,,0,0,False,False,False,
935,Samhali Rakhe Maile,Ciney Gurung,site_nepalilyrics.net,36,0,0.0,,0,0,False,False,False,
936,Samjhayeko Matra Priye,Ciney Gurung,site_nepalilyrics.net,38,0,0.0,,0,0,False,False,False,
938,Astitwa,Cobweb,rupesh_aryal,21,0,0.0,,0,0,True,False,False,
939,Eklo Jiwan,Cobweb,site_nepalilyrics.net,25,0,0.0,,0,0,False,False,False,
940,Hidchu Sadhai,Cobweb,site_nepalilyrics.net,25,0,0.0,,0,0,False,False,False,
941,Jay Nepal,Cobweb,site_nepaligeetlyrics.com,78,0,0.0,,0,0,False,False,False,
942,Juine Hodbaji Ma,Cobweb,site_nepalilyrics.net,26,0,0.0,,2,0,False,False,False,
943,Ko hou,Cobweb,rupesh_aryal,26,0,0.0,,0,0,False,False,False,
944,Maryo Ni Maryo,Cobweb,rupesh_aryal,35,0,0.0,,0,0,False,False,False,
945,Maryo Ni Maryo Ni,Cobweb,site_nepalilyrics.net,32,0,0.0,,0,0,False,False,False,
946,Mercedes Benz,Cobweb,rupesh_aryal,22,0,0.0,,0,0,False,False,False,
948,Mero Lagi,Cobweb,rupesh_aryal,24,0,0.0,,0,0,False,False,False,
949,Namaste Namaste,Cobweb,site_nepalilyrics.net,18,0,0.0,,0,0,False,False,False,
950,PHERI (फेरी),Cobweb,rupesh_aryal,34,0,0.0,,0,0,False,False,False,
951,Preet Ko Nasha,Cobweb,site_nepalilyrics.net,15,0,0.0,,0,0,False,False,False,
952,Rock N Roll,Cobweb,site_nepalilyrics.net,6,0,0.0,,0,0,False,False,False,
953,Samaya Ma Ra Maan,Cobweb,site_nepaligeetlyrics.com,28,0,0.0,,0,0,False,False,False,
954,Shatru Ma Afai,Cobweb,site_nepaligeetlyrics.com,36,0,0.0,,1,1,False,False,False,
955,Timro Maya,Cobweb,rupesh_aryal,18,0,0.0,,0,0,False,False,False,
956,Timro Tyo,Cobweb,site_nepalilyrics.net,20,0,0.0,,0,0,False,False,False,
957,Yo Mero Jiwan,Cobweb,site_nepalilyrics.net,33,0,0.0,,0,0,False,False,False,
958,Behoshi,COD,site_nepalilyrics.net,32,0,0.0,,1,0,False,False,False,
959,Bhana K Garu,COD,site_nepalilyrics.net,70,0,0.0,,1,0,True,False,False,
960,Ekanta Cha Thau,COD,site_nepalilyrics.net,31,0,0.0,,0,0,False,False,False,
961,I Was Your Superstar,COD,site_nepalilyrics.net,51,0,0.0,,0,0,False,False,False,
962,Sanjha Ko Bela,COD,site_nepalilyrics.net,43,0,0.0,,0,0,False,False,False,
963,Bolauda Pani Boldinau,Cool Pokhrel,site_nepalilyrics.net,23,0,0.0,,0,0,False,False,False,
964,Hunna Ra,Cool Pokhrel,site_nepalilyrics.net,29,0,0.0,,0,0,False,False,False,
965,Janu Cha Malai,Cool Pokhrel,site_nepalilyrics.net,14,0,0.0,,0,0,False,False,False,
966,Kina Udas Baseki,Cool Pokhrel,site_nepalilyrics.net,36,0,0.0,,0,0,False,False,False,
967,Mata Timilai,Cool Pokhrel,site_nepalilyrics.net,23,0,0.0,,0,0,False,False,False,
968,Nepali Jiwan,Cool Pokhrel,site_nepalilyrics.net,21,0,0.0,,0,0,False,False,False,
969,School,Cool Pokhrel,site_nepalilyrics.net,29,0,0.0,,0,0,False,False,False,
970,Sun Meri Mayalu,Cool Pokhrel,site_nepalilyrics.net,35,0,0.0,,0,0,False,False,False,
971,Yes Pali Dashain Ma,Cool Pokhrel,site_nepalilyrics.net,25,0,0.0,,0,0,False,False,False,
972,Musu Musu Hasideu,"Cover - Aarif Rauf, Anil Rai",site_nepalilyrics.net,52,0,0.0,,0,0,False,False,False,
973,Central Cee Doja REMIX (Nepali Version),Cute Boka,legacy_932,19,0,0.0,,0,0,False,False,False,
974,PUBG Khel (PUBG Song),D'Feign,legacy_932,30,0,0.0,,0,0,False,False,False,
975,Hunde Re,D Morcha,site_nepalilyrics.net,63,0,0.0,,0,0,False,False,False,
976,Jhilke Thito Ma Ta,D Morcha,site_nepalilyrics.net,18,0,0.0,,0,0,False,False,False,
977,Jhyamma Jhyamma,D Morcha,site_nepalilyrics.net,14,0,0.0,,0,0,False,False,False,
978,Jhyammai Chautari,D Morcha,site_nepalilyrics.net,13,0,0.0,,0,0,False,False,False,
979,Tara Khaseuli,D Morcha,site_nepalilyrics.net,84,0,0.0,,0,0,False,False,False,
980,Bhaisi Ladyo,Daisy Baraili,kaggle_genius,29,0,0.0,,0,0,False,False,False,
981,Euta Khulla Kitab,Daisy Baraili,site_nepalilyrics.net,18,0,0.0,,0,0,False,False,False,
982,Ma Adhuro,Damage Glitters,site_nepaligeetlyrics.com,17,0,0.0,,1,1,False,False,False,
983,Oh Priye,Damage Glitters,site_nepaligeetlyrics.com,22,0,0.0,,1,1,False,False,False,
984,Aja Aakashma Euta Tara,Dambar Nepali,site_nepalilyrics.net,32,0,0.0,,0,0,False,False,False,
985,Antim Palta Bhetna,Dambar Nepali,site_nepalilyrics.net,31,0,0.0,,0,0,False,False,False,
986,Bhetna Man Lagcha Timilai,Dambar Nepali,site_nepalilyrics.net,29,0,0.0,,0,0,False,False,False,
987,Bigreko Manche Ma,Dambar Nepali,site_nepalilyrics.net,25,0,0.0,,0,0,False,False,False,
988,K Samjhi Khelyou,Dambar Nepali,site_nepalilyrics.net,38,0,0.0,,0,0,False,False,False,
989,Narou Narou Meri Maya,Dambar Nepali,site_nepalilyrics.net,37,0,0.0,,0,0,False,False,False,
990,Sabai Sathi Gaye,Dambar Nepali,site_nepalilyrics.net,29,0,0.0,,0,0,False,False,False,
991,Tada Nalaijau,Dambar Nepali,site_nepalilyrics.net,16,0,0.0,,0,0,False,False,False,
992,Timro Pauju Bajera,Dambar Nepali,site_nepalilyrics.net,30,0,0.0,,0,0,False,False,False,
993,Chiso Chiso Hawama,Danny Denzongpa,site_nepalilyrics.net,13,0,0.0,,0,0,False,False,False,
994,Hui Bhanda Chiso,Danny Denzongpa,site_nepalilyrics.net,31,0,0.0,,0,0,True,False,False,
995,Jhimkaideu Pareli,Danny Denzongpa,site_nepalilyrics.net,24,0,0.0,,0,0,False,False,False,
996,Kei Chaina Aghi,Danny Denzongpa,site_nepalilyrics.net,33,0,0.0,,1,0,False,False,False,
997,Man Chade Maichyang Lai,Danny Denzongpa,site_nepalilyrics.net,41,0,0.0,,0,0,False,False,False,
998,Man Ko Kura Lai,Danny Denzongpa,site_nepalilyrics.net,16,0,0.0,,0,0,False,False,False,
999,Rato Rani Philejhai,Danny Denzongpa,site_nepalilyrics.net,32,0,0.0,,0,0,False,False,False,
1000,Samaye Panchi Ho,Danny Denzongpa,site_nepalilyrics.net,27,0,0.0,,0,0,False,False,False,
1001,Suna Katha Yuta Geet,Danny Denzongpa,site_nepalilyrics.net,29,0,0.0,,0,0,False,False,False,
1002,Age Age Topai Ko Gola,"Danny Denzongpa, Asha Bhosle",site_nepalilyrics.net,36,0,0.0,,0,0,False,False,False,
1003,Bhadaure Mahina Man Thau Ma Chaina,Darshana Gandhari,site_nepalilyrics.net,56,0,0.0,,0,0,False,False,False,
1007,Aama Aama,Deep Shrestha,site_nepalilyrics.net,25,0,0.0,,0,0,False,False,False,
1008,Adhar Ko Muskan,Deep Shrestha,site_nepalilyrics.net,20,0,0.0,,0,0,False,False,False,
1009,Badal Haruho,Deep Shrestha,site_nepalilyrics.net,23,0,0.0,,0,0,True,False,False,
1010,Biteka Kurale,Deep Shrestha,site_nepalilyrics.net,18,0,0.0,,0,0,False,False,False,
1011,Dinko Ujyaloma,Deep Shrestha,site_nepalilyrics.net,24,0,0.0,,0,0,False,False,False,
1012,Eutai Bato,Deep Shrestha,site_nepalilyrics.net,27,0,0.0,,0,0,False,False,False,
1013,Har Raat Sapanima,Deep Shrestha,site_nepalilyrics.net,38,0,0.0,,0,0,True,False,False,
1014,Hu Yatri Yuta,Deep Shrestha,site_nepalilyrics.net,12,0,0.0,,0,0,False,False,False,
1015,Jhirma Uninu,Deep Shrestha,site_nepalilyrics.net,28,0,0.0,,0,0,False,False,False,
1016,Kahi Katai,Deep Shrestha,site_nepalilyrics.net,20,0,0.0,,0,0,False,False,False,
1017,Kasto Rahecha Jiwan Mero,Deep Shrestha,site_nepalilyrics.net,17,0,0.0,,0,0,False,False,False,
1018,Kati Kamjor,Deep Shrestha,site_nepalilyrics.net,12,0,0.0,,0,0,False,False,False,
1019,Ma Pathar Ko Devta Haina,Deep Shrestha,site_nepalilyrics.net,22,0,0.0,,0,0,False,False,False,
1020,Ma Ta Dur Dekhi Aaye,Deep Shrestha,site_nepalilyrics.net,50,0,0.0,,0,0,False,False,False,
1021,Mata door dekhi ayen,Deep Shrestha,site_nepalilyrics.net,24,0,0.0,,0,0,False,False,False,
1022,Mero Ankha Ma,Deep Shrestha,site_nepalilyrics.net,19,0,0.0,,0,0,False,False,False,
1023,Nashalu Nayan Malai,Deep Shrestha,site_nepalilyrics.net,20,0,0.0,,0,0,False,False,False,
1024,Samjhi Base,Deep Shrestha,site_nepalilyrics.net,11,0,0.0,,0,0,False,False,False,
1025,Timi Aakash Ko Joon,Deep Shrestha,site_nepalilyrics.net,12,0,0.0,,0,0,False,False,False,
1026,झिरमा उनिनु एउटा कुरा,Deep Shrestha,site_nepalilyrics.net,19,0,0.0,,0,0,False,False,False,
1027,Mutuko Dhoka Kholera,"Deep Shrestha, Sophia Shrestha",site_nepalilyrics.net,37,0,0.0,,0,0,False,False,False,
1028,Chiya Barima,Deepa Jha,legacy_932,17,0,0.0,,0,0,False,False,False,
1030,Sapana Hajar,Deepa Narayan Jha,kaggle_genius,29,0,0.0,,0,0,False,False,False,
1031,Udu Udu Jasto Lagha,Deepa Narayan Jha,site_nepalilyrics.net,52,0,0.0,,0,0,False,False,False,
1032,Teejako Rahar Aayo Bari Lai,"Deepa Narayan Jha, Sushma Shrestha",site_nepalilyrics.net,50,0,0.0,,0,0,False,False,False,
1033,Allare,Deepak Bajracharya,site_nepalilyrics.net,16,0,0.0,,0,0,False,False,False,
1034,Andhyaro Ma,Deepak Bajracharya,site_nepalilyrics.net,15,0,0.0,,0,0,False,False,False,
1036,Farkera Aune Chaina,Deepak Bajracharya,site_nepalilyrics.net,16,0,0.0,,0,0,False,False,False,
1037,Kali Kali Hissi Pareki,Deepak Bajracharya,site_nepalilyrics.net,21,0,0.0,,0,0,False,False,False,
1038,Laila,Deepak Bajracharya,site_nepalilyrics.net,13,0,0.0,,0,0,False,False,False,
1039,Man Magan,Deepak Bajracharya,kaggle_genius,21,0,0.0,,0,0,False,False,False,
1040,Mayako Dorile,Deepak Bajracharya,site_nepalilyrics.net,28,0,0.0,,0,0,False,False,False,
1041,Nadukheko Mann,Deepak Bajracharya,site_nepalilyrics.net,19,0,0.0,,0,0,False,False,False,
1042,Oh Amira,Deepak Bajracharya,site_nepalilyrics.net,36,0,0.0,,0,0,False,False,False,
1043,Priya,Deepak Bajracharya,site_nepalilyrics.net,32,0,0.0,,2,0,False,False,False,
1045,Santi,Deepak Bajracharya,site_nepalilyrics.net,15,0,0.0,,0,0,False,False,False,
1046,Hridaya Bhitra,Deepak Gurung,site_nepalilyrics.net,18,0,0.0,,1,0,True,False,False,
1047,Timi Aayou,Deepak Gurung,site_nepalilyrics.net,21,0,0.0,,0,0,False,False,False,
1048,Aba Yo Bato Mero Ho Ki,Deepak Kharel,site_nepalilyrics.net,40,0,0.0,,0,0,False,False,False,
1049,Badal Banai Deu,Deepak Kharel,site_nepalilyrics.net,10,0,0.0,,0,0,False,False,False,
1050,Garu Ki Mitho Bhul,Deepak Kharel,site_nepalilyrics.net,25,0,0.0,,4,0,False,False,False,
1051,Jhari Jhari Barsidai,Deepak Kharel,site_nepalilyrics.net,14,0,0.0,,0,0,False,False,False,
1052,Mero Sansar Timi Nai,Deepak Kharel,site_nepalilyrics.net,13,0,0.0,,0,0,False,False,False,
1053,Mutu Bhari,Deepak Kharel,site_nepalilyrics.net,16,0,0.0,,0,0,False,False,False,
1054,Pratichhya Gara Meri Mayalu,Deepak Kharel,kaggle_genius,24,0,0.0,,0,0,False,False,False,
1055,Pratiksya Gara Meri Mayalu,Deepak Kharel,site_nepalilyrics.net,20,0,0.0,,0,0,False,False,False,
1056,Purnimako Raat Pani,Deepak Kharel,site_nepalilyrics.net,13,0,0.0,,0,0,False,False,False,
1057,Ti Ankhaharu Bhitrako,Deepak Kharel,site_nepalilyrics.net,24,0,0.0,,0,0,False,False,False,
1058,Timro Har Prashnako,Deepak Kharel,site_nepalilyrics.net,20,0,0.0,,0,0,False,False,False,
1059,Timro Tyo Hasilo Muharako,Deepak Kharel,site_nepalilyrics.net,25,0,0.0,,0,0,False,False,False,
1060,Timro Tyo Hasilo Muharko,Deepak Kharel,site_paankopat.com,50,0,0.0,,1,1,False,False,False,
1061,Upekshyako Laharma,Deepak Kharel,site_nepalilyrics.net,20,0,0.0,,0,0,False,False,False,
1062,Yo Karma Bhumi,Deepak Kharel,site_nepalilyrics.net,35,0,0.0,,0,0,False,False,False,
1064,Kasari Bhanu,Deepak Limbu,kaggle_genius,41,0,0.0,,0,0,False,False,False,
1065,Mutu Mageu Timile,Deepak Limbu,legacy_932,38,0,0.0,,2,0,False,False,False,
1067,Bidesh Jane Mayalu,Deepak Thapa,site_nepalilyrics.net,35,0,0.0,,0,0,False,False,False,
1068,Herana Runcha Mana,Deepesh Kishor Bhattarai,site_nepalilyrics.net,14,0,0.0,,0,0,False,False,False,
1069,Hosh Harae Pani Mayalu,Deepesh Kishor Bhattarai,site_nepalilyrics.net,48,0,0.0,,0,0,False,False,False,
1070,Juneli Raatko Shital,Deepesh Kishor Bhattarai,site_nepalilyrics.net,22,0,0.0,,0,0,False,False,False,
1071,Kasari Bhanu Ma,Deepesh Kishor Bhattarai,site_nepalilyrics.net,44,0,0.0,,0,0,False,False,False,
1072,Maya Malai,Deepesh Kishor Bhattarai,site_nepalilyrics.net,22,0,0.0,,0,0,False,False,False,
1073,Timi Jaha Khusi,Deepesh Kishor Bhattarai,site_nepalilyrics.net,33,0,0.0,,0,0,False,False,False,
1074,Timro Samjhanama,Deepesh Kishor Bhattarai,site_nepalilyrics.net,21,0,0.0,,0,0,False,False,False,
1075,Kaski Bhanji Rahechu Ma,Deepika Bayambhu Magar,site_nepalilyrics.net,110,0,0.0,,0,0,False,False,False,
1076,Mero Bya Bha Chaina,Deepika Bayambhu Magar,site_nepalilyrics.net,95,0,0.0,,0,0,False,False,False,
1077,Bahun Baje Kina Kaseko,"Deepika Bayambhu Magar, Khem Century",site_nepalilyrics.net,157,0,0.0,,2,0,False,False,False,
1079,Teenpatey,"Dekhera Timi Lai - Sujan Chapagain, Bidhya Tiwari",site_nepalilyrics.net,47,0,0.0,,8,0,False,False,False,
1084,Teej Aayo Lau Khushi Chhaayo,"Devi Gharti Magar, Buddha Putuwar",site_nepalilyrics.net,105,0,0.0,,0,0,False,False,False,
1085,Chhaina Gunaso,"Devi Gharti Magar, Kulendra Bishwakarma",site_nepalilyrics.net,48,0,0.0,,0,0,False,False,False,
1086,Euta Pardesi Aai,Devika Bandana,site_nepalilyrics.net,23,0,0.0,,0,0,False,False,False,
1087,Yestai Rahecha,Devika Bandana,site_nepalilyrics.net,19,0,0.0,,0,0,False,False,False,
1089,Ajha Madal Bajeko Kina,Dharmaraj Thapa,site_nepalilyrics.net,38,0,0.0,,0,0,False,False,False,
1090,Hariyo Dada Mathi,Dharmaraj Thapa,site_nepalilyrics.net,39,0,0.0,,0,0,False,False,False,
1091,Dandani Aago,Dharmendra Sewan,site_nepalilyrics.net,18,0,0.0,,0,0,False,False,False,
1092,Dekhawati Maya,Dharmendra Sewan,site_nepalilyrics.net,14,0,0.0,,0,0,False,False,False,
1093,Dherai Nai,Dharmendra Sewan,site_nepalilyrics.net,27,0,0.0,,0,0,False,False,False,
1094,Gulab Ko Phool,Dharmendra Sewan,legacy_932,14,0,0.0,,0,0,False,False,False,
1095,Herda Ramro,Dharmendra Sewan,site_nepalilyrics.net,24,0,0.0,,0,0,False,False,False,
1096,Jori Pari Ma,Dharmendra Sewan,site_nepalilyrics.net,35,0,0.0,,0,0,False,False,False,
1097,Khattam Pyar,Dharmendra Sewan,site_nepalilyrics.net,31,0,0.0,,0,0,False,False,False,
1098,Manai Ta Ho,Dharmendra Sewan,site_nepalilyrics.net,16,0,0.0,,0,0,False,False,False,
1099,Maya Marera - Dharmendra Sewan,Dharmendra Sewan,site_paankopat.com,37,0,0.0,,0,0,False,False,False,
1100,Rimi ra jhimi,Dharmendra Sewan,site_paankopat.com,14,0,0.0,,0,0,False,False,False,
1102,Buddha Was Born In Nepal,Dhiraj Rai,site_nepalilyrics.net,21,0,0.0,,0,0,False,False,False,
1103,Himal Najhuke Samma,Dhiraj Rai,site_nepalilyrics.net,26,0,0.0,,0,0,True,False,False,
1104,Jaau Samau Ti Haat,Dhiraj Rai,site_nepalilyrics.net,31,0,0.0,,0,0,False,False,False,
1105,Luki Luki,Dhiraj Rai,site_nepalilyrics.net,35,0,0.0,,0,0,False,False,False,
1106,Luki Luki Aankha Timi,Dhiraj Rai,site_paankopat.com,18,0,0.0,,0,0,False,False,False,
1107,Mysterious Girl,Dhiraj Rai,site_nepalilyrics.net,24,0,0.0,,0,0,False,False,False,
1108,Soi Dhole Soi,Dhiraj Rai,site_nepalilyrics.net,18,0,0.0,,0,0,False,False,False,
1109,Timi Ruda,Dhiraj Rai,site_nepalilyrics.net,24,0,0.0,,0,0,False,False,False,
1110,Timra Nayan,Dhiraj Rai,site_nepalilyrics.net,29,0,0.0,,0,0,False,False,False,
1111,Aadha Mann,Dhoje,site_paankopat.com,24,0,0.0,,0,0,False,False,False,
1112,Mayalu Hajar Hunchan,Dhruba KC,site_nepalilyrics.net,31,0,0.0,,0,0,False,False,False,
1113,Timro Maya Kagajko,Dhruba KC,site_nepalilyrics.net,24,0,0.0,,0,0,False,False,False,
1115,Birano,Dibesh Pokharel,site_nepaligeetlyrics.com,20,0,0.0,,0,0,False,False,False,
1117,Juni Juni Lai,Dibesh Pokharel,site_nepaligeetlyrics.com,22,0,0.0,,0,0,False,False,False,
1118,K Garu Bhanana,Dibesh Pokharel,site_nepaligeetlyrics.com,20,0,0.0,,0,0,False,False,False,
1121,Nyano Ghar - Dibesh Pokharel / Arthur Gunn Official,Dibesh Pokharel,site_paankopat.com,32,0,0.0,,0,0,False,False,False,
1123,Samundra Paari,Dibesh Pokharel,rupesh_aryal,20,0,0.0,,0,0,False,False,False,
1124,Swadesh,Dibesh Pokharel,site_nepaligeetlyrics.com,23,0,0.0,,0,0,False,False,False,
1125,Pariwartan,Dibya Subba,site_nepalilyrics.net,24,0,0.0,,0,0,False,False,False,
1126,Kalo Keshma Reli Mai,Dinesh Dhakal,site_paankopat.com,26,0,0.0,,0,0,False,False,False,
1127,Kalo Keshma Relimai,Dinesh Dhakal,site_nepalilyrics.net,49,0,0.0,,0,0,False,False,False,
1129,Dhalkyo Dhalkyo,Dipak Limbu,site_nepalilyrics.net,38,0,0.0,,0,0,False,False,False,
1130,Euta Phool K Magu,Dipak Limbu,site_nepalilyrics.net,40,0,0.0,,3,0,False,False,False,
1131,Hey Maya Dui Kinar,Dipak Limbu,site_nepalilyrics.net,22,0,0.0,,0,0,False,False,False,
1132,Junko Jyoti,Dipak Limbu,site_nepalilyrics.net,18,0,0.0,,0,0,False,False,False,
1133,Khulaudai Othama Lali,Dipak Limbu,site_nepalilyrics.net,24,0,0.0,,0,0,False,False,False,
1134,Kina Kina Tarsiyera,Dipak Limbu,site_nepalilyrics.net,32,0,0.0,,0,0,False,False,False,
1135,Ma Jalera Kharani,Dipak Limbu,site_nepalilyrics.net,14,0,0.0,,0,0,True,False,False,
1136,Ma Jalera Kharani Bhaye,Dipak Limbu,site_nepalilyrics.net,18,0,0.0,,0,0,False,False,False,
1137,Magera Paune Bhaye,Dipak Limbu,site_nepalilyrics.net,24,0,0.0,,0,0,False,False,False,
1138,Maile K Galti Gare,Dipak Limbu,site_nepalilyrics.net,21,0,0.0,,0,0,False,False,False,
1139,Maile Maya Garna,Dipak Limbu,site_nepalilyrics.net,23,0,0.0,,0,0,False,False,False,
1140,Maile Tei Bhayera Manparako,Dipak Limbu,site_nepalilyrics.net,42,0,0.0,,0,0,False,False,False,
1141,Meri Priye,Dipak Limbu,site_nepalilyrics.net,33,0,0.0,,0,0,False,False,False,
1142,Mero Kalpana Ma Aaja,Dipak Limbu,site_nepalilyrics.net,74,0,0.0,,0,0,False,False,False,
1143,Mutu Magyou Timile,Dipak Limbu,site_nepalilyrics.net,15,0,0.0,,0,0,False,False,False,
1144,Simple Simple Kanchhiko,Dipak Limbu,site_nepalilyrics.net,46,0,0.0,,0,0,False,False,False,
1145,Timro Mero Sambandhako,Dipak Limbu,site_nepalilyrics.net,52,0,0.0,,0,0,True,False,False,
1146,Timro Mero Sambhandako,Dipak Limbu,site_nepalilyrics.net,13,0,0.0,,0,0,False,False,False,
1149,Stay Open Remix - Nepal,Diplo,kaggle_genius,54,0,0.0,,0,0,False,False,False,
1150,Haami Aayou,Diwas Gurung,rupesh_aryal,26,0,0.0,,0,0,False,False,False,
1151,Kati Baschau Maiti Kai,Diwas Gurung,legacy_932,18,0,0.0,,0,0,False,False,False,
1152,Maachi Kadaile,Diwas Gurung,rupesh_aryal,30,0,0.0,,0,0,False,False,False,
1153,Mai Runchu,Diwas Gurung,rupesh_aryal,18,0,0.0,,0,0,True,False,False,
1155,Jeevan,Dixita Karki,rupesh_aryal,37,0,0.0,,0,0,False,False,False,
1158,Timi Aaune Bato Ma,Diz Raj,site_nepalilyrics.net,32,0,0.0,,0,0,False,False,False,
1159,City Breathing,DJ Bishow,legacy_932,26,0,0.0,,0,0,False,False,False,
1160,K Huncha Bhanera,DJ Bishow,legacy_932,19,0,0.0,,0,0,False,False,False,
1161,Nazar Dine Meri Mayalu,DM Boots,site_nepalilyrics.net,20,0,0.0,,0,0,False,False,False,
1162,Pratikchya Garna,DM Boots,site_nepalilyrics.net,23,0,0.0,,0,0,False,False,False,
1163,Bhet Bhayo Jogale,Dmarcha,site_nepaligeetlyrics.com,32,0,0.0,,0,0,False,False,False,
1164,Bhana K,Doleck,kaggle_genius,28,0,0.0,,0,0,False,False,False,
1165,Jhareko Yo Aansu,Doleck,legacy_932,19,0,0.0,,0,0,False,False,False,
1166,Maya Ma Aye,Doleck,legacy_932,20,0,0.0,,0,0,False,False,False,
1167,Oh Timi,Doleck,kaggle_genius,34,0,0.0,,0,0,False,False,False,
1168,Timrai Nai Ho,Doleck,legacy_932,17,0,0.0,,0,0,False,False,False,
1170,Dona Anthem,Dona Thapa,site_nepaligeetlyrics.com,52,0,0.0,,0,0,False,False,False,
1171,Man Bigari Nanile,Dona Thapa,site_nepalilyrics.net,104,0,0.0,,0,0,False,False,False,
1172,Rato Sari laki chau,Dona Thapa,site_nepalilyrics.net,47,0,0.0,,0,0,False,False,False,
1173,Tarema Jeu,Dona Thapa Magar & Sunita Thegim,site_nepaligeetlyrics.com,50,0,0.0,,0,0,False,False,False,
1174,A Hoi Bhani Bolako,Dr Pilot,site_nepalilyrics.net,32,0,0.0,,0,0,False,False,False,
1175,Hey Hajur,Dr Pilot,site_nepalilyrics.net,35,0,0.0,,0,0,False,False,False,
1176,Maya Timi Bideshai Huda,Dr Pilot,site_nepalilyrics.net,23,0,0.0,,0,0,False,False,False,
1177,Sarkari Jagira,Dr Pilot,site_nepalilyrics.net,23,0,0.0,,0,0,False,False,False,
1178,Timro Mero Bhet,Dr Pilot,site_nepalilyrics.net,21,0,0.0,,0,0,False,False,False,
1179,Timilai Maya garchu R&B Nepali love songs 2019 (RP BEATS),Dt Stork,legacy_932,40,0,0.0,,0,0,False,False,False,
1180,Nach Nach Bhai Nach,Duregsh Thapa | Rajesh Payal Rai | Vyoma | Barsha Itani,site_nepaligeetlyrics.com,83,0,0.0,,0,0,False,False,False,
1181,Bicha Bichama 2 (Euta Photo Khich),Durgesh Thapa,legacy_932,18,0,0.0,,0,0,False,False,False,
1182,Dusman Hereko Herai,Durgesh Thapa,legacy_932,18,0,0.0,,0,0,False,False,False,
1183,Raato Saari Laaki Chhau Naachna Ready Bha Ki Chau,Durgesh Thapa,site_nepalilyrics.net,100,0,0.0,,0,0,False,False,False,
1185,Keto Hereko Herai,"Durgesh Thapa, Ananda Karki",site_nepalilyrics.net,64,0,0.0,,0,0,False,False,False,
1186,Dusman Hereko Herai,"Durgesh Thapa, Ananda Karki, Eleena Chauhan & Samikshya Adhikari",site_nepaligeetlyrics.com,47,0,0.0,,0,0,False,False,False,
1187,Nach Nach Bhai Nach,"Durgesh Thapa, Rajesh Payal Rai",site_nepalilyrics.net,93,0,0.0,,0,0,False,False,False,
1188,Dusman Hereko Herei,"Durgesh Thapa, Samikshya Adhikari, Ananda Karki",site_nepalilyrics.net,64,0,0.0,,0,0,False,False,False,
1189,Jane Bhaye Jam Maya,Durgesh Thapa | Sisan Baniya | ALHAJI GERO,site_nepaligeetlyrics.com,63,0,0.0,,0,0,False,False,False,
1190,Bicha Bichama 7,Durgesh Thapa | Teej Song,site_nepaligeetlyrics.com,108,0,0.0,,0,0,False,False,False,
1191,Badha Parun Jati nai,Dwarika Lal Joshi,site_nepalilyrics.net,23,0,0.0,,0,0,False,False,False,
1192,Maiti Ghar Timro Hoina,Dwarika Lal Joshi,site_nepalilyrics.net,24,0,0.0,,0,0,False,False,False,
1193,90's Kid,Ease is Easy,legacy_932,24,0,0.0,,0,0,False,False,False,
1194,Bandhi (AAGO🔥),Ease is Easy,legacy_932,80,0,0.0,,0,0,False,False,False,
1195,Believe In Myself,Ease is Easy,legacy_932,24,0,0.0,,0,0,False,False,False,
1196,Chains Change,Ease is Easy,legacy_932,21,0,0.0,,0,0,False,False,False,
1197,Haraayau,Ease is Easy,legacy_932,23,0,0.0,,0,0,False,False,False,
1198,Hate Garne Lai,Ease is Easy,legacy_932,24,0,0.0,,0,0,False,False,False,
1199,Sacar Padhikari,Ease is Easy,legacy_932,26,0,0.0,,0,0,False,False,False,
1200,Simrik,Ease is Easy,legacy_932,49,0,0.0,,0,0,False,False,False,
1201,Udaan,Ease is Easy,legacy_932,24,0,0.0,,0,0,False,False,False,
1202,Malai Mera Ma,Easy Is Easy,kaggle_genius,74,0,0.0,,0,0,False,False,False,
1203,Juna Ko Chayama,Echoes Valley,kaggle_genius,19,0,0.0,,0,0,False,False,False,
1204,Meri Mayalu,Echoes Valley,kaggle_genius,24,0,0.0,,0,0,False,False,False,
1205,Nilo Nilo,Echoes Valley,kaggle_genius,30,0,0.0,,0,0,False,False,False,
1206,Short finite of it all (Nepali Version),Eddison Patterson,legacy_932,22,0,0.0,,0,0,False,False,False,
1207,Banda Ankhama,Edge Band,site_nepalilyrics.net,24,0,0.0,,0,0,False,False,False,
1208,Dukha Diyera,Edge Band,site_nepalilyrics.net,27,0,0.0,,0,0,False,False,False,
1209,Jhuto Maya,Edge Band,site_nepalilyrics.net,39,0,0.0,,0,0,False,False,False,
1210,Juinalai Garo Bho,Edge Band,site_nepalilyrics.net,22,0,0.0,,0,0,False,False,False,
1211,Kalai Pani Ma,Edge Band,site_nepalilyrics.net,20,0,0.0,,0,0,False,False,False,
1212,Kasari Kaha,Edge Band,site_nepalilyrics.net,28,0,0.0,,0,0,False,False,False,
1213,Khusi Dekhchu Timi Aja,Edge Band,site_nepalilyrics.net,25,0,0.0,,0,0,False,False,False,
1214,Lekhiyeka Sabda,Edge Band,site_nepalilyrics.net,27,0,0.0,,0,0,False,False,False,
1215,Mero Anshu,Edge Band,site_nepalilyrics.net,22,0,0.0,,0,0,False,False,False,
1216,Mero Prayash,Edge Band,site_nepalilyrics.net,20,0,0.0,,0,0,True,False,False,
1217,Nabhuli Deu Timi,Edge Band,site_nepalilyrics.net,23,0,0.0,,0,0,False,False,False,
1218,Nachaheko Haina,Edge Band,site_nepalilyrics.net,26,0,0.0,,0,0,False,False,False,
1219,Nachodnu Yo Saath,Edge Band,site_nepalilyrics.net,34,0,0.0,,0,0,False,False,False,
1220,O Suna Maya,Edge Band,site_nepalilyrics.net,28,0,0.0,,0,0,False,False,False,
1221,Oh Suna Maya,Edge Band,site_nepalilyrics.net,25,0,0.0,,0,0,False,False,False,
1222,Samjhine Mutu,Edge Band,site_nepalilyrics.net,12,0,0.0,,0,0,False,False,False,
1223,Thaha Chaina,Edge Band,site_nepalilyrics.net,35,0,0.0,,0,0,False,False,False,
1224,Timro Yaad,Edge Band,site_nepalilyrics.net,18,0,0.0,,0,0,False,False,False,
1225,Yo Dil Mero,Edge Band,site_nepalilyrics.net,24,0,0.0,,0,0,False,False,False,
1226,Aa Hai,Ekdev Limbu,legacy_932,21,0,0.0,,0,0,False,False,False,
1228,Aankha Aankha Bichma,Ekdev Limbu,site_nepaligeetlyrics.com,22,0,0.0,,0,0,False,False,False,
1229,Aankha Ma Aaune Sapani,Ekdev Limbu,legacy_932,22,0,0.0,,0,0,False,False,False,
1231,Bahana बहाना,Ekdev Limbu,site_paankopat.com,20,0,0.0,,0,0,False,False,False,
1232,Fijeko Kesh फिँजेको केशमा,Ekdev Limbu,site_paankopat.com,44,0,0.0,,0,0,False,False,False,
1233,Gajal Tiki गाजल-टिकी,Ekdev Limbu,site_paankopat.com,24,0,0.0,,0,0,False,False,False,
1234,Jhim Jhimaune Aankha,Ekdev Limbu,site_nepaligeetlyrics.com,42,0,0.0,,0,0,False,False,False,
1235,Kya Ramri,Ekdev Limbu,kaggle_genius,60,0,0.0,,0,0,False,False,False,
1236,Mana Ko Haal,Ekdev Limbu,site_nepaligeetlyrics.com,40,0,0.0,,0,0,False,False,False,
1237,Sirful 2,Ekdev Limbu,site_nepalilyrics.net,42,0,0.0,,0,0,False,False,False,
1239,Thaha Nai cha,Ekdev Limbu,site_paankopat.com,21,0,0.0,,0,0,False,False,False,
1240,Vanana,Ekdev Limbu,legacy_932,32,0,0.0,,0,0,False,False,False,
1241,Timro Muskan,Ekdev Limbu | Samir Shrestha,site_nepaligeetlyrics.com,41,0,0.0,,0,0,False,False,False,
1242,Lau Kanchi,Ekdev Limbu & Sunita Thegim,legacy_932,21,0,0.0,,0,0,False,False,False,
1246,Kina Gareu Ghat,Eleena Chauhan,site_paankopat.com,37,0,0.0,,0,0,False,False,False,
1253,Chhutyo Pirima,Eleena Chauhan Breakup Party Song,site_nepaligeetlyrics.com,61,0,0.0,,0,0,False,False,False,
1255,Kurai Khallas,"Eleena Chauhan, Krishna Reule & Reshma Pun",site_nepaligeetlyrics.com,101,0,0.0,,0,0,False,False,False,
1257,0 To 100 (Nepali Remix,Emikid,legacy_932,18,0,0.0,,0,0,False,False,False,
1258,Galti Mero Chaina,ETHOS,site_nepalilyrics.net,31,0,0.0,,0,0,False,False,False,
1259,Gori Aau Sanu Aau,ETHOS,site_nepalilyrics.net,34,0,0.0,,0,0,False,False,False,
1260,Pida Diyou Mutuma,ETHOS,site_nepalilyrics.net,20,0,0.0,,4,0,False,False,False,
1261,Timi Aayou Mero Jivanama,ETHOS,site_nepalilyrics.net,53,0,0.0,,0,0,False,False,False,
1262,Timilai Chahisake Maile,ETHOS,site_nepalilyrics.net,40,0,0.0,,0,0,False,False,False,
1263,Tolai Baschu Ma,ETHOS,site_nepalilyrics.net,57,0,0.0,,0,0,False,False,False,
1265,Yesai Gari Bitai Dinchu,Evergreen Nepali Song,site_paankopat.com,13,0,0.0,,0,0,False,False,False,
1266,Exonex_Black Spot,Exonex,kaggle_genius,62,0,0.0,,0,0,False,False,False,
1267,Herai Basai,Extended - Yabesh Thapa,site_nepalilyrics.net,34,0,0.0,,0,0,False,False,False,
1268,GOIN CRAZYY,Eyezy,legacy_932,20,0,0.0,,0,0,False,False,False,
1269,Adam feat. Humnava,Fareed Ayaz & Abu Muhammad,kaggle_genius,83,0,0.0,,0,0,False,False,False,
1270,Mayalu 2 By Bikram Baral,Featured,site_paankopat.com,33,0,0.0,,0,0,False,False,False,
1271,2025 Feri Jaalma,Feri Resham Filili,site_nepaligeetlyrics.com,61,0,0.0,,8,0,False,False,False,
1276,फूल Phool ऊनको स्वीटर,Film Song,site_paankopat.com,85,0,0.0,,0,0,False,False,False,
1277,Find Myself Again,Foeseal,legacy_932,19,0,0.0,,0,0,False,False,False,
1278,Bhagera Kaha Janchau,Fuba Tamang,site_nepalilyrics.net,27,0,0.0,,0,0,False,False,False,
1279,Dami,Fuba Tamang,legacy_932,25,0,0.0,,0,0,False,False,False,
1280,K Timi Malai,Fuba Tamang,legacy_932,25,0,0.0,,0,0,False,False,False,
1281,Maya Ma Yestai,Fuba Tamang,legacy_932,19,0,0.0,,4,0,False,False,False,
1283,Para Para,Fuba Tamang,site_nepaligeetlyrics.com,47,0,0.0,,0,0,False,False,False,
1284,Vagera Kaha,Fuba Tamang,legacy_932,25,0,0.0,,0,0,False,False,False,
1286,Sujan Chapagain,Gala Pukka - Ma Fakauchu Bhanera Hola,site_paankopat.com,39,0,0.0,,0,0,False,False,False,
1287,Malai Huikyayo Dilli Ko Basaile,"Ganesh Adhikari, Shanti Shree Pariyar",site_nepalilyrics.net,142,0,0.0,,0,0,False,False,False,
1288,Lukichhipi Kina Mayama,Ganesh Senchuri,kaggle_genius,21,0,0.0,,0,0,False,False,False,
1289,Purbai Ramailo,"Gaurav Darpan, Shristy Hingmang",site_nepalilyrics.net,70,0,0.0,,0,0,False,False,False,
1291,Astha Tamang-Maskey - Sa Re Ga Ma Pa (English Translation),Genius English Translations,legacy_932,23,0,0.0,,0,0,False,False,False,
1292,Rachana Dahal - Soch (English Translation),Genius English Translations,legacy_932,20,0,0.0,,0,0,False,False,False,
1293,Samriddhi Rai - Akanksha (English Translation),Genius English Translations,legacy_932,18,0,0.0,,0,0,False,False,False,
1294,Shashwot Khadka - Batash (English Translation),Genius English Translations,legacy_932,17,0,0.0,,0,0,False,False,False,
1295,Uniq Poet - Kaalo 2.0 (English Translation),Genius English Translations,legacy_932,30,0,0.0,,0,0,False,False,False,
1296,Emerge - Maicha,Genius Nepali Translations (नेपाली आनुवाद),legacy_932,22,0,0.0,,0,0,False,False,False,
1297,OH MY GIRL - 살짝 설렜어 (Nonstop),Genius Nepali Translations (नेपाली आनुवाद),legacy_932,23,0,0.0,,0,0,False,False,False,
1298,ROSÉ - Gone,Genius Nepali Translations (नेपाली आनुवाद),legacy_932,25,0,0.0,,0,0,False,False,False,
1299,ROSÉ - On The Ground,Genius Nepali Translations (नेपाली आनुवाद),legacy_932,20,0,0.0,,0,0,False,False,False,
1300,Sybyr - A,Genius Nepali Translations (नेपाली आनुवाद),legacy_932,36,0,0.0,,0,0,False,False,False,
1301,いきものがかり (Ikimonogakari) - ブルーバード (Blue Bird),Genius Nepali Translations (नेपाली आनुवाद),legacy_932,19,0,0.0,,0,0,False,False,False,
1302,"A. R. Rahman, Farah Siraj & Ani Choying Drolma - Zariya",Genius Romanizations,legacy_932,21,0,0.0,,1,0,False,False,False,
1303,Albatross - Bhool,Genius Romanizations,legacy_932,20,0,0.0,,0,0,False,False,False,
1304,Alex Dware - Timi Kaha,Genius Romanizations,legacy_932,19,0,0.0,,0,0,False,False,False,
1305,Apurva Tamang - Sano,Genius Romanizations,legacy_932,19,0,0.0,,0,0,False,False,False,
1306,Apurva Tamang - Timrai Tira,Genius Romanizations,legacy_932,18,0,0.0,,0,0,False,False,False,
1307,Aruna Lama - Himal Sari,Genius Romanizations,legacy_932,18,0,0.0,,0,0,False,False,False,
1308,Aruna Lama - Ma Aankhaima,Genius Romanizations,legacy_932,20,0,0.0,,0,0,False,False,False,
1309,Aruna Lama - Pohor Saal Khusi,Genius Romanizations,legacy_932,20,0,0.0,,0,0,False,False,False,
1310,Aruna Lama - Sabeile Bhanthe,Genius Romanizations,legacy_932,16,0,0.0,,0,0,False,False,False,
1311,Aruna Lama - Udas Mero,Genius Romanizations,legacy_932,18,0,0.0,,0,0,False,False,False,
1312,Aruna Lama - Udi Jaaun Bhane,Genius Romanizations,legacy_932,21,0,0.0,,0,0,False,False,False,
1313,Axix - Adhuro Prem,Genius Romanizations,legacy_932,18,0,0.0,,0,0,False,False,False,
1314,Ayush Gauchan - Maya,Genius Romanizations,legacy_932,20,0,0.0,,0,0,False,False,False,
1315,B-8eight - Aakhako Bato,Genius Romanizations,legacy_932,19,0,0.0,,0,0,False,False,False,
1316,B-8eight - Alikati,Genius Romanizations,legacy_932,36,0,0.0,,0,0,False,False,False,
1317,B-8eight - Halka Halka (Romanization),Genius Romanizations,legacy_932,25,0,0.0,,0,0,False,False,False,
1318,B-8eight - K Yo Maya Ho,Genius Romanizations,legacy_932,21,0,0.0,,0,0,False,False,False,
1319,Bartika Eam Rai - Deshnikala,Genius Romanizations,legacy_932,19,0,0.0,,0,0,False,False,False,
1320,Bartika Eam Rai - Kaalpanik / Maayajastai,Genius Romanizations,legacy_932,22,0,0.0,,1,0,False,False,False,
1321,Bekcha - Nabola Masanga,Genius Romanizations,legacy_932,23,0,0.0,,0,0,False,False,False,
1322,Bhag Bhag Na De Aba Dherai Dhak,Genius Romanizations,legacy_932,20,0,0.0,,0,0,False,False,False,
1323,Bikki Gurung - Aakasha,Genius Romanizations,legacy_932,18,0,0.0,,0,0,False,False,False,
1324,Bikki Gurung - Bholi,Genius Romanizations,legacy_932,21,0,0.0,,0,0,False,False,False,
1325,Bikki Gurung - Ghampani,Genius Romanizations,legacy_932,22,0,0.0,,0,0,False,False,False,
1326,Bikki Gurung - Kewal,Genius Romanizations,legacy_932,20,0,0.0,,0,0,False,False,False,
1327,Bikki Gurung - Marijau2,Genius Romanizations,legacy_932,18,0,0.0,,0,0,False,False,False,
1328,Bikki Gurung - Samjhana,Genius Romanizations,legacy_932,20,0,0.0,,0,0,False,False,False,
1329,Bikki Gurung - Yehi Nai Ho K Maya,Genius Romanizations,legacy_932,24,0,0.0,,0,0,False,False,False,
1330,Bizen - Hasta Namestey,Genius Romanizations,legacy_932,25,0,0.0,,0,0,True,False,False,
1331,Bluesss - La La La La (Remix) (ft. Lil Buddha & VTEN),Genius Romanizations,legacy_932,32,0,0.0,,2,0,False,False,False,
1332,Chhewang Lama - Lahure,Genius Romanizations,legacy_932,19,0,0.0,,0,0,False,False,False,
1333,Chirag Khadka - Aago Ko Jhilko,Genius Romanizations,legacy_932,29,0,0.0,,0,0,False,False,False,
1334,Chirag Khadka - Life Jacket,Genius Romanizations,legacy_932,37,0,0.0,,0,0,False,False,False,
1335,Chirag Khadka - Samadhi,Genius Romanizations,legacy_932,102,0,0.0,,0,0,False,False,False,
1336,Chirag Khadka - Stoner Life,Genius Romanizations,legacy_932,23,0,0.0,,0,0,False,False,False,
1337,"DJ Bishow - Aattinchey ft. Yabesh Thapa, VEK & Bizen",Genius Romanizations,legacy_932,28,0,0.0,,0,0,False,False,False,
1338,Fuba Tamang - Maya Ma Yestai,Genius Romanizations,legacy_932,25,0,0.0,,4,0,False,False,False,
1339,Fuba Tamang - Vagera kaha Feat. Finjo Sherpa,Genius Romanizations,legacy_932,26,0,0.0,,0,0,False,False,False,
1340,Hennie Baker - Kei Na Kei,Genius Romanizations,legacy_932,18,0,0.0,,0,0,False,False,False,
1341,Hennie Baker - Sadhai Bhari,Genius Romanizations,legacy_932,27,0,0.0,,0,0,False,False,False,
1342,Hennie Baker - Thakisake,Genius Romanizations,legacy_932,23,0,0.0,,0,0,False,False,False,
1343,Honey Budhathoki - This is Lit,Genius Romanizations,legacy_932,32,0,0.0,,0,0,False,False,False,
1344,Ishan Raj Onta - Jindagi Ko Gaadi,Genius Romanizations,legacy_932,21,0,0.0,,0,0,False,False,False,
1345,Jay Author feat. Aizen - Maichang,Genius Romanizations,legacy_932,26,0,0.0,,0,0,False,False,False,
1346,Kewal,Genius Romanizations,legacy_932,21,0,0.0,,0,0,False,False,False,
1347,Luckey - Indradhanush,Genius Romanizations,legacy_932,18,0,0.0,,0,0,False,False,False,
1348,Luckey - Timro Yaad Aaucha,Genius Romanizations,legacy_932,22,0,0.0,,0,0,False,False,False,
1349,Mahesh Kafle (Feat. Melina Rai) - Nacha Firiri,Genius Romanizations,legacy_932,22,0,0.0,,0,0,False,False,False,
1350,Mahesh Kafle & Melina Rai - Maya Birani [Romanized],Genius Romanizations,legacy_932,26,0,0.0,,0,0,False,False,False,
1351,Mantra Band - Sadhai Sadhai (Romanization),Genius Romanizations,legacy_932,22,0,0.0,,0,0,False,False,False,
1352,Mc Flo - Sadak Batti,Genius Romanizations,legacy_932,24,0,0.0,,0,0,False,False,False,
1353,Mc Flo - Sunita,Genius Romanizations,legacy_932,44,0,0.0,,0,0,False,False,False,
1354,Monkey Temple - Sangai Bachauna,Genius Romanizations,legacy_932,21,0,0.0,,0,0,False,False,False,
1355,Mr.D - Wild,Genius Romanizations,legacy_932,27,0,0.0,,0,0,False,False,False,
1356,Neetesh Jung Kunwar - Didi Bahini,Genius Romanizations,legacy_932,22,0,0.0,,0,0,False,False,False,
1357,Neetesh Jung Kunwar - Kantipur Nagari,Genius Romanizations,legacy_932,23,0,0.0,,0,0,False,False,False,
1358,Neetesh Jung Kunwar - Khulera Dallai ft. Clean Bandit,Genius Romanizations,legacy_932,19,0,0.0,,0,0,False,False,False,
1359,Neetesh Jung Kunwar - Prashna,Genius Romanizations,legacy_932,39,0,0.0,,0,0,False,False,False,
1360,Neetesh Jung Kunwar - Samhalirakha,Genius Romanizations,legacy_932,20,0,0.0,,0,0,False,False,False,
1361,Nishan Bhattarai & Eleena Chauhan - K Maya Lagchha Ra [Romanized],Genius Romanizations,legacy_932,21,0,0.0,,0,0,False,False,False,
1362,Oasis Thapa - Juni Vari Lai (Romanzied),Genius Romanizations,legacy_932,18,0,0.0,,0,0,False,False,False,
1363,Rachana Dahal - Soch,Genius Romanizations,legacy_932,20,0,0.0,,0,0,False,False,False,
1364,Raila Roka - Nepali Ho Ft. Vten,Genius Romanizations,legacy_932,41,0,0.0,,0,0,False,False,False,
1365,Sabin Rai - Timi Nai Hau [Romanized],Genius Romanizations,legacy_932,25,0,0.0,,2,0,True,True,False,
1366,Sajjan Raj Vaidya - Chitthi Bhitra,Genius Romanizations,legacy_932,23,0,0.0,,0,0,False,False,False,
1367,Sajjan Raj Vaidya - Ek Sarvanaam,Genius Romanizations,legacy_932,24,0,0.0,,0,0,False,False,False,
1368,Sajjan Raj Vaidya - Kuraakaani,Genius Romanizations,legacy_932,17,0,0.0,,0,0,False,False,False,
1369,Sajjan Raj Vaidya - Naganya Maya,Genius Romanizations,legacy_932,26,0,0.0,,5,0,False,False,False,
1370,Sajjan Raj Vaidya - Parkhaai,Genius Romanizations,legacy_932,22,0,0.0,,0,0,False,False,False,
1371,Sajjan Raj Vaidya - Phutki Jaaney Jovan,Genius Romanizations,legacy_932,17,0,0.0,,0,0,False,False,False,
1372,Sajjan Raj Vaidya - Sukumbaasi,Genius Romanizations,legacy_932,17,0,0.0,,0,0,False,False,False,
1373,Samriddhi Rai - Akanksha,Genius Romanizations,legacy_932,18,0,0.0,,0,0,False,False,False,
1374,Samriddhi Rai - Ma Dami Chhu,Genius Romanizations,legacy_932,22,0,0.0,,0,0,False,False,False,
1375,Sanjeev Singh - Subash Timro,Genius Romanizations,legacy_932,20,0,0.0,,0,0,False,False,False,
1376,Suresh Kumar Chhetri - Maya Khai Kasle Bujhyo,Genius Romanizations,legacy_932,18,0,0.0,,0,0,False,False,False,
1377,Sushant KC - Aama,Genius Romanizations,legacy_932,18,0,0.0,,0,0,False,False,False,
1378,Sushant KC - Fakauna Ma,Genius Romanizations,legacy_932,20,0,0.0,,0,0,False,False,False,
1379,Sushant KC - Kaha Jau,Genius Romanizations,legacy_932,23,0,0.0,,0,0,False,False,False,
1380,Sushant KC - Mausam ft. Yodda,Genius Romanizations,legacy_932,32,0,0.0,,1,0,False,False,False,
1381,Sushant KC - Timile,Genius Romanizations,legacy_932,23,0,0.0,,0,0,False,False,False,
1382,The Axe - Lukna Deu,Genius Romanizations,legacy_932,24,0,0.0,,0,0,False,False,False,
1383,The Edge Band - Nachaheko Hoina Timilai,Genius Romanizations,legacy_932,20,0,0.0,,0,0,False,False,False,
1384,Tribal Rain - Sahara,Genius Romanizations,legacy_932,14,0,0.0,,0,0,False,False,False,
1385,Tunna Bell Thapa - Hola Nahola,Genius Romanizations,legacy_932,24,0,0.0,,0,0,False,False,False,
1386,Uniq Poet - Kaam (Romanzation),Genius Romanizations,legacy_932,26,0,0.0,,0,0,False,False,False,
1387,Uniq Poet - Mero Desh Birami,Genius Romanizations,legacy_932,26,0,0.0,,0,0,False,False,False,
1388,Varsha Thapa - Adhuro,Genius Romanizations,legacy_932,20,0,0.0,,0,0,False,False,False,
1389,Varsha Thapa - Maaya,Genius Romanizations,legacy_932,20,0,0.0,,0,0,False,False,False,
1390,Vek & Yabesh Thapa - Mayalu,Genius Romanizations,legacy_932,22,0,0.0,,0,0,False,False,False,
1391,VTEN - CRMNL,Genius Romanizations,legacy_932,30,0,0.0,,0,0,False,False,False,
1392,VTEN - CYPHER,Genius Romanizations,legacy_932,35,0,0.0,,0,0,False,False,False,
1393,VTEN ft. Young Lama - Dolla Bill,Genius Romanizations,legacy_932,25,0,0.0,,0,0,False,False,False,
1394,VTEN - Halkhabar,Genius Romanizations,legacy_932,28,0,0.0,,0,0,False,False,False,
1395,Vten - Simsime Paani,Genius Romanizations,legacy_932,23,0,0.0,,0,0,False,False,False,
1396,VTEN - Thaa Chaina,Genius Romanizations,legacy_932,29,0,0.0,,0,0,False,False,False,
1397,VTEN - Yestai Ta Ho Ni Bro,Genius Romanizations,legacy_932,25,0,0.0,,0,0,False,False,False,
1398,Xorem Chen Tamang feat. Gracy Thapa - Bhijla Hai Pareli,Genius Romanizations,legacy_932,18,0,0.0,,0,0,False,False,False,
1399,Yabesh Thapa - Ae Mutu Ft. Zeroo,Genius Romanizations,legacy_932,23,0,0.0,,0,0,False,False,False,
1400,Yabesh Thapa - Bhawanaa,Genius Romanizations,legacy_932,30,0,0.0,,0,0,False,False,False,
1401,Yabesh Thapa - Jhari,Genius Romanizations,legacy_932,26,0,0.0,,0,0,False,False,False,
1402,"Yabesh Thapa - Saacho Kura Ft. Zeroo, Easi 12 & Dong",Genius Romanizations,legacy_932,31,0,0.0,,0,0,False,False,False,
1403,Yam Baral - Aba Chot Harule Piroldaina Malai,Genius Romanizations,legacy_932,14,0,0.0,,0,0,False,False,False,
1404,How to Add Songs to Genius (Nepal),Genius South Asia,legacy_932,81,0,0.0,,0,0,False,False,False,
1406,OH MY GIRL - 살짝 설렜어 Nonstop नेपाली आनुवाद/Nepali Translation,Genius Translations,kaggle_genius,80,0,0.0,,0,0,False,False,False,
1407,ROSÉ - Gone नेपाली आनुवाद/Nepali Translation,Genius Translations,kaggle_genius,58,0,0.0,,0,0,False,False,False,
1408,ROSÉ - On The Ground नेपाली आनुवाद/Nepali Translation,Genius Translations,kaggle_genius,55,0,0.0,,0,0,False,False,False,
1413,Lolayaka Ti Thula,Ghulam Ali,rupesh_aryal,20,0,0.0,,0,0,False,False,False,
1416,Come Back To My Life,Girish N Pranil,site_nepalilyrics.net,66,0,0.0,,0,0,False,False,False,
1417,Hami Dherai Sana Chau,Girish N Pranil,site_nepalilyrics.net,134,0,0.0,,0,0,False,False,False,
1418,Ma Yesto Chu,Girish N Pranil,site_nepalilyrics.net,90,0,0.0,,0,0,False,False,False,
1419,Malai Vote Deu,Girish N Pranil,site_nepalilyrics.net,69,0,0.0,,0,0,False,False,False,
1422,Ramko Pani Maya Shyam Ko Pani Maya,Gopal Vasista,site_nepalilyrics.net,36,0,0.0,,0,0,False,False,False,
1424,Baneko Cha Paharale,Gopal Yonzon,site_nepalilyrics.net,23,0,0.0,,0,0,False,False,False,
1425,Deshle Ragat Mage,Gopal Yonzon,site_nepalilyrics.net,47,0,0.0,,0,0,False,False,False,
1426,Mata Timro Ghanashyam,Gopal Yonzon,site_nepalilyrics.net,19,0,0.0,,0,0,False,False,False,
1427,Paschim Kohi Purba Ghar,Gopal Yonzon,site_nepalilyrics.net,49,0,0.0,,0,0,False,False,False,
1428,Yeti Chokho Yeti Mitho,Gopal Yonzon,site_nepalilyrics.net,13,0,0.0,,0,0,False,False,False,
1429,Mero Pauma,"Gopal Yonzon, Mira Rana",site_nepalilyrics.net,17,0,0.0,,0,0,False,False,False,
1430,Walking Firiri,Gorkhali Takma,legacy_932,18,0,0.0,,0,0,False,False,False,
1431,"Jack Straw (Live At Philadelphia Civic Center, Philadelphia, PA, August 4-5, 1974)",Grateful Dead,itunes,50,0,0.0,,0,0,False,False,False,
1432,"Playing In the Band (Live At Philadelphia Civic Center, Philadelphia, PA, August 4-5, 1974)",Grateful Dead,itunes,31,0,0.0,,0,0,False,False,False,
1433,Gajalu Ti,Gulam Ali Khan,site_nepalilyrics.net,35,0,0.0,,0,0,False,False,False,
1434,K Cha Ra Deiu,Gulam Ali Khan,site_nepalilyrics.net,15,0,0.0,,0,0,False,False,False,
1435,Kina Kina Timro Tasbir,Gulam Ali Khan,site_nepalilyrics.net,17,0,0.0,,0,0,False,False,False,
1436,Lolayeka Ti Thula,Gulam Ali Khan,site_nepalilyrics.net,20,0,0.0,,0,0,False,False,False,
1437,Man Bhitra K Chha,Gulam Ali Khan,site_nepalilyrics.net,15,0,0.0,,0,0,False,False,False,
1438,Soon Haraye Tai,Gulam Ali Khan,site_nepalilyrics.net,28,0,0.0,,0,0,False,False,False,
1439,If You Were Mine,GXSOUL,site_nepalilyrics.net,64,0,0.0,,0,0,False,False,False,
1440,K Garna Sakchu?,GXSOUL,legacy_932,27,0,0.0,,0,0,False,False,False,
1442,Mitho Sapana,GXSOUL,rupesh_aryal,64,0,0.0,,0,0,False,False,False,
1443,Raat Vari ft. C.O.D,GXSOUL,site_nepalilyrics.net,90,0,0.0,,0,0,False,False,False,
1445,Satayera Fakaune Bani,GXSOUL,site_nepalilyrics.net,57,0,0.0,,0,0,False,False,False,
1447,Maya Pritiko Choko Khata,Gyanu Rana,site_nepalilyrics.net,41,0,0.0,,1,0,False,False,False,
1448,Siri Ma Siri Ni Kancha,Gyanu Rana,site_nepalilyrics.net,26,0,0.0,,0,0,False,False,False,
1449,Paan Ko Paat,"Gyanu Rana, Bam Bahadur Karki",site_nepalilyrics.net,94,0,0.0,,0,0,False,False,False,
1450,Bhijyo Timro Rato,"Gyanu Rana, Basudev Munal, Pandav Sunuwar",site_nepalilyrics.net,40,0,0.0,,0,0,False,False,False,
1451,Jay Jay Ganesh,"Gyanu Rana, Jujukaji Ranjit",site_nepalilyrics.net,88,0,0.0,,0,0,False,False,False,
1452,Bhijyo Timro Rato Pachheuri,"Gyanu Rana, Pandav Sunuwar",site_nepalilyrics.net,48,0,0.0,,0,0,False,False,False,
1453,"Nehas, čo ťa nepáli",H16,legacy_932,51,0,0.0,,0,0,False,False,False,
1454,Daisyडेजी,HABXRYM,kaggle_genius,8,0,0.0,,0,0,False,False,False,
1455,Mera Bhola Hai Bhandari,"Hansraj Raghuwanshi, Suresh Verma",site_nepalilyrics.net,73,0,0.0,,0,0,False,False,False,
1456,Gau gaau bata utha,HARI BANSA ACHARYA,site_paankopat.com,26,0,0.0,,1,1,False,False,False,
1457,Hamri Aama Sarai nai Bathi Hari Bansa Acharya,HARI BANSA ACHARYA,site_paankopat.com,58,0,0.0,,0,0,False,False,False,
1458,Hamri Ama Sarai Nai,Hari Bansha Acharya,site_nepalilyrics.net,56,0,0.0,,0,0,False,False,False,
1459,KAULI Song,Hari Bansha Acharya,site_paankopat.com,43,0,0.0,,0,0,False,False,False,
1460,Note Note,"Hari Bansha Acharya, Sashi Rawal",site_nepalilyrics.net,78,0,0.0,,0,0,False,False,False,
1461,Barabar Timro Mero Maya,"Hari Bansha Acharya, Sukmit Gurung",site_nepalilyrics.net,37,0,0.0,,0,0,False,False,False,
1462,Chanchale Chanchale Gandaki,"Hari Bansha Acharya, Sukmit Gurung",site_nepalilyrics.net,57,0,0.0,,0,0,False,False,False,
1464,Paina Khabara,Hari Devi Koirala,site_paankopat.com,37,0,0.0,,0,0,False,False,False,
1466,Hanuman Chalisa,Hariharan,kaggle_genius,13,0,0.0,,0,0,False,False,False,
1467,Ankha Ko Nani Hau Timi,Harish Mathema,site_nepalilyrics.net,19,0,0.0,,0,0,False,False,False,
1468,Kaha Timro Mayalulai,Harish Mathema,site_nepalilyrics.net,20,0,0.0,,0,0,False,False,False,
1469,Lekali Hey Choyako Doko,Harish Mathema,site_nepalilyrics.net,20,0,0.0,,0,0,True,True,False,
1470,Swopnil Rangama,Harish Mathema,site_nepalilyrics.net,42,0,0.0,,0,0,False,False,False,
1474,Chhoyo Chhoyo Mayale,Hemant Sharma,site_nepalilyrics.net,25,0,0.0,,0,0,False,False,False,
1475,Jali Rumal,Hemant Sharma,site_nepalilyrics.net,27,0,0.0,,0,0,False,False,False,
1476,Ke Maya Garnu Hunna Ra,Hemant Sharma,site_nepalilyrics.net,31,0,0.0,,0,0,False,False,False,
1477,Maya Sarhai Mahango,Hemant Sharma,site_nepalilyrics.net,25,0,0.0,,0,0,False,False,False,
1478,Maya ta Yesto Hos,Hemant Sharma,site_nepalilyrics.net,20,0,0.0,,0,0,False,False,False,
1479,Mul Hau Bhane,Hemant Sharma,site_nepalilyrics.net,29,0,0.0,,0,0,False,False,False,
1480,THAPANA THAPA HATAIMA,Hemant Sharma,kaggle_genius,22,0,0.0,,0,0,False,False,False,
1481,Numbari Sun Ho Ni ma ta,Hemant Sharma and shantishree pariyar,site_nepaligeetlyrics.com,125,0,0.0,,9,1,False,False,False,
1482,Basna Binako,Hemanta Rana,site_nepalilyrics.net,22,0,0.0,,0,0,False,False,False,
1484,Dubo Phulyo,Hemanta Rana,legacy_932,26,0,0.0,,0,0,False,False,False,
1485,K Bhanu Timilai,Hemanta Rana,site_nepalilyrics.net,17,0,0.0,,0,0,False,False,False,
1486,Laija Re,Hemanta Rana,site_nepalilyrics.net,29,0,0.0,,0,0,False,False,False,
1487,Maya Lagdaina Aaba,Hemanta Rana,kaggle_genius,23,0,0.0,,0,0,False,False,False,
1488,Maya Lagdaina Aba,Hemanta Rana,site_nepalilyrics.net,14,0,0.0,,0,0,False,False,False,
1489,Maya Lagdaina Aba Female,Hemanta Rana,kaggle_genius,16,0,0.0,,0,0,False,False,False,
1490,Paap Punya Kasle Garyo,Hemanta Rana,site_nepalilyrics.net,22,0,0.0,,0,0,False,False,False,
1491,Paap Punye,Hemanta Rana,site_nepalilyrics.net,18,0,0.0,,0,0,False,False,False,
1492,Puranai Cha Bato,Hemanta Rana,site_nepalilyrics.net,21,0,0.0,,0,0,False,False,False,
1493,Raat Ki Rani,Hemanta Rana,site_nepalilyrics.net,22,0,0.0,,0,0,False,False,False,
1494,Saili,Hemanta Rana,legacy_932,18,0,0.0,,0,0,False,False,False,
1495,Saiyou Juni Bhanda,Hemanta Rana,site_nepalilyrics.net,33,0,0.0,,0,0,False,False,False,
1496,Sikka Ko Dui Pato,Hemanta Rana,site_nepalilyrics.net,25,0,0.0,,0,0,True,False,False,
1497,Timro Ek Mitho Muskan,Hemanta Rana,site_nepalilyrics.net,31,0,0.0,,0,0,False,False,False,
1499,MUL HAU BHANE,Hemanta Sharma,site_paankopat.com,32,0,0.0,,0,0,False,False,False,
1501,Nidharama Larkayera,Hemlata,site_nepalilyrics.net,36,0,0.0,,0,0,False,False,False,
1502,Kei Na Kei,Hennie Baker,kaggle_genius,49,0,0.0,,0,0,False,False,False,
1503,Sadhai Bhari,Hennie Baker,legacy_932,26,0,0.0,,0,0,False,False,False,
1504,Thakisake,Hennie Baker,kaggle_genius,35,0,0.0,,0,0,False,False,False,
1505,K Yo Maya Ho,Hercules Basnet,kaggle_genius,26,0,0.0,,0,0,False,False,False,
1506,Maya Sansar,Hercules Basnet,site_nepalilyrics.net,20,0,0.0,,3,0,False,False,False,
1507,Udayo Hawale,Hercules Basnet,kaggle_genius,13,0,0.0,,0,0,False,False,False,
1510,Kafalko Dana,Himal Sagar,legacy_932,22,0,0.0,,0,0,False,False,False,
1511,Mero Man Ma Aago,Himal Sagar,site_nepalilyrics.net,28,0,0.0,,0,0,True,True,False,
1518,कहाँ तिम्रो मायालु लाई । kaha timro mayalu lai,Himalayan Band,site_paankopat.com,51,0,0.0,,0,0,False,False,False,
1519,BUJHIDEU - Samir Ft. Mahiya,Himanshu,site_paankopat.com,18,0,0.0,,0,0,False,False,False,
1520,Dhoom Dhaam,"Himesh Reshammiya, Ankit Tiwari & Palak Muchhal",itunes,52,0,0.0,,0,0,False,False,False,
1521,Lovi Najar,"Hukke X Urgen Dong, Deepika Bayambu Ft Sanjana Gurung & Sarmila Tamang",site_nepaligeetlyrics.com,65,0,0.0,,6,0,False,False,False,
1522,Oi Nakkali,Human Acharya,site_nepalilyrics.net,22,0,0.0,,0,0,False,False,False,
1523,Slow Dance Karachi,Humeysha,kaggle_genius,12,0,0.0,,0,0,False,False,False,
1524,GADO GULOBAND RAP VERSE,HYUN a.ka. Harish Rawat,kaggle_genius,23,0,0.0,,0,0,False,False,False,
1525,Myari Buei,HYUN a.ka. Harish Rawat,kaggle_genius,20,0,0.0,,0,0,False,False,False,
1526,Behuli,Indira Joshi,site_nepalilyrics.net,28,0,0.0,,0,0,False,False,False,
1527,Jau Ki Najau,Indira Joshi,site_nepalilyrics.net,29,0,0.0,,0,0,False,False,False,
1528,Kaslai Sacheko,Indira Joshi,site_nepalilyrics.net,46,0,0.0,,0,0,True,False,False,
1529,Pankha Deu Malai,Indira Joshi,site_nepalilyrics.net,19,0,0.0,,0,0,False,False,False,
1530,Sanu Maya,Indira Joshi,site_nepalilyrics.net,23,0,0.0,,0,0,False,False,False,
1531,Traffic Jam,Indira Joshi,site_nepalilyrics.net,50,0,0.0,,0,0,False,False,False,
1532,Tutyo Tara Akashma,Indira Joshi,site_nepalilyrics.net,23,0,0.0,,0,0,False,False,False,
1533,Udhreko Choli,Indira Joshi,site_nepalilyrics.net,77,0,0.0,,0,0,False,False,False,
1534,Ma Ta Marchhu Ki Kya Ho Thuli,"Indira Joshi, Rajesh Payal Rai",site_nepalilyrics.net,40,0,0.0,,0,0,False,False,False,
1537,Oiliyeko Ful,Ishan Onta,rupesh_aryal,20,0,0.0,,0,0,False,False,False,
1538,Sikau Malai,Ishan Onta,rupesh_aryal,17,0,0.0,,0,0,False,False,False,
1539,Nindra(Phase),Ishan Raj Onta,legacy_932,18,0,0.0,,0,0,False,False,False,
1540,NindraPhase,Ishan Raj Onta,kaggle_genius,28,0,0.0,,0,0,False,False,False,
1541,Oiliyeko Ful,Ishan Raj Onta,kaggle_genius,19,0,0.0,,0,0,False,False,False,
1542,Sikau Malai,Ishan Raj Onta,legacy_932,16,0,0.0,,0,0,False,False,False,
1543,Shankar Bhole,Ishwor Krishna Bhurtel,site_nepalilyrics.net,59,0,0.0,,0,0,False,False,False,
1544,जब सन्ध्या हुन्छ,Jaba Sandhya Huncha,site_paankopat.com,20,0,0.0,,0,0,False,False,False,
1545,Mantra,Jacob Tillberg,kaggle_genius,32,0,0.0,,0,0,False,False,False,
1547,Kina Aaucha Timro Yaad,Jagdish Samal,site_nepalilyrics.net,36,0,0.0,,0,0,False,False,False,
1549,Ma Ta Marchu Kyare,Jagdish Samal,site_nepalilyrics.net,28,0,0.0,,0,0,False,False,False,
1551,Hey Ramm,Jagjit Singh,site_nepalilyrics.net,29,0,0.0,,0,0,False,False,False,
1552,Hothon Se Chuulo Tum,Jagjit Singh,site_nepalilyrics.net,40,0,0.0,,0,0,False,False,False,
1553,Kun Maya Sadar Bho,Jagjit Singh,site_nepalilyrics.net,34,0,0.0,,0,0,False,False,False,
1554,Nehaš co nepálíš,James Cole,legacy_932,25,0,0.0,,0,0,False,False,False,
1555,Timilai,James Shrestha,legacy_932,19,0,0.0,,0,0,False,False,False,
1556,Amsterdam,Jamesy,site_nepaligeetlyrics.com,38,0,0.0,,0,0,False,False,False,
1557,Rausi Layo,Jamesy,site_nepaligeetlyrics.com,56,0,0.0,,0,0,False,False,False,
1559,Kanchi,Jay Author,legacy_932,24,0,0.0,,0,0,False,False,False,
1560,Khel Na Khela,Jay Author,legacy_932,24,0,0.0,,0,0,False,False,False,
1561,Maichang,Jay Author,legacy_932,26,0,0.0,,0,0,False,False,False,
1562,Time Chaina,Jay Author,legacy_932,26,0,0.0,,0,0,False,False,False,
1563,Gaaro Cha Hai,Jayan J waiba,kaggle_genius,32,0,0.0,,0,0,False,False,False,
1564,Kalkatte Kainyo,Jayananda Lama & Bal Ram Karki,legacy_932,30,0,0.0,,0,0,False,False,False,
1565,Aai Deu Aai Deu,Jems Pradhan,site_nepalilyrics.net,36,0,0.0,,0,0,False,False,False,
1566,Aayera Hera,Jems Pradhan,site_nepalilyrics.net,30,0,0.0,,0,0,False,False,False,
1567,Bhaigo Uni Jaun,Jems Pradhan,site_nepalilyrics.net,46,0,0.0,,0,0,False,False,False,
1568,Fashion Show,Jems Pradhan,site_nepalilyrics.net,32,0,0.0,,0,0,False,False,False,
1569,Lau Ankha Bhijyo,Jems Pradhan,site_nepalilyrics.net,34,0,0.0,,0,0,False,False,False,
1570,Ma Hide Hai,Jems Pradhan,site_nepalilyrics.net,25,0,0.0,,0,0,False,False,False,
1571,Saunma Pari Rahane,Jems Pradhan,site_nepalilyrics.net,27,0,0.0,,0,0,False,False,False,
1572,Sochnu Dherai Soche,Jems Pradhan,site_nepalilyrics.net,18,0,0.0,,3,0,False,False,False,
1573,Timro Tyo Chulbule Bani,Jems Pradhan,site_nepalilyrics.net,44,0,0.0,,0,0,False,False,False,
1575,ABA,Jerusha Rai,rupesh_aryal,21,0,0.0,,0,0,False,False,False,
1576,Barud,Jerusha Rai,rupesh_aryal,21,0,0.0,,0,0,False,False,False,
1577,Oblivion,Jerusha Rai,legacy_932,18,0,0.0,,0,0,False,False,False,
1578,Rain,Jerusha Rai,legacy_932,10,0,0.0,,0,0,False,False,False,
1579,Sirens,Jerusha Rai,legacy_932,25,0,0.0,,0,0,False,False,False,
1580,Sunsaan I,Jerusha Rai,rupesh_aryal,25,0,0.0,,0,0,False,False,False,
1581,Sunsaan II,Jerusha Rai,kaggle_genius,27,0,0.0,,0,0,False,False,False,
1582,Allare Nani Keshi,Jhalak Man Gandarbha,site_nepalilyrics.net,24,0,0.0,,0,0,False,False,False,
1583,Ama Le Sodhlan Ni,Jhalak Man Gandarbha,site_nepalilyrics.net,63,0,0.0,,0,0,False,False,False,
1584,Timro Nai Maya,Jhalak Man Gandarbha,site_nepalilyrics.net,13,0,0.0,,0,0,False,False,False,
1585,1MB,JHILKE / Sugam pokhrel,site_paankopat.com,35,0,0.0,,0,0,False,False,False,
1586,Aye Thuli,Jhuma Limbu OST of JAAR,site_nepaligeetlyrics.com,24,0,0.0,,0,0,False,False,False,
1588,Kafle,Jhuma Limbu | Sujan Chapagain OST Of Unko Sweater,site_nepaligeetlyrics.com,36,0,0.0,,0,0,False,False,False,
1591,Bhanana Matra,John Chamling Rai,site_nepalilyrics.net,19,0,0.0,,0,0,False,False,False,
1592,Farkanna Hola,John Chamling Rai,site_nepalilyrics.net,31,0,0.0,,0,0,False,False,False,
1593,Farkanna Hola फर्कन्न होला,John Chamling Rai,site_paankopat.com,30,0,0.0,,0,0,False,False,False,
1595,John Chamling - Samaya Ley,John Chamling Rai,site_paankopat.com,14,0,0.0,,0,0,False,False,False,
1596,K Garu,John Chamling Rai,site_nepalilyrics.net,24,0,0.0,,0,0,False,False,False,
1597,Ko Cha Ra,John Chamling Rai,site_nepalilyrics.net,28,0,0.0,,0,0,False,False,False,
1598,Maya Garnu La,John Chamling Rai,site_nepalilyrics.net,16,0,0.0,,0,0,False,False,False,
1599,Maya Launa Balla Sikdai chu,John Chamling Rai,site_nepalilyrics.net,36,0,0.0,,0,0,False,False,False,
1600,Maya Launa Balla Sikkkdai Chu,John Chamling Rai,site_nepalilyrics.net,35,0,0.0,,0,0,False,False,False,
1601,Maya Le,John Chamling Rai,site_nepalilyrics.net,31,0,0.0,,0,0,False,False,False,
1602,Mutu Dekhin,John Chamling Rai,site_nepalilyrics.net,25,0,0.0,,0,0,False,False,False,
1603,Nihita,John Chamling Rai,site_nepalilyrics.net,21,0,0.0,,0,0,False,False,False,
1604,Parkhi Rahechu,John Chamling Rai,site_nepalilyrics.net,26,0,0.0,,0,0,False,False,False,
1605,Sadhana,John Chamling Rai,site_nepalilyrics.net,20,0,0.0,,0,0,False,False,False,
1606,Farkanna Hola,John Rai,legacy_932,17,0,0.0,,0,0,False,False,False,
1607,Hawa Jastai,John Rai,legacy_932,21,0,0.0,,0,0,False,False,False,
1608,K Garu,John Rai,rupesh_aryal,12,0,0.0,,0,0,False,False,False,
1609,Nihita,John Rai,rupesh_aryal,13,0,0.0,,0,0,False,False,False,
1610,Sadhana,John Rai,legacy_932,18,0,0.0,,0,0,False,False,False,
1611,Vanana Matra,John Rai,legacy_932,17,0,0.0,,0,0,False,False,False,
1612,Malai Jitnu Cha,John Rai PUBG ANTHEM,site_nepaligeetlyrics.com,19,0,0.0,,0,0,False,False,False,
1613,Farkanna Hola,John & The Locals,site_nepaligeetlyrics.com,21,0,0.0,,0,0,False,False,False,
1614,Hawa Jastai,John & The Locals,site_nepaligeetlyrics.com,36,0,0.0,,0,0,False,False,False,
1615,K Garu,John & The Locals,site_nepaligeetlyrics.com,13,0,0.0,,0,0,False,False,False,
1616,Ko Xa Ra,JOHN & THE LOCALS,site_nepaligeetlyrics.com,42,0,0.0,,0,0,False,False,False,
1617,Maya Le,JOHN & THE LOCALS,site_nepaligeetlyrics.com,33,0,0.0,,0,0,False,False,False,
1618,Mutu Dekhin,John & The Locals,site_nepaligeetlyrics.com,26,0,0.0,,1,1,False,False,False,
1619,Nihita,John & the Locals,site_nepaligeetlyrics.com,22,0,0.0,,1,1,False,False,False,
1620,Parkhi Rahechu,JOHN & THE LOCALS,site_nepaligeetlyrics.com,24,0,0.0,,0,0,False,False,False,
1621,Prashna,John & The Locals,site_nepaligeetlyrics.com,38,0,0.0,,1,1,False,False,False,
1622,Sadhana,John & The Locals,site_nepaligeetlyrics.com,19,0,0.0,,3,1,False,False,False,
1623,Samaya Ley,John & The Locals,site_nepaligeetlyrics.com,21,0,0.0,,0,0,False,False,False,
1624,Vanana Matra,John & The Locals,site_nepaligeetlyrics.com,21,0,0.0,,1,1,False,False,False,
1626,Basanta,JPT Rockerz,site_nepalilyrics.net,15,0,0.0,,0,0,False,False,False,
1627,Basantaa,Jpt Rockerz,legacy_932,13,0,0.0,,1,0,False,False,False,
1629,Basantaa,Jptrockerz,rupesh_aryal,14,0,0.0,,1,0,False,False,False,
1630,Tum Hi Aana,Jubin Nautiyal,site_nepalilyrics.net,29,0,0.0,,0,0,False,False,False,
1631,Rato Saari Lakichau,"Juna Bishwokarma, Dona Thapa",site_nepalilyrics.net,152,0,0.0,,0,0,False,False,False,
1632,Daafe Jhai Naachne,Junu Rijal,site_nepalilyrics.net,49,0,0.0,,0,0,False,False,False,
1633,Mannmani,KAAL - 69,legacy_932,23,0,0.0,,0,0,False,False,False,
1634,Timrai hu,KAAL - 69,legacy_932,21,0,0.0,,0,0,False,False,False,
1635,Faasle,Kaavish,site_nepalilyrics.net,31,0,0.0,,0,0,False,False,False,
1636,2025 Namaste Dhogdiya,Kabita Khatri and Khem Century,site_nepaligeetlyrics.com,110,0,0.0,,8,0,False,False,False,
1638,Firfire,Kali Prasad Baskota,site_nepalilyrics.net,22,0,0.0,,0,0,False,False,False,
1639,Heri Rahana Deu,Kali Prasad Baskota,site_nepalilyrics.net,18,0,0.0,,0,0,False,False,False,
1640,Insta Ko Photo,Kali Prasad Baskota,legacy_932,18,0,0.0,,0,0,False,False,False,
1642,Jaari - Chari basyo,Kali Prasad Baskota,site_paankopat.com,25,0,0.0,,0,0,False,False,False,
1644,Lappan Chappan,Kali Prasad Baskota,site_nepalilyrics.net,48,0,0.0,,0,0,False,False,False,
1645,Lappan Chappan लप्पन छप्पन,Kali Prasad Baskota,kaggle_genius,29,0,0.0,,0,0,False,False,False,
1646,Maya Pirati,Kali Prasad Baskota,legacy_932,19,0,0.0,,0,0,False,False,False,
1647,Nira,Kali Prasad Baskota,site_nepalilyrics.net,18,0,0.0,,0,0,False,False,False,
1650,Resham Firiri,Kali Prasad Baskota,site_nepalilyrics.net,22,0,0.0,,0,0,False,False,False,
1651,Saaili - Suna Sailie by Hemant Rana,Kali Prasad Baskota,site_paankopat.com,57,0,0.0,,0,0,False,False,False,
1654,Thamel Bazara,Kali Prasad Baskota,site_nepalilyrics.net,37,0,0.0,,0,0,False,False,False,
1657,Pari Tyo Danda Maa,"Kali Prasad Baskota, Somea Baraili",site_nepalilyrics.net,25,0,0.0,,0,0,False,False,False,
1658,Lajalu Muskaan le,Kalind,site_paankopat.com,45,0,0.0,,1,1,False,False,False,
1659,Lajalu Muskan Le Priyesi,Kalind,site_nepalilyrics.net,20,0,0.0,,0,0,False,False,False,
1661,Kalilo Tamalai,"Kalyan Sherchan, Tara Thapa",site_nepalilyrics.net,38,0,0.0,,0,0,False,False,False,
1663,Shubha Tihar,Kamal K. Chhetri,kaggle_genius,52,0,0.0,,0,0,False,False,False,
1664,Aatma Ma,Kamal Khatri,kaggle_genius,22,0,0.0,,0,0,False,False,False,
1666,Boldaina Tyo Timro Tasbir,Kamal Khatri,site_nepalilyrics.net,47,0,0.0,,0,0,False,False,False,
1667,Jaula Relaima,Kamal Khatri,kaggle_genius,22,0,0.0,,0,0,False,False,False,
1668,Korera Prem Patra,Kamal Khatri,site_nepalilyrics.net,30,0,0.0,,0,0,False,False,False,
1669,Ma Ta Mare,Kamal Khatri,site_nepalilyrics.net,15,0,0.0,,0,0,False,False,False,
1670,Najik Chau Timi,Kamal Khatri,site_nepalilyrics.net,16,0,0.0,,0,0,False,False,False,
1673,Satau Janma,Kamal Khatri,site_nepalilyrics.net,16,0,0.0,,0,0,False,False,False,
1675,Timilai Chahisake,Kamal Khatri,site_nepalilyrics.net,36,0,0.0,,0,0,False,False,False,
1676,Aatma Ma 3,Kamal Khatri | Babita Manandhar,site_nepaligeetlyrics.com,23,0,0.0,,0,0,False,False,False,
1677,Preet Basyo,Kamal Khatri & Melina Mainali,site_nepaligeetlyrics.com,30,0,0.0,,0,0,False,False,False,
1678,Parkhaiko Pida,Kamal Man Singh,site_nepalilyrics.net,15,0,0.0,,0,0,False,False,False,
1682,Hiu Ta Hoina,Kandara,site_nepalilyrics.net,44,0,0.0,,0,0,False,False,False,
1683,Hongkong Pokhara by Kandara Band,Kandara,site_paankopat.com,78,0,0.0,,0,0,False,False,False,
1684,Kaha Hideki,Kandara,site_nepalilyrics.net,38,0,0.0,,0,0,False,False,False,
1685,Lekaki Hey Maya,Kandara,site_nepalilyrics.net,41,0,0.0,,0,0,True,False,False,
1686,Tagaro Ma Rumal,Kandara,site_nepalilyrics.net,40,0,0.0,,0,0,False,False,False,
1687,Timi Pari,Kandara,site_nepalilyrics.net,26,0,0.0,,2,0,False,False,False,
1688,Bacha,Karan Bhatta,legacy_932,20,0,0.0,,0,0,False,False,False,
1690,Chaina Maile,Karma Band,rupesh_aryal,23,0,0.0,,0,0,False,False,False,
1691,Chaina Maile Timro,Karma Band,site_nepalilyrics.net,18,0,0.0,,0,0,False,False,False,
1692,Ekanta,Karma Band,site_nepalilyrics.net,20,0,0.0,,0,0,False,False,False,
1693,Ekantama,Karma Band,rupesh_aryal,11,0,0.0,,0,0,False,False,False,
1695,Juidai Maryo,Karma Band,site_nepalilyrics.net,16,0,0.0,,0,0,False,False,False,
1697,Kaha Hola Ghara Bara,Karma Band,site_nepalilyrics.net,23,0,0.0,,0,0,False,False,False,
1698,Karma (Ghar Aangan),Karma Band,legacy_932,23,0,0.0,,0,0,False,False,False,
1699,Khojdai Chu,Karma Band,site_nepalilyrics.net,23,0,0.0,,2,0,False,False,False,
1700,"Ko Hau Timi (From ""First Love"")",Karma Band,rupesh_aryal,28,0,0.0,,0,0,False,False,False,
1701,Maryo,Karma Band,legacy_932,21,0,0.0,,0,0,False,False,False,
1702,Mauntama,Karma Band,rupesh_aryal,27,0,0.0,,0,0,False,False,False,
1703,Mero Maya Ta,Karma Band,site_nepalilyrics.net,21,0,0.0,,0,0,False,False,False,
1704,Nalukau,Karma Band,kaggle_genius,11,0,0.0,,0,0,False,False,False,
1705,Naya Sapana,Karma Band,site_nepalilyrics.net,19,0,0.0,,0,0,False,False,False,
1706,Pari,Karma Band,rupesh_aryal,21,0,0.0,,0,0,False,False,False,
1707,Pirai Pir Ma,Karma Band,rupesh_aryal,24,0,0.0,,0,0,False,False,False,
1708,Setoma Gala,Karma Band,kaggle_genius,34,0,0.0,,0,0,False,False,False,
1709,Supadi Dana,Karma Band,rupesh_aryal,30,0,0.0,,0,0,False,False,False,
1710,Supari Dana,Karma Band,site_nepalilyrics.net,66,0,0.0,,0,0,False,False,False,
1712,Yanimaya Yanimaya,Karma Band,site_nepalilyrics.net,20,0,0.0,,0,0,False,False,False,
1713,Yastai,Karma Band,kaggle_genius,28,0,0.0,,0,0,False,False,False,
1715,Aama Bhandai Runa,Karna Das,site_nepalilyrics.net,19,0,0.0,,0,0,False,False,False,
1716,Anautho Betha,Karna Das,site_nepalilyrics.net,15,0,0.0,,0,0,False,False,False,
1717,Bistarai Chhayo,Karna Das,site_nepalilyrics.net,34,0,0.0,,0,0,False,False,False,
1718,Byarthai Pheri Ghaite,Karna Das,site_nepalilyrics.net,28,0,0.0,,0,0,False,False,False,
1719,Eutai Thiyo Mutu,Karna Das,site_nepalilyrics.net,34,0,0.0,,0,0,True,False,False,
1720,Farki Aau Santi Timi,Karna Das,site_nepalilyrics.net,24,0,0.0,,0,0,False,False,False,
1721,Hamro Prem Ko Katha,Karna Das,site_nepalilyrics.net,12,0,0.0,,0,0,False,False,False,
1722,Jaba Koi Timro Thiyena,Karna Das,site_nepalilyrics.net,44,0,0.0,,0,0,False,False,False,
1723,Janmida Eklai,Karna Das,site_nepalilyrics.net,18,0,0.0,,0,0,False,False,False,
1724,Jindagi Ko K Bharosa,Karna Das,site_nepalilyrics.net,44,0,0.0,,0,0,False,False,False,
1725,K Cha K Cha Timro,Karna Das,site_nepalilyrics.net,13,0,0.0,,0,0,False,False,False,
1726,Lahurelai Chadbad,Karna Das,site_nepalilyrics.net,23,0,0.0,,0,0,False,False,False,
1727,Man Manai Manparai,Karna Das,site_nepalilyrics.net,28,0,0.0,,0,0,False,False,False,
1728,Pardesh Bata Choro,Karna Das,site_nepalilyrics.net,30,0,0.0,,0,0,False,False,False,
1729,Purano Dunga,Karna Das,site_nepalilyrics.net,12,0,0.0,,0,0,False,False,False,
1730,Testo Sathi,Karna Das,site_nepalilyrics.net,23,0,0.0,,0,0,False,False,False,
1731,Thula Thula Mahal Haina,Karna Das,site_nepalilyrics.net,22,0,0.0,,0,0,False,False,False,
1732,Timro Mero Sambandhako,Karna Das,site_nepalilyrics.net,61,0,0.0,,0,0,False,False,False,
1733,Tyo Prem Ko Balidan,Karna Das,site_nepalilyrics.net,34,0,0.0,,4,0,False,False,False,
1736,Chhaal Haru,Kavi G,legacy_932,20,0,0.0,,0,0,False,False,False,
1737,DHANYABAD,Kavi G,legacy_932,28,0,0.0,,0,0,False,False,False,
1738,Hoibaksiyos Benakaab,Kavi G,legacy_932,25,0,0.0,,0,0,False,False,False,
1739,Sochyo Kasaile?,Kavi G,legacy_932,22,0,0.0,,0,0,False,False,False,
1740,Tes Pachhi K ?,Kavi G,legacy_932,29,0,0.0,,0,0,False,False,False,
1741,Doko Bunne,Kehar Limbu,site_nepalilyrics.net,28,0,0.0,,0,0,False,False,False,
1742,Ma Sanga Hidideu,Kelsang Shrestha,legacy_932,21,0,0.0,,0,0,False,False,False,
1743,Timilai,Kelsang Shrestha,legacy_932,19,0,0.0,,0,0,False,False,False,
1744,Jindagi Ko K Cha Ra Bhara,Ketan Chhetri,site_nepalilyrics.net,47,0,0.0,,0,0,False,False,False,
1746,Lai Lai,Ketan Chhetri,kaggle_genius,28,0,0.0,,0,0,False,False,False,
1748,Herana Sahid Haru Lai हेरन शहिदहरुलाई,Khadga Rayamajhi,kaggle_genius,33,0,0.0,,0,0,False,False,False,
1749,Kapalu Korera कपलु कोरेर,Khem Century,kaggle_genius,18,0,0.0,,0,0,False,False,False,
1751,Maya Lai Panko Pat,Khem Century & Deepika Bayambu Magar,site_nepaligeetlyrics.com,156,0,0.0,,0,0,False,False,False,
1752,Rani Chari Jasti,"Khem Century, Devi Gharti Magar",site_nepalilyrics.net,80,0,0.0,,0,0,False,False,False,
1753,Musukka Haseko Photo Pathaideu,Khem Century & Kalpana Devkota,site_nepaligeetlyrics.com,86,0,0.0,,0,0,False,False,False,
1754,Bato Birinchha,"Khem Century, Kamala Pokharel",site_nepalilyrics.net,88,0,0.0,,0,0,False,False,False,
1755,Chhuk Chhuke Relaima,Khem Century & Madhu Rashaili,site_nepaligeetlyrics.com,107,0,0.0,,0,0,False,False,False,
1756,Jhyaap Chhau Ki Sailo Dai,"Khem Century, Nisha Sunar",site_nepalilyrics.net,152,0,0.0,,0,0,False,False,False,
1757,Mai Ramri Xaina,"Khem Century, Pashupati Sharma, Shanti Shree Pariyar",site_nepalilyrics.net,183,0,0.0,,0,0,False,False,False,
1758,Kapalu Korera,"Khem Century, Samjhana Bhandari",site_nepalilyrics.net,43,0,0.0,,0,0,False,False,False,
1759,Chinako Gadima,"Khem Century, Shanti Shree Pariyar",site_nepalilyrics.net,104,0,0.0,,0,0,False,False,False,
1760,Kami Dai Ko Choro,"Khem Century, Shanti Shree Pariyar",site_nepalilyrics.net,28,0,0.0,,0,0,False,False,False,
1761,Pardeshi Hunai Man Chhaina,Khem Century & Shanti Shree Pariyar,site_nepaligeetlyrics.com,99,0,0.0,,0,0,False,False,False,
1762,More Saiyaa,"Khem Century, Sushila Gautam, Garima Sharma",site_nepalilyrics.net,100,0,0.0,,0,0,False,False,False,
1763,Behal Bhayo Jindagi Yo,Khem Raj Gurung,site_nepalilyrics.net,34,0,0.0,,0,0,False,False,False,
1764,Wari Jamuna Pari Jamuna,Khem Raj Gurung,site_nepalilyrics.net,50,0,0.0,,0,0,False,False,False,
1765,Katta Handinchhu Eleena Chauhan,Khem senchuri,site_paankopat.com,58,0,0.0,,0,0,False,False,False,
1768,Rukum Maikot,Khusma Movie Song,site_nepaligeetlyrics.com,56,0,0.0,,0,0,False,False,False,
1771,Timinai Mero,Kishor Rai,kaggle_genius,25,0,0.0,,0,0,False,False,False,
1772,Piya Aaye Na,"KK, Tulsi Kumar",site_nepalilyrics.net,30,0,0.0,,0,0,False,False,False,
1773,Bho Mata Auna Paina,Koili Devi,site_nepalilyrics.net,19,0,0.0,,0,0,False,False,False,
1774,Bihe Bha Chaina,Komal Oli,site_nepalilyrics.net,68,0,0.0,,0,0,False,False,False,
1775,Mal Mal Kiri Junkiri,Komal Oli,site_nepalilyrics.net,71,0,0.0,,0,0,False,False,False,
1776,Poila Jana Pam,Komal Oli,site_nepalilyrics.net,47,0,0.0,,0,0,False,False,False,
1778,Ma Prem Ma (She is the Bomb),Kranti Ale,site_nepalilyrics.net,106,0,0.0,,0,0,False,False,False,
1779,Sarkari Jagir,Kranti Ale,kaggle_genius,36,0,0.0,,0,0,False,False,False,
1780,Odhera Ghoonghat,Krishal Kadel,legacy_932,27,0,0.0,,0,0,False,False,False,
1783,Sindhuli Gadhi,Krishna Bikram Thapa,site_nepalilyrics.net,67,0,0.0,,0,0,False,False,False,
1784,Dekhana Champa,Krishna Kafle,site_nepalilyrics.net,39,0,0.0,,2,0,False,False,False,
1785,Parkha Parkha Mayalu,"Krishna Kafle, Bindu Pariyar",site_nepalilyrics.net,32,0,0.0,,0,0,False,False,False,
1786,Ghyampe,Krizn,site_nepaligeetlyrics.com,36,0,0.0,,0,0,False,False,False,
1790,Jham Jham,Kta Haru,rupesh_aryal,48,0,0.0,,0,0,False,False,False,
1791,Jham Jham Paryo Pani,Kta Haru,rupesh_aryal,15,0,0.0,,0,0,False,False,False,
1792,Mana Mailay,Kta Haru,rupesh_aryal,17,0,0.0,,0,0,False,False,False,
1793,Maya Ko Bato,Kta Haru,rupesh_aryal,22,0,0.0,,0,0,False,False,False,
1795,Bagaicha,KtaHaru,legacy_932,21,0,0.0,,0,0,False,False,False,
1796,Maya Ko Bato,KtaHaru,legacy_932,21,0,0.0,,0,0,False,False,False,
1797,Nare Nisha,KtaHaru,legacy_932,20,0,0.0,,0,0,False,False,False,
1798,Aljhiye Ki Sit Haru,Kuber Rai,site_nepalilyrics.net,32,0,0.0,,0,0,False,False,False,
1799,Mayale Mulbato,Kuber Rai,site_nepalilyrics.net,27,0,0.0,,0,0,False,False,False,
1801,Dadai Furke Sallo,Kulendra Bishwakarma & Bishnu Majhi,kaggle_genius,42,0,0.0,,0,0,True,False,False,
1802,Salko patko,Kulendra Bishwakarma & Bishnu Majhi,legacy_932,18,0,0.0,,0,0,False,False,False,
1805,Furfuri,Kuma Sagar,site_nepalilyrics.net,45,0,0.0,,0,0,False,False,False,
1806,Furfuri,Kuma Sagar And The Khwopa,site_nepaligeetlyrics.com,30,0,0.0,,0,0,False,False,False,
1807,A Mai Re,Kuma Sagar Hawa Ko Lahar Sangai,site_nepaligeetlyrics.com,32,0,0.0,,1,1,True,False,False,
1808,Chori Bhanda Aama Taruni,Kumar Basnet,site_paankopat.com,37,0,0.0,,0,0,False,False,False,
1809,Chori Bhanda Ama Taruni,Kumar Basnet,site_nepalilyrics.net,62,0,0.0,,0,0,False,False,False,
1810,Kukhura Kati Bhogdiula,Kumar Basnet,site_nepalilyrics.net,51,0,0.0,,0,0,False,False,False,
1811,Lai Bari Lai,Kumar Basnet,site_nepalilyrics.net,37,0,0.0,,0,0,False,False,False,
1812,Lapsiko Gedo Chusera,Kumar Basnet,site_nepalilyrics.net,37,0,0.0,,0,0,False,False,False,
1813,Timro Baulai Salam Cha,Kumar Basnet,site_nepalilyrics.net,28,0,0.0,,0,0,False,False,False,
1814,Unkai Chori Taruni,Kumar Basnet,site_nepalilyrics.net,28,0,0.0,,0,0,False,False,False,
1815,Batasaile Udai Lyayo,Kumar Kancha,site_nepalilyrics.net,40,0,0.0,,0,0,False,False,False,
1816,Jindagiko K Cha Ra Bhara,Kumar Kancha,site_nepalilyrics.net,47,0,0.0,,0,0,False,False,False,
1817,Kura Yesto Cha,Kumar Kancha,site_nepalilyrics.net,49,0,0.0,,0,0,False,False,False,
1818,Mohani Mayako Hoki,Kumar Kancha,site_nepalilyrics.net,59,0,0.0,,1,0,False,False,False,
1819,Yo Katha Ho Trishna Mero,Kumar Sanu,site_nepalilyrics.net,31,0,0.0,,0,0,False,False,False,
1820,Purano Hudaina Maya,"Kumar Sanu, Sanjeevani",site_nepalilyrics.net,30,0,0.0,,0,0,False,False,False,
1821,Aamale Maya Gari,Kunti Moktan,site_nepalilyrics.net,38,0,0.0,,0,0,False,False,False,
1822,Bhanchhan Kohi Jindagi,Kunti Moktan,legacy_932,21,0,0.0,,0,0,False,False,False,
1823,Bhet Hola Jaba,Kunti Moktan,site_nepalilyrics.net,35,0,0.0,,0,0,False,False,False,
1824,Choli Ramro,Kunti Moktan,site_nepalilyrics.net,37,0,0.0,,0,0,False,False,False,
1825,Choli Ramro Palpali,Kunti Moktan,kaggle_genius,34,0,0.0,,0,0,False,False,False,
1826,Kati Maya Lagchha,Kunti Moktan,legacy_932,21,0,0.0,,2,0,False,False,False,
1827,Laliguras Ajambari,Kunti Moktan,site_nepalilyrics.net,37,0,0.0,,0,0,False,False,False,
1828,Manko Maya,Kunti Moktan,site_nepalilyrics.net,31,0,0.0,,0,0,False,False,False,
1829,Mathi Mathi Sailunge Ma,Kunti Moktan,site_nepalilyrics.net,32,0,0.0,,0,0,False,False,False,
1830,Mathi Mathi Sailungema,Kunti Moktan,kaggle_genius,30,0,0.0,,0,0,False,False,False,
1831,Phuleki Thiye,Kunti Moktan,site_nepalilyrics.net,64,0,0.0,,0,0,True,False,False,
1832,Soon Kai Bhau,Kunti Moktan,site_nepalilyrics.net,18,0,0.0,,0,0,False,False,False,
1833,Timro Mayale,Kunti Moktan,legacy_932,22,0,0.0,,0,0,False,False,False,
1835,Maria,L.A Music,legacy_932,22,0,0.0,,0,0,False,False,False,
1836,Sujan Chapagain,LAJAYERA - Aba Ta Badhiyeko Kesh,site_paankopat.com,29,0,0.0,,3,0,False,False,False,
1837,Aru Kalo Railko Dhuwale,Lal Bahadur Khati,site_nepalilyrics.net,47,0,0.0,,0,0,False,False,False,
1838,Hum Hindustani,"Lata Mangeshkar, Amitabh Bachchan, Padmini Kolhapure, Shraddha Kapoor, Sonakshi Sinha, Tara Sutaria, Shruti Haasan, Jannat Zubair, Sonu Nigam, Kailash Kher, Alka Yagnik, Shabbir Kumar, Ankit Tiwari, Siddhanth Kapoor & Anil Agarwal",itunes,42,0,0.0,,0,0,False,False,False,
1839,Bachunjelilai,"Lata Mangeshkar, Ram Krishna Dhakal",site_nepalilyrics.net,30,0,0.0,,0,0,False,False,False,
1840,Banawati The Intro,Laure,kaggle_genius,33,0,0.0,,0,0,False,False,False,
1841,Case No. 420,Laure,legacy_932,25,0,0.0,,0,0,False,False,False,
1842,Chup Laag,Laure,legacy_932,36,0,0.0,,0,0,False,False,False,
1843,Dui Rupaiyan,Laure,legacy_932,33,0,0.0,,0,0,False,False,False,
1844,Haude,Laure,site_nepalilyrics.net,60,0,0.0,,0,0,True,False,False,
1845,Kina Boldainau by Ekdev Limbu X Laure,Laure,site_paankopat.com,49,0,0.0,,0,0,False,False,False,
1846,Mero Solta,Laure,kaggle_genius,107,0,0.0,,0,0,False,False,False,
1847,NepHop Ko Bato,Laure,kaggle_genius,64,0,0.0,,0,0,False,False,False,
1849,Yo Pokhara Mero,Laure,site_nepalilyrics.net,84,0,0.0,,0,0,False,False,False,
1852,Ho Piya Rajai,Laxmi Neupane,site_nepalilyrics.net,72,0,0.0,,0,0,True,False,False,
1853,Teejaiko Dar Khaamla Bhanthe,Laxmi Pariyar,site_nepalilyrics.net,103,0,0.0,,0,0,False,False,False,
1854,Kanchi Matyang Tang,Laxmi Prasad Joshi,site_nepalilyrics.net,44,0,0.0,,0,0,False,False,False,
1855,Aakashbandi,LEGITHIPHOP,legacy_932,23,0,0.0,,0,0,True,True,True,legacy source text is phonetic Devanagari of English lyrics; unrecoverable
1856,Accent,LEGITHIPHOP,legacy_932,36,0,0.0,,0,0,False,False,False,
1857,Anonymous,LEGITHIPHOP,legacy_932,75,0,0.0,,0,0,False,False,False,
1858,Bick Dig,LEGITHIPHOP,legacy_932,32,0,0.0,,0,0,False,False,False,
1859,Just Wanna Be Me,LEGITHIPHOP,legacy_932,43,0,0.0,,0,0,False,False,False,
1860,Katha,Lijal Shrestha,legacy_932,27,0,0.0,,0,0,True,True,True,legacy source text corrupted (non-Nepali word salad); unrecoverable
1861,DNB JAM 1,Lil Buddha,kaggle_genius,44,0,0.0,,0,0,False,False,False,
1862,Kabja,Lil Buddha,kaggle_genius,91,0,0.0,,0,0,False,False,False,
1863,King of NEPHOP,Lil Buddha,kaggle_genius,262,0,0.0,,1,0,False,False,False,
1864,Mohani,Lil Buddha & Milan,legacy_932,8,0,0.0,,0,0,False,False,False,
1865,SAVAGE,LIL RICEGUM,legacy_932,5,0,0.0,,0,0,False,False,False,
1866,Lakshya,LIL Rock Look,kaggle_genius,58,0,0.0,,1,0,False,False,False,
1867,The Sirani Song,LIL Rock Look,kaggle_genius,28,0,0.0,,2,0,False,False,False,
1869,Tada Tada Nabhaijau,Lochan Bhattarai,site_nepalilyrics.net,28,0,0.0,,0,0,False,False,False,
1870,Tiharai Ayo,Lochan Bhattarai,site_nepalilyrics.net,50,0,0.0,,0,0,False,False,False,
1871,U Ta Gayo Maya Marera,Lochan Bhattarai,site_nepalilyrics.net,28,0,0.0,,0,0,False,False,False,
1873,Indradhanush,Luckey,legacy_932,22,0,0.0,,0,0,False,False,False,
1874,Timro Yaad Aaucha,Luckey,legacy_932,22,0,0.0,,0,0,False,False,False,
1875,लुट्न सके लुट,Lutna Sake lut Song,site_paankopat.com,48,0,0.0,,0,0,False,False,False,
1876,Arabau Manche Haruma,Madan Krishna Shrestha,site_nepalilyrics.net,42,0,0.0,,0,0,False,False,False,
1877,Kholawari Kholapari,Madan Krishna Shrestha,site_paankopat.com,12,0,0.0,,0,0,False,False,False,
1878,La Chaku Way Ka,Madan Krishna Shrestha,site_nepalilyrics.net,41,0,0.0,,0,0,False,False,False,
1879,Saya Thari Baja Yeutai Chaal,Madan Krishna Shrestha,site_nepalilyrics.net,49,0,0.0,,6,0,False,False,False,
1881,गाउँछ गीत नेपाली (Gaucha Geet Nepali),Madhav prasad ghimire,legacy_932,27,0,0.0,,0,0,False,False,False,
1882,नेपाली हाँमी रहुँला कहाँ,Madhav prasad ghimire,kaggle_genius,16,0,0.0,,0,0,False,False,False,
1885,Aatmaghati,Mahesh Dong,legacy_932,75,0,0.0,,0,0,False,False,False,
1886,Don G,Mahesh Dong,kaggle_genius,47,0,0.0,,0,0,False,False,False,
1887,Drillshot,Mahesh Dong,kaggle_genius,110,0,0.0,,0,0,False,False,False,
1888,Endshot,Mahesh Dong,legacy_932,36,0,0.0,,0,0,False,False,False,
1889,Intro,Mahesh Dong,kaggle_genius,7,0,0.0,,0,0,False,False,False,
1890,Kathmandu,Mahesh Dong,kaggle_genius,49,0,0.0,,0,0,False,False,False,
1891,Luki Rakh,Mahesh Dong,kaggle_genius,69,0,0.0,,0,0,False,False,False,
1892,Rap Sun Tero Bau Ko,Mahesh Dong,kaggle_genius,50,0,0.0,,0,0,False,False,False,
1893,Ravana,Mahesh Dong,kaggle_genius,90,0,0.0,,3,0,False,False,False,
1894,Rewind Garr,Mahesh Dong,kaggle_genius,38,0,0.0,,0,0,False,False,False,
1895,Sakdina,Mahesh Dong,legacy_932,27,0,0.0,,0,0,False,False,False,
1897,Nacha Firiri,Mahesh Kafle,legacy_932,21,0,0.0,,0,0,False,False,False,
1898,NACHA FIRIRI || नाच फिरिरी,Mahesh Kafle,site_nepalilyrics.net,31,0,0.0,,0,0,False,False,False,
1904,Kehi Timro Sunchhu La..,Mamata Gurung,site_paankopat.com,19,0,0.0,,0,0,False,False,False,
1905,Basana,Manas Ghale,kaggle_genius,26,0,0.0,,0,0,False,False,False,
1906,Keraisiti (Intro),Manas Ghale,legacy_932,21,0,0.0,,0,0,False,False,False,
1907,La Ta Ma Ta,Manas Ghale,kaggle_genius,38,0,0.0,,0,0,False,False,False,
1908,Malai Man Pardiana Timro...,Manas Ghale,kaggle_genius,50,0,0.0,,0,0,False,False,False,
1909,Phone Dont Ring,Manas Ghale,kaggle_genius,65,0,0.0,,0,0,False,False,False,
1910,Thinking About You,Manas Ghale,kaggle_genius,54,0,0.0,,0,0,False,False,False,
1911,Umlanadeu,Manas Ghale,kaggle_genius,42,0,0.0,,0,0,False,False,False,
1914,Adhar Ma Aaja,Manila Sotang,site_nepalilyrics.net,34,0,0.0,,0,0,False,False,False,
1915,Bhanideu Aja,Manila Sotang,site_nepalilyrics.net,45,0,0.0,,0,0,False,False,False,
1916,Bhijyo Sirani,Manila Sotang,site_nepalilyrics.net,39,0,0.0,,0,0,False,False,False,
1917,Dukcha Chati,Manila Sotang,site_nepalilyrics.net,27,0,0.0,,0,0,False,False,False,
1918,Kati Ho Kati,Manila Sotang,site_nepalilyrics.net,27,0,0.0,,0,0,False,False,False,
1919,Manko Badhlai,Manila Sotang,site_nepalilyrics.net,27,0,0.0,,0,0,False,False,False,
1920,Maya Ta Tadai Kai,Manila Sotang,site_nepalilyrics.net,27,0,0.0,,0,0,False,False,False,
1921,Sworga Ki Pari,Manila Sotang,site_nepalilyrics.net,20,0,0.0,,0,0,False,False,False,
1922,Timi Bina Bachna Garo Bho,Manila Sotang,site_nepalilyrics.net,25,0,0.0,,0,0,False,False,False,
1923,Ukali Chadaula,Manila Sotang,site_nepalilyrics.net,27,0,0.0,,0,0,False,False,False,
1924,Pardeshi Nabhana,Manish Dhakal,site_nepalilyrics.net,35,0,0.0,,0,0,False,False,False,
1925,Balen Jasto Poi Deu,Manisha Dhakal,site_nepalilyrics.net,60,0,0.0,,0,0,False,False,False,
1926,Yo Teejma Nachne Ho Afnai Parale,Manisha Pokharel,site_nepalilyrics.net,53,0,0.0,,0,0,False,False,False,
1927,Badaliyou Timi,Manoj Raj,site_nepalilyrics.net,35,0,0.0,,0,0,False,False,False,
1928,Chot Khada Khadai,Manoj Raj,site_nepalilyrics.net,34,0,0.0,,0,0,False,False,False,
1929,Maya Marne,Manoj Raj,site_nepalilyrics.net,38,0,0.0,,0,0,False,False,False,
1930,Pani Ko Foka,Manoj Raj,site_nepalilyrics.net,58,0,0.0,,3,0,False,False,False,
1931,Sanu Dadai Chill Basyo,"Manoj Sewa, Anju Panta",site_nepalilyrics.net,59,0,0.0,,0,0,False,False,False,
1932,Chari Bharara,Manoj Shrestha,site_nepalilyrics.net,25,0,0.0,,0,0,False,False,False,
1933,Rujhi Rujhi Hidne,Manoj Shrestha,site_nepalilyrics.net,20,0,0.0,,0,0,False,False,False,
1934,Sirko Topi Siraima,Manoj Shrestha,site_nepalilyrics.net,48,0,0.0,,0,0,False,False,False,
1935,Ekanta ma kina kina,Mantra,site_paankopat.com,74,0,0.0,,1,1,False,False,False,
1936,Aakasaima,Mantra Band,site_nepalilyrics.net,23,0,0.0,,0,0,False,False,False,
1937,Aakash,Mantra Band,legacy_932,32,0,0.0,,0,0,False,False,False,
1938,Aama,Mantra Band,site_nepalilyrics.net,41,0,0.0,,0,0,True,True,False,
1939,Aja Kina,Mantra Band,site_nepalilyrics.net,34,0,0.0,,0,0,False,False,False,
1940,Bajeko Palo,Mantra Band,kaggle_genius,16,0,0.0,,0,0,False,False,False,
1941,Bir Gorkhali,Mantra Band,rupesh_aryal,27,0,0.0,,0,0,False,False,False,
1943,Gorkhaliko Choro,Mantra Band,site_nepalilyrics.net,29,0,0.0,,0,0,False,False,False,
1945,Ho Ma Nepali,Mantra Band,site_nepaligeetlyrics.com,41,0,0.0,,0,0,False,False,False,
1946,Jaba Samma Yo Jiwan,Mantra Band,site_nepalilyrics.net,36,0,0.0,,0,0,False,False,False,
1947,Jhar Jhar Jhari Parda,Mantra Band,site_nepalilyrics.net,39,0,0.0,,0,0,False,False,False,
1950,NAYA SAPANA,MANTRA Band,site_paankopat.com,34,0,0.0,,0,0,False,False,False,
1951,Priyesi,Mantra Band,site_nepalilyrics.net,33,0,0.0,,0,0,False,False,False,
1953,Sakehhu Ke,Mantra Band,legacy_932,23,0,0.0,,0,0,False,False,False,
1954,Samaya,Mantra Band,rupesh_aryal,30,0,0.0,,0,0,True,False,False,
1955,Sanskriti,Mantra Band,rupesh_aryal,32,0,0.0,,0,0,False,False,False,
1956,Sapana,Mantra Band,kaggle_genius,17,0,0.0,,0,0,False,False,False,
1957,Sara Sansar,Mantra Band,legacy_932,24,0,0.0,,0,0,False,False,False,
1958,Timi Bina,Mantra Band,site_nepalilyrics.net,23,0,0.0,,0,0,False,False,False,
1959,Timi Nai Hau,Mantra Band,rupesh_aryal,19,0,0.0,,0,0,False,False,False,
1961,Phul Butte Sari Male,Marmik Lama,legacy_932,22,0,0.0,,4,0,False,False,False,
1962,Jham Jham Pani Paryo,Master Ranta Das Prakash,site_nepalilyrics.net,20,0,0.0,,0,0,False,False,False,
1963,Chorera Lagyo Yo Man,Mausami Gurung,site_nepalilyrics.net,27,0,0.0,,0,0,False,False,False,
1964,Chyangba Hoi Chyangba,Mausami Gurung,site_nepalilyrics.net,30,0,0.0,,0,0,False,False,False,
1965,Jhamke Phuli,Mausami Gurung,site_nepalilyrics.net,24,0,0.0,,0,0,False,False,False,
1966,Launata,Mausami Gurung,site_nepalilyrics.net,33,0,0.0,,0,0,False,False,False,
1967,Mero Mann Chori Lane,Mausami Gurung,site_nepalilyrics.net,36,0,0.0,,0,0,False,False,False,
1968,Parelima Chau Ki Kaso,Mausami Gurung,site_nepalilyrics.net,48,0,0.0,,0,0,False,False,False,
1969,Sital Sital,Mausami Gurung,site_nepalilyrics.net,26,0,0.0,,0,0,False,False,False,
1970,Aakha Le Timi Lai Heri आखाले तिमिलाई हेरी,Mc Flo,kaggle_genius,56,0,0.0,,0,0,False,False,False,
1971,Adhuro Katha ( Incomplete Story ),MC Flo,rupesh_aryal,38,0,0.0,,0,0,False,False,False,
1972,Antarikshya Yatri,Mc Flo,kaggle_genius,40,0,0.0,,0,0,False,False,False,
1974,Badliyo,Mc Flo,kaggle_genius,68,0,0.0,,0,0,False,False,False,
1975,Basirako,Mc Flo,legacy_932,23,0,0.0,,0,0,False,False,False,
1977,Bujhis,Mc Flo,legacy_932,24,0,0.0,,0,0,False,False,False,
1978,Chill Ma Chu,Mc Flo,legacy_932,20,0,0.0,,0,0,False,False,False,
1979,Ghadi,Mc Flo,legacy_932,27,0,0.0,,0,0,False,False,False,
1980,Ghar Ko Maya,Mc Flo,kaggle_genius,64,0,0.0,,0,0,False,False,False,
1982,Hareko Yoddha Pt. 2,Mc Flo,kaggle_genius,50,0,0.0,,0,0,False,False,False,
1983,I Am Sailing [Ma Tairi Rahechu],MC Flo,rupesh_aryal,80,0,0.0,,0,0,False,False,False,
1984,I Who Have Nothing,Mc Flo,legacy_932,22,0,0.0,,0,0,False,False,False,
1985,Jhari,Mc Flo,kaggle_genius,72,0,0.0,,0,0,False,False,False,
1986,Lekhna Man Chaina,Mc Flo,legacy_932,32,0,0.0,,0,0,False,False,False,
1988,Manche,Mc Flo,legacy_932,40,0,0.0,,0,0,False,False,False,
1989,Matri Bhumi,Mc Flo,legacy_932,24,0,0.0,,0,0,False,False,False,
1990,Nepali Superman,Mc Flo,legacy_932,22,0,0.0,,0,0,False,False,False,
1991,Sadak Batti,Mc Flo,legacy_932,24,0,0.0,,0,0,False,False,False,
1992,Salbalauney Sarpaharu,Mc Flo,legacy_932,32,0,0.0,,0,0,False,False,False,
1993,Sathi Le Bhancha,Mc Flo,legacy_932,24,0,0.0,,0,0,False,False,False,
1994,Sparsha,Mc Flo,legacy_932,24,0,0.0,,0,0,False,False,False,
1995,Sunita,Mc Flo,legacy_932,44,0,0.0,,0,0,False,False,False,
1996,Superman (Unreleased Version),Mc Flo,legacy_932,24,0,0.0,,0,0,False,False,False,
1997,Tears,Mc Flo,kaggle_genius,15,0,0.0,,0,0,False,False,False,
2000,Today I,Mc Flo,kaggle_genius,71,0,0.0,,0,0,False,False,False,
2001,Speech By A Nepali Teenager,MC Rage,legacy_932,11,0,0.0,,0,0,False,False,False,
2003,Naurati Fuli,"Melina Mainali, Rachana Rimal, Eleena Chauhan",site_nepalilyrics.net,102,0,0.0,,0,0,False,False,False,
2005,Aayo Teejko Lahar,Melina Rai,site_nepalilyrics.net,45,0,0.0,,0,0,False,False,False,
2009,Bujhe Hunchha Kura,Melina Rai,site_nepaligeetlyrics.com,35,0,0.0,,0,0,False,False,False,
2010,Chatta Rumal,Melina Rai,kaggle_genius,44,0,0.0,,3,0,False,False,False,
2012,Ek Kaan Dui Kaan Maidaan,Melina Rai,site_paankopat.com,40,0,0.0,,0,0,False,False,False,
2014,Kammar Mathi,Melina Rai,legacy_932,23,0,0.0,,0,0,False,False,False,
2015,Kutu Ma Kutu Supadi Dana,Melina Rai,site_nepalilyrics.net,112,0,0.0,,0,0,False,False,False,
2017,Malai Pani Sagai Laijau,Melina Rai,legacy_932,20,0,0.0,,0,0,False,False,False,
2018,Mohani,Melina Rai,kaggle_genius,45,0,0.0,,0,0,False,False,False,
2019,Nasodha Malai,Melina Rai,kaggle_genius,16,0,0.0,,0,0,False,False,False,
2021,Sakdina Ma Bachna,Melina Rai,legacy_932,17,0,0.0,,0,0,False,False,False,
2022,Sakiyan Birsanalai,Melina Rai,kaggle_genius,23,0,0.0,,0,0,False,False,False,
2023,Sangai Jeuney Bacha,Melina Rai,kaggle_genius,26,0,0.0,,0,0,False,False,False,
2024,Shiraima Shirbandi,Melina Rai,legacy_932,24,0,0.0,,0,0,False,False,False,
2026,Timro Jiwanko,Melina Rai,kaggle_genius,21,0,0.0,,0,0,False,False,False,
2027,Yi Aakhama Timi Chhau,Melina Rai,legacy_932,24,0,0.0,,0,0,False,False,False,
2031,Yo Teejko Lahar Ho,"Melina Rai, Annu Chaudhary",site_nepalilyrics.net,73,0,0.0,,0,0,False,False,False,
2033,Chhapakkai,"Melina Rai, Kiran Gajmer",site_nepalilyrics.net,44,0,0.0,,0,0,False,False,False,
2036,Timro Maan Ma,Melina Rai & Subha Tamang,legacy_932,22,0,0.0,,0,0,False,False,False,
2041,Bato Modera Gayou,Milan Amatya,site_nepalilyrics.net,30,0,0.0,,0,0,False,False,False,
2042,But Slowly Slowly,Milan Amatya,site_nepalilyrics.net,20,0,0.0,,0,0,False,False,False,
2043,Chalnu Chalyo,Milan Amatya,site_nepalilyrics.net,28,0,0.0,,0,0,False,False,False,
2044,Ghanti Bajyo,Milan Amatya,site_nepalilyrics.net,44,0,0.0,,0,0,False,False,False,
2045,Jaile Samma Sansarama,Milan Amatya,site_nepalilyrics.net,34,0,0.0,,0,0,False,False,False,
2046,Jaslai Mutuko,Milan Amatya,site_nepalilyrics.net,41,0,0.0,,0,0,False,False,False,
2047,Kehi Pauna,Milan Amatya,site_nepalilyrics.net,20,0,0.0,,0,0,False,False,False,
2048,Ma Pagli Sake,Milan Amatya,site_nepalilyrics.net,25,0,0.0,,0,0,False,False,False,
2049,Nabhana Tyaso,Milan Amatya,site_nepalilyrics.net,29,0,0.0,,0,0,False,False,False,
2050,Nasalu Nayan,Milan Amatya,site_nepalilyrics.net,28,0,0.0,,0,0,False,False,False,
2051,Yo Junima,Milan Amatya,site_nepalilyrics.net,36,0,0.0,,0,0,False,False,False,
2052,Yo Maya Pani Natak,Milan Amatya,site_nepalilyrics.net,26,0,0.0,,0,0,False,False,False,
2053,Yo Mutu Majha,Milan Amatya,site_nepalilyrics.net,22,0,0.0,,0,0,False,False,False,
2055,Timi Uta Ma Yeta,"Milan Newar, Rajan Raj Shiwakoti",site_nepalilyrics.net,24,0,0.0,,0,0,False,False,False,
2056,Swag Kta Moh,Ming Sherpa,legacy_932,26,0,0.0,,0,0,False,False,False,
2057,Aau Mili,Mingma Sherpa,site_nepalilyrics.net,25,0,0.0,,0,0,False,False,False,
2058,Anshu Jhardina Ma,Mingma Sherpa,site_nepalilyrics.net,28,0,0.0,,0,0,False,False,False,
2059,Bhumarima,Mingma Sherpa,site_nepalilyrics.net,27,0,0.0,,0,0,True,False,False,
2060,Cham Cham,Mingma Sherpa,site_nepalilyrics.net,45,0,0.0,,0,0,False,False,False,
2061,Dherai Dherai,Mingma Sherpa,site_nepalilyrics.net,12,0,0.0,,0,0,True,True,False,
2062,Kina Garyou Badnam,Mingma Sherpa,site_nepalilyrics.net,35,0,0.0,,0,0,False,False,False,
2063,Namuna,Mingma Sherpa,site_nepalilyrics.net,32,0,0.0,,0,0,False,False,False,
2064,Baduli Lagyo Baduli,Mira Rana,site_nepalilyrics.net,54,0,0.0,,0,0,False,False,False,
2065,Dherai Dherai Maya Cha,Mira Rana,site_nepalilyrics.net,27,0,0.0,,0,0,False,False,False,
2066,Himalako Kakhama,Mira Rana,site_nepalilyrics.net,32,0,0.0,,0,0,False,False,False,
2067,Om Jaya Shiva Shankar,"Mira Rana, Dwarika Lal Joshi",site_nepalilyrics.net,49,0,0.0,,0,0,False,False,False,
2068,Shiva Arati (Radio Nepal Early Bhajan),"Mira Rana, Dwarika Lal Joshi",site_nepalilyrics.net,40,0,0.0,,0,0,True,False,False,
2069,Abhyasta,Mission Kesy,legacy_932,16,0,0.0,,0,0,False,False,False,
2070,Malai Khutrakai Paryo Jhethan,Mitrasen Thapa Magar,site_nepalilyrics.net,20,0,0.0,,0,0,False,False,False,
2071,Aaswasan,Mohan Bhusal,site_nepalilyrics.net,28,0,0.0,,0,0,False,False,False,
2072,Bujhinau Kahilei,Mohan Bhusal,site_nepalilyrics.net,15,0,0.0,,0,0,False,False,False,
2073,Haat Bandhi,Mohan Bhusal,site_nepalilyrics.net,44,0,0.0,,0,0,False,False,False,
2074,Haraaune Chahana,Mohan Bhusal,site_nepalilyrics.net,20,0,0.0,,0,0,False,False,False,
2075,Jati Heryo,Mohan Bhusal,site_nepalilyrics.net,20,0,0.0,,0,0,False,False,False,
2076,Mero Mutu Chori,Mohan Bhusal,site_nepalilyrics.net,19,0,0.0,,0,0,False,False,False,
2077,Na Lekha Chitthi,Mohan Bhusal,site_nepalilyrics.net,26,0,0.0,,0,0,False,False,False,
2078,Pheri Pani,Mohan Bhusal,site_nepalilyrics.net,16,0,0.0,,0,0,False,False,False,
2079,Sayad Timro Batoma,Mongolian Hearts,site_nepalilyrics.net,43,0,0.0,,0,0,False,False,False,
2082,Akasaima,Monkey Temple Nepal,rupesh_aryal,17,0,0.0,,0,0,False,False,False,
2083,Anantasamma,Monkey Temple Nepal,kaggle_genius,26,0,0.0,,0,0,False,False,False,
2084,Anumati,Monkey Temple Nepal,rupesh_aryal,21,0,0.0,,0,0,False,False,False,
2085,Awaz Malai Deuna,Monkey Temple Nepal,kaggle_genius,38,0,0.0,,0,0,False,False,False,
2087,Gahiro II Bilin,Monkey Temple Nepal,kaggle_genius,39,0,0.0,,0,0,False,False,False,
2088,Hamro Geet,Monkey Temple Nepal,rupesh_aryal,15,0,0.0,,0,0,False,False,False,
2089,Harauna Chahanchu,Monkey Temple Nepal,kaggle_genius,16,0,0.0,,0,0,False,False,False,
2090,Jiwan Ko Rail,Monkey Temple Nepal,kaggle_genius,26,0,0.0,,0,0,False,False,False,
2092,Maya Nai Ho,Monkey Temple Nepal,legacy_932,19,0,0.0,,0,0,False,False,False,
2093,Mero Mann,Monkey Temple Nepal,kaggle_genius,41,0,0.0,,0,0,False,False,False,
2094,Prashna,Monkey Temple Nepal,kaggle_genius,29,0,0.0,,0,0,False,False,False,
2095,Purbai Tira,Monkey Temple Nepal,kaggle_genius,32,0,0.0,,0,0,False,False,False,
2098,Swapna ma,Monkey Temple Nepal,kaggle_genius,42,0,0.0,,0,0,False,False,False,
2099,Swatantra,Monkey Temple Nepal,kaggle_genius,28,0,0.0,,0,0,False,False,False,
2100,Timi Bina,Monkey Temple Nepal,kaggle_genius,16,0,0.0,,0,0,False,False,False,
2101,Timi nai Hau,Monkey Temple Nepal,kaggle_genius,30,0,0.0,,0,0,False,False,False,
2103,Yaadharule,Monkey Temple Nepal,kaggle_genius,21,0,0.0,,0,0,False,False,False,
2104,Yesto Kahile,Monkey Temple Nepal,kaggle_genius,24,0,0.0,,0,0,False,False,False,
2107,Maya माया - Ashutosh KC,Most Popular,site_paankopat.com,93,0,0.0,,0,0,False,False,False,
2110,Alright,Mr. D,site_nepaligeetlyrics.com,70,0,0.0,,0,0,False,False,False,
2113,Kal Dhara,Mr. D | Eleena Chauhan,site_nepaligeetlyrics.com,67,0,0.0,,0,0,False,False,False,
2114,Gobar Lyath 2,Mr. D (Nepal),legacy_932,23,0,0.0,,0,0,False,False,False,
2115,Wild,Mr.D (NPL),legacy_932,18,0,0.0,,0,0,False,False,False,
2116,Aago Lagyo,Mr. D Sandip Bista,site_nepaligeetlyrics.com,52,0,0.0,,1,1,False,False,False,
2117,60 Budeshkal Ko Lathi,MT 8848,site_nepalilyrics.net,30,0,0.0,,0,0,False,False,False,
2118,Chiuri Phool,Mt. 8848,kaggle_genius,28,0,0.0,,0,0,False,False,False,
2119,Lachaar,Mt. 8848,kaggle_genius,46,0,0.0,,0,0,False,False,False,
2120,Maski Maski,Mt. 8848,kaggle_genius,44,0,0.0,,0,0,False,False,False,
2121,Maski Maski Hidera Jaanele,MT 8848,site_nepalilyrics.net,44,0,0.0,,0,0,False,False,False,
2122,Maski maski,Mt 8884,site_paankopat.com,55,0,0.0,,1,1,False,False,False,
2124,Samjhana Manaima,Muna Thapa Magar & Ramji Khand,kaggle_genius,27,0,0.0,,0,0,False,False,False,
2125,Dina Timilai,Mystic East,legacy_932,16,0,0.0,,0,0,False,False,False,
2127,Aakha Timro,Nabin K Bhattarai,site_nepalilyrics.net,24,0,0.0,,0,0,False,False,False,
2128,Aakhama Here Dekhe Timilai,Nabin K Bhattarai,site_nepalilyrics.net,32,0,0.0,,0,0,False,False,False,
2130,Ali Alikati pida hudani,Nabin K Bhattarai,site_nepalilyrics.net,22,0,0.0,,0,0,False,False,False,
2131,Bhautari Raheko Thiye,Nabin K Bhattarai,site_nepalilyrics.net,13,0,0.0,,0,0,False,False,False,
2132,Bihaniko Kiran Sangai,Nabin K Bhattarai,site_nepalilyrics.net,20,0,0.0,,0,0,False,False,False,
2133,Din Dhalcha Sanjha Parcha,Nabin K Bhattarai,site_nepalilyrics.net,22,0,0.0,,0,0,False,False,False,
2134,Ekantama Ramauchu,Nabin K Bhattarai,site_nepalilyrics.net,20,0,0.0,,0,0,False,False,False,
2135,Janchu Ma Timilai Nabhanikana,Nabin K Bhattarai,site_nepalilyrics.net,60,0,0.0,,0,0,False,False,False,
2136,Khadai nakhako,Nabin K Bhattarai,site_paankopat.com,68,0,0.0,,1,1,False,False,False,
2137,Khadai Nakhako Bishle,Nabin K Bhattarai,site_nepalilyrics.net,28,0,0.0,,0,0,False,False,False,
2138,Ma Maya Laudina,Nabin K Bhattarai,site_nepalilyrics.net,14,0,0.0,,0,0,False,False,False,
2139,Mero Jiwan Kata Kata,Nabin K Bhattarai,site_nepalilyrics.net,18,0,0.0,,0,0,False,False,False,
2140,Mero Lagi Ke Ho Timi,Nabin K Bhattarai,site_nepalilyrics.net,24,0,0.0,,0,0,False,False,False,
2141,Raat bityo,Nabin K Bhattarai,site_nepalilyrics.net,18,0,0.0,,0,0,False,False,False,
2142,Raharai Rahar Ma,Nabin K Bhattarai,site_nepalilyrics.net,16,0,0.0,,0,0,False,False,False,
2143,Saayed Timinai Hau,Nabin K Bhattarai,site_nepalilyrics.net,30,0,0.0,,0,0,True,False,False,
2145,Thahai Napai Maya Basecha,Nabin K Bhattarai,site_nepalilyrics.net,15,0,0.0,,0,0,False,False,False,
2146,Timilai Dukha Parda,Nabin K Bhattarai,site_nepalilyrics.net,12,0,0.0,,0,0,False,False,False,
2147,Timile herda kasailai,Nabin K Bhattarai,site_nepalilyrics.net,22,0,0.0,,0,0,False,False,False,
2148,Timro Maya Le Malai Sataucha,Nabin K Bhattarai,site_nepalilyrics.net,20,0,0.0,,0,0,False,False,False,
2149,Yaad Sachi Kati Basu,Nabin K Bhattarai,site_nepalilyrics.net,18,0,0.0,,0,0,False,False,False,
2150,Ye Jhari Najhari Deu,Nabin K Bhattarai,site_nepalilyrics.net,15,0,0.0,,0,0,False,False,False,
2151,Yehi Ho Ta Maya,Nabin K Bhattarai,site_nepalilyrics.net,26,0,0.0,,0,0,False,False,False,
2152,Yo Laamo Raat,Nabin K Bhattarai,site_nepalilyrics.net,12,0,0.0,,0,0,False,False,False,
2153,Ekai Chin,Nalina Chitrakar,site_nepalilyrics.net,13,0,0.0,,0,0,False,False,False,
2154,Halka Halka,Nalina Chitrakar,site_nepalilyrics.net,7,0,0.0,,0,0,False,False,False,
2155,Hijo Aaja,Nalina Chitrakar,site_nepalilyrics.net,13,0,0.0,,0,0,False,False,False,
2156,Pani Pani,Nalina Chitrakar,site_nepalilyrics.net,14,0,0.0,,0,0,False,False,False,
2157,Saas Le,Nalina Chitrakar,site_nepalilyrics.net,12,0,0.0,,0,0,False,False,False,
2158,Aaja Bholi Harek Sanjh,Narayan Gopal,site_nepalilyrics.net,16,0,0.0,,0,0,False,False,False,
2159,Aaja Ra Rati,Narayan Gopal,site_nepalilyrics.net,14,0,0.0,,0,0,False,False,False,
2160,Aajai Ra Rati,Narayan Gopal,kaggle_genius,16,0,0.0,,0,0,False,False,False,
2162,Aakha Chopi,Narayan Gopal,site_nepalilyrics.net,16,0,0.0,,0,0,False,False,False,
2163,Aankha Chhopi Narou Bhani,Narayan Gopal,kaggle_genius,44,0,0.0,,0,0,False,False,False,
2164,Aja bholi hareko saajh,Narayan Gopal,site_paankopat.com,15,0,0.0,,0,0,True,True,False,
2165,Aljhecha Kyare,Narayan Gopal,site_nepalilyrics.net,10,0,0.0,,0,0,False,False,False,
2166,Aljhecha kyare pachauri,Narayan Gopal,site_paankopat.com,17,0,0.0,,0,0,False,False,False,
2167,Ankha chopi Narou bhani bhannu parya cha,Narayan Gopal,site_paankopat.com,16,0,0.0,,0,0,False,False,False,
2168,Bipana Nabhai Bachidincha,Narayan Gopal,site_paankopat.com,6,0,0.0,,0,0,False,False,False,
2169,Bipana Nabhai Bachidine,Narayan Gopal,kaggle_genius,24,0,0.0,,0,0,False,False,False,
2171,Birata Ko Chino,Narayan Gopal,site_nepalilyrics.net,27,0,0.0,,0,0,False,False,False,
2172,Biratako Chino,Narayan Gopal,kaggle_genius,66,0,0.0,,0,0,False,False,False,
2173,Chinari Hamro,Narayan Gopal,site_nepalilyrics.net,9,0,0.0,,0,0,False,False,False,
2174,Chinari Hamro Dherai Purano,Narayan Gopal,site_paankopat.com,13,0,0.0,,0,0,False,False,False,
2175,Duita Phool Deurali Ma,Narayan Gopal,site_nepalilyrics.net,15,0,0.0,,0,0,False,False,False,
2176,Euta Manche Ko,Narayan Gopal,site_nepalilyrics.net,18,0,0.0,,0,0,False,False,False,
2177,Euta Manche ko,Narayan Gopal,site_paankopat.com,13,0,0.0,,0,0,False,False,False,
2178,Euta Mancheko,Narayan Gopal,legacy_932,50,0,0.0,,0,0,False,False,False,
2179,Galti Hajar,Narayan Gopal,rupesh_aryal,27,0,0.0,,0,0,False,False,False,
2180,Galti Hajar Hunchan,Narayan Gopal,site_nepalilyrics.net,14,0,0.0,,0,0,False,False,False,
2181,Galti Hajari hunchan,Narayan Gopal,site_paankopat.com,12,0,0.0,,0,0,False,False,False,
2182,Jhareko Paatjhain,Narayan Gopal,kaggle_genius,34,0,0.0,,0,0,False,False,False,
2183,Jhareko Pat jhai Bhayo,Narayan Gopal,site_paankopat.com,14,0,0.0,,0,0,False,False,False,
2184,Jharyo Jindagi,Narayan Gopal,site_nepalilyrics.net,8,0,0.0,,0,0,False,False,False,
2185,Jiwan ko Hareko Mod ma timilai bhete,Narayan Gopal,site_paankopat.com,13,0,0.0,,0,0,False,False,False,
2186,Jun Phool Maile,Narayan Gopal,site_nepalilyrics.net,11,0,0.0,,0,0,False,False,False,
2187,Jun Phool Maile Caheko Thiyea,Narayan Gopal,site_paankopat.com,11,0,0.0,,0,0,False,False,False,
2188,Kasari Ma Bhule,Narayan Gopal,site_nepalilyrics.net,10,0,0.0,,0,0,False,False,False,
2189,Kasturi Hey Baas Aaucha,Narayan Gopal,site_paankopat.com,8,0,0.0,,0,0,False,False,False,
2190,Kehi Chot le Gyani Huncha,Narayan Gopal,site_paankopat.com,13,0,0.0,,0,0,False,False,False,
2191,Kehi Chotale Gyani,Narayan Gopal,site_nepalilyrics.net,20,0,0.0,,0,0,False,False,False,
2192,Kehi Mitho Baat Gara,Narayan Gopal,rupesh_aryal,15,0,0.0,,0,0,False,False,False,
2194,Lau Suna Ma Bhanchu,Narayan Gopal,site_nepalilyrics.net,17,0,0.0,,0,0,False,False,False,
2195,Lau suna ma bhanchu mero ramkahani,Narayan Gopal,site_paankopat.com,17,0,0.0,,0,0,False,False,False,
2196,Ma Kasari Bhanu,Narayan Gopal,site_nepalilyrics.net,20,0,0.0,,0,0,False,False,False,
2197,Ma ta Lali guras bhaye chu,Narayan Gopal,site_paankopat.com,10,0,0.0,,0,0,False,False,False,
2198,Maile Punya Man Paraye,Narayan Gopal,site_paankopat.com,11,0,0.0,,0,0,False,False,False,
2199,Maile Punya Manparaye,Narayan Gopal,site_nepalilyrics.net,11,0,0.0,,0,0,False,False,False,
2200,Malai Chodi Mero Chaya,Narayan Gopal,legacy_932,20,0,0.0,,0,0,False,False,False,
2201,Malai Chodi mero chaya katai jharecha,Narayan Gopal,site_paankopat.com,13,0,0.0,,0,0,False,False,False,
2202,Malai Jindagi Yo Lagdachha,Narayan Gopal,site_paankopat.com,14,0,0.0,,0,0,False,False,False,
2203,Malai Maaf Garideu,Narayan Gopal,site_nepalilyrics.net,24,0,0.0,,0,0,False,False,False,
2204,Malai Nasodha,Narayan Gopal,rupesh_aryal,28,0,0.0,,0,0,False,False,False,
2205,Malai Nasodha Kaha Dukcha,Narayan Gopal,site_nepalilyrics.net,14,0,0.0,,0,0,False,False,False,
2206,Malai Nasodha kaha dukhcha ghau,Narayan Gopal,site_paankopat.com,14,0,0.0,,0,0,False,False,False,
2208,Mandirma Cha Ki,Narayan Gopal,kaggle_genius,31,0,0.0,,0,0,False,False,False,
2209,Mata Laligurash Bhayechu,Narayan Gopal,site_nepalilyrics.net,26,0,0.0,,0,0,False,False,False,
2210,Maya Garneko,Narayan Gopal,kaggle_genius,41,0,0.0,,0,0,False,False,False,
2211,Maya Gerne Ko Chokho Maya,Narayan Gopal,site_paankopat.com,16,0,0.0,,0,0,False,False,False,
2212,Mera Sabai Raat Aba,Narayan Gopal,site_nepalilyrics.net,44,0,0.0,,0,0,False,False,False,
2213,Mera Sabai Raat aba,Narayan Gopal,site_paankopat.com,18,0,0.0,,0,0,False,False,False,
2214,Mero Aankha Lai Rakhne,Narayan Gopal,site_nepalilyrics.net,16,0,0.0,,0,0,False,False,False,
2215,Mero Aankhama,Narayan Gopal,kaggle_genius,37,0,0.0,,0,0,False,False,False,
2216,Mero Ankha Lai Raakhne,Narayan Gopal,site_paankopat.com,15,0,0.0,,0,0,False,False,False,
2217,Mero Ankha lai Rakhne fulbari chaina,Narayan Gopal,site_paankopat.com,15,0,0.0,,0,0,False,False,False,
2218,Mero Behosi Aaja,Narayan Gopal,site_nepalilyrics.net,12,0,0.0,,0,0,False,False,False,
2219,Mero Geet Merai Paratibimba Hoina,Narayan Gopal,site_nepalilyrics.net,19,0,0.0,,0,0,False,False,False,
2220,Mero Geet Merai Pratibimba haina,Narayan Gopal,site_paankopat.com,21,0,0.0,,0,0,False,False,False,
2221,Mero Joban Laijau,Narayan Gopal,site_nepalilyrics.net,19,0,0.0,,0,0,False,False,False,
2222,Mero Pyaro Okhaldhunga,Narayan Gopal,site_nepalilyrics.net,38,0,0.0,,0,0,False,False,False,
2223,Mohani Lagla Hai,Narayan Gopal,site_nepalilyrics.net,21,0,0.0,,0,0,False,False,False,
2224,Parkhi Base,Narayan Gopal,site_nepalilyrics.net,11,0,0.0,,0,0,False,False,False,
2225,Parkhi Base Aaula bhani,Narayan Gopal,site_paankopat.com,16,0,0.0,,0,0,False,False,False,
2227,Pokhiera Ghaam Ko Jhulka,Narayan Gopal,kaggle_genius,37,0,0.0,,0,0,False,False,False,
2228,Pokhiera Ghaamko Jhulka,Narayan Gopal,site_paankopat.com,14,0,0.0,,0,0,False,False,False,
2229,Pokhiyera Gham Ko Jhulka,Narayan Gopal,site_nepalilyrics.net,35,0,0.0,,0,0,False,False,False,
2230,Preyasi Ka Yaad Haru,Narayan Gopal,rupesh_aryal,16,0,0.0,,0,0,False,False,False,
2231,Priyeshi Ka Yaad Haru,Narayan Gopal,site_nepalilyrics.net,10,0,0.0,,0,0,False,False,False,
2232,Priyesi Ka Yaad Haru,Narayan Gopal,site_paankopat.com,15,0,0.0,,0,0,False,False,False,
2233,Sadhain Nai Ma Haase,Narayan Gopal,site_paankopat.com,22,0,0.0,,0,0,False,False,False,
2234,Sajau Ghumto Haru,Narayan Gopal,site_nepalilyrics.net,35,0,0.0,,0,0,False,False,False,
2235,Sanai Hurima,Narayan Gopal,site_nepalilyrics.net,26,0,0.0,,0,0,False,False,False,
2236,Sangaala Ghumto Haru,Narayan Gopal,kaggle_genius,33,0,0.0,,0,0,False,False,False,
2237,Saunko Jhari Bani,Narayan Gopal,legacy_932,28,0,0.0,,0,0,False,False,False,
2238,Sawon ko Jhari Bani,Narayan Gopal,site_paankopat.com,14,0,0.0,,0,0,False,False,False,
2239,Shikhara Bhane Kaha,Narayan Gopal,site_nepalilyrics.net,7,0,0.0,,0,0,False,False,False,
2241,Sirima Siri Ni Kancha,Narayan Gopal,site_nepalilyrics.net,26,0,0.0,,0,0,False,False,False,
2242,Timi Deu Ya Nadeu,Narayan Gopal,site_nepalilyrics.net,22,0,0.0,,0,0,False,False,False,
2243,Timi Jun Rahar le,Narayan Gopal,site_paankopat.com,18,0,0.0,,0,0,False,False,False,
2244,Timi Jun Raharle,Narayan Gopal,site_nepalilyrics.net,7,0,0.0,,0,0,False,False,False,
2245,Timilai Bhulda Ma Eklo,Narayan Gopal,site_nepalilyrics.net,22,0,0.0,,0,0,False,False,False,
2246,Timilai Bhulda Ma Eklo parechu,Narayan Gopal,site_paankopat.com,22,0,0.0,,0,0,False,False,False,
2247,Timilai Ma K Bhanu,Narayan Gopal,rupesh_aryal,34,0,0.0,,0,0,False,False,False,
2248,Timilai Ma k Bhanu,Narayan Gopal,site_paankopat.com,21,0,0.0,,0,0,False,False,False,
2249,Timilai Ma Ke Bhanu,Narayan Gopal,site_nepalilyrics.net,19,0,0.0,,0,0,False,False,False,
2250,Timile Bhaneka sara dev choyera,Narayan Gopal,site_paankopat.com,16,0,0.0,,0,0,False,False,False,
2251,Timile Bhaneko Sara Dev Choyera,Narayan Gopal,site_nepalilyrics.net,17,0,0.0,,0,0,False,False,False,
2252,Timile Pani Ma Jastai,Narayan Gopal,site_nepalilyrics.net,9,0,0.0,,0,0,True,True,False,
2253,Timro Jasto Mutu,Narayan Gopal,rupesh_aryal,33,0,0.0,,0,0,False,False,False,
2254,Timro Jasto Mutu mero pani,Narayan Gopal,site_paankopat.com,13,0,0.0,,0,0,False,False,False,
2255,Ye Malai Maya Garchu Bhanne,Narayan Gopal,site_paankopat.com,10,0,0.0,,0,0,False,False,False,
2256,Yeti Chokho Yeti Mitho,Narayan Gopal,site_paankopat.com,11,0,0.0,,0,0,False,False,False,
2257,Yeti Dherai maya deye,Narayan Gopal,site_paankopat.com,36,0,0.0,,1,1,False,False,False,
2258,Yeti Dherai Maya Diyee,Narayan Gopal,site_nepalilyrics.net,7,0,0.0,,0,0,False,False,False,
2259,Yeuta Manchheko,Narayan Gopal,kaggle_genius,38,0,0.0,,0,0,False,False,False,
2260,Yo Bhagyele Kasto,Narayan Gopal,site_nepalilyrics.net,11,0,0.0,,0,0,False,False,False,
2261,Yo Mutu Lai Kasari,Narayan Gopal,site_nepalilyrics.net,25,0,0.0,,0,0,False,False,False,
2262,Yo Mutulai Kasari,Narayan Gopal,kaggle_genius,36,0,0.0,,0,0,False,False,False,
2263,Yo Samjhine Maan Cha,Narayan Gopal,site_nepalilyrics.net,14,0,0.0,,0,0,False,False,False,
2264,Yo Samjhine Man chaa,Narayan Gopal,site_paankopat.com,14,0,0.0,,0,0,False,False,False,
2265,Yo Samjhine Man Chha,Narayan Gopal,kaggle_genius,40,0,0.0,,0,0,False,False,False,
2266,"ए कान्छा, ठट्टैमा यो बैश जान लाग्यो। Narayan Gopal and Tara Devi",Narayan Gopal,site_paankopat.com,39,0,0.0,,0,0,False,False,False,
2267,Himal Sari,"Narayan Gopal, Aruna Lama",site_nepalilyrics.net,25,0,0.0,,0,0,False,False,False,
2268,Jiwanko Harek Modama,"Narayan Gopal, Aruna Lama",site_nepalilyrics.net,13,0,0.0,,0,0,False,False,False,
2269,Maya Ta Maya Ho,"Narayan Gopal, Asha Bhosle",site_nepalilyrics.net,32,0,0.0,,0,0,False,False,False,
2270,Pahadko Mathi Mathi,"Narayan Gopal, Asha Bhosle",site_nepalilyrics.net,38,0,0.0,,0,0,False,False,False,
2271,Bichhod Ko Pida Nasaki Khapna,"Narayan Gopal, Dil Maya Khati",site_nepalilyrics.net,20,0,0.0,,0,0,False,False,False,
2272,Manchhe Ko Maya,"Narayan Gopal, Gyanu Rana",site_nepalilyrics.net,30,0,0.0,,0,0,True,False,False,
2273,Eh Kancha Thattaima,"Narayan Gopal, Tara Devi",site_nepalilyrics.net,21,0,0.0,,0,0,False,False,False,
2274,Nirmaya Thuli,"Narayan Rayamajhi, Kamala Pokharel",site_nepalilyrics.net,39,0,0.0,,0,0,False,False,False,
2275,Pasinale Paisa Satera,"Narayan Rayamajhi, Kamala Pokharel",site_nepalilyrics.net,43,0,0.0,,0,0,False,False,False,
2276,Namuchhe Aama Dahima Tika,"Narayan Rayamajhi, Rachana Rimal",site_nepalilyrics.net,50,0,0.0,,0,0,False,False,False,
2277,Bola Maya,"Narayan Rayamajhi, Shanti Shree Pariyar, Prakash Saput",site_nepalilyrics.net,55,0,0.0,,0,0,False,False,False,
2278,Ramdi Pula,"Narayan Rayamajhi, Sharmila Gurung",site_nepalilyrics.net,20,0,0.0,,0,0,False,False,False,
2279,Suna - Naren Limbu,Naren Limbhu,site_paankopat.com,43,0,0.0,,0,0,False,False,False,
2280,Vanna Aaudaina,Naren Limbhu,site_paankopat.com,43,0,0.0,,0,0,False,False,False,
2281,Aash,Naren Limbu,site_nepalilyrics.net,21,0,0.0,,0,0,False,False,False,
2282,Adrishya Vhawana,Naren Limbu,site_nepalilyrics.net,20,0,0.0,,0,0,False,False,False,
2283,Angalney Chhu,Naren Limbu,rupesh_aryal,27,0,0.0,,0,0,False,False,False,
2284,Antim Maya,Naren Limbu,site_nepalilyrics.net,15,0,0.0,,0,0,False,False,False,
2286,K Saro Vako,Naren Limbu,site_nepalilyrics.net,18,0,0.0,,0,0,False,False,False,
2287,Mero Mann maa,Naren Limbu,site_nepalilyrics.net,110,0,0.0,,0,0,False,False,False,
2288,Nepali Thito,Naren Limbu,site_nepalilyrics.net,22,0,0.0,,0,0,False,False,False,
2289,Ritu (Rella Nagara),Naren Limbu,site_nepalilyrics.net,14,0,0.0,,0,0,False,False,False,
2290,Suna,Naren Limbu,site_nepalilyrics.net,36,0,0.0,,0,0,False,False,False,
2292,Vanna Aaudaina,Naren Limbu,rupesh_aryal,28,0,0.0,,0,0,True,False,False,
2293,K Bhul Bhayo Priya,Narendra Pyasi,site_nepalilyrics.net,39,0,0.0,,0,0,False,False,False,
2294,Timile Dine Maya,Narendra Pyasi,site_nepalilyrics.net,32,0,0.0,,0,0,False,False,False,
2297,CLEOPATRA FREESTYLE,Nasty (NP),legacy_932,52,0,0.0,,0,0,False,False,False,
2298,Aau Bhane Gaun,Nati Kaji,site_nepalilyrics.net,13,0,0.0,,0,0,False,False,False,
2299,Euta Tara,Nati Kaji,legacy_932,12,0,0.0,,0,0,False,False,False,
2300,Ke Cha Ra Diu,Nati Kaji,site_nepalilyrics.net,13,0,0.0,,0,0,False,False,False,
2301,Nepali Hami,Nati Kaji,site_nepalilyrics.net,38,0,0.0,,0,0,False,False,False,
2302,Nepali Hami Rahaula Kaha,Nati Kaji,site_nepalilyrics.net,22,0,0.0,,0,0,False,False,False,
2303,Pahad Basi Banma,Nati Kaji,site_nepalilyrics.net,22,0,0.0,,0,0,False,False,False,
2304,Nepali National Anthem,National Anthem,site_paankopat.com,20,0,0.0,,1,1,False,False,False,
2305,Ma Dherai Maya Garchhu,Nattu,site_nepalilyrics.net,28,0,0.0,,0,0,False,False,False,
2307,Dhaka Topi Mailo,Nawaj Ansari,site_nepaligeetlyrics.com,53,0,0.0,,0,0,False,False,False,
2308,Maya,Nawaj Ansari,site_nepaligeetlyrics.com,44,0,0.0,,0,0,False,False,False,
2309,Ghumti Nira Late Bhayo,"Nawaraj Ghorasaini, Bhagwati Dangal",site_nepalilyrics.net,54,0,0.0,,0,0,False,False,False,
2312,Ae Moti,Neetesh Jung Kunwar,kaggle_genius,38,0,0.0,,0,0,False,False,False,
2313,Ashma,Neetesh Jung Kunwar,legacy_932,18,0,0.0,,0,0,False,False,False,
2315,Didi Bahini,Neetesh Jung Kunwar,legacy_932,26,0,0.0,,0,0,False,False,False,
2320,Gedai jasto jindagi,Neetesh Jung Kunwar,site_paankopat.com,80,0,0.0,,0,0,False,False,False,
2321,Ghyampe (Age Restricted),Neetesh Jung Kunwar,legacy_932,25,0,0.0,,0,0,False,False,False,
2323,Hamro Nepal Ma,Neetesh Jung Kunwar,site_nepalilyrics.net,31,0,0.0,,0,0,False,False,False,
2326,I Fly Like An Eagle,Neetesh Jung Kunwar,legacy_932,21,0,0.0,,0,0,False,False,False,
2327,Kantipur Nagari,Neetesh Jung Kunwar,legacy_932,25,0,0.0,,0,0,True,False,False,
2329,Khulera Dallai,Neetesh Jung Kunwar,legacy_932,19,0,0.0,,0,0,False,False,False,
2332,Maya Ko Chino,Neetesh Jung Kunwar,legacy_932,23,0,0.0,,0,0,False,False,False,
2333,Maya Sasto,Neetesh Jung Kunwar,kaggle_genius,63,0,0.0,,0,0,False,False,False,
2334,Meri Ama,Neetesh Jung Kunwar,kaggle_genius,20,0,0.0,,0,0,False,False,False,
2336,Om Nama Shivaya,Neetesh Jung Kunwar,legacy_932,26,0,0.0,,0,0,False,False,False,
2337,Pari - Love Story Part 1,Neetesh Jung Kunwar,kaggle_genius,37,0,0.0,,0,0,False,False,False,
2338,Pari - Love Story Part 2,Neetesh Jung Kunwar,kaggle_genius,24,0,0.0,,0,0,False,False,False,
2339,Prarthana,Neetesh Jung Kunwar,kaggle_genius,55,0,0.0,,0,0,False,False,False,
2340,Prashna,Neetesh Jung Kunwar,legacy_932,39,0,0.0,,0,0,False,False,False,
2341,Samhalirakha,Neetesh Jung Kunwar,legacy_932,20,0,0.0,,0,0,False,False,False,
2343,The Current Time,Neetesh Jung Kunwar,legacy_932,23,0,0.0,,0,0,False,False,False,
2344,Timi,Neetesh Jung Kunwar,kaggle_genius,42,0,0.0,,0,0,False,False,False,
2347,Mile Ho Tum,"Neha Kakkar, Tony Kakkar",site_nepalilyrics.net,36,0,0.0,,0,0,False,False,False,
2348,Mera Suit,Neha Kakkar | Tony Kakkar | Junior,site_nepaligeetlyrics.com,85,0,0.0,,0,0,False,False,False,
2350,Deusi,Nepali Lyrics,site_nepalilyrics.net,40,0,0.0,,0,0,False,False,False,
2351,Deusi Re,Nepali Lyrics,site_nepalilyrics.net,8,0,0.0,,0,0,False,False,False,
2352,Deusi Re Extended,Nepali Lyrics,site_nepalilyrics.net,31,0,0.0,,0,0,False,False,False,
2353,Kasari Manau Shivalai,Nepali Lyrics,site_nepalilyrics.net,65,0,0.0,,0,0,False,False,False,
2354,देउसिरे | Deusi Re,Nepali Lyrics,site_nepalilyrics.net,38,0,0.0,,0,0,False,False,False,
2356,Aaganai Bhari,Nepathya,site_nepalilyrics.net,24,0,0.0,,0,0,False,False,False,
2357,Aaijo Nidari,Nepathya,site_nepalilyrics.net,25,0,0.0,,0,0,False,False,False,
2358,Aaina Jhyal,Nepathya,legacy_932,19,0,0.0,,0,0,False,False,False,
2359,Aama,Nepathya,kaggle_genius,17,0,0.0,,0,0,False,False,False,
2360,Abhab Abhabai Bhayo,Nepathya,site_nepalilyrics.net,14,0,0.0,,2,0,False,False,False,
2361,Aglene Sur,Nepathya,kaggle_genius,22,0,0.0,,0,0,False,False,False,
2363,Boli Chaina Kun Bolile,Nepathya,site_nepalilyrics.net,20,0,0.0,,0,0,False,False,False,
2364,Chari Maryo Sisaiko Golile,Nepathya,site_nepalilyrics.net,16,0,0.0,,1,0,False,False,False,
2365,Chekyo Chekyo,Nepathya,site_nepalilyrics.net,18,0,0.0,,0,0,False,False,False,
2366,Chhoto Geet,Nepathya,legacy_932,10,0,0.0,,0,0,False,False,False,
2367,Gandaki ko Teraima,Nepathya,site_nepalilyrics.net,15,0,0.0,,0,0,False,False,False,
2368,Gandakiko Tiraima,Nepathya,site_nepalilyrics.net,20,0,0.0,,0,0,False,False,False,
2369,Ghar Ko Kura,Nepathya,site_nepalilyrics.net,26,0,0.0,,0,0,False,False,False,
2370,Goreto Gaunko Duldai,Nepathya,site_nepalilyrics.net,22,0,0.0,,0,0,False,False,False,
2371,Himal Chuchure,Nepathya,site_nepalilyrics.net,47,0,0.0,,0,0,False,False,False,
2372,Ho Ho Baba Ho Ho,Nepathya,kaggle_genius,43,0,0.0,,0,0,False,False,False,
2373,Ho Rama Rama,Nepathya,site_nepalilyrics.net,69,0,0.0,,0,0,False,False,False,
2374,Jiwana Ho Gham Chhaya,Nepathya,site_nepalilyrics.net,21,0,0.0,,0,0,False,False,False,
2375,Joga Le Huncha Bheta,Nepathya,site_paankopat.com,56,0,0.0,,0,0,False,False,False,
2376,Jogale Huncha Bhet,Nepathya,rupesh_aryal,56,0,0.0,,0,0,False,False,False,
2377,Jomsomai Bazzar Ma,Nepathya,site_nepalilyrics.net,12,0,0.0,,0,0,False,False,False,
2378,Jomsome Bazar ma,Nepathya,rupesh_aryal,38,0,0.0,,0,0,False,False,False,
2379,Juna Jhain,Nepathya,legacy_932,27,0,0.0,,0,0,False,False,False,
2380,Karnali Ka Chhaila,Nepathya,site_nepaligeetlyrics.com,41,0,0.0,,0,0,False,False,False,
2381,Kasaile Sodha,Nepathya,legacy_932,25,0,0.0,,0,0,False,False,False,
2382,Lampate Surati,Nepathya,site_nepalilyrics.net,26,0,0.0,,0,0,False,False,False,
2383,Maryo Piratile,Nepathya,kaggle_genius,39,0,0.0,,0,0,False,False,False,
2384,Maya Garne Bani,Nepathya,rupesh_aryal,23,0,0.0,,0,0,False,False,False,
2385,Mero Desh,Nepathya,legacy_932,20,0,0.0,,0,0,False,False,False,
2386,Mero Hajur,Nepathya,kaggle_genius,19,0,0.0,,0,0,False,False,False,
2387,Nasai Chyaba,Nepathya,legacy_932,19,0,0.0,,0,0,False,False,False,
2388,Nepathya पचासै वर्षमा Pachasai Barsa ma,Nepathya,site_paankopat.com,59,0,0.0,,0,0,False,False,False,
2389,Palla Ghar Ka,Nepathya,kaggle_genius,27,0,0.0,,0,0,False,False,False,
2390,Pani Tire Tire Maryo Piratile,Nepathya,site_nepalilyrics.net,22,0,0.0,,0,0,False,False,False,
2391,Rangeen Chara,Nepathya,legacy_932,28,0,0.0,,0,0,False,False,False,
2392,Rangin Chara,Nepathya,kaggle_genius,33,0,0.0,,0,0,False,False,False,
2393,Rato Ra Chandra Surya,Nepathya,rupesh_aryal,17,0,0.0,,0,0,False,False,False,
2394,Resham,Nepathya,site_nepalilyrics.net,14,0,0.0,,0,0,False,False,False,
2397,Salaijyo,Nepathya,rupesh_aryal,36,0,0.0,,6,0,False,False,False,
2398,Samsanjhaima,Nepathya,kaggle_genius,32,0,0.0,,0,0,False,False,False,
2399,Samsanjhaima Kaag Kaarai,Nepathya,site_nepalilyrics.net,36,0,0.0,,0,0,False,False,False,
2400,Sano Kura,Nepathya,kaggle_genius,20,0,0.0,,0,0,False,False,False,
2401,Simanama,Nepathya,kaggle_genius,52,0,0.0,,0,0,False,False,False,
2402,Siran Ma Photo Cha,Nepathya,rupesh_aryal,28,0,0.0,,0,0,False,False,False,
2403,Sundar Shanta Nepal,Nepathya,legacy_932,27,0,0.0,,0,0,False,False,False,
2405,Taal Ko Pani तालको पानी,Nepathya,site_paankopat.com,33,0,0.0,,0,0,False,False,False,
2406,Tal Ko Pani,Nepathya,site_nepalilyrics.net,13,0,0.0,,0,0,False,False,False,
2407,Ukali Orali,Nepathya,legacy_932,29,0,0.0,,0,0,False,False,False,
2408,Yaanimaya,Nepathya,site_nepalilyrics.net,31,0,0.0,,0,0,False,False,False,
2409,Aaja Kina,Nepsydez,site_nepalilyrics.net,66,0,0.0,,0,0,False,False,False,
2410,Chudaina Timro Maya Le,Nepsydez,site_nepalilyrics.net,62,0,0.0,,0,0,False,False,False,
2411,Maya O Maya,Nepsydez,site_nepalilyrics.net,58,0,0.0,,0,0,False,False,False,
2412,Shake Your Body,Nepsydez,site_nepalilyrics.net,77,0,0.0,,0,0,False,False,False,
2413,Timi Mero Maan Ma,Nepsydez,site_nepalilyrics.net,57,0,0.0,,0,0,False,False,False,
2414,I Regret,Nepz Flo',kaggle_genius,60,0,0.0,,0,0,False,False,False,
2415,Lakhau Hajarau (Remix),Nepz Flo',legacy_932,28,0,0.0,,0,0,True,False,False,
2416,Timi Sangai,Nepz Flo',legacy_932,30,0,0.0,,0,0,False,False,False,
2419,Mayalu मायालु Hattichap Movie Song,New Release,site_paankopat.com,40,0,0.0,,0,0,False,False,False,
2420,Jet Udauchu,Nicky Karki,site_nepalilyrics.net,60,0,0.0,,0,0,False,False,False,
2421,Jet udauxu Ghui Ghui by Nicky Karki,Nicky Karki,site_paankopat.com,56,0,0.0,,0,0,False,False,False,
2423,Dada Kada Bhag 2,Night (NPL),legacy_932,17,0,0.0,,0,0,False,False,False,
2424,Darjeeling Ko Rail,"Nikesh Rai, Smita Pradhan",site_nepalilyrics.net,51,0,0.0,,0,0,False,False,False,
2425,Samaya,Nikhil Dhami,kaggle_genius,20,0,0.0,,0,0,False,False,False,
2427,Rang,"Nikhita Thapa, Brijesh Shrestha",site_nepalilyrics.net,40,0,0.0,,0,0,False,False,False,
2428,Mann Ko Kura,Nilesh Xavier Pradhan,legacy_932,13,0,0.0,,0,0,False,False,False,
2429,Aauna Ma Sanga Gaauna,Nima Rumba,site_nepalilyrics.net,41,0,0.0,,0,0,False,False,False,
2430,Aauna Sangai Naachau,Nima Rumba,site_nepalilyrics.net,65,0,0.0,,0,0,True,False,False,
2431,Anjaan Mayalu,Nima Rumba,site_nepalilyrics.net,29,0,0.0,,0,0,False,False,False,
2432,Block Hill,Nima Rumba,site_nepalilyrics.net,30,0,0.0,,0,0,False,False,False,
2433,Dui Dine Maya,Nima Rumba,site_nepalilyrics.net,36,0,0.0,,0,0,False,False,False,
2434,E Kanchi,Nima Rumba,site_nepalilyrics.net,28,0,0.0,,0,0,False,False,False,
2436,Harpal Khoi,Nima Rumba,site_nepalilyrics.net,30,0,0.0,,0,0,False,False,False,
2437,Huri Baatas,Nima Rumba,site_nepalilyrics.net,35,0,0.0,,0,0,False,False,False,
2438,Maya Maya,Nima Rumba,site_nepalilyrics.net,39,0,0.0,,0,0,False,False,False,
2439,Meri Priyasi,Nima Rumba,site_nepalilyrics.net,37,0,0.0,,0,0,False,False,False,
2440,Miss Catwalk,Nima Rumba,site_nepalilyrics.net,23,0,0.0,,0,0,False,False,False,
2441,Pagal Premi,Nima Rumba,kaggle_genius,83,0,0.0,,0,0,False,False,False,
2442,Preeti Basyo,Nima Rumba,site_nepalilyrics.net,50,0,0.0,,0,0,False,False,False,
2443,Rangau Ki Ma,Nima Rumba,site_nepalilyrics.net,26,0,0.0,,0,0,False,False,False,
2444,Saanjhma Pani,Nima Rumba,site_nepalilyrics.net,24,0,0.0,,0,0,False,False,False,
2445,Maiti Ghar Ko Aagan,Nirmala Ghimire,site_nepalilyrics.net,53,0,0.0,,1,0,False,False,False,
2446,Din Pani Bityo,Nirnaya Shrestha,site_nepalilyrics.net,78,0,0.0,,2,0,False,False,False,
2447,Gaule Jivan,Nirnaya Shrestha,site_nepalilyrics.net,16,0,0.0,,0,0,False,False,False,
2448,Kina Yesari Bina Artha Le,Nirwan N' Music Link,site_nepalilyrics.net,18,0,0.0,,1,1,False,False,False,
2449,Hit Geet,Nischal Basnet,kaggle_genius,30,0,0.0,,0,0,False,False,False,
2450,Gorkhe Khukuri,Nischal Dawadi & Shanti Shree pariyar,site_nepaligeetlyrics.com,74,0,0.0,,8,0,False,False,False,
2454,Laali Lapakkai Bale Dhapakkai Saari Sapakkai,"Nisha Sunar, Prakash Saput",site_nepalilyrics.net,138,0,0.0,,0,0,False,False,False,
2458,K Maya Lagchha Ra,Nishan Bhattarai & Eleena Chauhan,legacy_932,20,0,0.0,,0,0,False,False,False,
2460,Mayaantar,Nishant Gupta,legacy_932,21,0,0.0,,0,0,False,False,False,
2461,Gahiro Akha 2,Normal Academic,legacy_932,21,0,0.0,,0,0,False,False,False,
2462,Anaadi Song,Oasis Thapa,site_paankopat.com,36,0,0.0,,0,0,False,False,False,
2463,Antim Bidaai,Oasis Thapa,legacy_932,16,0,0.0,,0,0,False,False,False,
2465,Aparichit Bhaawanaa - Oasis Thapa,Oasis Thapa,site_paankopat.com,26,0,0.0,,0,0,False,False,False,
2467,Ek Dui Teen - Oasis Thapa,Oasis Thapa,site_paankopat.com,50,0,0.0,,0,0,False,False,False,
2472,Kura,Oasis Thapa,rupesh_aryal,17,0,0.0,,0,0,False,False,False,
2474,Rup Kathaa,Oasis Thapa,site_nepaligeetlyrics.com,32,0,0.0,,0,0,False,False,False,
2475,Sunna,Oasis Thapa,rupesh_aryal,21,0,0.0,,0,0,False,False,False,
2480,Garo Paryo Launa Jiuna,Om Bikram Bista,site_nepalilyrics.net,20,0,0.0,,0,0,False,False,False,
2481,Ko Ho Tyo,Om Bikram Bista,site_nepalilyrics.net,58,0,0.0,,0,0,False,False,False,
2483,Ma Mauntama,Om Bikram Bista,site_nepalilyrics.net,8,0,0.0,,0,0,False,False,False,
2484,Mero Rahar Biunjihiyera,Om Bikram Bista,site_nepalilyrics.net,14,0,0.0,,0,0,False,False,False,
2485,Mero Yaad Ajhai,Om Bikram Bista,site_nepalilyrics.net,19,0,0.0,,0,0,False,False,False,
2486,Sunchandi Bhanda,Om Bikram Bista,site_nepalilyrics.net,14,0,0.0,,1,0,False,False,False,
2487,Yaad Gara,Om Bikram Bista,site_nepalilyrics.net,18,0,0.0,,0,0,False,False,False,
2489,Angalney Chu,Oshin Karki,legacy_932,24,0,0.0,,0,0,False,False,False,
2490,Samhala,Oshin Karki,legacy_932,18,0,0.0,,0,0,False,False,False,
2491,Angalnechu Timilai Ma,Oshin Karki & Jybs,kaggle_genius,7,0,0.0,,1,0,False,False,False,
2492,Timi Tare Bhir,Pabitra Subba,site_nepalilyrics.net,21,0,0.0,,0,0,False,False,False,
2493,Bari Lai,Pahenlo Batti Muni,rupesh_aryal,15,0,0.0,,0,0,False,False,False,
2494,Gauthali,Pahenlo Batti Muni,rupesh_aryal,23,0,0.0,,0,0,False,False,False,
2495,Khola Sangai,Pahenlo Batti Muni,site_nepaligeetlyrics.com,14,0,0.0,,0,0,False,False,False,
2496,Tatepate,Pahenlo Batti Muni,rupesh_aryal,17,0,0.0,,0,0,False,False,False,
2497,Babari Fulko Bot,"Pandav Sunuwar, Basudev Munal",site_nepalilyrics.net,25,0,0.0,,0,0,False,False,False,
2498,Sakyo Nani,"Pandav Sunuwar, Basudev Munal",site_nepalilyrics.net,36,0,0.0,,0,0,False,False,False,
2499,Bhijyo Timro Rato Pachhauri,"Pandav Sunuwar, Gyanu Rana, Basudev Munal",site_nepalilyrics.net,42,0,0.0,,0,0,False,False,False,
2500,Bairoadko batoma,"Pandav Sunuwar, Hiranya Bhojpure",site_nepalilyrics.net,17,0,0.0,,0,0,False,False,False,
2501,Una giornata al mare,Paolo Conte,itunes,33,0,0.0,,0,0,False,False,False,
2502,Haatma Rumal,Parivesh (Tilak Bam Malla),site_nepalilyrics.net,46,0,0.0,,0,0,False,False,False,
2503,Mutu Chune Lumle Ko Hawale,Parivesh (Tilak Bam Malla),site_nepalilyrics.net,20,0,0.0,,0,0,False,False,False,
2504,Bimaan,Pariwartan,rupesh_aryal,25,0,0.0,,0,0,False,False,False,
2506,Lutna Sake Loot,Pashupati Sharma,legacy_932,18,0,0.0,,0,0,False,False,False,
2508,Dohori Ko Raja,Pashupati Sharma & Laxmi Malla,kaggle_genius,198,0,0.0,,0,0,False,False,False,
2509,Jam Bhane Janchhau Ta,"Pashupati Sharma, Shanti Shree Pariyar",site_nepalilyrics.net,137,0,0.0,,0,0,False,False,False,
2510,Jai Shiva Bhola,"Pashupati Sharma, Sunita Buda Magar",site_nepalilyrics.net,60,0,0.0,,0,0,False,False,False,
2512,Mohabbat Bula Rahi Hai,"Payal Dev, Ankit Tiwari & Kunaal Vermaa",itunes,36,0,0.0,,0,0,False,False,False,
2513,Sano Naulo Sansaar,Peeyush Nepal & Abhibyanjana Rubhi Thatal,kaggle_genius,24,0,0.0,,0,0,False,False,False,
2514,Hajurlai,Pema Lama,kaggle_genius,26,0,0.0,,0,0,False,False,False,
2515,Hande,PGGH,legacy_932,22,0,0.0,,0,0,False,False,False,
2516,Marna baru,Phatteman,rupesh_aryal,32,0,0.0,,0,0,False,False,False,
2518,Banai Khayo Dadhelole,Phatteman Rajbhandari,site_nepalilyrics.net,16,0,0.0,,0,0,False,False,False,
2519,Jindagi Ko Pana Bhari,Phatteman Rajbhandari,site_nepalilyrics.net,12,0,0.0,,0,0,False,False,False,
2520,Marna Baru,Phatteman Rajbhandari,site_nepalilyrics.net,13,0,0.0,,0,0,False,False,False,
2521,Milan Pani,Phatteman Rajbhandari,site_nepalilyrics.net,26,0,0.0,,0,0,False,False,False,
2522,Raktim,Phatteman Rajbhandari,site_nepalilyrics.net,17,0,0.0,,0,0,False,False,False,
2523,San Nani Ko Galai Ma,Phatteman Rajbhandari,site_nepalilyrics.net,13,0,0.0,,0,0,False,False,False,
2524,Timile Sochda,Phatteman Rajbhandari,site_nepalilyrics.net,20,0,0.0,,0,0,False,False,False,
2525,Yesto Pani,Phatteman Rajbhandari,site_nepalilyrics.net,19,0,0.0,,0,0,False,False,False,
2527,Chaubandi Choli,Phiroj Shyangden,deezer,25,0,0.0,,0,0,False,False,False,
2528,Chaubandi Cholo,Phiroj Shyangden,legacy_932,18,0,0.0,,0,0,False,False,False,
2529,Chitthi,Phiroj Shyangden,legacy_932,20,0,0.0,,0,0,False,False,False,
2530,Gurans Fulyo,Phiroj Shyangden,legacy_932,20,0,0.0,,0,0,False,False,False,
2531,Timro Mayale,Phiroj Shyangden,kaggle_genius,18,0,0.0,,0,0,False,False,False,
2532,Yudha Kai Chhekama,Phiroj Shyangden,kaggle_genius,28,0,0.0,,0,0,False,False,False,
2534,Know This Time,Phosphenes,rupesh_aryal,15,0,0.0,,0,0,False,False,False,
2535,Budi Maau,Pilot (Nepal),legacy_932,24,0,0.0,,0,0,False,False,False,
2536,Aaha,Piroo Rana,kaggle_genius,27,0,0.0,,0,0,False,False,False,
2537,Ko Hau Timi,Piroo Rana,kaggle_genius,12,0,0.0,,0,0,False,False,False,
2538,Maya k ho?,Piroo Rana,legacy_932,16,0,0.0,,0,0,False,False,False,
2539,Yedi,Piroo x Shike x Elvin,kaggle_genius,14,0,0.0,,0,0,False,False,False,
2540,Aau Timi,Prabesh Kumar Shrestha,legacy_932,19,0,0.0,,0,0,False,False,False,
2541,Adhuro,Prabesh Kumar Shrestha,legacy_932,21,0,0.0,,0,0,False,False,False,
2543,Launata Preet,Prabesh Man Shakya,site_nepalilyrics.net,31,0,0.0,,0,0,False,False,False,
2544,Maile Janina,Prabesh Man Shakya,site_nepalilyrics.net,19,0,0.0,,0,0,False,False,False,
2545,Timi samu,Prabesh Man Shakya,site_nepalilyrics.net,13,0,0.0,,0,0,False,False,False,
2546,Tiriri Murali Bajyo Banaima,Prabesh Man Shakya,site_nepalilyrics.net,31,0,0.0,,0,0,False,False,False,
2548,Hamro Maya Charkiyeko,"Prabin Bedwal, Rachana Rimal",site_nepalilyrics.net,34,0,0.0,,0,0,False,False,False,
2549,Yo Dajuko Mirmire Aakha,"Prabin Gurung, Bima Kumari Dura",site_nepalilyrics.net,60,0,0.0,,0,0,False,False,False,
2560,Pipal Chheuma Bar,"Prabisha Adhikari, Roshan Singh",site_nepalilyrics.net,92,0,0.0,,0,0,False,False,False,
2561,Ma Timro Sahar Chodi,Pradeepraj Pande,site_nepalilyrics.net,25,0,0.0,,0,0,False,False,False,
2562,Figure Coca Cola,Prahlad Timalsina & Jonisha Paudel,legacy_932,23,0,0.0,,0,0,False,False,False,
2563,Jhyappai,Prahlad Timalsina & Milan Amatya,kaggle_genius,27,0,0.0,,0,0,False,False,False,
2564,Mayama Raichha K Saro,Prajakta Shukre,site_nepalilyrics.net,37,0,0.0,,0,0,False,False,False,
2565,Antarikchya,Prajina,rupesh_aryal,17,0,0.0,,0,0,False,False,False,
2566,Bhulideu,Prajina,rupesh_aryal,20,0,0.0,,0,0,False,False,False,
2567,Bloom|Basanta,Prajina,rupesh_aryal,37,0,0.0,,0,0,False,False,False,
2568,Ghost,Prajina,rupesh_aryal,33,0,0.0,,0,0,False,False,False,
2569,Hami,Prajina,rupesh_aryal,18,0,0.0,,0,0,False,False,False,
2570,Kina Bhanenau,Prajina,legacy_932,24,0,0.0,,0,0,False,False,False,
2571,Mitho Sapana,Prajina,site_nepaligeetlyrics.com,48,0,0.0,,1,1,False,False,False,
2572,Rituuu,Prajina,rupesh_aryal,25,0,0.0,,0,0,False,False,False,
2573,Shabda Haru,Prajina,rupesh_aryal,20,0,0.0,,0,0,False,False,False,
2574,Yo Sahar,Prajina,rupesh_aryal,19,0,0.0,,0,0,False,False,False,
2576,Mai Jamla मै जाम्ला,Prakash Dutraj,site_paankopat.com,12,0,0.0,,0,0,False,False,False,
2577,Rimai रिमै Prakash Dutraj Melina Rai,Prakash Dutraj,site_paankopat.com,58,0,0.0,,0,0,False,False,False,
2578,Binti Cha Hai,Prakash Gurung,site_nepalilyrics.net,8,0,0.0,,0,0,False,False,False,
2579,Bakhra Garcha Mya,Prakash Ojha,site_nepalilyrics.net,28,0,0.0,,0,0,False,False,False,
2580,Bhatkai Dinchhu,Prakash Ojha,site_nepalilyrics.net,32,0,0.0,,0,0,False,False,False,
2581,Chhori Jaanchhe Beauty Parlour,Prakash Ojha,site_nepalilyrics.net,53,0,0.0,,0,0,False,False,False,
2582,Jau Ki Kya Ho Ma Pani Jhim Khana,Prakash Ojha,site_nepalilyrics.net,20,0,0.0,,0,0,False,False,False,
2583,Marchhe Budi Le,Prakash Ojha,site_nepalilyrics.net,51,0,0.0,,0,0,False,False,False,
2584,Okharbote Kaka,Prakash Ojha,site_nepalilyrics.net,58,0,0.0,,1,1,False,False,False,
2585,Ye Bau Bhat Khana Aau,Prakash Ojha,site_nepalilyrics.net,57,0,0.0,,0,0,False,False,False,
2586,Bola Maya,Prakash Saput,kaggle_genius,36,0,0.0,,0,0,False,False,False,
2587,Galbandi (गलबन्दी),Prakash Saput,legacy_932,30,0,0.0,,0,0,False,False,False,
2588,Pir,Prakash Saput,legacy_932,20,0,0.0,,0,0,False,False,False,
2591,Bina Swadaiko,Prakash Saput | Devendra Bablu | Basanta Movie,site_nepaligeetlyrics.com,42,0,0.0,,0,0,False,False,False,
2592,Dohori Battle 2,Prakash Saput & Preeti Ale,legacy_932,22,0,0.0,,0,0,False,False,False,
2594,Galbandi,"Prakash Saput, Shanti Shree Pariyar",site_nepalilyrics.net,127,0,0.0,,0,0,False,False,False,
2595,Baiguni Chau Bhanu Bhane,Prakash Shrestha,site_nepalilyrics.net,21,0,0.0,,0,0,False,False,False,
2596,Fewa Taal Ko Aagan Ma Lai Lai,Prakash Shrestha,site_nepalilyrics.net,24,0,0.0,,0,0,False,False,False,
2597,Gahiraima Dubdai Naduba,Prakash Shrestha,site_nepalilyrics.net,32,0,0.0,,0,0,True,False,False,
2598,Ma Pani Ta Kunai Aasma,Prakash Shrestha,site_nepalilyrics.net,15,0,0.0,,0,0,True,False,False,
2599,Maile Geet Chodi Aaye,Prakash Shrestha,site_nepalilyrics.net,18,0,0.0,,0,0,False,False,False,
2600,Malai Nazarko Isara Nadeu,Prakash Shrestha,site_nepalilyrics.net,24,0,0.0,,0,0,False,False,False,
2601,Pani Ko Rimjhim,Prakash Shrestha,site_nepalilyrics.net,24,0,0.0,,0,0,False,False,False,
2602,Safal Timro,Prakash Shrestha,site_nepalilyrics.net,19,0,0.0,,0,0,False,False,False,
2603,Timi Laliguras Phule Jasti,Prakash Shrestha,site_nepalilyrics.net,28,0,0.0,,0,0,False,False,False,
2604,Timi Sanga Dunga Ma,Prakash Shrestha,site_nepalilyrics.net,30,0,0.0,,0,0,False,False,False,
2605,Timro Aakha Ko Sagar Ma,Prakash Shrestha,site_nepalilyrics.net,42,0,0.0,,0,0,False,False,False,
2606,Yestai Nai Cha,Prakash Shrestha,site_nepalilyrics.net,21,0,0.0,,0,0,False,False,False,
2607,Yo Jiwan Timro Nai Ho,Prakash Shrestha,site_nepalilyrics.net,13,0,0.0,,0,0,False,False,False,
2608,Nepaliko Chatima Himali Chaya,"Prakash Shrestha, Lochan Bhattarai, Sapana Shree",site_nepalilyrics.net,25,0,0.0,,0,0,False,False,False,
2609,Na Mero Gharai Cha,"Prakash Shrestha, Sadhana Sargam",site_nepalilyrics.net,32,0,0.0,,0,0,False,False,False,
2610,Najauna Malai Chhodi,Prakash Shrestha & Sushma Shrestha,legacy_932,21,0,0.0,,0,0,False,False,False,
2611,Aakhir Malai Jhukkayer Arkai,Prakash Timilsina,site_nepalilyrics.net,48,0,0.0,,0,0,False,False,False,
2617,Galti Merai Thiyo,Pramod Kharel,site_nepalilyrics.net,26,0,0.0,,0,0,False,False,False,
2620,Hungama Bho Kasam,Pramod Kharel,site_nepalilyrics.net,40,0,0.0,,0,0,False,False,False,
2621,Jhuma Jhuma,Pramod Kharel,site_nepalilyrics.net,32,0,0.0,,0,0,False,False,False,
2625,Kina Timrai Matra,Pramod Kharel,site_nepalilyrics.net,23,0,0.0,,0,0,False,False,False,
2626,Kina Timro Mayale,Pramod Kharel,site_nepalilyrics.net,50,0,0.0,,0,0,False,False,False,
2627,Lai Lai Lai,Pramod Kharel,site_nepaligeetlyrics.com,43,0,0.0,,0,0,False,False,False,
2628,Ma Bachekai Timi Sanga,Pramod Kharel,site_nepalilyrics.net,31,0,0.0,,0,0,False,False,False,
2629,Ma Bina Kasai Kasilailai,Pramod Kharel,site_nepalilyrics.net,39,0,0.0,,0,0,False,False,False,
2634,Timi Sanga Najar Judhai,Pramod Kharel,site_nepalilyrics.net,23,0,0.0,,0,0,False,False,False,
2635,Usle Jati Maya Timilai,Pramod Kharel,site_nepalilyrics.net,46,0,0.0,,0,0,False,False,False,
2640,Afnai Jindagi Aafai Lai,"Pramod Kharel, Shiva Pariyar",site_nepalilyrics.net,31,0,0.0,,0,0,False,False,False,
2643,Lagi Lagi,Pramod Kharel & Yogita Moktan,legacy_932,23,0,0.0,,0,0,False,False,False,
2644,Tyo raat ko,Pramod Upadhya,site_paankopat.com,23,0,0.0,,0,0,False,False,False,
2645,MAARSI DHAN,PRASAD 2 Movie Song,site_paankopat.com,54,0,0.0,,0,0,False,False,False,
2646,Aau Re,Prasanna Dhoj Pradhan,site_nepalilyrics.net,29,0,0.0,,0,0,False,False,False,
2647,Hey Maya,Prasanna Dhoj Pradhan,site_nepalilyrics.net,21,0,0.0,,0,0,False,False,False,
2648,Ko Haw Timi,Prashant Ezekiel Rai,site_nepalilyrics.net,34,0,0.0,,0,0,False,False,False,
2656,Are Kyanam,Prashant Tamang,site_nepalilyrics.net,24,0,0.0,,0,0,True,False,False,
2657,Asarai Mahina Ma,Prashant Tamang,site_nepalilyrics.net,20,0,0.0,,0,0,False,False,False,
2658,Asarai Mainama,Prashant Tamang,site_nepalilyrics.net,32,0,0.0,,0,0,False,False,False,
2659,Bichodako Karautile,Prashant Tamang,site_nepalilyrics.net,42,0,0.0,,0,0,False,False,False,
2660,Ghamko Maya,Prashant Tamang,site_nepalilyrics.net,35,0,0.0,,0,0,False,False,False,
2661,Hijo Samma Eklo Thiye,Prashant Tamang,site_nepalilyrics.net,13,0,0.0,,0,0,False,False,False,
2662,I Need You,Prashant Tamang,site_nepalilyrics.net,30,0,0.0,,0,0,False,False,False,
2663,Man Saili,Prashant Tamang,site_nepalilyrics.net,28,0,0.0,,0,0,False,False,False,
2664,Sirima Siri Batasai Chalyo,"Prashant Tamang, Anju Panta, Deepa Narayan Jha",site_nepalilyrics.net,36,0,0.0,,0,0,False,False,False,
2665,Aawaz Deu,Prashna Shakya,site_nepalilyrics.net,32,0,0.0,,2,0,False,False,False,
2666,Pari Pakha Gham Lagyo,Prashna Shakya,site_nepalilyrics.net,14,0,0.0,,0,0,False,False,False,
2667,Bihe Pass Song,Pratap Das,site_paankopat.com,19,0,0.0,,0,0,False,False,False,
2673,Mutu katakkai मुटु कट्टकै,Pratap Das,site_paankopat.com,163,0,0.0,,0,0,False,False,False,
2674,Photo Firimma,Pratap Das,legacy_932,18,0,0.0,,0,0,False,False,False,
2683,Phul Butte Sari,Pratik Gurung,legacy_932,21,0,0.0,,0,0,False,False,False,
2684,Mwai Khadai Mwai Khadai,"Pratima Bishwokarma, Gyanu Pariyar",site_nepalilyrics.net,167,0,0.0,,0,0,False,False,False,
2685,Call Me Didi,Prativa Rani,legacy_932,25,0,0.0,,0,0,True,False,False,
2686,Ghar ta Dhading Nuwakot,Preeti Rimal,legacy_932,24,0,0.0,,0,0,False,False,False,
2688,Ghumti ma na aau hai,Prem Dhoj Pradhan,rupesh_aryal,11,0,0.0,,0,0,False,False,False,
2689,Maya Namara Mayalu,Prem Dhoj Pradhan,site_nepalilyrics.net,29,0,0.0,,0,0,False,False,False,
2690,Namana Laaja Yestari,Prem Dhoj Pradhan,site_nepalilyrics.net,43,0,0.0,,0,0,False,False,False,
2691,Para Laijau Phool Haru,Prem Dhoj Pradhan,site_nepalilyrics.net,16,0,0.0,,0,0,False,False,False,
2692,Para Laijau Phoolaharu,Prem Dhoj Pradhan,site_nepalilyrics.net,35,0,0.0,,0,0,False,False,False,
2693,para laijau phoolharu,Prem Dhoj Pradhan,rupesh_aryal,14,0,0.0,,0,0,False,False,False,
2694,Tadha Bhaigaeu Pheri,Prem Dhoj Pradhan,site_nepalilyrics.net,18,0,0.0,,0,0,False,False,False,
2695,Tara matra haina timilai,Prem Dhoj Pradhan,site_paankopat.com,14,0,0.0,,0,0,False,False,False,
2696,Tara Matra Hoina,Prem Dhoj Pradhan,site_nepalilyrics.net,13,0,0.0,,0,0,False,False,False,
2697,Timilai Achel Kaha Bhetu,Prem Dhoj Pradhan,site_paankopat.com,26,0,0.0,,0,0,False,False,False,
2698,Tori Fulyo Lekh Nai Jhulyo,Prem Dhoj Pradhan,site_nepalilyrics.net,13,0,0.0,,0,0,False,False,False,
2699,Yo Naniko Siraima,Prem Dhoj Pradhan,rupesh_aryal,14,0,0.0,,0,0,False,False,False,
2700,Yo Nepali Sir Uchali,"Prem Dhoj Pradhan, Tara Devi",site_nepalilyrics.net,23,0,0.0,,0,0,False,False,False,
2701,Marne Kasailai Rahar Hudaina,Prem Pariyar,site_nepalilyrics.net,12,0,0.0,,0,0,False,False,False,
2702,Timilai Ta Tha Chha Ni Aama,Prem Pariyar,site_nepalilyrics.net,13,0,0.0,,0,0,False,False,False,
2703,Aaja ko Raat,Prince shrestha,legacy_932,27,0,0.0,,4,0,False,False,False,
2704,K ho yesto,Prince shrestha,legacy_932,22,0,0.0,,0,0,False,False,False,
2705,Kasle Bhanyo Moti Keti Raamri Hunna Bhani,Priti Ale Magar,site_nepalilyrics.net,91,0,0.0,,0,0,False,False,False,
2706,Khai Ta Mayale Malai Piyari,Priti Ale Magar,site_nepalilyrics.net,112,0,0.0,,0,0,False,False,False,
2708,Aaundai Chhu Ma Teha,Puja Rai,site_nepalilyrics.net,25,0,0.0,,0,0,False,False,False,
2711,Manaka Kura,Purna Rai,site_nepalilyrics.net,22,0,0.0,,0,0,False,False,False,
2712,Paribhasa,Purna Rai,site_nepalilyrics.net,48,0,0.0,,0,0,False,False,False,
2713,Sparsha Sangeet,Purna Rai,legacy_932,22,0,0.0,,2,0,False,False,False,
2714,Timro Maya 99 Vaye,Purna Rai,site_nepalilyrics.net,34,0,0.0,,0,0,False,False,False,
2715,Timilai,Purna Rai And Dajubhaiharu,site_nepaligeetlyrics.com,64,0,0.0,,2,0,False,False,False,
2716,Baadal,Purna Rai & Dajubhaiharu,site_nepaligeetlyrics.com,24,0,0.0,,0,0,False,False,False,
2717,Biram,Purna Rai & Dajubhaiharu,site_nepaligeetlyrics.com,32,0,0.0,,1,1,False,False,False,
2718,Chaak,Purna Rai & Dajubhaiharu,site_nepaligeetlyrics.com,51,0,0.0,,0,0,False,False,False,
2719,Dhurwa Tara,Purna Rai & Dajubhaiharu,site_nepaligeetlyrics.com,53,0,0.0,,1,1,False,False,False,
2720,Kalo Seto,Purna Rai & Dajubhaiharu,site_nepaligeetlyrics.com,27,0,0.0,,0,0,False,False,False,
2721,Manaka Kura,Purna Rai & Dajubhaiharu,site_nepaligeetlyrics.com,23,0,0.0,,1,1,False,False,False,
2722,Paribhasa,Purna Rai & Dajubhaiharu,site_nepaligeetlyrics.com,42,0,0.0,,0,0,False,False,False,
2723,Sparsha Sangeet,Purna Rai & Dajubhaiharu,site_nepaligeetlyrics.com,72,0,0.0,,2,2,False,False,False,
2724,Dadai Bishauni,"Purnakala BC, Basanta Thapa",site_nepalilyrics.net,76,0,0.0,,0,0,False,False,False,
2725,Maiti Dhani Hudai Gae,"Purnakala BC, Pashupati Sharma",site_nepalilyrics.net,190,0,0.0,,0,0,False,False,False,
2726,उ जितेर गइ या हारेर गइ,Purshottam dhungel,kaggle_genius,27,0,0.0,,0,0,False,False,False,
2727,Babu Ko Jungo,Pushpan Pradhan,site_nepalilyrics.net,25,0,0.0,,0,0,False,False,False,
2728,Bara Chhoro Tera Naati,Pushpan Pradhan,site_paankopat.com,23,0,0.0,,0,0,True,False,False,
2729,Kali,Pushpan Pradhan,site_nepalilyrics.net,23,0,0.0,,0,0,False,False,False,
2733,Timilai Dekhe Dekhi,Rabin Sharma,site_nepalilyrics.net,43,0,0.0,,0,0,False,False,False,
2734,Phool Jhare Pani Kada Jhardaina,"Rabin Sharma, Aruna Lama, Tara Thapa",site_nepalilyrics.net,44,0,0.0,,0,0,False,False,False,
2735,Ankhai ma jhala jhali,Rabin Shrestha,site_paankopat.com,78,0,0.0,,1,1,False,False,False,
2736,Godhuli Saanjhama,Rabin Shrestha,site_nepalilyrics.net,23,0,0.0,,0,0,False,False,False,
2737,Pari Gaau Ki Nakkali Kanchhi,Rabin Shrestha,site_nepalilyrics.net,34,0,0.0,,0,0,False,False,False,
2738,Aankhaima Jhalajhali,"Rabin Shrestha, Sharmila Bardewa",site_nepalilyrics.net,47,0,0.0,,0,0,False,False,False,
2739,Bhumari,Rachana Dahal,rupesh_aryal,22,0,0.0,,0,0,False,False,False,
2742,Bhadaure Bhelaile,Rachana Rimal,site_nepalilyrics.net,58,0,0.0,,0,0,False,False,False,
2749,Photo Firimma,Rachana Rimal,site_nepalilyrics.net,42,0,0.0,,0,0,False,False,False,
2750,Unko Preeti Pahile ho ki,Rachana Rimal,site_paankopat.com,15,0,0.0,,0,0,False,False,False,
2751,Samji Kina Runthe Ma,"Rachana Rimal, Hemanta Kanchha Rasaily",site_nepalilyrics.net,60,0,0.0,,0,0,False,False,False,
2753,Bhana Saila,Rachana Rimal & Ramesh Raj Bhattarai,kaggle_genius,35,0,0.0,,0,0,False,False,False,
2755,Oye Bhanda Ni Bolena,Rachana Rimal | Salina BK | PARAAN Movie Song,site_nepaligeetlyrics.com,65,0,0.0,,0,0,False,False,False,
2757,Manle,Raghbendra shrestha,kaggle_genius,36,0,0.0,,0,0,False,False,False,
2759,Afno Mann Aafai Sanga,Rahul Vaidya,site_nepalilyrics.net,18,0,0.0,,0,0,False,False,False,
2760,Najau Tada Timilai Mero Maya,Rahul Vaidya,site_nepalilyrics.net,29,0,0.0,,0,0,False,False,False,
2761,Nepali Ho,Raila Roka,legacy_932,35,0,0.0,,0,0,False,False,False,
2762,Buki Ful Siurideu Siraima,"Raj Bahadur Gurung, Sarun Gurung, Priya Gurung",site_nepalilyrics.net,62,0,0.0,,0,0,False,False,False,
2763,Kripa Krishna Ki Haldhar Ka Hal,Raj Kamal,site_nepalilyrics.net,52,0,0.0,,0,0,False,False,False,
2764,Samjhana Aankhaima,Raj Sargam,site_nepalilyrics.net,60,0,0.0,,2,0,False,False,False,
2765,Adhi Raat Thiyo Juneli,Raj Sigdel,site_nepalilyrics.net,23,0,0.0,,0,0,False,False,False,
2766,U Jitera Gai Ya Harera Gai,Raj Sigdel,site_nepalilyrics.net,34,0,0.0,,0,0,False,False,False,
2767,Basma chhaina mero man,Rajan Ishan,site_nepalilyrics.net,40,0,0.0,,0,0,False,False,False,
2769,Phul Butte Sari,Rajan Raj,site_paankopat.com,48,0,0.0,,0,0,False,False,False,
2771,Gojima Daam Chaina Mero,Rajan Raj Shiwakoti,site_nepalilyrics.net,91,0,0.0,,0,0,False,False,False,
2772,Gojima Daam Chhaina,Rajan Raj Shiwakoti,legacy_932,20,0,0.0,,0,0,False,False,False,
2773,Kutu Ma Kutu,Rajan Raj Shiwakoti,legacy_932,18,0,0.0,,0,0,False,False,False,
2776,Surke Thaili Khai,Rajan Raj Shiwakoti,legacy_932,21,0,0.0,,0,0,False,False,False,
2787,Aafnai Chaina,Rajesh Payal Rai,site_nepalilyrics.net,35,0,0.0,,0,0,False,False,False,
2788,Aaithan Hola,Rajesh Payal Rai,site_nepalilyrics.net,30,0,0.0,,0,0,False,False,False,
2789,Aaja Bholi Timiley,Rajesh Payal Rai,site_nepalilyrics.net,50,0,0.0,,0,0,False,False,False,
2790,Baiguni Le Chade Pachi,Rajesh Payal Rai,site_nepalilyrics.net,40,0,0.0,,0,0,False,False,False,
2791,Baiguni Raichau,Rajesh Payal Rai,site_nepalilyrics.net,10,0,0.0,,0,0,False,False,False,
2792,Birsu Bhanchu,Rajesh Payal Rai,site_nepalilyrics.net,26,0,0.0,,0,0,False,False,False,
2793,Darshan Namaste,Rajesh Payal Rai,site_nepalilyrics.net,25,0,0.0,,0,0,False,False,False,
2795,Dashain Dikpal,Rajesh Payal Rai,site_nepalilyrics.net,29,0,0.0,,0,0,False,False,False,
2796,Failiyo Maya Dubo Sari,Rajesh Payal Rai,site_nepalilyrics.net,12,0,0.0,,0,0,False,False,False,
2797,Ghar Bare Raicheu Mayalu,Rajesh Payal Rai,site_nepalilyrics.net,33,0,0.0,,0,0,False,False,False,
2798,Khas Ta Kehi Chaina,Rajesh Payal Rai,site_nepalilyrics.net,22,0,0.0,,0,0,False,False,False,
2799,Nani ko Chanchale Bani,Rajesh Payal Rai,site_nepalilyrics.net,19,0,0.0,,0,0,False,False,False,
2800,Timro Mushkan Timro Maya,Rajesh Payal Rai,site_nepalilyrics.net,28,0,0.0,,0,0,False,False,False,
2804,Tal Tal Talkine,"Rajesh Payal Rai, Anila Rai",site_nepalilyrics.net,74,0,0.0,,0,0,False,False,False,
2805,Sagar Sari Chokho Maya,"Rajesh Payal Rai, Anju Panta",site_nepalilyrics.net,41,0,0.0,,0,0,False,False,False,
2806,Dharan Dhankuta,"Rajesh Payal Rai, Baishali Subba",site_nepalilyrics.net,89,0,0.0,,0,0,False,False,False,
2807,Aakasai Ma,"Rajesh Payal Rai, Melina Rai",site_nepalilyrics.net,31,0,0.0,,0,0,False,False,False,
2808,Jaga Lamka Chamka Hai,"Rajesh Payal Rai, Ram Krishna Dhakal",site_nepalilyrics.net,23,0,0.0,,0,0,False,False,False,
2810,Maya Garchhu Female Version,Rajina Rimal,kaggle_genius,29,0,0.0,,0,0,False,False,False,
2811,Timi Auna Sakchau,Rajina Rimal,site_nepalilyrics.net,40,0,0.0,,0,0,False,False,False,
2812,Sayau Juni,"Rajina Rimal, Jagdish Samal",site_nepalilyrics.net,41,0,0.0,,0,0,True,False,False,
2814,Hey Krishna Malai Mitho,Raju Adhikari,site_nepalilyrics.net,58,0,0.0,,0,0,False,False,False,
2816,Beautiful Girls,Raju Gurung,site_nepalilyrics.net,28,0,0.0,,4,0,True,False,False,
2817,Baadal Pari Ko Desh,Raju Lama,site_nepalilyrics.net,14,0,0.0,,0,0,False,False,False,
2818,Baisa Chhada Dherai Sanga,Raju Lama,site_nepalilyrics.net,14,0,0.0,,0,0,False,False,False,
2819,Bhai Tikama Bhetna Aaula,Raju Lama,site_nepalilyrics.net,11,0,0.0,,0,0,False,False,False,
2820,Bhawana Ma Bahakine,Raju Lama,legacy_932,21,0,0.0,,0,0,False,False,False,
2821,Dil Basyo,Raju Lama,kaggle_genius,24,0,0.0,,0,0,False,False,False,
2822,Dil Basyo Mayalu,Raju Lama,site_nepalilyrics.net,21,0,0.0,,0,0,False,False,False,
2823,Halla Chalecha,Raju Lama,site_nepalilyrics.net,38,0,0.0,,0,0,False,False,False,
2824,Halla Chalechha,Raju Lama,legacy_932,19,0,0.0,,0,0,False,False,False,
2825,Herda Herdai,Raju Lama,site_nepalilyrics.net,17,0,0.0,,0,0,False,False,False,
2826,Jharanako Chiso Paani,Raju Lama,site_nepalilyrics.net,43,0,0.0,,0,0,False,False,False,
2827,Kanchhi Chitwan,Raju Lama,legacy_932,17,0,0.0,,0,0,False,False,False,
2828,Khole Khaye Pani,Raju Lama,kaggle_genius,57,0,0.0,,0,0,False,False,False,
2829,Lako Maya Laina Nabhana,Raju Lama,site_nepalilyrics.net,30,0,0.0,,0,0,False,False,False,
2830,Mero Nepal,Raju Lama,kaggle_genius,29,0,0.0,,0,0,False,False,False,
2831,Mo Maya Laudina,Raju Lama,site_nepalilyrics.net,29,0,0.0,,0,0,False,False,False,
2832,Natanu Ta Tanu Lagne,Raju Lama,site_nepalilyrics.net,36,0,0.0,,0,0,True,False,False,
2833,Parkhai Ma Bhijyo,Raju Lama,kaggle_genius,29,0,0.0,,0,0,False,False,False,
2834,Parkhaima Bhijyo Sirani,Raju Lama,site_nepalilyrics.net,33,0,0.0,,0,0,False,False,False,
2835,Sayad Timro,Raju Lama,legacy_932,20,0,0.0,,0,0,False,False,False,
2836,Sayad Timro Baato Ma,Raju Lama,site_nepalilyrics.net,26,0,0.0,,0,0,False,False,False,
2837,Sayad timro baatoma - Raju Lama,Raju Lama,site_paankopat.com,56,0,0.0,,0,0,False,False,False,
2838,Timilai Dekhera,Raju Lama,legacy_932,20,0,0.0,,0,0,False,False,False,
2839,Timilai Dekhera Himal Haseko,Raju Lama,site_nepalilyrics.net,18,0,0.0,,0,0,False,False,False,
2840,Ubo Ubo Khasa,Raju Lama,site_nepalilyrics.net,34,0,0.0,,0,0,False,False,False,
2841,Yo Junima,Raju Lama,kaggle_genius,20,0,0.0,,0,0,True,False,False,
2842,Yo Junima Timilai Paye,Raju Lama,site_nepalilyrics.net,18,0,0.0,,0,0,False,False,False,
2843,Aauchu Bhani Papini Le,Ram Krishna Dhakal,site_paankopat.com,17,0,0.0,,0,0,False,False,False,
2844,Achanolai Thaha Hola,Ram Krishna Dhakal,site_nepalilyrics.net,38,0,0.0,,0,0,False,False,False,
2845,Ajhai Pani Lajauchau,Ram Krishna Dhakal,site_paankopat.com,21,0,0.0,,0,0,False,False,False,
2846,Ashu Deu Ya Haso,Ram Krishna Dhakal,site_nepalilyrics.net,23,0,0.0,,0,0,False,False,False,
2847,Asnsu Deu Ya Haso,Ram Krishna Dhakal,site_paankopat.com,12,0,0.0,,0,0,False,False,False,
2848,Bachan Tode Kasam Ni Tode,Ram Krishna Dhakal,site_nepalilyrics.net,22,0,0.0,,0,0,False,False,False,
2849,Barshat Ma Uni Ruda,Ram Krishna Dhakal,site_paankopat.com,12,0,0.0,,0,0,False,False,False,
2850,Bhanne Kura Na Ho,Ram Krishna Dhakal,site_nepalilyrics.net,43,0,0.0,,0,0,False,False,False,
2851,Bihana Uthne Bittikai,Ram Krishna Dhakal,site_nepalilyrics.net,14,0,0.0,,0,0,False,False,False,
2852,Bihana Uthne Bittikai HImal Dekhna Paaios,Ram Krishna Dhakal,site_paankopat.com,14,0,0.0,,0,0,False,False,False,
2853,Chari Le Ta Chadera Gaigayo,Ram Krishna Dhakal,site_paankopat.com,18,0,0.0,,0,0,False,False,False,
2854,Chari Le Ta Chhadera Gaigayo,Ram Krishna Dhakal,site_nepalilyrics.net,33,0,0.0,,0,0,False,False,False,
2855,Chodi Gaye Paap Laagla,Ram Krishna Dhakal,site_nepalilyrics.net,38,0,0.0,,0,0,False,False,False,
2856,Chodi Gaye Paap Lagla,Ram Krishna Dhakal,site_nepalilyrics.net,50,0,0.0,,0,0,False,False,False,
2857,Daiba Tero,Ram Krishna Dhakal,site_nepalilyrics.net,27,0,0.0,,0,0,False,False,False,
2858,Daiba Tero Maya ko Khola le,Ram Krishna Dhakal,site_paankopat.com,13,0,0.0,,0,0,False,False,False,
2862,Dil Ko Kura Nagara Dilmaya,Ram Krishna Dhakal,site_paankopat.com,18,0,0.0,,0,0,False,False,False,
2863,Dilko Kura Nagara Dilmaya,Ram Krishna Dhakal,site_nepalilyrics.net,24,0,0.0,,0,0,False,False,False,
2864,Hamro Sundar Sansar thiyo,Ram Krishna Dhakal,site_paankopat.com,14,0,0.0,,0,0,True,False,False,
2865,Hira Katne Hirai Ma Rakhera,Ram Krishna Dhakal,site_paankopat.com,23,0,0.0,,0,0,False,False,False,
2866,Jaaga Lamka Chamka,Ram Krishna Dhakal,rupesh_aryal,23,0,0.0,,0,0,False,False,False,
2868,Jhuth Ko Sansar,Ram Krishna Dhakal,kaggle_genius,36,0,0.0,,0,0,False,False,False,
2869,Jindagile Yesari Dhokaa Diyo Ki,Ram Krishna Dhakal,site_nepalilyrics.net,35,0,0.0,,0,0,False,False,False,
2870,Kun Hurali,Ram Krishna Dhakal,site_nepalilyrics.net,15,0,0.0,,0,0,False,False,False,
2871,Kun Huri le Kata Udai,Ram Krishna Dhakal,site_paankopat.com,15,0,0.0,,0,0,False,False,False,
2873,Ma Huri Ma Diyo,Ram Krishna Dhakal,site_nepalilyrics.net,32,0,0.0,,0,0,False,False,False,
2874,Ma Ladeko Matra,Ram Krishna Dhakal,rupesh_aryal,22,0,0.0,,0,0,False,False,False,
2875,Macha Panima Paudiyesari,Ram Krishna Dhakal,site_nepalilyrics.net,34,0,0.0,,0,0,False,False,False,
2876,Malai Yo Jindagile Kaha Purayo,Ram Krishna Dhakal,site_nepalilyrics.net,17,0,0.0,,0,0,False,False,False,
2877,Maya Basnu Bhanda Aaghi,Ram Krishna Dhakal,site_nepalilyrics.net,26,0,0.0,,0,0,True,False,False,
2878,Meri Manu,Ram Krishna Dhakal,kaggle_genius,31,0,0.0,,0,0,False,False,False,
2879,Na Hunchha Vanchhe,Ram Krishna Dhakal,kaggle_genius,26,0,0.0,,0,0,False,False,False,
2880,Nabolau Kasailai Yaha Rati Rati,Ram Krishna Dhakal,site_paankopat.com,20,0,0.0,,0,0,False,False,False,
2881,Orali Lageko,Ram Krishna Dhakal,rupesh_aryal,33,0,0.0,,0,0,False,False,False,
2882,Orali Lageko Harin ko Chaal Bho,Ram Krishna Dhakal,site_paankopat.com,18,0,0.0,,0,0,False,False,False,
2883,Pahad Ko Chuk Chuke Rail,Ram Krishna Dhakal,site_nepalilyrics.net,17,0,0.0,,0,0,False,False,False,
2884,Pahad Ko Chukchuke Rail,Ram Krishna Dhakal,site_paankopat.com,14,0,0.0,,0,0,False,False,False,
2885,Pardeshi Jiban Nahudo,Ram Krishna Dhakal,site_nepalilyrics.net,32,0,0.0,,0,0,False,False,False,
2886,Phool Bhancha Fuli Rahoon,Ram Krishna Dhakal,site_paankopat.com,18,0,0.0,,0,0,False,False,False,
2887,Risaauda Ni Aafnai,Ram Krishna Dhakal,site_nepalilyrics.net,12,0,0.0,,0,0,False,False,False,
2888,Sun Odera (सुन ओडेर),Ram Krishna Dhakal,site_nepalilyrics.net,30,0,0.0,,0,0,False,False,False,
2889,Timi Aayenau,Ram Krishna Dhakal,rupesh_aryal,20,0,0.0,,0,0,False,False,False,
2890,Timi Sanga,Ram Krishna Dhakal,rupesh_aryal,21,0,0.0,,0,0,False,False,False,
2891,Timra Lagi Jyan,Ram Krishna Dhakal,site_nepalilyrics.net,24,0,0.0,,0,0,False,False,False,
2897,Jhyaam Param Jhyaam Param,"Ram Krishna Dhakal, Melina Rai",site_nepalilyrics.net,48,0,0.0,,0,0,False,False,False,
2899,Maya Garne Ko,"Ram Krishna Dhakal, Sneha Panta",site_nepalilyrics.net,32,0,0.0,,0,0,False,False,False,
2901,Katar Katar Ma,Ram Thapa,site_nepalilyrics.net,56,0,0.0,,0,0,False,False,False,
2902,Kati Baschau Maiti Kai Kausima,Ram Thapa,site_nepalilyrics.net,39,0,0.0,,0,0,True,False,False,
2903,Lekali Choyako Doko,Ram Thapa,site_nepalilyrics.net,29,0,0.0,,0,0,False,False,False,
2905,Pahad Jhuknu Parcha,Ram Thapa,site_nepalilyrics.net,17,0,0.0,,0,0,False,False,False,
2906,Sero Fero Salam Chaa mero,Ram Thapa,site_paankopat.com,17,0,0.0,,0,0,False,False,False,
2907,Sero Phero Salam Cha Mero,Ram Thapa,site_nepalilyrics.net,70,0,0.0,,0,0,False,False,False,
2908,Rato Tika Nidharma Talakka Talkiyo,"Ramana Shrestha, Umesh Pandey",site_nepalilyrics.net,48,0,0.0,,0,0,False,False,False,
2910,Bhana Sailamale version,Ramesh Raj Bhattarai,kaggle_genius,34,0,0.0,,0,0,False,False,False,
2911,Samjhana Manaima,"Ramji Khand, Muna Thapa Magar",site_nepalilyrics.net,27,0,0.0,,0,0,False,False,False,
2915,Timi Jasto Aru Koi,Rapper Boyz,site_nepalilyrics.net,81,0,0.0,,0,0,False,False,False,
2916,Batti Balera,Ratan Subedi,site_nepalilyrics.net,70,0,0.0,,0,0,False,False,False,
2920,Shree Krishna Govind Hare Murari,Ravindra Jain,site_nepalilyrics.net,61,0,0.0,,0,0,False,False,False,
2921,Chahana,Ray Mec,kaggle_genius,49,0,0.0,,0,0,False,False,False,
2922,Mitha Mitha Kura,Ray Mec,kaggle_genius,58,0,0.0,,0,0,False,False,False,
2923,People,Ray Mec,kaggle_genius,15,0,0.0,,0,0,False,False,False,
2924,Tyo Pari dada,Ray Mec,kaggle_genius,34,0,0.0,,0,0,False,False,False,
2925,Bhagyama Shree Chha,Rekha Pokhrel and Roshan Singh,site_nepaligeetlyrics.com,78,0,0.0,,6,0,False,False,False,
2929,"SUNAIKO CHURA - Kamal Khatri, Annu Chaudhary & Rikesh Gurung",Rikesh gurung,site_paankopat.com,16,0,0.0,,0,0,False,False,False,
2930,Feri Bhet Na Hola,Rikesh Gurung Key's,legacy_932,18,0,0.0,,0,0,False,False,False,
2931,Bliss,Rinzen (NP),kaggle_genius,16,0,0.0,,0,0,False,False,False,
2932,100% Nepali,Riwaj,legacy_932,24,0,0.0,,0,0,False,False,False,
2933,Harsa Le Maan Mero Jhumeko cha,Robin Sharma,site_nepalilyrics.net,24,0,0.0,,0,0,False,False,False,
2934,Juni Juni Lai,Robin Sharma,site_nepalilyrics.net,16,0,0.0,,0,0,False,False,False,
2935,Kun Mandir Ma Janchau Yatri,Robin Sharma,site_nepalilyrics.net,21,0,0.0,,0,0,False,False,False,
2936,Manka Sabai Boja Haru,Robin Sharma,site_nepalilyrics.net,30,0,0.0,,0,0,False,False,False,
2937,Manka sabai bojh haru,Robin Sharma,site_paankopat.com,19,0,0.0,,0,0,False,False,False,
2938,Timi Yesai Lajayeu,Robin Sharma,site_nepalilyrics.net,33,0,0.0,,0,0,False,False,False,
2939,Bhool Ma Bhulyo,Robin Tamang,site_nepalilyrics.net,16,0,0.0,,0,0,False,False,False,
2940,Chiso Chiso Hawa Ma,Robin Tamang,site_nepalilyrics.net,20,0,0.0,,0,0,False,False,False,
2941,Keta Keti,Robin Tamang,site_nepalilyrics.net,14,0,0.0,,0,0,False,False,False,
2942,Maila Bhai,Robin Tamang,site_nepalilyrics.net,20,0,0.0,,0,0,False,False,False,
2943,Mero Maya,Robin Tamang,site_nepalilyrics.net,26,0,0.0,,0,0,False,False,False,
2944,Nepal Nepal,Robin Tamang,site_nepalilyrics.net,23,0,0.0,,0,0,False,False,False,
2945,Pahilo Naam,Robin Tamang,site_nepalilyrics.net,17,0,0.0,,0,0,False,False,False,
2946,Sankat Kaal,Robin Tamang,site_nepalilyrics.net,17,0,0.0,,0,0,False,False,False,
2947,Swatantra Jeevan,Robin Tamang,site_nepalilyrics.net,24,0,0.0,,0,0,True,False,False,
2948,Birsu Bhanchu,Rocken Music,site_nepalilyrics.net,18,0,0.0,,0,0,False,False,False,
2949,Jaha Chan Buddha Ka Aakha,"Rocken Music, Bhakta Raj Acharya",site_nepalilyrics.net,27,0,0.0,,0,0,False,False,False,
2950,Mari Jau,"Rocken Music, Bikki Gurung",site_nepalilyrics.net,17,0,0.0,,0,0,False,False,False,
2951,Kasari Ma Bhule,"Rocken Music, Narayan Gopal",site_nepalilyrics.net,12,0,0.0,,0,0,False,False,False,
2952,Ma Mauntama,"Rocken Music, Om Bikram Bista",site_nepalilyrics.net,10,0,0.0,,0,0,True,False,False,
2953,Ranga,Rockheads,site_nepalilyrics.net,20,0,0.0,,0,0,False,False,False,
2954,Bhawana,Rockheads Nepal,site_nepaligeetlyrics.com,21,0,0.0,,0,0,False,False,False,
2955,Dhun,Rockheads Nepal,site_nepaligeetlyrics.com,31,0,0.0,,1,1,False,False,False,
2956,For My Love,Rockheads Nepal,site_nepaligeetlyrics.com,21,0,0.0,,0,0,False,False,False,
2957,Hajar Janma,Rockheads Nepal,site_nepaligeetlyrics.com,28,0,0.0,,1,1,False,False,False,
2958,Maya Ko Aago,Rockheads Nepal,site_nepaligeetlyrics.com,38,0,0.0,,0,0,False,False,False,
2959,Sahara,Rockheads Nepal,site_nepaligeetlyrics.com,22,0,0.0,,1,1,False,False,False,
2961,Timro Tasbir,Rodit Bhandari,site_nepalilyrics.net,22,0,0.0,,0,0,False,False,False,
2963,Timi Samu,"Rodit Bhandari, Somea Baraili",site_nepalilyrics.net,22,0,0.0,,0,0,False,False,False,
2964,Aankhama,Rohit John Chettri,kaggle_genius,22,0,0.0,,0,0,False,False,False,
2966,Birseko Chainau Bhanne,Rohit John Chettri,kaggle_genius,25,0,0.0,,0,0,False,False,False,
2967,Bistarai,Rohit John Chettri,rupesh_aryal,22,0,0.0,,0,0,False,False,False,
2969,Dhungale,Rohit John Chettri,kaggle_genius,36,0,0.0,,0,0,False,False,False,
2970,Gunaso,Rohit John Chettri,kaggle_genius,32,0,0.0,,0,0,False,False,False,
2972,Jani Jani,Rohit John Chettri,kaggle_genius,39,0,0.0,,0,0,False,False,False,
2974,Kalo Sanjh,Rohit John Chettri,kaggle_genius,34,0,0.0,,0,0,False,False,False,
2975,Kina Kina,Rohit John Chettri,kaggle_genius,35,0,0.0,,0,0,False,False,False,
2976,Nayan Ma,Rohit John Chettri,kaggle_genius,24,0,0.0,,0,0,False,False,False,
2979,Sapani Ma,Rohit John Chettri,rupesh_aryal,22,0,0.0,,0,0,False,False,False,
2981,Timilai Samjhi,Rohit John Chettri,rupesh_aryal,23,0,0.0,,0,0,False,False,False,
2983,Bistarai Bistarai,Rohit John Chettry,site_nepalilyrics.net,30,0,0.0,,0,0,False,False,False,
2984,Pani Paryo,Rohit John Chettry,site_nepalilyrics.net,54,0,0.0,,0,0,False,False,False,
2985,Timra Dui Ankha Le,Rohit John Chettry,site_nepalilyrics.net,34,0,0.0,,0,0,False,False,False,
2986,Kahani Yo Prem Geetko,"Rohit John Chettry, Shreya Sotang",site_nepalilyrics.net,45,0,0.0,,0,0,False,False,False,
2988,Jindabaad Pt.2 from Ulto Chalachitra,Rohit Sakya,site_paankopat.com,18,0,0.0,,0,0,False,False,False,
2989,Mellow,Rohit Shakya & Sajjan Raj Vaidya,legacy_932,17,0,0.0,,0,0,False,False,False,
2990,Kalpanik,Ronit Maharjan,legacy_932,16,0,0.0,,0,0,False,False,False,
2991,Yo Maya K Ho,Roop Kumar Rathod,site_nepalilyrics.net,39,0,0.0,,0,0,False,False,False,
2992,Makhamali Pacheuri Le Sanu,Roshan Limbu,legacy_932,22,0,0.0,,0,0,False,False,False,
2993,Mero Aash Baneu Nogen,Ruksana Limbu,site_paankopat.com,35,0,0.0,,0,0,False,False,False,
2996,Chokho Maya,Rupak Dotel,legacy_932,16,0,0.0,,0,0,False,False,False,
2998,Ma Timi,Rupesh Man,legacy_932,20,0,0.0,,0,0,False,False,False,
2999,Mera Mitha Chhyan,Rupesh Man,legacy_932,21,0,0.0,,0,0,False,False,False,
3000,Rukum Maikota,"S.D. Yogi, Shanti Shree Pariyar",site_nepalilyrics.net,46,0,0.0,,0,0,False,False,False,
3001,Pahilo Maya,Saayaas Band,site_nepalilyrics.net,22,0,0.0,,0,0,False,False,False,
3002,OOH YEA by Sabin Karki -Beest,Sabin Karki - Beest,site_paankopat.com,28,0,0.0,,0,0,False,False,False,
3006,Afno Katha,Sabin Rai,site_nepalilyrics.net,20,0,0.0,,0,0,False,False,False,
3007,Bindas Yo Life,Sabin Rai,site_nepalilyrics.net,41,0,0.0,,0,0,False,False,False,
3008,Dui Thunga,Sabin Rai,site_nepalilyrics.net,32,0,0.0,,1,0,False,False,False,
3009,Ekai Aakash Muni,Sabin Rai,site_nepalilyrics.net,25,0,0.0,,0,0,False,False,False,
3010,Gurasako Fheda Muni,Sabin Rai,site_nepalilyrics.net,23,0,0.0,,0,0,False,False,False,
3012,Isara Nai Kafi,Sabin Rai,site_nepalilyrics.net,32,0,0.0,,0,0,False,False,False,
3013,Jaba Timi Ayou,Sabin Rai,site_nepalilyrics.net,37,0,0.0,,0,0,False,False,False,
3015,Kalo Kalo Raatako,Sabin Rai,site_nepalilyrics.net,20,0,0.0,,0,0,False,False,False,
3016,Komal Timro,Sabin Rai,site_nepalilyrics.net,38,0,0.0,,0,0,False,False,False,
3019,Ma Sansar Jitne Aaat,Sabin Rai,site_paankopat.com,53,0,0.0,,1,1,False,False,False,
3020,Malai Angali Deu,Sabin Rai,rupesh_aryal,14,0,0.0,,0,0,False,False,False,
3021,Maya Jalaima,Sabin Rai,site_nepalilyrics.net,24,0,0.0,,0,0,False,False,False,
3022,Maya Jalaima (Kripa Unplugged Season 2),Sabin Rai,rupesh_aryal,17,0,0.0,,0,0,False,False,False,
3023,Maya Timilai,Sabin Rai,site_nepalilyrics.net,24,0,0.0,,0,0,True,False,False,
3024,Namuna,Sabin Rai,site_nepalilyrics.net,22,0,0.0,,0,0,False,False,False,
3025,Paana,Sabin Rai,site_nepalilyrics.net,13,0,0.0,,0,0,False,False,False,
3026,Samarpan,Sabin Rai,site_nepalilyrics.net,28,0,0.0,,0,0,True,False,False,
3027,Samjhana,Sabin Rai,site_nepalilyrics.net,21,0,0.0,,0,0,False,False,False,
3028,Samjhanchu Ajhai Ma,Sabin Rai,site_nepalilyrics.net,33,0,0.0,,0,0,False,False,False,
3032,Timi Nai Mero,Sabin Rai,site_nepalilyrics.net,26,0,0.0,,0,0,False,False,False,
3033,Dhanyavaad,Sabin Rai & The Pharaoh,kaggle_genius,17,0,0.0,,0,0,False,False,False,
3034,Malai Hera,Sabin Rai & The Pharaoh,site_nepaligeetlyrics.com,24,0,0.0,,0,0,False,False,False,
3035,Malai Thacha,Sabin Rai & The Pharaoh,site_nepaligeetlyrics.com,32,0,0.0,,1,1,False,False,False,
3036,Nilo Chata,Sabin Rai & The Pharaoh,kaggle_genius,29,0,0.0,,0,0,False,False,False,
3037,Ganja Man Rough,Sacar,rupesh_aryal,114,0,0.0,,0,0,False,False,False,
3038,King of NEPHOP,Sacar,rupesh_aryal,257,0,0.0,,1,0,False,False,False,
3039,Sapana,Sacar,rupesh_aryal,63,0,0.0,,0,0,False,False,False,
3040,2022,SACAR aka Lil Buddha,legacy_932,24,0,0.0,,0,0,False,False,False,
3041,Chuck You,SACAR aka Lil Buddha,legacy_932,25,0,0.0,,0,0,False,False,False,
3042,Dangerous Girl,SACAR aka Lil Buddha,legacy_932,17,0,0.0,,0,0,False,False,False,
3043,DRAGONFIRE EXTENDED,SACAR aka Lil Buddha,legacy_932,23,0,0.0,,0,0,False,False,False,
3044,Ecstasy In The Palace,SACAR aka Lil Buddha,legacy_932,50,0,0.0,,0,0,True,False,False,
3045,Feels Good,SACAR aka Lil Buddha,legacy_932,37,0,0.0,,0,0,False,False,False,
3046,Ganja Man Rough,SACAR aka Lil Buddha,legacy_932,19,0,0.0,,0,0,False,False,False,
3047,Kabja,SACAR aka Lil Buddha,legacy_932,24,0,0.0,,0,0,False,False,False,
3048,King of NEPHOP,SACAR aka Lil Buddha,legacy_932,39,0,0.0,,1,0,False,False,False,
3049,King of NEPHOP 2,SACAR aka Lil Buddha,legacy_932,27,0,0.0,,0,0,True,False,False,
3050,KTM to NYC,SACAR aka Lil Buddha,legacy_932,24,0,0.0,,0,0,False,False,False,
3051,Lil Buddha Interlude,SACAR aka Lil Buddha,legacy_932,16,0,0.0,,0,0,False,False,False,
3052,Love Intermission,SACAR aka Lil Buddha,legacy_932,11,0,0.0,,0,0,False,False,False,
3053,messin round w y bestfriend,SACAR aka Lil Buddha,legacy_932,27,0,0.0,,0,0,False,False,False,
3054,No Peace in Love,SACAR aka Lil Buddha,legacy_932,28,0,0.0,,0,0,False,False,False,
3055,STACKKK,SACAR aka Lil Buddha,legacy_932,29,0,0.0,,0,0,False,False,False,
3056,Thru The Nite,SACAR aka Lil Buddha,legacy_932,22,0,0.0,,0,0,False,False,False,
3057,KT Nepali,SACAR aka Lil Buddha & Chintu,legacy_932,20,0,0.0,,0,0,False,False,False,
3058,CHORI CHORI चोरी चोरी,Sadeekshya Kattel,site_paankopat.com,54,0,0.0,,0,0,False,False,False,
3060,Kinideu Na Saila Dai,Sadhana Sargam,legacy_932,11,0,0.0,,0,0,False,False,False,
3061,Lahana Le Jurayo Ki,Sadhana Sargam,site_nepalilyrics.net,66,0,0.0,,0,0,False,False,False,
3062,Sapanabhai Aankhama,Sadhana Sargam,legacy_932,19,0,0.0,,0,0,False,False,False,
3065,Hello Puja Ke Chha Maiya,Sagun Tamrakar,site_nepalilyrics.net,75,0,0.0,,0,0,False,False,False,
3067,Timi Muskurayeko,Sainesh,legacy_932,24,0,0.0,,0,0,False,False,False,
3068,Yestai Xa Mero,Sainesh,legacy_932,30,0,0.0,,0,0,False,False,False,
3070,A Hoi Damfuko Taalma,"Sajan Rai, Radha Rai, Pawan Rai",site_nepalilyrics.net,61,0,0.0,,0,0,False,False,False,
3071,Aaja Matra,Sajjan Raj Vaidya,rupesh_aryal,24,0,0.0,,0,0,False,False,False,
3072,Anountho Mutu,Sajjan Raj Vaidya,legacy_932,20,0,0.0,,0,0,False,False,False,
3073,B.L.Y.H.L,Sajjan Raj Vaidya,kaggle_genius,19,0,0.0,,0,0,False,False,False,
3075,Chautari,Sajjan Raj Vaidya,site_nepaligeetlyrics.com,23,0,0.0,,0,0,False,False,False,
3076,Chitthi Bhitra,Sajjan Raj Vaidya,kaggle_genius,37,0,0.0,,0,0,False,False,False,
3078,Ek Sarvanaam,Sajjan Raj Vaidya,legacy_932,20,0,0.0,,0,0,False,False,False,
3079,Ekaadeshmaa,Sajjan Raj Vaidya,site_nepaligeetlyrics.com,53,0,0.0,,0,0,False,False,False,
3082,Hyatteri,Sajjan Raj Vaidya,site_paankopat.com,87,0,0.0,,0,0,False,False,False,
3083,Juni,Sajjan Raj Vaidya,site_nepaligeetlyrics.com,53,0,0.0,,0,0,False,False,False,
3084,Ka Kha Ga,Sajjan Raj Vaidya,site_nepaligeetlyrics.com,25,0,0.0,,0,0,False,False,False,
3085,Katha: Episode VI - Aaundai Jaandai,Sajjan Raj Vaidya,legacy_932,15,0,0.0,,0,0,False,False,False,
3086,Kuraakaani,Sajjan Raj Vaidya,legacy_932,17,0,0.0,,0,0,False,False,False,
3087,Lukaamaari,Sajjan Raj Vaidya,legacy_932,19,0,0.0,,0,0,False,False,False,
3088,Lukaamaari - Sajjan Raj Vaidya Official,Sajjan Raj Vaidya,site_paankopat.com,44,0,0.0,,1,1,False,False,False,
3089,Mayaloo,Sajjan Raj Vaidya,rupesh_aryal,25,0,0.0,,0,0,False,False,False,
3090,Mellow,Sajjan Raj Vaidya,rupesh_aryal,20,0,0.0,,0,0,False,False,False,
3091,Mellow : Rohit Shakya X Sajjan Raj Vaidya Official,Sajjan Raj Vaidya,site_paankopat.com,27,0,0.0,,0,0,True,False,False,
3094,Nepali Angreji,Sajjan Raj Vaidya,legacy_932,22,0,0.0,,0,0,False,False,False,
3095,Nothing In My Head Besides Timi,Sajjan Raj Vaidya,legacy_932,22,0,0.0,,0,0,False,False,False,
3096,Pahaar,Sajjan Raj Vaidya,kaggle_genius,24,0,0.0,,0,0,False,False,False,
3097,Parkhaai,Sajjan Raj Vaidya,kaggle_genius,27,0,0.0,,0,0,False,False,False,
3098,Patra,Sajjan Raj Vaidya,site_nepaligeetlyrics.com,45,0,0.0,,1,1,False,False,False,
3100,Phutki Jaaney Jovan,Sajjan Raj Vaidya,kaggle_genius,24,0,0.0,,0,0,False,False,False,
3103,Sajjan Raj Vaidya - Naganya Maya,Sajjan Raj Vaidya,site_paankopat.com,56,0,0.0,,8,0,False,False,False,
3104,Sajjan Raj Vaidya - Parkhaai,Sajjan Raj Vaidya,site_paankopat.com,34,0,0.0,,0,0,False,False,False,
3105,Sajjan Raj Vaidya - Sasto Mutu,Sajjan Raj Vaidya,site_paankopat.com,38,0,0.0,,0,0,False,False,False,
3107,Sasto Mutu,Sajjan Raj Vaidya,rupesh_aryal,26,0,0.0,,0,0,False,False,False,
3109,Sukumbaasi,Sajjan Raj Vaidya,legacy_932,17,0,0.0,,0,0,False,False,False,
3110,Suna Kaanchi,Sajjan Raj Vaidya,site_paankopat.com,80,0,0.0,,0,0,False,False,False,
3111,Suskera,Sajjan Raj Vaidya,site_nepaligeetlyrics.com,43,0,0.0,,9,1,False,False,False,
3112,Ujeli,Sajjan Raj Vaidya,legacy_932,21,0,0.0,,0,0,False,False,False,
3113,Ultaa Paailaa,Sajjan Raj Vaidya,legacy_932,22,0,0.0,,0,0,False,False,False,
3114,Marijau,Sajjan Raj Vaidya and Bikky Gurung,legacy_932,19,0,0.0,,0,0,False,False,False,
3115,Basanta,Sajjan Raj Vaidya & Featured Vocals By Rachel Lepcha,site_nepaligeetlyrics.com,18,0,0.0,,0,0,False,False,False,
3116,Tara Ma Dalit,Sakshat pant,kaggle_genius,27,0,0.0,,0,0,True,False,False,
3117,1000 Bhawana,Salil Maharjan,legacy_932,20,0,0.0,,0,0,False,False,False,
3118,Chitta Bujhaunu,Salil Maharjan,legacy_932,20,0,0.0,,0,0,False,False,False,
3119,Eutai,Salil Maharjan,legacy_932,26,0,0.0,,0,0,False,False,False,
3120,Gahiro,Salil Maharjan,legacy_932,10,0,0.0,,0,0,False,False,False,
3121,Laideu Maya,Sambhujeet Baskota & Devika Pradhan,legacy_932,22,0,0.0,,0,0,False,False,False,
3122,Chatta Rumal Kya Malum,Sambhujeet Baskota & Sadhana Sargam,legacy_932,30,0,0.0,,2,0,False,False,False,
3123,Aauna Raja Laijaau Malai,Samikshya Adhikari,site_nepalilyrics.net,107,0,0.0,,0,0,False,False,False,
3129,NABOLI NABOLI by Prabin Bedwal and Samikshya Adhikari,Samikshya Adhikari,site_paankopat.com,74,0,0.0,,1,1,False,False,False,
3133,Keti Ho Yeti Ho Jindagi,"Samikshya Adhikari, Junu Rijal",site_nepalilyrics.net,105,0,0.0,,0,0,False,False,False,
3134,Maya Marera,"Samikshya Adhikari, Naresh Khati",site_nepalilyrics.net,57,0,0.0,,0,0,False,False,False,
3135,"Bujina Maile (From ""Boksi Ko Ghar"")",Samikshya Adhikari & Prakash Saput,legacy_932,19,0,0.0,,0,0,False,False,False,
3137,Shirma Shirbandi,Samikshya Adhikari | Subash Khatri,site_nepaligeetlyrics.com,39,0,0.0,,0,0,False,False,False,
3138,Sirma Sirbandhi,"Samikshya Adhikari, Subash Khattri",site_nepalilyrics.net,48,0,0.0,,0,0,False,False,False,
3139,Sirma Sirbandi,"Samikshya Adhikari, Subash Khattri",site_nepalilyrics.net,47,0,0.0,,0,0,True,False,False,
3140,Duniya Beglai Chha,Samir Acharya,legacy_932,21,0,0.0,,0,0,False,False,False,
3147,Andhakar Ko Ujyalo,Samir Shrestha,rupesh_aryal,19,0,0.0,,0,0,False,False,False,
3149,Bujhideu,Samir Shrestha,rupesh_aryal,19,0,0.0,,0,0,False,False,False,
3151,Chaar dewar-Samir Shrestha,Samir Shrestha,site_paankopat.com,35,0,0.0,,0,0,False,False,False,
3153,Kuri Basechu - Samir Shrestha X Sabal Dev Shrestha,Samir Shrestha,site_paankopat.com,24,0,0.0,,0,0,False,False,False,
3155,Mero Mana Ma,Samir Shrestha,rupesh_aryal,17,0,0.0,,0,0,False,False,False,
3156,Samir Shrestha - Mero Mana Ma,Samir Shrestha,site_paankopat.com,18,0,0.0,,0,0,False,False,False,
3157,Samir Shrestha x Beyond The Clouds - Anaavashyak,Samir Shrestha,site_paankopat.com,62,0,0.0,,0,0,False,False,False,
3162,Kuri Basechu,Samir Shrestha And Sabal Dev Shrestha,legacy_932,20,0,0.0,,0,0,False,False,False,
3164,Aau Hida Ma Sanga,Samriddhi Rai,legacy_932,22,0,0.0,,0,0,False,False,False,
3165,Akanksha,Samriddhi Rai,legacy_932,18,0,0.0,,0,0,False,False,False,
3166,Asha,Samriddhi Rai,kaggle_genius,38,0,0.0,,0,0,False,False,False,
3167,Bholi,Samriddhi Rai,legacy_932,18,0,0.0,,0,0,False,False,False,
3168,Bholi - Samriddhi Rai,Samriddhi Rai,site_paankopat.com,19,0,0.0,,0,0,False,False,False,
3169,Biswas,Samriddhi Rai,legacy_932,18,0,0.0,,0,0,False,False,False,
3170,Chutkila,Samriddhi Rai,legacy_932,23,0,0.0,,0,0,False,False,False,
3171,Herana,Samriddhi Rai,legacy_932,23,0,0.0,,0,0,False,False,False,
3172,Jaba Muskurauchhau,Samriddhi Rai,site_nepaligeetlyrics.com,35,0,0.0,,0,0,False,False,False,
3173,Kehi Maya Jastai,Samriddhi Rai,kaggle_genius,51,0,0.0,,0,0,False,False,False,
3174,Ma Chahi Nepali,Samriddhi Rai,legacy_932,21,0,0.0,,0,0,True,True,False,
3175,Ma Dami Chhu,Samriddhi Rai,legacy_932,20,0,0.0,,0,0,False,False,False,
3176,Prayas,Samriddhi Rai,legacy_932,21,0,0.0,,0,0,False,False,False,
3177,Samaj Ko Kura,Samriddhi Rai,legacy_932,18,0,0.0,,0,0,False,False,False,
3179,Pagal Premi,Sandesh Subedi,site_nepalilyrics.net,23,0,0.0,,0,0,False,False,False,
3180,Akkha Cha,Sandip Bista Mr. D,site_nepaligeetlyrics.com,63,0,0.0,,0,0,False,False,False,
3183,Timi Sanga Antim,Sanjana shrestha,site_nepalilyrics.net,24,0,0.0,,0,0,False,False,False,
3185,Anjan Mayalu,Sanjay Shrestha,site_nepalilyrics.net,34,0,0.0,,0,0,False,False,False,
3186,Euta Gau Thiyo,Sanjay Shrestha,site_nepalilyrics.net,24,0,0.0,,2,0,False,False,False,
3187,Let's Rock Mayalu,Sanjay Shrestha,site_nepalilyrics.net,27,0,0.0,,0,0,False,False,False,
3189,Tada Najai Deu,Sanjay Shrestha,site_nepalilyrics.net,28,0,0.0,,0,0,False,False,False,
3190,Timi Bina,Sanjay Shrestha,site_nepalilyrics.net,23,0,0.0,,2,0,False,False,False,
3191,Tyo Mutulai,Sanjay Shrestha,site_nepalilyrics.net,14,0,0.0,,0,0,False,False,False,
3192,Aayera Sodha,Sanjeep Pradhan,site_nepalilyrics.net,26,0,0.0,,0,0,False,False,False,
3193,Bholi Pheri,Sanjeep Pradhan,site_nepalilyrics.net,23,0,0.0,,0,0,False,False,False,
3194,Deuraliko Chautarima,Sanjeep Pradhan,site_nepalilyrics.net,40,0,0.0,,0,0,False,False,False,
3195,Euta Ghara,Sanjeep Pradhan,site_nepalilyrics.net,68,0,0.0,,0,0,False,False,False,
3196,Kasari Bhanu Ma,Sanjeep Pradhan,site_nepalilyrics.net,24,0,0.0,,0,0,False,False,False,
3197,Malai Birsera Jana,Sanjeep Pradhan,site_nepalilyrics.net,28,0,0.0,,0,0,False,False,False,
3198,Mutu Bhitra Timro,Sanjeep Pradhan,site_nepalilyrics.net,31,0,0.0,,0,0,False,False,False,
3199,Nasha Bhitra Nasha,Sanjeep Pradhan,site_nepalilyrics.net,44,0,0.0,,0,0,False,False,False,
3200,Pari Ki Rani,Sanjeep Pradhan,site_nepalilyrics.net,29,0,0.0,,0,0,False,False,False,
3201,Sanai Chada,Sanjeep Pradhan,site_nepalilyrics.net,70,0,0.0,,0,0,False,False,False,
3202,Siri Ma Siri,Sanjeep Pradhan,site_nepalilyrics.net,30,0,0.0,,0,0,False,False,False,
3203,Udi Jane Rumal,Sanjeep Pradhan,site_nepalilyrics.net,40,0,0.0,,0,0,False,False,False,
3204,Chulesima,Sanjeev Singh,site_nepalilyrics.net,23,0,0.0,,0,0,False,False,False,
3206,Muglan Hera Jadai Chu,Sanjeev Singh,site_nepalilyrics.net,26,0,0.0,,0,0,False,False,False,
3207,Muglan,Sanjeev Singh,site_paankopat.com,27,0,0.0,,0,0,False,False,False,
3208,Aakhama Auaune Tasbir,Sanjeevani,site_nepalilyrics.net,33,0,0.0,,0,0,False,False,False,
3210,Nai Malai Thaha Chhaina,"Sanjib Parajuli, Tika Prasain, Cartoonz Crew",site_nepalilyrics.net,29,0,0.0,,0,0,False,False,False,
3213,Aakhai Le Bolcha,Santosh Lama,kaggle_genius,26,0,0.0,,0,0,False,False,False,
3217,Daiba Hey From Movie MANJARI,Sanup Paudel,kaggle_genius,22,0,0.0,,0,0,False,False,False,
3220,Daiba Hey,Sanup Poudel,site_nepalilyrics.net,28,0,0.0,,0,0,False,False,False,
3222,Yo Juni Ko Jivan Sathi,Sanup Poudel,site_nepalilyrics.net,26,0,0.0,,0,0,False,False,False,
3223,Kina Hajur Naboleko,Sapana Shree,site_nepalilyrics.net,38,0,0.0,,0,0,True,False,False,
3224,Sagar Baru Sukera,Sapana Shree,site_nepalilyrics.net,40,0,0.0,,0,0,False,False,False,
3225,Acoustic #11 (Socheko),Sareen Deoja,legacy_932,18,0,0.0,,0,0,False,False,False,
3226,Awaj Malai Deuna,Sareen Deoja,kaggle_genius,18,0,0.0,,0,0,False,False,False,
3227,Gahiro,Sareen Deoja,legacy_932,18,0,0.0,,0,0,False,False,False,
3228,Sadhai Bhari,Sareen Deoja,kaggle_genius,18,0,0.0,,0,0,False,False,False,
3229,Samaya,Sareen Deoja,kaggle_genius,28,0,0.0,,0,0,False,False,False,
3230,Sangai,Sareen Deoja,kaggle_genius,22,0,0.0,,0,0,True,False,False,
3231,Sangai Bachauna,Sareen Deoja,legacy_932,19,0,0.0,,0,0,False,False,False,
3232,Gun Bhuleu,Sarika Ghimire,site_nepaligeetlyrics.com,30,0,0.0,,0,0,False,False,False,
3234,Juni Juni Lai,Saroj Dutta,site_nepalilyrics.net,24,0,0.0,,0,0,False,False,False,
3235,Ooth Dekhi Ooth Samma,Saroj Dutta,site_nepalilyrics.net,12,0,0.0,,0,0,True,True,False,
3236,Pohor Saal Teejma,"Saru Gautam, Birkha Bahdur Dhami",site_nepalilyrics.net,72,0,0.0,,0,0,False,False,False,
3237,Ekdin Ta Jane Ho,Sashan Kandel,site_nepalilyrics.net,43,0,0.0,,0,0,False,False,False,
3239,Chahana Sakiyo,Sashi Rawal,site_nepalilyrics.net,16,0,0.0,,0,0,False,False,False,
3240,Pinjada,Satish Ghalan,legacy_932,24,0,0.0,,0,0,False,False,False,
3241,Bhagyale Diyena,Satya Raj Acharya,site_nepalilyrics.net,26,0,0.0,,0,0,False,False,False,
3242,Bolana Kehi,Satya Raj Acharya,site_nepalilyrics.net,39,0,0.0,,0,0,False,False,False,
3243,Kina Garthe,Satya Raj Acharya,site_nepalilyrics.net,44,0,0.0,,0,0,False,False,False,
3244,Marubhumi Ma Pani Khojne,Satya Raj Acharya,site_nepalilyrics.net,34,0,0.0,,0,0,False,False,False,
3245,Pagalai Bhana,Satya Raj Acharya,site_nepalilyrics.net,48,0,0.0,,0,0,False,False,False,
3246,Sajha Paryo Ali Ali,Satya Raj Acharya,site_nepalilyrics.net,30,0,0.0,,0,0,False,False,False,
3247,Tarera Ni,Satya Raj Acharya,site_nepalilyrics.net,17,0,0.0,,0,0,False,False,False,
3250,Curly Curly Kapal Captain Movie Song,SD Yogi & Melina Rai,kaggle_genius,27,0,0.0,,0,0,True,False,False,
3252,Asar Sawanko Simsime Jharima,Seasons,site_nepalilyrics.net,47,0,0.0,,0,0,False,False,False,
3253,Bhanchan Narayan Narayan Narayan,Seasons,site_nepalilyrics.net,78,0,0.0,,0,0,False,False,False,
3254,Biteka Timra Yaad harule,Seasons,site_nepalilyrics.net,47,0,0.0,,0,0,False,False,False,
3255,Sapana Matra,Seasons,site_nepalilyrics.net,21,0,0.0,,0,0,False,False,False,
3256,Suneko Kura,Seasons,site_nepalilyrics.net,70,0,0.0,,0,0,False,False,False,
3258,Timro Pratiksa,Shallum Lama,site_nepalilyrics.net,36,0,0.0,,0,0,False,False,False,
3259,Chalecha Batas Sustari,Shambhu Rai,site_nepalilyrics.net,24,0,0.0,,0,0,False,False,False,
3260,Chalechha Batas Sustari,Shambhu Rai,kaggle_genius,18,0,0.0,,0,0,False,False,False,
3261,Chitthi Timilai,Shambhu Rai,site_nepalilyrics.net,37,0,0.0,,0,0,False,False,False,
3262,Yo Man Bhancha,Shambhu Rai,site_nepalilyrics.net,29,0,0.0,,0,0,False,False,False,
3263,Hamlai Pani,Shambhujeet Baskota,site_nepalilyrics.net,78,0,0.0,,0,0,False,False,False,
3264,Seetko Thopa,Shambhujeet Baskota,site_nepalilyrics.net,46,0,0.0,,0,0,False,False,False,
3265,Tala Tala Besima,Shambhujeet Baskota,site_nepalilyrics.net,60,0,0.0,,0,0,False,False,False,
3266,Laideu Maya,Shambhujeet Baskota & Devika Pradhan,kaggle_genius,52,0,0.0,,0,0,False,False,False,
3268,Chatta Rumal Kya Malum,"Shambhujeet Baskota, Sadhana Sargam",site_nepalilyrics.net,50,0,0.0,,0,0,False,False,False,
3269,Achha Lekin London Ko,Shambujeet Baskota OST of Narashimha Avatar,site_nepaligeetlyrics.com,58,0,0.0,,0,0,False,False,False,
3270,Shiva Tandab Strotam,Shankar Mahadevan,site_nepalilyrics.net,69,0,0.0,,0,0,False,False,False,
3272,Sunaile Dhaki Dinchhu Bhanchha Tannerile,"Shanta Rani Pariyar, Anjali Adhikari",site_nepalilyrics.net,97,0,0.0,,0,0,False,False,False,
3273,Tanatan Hanahan Syauli Bajarma,Shanta Rani Pariyar | Bishal Sony,site_nepaligeetlyrics.com,105,0,0.0,,0,0,False,False,False,
3274,Ma Ta Dhale Dhale,Shanta Rani Pariyar Most Popular Song,site_nepaligeetlyrics.com,72,0,0.0,,0,0,False,False,False,
3275,Jhumkai Nakineko,"Shanta Rani Pariyar, Nandu Pariyar",site_nepalilyrics.net,128,0,0.0,,0,0,False,False,False,
3276,Areli Kadaile Malai Chwassai,Shanti Shree Pariyar,site_nepaligeetlyrics.com,36,0,0.0,,0,0,False,False,False,
3278,Gorkhe Khukuri,Shanti Shree Pariyar,site_nepalilyrics.net,39,0,0.0,,0,0,False,False,False,
3281,Bistarale Polyo,Shanti Shree Pariyar | Hari Giri Bimarshi,site_nepaligeetlyrics.com,65,0,0.0,,0,0,False,False,False,
3282,Raato Sari Kinidiulaa,"Shanti Shree Pariyar, Khem Century, Pashupati Sharma",site_nepalilyrics.net,64,0,0.0,,0,0,False,False,False,
3283,Nyauli Banaima,"Shanti Shree Pariyar, Prashant Siwakoti | BARISTHA BALARAM",site_nepaligeetlyrics.com,30,0,0.0,,0,0,False,False,False,
3284,Lahurele Lyaaeko Attar Har Har Har,"Shanti Shree Pariyar, Shanta Rani Pariyar",site_nepalilyrics.net,120,0,0.0,,0,0,False,False,False,
3285,Chhutnalai Po Raichha Kyare,"Shanti Shree Pariyar, Thaneshwor Gautam",site_nepalilyrics.net,46,0,0.0,,0,0,False,False,False,
3286,Mayale Mai Tirai Heri Bhanideu I Love You,Shanti Shree Pariyar | Umesh Muskan,site_nepaligeetlyrics.com,93,0,0.0,,0,0,False,False,False,
3289,Batash,Shashwot Khadka,legacy_932,20,0,0.0,,0,0,False,False,False,
3290,BATASH,Shashwot Khadka,site_paankopat.com,96,0,0.0,,0,0,True,False,False,
3291,Kapolkalpit Sapana,Shashwot Khadka,legacy_932,20,0,0.0,,0,0,False,False,False,
3292,Mana Ka Kura,Shashwot Khadka,site_nepalilyrics.net,34,0,0.0,,0,0,False,False,False,
3293,म.,Shashwot Khadka,legacy_932,21,0,0.0,,0,0,False,False,False,
3294,Manish Khoji Rahechu,Shishir Yogi,site_nepalilyrics.net,26,0,0.0,,0,0,False,False,False,
3295,Aansu Ko Artha,Shiva Pariyar,site_nepalilyrics.net,35,0,0.0,,0,0,False,False,False,
3299,Fewa Taal Ma Saili,Shiva Pariyar,site_nepalilyrics.net,42,0,0.0,,0,0,False,False,False,
3300,Jati Birsyo Timro Yad,Shiva Pariyar,site_nepalilyrics.net,48,0,0.0,,0,0,False,False,False,
3301,Kya Dami,Shiva Pariyar,legacy_932,22,0,0.0,,0,0,False,False,False,
3303,Nabheti Nabheti,Shiva Pariyar,site_nepalilyrics.net,34,0,0.0,,0,0,False,False,False,
3304,Sangi,Shiva Pariyar,site_nepalilyrics.net,35,0,0.0,,0,0,False,False,False,
3307,Samba Sada Shiv Samba Sada Shiv,"Shiva shankar, Tara Devi, Phatteman Rajbhandari",site_nepalilyrics.net,54,0,0.0,,0,0,False,False,False,
3309,Harayeko Maya,ShreeGo,legacy_932,18,0,0.0,,2,0,False,False,False,
3310,Jihaadi Ma,ShreeGo,site_nepalilyrics.net,66,0,0.0,,0,0,False,False,False,
3311,Khoj,ShreeGo,legacy_932,25,0,0.0,,0,0,False,False,False,
3312,Malai Tei Keti Chahiyo,ShreeGo,legacy_932,21,0,0.0,,0,0,False,False,False,
3314,Ye Ba Kindeuna Bhat Bhate,Shreekrishna Luitel,site_paankopat.com,34,0,0.0,,0,0,False,False,False,
3316,Aayo Malai Jhalko Maiti Deshaiko,"Shumitra Koirala, Gita Dhungana",site_nepalilyrics.net,128,0,0.0,,0,0,False,False,False,
3317,Moti,Shuprim Gelang Magar,legacy_932,20,0,0.0,,0,0,False,False,False,
3318,THUG LIFE,Shuprim Gelang Magar,legacy_932,24,0,0.0,,0,0,False,False,False,
3319,Vana Matra,Shuprim Gelang Magar,legacy_932,20,0,0.0,,0,0,False,False,False,
3320,Timro Mayale Badhera Rakha,Shyam Karki,legacy_932,19,0,0.0,,0,0,False,False,False,
3321,Timilai Chahanu Maile Mero Bhool Ho Bhane,Shyam Sundar Acharya,site_nepalilyrics.net,56,0,0.0,,0,0,False,False,False,
3322,Jaai Jaaney Mayalu,Simma Rai,legacy_932,15,0,0.0,,0,0,False,False,False,
3323,Manko Uchchhavas,Simma Rai,legacy_932,20,0,0.0,,0,0,False,False,False,
3324,Maya Pheri,Simma Rai,legacy_932,22,0,0.0,,2,0,False,False,False,
3325,Naulo Bihani,Simma Rai,legacy_932,25,0,0.0,,0,0,False,False,False,
3326,Sambaddha,Simma Rai,kaggle_genius,23,0,0.0,,0,0,False,False,False,
3327,Uda Timi,Simma Rai,legacy_932,23,0,0.0,,0,0,False,False,False,
3328,Chitikkai Bha Chhu Re,Sindhu Malla,site_nepalilyrics.net,47,0,0.0,,0,0,False,False,False,
3329,Jhili Ra Mili,Sindhu Malla,site_nepalilyrics.net,87,0,0.0,,2,0,False,False,False,
3330,Sasuralima,Sindhu Malla,site_nepalilyrics.net,62,0,0.0,,0,0,False,False,False,
3331,Kafal Gedi Kuttukai,"Sindhu Malla, Mahesh Budhathoki",site_nepalilyrics.net,47,0,0.0,,0,0,False,False,False,
3332,Bajra Hanyo,Sirish Khadka,site_nepalilyrics.net,48,0,0.0,,0,0,False,False,False,
3333,Chihan Ki Pari,Sirish Khadka,site_nepalilyrics.net,30,0,0.0,,0,0,False,False,False,
3334,Mero Pritima,Sirish Khadka,site_nepalilyrics.net,44,0,0.0,,0,0,False,False,False,
3337,X-LOVE (मेरो X को छम्मा),Sirjina Khatri,legacy_932,37,0,0.0,,0,0,False,False,False,
3345,Heeu bhanda chiso,Songs To Sing,site_paankopat.com,68,0,0.0,,0,0,False,False,False,
3346,Jomsomai Bazarma,Songs To Sing,site_paankopat.com,32,0,0.0,,0,0,False,False,False,
3347,Kun Mandir Ma Janchau Yatri,Songs To Sing,site_paankopat.com,30,0,0.0,,0,0,False,False,False,
3349,Mero Ashu,Songs To Sing,site_paankopat.com,65,0,0.0,,0,0,False,False,False,
3351,Rato Ra Chandra Surya,Songs To Sing,site_paankopat.com,24,0,0.0,,0,0,False,False,False,
3352,Rato Rani,Songs To Sing,site_paankopat.com,54,0,0.0,,0,0,False,False,False,
3353,Suna katha euta geet,Songs To Sing,site_paankopat.com,30,0,0.0,,0,0,False,False,False,
3354,Timi pari tyo gaau ma,Songs To Sing,site_paankopat.com,51,0,0.0,,0,0,False,False,False,
3355,Tyo mutu lai choyera,Songs To Sing,site_paankopat.com,27,0,0.0,,1,1,False,False,False,
3357,Birahako Bhakale,Sonu Nigam,site_nepalilyrics.net,51,0,0.0,,0,0,False,False,False,
3358,Ukali Orali Gardai,Sonu Nigam,site_nepalilyrics.net,40,0,0.0,,0,0,False,False,False,
3359,Yo Mayale Herana,Sonu Nigam,site_nepalilyrics.net,55,0,0.0,,0,0,False,False,False,
3360,Phoolko Dali Dalima,Sonu Nigam & Purnima,kaggle_genius,34,0,0.0,,5,0,False,False,False,
3361,Hai Murali,Sorathi Tihar - Bhupendra Salami Magar,site_nepalilyrics.net,29,0,0.0,,0,0,False,False,False,
3362,Nepali Vibes,Sparga,legacy_932,22,0,0.0,,0,0,False,False,False,
3364,Rapstar,ST MAN,legacy_932,15,0,0.0,,0,0,False,False,False,
3365,Cinema,ST MAN FT. SOMEA,site_nepaligeetlyrics.com,87,0,0.0,,0,0,False,False,False,
3366,Bombay,ST MAN | YUNG 22 & BIG NORZZA,site_nepaligeetlyrics.com,52,0,0.0,,1,1,False,False,False,
3368,Maya Ho ki Maya Jastai,Subani Moktan,site_nepalilyrics.net,40,0,0.0,,0,0,False,False,False,
3369,Maya Hoki Maya Jastai,Subani Moktan,site_nepalilyrics.net,29,0,0.0,,0,0,False,False,False,
3372,Timro Phool Butte Choli,Subash Karki,kaggle_genius,28,0,0.0,,0,0,False,False,False,
3373,Baatas,Sudarshan Acharya,kaggle_genius,17,0,0.0,,0,0,False,False,False,
3374,Chamkina De,Sudhan Gurung,legacy_932,26,0,0.0,,0,0,False,False,False,
3375,Chamkina De Pt.2,Sudhan Gurung,kaggle_genius,56,0,0.0,,0,0,False,False,False,
3376,Chamkina De Pt.2 Remix,Sudhan Gurung,kaggle_genius,90,0,0.0,,0,0,True,False,False,
3377,Mero Bhale Kha,Sudhan Gurung,legacy_932,14,0,0.0,,0,0,False,False,False,
3378,Treat You Right,Sudhan Gurung,legacy_932,19,0,0.0,,0,0,False,False,False,
3379,Up In The Morning,Sudhan Gurung,legacy_932,29,0,0.0,,0,0,False,False,False,
3380,Life Aint Game,Sudin Bikram Thapa,kaggle_genius,28,0,0.0,,0,0,False,False,False,
3381,Uf Timro Yaadma,Sudip Adhikari,site_nepalilyrics.net,101,0,0.0,,0,0,False,False,False,
3382,Jane Bhaye Jau,Sudip Giri,site_nepalilyrics.net,46,0,0.0,,0,0,False,False,False,
3383,Kasko Yadharu,Sudip Giri,site_nepalilyrics.net,29,0,0.0,,0,0,True,False,False,
3384,Nabijaune Phool,Sudip Giri,site_nepalilyrics.net,32,0,0.0,,0,0,False,False,False,
3385,Sannani Ko,Sudip Giri,site_nepalilyrics.net,44,0,0.0,,1,0,False,False,False,
3386,Timi Aaja Bholi,Sudip Giri,kaggle_genius,45,0,0.0,,0,0,False,False,False,
3387,Timi Aja Bholi,Sudip Giri,site_nepalilyrics.net,29,0,0.0,,0,0,False,False,False,
3388,Tutnu Thiyo,Sudip Giri,kaggle_genius,28,0,0.0,,0,0,False,False,False,
3389,Yo Esto Euta,Sudip Giri,site_nepalilyrics.net,39,0,0.0,,0,0,False,False,False,
3390,Chadai Aau,Sudip Gurung,site_nepalilyrics.net,49,0,0.0,,0,0,False,False,False,
3391,Khelauna Po Bhayecha,Sudip Gurung,site_nepalilyrics.net,34,0,0.0,,0,0,False,False,False,
3392,Kina Hattarinchu,Sudip Gurung,site_nepalilyrics.net,51,0,0.0,,0,0,False,False,False,
3393,Pagalpan,Sudip Gurung,site_nepalilyrics.net,49,0,0.0,,0,0,False,False,False,
3394,Rojdaichhu,Sudip Lamichhane,kaggle_genius,37,0,0.0,,0,0,False,False,False,
3397,Dashain Tihar,Sugam Pokharel,rupesh_aryal,14,0,0.0,,0,0,False,False,False,
3398,Dashain Tihar - Sugam Pokharel,Sugam Pokharel,site_paankopat.com,28,0,0.0,,5,0,False,False,False,
3399,Hitai Ko Maya हितै को माया,Sugam Pokharel,site_paankopat.com,20,0,0.0,,0,0,False,False,False,
3402,Kasari Bhanu Timilai,Sugam Pokharel,site_paankopat.com,19,0,0.0,,2,1,True,False,False,
3404,Kati din bitey कति दिन बिते,Sugam Pokharel,site_paankopat.com,36,0,0.0,,0,0,False,False,False,
3406,Malai Udna Deu,Sugam Pokharel,rupesh_aryal,20,0,0.0,,0,0,False,False,False,
3408,Nilo Gahiro,Sugam Pokharel,site_nepaligeetlyrics.com,38,0,0.0,,0,0,False,False,False,
3410,Pheri tyo din,Sugam Pokharel,rupesh_aryal,20,0,0.0,,0,0,False,False,False,
3412,Samhalincha kahile,Sugam Pokharel,site_paankopat.com,16,0,0.0,,0,0,False,False,False,
3413,SAMJHANA MA NA AAU,Sugam Pokharel,site_paankopat.com,25,0,0.0,,0,0,False,False,False,
3417,Yo Katha Ho Mero,Sugam Pokharel,site_nepaligeetlyrics.com,36,0,0.0,,0,0,False,False,False,
3418,Yo Pal,Sugam Pokharel,site_paankopat.com,28,0,0.0,,0,0,False,False,False,
3424,Bhamara Fulko Rasaima,Sugam Pokhrel,site_nepalilyrics.net,76,0,0.0,,0,0,True,False,False,
3425,Bhanchu Ma,Sugam Pokhrel,site_nepalilyrics.net,33,0,0.0,,0,0,False,False,False,
3426,Bhanekai Hu Maile,Sugam Pokhrel,site_nepalilyrics.net,14,0,0.0,,0,0,False,False,False,
3427,Chahi Sake,Sugam Pokhrel,site_nepalilyrics.net,35,0,0.0,,0,0,False,False,False,
3428,Chanchal Chanchal,Sugam Pokhrel,site_nepalilyrics.net,23,0,0.0,,0,0,False,False,False,
3429,Dashain Tihar,Sugam Pokhrel,site_nepalilyrics.net,27,0,0.0,,0,0,False,False,False,
3430,Dashain Tihara,Sugam Pokhrel,site_nepalilyrics.net,28,0,0.0,,5,0,False,False,False,
3431,Dhanda,Sugam Pokhrel,site_nepalilyrics.net,40,0,0.0,,0,0,False,False,False,
3432,Ekantama,Sugam Pokhrel,site_nepalilyrics.net,18,0,0.0,,0,0,False,False,False,
3433,Hamro Sano,Sugam Pokhrel,site_nepalilyrics.net,26,0,0.0,,0,0,False,False,False,
3434,Hamro School,Sugam Pokhrel,site_nepalilyrics.net,35,0,0.0,,0,0,False,False,False,
3435,Jaba Din Dhalcha,Sugam Pokhrel,site_nepalilyrics.net,37,0,0.0,,0,0,False,False,False,
3436,Jadai Chu Tada,Sugam Pokhrel,site_nepalilyrics.net,39,0,0.0,,0,0,False,False,False,
3438,Kati Din Bite,Sugam Pokhrel,site_nepalilyrics.net,16,0,0.0,,0,0,False,False,False,
3439,Ma Yesto Geet Gauchu,Sugam Pokhrel,site_nepalilyrics.net,54,0,0.0,,0,0,False,False,False,
3440,Malai Nabheta Hai,Sugam Pokhrel,site_nepalilyrics.net,31,0,0.0,,0,0,False,False,False,
3441,Man Ko Dailo,Sugam Pokhrel,site_nepalilyrics.net,46,0,0.0,,0,0,False,False,False,
3442,Manko Rani,Sugam Pokhrel,site_nepalilyrics.net,109,0,0.0,,0,0,False,False,False,
3443,Maya Ko Bato,Sugam Pokhrel,site_nepalilyrics.net,27,0,0.0,,0,0,False,False,False,
3444,Mayale Boleko,Sugam Pokhrel,site_nepalilyrics.net,35,0,0.0,,0,0,False,False,False,
3445,Mero Euta Sathi Cha,Sugam Pokhrel,site_nepalilyrics.net,37,0,0.0,,0,0,False,False,False,
3446,Mero Sansar,Sugam Pokhrel,site_nepalilyrics.net,24,0,0.0,,0,0,False,False,False,
3447,Pheri To Din,Sugam Pokhrel,site_nepalilyrics.net,20,0,0.0,,0,0,False,False,False,
3448,Sacheko Maya,Sugam Pokhrel,site_nepalilyrics.net,45,0,0.0,,0,0,False,False,False,
3449,Samhalincha Kahile,Sugam Pokhrel,site_nepalilyrics.net,25,0,0.0,,0,0,False,False,False,
3450,Samjhanama Na Aau,Sugam Pokhrel,site_nepalilyrics.net,20,0,0.0,,0,0,False,False,False,
3451,Timi Ma Bhanda,Sugam Pokhrel,site_nepalilyrics.net,16,0,0.0,,0,0,False,False,False,
3452,Timi Nabhaye,Sugam Pokhrel,site_nepalilyrics.net,27,0,0.0,,0,0,False,False,False,
3453,Yo Ta Maya Ho,Sugam Pokhrel,site_nepalilyrics.net,21,0,0.0,,0,0,False,False,False,
3458,"Dui Din Ko Jindagi ma by Rachana Rimal, Sujan Babu Gurung",Sujan Babu Gurung,site_paankopat.com,56,0,0.0,,0,0,True,False,False,
3460,Gajale Sunchari,Sujan Chapagain,site_nepalilyrics.net,21,0,0.0,,0,0,False,False,False,
3461,Gala Pukka - Ma Fakauchu Bhanera Hola,Sujan Chapagain,legacy_932,18,0,0.0,,0,0,False,False,False,
3462,Gala Pukka - Ma Fakauchu Bhanera Hola by Sujan Chapagain,Sujan Chapagain,site_paankopat.com,92,0,0.0,,0,0,False,False,False,
3465,Phool,Sujan Chapagain,legacy_932,22,0,0.0,,0,0,False,False,False,
3466,Eklai Bhayeni,Sujan Chapagain and Bidhya Tiwari | Mero Adhuro Prem,site_nepaligeetlyrics.com,68,0,0.0,,0,0,False,False,False,
3468,Baaf [बाफ],Sujan Chapagain & Bidhya Tiwari,site_paankopat.com,42,0,0.0,,0,0,False,False,False,
3469,Teenpatey - Dekhera Timilai,Sujan Chapagain & Bidhya Tiwari,kaggle_genius,45,0,0.0,,8,0,False,False,False,
3470,Phool Haru Muskauchan,Sujan Chapagain OST of Unko Sweater,site_nepaligeetlyrics.com,33,0,0.0,,0,0,False,False,False,
3471,Ghumi Ghumi,"Sujan Chapagain, Shanti Shree Pariyar",site_nepalilyrics.net,49,0,0.0,,0,0,False,False,False,
3472,Chulbul Chulbul,Sujan Chapagain & Sunita Thegim,legacy_932,26,0,0.0,,0,0,False,False,False,
3473,Makhamali,"Sujan Chapagain, Sunita Thegim",site_nepalilyrics.net,41,0,0.0,,0,0,False,False,False,
3475,Ye Daju Nasamau,"Sujata Verma, Almoda Rana Uprety",site_nepalilyrics.net,50,0,0.0,,0,0,False,False,False,
3476,"London Ma From ""Intu Mintu Londonma""",Sujil Karmacharya,kaggle_genius,51,0,0.0,,0,0,False,False,False,
3477,Dhoka Diyou Timile,Sukmit Gurung,site_nepalilyrics.net,37,0,0.0,,0,0,True,False,False,
3478,Mitha Mitha Samjhanale,Sukmit Gurung,site_nepalilyrics.net,26,0,0.0,,0,0,False,False,False,
3479,O Mero Priyatam,Sukmit Gurung,site_nepalilyrics.net,43,0,0.0,,0,0,False,False,False,
3480,Pal Pal Timrai,Sukmit Gurung,site_nepalilyrics.net,19,0,0.0,,0,0,False,False,False,
3481,Relimai Relimai,Sukmit Gurung,site_nepalilyrics.net,40,0,0.0,,0,0,False,False,False,
3483,Aaja Yo Andhyarole,Suman Pokhrel,kaggle_genius,20,0,0.0,,0,0,False,False,False,
3484,Aaja Yo Andhyarole - Bednidhi Poudel,Suman Pokhrel,kaggle_genius,20,0,0.0,,0,0,False,False,False,
3485,Alikati Ma Banchunla,Suman Pokhrel,kaggle_genius,20,0,0.0,,0,0,False,False,False,
3486,Kati Mithaa Kati Nyanaa,Suman Pokhrel,kaggle_genius,24,0,0.0,,0,0,False,False,False,
3487,Pagliyera Pokhiyoun Jhain,Suman Pokhrel,kaggle_genius,24,0,0.0,,0,0,False,False,False,
3488,Sangai Bitaune Yo Raatlai,Suman Pokhrel,kaggle_genius,19,0,0.0,,0,0,False,False,False,
3489,Chanchale Nani Chulbule Bani,Suman Shekhar Manandhar,site_nepalilyrics.net,33,0,0.0,,0,0,False,False,False,
3492,Samachar,Sumit Pathak,legacy_932,20,0,0.0,,0,0,False,False,False,
3497,Kasto Yo Man,Sunil Giri,site_nepalilyrics.net,42,0,0.0,,1,0,False,False,False,
3498,Ko Hola Tyo,Sunil Giri,site_nepalilyrics.net,26,0,0.0,,0,0,False,False,False,
3500,Lekali Maya,Sunil Giri,site_nepalilyrics.net,46,0,0.0,,0,0,False,False,False,
3501,Muglan,Sunil Giri,legacy_932,20,0,0.0,,0,0,False,False,False,
3505,Jhari Pareko Raat,Sunil Giri & Trishala Gurung,legacy_932,20,0,0.0,,0,0,False,False,False,
3506,Ramailo Mausam,Sunil Upreti,site_nepalilyrics.net,18,0,0.0,,0,0,False,False,False,
3507,Sagar Jhai Gahiro,Sunil Upreti,site_nepalilyrics.net,21,0,0.0,,0,0,False,False,False,
3512,Rai Maila,Sunita Thegim,site_nepalilyrics.net,27,0,0.0,,0,0,False,False,False,
3513,Sunita Thegim-Aankha Ma Aaune Sapani Official MV (Female Version),Sunita Thegim,site_paankopat.com,32,0,0.0,,0,0,False,False,False,
3518,Railko Bato,Suraj Pandit,site_nepalilyrics.net,33,0,0.0,,0,0,False,False,False,
3519,Bolau Ma,Surakshya Malla,legacy_932,23,0,0.0,,0,0,False,False,False,
3520,Ko Hau Timi,Surendra Man Singh,site_nepalilyrics.net,26,0,0.0,,0,0,False,False,False,
3521,Taremam Taremam,Surendra Man Singh,site_nepalilyrics.net,21,0,0.0,,0,0,False,False,False,
3522,Yadi Samayeko Gati,Surendra Man Singh,site_nepalilyrics.net,22,0,0.0,,0,0,False,False,False,
3523,I Miss U,Suresh Kumar,site_nepalilyrics.net,47,0,0.0,,0,0,False,False,False,
3527,Raichha Barai Jindagi,"Surya Khadka, Shanti Shree Pariyar",site_nepalilyrics.net,80,0,0.0,,0,0,False,False,False,
3529,Eklo Mann,Sushant Ghimire,site_nepaligeetlyrics.com,40,0,0.0,,0,0,False,False,False,
3530,Larabara Lar Lau Ghumayo Re,Sushant Ghimire,site_nepalilyrics.net,54,0,0.0,,0,0,False,False,False,
3531,Aama,Sushant KC,legacy_932,20,0,0.0,,0,0,False,False,False,
3532,Aasha,Sushant KC,legacy_932,20,0,0.0,,0,0,False,False,False,
3538,Bela Bela,Sushant KC,site_nepaligeetlyrics.com,37,0,0.0,,0,0,False,False,False,
3539,Estai Raicha II,Sushant Kc,site_nepaligeetlyrics.com,46,0,0.0,,0,0,False,False,False,
3540,Fakauna Ma,Sushant KC,legacy_932,21,0,0.0,,0,0,False,False,False,
3541,Falling Apart,Sushant KC,kaggle_genius,24,0,0.0,,0,0,False,False,False,
3542,Gayo Ta Gayo,Sushant KC,site_nepaligeetlyrics.com,54,0,0.0,,0,0,False,False,False,
3546,I Like You (Anishchaya),Sushant KC,legacy_932,31,0,0.0,,0,0,False,False,False,
3547,Jhandai,Sushant Kc,site_nepaligeetlyrics.com,67,0,0.0,,1,1,False,False,False,
3548,Jhyal Bata,Sushant KC,site_nepalilyrics.net,39,0,0.0,,0,0,False,False,False,
3549,Ji Chanta Matina,Sushant KC,site_nepaligeetlyrics.com,48,0,0.0,,0,0,False,False,False,
3550,Kya Kardiya,Sushant KC,legacy_932,22,0,0.0,,0,0,True,False,False,
3551,Maya ma,SUshant KC,rupesh_aryal,31,0,0.0,,0,0,False,False,False,
3554,Pahuna,Sushant Kc,site_nepaligeetlyrics.com,63,0,0.0,,0,0,False,False,False,
3556,RANGIN,Sushant KC,kaggle_genius,59,0,0.0,,1,0,False,False,False,
3559,Sarangi,Sushant KC,site_paankopat.com,93,0,0.0,,0,0,False,False,False,
3560,Sarangi / Mero Din Barbaad Bho,SUshant KC,rupesh_aryal,19,0,0.0,,0,0,False,False,False,
3561,Satayera,Sushant KC,legacy_932,21,0,0.0,,0,0,False,False,False,
3562,Sathi,SUshant KC,rupesh_aryal,18,0,0.0,,0,0,False,False,False,
3563,Sathi - Sushant KC,Sushant KC,site_paankopat.com,73,0,0.0,,0,0,False,False,False,
3566,Sushant KC - Risaune Bhaye,Sushant KC,site_paankopat.com,43,0,0.0,,0,0,False,False,False,
3567,Timile,Sushant KC,legacy_932,23,0,0.0,,0,0,False,False,False,
3569,पर्ख न Parkha Na,Sushant KC,site_paankopat.com,169,0,0.0,,0,0,False,False,False,
3571,Bardali,Sushant Kc & Indrakala Rai,site_nepaligeetlyrics.com,46,0,0.0,,0,0,False,False,False,
3572,Uff,Sushant KC & Indrakala Rai,site_nepaligeetlyrics.com,42,0,0.0,,0,0,False,False,False,
3574,Pagal,Sushant KC | OST From Karma Movie,site_nepaligeetlyrics.com,38,0,0.0,,0,0,False,False,False,
3576,Mausam,"Sushant KC, Yodda & Cute Boka",legacy_932,32,0,0.0,,1,0,False,False,False,
3577,Mausam,"Sushant KC, Yodda & Lil Rock Look",kaggle_genius,44,0,0.0,,1,0,False,False,False,
3579,Ajambari Jhari,Suvam Gurung,site_nepaligeetlyrics.com,37,0,0.0,,0,0,False,False,False,
3580,Suruwat,Suvash Sundas,kaggle_genius,16,0,0.0,,0,0,False,False,False,
3581,Kasto Ho Yo,Swapnil Sharma,site_nepalilyrics.net,25,0,0.0,,0,0,False,False,False,
3582,Mussukka Hasne,Swapnil Sharma & Shreya Sotang,kaggle_genius,28,0,0.0,,0,0,False,False,False,
3583,Aparibhasit,"Swapnil Sharma, Swar",site_nepalilyrics.net,29,0,0.0,,0,0,False,False,False,
3584,Arko Janma Ma,Swar,site_nepaligeetlyrics.com,85,0,0.0,,0,0,False,False,False,
3585,Bidaai,Swar,site_nepaligeetlyrics.com,49,0,0.0,,1,1,False,False,False,
3586,Ekata राष्ट्रिय गीत,Swar,site_nepalilyrics.net,32,0,0.0,,0,0,False,False,False,
3587,Ma Mare Pani,Swar,site_nepalilyrics.net,27,0,0.0,,0,0,False,False,False,
3588,Ma Marey Pani,Swar,site_nepaligeetlyrics.com,21,0,0.0,,0,0,False,False,False,
3589,Badal Sari,"Swar, John Chamling Rai",site_nepalilyrics.net,27,0,0.0,,0,0,False,False,False,
3590,Badal Sari,SWAR & JOHN RAI,site_nepaligeetlyrics.com,32,0,0.0,,0,0,False,False,False,
3591,Aparibhasit,Swar [NPL],legacy_932,19,0,0.0,,0,0,False,False,False,
3592,Maya Ma,Swar | Swapnil Sharma,site_nepaligeetlyrics.com,15,0,0.0,,1,1,False,False,False,
3593,Badnam Bhai,Swaroop Raj Acharya,kaggle_genius,32,0,0.0,,0,0,False,False,False,
3594,Barule Kammar,Swaroop Raj Acharya,site_paankopat.com,47,0,0.0,,0,0,False,False,False,
3595,Jahan Timi Tyaha Ma :,Swaroop Raj Acharya,site_paankopat.com,26,0,0.0,,0,0,False,False,False,
3598,Aaja Feri,Swoopna Suman,site_paankopat.com,44,0,0.0,,1,0,False,False,False,
3599,Aamako Maya Ra Uni,Swoopna Suman,legacy_932,22,0,0.0,,0,0,False,False,False,
3601,Birseko Chaina,Swoopna Suman,rupesh_aryal,28,0,0.0,,1,0,False,False,False,
3604,Farki Aaune Chhu,Swoopna Suman,legacy_932,22,0,0.0,,0,0,False,False,False,
3605,Harauna Deu,Swoopna Suman,legacy_932,23,0,0.0,,0,0,False,False,False,
3608,Juneli Raatma,Swoopna Suman,legacy_932,12,0,0.0,,0,0,False,False,False,
3609,Jyotsna,Swoopna Suman,site_paankopat.com,28,0,0.0,,0,0,False,False,False,
3610,K Saro Ramri Bhako,Swoopna Suman,rupesh_aryal,37,0,0.0,,0,0,False,False,False,
3617,Nasodha Malai,Swoopna Suman,legacy_932,20,0,0.0,,0,0,False,False,False,
3618,Risaaune Baani,Swoopna Suman,site_nepaligeetlyrics.com,58,0,0.0,,1,1,False,False,False,
3619,Sirani Ko Tasbir,Swoopna Suman,legacy_932,10,0,0.0,,0,0,False,False,False,
3621,Mero Hajura,Swoopna Suman | Abhigya Ghimire,site_nepaligeetlyrics.com,60,0,0.0,,1,1,False,False,False,
3623,Je Chhau Timi,"Swoopna Suman, Samir Shrestha",site_nepalilyrics.net,41,0,0.0,,0,0,False,False,False,
3624,Badnaam Bhaye Ma,Sworup Raj Acharya,site_nepalilyrics.net,30,0,0.0,,0,0,False,False,False,
3625,Bal Garera,Sworup Raj Acharya,site_nepalilyrics.net,53,0,0.0,,0,0,False,False,False,
3626,Bhana K K,Sworup Raj Acharya,site_nepalilyrics.net,22,0,0.0,,0,0,False,False,False,
3627,Bho Aba Halla Nagara,Sworup Raj Acharya,site_nepalilyrics.net,25,0,0.0,,0,0,False,False,False,
3628,Bichama Chutyo,Sworup Raj Acharya,site_nepalilyrics.net,36,0,0.0,,0,0,False,False,False,
3629,Bujhnai Sakina,Sworup Raj Acharya,site_nepalilyrics.net,38,0,0.0,,0,0,False,False,False,
3630,Chati Bhari Bhala Ropi,Sworup Raj Acharya,site_nepalilyrics.net,12,0,0.0,,0,0,False,False,False,
3631,Dherai Maya Dida,Sworup Raj Acharya,site_nepalilyrics.net,16,0,0.0,,0,0,False,False,False,
3632,Fulko Dali Katera,Sworup Raj Acharya,site_nepalilyrics.net,66,0,0.0,,0,0,False,False,False,
3633,Hamro Nata Maya,Sworup Raj Acharya,site_nepalilyrics.net,20,0,0.0,,0,0,False,False,False,
3634,Hasera K Bhayo,Sworup Raj Acharya,site_nepalilyrics.net,24,0,0.0,,0,0,False,False,False,
3635,J J Hunu Bhaigo,Sworup Raj Acharya,site_nepalilyrics.net,42,0,0.0,,0,0,False,False,False,
3636,Jaha Chan Buddhaka,Sworup Raj Acharya,site_nepalilyrics.net,39,0,0.0,,0,0,False,False,False,
3637,Jaha Timi Tyaha Ma,Sworup Raj Acharya,site_nepalilyrics.net,35,0,0.0,,0,0,False,False,False,
3638,Jodeko Nata Todera Gayou,Sworup Raj Acharya,site_nepalilyrics.net,31,0,0.0,,0,0,False,False,False,
3639,Maya Antai,Sworup Raj Acharya,site_nepalilyrics.net,9,0,0.0,,0,0,False,False,False,
3640,Maya Antai Sara,Sworup Raj Acharya,site_nepalilyrics.net,36,0,0.0,,0,0,False,False,False,
3641,Pagal Ma Banna Sakchu,Sworup Raj Acharya,site_nepalilyrics.net,48,0,0.0,,0,0,False,False,False,
3642,Rokina Lagyo,Sworup Raj Acharya,site_nepalilyrics.net,35,0,0.0,,0,0,False,False,False,
3643,Sangai Juine,Sworup Raj Acharya,site_nepalilyrics.net,36,0,0.0,,0,0,False,False,False,
3644,Ti Ankhama Aashu,Sworup Raj Acharya,site_nepalilyrics.net,18,0,0.0,,0,0,False,False,False,
3645,Timi Binako Jeevan,Sworup Raj Acharya,site_nepalilyrics.net,29,0,0.0,,0,0,False,False,False,
3646,Aadhi Sari Timro Maya,"Sworup Raj Acharya, Anjana Gurung",site_nepalilyrics.net,40,0,0.0,,0,0,False,False,False,
3647,Timro Aankhama Anshu,"Sworup Raj Acharya, Anju Panta",site_nepalilyrics.net,27,0,0.0,,0,0,False,False,False,
3648,Daudidaichha,Symfamous,kaggle_genius,64,0,0.0,,0,0,False,False,False,
3649,Eklai,Symfamous,kaggle_genius,79,0,0.0,,0,0,False,False,False,
3650,Free Verse,Symfamous,kaggle_genius,38,0,0.0,,0,0,False,False,False,
3651,Hawa Lagyo,Symfamous,kaggle_genius,48,0,0.0,,0,0,False,False,False,
3652,Intro,Symfamous,kaggle_genius,30,0,0.0,,0,0,False,False,False,
3653,Naya Din,Symfamous,kaggle_genius,48,0,0.0,,8,0,False,False,False,
3654,Naya Nepal,Symfamous,kaggle_genius,58,0,0.0,,0,0,False,False,False,
3655,Prashna,Symfamous,kaggle_genius,30,0,0.0,,0,0,False,False,False,
3656,Concrete Mountains,Tamang,legacy_932,28,0,0.0,,0,0,False,False,False,
3657,Give Me (Head),Tamang,legacy_932,16,0,0.0,,0,0,False,False,False,
3658,I Cannot Fucking Wait Until Bhandari Dies,Tamang,legacy_932,25,0,0.0,,0,0,False,False,False,
3659,Slunt,Tamang,legacy_932,31,0,0.0,,0,0,False,False,False,
3660,Smoke Weed With Lesbian God (Interlude),Tamang,legacy_932,10,0,0.0,,0,0,False,False,False,
3661,Venomous,Tamang,legacy_932,33,0,0.0,,0,0,False,False,False,
3662,Zombie by The Cranberries (Chopped & Screwed & Fucked In The Ass),Tamang,legacy_932,20,0,0.0,,0,0,False,False,False,
3663,Dui Din Ko Maya,Tamang Song,site_paankopat.com,38,0,0.0,,0,0,False,False,False,
3664,Maaserati,"Tanishk Bagchi, Vayu & Akasa",kaggle_genius,37,0,0.0,,0,0,False,False,False,
3666,Relimai Koi Doctor Bolaideuna,Tanka Budathoki,site_nepalilyrics.net,35,0,0.0,,0,0,False,False,False,
3670,Nachana Batuli,Tanka Budathoki Melina Rai,site_paankopat.com,43,0,0.0,,0,0,False,False,False,
3674,Aau Na Aau,Tara Devi,site_nepalilyrics.net,24,0,0.0,,0,0,False,False,False,
3675,Ama Bhayera Hera,Tara Devi,site_nepalilyrics.net,16,0,0.0,,0,0,False,False,False,
3676,"Eh Kancha Thattai Ma ए कान्छा By Narayan Gopal, Tara Devi",Tara Devi,site_paankopat.com,18,0,0.0,,0,0,False,False,False,
3677,Kali Pari,Tara Devi,site_nepalilyrics.net,14,0,0.0,,0,0,False,False,False,
3679,Nausaya Khola,Tara Devi,rupesh_aryal,20,0,0.0,,0,0,False,False,False,
3680,Phoolako Thunga,Tara Devi,site_nepalilyrics.net,32,0,0.0,,0,0,False,False,False,
3681,Saya Thari Baja,Tara Devi,site_paankopat.com,106,0,0.0,,0,0,False,False,False,
3682,Subhakamana Bhari,Tara Devi,site_nepalilyrics.net,13,0,0.0,,0,0,False,False,False,
3683,Timile Diyeko Mayalu Kosheli Harule,Tara Devi,site_nepalilyrics.net,25,0,0.0,,0,0,False,False,False,
3684,Timra Pau Haruma,Tara Devi,site_nepalilyrics.net,20,0,0.0,,0,0,False,False,False,
3685,Ukali Orali Haruma,Tara Devi,site_nepalilyrics.net,27,0,0.0,,0,0,False,False,False,
3686,Yeti Thulo Sansar ma Chadani Saha,Tara Devi,site_paankopat.com,52,0,0.0,,0,0,False,False,False,
3687,सोचे जस्तो हुन्न जीवन,Tara Devi,rupesh_aryal,12,0,0.0,,0,0,False,False,False,
3688,Lagadacha Malai Ramailo,"Tara Devi, Janardan Sama",site_nepalilyrics.net,22,0,0.0,,0,0,False,False,False,
3689,Jai Ambe Jai Ambe,"Tara Devi, Mira Rana, Gyanu Rana",site_nepalilyrics.net,45,0,0.0,,0,0,False,False,False,
3691,Sare Sare,"Tara Prakash Limbu, Dipa Lama",site_nepalilyrics.net,27,0,0.0,,0,0,False,False,False,
3692,Bhakari Ma Dhaan Chha Baadure,"Tara Thapa, Kul bahadur Oli, Raj Kumar Oli",site_nepalilyrics.net,110,0,0.0,,0,0,False,False,False,
3693,Arsa,Taran Singh Sethi,legacy_932,20,0,0.0,,0,0,False,False,False,
3694,Samjhana Birsana,Tarzan Lepcha,legacy_932,22,0,0.0,,0,0,False,False,False,
3696,बल्छी काँडैले | The Voice of Nepal Special,Tejendra Gandharva,site_nepalilyrics.net,20,0,0.0,,0,0,False,False,False,
3698,Rune Mero Karimai,Tek BC,site_paankopat.com,47,0,0.0,,3,3,False,False,False,
3701,Chiya Barima,The Axe,site_nepalilyrics.net,27,0,0.0,,0,0,False,False,False,
3702,Chyangba Dai,The Axe,site_nepalilyrics.net,41,0,0.0,,0,0,False,False,False,
3703,Dekhe Timilai Hijo Hai Raati,The Axe,site_nepalilyrics.net,38,0,0.0,,0,0,False,False,False,
3704,Euta Chittiko,The Axe,site_nepalilyrics.net,38,0,0.0,,0,0,True,False,False,
3705,Lukna Deu,The Axe,site_nepalilyrics.net,44,0,0.0,,0,0,False,False,False,
3706,Lukna Deu Malai,The AXE,site_paankopat.com,20,0,0.0,,0,0,False,False,False,
3707,Ma Audai Chu,The Axe,site_nepalilyrics.net,44,0,0.0,,0,0,False,False,False,
3708,Pallo Dadama,The Axe,site_nepalilyrics.net,67,0,0.0,,0,0,False,False,False,
3709,Praye Sadhai Ma,The Axe,site_nepalilyrics.net,45,0,0.0,,0,0,False,False,False,
3711,Thado Jane Ukali,The Axe,site_nepalilyrics.net,17,0,0.0,,0,0,False,False,False,
3712,Timro Najar Le,The Axe,site_nepalilyrics.net,40,0,0.0,,0,0,False,False,False,
3713,Dekhe Timilai,The Axe (Nepal),kaggle_genius,27,0,0.0,,0,0,False,False,False,
3714,Dherai Dheraile,The Axe (Nepal),kaggle_genius,24,0,0.0,,0,0,False,False,False,
3715,Din Matra Haina,The Axe (Nepal),kaggle_genius,33,0,0.0,,0,0,False,False,False,
3716,Kadkey Herai,The Axe (Nepal),kaggle_genius,36,0,0.0,,0,0,False,False,False,
3717,Lahure Dai,The Axe (Nepal),legacy_932,20,0,0.0,,0,0,False,False,False,
3718,Lukna Deu,The Axe (Nepal),legacy_932,20,0,0.0,,0,0,False,False,False,
3719,Ma Aaudaichhu,The Axe (Nepal),kaggle_genius,36,0,0.0,,0,0,False,False,False,
3720,Praya,The Axe (Nepal),kaggle_genius,25,0,0.0,,0,0,False,False,False,
3721,Sakdina Aba,The Axe (Nepal),kaggle_genius,40,0,0.0,,0,0,False,False,False,
3722,Timro Nazarle,The Axe (Nepal),kaggle_genius,28,0,0.0,,0,0,False,False,False,
3723,Bihaniko Mirmirema,The Buds,site_nepalilyrics.net,20,0,0.0,,2,0,False,False,False,
3724,Kati Dherai,The Buds,site_nepalilyrics.net,22,0,0.0,,0,0,False,False,False,
3725,Tadpinchu Samjhera,The Buds,site_nepalilyrics.net,40,0,0.0,,0,0,False,False,False,
3726,Lai Bari Lai,The Cartoonz Crew,site_paankopat.com,23,0,0.0,,0,0,False,False,False,
3729,Yo Dil Mero,The Edge,site_paankopat.com,35,0,0.0,,0,0,False,False,False,
3730,Aama,The edge band,rupesh_aryal,18,0,0.0,,0,0,False,False,False,
3731,Birsu Bhanchu,The edge band,rupesh_aryal,24,0,0.0,,0,0,False,False,False,
3732,Dhokha,The edge band,rupesh_aryal,20,0,0.0,,0,0,False,False,False,
3733,Dukha Diyera,The edge band,rupesh_aryal,24,0,0.0,,0,0,False,False,False,
3736,Kasto Yo Din,The Edge Band,kaggle_genius,15,0,0.0,,0,0,False,False,False,
3740,Timro Yaad,The edge band,rupesh_aryal,19,0,0.0,,0,0,False,False,False,
3741,Yo Junibhar,The Edge Band,kaggle_genius,31,0,0.0,,0,0,False,False,False,
3742,Samjhiney Mutu,The Edge Band Nepal,site_nepaligeetlyrics.com,19,0,0.0,,0,0,False,False,False,
3743,Dhokha,The Edge Band Nepal | Jeewan Gurung,site_nepaligeetlyrics.com,14,0,0.0,,0,0,False,False,False,
3744,Hamro Maya,The Edge Band Nepal | Jeewan Gurung,site_nepaligeetlyrics.com,83,0,0.0,,0,0,False,False,False,
3745,Jaandaichu Taadha,The Edge Band Nepal | Jeewan Gurung,site_nepaligeetlyrics.com,26,0,0.0,,1,1,False,False,False,
3746,Jaba Timi Sanga,The Edge Band Nepal | Jeewan Gurung,site_nepaligeetlyrics.com,9,0,0.0,,0,0,False,False,False,
3747,Kalpana Ma,The Edge Band Nepal | Jeewan Gurung,site_nepaligeetlyrics.com,27,0,0.0,,0,0,False,False,False,
3748,Kataa Kataa,The Edge Band Nepal | Jeewan Gurung,site_nepaligeetlyrics.com,18,0,0.0,,1,1,False,False,False,
3749,Nachahe Ko Hoina,The Edge Band Nepal | Jeewan Gurung,site_nepaligeetlyrics.com,19,0,0.0,,0,0,False,False,False,
3750,Birsiney Hau Ki,The Elements,site_nepalilyrics.net,24,0,0.0,,0,0,False,False,False,
3751,Kaha Pugey Ma,The Elements,site_nepaligeetlyrics.com,32,0,0.0,,0,0,False,False,False,
3752,Sapana Ko Mayalu,The Elements,site_nepalilyrics.net,21,0,0.0,,0,0,False,False,False,
3753,Ujyaalo,The Elements | Based On True Events,site_nepaligeetlyrics.com,61,0,0.0,,0,0,False,False,False,
3755,Birsiney Hau Ki,The Elements (NPL),legacy_932,18,0,0.0,,0,0,False,False,False,
3756,Sapana Ko Mayalu,The Elements (NPL),legacy_932,18,0,0.0,,0,0,False,False,False,
3757,Tesaile Hidey Ma,The Elements (NPL),legacy_932,18,0,0.0,,0,0,False,False,False,
3758,Urja,The Elements (NPL),legacy_932,18,0,0.0,,0,0,False,False,False,
3759,Budo Bhaiyo,The Firantee,site_nepalilyrics.net,36,0,0.0,,0,0,False,False,False,
3760,Man Bhari Maya Cha,The Firantee,site_nepalilyrics.net,44,0,0.0,,0,0,False,False,False,
3761,Makhamali,The Hulaki - Aman Basnet,site_nepalilyrics.net,38,0,0.0,,0,0,False,False,False,
3762,Aama,The Shadows 'Nepal',legacy_932,21,0,0.0,,0,0,False,False,False,
3763,Aath Din,The Shadows 'Nepal',legacy_932,24,0,0.0,,0,0,False,False,False,
3764,Abasaad,The Shadows 'Nepal',legacy_932,16,0,0.0,,0,0,False,False,False,
3765,Balaatkaari Lai Faansi Dey,The Shadows 'Nepal',legacy_932,43,0,0.0,,0,0,False,False,False,
3766,Bhatkeko Kotha,The Shadows 'Nepal',legacy_932,24,0,0.0,,0,0,False,False,False,
3767,Buddha Nepalko,The Shadows 'Nepal',legacy_932,17,0,0.0,,0,0,False,False,False,
3768,Hidne Maanche Ladcha,The Shadows 'Nepal',legacy_932,23,0,0.0,,0,0,False,False,False,
3769,Jeth 19 9:15,The Shadows 'Nepal',kaggle_genius,39,0,0.0,,0,0,False,False,False,
3770,K Pais Nepali ?,The Shadows 'Nepal',legacy_932,20,0,0.0,,0,0,False,False,False,
3771,Kheladi,The Shadows 'Nepal',legacy_932,31,0,0.0,,0,0,False,False,False,
3772,Kun Ho Hamro Dharma?,The Shadows 'Nepal',site_nepalilyrics.net,37,0,0.0,,0,0,False,False,False,
3773,Ma,The Shadows 'Nepal',kaggle_genius,23,0,0.0,,0,0,False,False,False,
3774,Maunbrata,The Shadows 'Nepal',kaggle_genius,19,0,0.0,,0,0,False,False,False,
3775,Mero Sapana,The Shadows 'Nepal',legacy_932,22,0,0.0,,0,0,False,False,False,
3776,Naya Nepal,The Shadows 'Nepal',legacy_932,24,0,0.0,,0,0,False,False,False,
3777,Prakriti,The Shadows 'Nepal',legacy_932,21,0,0.0,,0,0,False,False,False,
3778,Saayad,The Shadows 'Nepal',legacy_932,24,0,0.0,,0,0,False,False,False,
3779,Choto Geet,The Uglyz,site_nepaligeetlyrics.com,35,0,0.0,,0,0,False,False,False,
3780,Maya,The Uglyz,site_paankopat.com,28,0,0.0,,0,0,False,False,False,
3781,Parkhai,The Uglyz,rupesh_aryal,20,0,0.0,,0,0,False,False,False,
3783,Janu Cha Malai,The Unity,site_nepalilyrics.net,180,0,0.0,,0,0,False,False,False,
3787,Narou Timi Ta,"Tika Pun, Birahi Karki",site_nepalilyrics.net,69,0,0.0,,0,0,False,False,False,
3788,Yadai Yad Ma,"Tika Pun, Ramji Khand",site_nepalilyrics.net,80,0,0.0,,0,0,False,False,False,
3790,K Lat Basyo,Tilak Singh Pela,site_paankopat.com,55,0,0.0,,0,0,False,False,False,
3792,Rangaharu,Topi Band,site_nepalilyrics.net,20,0,0.0,,0,0,False,False,False,
3793,Thorai Najik,Topi Band,site_nepalilyrics.net,21,0,0.0,,0,0,False,False,False,
3794,Jeewan Dherai Choto Cha,Topi (NPL),legacy_932,20,0,0.0,,0,0,False,False,False,
3795,Rangharu,Topi (NPL),legacy_932,19,0,0.0,,0,0,False,False,False,
3796,Thorei,Topi (NPL),kaggle_genius,33,0,0.0,,0,0,False,False,False,
3797,Adrishya,Trees (Nepal),legacy_932,23,0,0.0,,0,0,False,False,False,
3798,Bhanai,Tribal Rain,rupesh_aryal,19,0,0.0,,0,0,False,False,False,
3801,Devi Deuta,Tribal Rain,legacy_932,22,0,0.0,,0,0,False,False,False,
3802,Hunude Je Hunucha,Tribal Rain,kaggle_genius,20,0,0.0,,0,0,False,False,False,
3806,Manawta,Tribal Rain,rupesh_aryal,17,0,0.0,,0,0,False,False,False,
3807,Narisauna,Tribal Rain,site_nepalilyrics.net,32,0,0.0,,0,0,False,False,False,
3809,Roka Yo Samay,Tribal Rain,legacy_932,19,0,0.0,,0,0,False,False,False,
3810,Sahara,Tribal Rain,rupesh_aryal,15,0,0.0,,0,0,False,False,False,
3813,2025 Laijau Malai,Tribal Rain Band From The Hills Sikkim,site_nepaligeetlyrics.com,24,0,0.0,,0,0,False,False,False,
3814,By My Side,Trishala Gurung,legacy_932,16,0,0.0,,0,0,False,False,False,
3815,Hola Ta K?,Trishala Gurung,legacy_932,31,0,0.0,,0,0,False,False,False,
3816,Kathmandu Sahar,Trishala Gurung,rupesh_aryal,32,0,0.0,,0,0,False,False,False,
3818,Saraswati Vandana,Trishala Gurung,legacy_932,21,0,0.0,,0,0,False,False,False,
3819,Yo Maan,Trishala Gurung,rupesh_aryal,12,0,0.0,,0,0,False,False,False,
3823,Garyo K Timro Mayale,Trishna Gurung,rupesh_aryal,22,0,0.0,,0,0,False,False,False,
3824,Gurasai Fulyo,Trishna Gurung,site_nepalilyrics.net,33,0,0.0,,1,0,False,False,False,
3825,Khani Ho Yahmu,Trishna Gurung,rupesh_aryal,22,0,0.0,,0,0,False,False,False,
3826,Khani ho Yamu,Trishna Gurung,site_paankopat.com,32,0,0.0,,0,0,False,False,False,
3827,Lai Bari Lai Bari,Trishna Gurung,site_nepaligeetlyrics.com,18,0,0.0,,1,1,False,False,False,
3828,Maya Maan Bhari,Trishna Gurung,rupesh_aryal,19,0,0.0,,0,0,False,False,False,
3829,MAYA PIRATI,Trishna Gurung,site_paankopat.com,21,0,0.0,,0,0,False,False,False,
3830,Naam K Ho,Trishna Gurung,site_nepaligeetlyrics.com,34,0,0.0,,1,1,False,False,False,
3831,Naam K Ho (नाम के हो),Trishna Gurung,site_nepalilyrics.net,54,0,0.0,,0,0,False,False,False,
3832,Rail Lai Ma,Trishna Gurung,site_nepalilyrics.net,33,0,0.0,,0,0,False,False,False,
3834,Sanjha Ko Bela,Trishna Gurung,site_nepalilyrics.net,24,0,0.0,,0,0,False,False,False,
3835,Mayalu,Tshering Bhutia,site_nepalilyrics.net,24,0,0.0,,0,0,False,False,False,
3836,Bhumo,Tsujil Karmacharya,site_nepalilyrics.net,26,0,0.0,,0,0,True,False,False,
3837,Gunaso 2.0,Tuki,kaggle_genius,92,0,0.0,,0,0,False,False,False,
3838,Industry Ko Baagh,Tuki,site_nepalilyrics.net,75,0,0.0,,0,0,False,False,False,
3839,Khotang Jilla Diktel Bajar,"Tulasi Parajuli, Lochan Bhattarai",site_nepalilyrics.net,34,0,0.0,,0,0,False,False,False,
3840,Aakashai Ko Kalo Badal,"Tulasi Parajuli, Loreto Singh",site_nepalilyrics.net,58,0,0.0,,0,0,False,False,False,
3841,Hum Mar Jayenge,"Tulsi Kumar, Arijit Singh",site_nepalilyrics.net,41,0,0.0,,0,0,False,False,False,
3842,Bujhne Lai,Tunna Bell Thapa,legacy_932,18,0,0.0,,0,0,False,False,False,
3843,Dhukdhuki,Tunna Bell Thapa,legacy_932,22,0,0.0,,0,0,False,False,False,
3844,Hardina,Tunna Bell Thapa,legacy_932,40,0,0.0,,0,0,False,False,False,
3845,Hola Nahola,Tunna Bell Thapa,kaggle_genius,34,0,0.0,,0,0,True,False,False,
3846,Aja Afnai Chaya,Uday Sotang,site_nepalilyrics.net,26,0,0.0,,0,0,False,False,False,
3847,Aja Timro Kura Chalyo,Uday Sotang,site_nepalilyrics.net,45,0,0.0,,0,0,False,False,False,
3848,Ali Ali Puidai Chu,Uday Sotang,site_nepalilyrics.net,19,0,0.0,,0,0,False,False,False,
3849,Chin Chin Mai,Uday Sotang,site_nepalilyrics.net,29,0,0.0,,0,0,False,False,False,
3850,Chura Kina,Uday Sotang,site_nepalilyrics.net,39,0,0.0,,0,0,False,False,False,
3851,Hajar Janma Samma,Uday Sotang,site_nepalilyrics.net,31,0,0.0,,2,0,False,False,False,
3852,Kahile Bhetau,Uday Sotang,site_nepalilyrics.net,29,0,0.0,,0,0,False,False,False,
3853,Timi Bina,Uday Sotang,site_nepalilyrics.net,27,0,0.0,,0,0,False,False,False,
3854,Ukali Chadaula उकाली चढौला,Uday sotang,kaggle_genius,28,0,0.0,,0,0,False,False,False,
3856,Adhi Bato Hide Pachi,"Uday Sotang, Manila Sotang",site_nepalilyrics.net,60,0,0.0,,0,0,False,False,False,
3857,Aaja Hamro Bhetbhako,Udit Narayan,legacy_932,23,0,0.0,,0,0,False,False,False,
3858,Aja Hamro Bhet Bhako Dina,Udit Narayan,site_nepalilyrics.net,48,0,0.0,,0,0,False,False,False,
3859,Anayasai Aja Manma,Udit Narayan,site_nepalilyrics.net,17,0,0.0,,0,0,False,False,False,
3860,Ankha Ankha Boli Rahe,Udit Narayan,site_nepalilyrics.net,64,0,0.0,,0,0,False,False,False,
3861,Chatta Rumal Kya Malum,Udit Narayan,kaggle_genius,58,0,0.0,,4,0,False,False,False,
3862,Chorideu Chorideu,Udit Narayan,site_nepalilyrics.net,47,0,0.0,,0,0,False,False,False,
3863,Dui Pate Suiro,Udit Narayan,site_nepalilyrics.net,53,0,0.0,,0,0,False,False,False,
3864,Kahile Kahi Man Ka Kura,Udit Narayan,site_nepalilyrics.net,26,0,0.0,,0,0,False,False,False,
3865,KAHILE TIMRO,Udit Narayan,kaggle_genius,16,0,0.0,,0,0,False,False,False,
3866,Kaile Timro,Udit Narayan,site_nepalilyrics.net,40,0,0.0,,0,0,False,False,False,
3867,Kasle Choryo Yo Man,Udit Narayan,site_nepalilyrics.net,85,0,0.0,,4,0,False,False,False,
3868,Katai Mero Naam,Udit Narayan,site_nepalilyrics.net,40,0,0.0,,0,0,False,False,False,
3869,Kusume Rumal,Udit Narayan,legacy_932,24,0,0.0,,0,0,False,False,False,
3870,Laajko Laali,Udit Narayan,site_nepalilyrics.net,28,0,0.0,,0,0,False,False,False,
3871,Ma Hu Nepali Babu,Udit Narayan,site_nepalilyrics.net,54,0,0.0,,0,0,False,False,False,
3872,Ma Sapanako Kura Garchu,Udit Narayan,site_nepalilyrics.net,12,0,0.0,,0,0,False,False,False,
3873,Majhi Dai Le,Udit Narayan,kaggle_genius,5,0,0.0,,0,0,False,False,False,
3874,Makhamali Maya,Udit Narayan,site_nepalilyrics.net,44,0,0.0,,0,0,False,False,False,
3875,Makhmali Pachyourile,Udit Narayan,site_nepalilyrics.net,48,0,0.0,,0,0,False,False,False,
3876,Malai Tei Lali Maan Parcha,Udit Narayan,kaggle_genius,32,0,0.0,,0,0,False,False,False,
3877,Malai Yo Jindagile,Udit Narayan,site_nepalilyrics.net,44,0,0.0,,4,0,False,False,False,
3878,Maya K Hola,Udit Narayan,site_nepalilyrics.net,53,0,0.0,,0,0,False,False,False,
3879,Maya Nai Maya Cha,Udit Narayan,site_nepalilyrics.net,43,0,0.0,,0,0,False,False,False,
3880,Naya Naya Sajau,Udit Narayan,site_nepalilyrics.net,35,0,0.0,,0,0,False,False,False,
3881,Nidharma Rato Mato Sirma Topi Rakhe,Udit Narayan,site_nepalilyrics.net,30,0,0.0,,0,0,False,False,False,
3882,Pasinako Jalaile,Udit Narayan,site_nepalilyrics.net,27,0,0.0,,0,0,False,False,False,
3883,Pirati Aafai Hudo Raicha,Udit Narayan,site_nepalilyrics.net,54,0,0.0,,0,0,False,False,False,
3884,Pura Bhayo,Udit Narayan,site_nepalilyrics.net,45,0,0.0,,2,0,False,False,False,
3885,Roop Ki Rani Uni,Udit Narayan,site_nepalilyrics.net,50,0,0.0,,0,0,False,False,False,
3886,Samjhana Birsana,Udit Narayan,site_nepalilyrics.net,43,0,0.0,,0,0,False,False,False,
3887,Sanibar Ko Din,Udit Narayan,site_nepalilyrics.net,41,0,0.0,,0,0,False,False,False,
3888,Suseli Le Basantalai,Udit Narayan,site_nepalilyrics.net,50,0,0.0,,0,0,False,False,False,
3889,Timi Auchau Bhanne,Udit Narayan,site_nepalilyrics.net,33,0,0.0,,0,0,False,False,False,
3890,Timi Nabhaya,Udit Narayan,legacy_932,21,0,0.0,,0,0,False,False,False,
3891,Timi Nabhaye,Udit Narayan,site_nepalilyrics.net,24,0,0.0,,0,0,False,False,False,
3893,Timilai Dhekhera Ankha,Udit Narayan,site_nepalilyrics.net,20,0,0.0,,0,0,False,False,False,
3894,Timile Rachayou,Udit Narayan,site_nepalilyrics.net,40,0,0.0,,1,0,False,False,False,
3895,Tyo Dada Pari,Udit Narayan,site_nepalilyrics.net,82,0,0.0,,1,0,False,False,False,
3896,Ukalima Pachi Pachi,Udit Narayan,site_nepalilyrics.net,50,0,0.0,,0,0,False,False,False,
3897,Yo Gau Ko,Udit Narayan,site_nepalilyrics.net,65,0,0.0,,0,0,False,False,False,
3898,कहिले तिम्रो पछ्यौरीमा अल्झेँ,Udit Narayan,kaggle_genius,29,0,0.0,,0,0,False,False,False,
3899,Ke Bho Launa Ni,"Udit Narayan, Deepa Jha",site_nepalilyrics.net,46,0,0.0,,0,0,False,False,False,
3900,Suna Bhanana,Udit Narayan & Deepa Jha,legacy_932,19,0,0.0,,0,0,False,False,False,
3901,Samjhana Birshana,"Udit Narayan, Deepa Jha & Sambhujeet Baskota",kaggle_genius,31,0,0.0,,0,0,False,False,False,
3902,Bandha Mayale,"Udit Narayan, Deepa Narayan Jha",site_nepalilyrics.net,39,0,0.0,,0,0,False,False,False,
3903,Banmarale Banai Khayo,"Udit Narayan, Deepa Narayan Jha",site_nepalilyrics.net,55,0,0.0,,0,0,False,False,False,
3904,Dashain Ayo,"Udit Narayan, Deepa Narayan Jha",site_nepalilyrics.net,52,0,0.0,,0,0,False,False,False,
3905,Fulako Thunga Hau Ki,"Udit Narayan, Deepa Narayan Jha",site_nepalilyrics.net,46,0,0.0,,1,0,False,False,False,
3906,Gairo Gairo Sagar Jastai,"Udit Narayan, Deepa Narayan Jha",site_nepalilyrics.net,40,0,0.0,,0,0,False,False,False,
3907,Jhuto Raicha Jhuto,"Udit Narayan, Deepa Narayan Jha",site_nepalilyrics.net,36,0,0.0,,0,0,False,False,False,
3908,Kusume Rumal,"Udit Narayan, Deepa Narayan Jha",site_nepalilyrics.net,30,0,0.0,,0,0,False,False,False,
3909,Muglin Pari,"Udit Narayan, Deepa Narayan Jha",site_nepalilyrics.net,62,0,0.0,,0,0,False,False,False,
3910,Suna Bhanana,"Udit Narayan, Deepa Narayan Jha",site_nepalilyrics.net,44,0,0.0,,0,0,False,False,False,
3911,Tirkha Lage Nirmaya,"Udit Narayan, Deepa Narayan Jha",site_nepalilyrics.net,64,0,0.0,,0,0,False,False,False,
3917,K Soche The Jindagima,"Udit Narayan, Sadhana Sargam",site_nepalilyrics.net,44,0,0.0,,0,0,False,False,False,
3918,Mayalu Ko Maya Mitho,"Udit Narayan, Sadhana Sargam",site_nepalilyrics.net,48,0,0.0,,0,0,False,False,False,
3919,Phool Pati Bhakera Manakamana,"Udit Narayan, Sadhana Sargam",site_nepalilyrics.net,57,0,0.0,,0,0,False,False,False,
3920,Dhadkinchhau Mutuma Hola,"Udit Narayan, Sanjeevani",site_nepalilyrics.net,36,0,0.0,,0,0,False,False,False,
3921,Chahanna Ma,Uglyz,site_nepalilyrics.net,16,0,0.0,,0,0,False,False,False,
3922,Dherai Pachi,Uglyz,site_nepalilyrics.net,19,0,0.0,,0,0,False,False,False,
3923,Maya Jokhera,Uglyz,site_nepalilyrics.net,22,0,0.0,,0,0,False,False,False,
3924,Rojdai Chu,Uglyz,site_nepalilyrics.net,27,0,0.0,,0,0,False,False,False,
3925,Saathi,Uglyz,site_nepalilyrics.net,13,0,0.0,,0,0,False,False,False,
3926,Sadhai Bhari,Uglyz,site_nepalilyrics.net,17,0,0.0,,0,0,False,False,False,
3927,Ti Mitha Pal,Uglyz,site_nepalilyrics.net,32,0,0.0,,0,0,False,False,False,
3928,Timro Nyano,Uglyz,site_paankopat.com,41,0,0.0,,1,1,False,False,False,
3931,Je Ne Parle Pas Nepali,Un Rodo Cora,legacy_932,21,0,0.0,,0,0,False,False,False,
3932,Paribhasa,UNB (IND),legacy_932,29,0,0.0,,0,0,False,False,False,
3933,Na Vana Malai Testo,UNB (Nepal),legacy_932,24,0,0.0,,0,0,False,False,False,
3934,1994,Uniq Poet,legacy_932,25,0,0.0,,0,0,False,False,False,
3936,Buba,Uniq Poet,legacy_932,40,0,0.0,,0,0,False,False,False,
3937,Feeling So Good (Indica Badu Remix),Uniq Poet,rupesh_aryal,52,0,0.0,,0,0,False,False,False,
3938,God Of Nephop,Uniq Poet,legacy_932,38,0,0.0,,0,0,False,False,False,
3940,Kaalo,Uniq Poet,rupesh_aryal,56,0,0.0,,0,0,False,False,False,
3942,Kaam,Uniq Poet,legacy_932,27,0,0.0,,0,0,False,False,False,
3943,Kundalini,Uniq Poet,kaggle_genius,13,0,0.0,,0,0,False,False,False,
3945,Rap Ko Bidi,Uniq Poet,legacy_932,22,0,0.0,,0,0,False,False,False,
3946,Tamaso,Uniq Poet,legacy_932,29,0,0.0,,0,0,False,False,False,
3947,Yantra Manav,Uniq Poet,legacy_932,28,0,0.0,,0,0,False,False,False,
3948,Jay and Ye For a Day,Uniq Poet & Bluesss,legacy_932,25,0,0.0,,1,0,False,False,False,
3949,Straight Outta,Uniq Poet & Bluesss,legacy_932,28,0,0.0,,0,0,False,False,False,
3950,Lost In Time,Uniq Poet & Reverb Dust,legacy_932,39,0,0.0,,0,0,False,False,False,
3951,K timi Khushi Chau Ra,Unknown Artist,site_nepalilyrics.net,25,0,0.0,,0,0,False,False,False,
3952,Dui Din Ko Maya,Urgen Dong,site_nepalilyrics.net,38,0,0.0,,0,0,False,False,False,
3955,Vhijyo Kapal,Urgen Dong & Samikshya Adhikari,site_nepaligeetlyrics.com,46,0,0.0,,0,0,False,False,False,
3956,Adhuro,Varsha Thapa,legacy_932,18,0,0.0,,0,0,False,False,False,
3957,Maaya,Varsha Thapa,legacy_932,20,0,0.0,,0,0,False,False,False,
3958,Eklai Jiuna Sikey,Vek,legacy_932,21,0,0.0,,0,0,False,False,False,
3959,Fuck Song,Vek,legacy_932,33,0,0.0,,0,0,False,False,False,
3960,Lai Bari Lai,Vek,legacy_932,19,0,0.0,,0,0,False,False,False,
3961,Mayalu,Vek,legacy_932,20,0,0.0,,0,0,False,False,False,
3962,Pratikchya,Vek,legacy_932,19,0,0.0,,0,0,False,False,False,
3963,Sayad,Vek,legacy_932,21,0,0.0,,0,0,False,False,False,
3964,Sleepless Night,Vek,legacy_932,26,0,0.0,,0,0,False,False,False,
3965,Syabingo,Vek,legacy_932,25,0,0.0,,0,0,False,False,False,
3966,Yo Mann,Vek,legacy_932,23,0,0.0,,0,0,False,False,False,
3967,Mayalu,"Vek, Yabesh Thapa",site_nepalilyrics.net,46,0,0.0,,0,0,False,False,False,
3968,Dovan,Viber Bi,kaggle_genius,45,0,0.0,,0,0,False,False,False,
3969,Aafno,VTEN,legacy_932,19,0,0.0,,1,0,False,False,False,
3971,Antim Chahana Pt.II,VTEN,legacy_932,24,0,0.0,,0,0,False,False,False,
3973,Chauki Skit,VTEN,legacy_932,14,0,0.0,,0,0,False,False,False,
3974,Churot,VTEN,rupesh_aryal,63,0,0.0,,0,0,False,False,False,
3975,Club Skit,VTEN,legacy_932,29,0,0.0,,0,0,False,False,False,
3976,Concert Skit,VTEN,legacy_932,10,0,0.0,,0,0,False,False,False,
3977,CRMNL,VTEN,kaggle_genius,74,0,0.0,,0,0,False,False,False,
3978,CYPHER,VTEN,legacy_932,39,0,0.0,,0,0,True,False,False,
3980,Galli Sadak,VTEN,legacy_932,20,0,0.0,,0,0,True,True,False,
3982,Hatkadi,VTEN,site_nepalilyrics.net,87,0,0.0,,0,0,False,False,False,
3983,Himmat,VTEN,legacy_932,24,0,0.0,,0,0,False,False,False,
3984,Hindai Chhu Ma,VTEN,legacy_932,37,0,0.0,,0,0,False,False,False,
3985,Katha | VTEN ft. Dharmendra Sewan,VTEN,site_nepalilyrics.net,95,0,0.0,,0,0,False,False,False,
3987,MA PA SE,VTEN,legacy_932,22,0,0.0,,0,0,True,False,False,
3988,Makassam,VTEN,legacy_932,25,0,0.0,,1,0,False,False,False,
3989,Manchhe Khattam,VTEN,kaggle_genius,62,0,0.0,,0,0,False,False,False,
3990,"Oct 24, 2019",VTEN,legacy_932,37,0,0.0,,0,0,False,False,False,
3991,Paaraa,VTEN,legacy_932,21,0,0.0,,0,0,False,False,False,
3992,Sarauto,VTEN,legacy_932,23,0,0.0,,0,0,False,False,False,
3993,Simsime Paani,VTEN,legacy_932,21,0,0.0,,0,0,False,False,False,
3994,Strain,VTEN,site_nepalilyrics.net,51,0,0.0,,0,0,False,False,False,
3996,Superstar,VTEN,legacy_932,23,0,0.0,,0,0,False,False,False,
3997,Tatto Na Chharo,VTEN,kaggle_genius,73,0,0.0,,0,0,False,False,False,
3998,Thaa Chaina,VTEN,rupesh_aryal,51,0,0.0,,0,0,False,False,False,
3999,That Way,VTEN,site_nepalilyrics.net,51,0,0.0,,0,0,False,False,False,
4000,Yatra,VTEN,rupesh_aryal,64,0,0.0,,0,0,False,False,False,
4004,Dhaka-Dhoti,Vyoma,legacy_932,32,0,0.0,,0,0,False,False,False,
4005,Tadhiera,Wangden Phintso Sherpa,legacy_932,20,0,0.0,,0,0,False,False,False,
4006,Narisau Aja,Wangden Sherpa,site_nepaligeetlyrics.com,37,0,0.0,,1,1,False,False,False,
4008,Timi nacha na,Wangden Sherpa,rupesh_aryal,33,0,0.0,,0,0,False,False,False,
4009,Tadha Tadha,Wangden Sherpa & Prajina,site_nepaligeetlyrics.com,30,0,0.0,,0,0,False,False,False,
4010,Jun Heri Timilai Heraula,"Wangden Sherpa, Sushant Ghimire",site_nepalilyrics.net,56,0,0.0,,0,0,True,False,False,
4011,Pagal Pagal,Wangden Sherpa & Sushant Ghimire ft. Melina Rai,site_nepaligeetlyrics.com,51,0,0.0,,0,0,True,False,False,
4012,Kasailai Bhannu Cha Kei?,Wondergods,legacy_932,24,0,0.0,,0,0,False,False,False,
4013,Hami Dherai Sana Chau,X-Mantra,site_nepalilyrics.net,32,0,0.0,,0,0,False,False,False,
4014,Sadiyeu Dekhi,X-Mantra,site_nepalilyrics.net,23,0,0.0,,0,0,False,False,False,
4015,Suni Deu,X-Mantra,site_nepalilyrics.net,28,0,0.0,,0,0,False,False,False,
4016,X-Marica Hamro Nepal,X-Marica,site_paankopat.com,37,0,0.0,,0,0,False,False,False,
4017,Bhijla Hai Pareli,Xorem Chen Tamang,legacy_932,18,0,0.0,,0,0,False,False,False,
4018,A Love Story,Yabesh Thapa,kaggle_genius,45,0,0.0,,0,0,False,False,False,
4019,Aakhale,Yabesh Thapa,legacy_932,24,0,0.0,,0,0,False,False,False,
4021,Alapatra,Yabesh Thapa,site_nepalilyrics.net,35,0,0.0,,0,0,False,False,False,
4022,Bhawanaa,Yabesh Thapa,rupesh_aryal,28,0,0.0,,0,0,False,False,False,
4023,Dui Diney Jindagi,Yabesh Thapa,legacy_932,18,0,0.0,,0,0,False,False,False,
4024,Ekkasi,Yabesh Thapa,site_nepalilyrics.net,27,0,0.0,,0,0,True,True,False,
4027,In love with you,Yabesh Thapa,legacy_932,29,0,0.0,,0,0,False,False,False,
4030,Kasari,Yabesh Thapa,site_nepalilyrics.net,45,0,0.0,,0,0,False,False,False,
4034,Lakhau Hajarau,Yabesh Thapa,site_nepalilyrics.net,34,0,0.0,,0,0,False,False,False,
4035,Mahasoos,Yabesh Thapa,legacy_932,12,0,0.0,,0,0,False,False,False,
4036,Mana ki raani,Yabesh Thapa,rupesh_aryal,17,0,0.0,,0,0,False,False,False,
4040,Phulbaari,Yabesh Thapa,rupesh_aryal,23,0,0.0,,0,0,False,False,False,
4041,Saacho Kuro,Yabesh Thapa,legacy_932,30,0,0.0,,0,0,False,False,False,
4042,Tadha Tadha,"Yabesh Thapa, Oshin Karki",site_nepalilyrics.net,40,0,0.0,,0,0,False,False,False,
4043,YABI - 3AM ( REPRISE VERSION ) prod. by lavish,Yabi,site_paankopat.com,15,0,0.0,,0,0,False,False,False,
4044,Cheater,Yabi The G.O.A.T,site_nepalilyrics.net,45,0,0.0,,0,0,False,False,False,
4045,Vagwan,YABI The G.O.A.T,legacy_932,28,0,0.0,,0,0,False,False,False,
4047,Aashaiko Bhumarile Khaayo Mero,Yam Baral,site_nepalilyrics.net,28,0,0.0,,0,0,False,False,False,
4048,Badaluko Ghumtole,Yam Baral,site_nepalilyrics.net,58,0,0.0,,0,0,False,False,False,
4049,Chita Mathi Laas,Yam Baral,site_nepalilyrics.net,25,0,0.0,,0,0,False,False,False,
4050,Khusiyali Chayo,Yam Baral,site_nepalilyrics.net,13,0,0.0,,0,0,False,False,False,
4051,Lekheko Matra,Yam Baral,site_nepalilyrics.net,30,0,0.0,,0,0,False,False,False,
4052,Malai Nasodh Mero Thegana,Yam Baral,site_nepalilyrics.net,24,0,0.0,,0,0,False,False,False,
4053,Man Rahe Po,Yam Baral,site_nepalilyrics.net,42,0,0.0,,0,0,False,False,False,
4054,Nisturile Chadera Gai Hali,Yam Baral,site_nepalilyrics.net,34,0,0.0,,0,0,False,False,False,
4055,Timi Hasda Tyo,Yam Baral,site_nepalilyrics.net,15,0,0.0,,0,0,False,False,False,
4056,Tinai Hun Tinai Meri Aama,Yam Baral,site_nepalilyrics.net,50,0,0.0,,0,0,False,False,False,
4059,Aamaa,Yama Buddha,site_paankopat.com,72,0,0.0,,0,0,False,False,False,
4060,Aaudai Chu Ma,Yama Buddha,legacy_932,24,0,0.0,,0,0,False,False,False,
4061,Aljhiyeko Cha Jivan,Yama Buddha,site_nepalilyrics.net,96,0,0.0,,0,0,False,False,False,
4062,Antya Ko Suruwat,Yama Buddha,legacy_932,30,0,0.0,,0,0,False,False,False,
4063,Challenge,Yama Buddha,legacy_932,37,0,0.0,,0,0,False,False,False,
4064,Chopiyeko Satya,Yama Buddha,site_nepalilyrics.net,93,0,0.0,,0,0,False,False,False,
4065,Footpath Mero Ghar,Yama Buddha,site_paankopat.com,67,0,0.0,,0,0,False,False,False,
4066,Intro,Yama Buddha,legacy_932,26,0,0.0,,0,0,False,False,False,
4067,Intro (Ekadesh),Yama Buddha,legacy_932,16,0,0.0,,0,0,False,False,False,
4068,Jutta Maa,Yama Buddha,legacy_932,36,0,0.0,,0,0,False,False,False,
4069,Kohi,Yama Buddha,kaggle_genius,52,0,0.0,,0,0,False,False,False,
4070,KTM Grime,Yama Buddha,legacy_932,58,0,0.0,,0,0,False,False,False,
4071,Ma Futchu Tara Jhukdina,Yama Buddha,site_nepalilyrics.net,44,0,0.0,,0,0,True,False,False,
4072,Ma Hoon Yatri,Yama Buddha,site_nepalilyrics.net,94,0,0.0,,1,1,False,False,False,
4073,Ma hoon Yatri Yama Buddha,Yama Buddha,site_paankopat.com,93,0,0.0,,2,2,False,False,False,
4074,Malami,Yama Buddha,site_paankopat.com,90,0,0.0,,0,0,False,False,False,
4075,Pagalpan,Yama Buddha,legacy_932,34,0,0.0,,0,0,False,False,False,
4076,Paisa,Yama Buddha,rupesh_aryal,52,0,0.0,,0,0,False,False,False,
4078,Saathi ( Corrected,Yama Buddha,legacy_932,25,0,0.0,,0,0,False,False,False,
4080,Sapana,Yama Buddha,rupesh_aryal,68,0,0.0,,0,0,False,False,False,
4081,Sometimes [ Tribute To Tupac ],Yama Buddha,legacy_932,33,0,0.0,,0,0,False,False,False,
4082,Taaj,Yama Buddha,rupesh_aryal,70,0,0.0,,0,0,False,False,False,
4083,Yo prasanga,Yama Buddha,rupesh_aryal,48,0,0.0,,0,0,False,False,False,
4084,Laijanay Ho Ki,Yankee Yolmo,legacy_932,23,0,0.0,,0,0,False,False,False,
4086,Jani Jani,Yash Kumar,site_nepalilyrics.net,26,0,0.0,,0,0,False,False,False,
4088,Ma Afnai Aganma,Yash Kumar,site_nepalilyrics.net,51,0,0.0,,0,0,False,False,False,
4089,Ma Kahile Haseko Thiye,Yash Kumar,site_nepalilyrics.net,20,0,0.0,,0,0,False,False,False,
4090,Purano Gau,Yash Kumar,site_nepalilyrics.net,37,0,0.0,,0,0,False,False,False,
4092,TADHA TADHA,Yash Kumar,site_paankopat.com,40,0,0.0,,0,0,False,False,False,
4093,Thakeko Yo Nazar,Yash Kumar,site_nepalilyrics.net,35,0,0.0,,0,0,False,False,False,
4094,Timro Mutu Ma तिम्रो मुटुमा,Yash Kumar,site_paankopat.com,17,0,0.0,,0,0,False,False,False,
4095,Maile Timro Mayama,Yash Kumar & Smita Pradhan,site_nepaligeetlyrics.com,31,0,0.0,,0,0,False,False,False,
4096,Jana Maan,Yatrii,legacy_932,20,0,0.0,,0,0,False,False,False,
4097,Bihani Saberai,Yodda,kaggle_genius,58,0,0.0,,0,0,False,False,False,
4098,Goppey,Yodda,legacy_932,36,0,0.0,,1,0,False,False,False,
4099,Kharab Baani,Yodda,kaggle_genius,80,0,0.0,,0,0,False,False,False,
4100,Saino Tapai,Yodda,kaggle_genius,54,0,0.0,,0,0,False,False,False,
4101,Tasvir,Yodda,kaggle_genius,52,0,0.0,,0,0,False,False,False,
4102,Timi Chau,Yodda,legacy_932,29,0,0.0,,1,0,False,False,False,
4106,Sapana Bhulae Saaraa,Yogesh Vaidya,site_nepalilyrics.net,28,0,0.0,,0,0,False,False,False,
4107,Aaja Samma,Yogeshwar Amatya,site_nepalilyrics.net,25,0,0.0,,0,0,False,False,False,
4108,Dashain Nai Ho Ki Yo Mero Dasha,Yogeshwar Amatya,site_nepalilyrics.net,78,0,0.0,,0,0,False,False,False,
4109,Jaba Sandhya Huncha,Yogeshwar Amatya,site_nepalilyrics.net,28,0,0.0,,0,0,False,False,False,
4110,Kati Parkhi Basein,Yogeshwar Amatya,site_nepalilyrics.net,34,0,0.0,,0,0,False,False,False,
4111,Kya Bore Bhayo,Yogeshwar Amatya,site_nepalilyrics.net,17,0,0.0,,0,0,False,False,False,
4112,Kyarau,Yogeshwar Amatya,site_nepalilyrics.net,39,0,0.0,,0,0,False,False,False,
4113,Laija Chari,Yogeshwar Amatya,site_nepalilyrics.net,35,0,0.0,,0,0,False,False,False,
4114,Logne Manche Bhayera,Yogeshwar Amatya,site_nepalilyrics.net,44,0,0.0,,0,0,False,False,False,
4115,Ma Mare Pani,Yogeshwar Amatya,site_nepalilyrics.net,48,0,0.0,,0,0,False,False,False,
4116,Pani Muni Dhungama,Yogeshwar Amatya,site_nepalilyrics.net,37,0,0.0,,0,0,False,False,False,
4117,Sindhuli Ghadi,Yogeshwar Amatya,site_nepalilyrics.net,71,0,0.0,,0,0,False,False,False,
4118,Timro Ankha Herdai,Yogeshwar Amatya,site_nepalilyrics.net,29,0,0.0,,0,0,False,False,False,
4119,Wakka Dikka,Yogeshwar Amatya,site_nepalilyrics.net,18,0,0.0,,0,0,False,False,False,
4120,Laija Chari Mero Khabar,Yogeshwor Amatya,site_paankopat.com,36,0,0.0,,0,0,False,False,False,
4121,HIJACK,YRU Mid,legacy_932,34,0,0.0,,0,0,False,False,False,
4123,Ollo Kholo Pallo Kholo,"Yubraj Portel, Monika Chudal",site_nepalilyrics.net,50,0,0.0,,0,0,False,False,False,
4124,Afno Sansaar,Yugal Gurung,kaggle_genius,30,0,0.0,,0,0,False,False,False,
4125,Akash Bhari,Yugal Gurung,legacy_932,22,0,0.0,,0,0,False,False,False,
4126,Chahana,Yugal Gurung,legacy_932,18,0,0.0,,0,0,False,False,False,
4127,Chitra,Yugal Gurung,kaggle_genius,15,0,0.0,,0,0,False,False,False,
4128,Kaha Chau,Yugal Gurung,legacy_932,22,0,0.0,,0,0,False,False,False,
4129,Samae Deu,Yugal Gurung,legacy_932,21,0,0.0,,0,0,False,False,False,
4130,Timi,Yugal Gurung,legacy_932,25,0,0.0,,0,0,False,False,False,
4131,Yo Parkhai,Yugal Gurung,legacy_932,18,0,0.0,,0,0,False,False,False,
4132,Bad Lxve,Zac Rai,legacy_932,20,0,0.0,,0,0,False,False,False,
4133,Bhawana,Zac Rai,legacy_932,23,0,0.0,,0,0,False,False,False,
4134,Chaya,Zac Rai,kaggle_genius,62,0,0.0,,0,0,False,False,False,
4135,End of the world,Zac Rai,legacy_932,20,0,0.0,,0,0,False,False,False,
4136,Khojey,Zac Rai,legacy_932,29,0,0.0,,7,0,False,False,False,
4137,Whiskey Kisses,Zac Rai,legacy_932,20,0,0.0,,2,0,False,False,False,
4138,Ma Timi TImi Ma Haina Hai,Zenin Magar,kaggle_genius,34,0,0.0,,0,0,False,False,False,
4139,Ae Mutu,Zeroo,site_paankopat.com,64,0,0.0,,0,0,False,False,False,
4140,Almost Made It,ZEROO,legacy_932,44,0,0.0,,0,0,False,False,False,
4141,Black And White,ZEROO,legacy_932,38,0,0.0,,0,0,True,False,False,
4142,Maya Ko Kura,ZEROO,kaggle_genius,52,0,0.0,,0,0,False,False,False,
4143,Katar Katar Ma,कटर कटर मा,site_paankopat.com,90,0,0.0,,0,0,False,False,False,
4144,KALKATTE KAINYO - Jayananda Lama,"""कल्कत्ते काँइयो""",site_paankopat.com,53,0,0.0,,0,0,False,False,False,
4148,Jindagi ko k bharosa,ज़िन्दगी को के भरोसा,site_paankopat.com,82,0,0.0,,0,0,False,False,False,
4152,Chiya Barima,देखे तिमीलाई,site_paankopat.com,79,0,0.0,,0,0,False,False,False,
4155,Pan ko Pat,पान को पात,site_paankopat.com,88,0,0.0,,0,0,False,False,False,
4158,Railai Ghumera,रेलै घुमेर गयो दाजु को आदी उमेर,site_paankopat.com,11,0,0.0,,0,0,False,False,False,
