track_key,artist,title,duration_s,n_files,files,source_query,cand_song_id,cand_title,cand_artist,title_score,artist_score,metadata_match
07prasanta|maa budhi thakurani,07Prasanta,MAA BUDHI THAKURANI | SOURAV BHARADWAJ |  MATRUPRASAD RATH | 07 PRASANTA | MANOJ MAHARANA,247.0,1,MAA BUDHI THAKURANI ｜ SOURAV BHARADWAJ ｜  MATRUPRASAD RATH ｜ 07 PRASANTA ｜ MANOJ MAHARANA.m4a,Chhori Budhi,205,Maa,Albatross,100.0,72.7,weak
1hxsx dj caat wnorg17|revenge funk,"1HXSX, Dj Caat, wnorg17",REVENGE FUNK,149.0,1,"1HXSX, Dj Caat, wnorg17 - REVENGE FUNK.mp3",Dj Caat,,,,57.1,46.2,none
1hxsx dj caat wnorg17|revenge funk 8d,"1HXSX, Dj Caat, wnorg17",REVENGE FUNK 8D,104.0,1,"1HXSX, Dj Caat, wnorg17 - REVENGE FUNK 8D.mp3",Dj Caat,,,,50.0,46.2,none
44hera|sacar esto a flote ft vinyltracker,44hera,sacar esto a flote ft vinyltracker,0.0,1,sacar esto a flote ft vinyltracker.m4a,Sacar,,,,50.0,47.1,none
7 seas international|natra bhane jindagi koshedhunga new movie teej song samikshya adhikari khem century,7 Seas International,Natra Bhane Jindagi (KOSHEDHUNGA) - New Movie Teej Song 2025 - Samikshya Adhikari - Khem Century,397.0,1,Natra Bhane Jindagi (KOSHEDHUNGA) - New Movie Teej Song 2025 - Samikshya Adhikari - Khem Century.m4a,teej song,85,Yo Jindagi,1974ad,82.4,62.9,weak
a s bedi|ki samjhawan sajjan,A.S Bedi,Ki Samjhawan Sajjan,264.0,1,A.S Bedi - Ki Samjhawan Sajjan.mp3,Sajjan,3694,Samjhana Birsana,Tarzan Lepcha,68.6,60.0,weak
a1 maa budhi jagulai singh baja brand|maa budhi jagulai singh baja jajpur orissa digital sound mo 7504372041 9658019249,A1 MAA BUDHI JAGULAI SINGH BAJA BRAND,🎧🌍🖤#Maa #budhi #jagulai #singh #baja #Jajpur #Orissa #digital #sound 🎤🎵.mo;7504372041..9658019249,86.0,1,🎧🌍🖤#Maa #budhi #jagulai #singh #baja #Jajpur #Orissa #digital #sound 🎤🎵.mo;7504372041..9658019249.m4a,Chhori Budhi,205,Maa,Albatross,100.0,66.7,weak
aachal x5|sailima char ghare bishwo dong dance,Aachal X5,SAILIMA CHAR GHARE -Bishwo Dong- Cover Dance,302.0,1,SAILIMA CHAR GHARE -Bishwo Dong- Cover Dance.m4a,Sailo Ma Charghare,,,,57.7,60.9,none
aakash pokhrel|yama buddha gimme that beat ekadesh mp3,Aakash Pokhrel,Yama Buddha- Gimme That Beat (Ekadesh).mp3,0.0,1,Yama Buddha- Gimme That Beat (Ekadesh).mp3.mp3,Yama Buddha,4067,Intro (Ekadesh),Yama Buddha,70.0,77.8,weak
aakhri soz ali|cho sajjan aj kandh jhukayo wetho aaheen,Aakhri Soz Ali,Cho Sajjan Aj Kandh Jhukayo Wetho Aaheen,335.0,1,Aakhri Soz Ali - Cho Sajjan Aj Kandh Jhukayo Wetho Aaheen.mp3,Sajjan,,,,54.5,54.5,none
aanand karki bimala rai shambhujeet baskota|a ni lai lai o ni lai lai,"Aanand Karki, Bimala Rai, Shambhujeet Baskota",A ni lai lai o ni lai lai,258.0,1,"Aanand Karki, Bimala Rai, Shambhujeet Baskota - A ni lai lai o ni lai lai.mp3",Bimala Rai,1746,Lai Lai,Ketan Chhetri,100.0,100.0,strong
aananda karki yam baral reema gurung susmita thapa|gajabai bhayo sathi,"Aananda Karki, Yam Baral, Reema Gurung, Susmita Thapa",Gajabai Bhayo Sathi,258.0,1,"Aananda Karki, Yam Baral, Reema Gurung, Susmita Thapa - Gajabai Bhayo Sathi.mp3",Yam Baral,3562,Sathi,SUshant KC,100.0,100.0,strong
aarohan band|sajjan raazi x ikko mikke,Aarohan Band,Sajjan Raazi X Ikko Mikke,87.0,1,Aarohan Band - Sajjan Raazi X Ikko Mikke.mp3,Sajjan,,,,56.6,78.3,none
aashe magar|salaijo from magar film meejhaar,Aashe Magar,Salaijo from magar film meejhaar,0.0,1,Salaijo from magar film meejhaar.mp3,Salaijo,,,,51.9,64.0,none
aashik sunil|ak nepali 100 par bhari,Aashik Sunil,Ak Nepali 100 Par Bhari,170.0,1,Aashik Sunil - Ak Nepali 100 Par Bhari.mp3,nepali,207,Nepali,Albatross,100.0,66.7,weak
aasis tamu gurung|yama buddha kathmandu ko thito,Aasis Tamu Gurung,yama buddha-Kathmandu Ko Thito,0.0,1,yama buddha-Kathmandu Ko Thito.m4a,Yama Buddha,880,Kathmandu,Catch 22,100.0,73.3,weak
aaudi maya gareki maile|nepali pop songs,aaudi maya gareki maile,nepali pop songs,280.0,1,aaudi maya gareki maile - nepali pop songs.mp3,nepali pop song,207,Nepali,Albatross,100.0,56.0,weak
aawaj tamang la|tamang ltc monastery,Aawaj Tamang La,Tamang LTC Monastery|Mahankal-4 kaleshwor Batase Dada Lalitpur|Tamang Gumba,416.0,1,Tamang LTC Monastery｜Mahankal-4 kaleshwor Batase Dada Lalitpur｜Tamang Gumba.m4a,Danda Ko Gumba,,,,56.4,100.0,weak
aayush|phool ko aankha ma,Aayush,Phool Ko Aankha Ma,0.0,1,Phool Ko Aankha Ma.m4a,Phool Ko Mala,3465,Phool,Sujan Chapagain,100.0,100.0,strong
ab_ashik𝟸𝟸𝟻𝟶|phulpur,AB_ASHIK𝟸𝟸𝟻𝟶,PHULPUR | BANGLA RAP OFFICIAL MUSIC VIDEO || AB ASHIK,149.0,1,PHULPUR ｜ BANGLA RAP OFFICIAL MUSIC VIDEO ｜｜ AB ASHIK.m4a,Fulbari rapper,4040,Phulbaari,Yabesh Thapa,62.5,47.6,none
abdul rauf magsi|raat muhnjo sajjan ayho pan hali,Abdul Rauf Magsi,Raat Muhnjo Sajjan Ayho Pan Hali,323.0,1,Abdul Rauf Magsi - Raat Muhnjo Sajjan Ayho Pan Hali.mp3,Sajjan,,,,58.1,61.5,none
abhaya the steam engines|hey sailaa,Abhaya & The Steam Engines,Hey Sailaa | Abhaya & The Steam Engines | New Nepali Song | Alisha Rai,293.0,1,Hey Sailaa ｜ Abhaya & The Steam Engines ｜ New Nepali Song ｜ Alisha Rai.m4a,Sailo Ma Charghare,133,Hey Sailaa,Abhaya & The Steam Engines,100.0,100.0,strong
abhijeet bhattacharya sapna mukherjee sushma shrestha|samose mein aaloo mysinger net,"Abhijeet Bhattacharya, Sapna Mukherjee, Sushma Shrestha",Samose Mein Aaloo - MySinger.net,326.0,1,"Abhijeet Bhattacharya, Sapna Mukherjee, Sushma Shrestha - Samose Mein Aaloo - MySinger.net.mp3",Sushma Shrestha,,,,51.9,78.9,none
abhijeet bhattacharya sushma shrestha|mujhko ek pappi chahiye,"Abhijeet Bhattacharya, Sushma Shrestha",Mujhko Ek Pappi Chahiye,364.0,1,"Abhijeet Bhattacharya, Sushma Shrestha - Mujhko Ek Pappi Chahiye (2).mp3",Sushma Shrestha,2828,Khole Khaye Pani,Raju Lama,61.5,78.9,none
abhijeet bhattacharya sushma shrestha|neend aati nahin,"Abhijeet Bhattacharya, Sushma Shrestha",Neend Aati Nahin,309.0,1,"Abhijeet Bhattacharya, Sushma Shrestha - Neend Aati Nahin.mp3",Sushma Shrestha,,,,57.1,78.9,none
abhishek soni|aa gaye shiv shankar,Abhishek Soni,Aa Gaye Shiv Shankar,287.0,1,Abhishek Soni - Aa Gaye Shiv Shankar.mp3,Shiv Shankar,2067,Om Jaya Shiva Shankar,"Mira Rana, Dwarika Lal Joshi",78.0,66.7,weak
abhishesh kr jha|hey shiv shankar shambhu bhola,Abhishesh Kr Jha,Hey Shiv Shankar Shambhu Bhola,302.0,1,Abhishesh Kr Jha - Hey Shiv Shankar Shambhu Bhola.mp3,Shiv Shankar,1543,Shankar Bhole,Ishwor Krishna Bhurtel,70.0,60.0,weak
ad feat subani moktan kutumba aid ray mukti|nepali ho version,"1974 Ad feat. Subani Moktan, Kutumba, Aid Ray, Mukti",Nepali Ho (2010 Version),308.0,1,"1974 Ad feat. Subani Moktan, Kutumba, Aid Ray, Mukti - Nepali Ho (2010 Version).mp3",Kutumba,25,Nepali Ho,1974 A.D,100.0,100.0,strong
afshan hazin qadri feat taranum naz|sajjan dur,"Afshan, Hazin Qadri feat. Taranum Naz",Sajjan Dur,285.0,1,"Afshan, Hazin Qadri feat. Taranum Naz - Sajjan Dur.mp3",Sajjan,1366,Sajjan Raj Vaidya - Chitthi Bhitra,Genius Romanizations,75.0,55.2,weak
agya karki pudner|resham firiri mandolin,Agya Karki Pudner,Resham Firiri- Mandolin,0.0,1,Resham Firiri- Mandolin.mp3,Resham Firiri,1650,Resham Firiri,Kali Prasad Baskota,100.0,62.5,weak
ahad despera|03 the hell of retribution and justice,AHAD & DESPERA,03 The Hell of Retribution and Justice,0.0,1,03 The Hell of Retribution and Justice.mp3,Yama Buddha,,,,54.5,57.1,none
ahsan sakhirani|sajjan dadhu warando aa,Ahsan Sakhirani,Sajjan Dadhu Warando Aa,231.0,1,Ahsan Sakhirani - Sajjan Dadhu Warando Aa.mp3,Sajjan,3450,Samjhanama Na Aau,Sugam Pokhrel,60.0,62.1,none
ahtsham afzal qadri|arsh ty muhnjo sajjan,Ahtsham Afzal Qadri,Arsh Ty Muhnjo Sajjan,217.0,1,Ahtsham Afzal Qadri - Arsh Ty Muhnjo Sajjan.mp3,Sajjan,,,,59.6,57.9,none
ai core music|lamjunge dadaima hawa sarara blues,AI Core Music,Lamjunge Dadaima Hawa Sarara - Blues,318.0,1,Lamjunge Dadaima Hawa Sarara - Blues.m4a,Sailo Ma Charghare,904,Sarara,Chhewang Lama,100.0,72.7,weak
aid ray|aidray soulgroove,Aid Ray,Aidray - SoulGroove (Prod. B.E.A.S.T),216.0,1,Aidray - SoulGroove (Prod. B.E.A.S.T).m4a,Aidray Nepali rap,,,,50.0,60.0,none
ajanabee|deshle ragat maage nepali karaoke gopal yonjan,ajanabee,Deshle Ragat Maage Nepali Karaoke Gopal Yonjan,0.0,1,Deshle Ragat Maage Nepali Karaoke Gopal Yonjan.mp3,Gopal Yonjan,207,Nepali,Albatross,100.0,66.7,weak
ajay nepali|maiya aali duaar par,Ajay Nepali,Maiya Aali Duaar Par,233.0,1,Ajay Nepali - Maiya Aali Duaar Par.mp3,nepali,348,Mata Alapatrai Parchu,"Anju Panta, Sworup Raj Acharya",63.4,75.0,none
ajkrealmusic|ajk paisa,AJKRealMusic,AJK - Paisa - [Nepali Rap Song 2020],0.0,1,AJK - Paisa - [Nepali Rap Song 2020].m4a,Aidray Nepali rap,4076,Paisa,Yama Buddha,100.0,66.7,weak
aka gpal 303 boyz denver cws gangs|new nishana by g pal,"aka Gpal, 303 boyz, denver cws gangs.",new nepali rap song NISHANA by G.pal,0.0,1,new nepali rap song NISHANA by G.pal.mp3,G-BOB Nepali rap,3418,Yo Pal,Sugam Pokharel,66.7,53.3,weak
akbar julio|burung kakak tua,akbar julio,Burung Kakak Tua,0.0,1,Burung Kakak Tua.mp3,Ambar Gurung,,,,54.5,58.3,none
akkun|burung biru jadi laut biru,Akkun,Burung Biru Jadi Laut Biru,0.0,1,Burung Biru Jadi Laut Biru.m4a,Ambar Gurung,1327,Bikki Gurung - Marijau2,Genius Romanizations,61.9,53.3,none
akshunya bharti|man teri jhalak original guitar jam mp3,Akshunya Bharti,Man teri jhalak(original) - guitar jam.mp3,0.0,1,Man teri jhalak(original) - guitar jam.mp3.m4a,Jhalak Man Gandarbha,1628,EASY GUITAR,JPT ROCKERZ,70.6,62.5,weak
albatross overdrive|get fucked,Albatross Overdrive,Get Fucked,267.0,1,Albatross Overdrive - Get Fucked.mp3,Albatross,3662,Zombie by The Cranberries (Chopped & Screwed & Fucked In The Ass),Tamang,75.0,100.0,weak
albatross|cannot be found,Albatross,Cannot Be Found,214.0,1,Albatross - Cannot Be Found (2).mp3,Albatross,,,,57.1,100.0,weak
albatross|carnival no yoru,albatross,Carnival No Yoru,209.0,1,albatross - Carnival No Yoru.mp3,Albatross,,,,59.3,100.0,weak
albatross|come together,Albatross,Come Together,219.0,1,Albatross - Come Together.mp3,Albatross,3779,Choto Geet,The Uglyz,60.9,100.0,weak
albatross|nepali,Albatross,Nepali,256.0,1,Albatross - Nepali.mp3,nepali,207,Nepali,Albatross,100.0,100.0,strong
albatross|serdtze birchpunk original motion picture sound,ALBATROSS,Serdtze - (Birchpunk Original Motion Picture Sound),244.0,1,ALBATROSS - Serdtze - (Birchpunk Original Motion Picture Sound).mp3,Albatross,,,,50.5,100.0,weak
albatross|something ought to be down,Albatross,Something Ought To Be Down,220.0,1,Albatross - Something Ought To Be Down.mp3,Albatross,,,,54.5,100.0,weak
alka yagnik|budhi ghodi lal lagaam,Alka Yagnik,Budhi Ghodi Lal Lagaam,297.0,1,Budhi Ghodi Lal Lagaam.m4a,Chhori Budhi,,,,55.3,100.0,weak
all s|jati maya laye pani,All nepali songs,Jati maya laye pani,335.0,1,All nepali songs - Jati maya laye pani.mp3,nepali song,454,Jati Maya Laye Pani,Arun Thapa,100.0,58.8,weak
allah ditta panchi faryal tara|sajjan purany,"Allah Ditta Panchi, Faryal Tara",Sajjan Purany,224.0,1,"Allah Ditta Panchi, Faryal Tara - Sajjan Purany.mp3",Sajjan,2400,Sano Kura,Nepathya,63.6,61.5,none
aman singh|sajjan,Aman.singh,Sajjan,272.0,1,Aman.singh - Sajjan.mp3,Sajjan,1366,Sajjan Raj Vaidya - Chitthi Bhitra,Genius Romanizations,100.0,80.0,probable
amanullah sunani|o vichhniya po sajjan tarafaan,Amanullah Sunani,O Vichhniya Po Sajjan Tarafaan,331.0,1,Amanullah Sunani - O Vichhniya Po Sajjan Tarafaan.mp3,Sajjan,1370,Sajjan Raj Vaidya - Parkhaai,Genius Romanizations,64.3,62.1,none
amar arshi|sajjan,Amar Arshi,Sajjan,241.0,1,Amar Arshi - Sajjan.mp3,Sajjan,1366,Sajjan Raj Vaidya - Chitthi Bhitra,Genius Romanizations,100.0,70.0,weak
ambar gurung|kahi aafnai bhumarima,"Ambar Gurung, www.geetsangraha.blogspot.com",Kahi Aafnai Bhumarima,0.0,1,Kahi Aafnai Bhumarima.mp3,Ambar Gurung,2059,Bhumarima,Mingma Sherpa,100.0,100.0,strong
ambar gurung|ma ambar hu timi dharati,"Ambar Gurung, www.geetsangraha.blogspot.com",Ma Ambar Hu Timi Dharati,0.0,1,Ma Ambar Hu Timi Dharati.mp3,Ambar Gurung,752,Timi,Binit Shrestha,100.0,100.0,strong
ambar gurung|sabai yaad aye,"Ambar Gurung, www.geetsangraha.blogspot.com",Sabai Yaad Aye,0.0,1,Sabai Yaad Aye.mp3,Ambar Gurung,990,Sabai Sathi Gaye,Dambar Nepali,73.3,100.0,weak
amg ebk|amg ebk jaile bahira shot by newjal,AMG EBK,AMG EBK - JAILE BAHIRA (SHOT BY NEWJAL),166.0,1,AMG EBK - JAILE BAHIRA (SHOT BY NEWJAL).m4a,Yoku B.I.G,,,,50.8,50.0,none
amman kaamboj archana sharma|shiv shankar bhole bhale,"Amman Kaamboj, Archana Sharma",Shiv Shankar Bhole Bhale,207.0,1,"Amman Kaamboj, Archana Sharma - Shiv Shankar Bhole Bhale.mp3",Shiv Shankar,1543,Shankar Bhole,Ishwor Krishna Bhurtel,100.0,66.7,weak
amrinder gill sajjan adeeb feat intense|darshan mehnge from laiye je yaarian soundtrack,Amrinder Gill & Sajjan Adeeb feat. Intense,"Darshan Mehnge (From ""Laiye Je Yaarian"" Soundtrack)",162.0,1,Amrinder Gill & Sajjan Adeeb feat. Intense - Darshan Mehnge (From _Laiye Je Yaarian_ Soundtrack).mp3,Sajjan,890,DARSHAN SALAM,CHHAKKA PANJA 4 Movie Song,70.0,52.2,weak
amrit bhandari pramod kharel feat mahesh khadka|nabhannu hai chokho maya feat mahesh khadka,"Amrit Bhandari, Pramod Kharel feat. Mahesh Khadka",Nabhannu Hai Chokho Maya (feat. Mahesh Khadka),296.0,1,"Amrit Bhandari, Pramod Kharel feat. Mahesh Khadka - Nabhannu Hai Chokho Maya (feat. Mahesh Khadka).mp3",Pramod Kharel,526,Maya,Ashutosh KC,100.0,100.0,strong
amrit gurung|dhak dhak,Amrit Gurung,Dhak Dhak,178.0,1,Amrit Gurung - Dhak Dhak.mp3,Amrit Gurung,1290,Bhag Bhag Na De Aba Dherai Dhak,Gbob,100.0,100.0,strong
amrit gurung|he maya,Amrit Gurung,He Maya,308.0,1,Amrit Gurung - He Maya.mp3,Amrit Gurung,526,Maya,Ashutosh KC,100.0,100.0,strong
amrit gurung|himal chuchure,Amrit Gurung,Himal Chuchure,245.0,1,Amrit Gurung - Himal Chuchure.mp3,Amrit Gurung,2371,Himal Chuchure,Nepathya,100.0,100.0,strong
amrit gurung|lampate surati,Amrit Gurung,Lampate Surati,327.0,1,Amrit Gurung - Lampate Surati (3).mp3,Amrit Gurung,2382,Lampate Surati,Nepathya,100.0,100.0,strong
amrit gurung|lampati surati,Amrit Gurung,Lampati Surati,265.0,1,Amrit Gurung - Lampati Surati.mp3,Amrit Gurung,2382,Lampate Surati,Nepathya,92.9,100.0,strong
amrit gurung|mai nache cham chamti,Amrit Gurung,Mai Nache Cham Chamti,338.0,1,Amrit Gurung - Mai Nache Cham Chamti.mp3,Amrit Gurung,2060,Cham Cham,Mingma Sherpa,100.0,100.0,strong
amrit gurung|meri sapani hau,Amrit Gurung,Meri Sapani Hau,234.0,1,Amrit Gurung - Meri Sapani Hau.mp3,Amrit Gurung,2979,Sapani Ma,Rohit John Chettri,80.0,100.0,probable
amrit gurung|resham,Amrit Gurung,Resham,291.0,1,Amrit Gurung - Resham.mp3,Amrit Gurung,2394,Resham,Nepathya,100.0,100.0,strong
amrit gurung|taalko paani machhile khani,Amrit Gurung,Taalko Paani Machhile Khani,212.0,1,Amrit Gurung - Taalko Paani Machhile Khani.mp3,Amrit Gurung,2706,Khai Ta Mayale Malai Piyari,Priti Ale Magar,63.0,100.0,weak
amrit gurung|timro aagamanko,Amrit Gurung,Timro Aagamanko,251.0,1,Amrit Gurung - Timro Aagamanko.mp3,Amrit Gurung,3614,Ma Timro,Swoopna Suman,76.9,100.0,weak
amrit gurung|udayo relaile,Amrit Gurung,Udayo Relaile,306.0,1,Amrit Gurung - Udayo Relaile.mp3,Amrit Gurung,1507,Udayo Hawale,Hercules Basnet,72.0,100.0,weak
amrit gurung|udda uddai,Amrit Gurung,Udda Uddai,226.0,1,Amrit Gurung - Udda Uddai.mp3,Amrit Gurung,46,Hidda Hiddai,1974 AD,72.7,100.0,weak
amrit gurung|ukali orali,Amrit Gurung,Ukali Orali,342.0,1,Amrit Gurung - Ukali Orali.mp3,Amrit Gurung,2407,Ukali Orali,Nepathya,100.0,100.0,strong
amrita limbu rajesh payal rai|lukera heryeu,"Amrita Limbu, Rajesh Payal Rai",Lukera Heryeu,233.0,1,"Amrita Limbu, Rajesh Payal Rai - Lukera Heryeu.mp3",Rajesh Payal Rai,3665,Kina Hereu,Tanka Budathoki,69.6,100.0,weak
amritesh raghuvanshi|har har shiv shankar bhole,Amritesh Raghuvanshi,Har Har Shiv Shankar Bhole,176.0,1,Amritesh Raghuvanshi - Har Har Shiv Shankar Bhole.mp3,Shiv Shankar,1543,Shankar Bhole,Ishwor Krishna Bhurtel,100.0,56.2,weak
amr|nepal type beat règlement space instru trap free,AMR,"NEPAL / Type Beat ""RÈGLEMENT SPACE"" Instru Trap 2020 [FREE]",0.0,1,NEPAL ⧸ Type Beat ＂RÈGLEMENT SPACE＂ Instru Trap 2020 [FREE].mp3,Trap Nepal,2944,Nepal Nepal,Robin Tamang,100.0,57.1,weak
anand karki bimala rai|eaklai harauna,"Anand Karki, Bimala Rai",Eaklai Harauna,294.0,1,"Anand Karki, Bimala Rai - Eaklai Harauna.mp3",Bimala Rai,3605,Harauna Deu,Swoopna Suman,77.8,70.6,weak
ananda karki bimala rai|najarma najar,"Ananda Karki, Bimala Rai",Najarma Najar,241.0,1,"Ananda Karki, Bimala Rai - Najarma Najar.mp3",Bimala Rai,2957,Hajar Janma,Rockheads Nepal,75.0,100.0,weak
ananda karki mamata dipbim kunti moktan raju lama mongolian hearts|panchima ramro,"Ananda Karki, Mamata Dipbim, Kunti Moktan, Raju Lama (Mongolian Hearts)",Panchima Ramro,327.0,1,"Ananda Karki, Mamata Dipbim, Kunti Moktan, Raju Lama (Mongolian Hearts) - Panchima Ramro.mp3",Kunti Moktan,1824,Choli Ramro,Kunti Moktan,72.0,100.0,weak
andre antunes|nepali gen z goes metal jai nepal protest song,Andre Antunes,Nepali Gen Z Goes Metal [Jai Nepal Protest Song],126.0,1,Andre Antunes - Nepali Gen Z Goes Metal [Jai Nepal Protest Song].mp3,nepali,207,Nepali,Albatross,100.0,58.3,weak
ani choying dolma|om tare tuttare ture soha,Ani Choying Dolma,Om Tare Tuttare Ture Soha,409.0,1,Ani Choying Dolma - Om Tare Tuttare Ture Soha.mp3,Ani Choying,,,,54.2,100.0,weak
ani choying dolma|omuni muni,Ani Choying Dolma,Omuni Muni,345.0,1,Ani Choying Dolma - Omuni Muni.mp3,Ani Choying,,,,57.1,100.0,weak
ani choying drolma sina vodjani|malu semchen,"Ani Choying Drolma, Sina Vodjani",Malu semchen,395.0,1,"Ani Choying Drolma, Sina Vodjani - Malu semchen.mp3",Ani Choying,168,Samjhana Ma,Adrian Pradhan,60.9,100.0,weak
ani choying drolma sina vodjani|tara mantra,"Ani Choying Drolma, Sina Vodjani",Tara mantra,162.0,1,"Ani Choying Drolma, Sina Vodjani - Tara mantra.mp3",Ani Choying,1545,Mantra,Jacob Tillberg,100.0,100.0,strong
ani choying drolma|ani choying drolma phoolko aankhama,Ani Choying Drolma,Ani Choying Drolma - Phoolko Aankhama [Official Lyrical Video],306.0,1,Ani Choying Drolma - Phoolko Aankhama [Official Lyrical Video].m4a,Phool Ko Mala,261,Phoolko Aankhama,Ani Choying Drolma,100.0,100.0,strong
ani choying drolma|kheldai thiye,Ani Choying Drolma,Kheldai Thiye,233.0,1,Ani Choying Drolma - Kheldai Thiye.mp3,Ani Choying,1831,Phuleki Thiye,Kunti Moktan,69.2,100.0,weak
ani choying drolma|manaina ho,Ani Choying Drolma,Manaina Ho,254.0,1,Ani Choying Drolma - Manaina Ho.mp3,Ani Choying,1098,Manai Ta Ho,Dharmendra Sewan,85.7,100.0,probable
ani choying drolma|om tare tutare,Ani Choying Drolma,Om Tare Tutare,235.0,1,Ani Choying Drolma - Om Tare Tutare.mp3,Ani Choying,1669,Ma Ta Mare,Kamal Khatri,66.7,100.0,weak
ani choying drolma|tri ratna,Ani Choying Drolma,Tri Ratna,293.0,1,Ani Choying Drolma - Tri Ratna.mp3,Ani Choying,3063,Raja rani,"Sagar Ale Magar, Sadikshya Kattel",66.7,100.0,weak
anil pariyar|version of sacar p anil fastest rapper,Anil Pariyar,Cover Version Of Sacar P.anil Fastest Rapper[1],0.0,1,Cover Version Of Sacar P.anil Fastest Rapper[1].mp3,Sacar rapper,1206,Short finite of it all (Nepali Version),Eddison Patterson,64.0,80.0,none
anila rai feat deepak limbu|timi bahek,Anila Rai feat. Deepak Limbu,Timi Bahek,329.0,1,Anila Rai feat. Deepak Limbu - Timi Bahek.mp3,Deepak Limbu,752,Timi,Binit Shrestha,100.0,100.0,strong
anjalee tiwari nepali nirahuwa|mehar hau ki mirachai,"Anjalee Tiwari, Nepali Nirahuwa",Mehar Hau Ki Mirachai,214.0,1,"Anjalee Tiwari, Nepali Nirahuwa - Mehar Hau Ki Mirachai.mp3",nepali,2247,Timilai Ma K Bhanu,Narayan Gopal,66.7,70.6,weak
anjalitmgthokar|maiti ghar माइती घर dancevideo farewelldance,Anjalitmgthokar,"Maiti ghar "" माइती घर "" #dancevideo #farewelldance",237.0,1,Maiti ghar ＂ माइती घर ＂ #dancevideo #farewelldance.m4a,Maiti Ghar,2445,Maiti Ghar Ko Aagan,Nirmala Ghimire,69.0,60.6,weak
anjan dutta|nepali,Anjan Dutta,Nepali,221.0,1,Anjan Dutta - Nepali (2).mp3,nepali,207,Nepali,Albatross,100.0,72.7,weak
anjil aj music|tiyo pari dara ko gumba ma gorubathan,Anjil Aj Music 🎶,Tiyo Pari Dara Ko Gumba Ma  (official song of Anjil moktan) Gorubathan,293.0,1,Tiyo Pari Dara Ko Gumba Ma  (official song of Anjil moktan) Gorubathan.m4a,Danda Ko Gumba,270,Pari,Anil Singh,100.0,78.3,probable
anju pant deepak limbu|bhuinko phool,Anju Pant & Deepak Limbu,‎Bhuinko Phool,323.0,1,Anju Pant & Deepak Limbu - ‎Bhuinko Phool.mp3,Deepak Limbu,3465,Phool,Sujan Chapagain,100.0,100.0,strong
anju panta basanta sapkota surya kumar chhetri|timile maya sadhai sadhai,"Anju Panta, Basanta Sapkota, Surya Kumar Chhetri",Timile Maya Sadhai Sadhai,272.0,1,"Anju Panta, Basanta Sapkota, Surya Kumar Chhetri - Timile Maya Sadhai Sadhai.mp3",Anju Panta,129,Sadhai Sadhai,Abhaya and The Steam Injuns,100.0,100.0,strong
anju panta deepak limbu|basanti hawale,"Anju Panta, Deepak Limbu",BASANTI HAWALE,321.0,1,"Anju Panta, Deepak Limbu - BASANTI HAWALE.mp3",Deepak Limbu,1627,Basantaa,Jpt Rockerz,72.7,100.0,weak
anju panta deepak limbu|bhuin ko phool,"Anju Panta, Deepak Limbu",Bhuin Ko Phool,323.0,1,"Anju Panta, Deepak Limbu - Bhuin Ko Phool (2).mp3","Anju Panta, Deepak Limbu",3465,Phool,Sujan Chapagain,100.0,100.0,strong
anju panta deepak limbu|timilai dekhu dekhu,Anju Panta & Deepak Limbu,Timilai Dekhu Dekhu,282.0,1,Anju Panta & Deepak Limbu - Timilai Dekhu Dekhu.mp3,Deepak Limbu,1555,Timilai,James Shrestha,100.0,100.0,strong
anju panta dipak sharma|parkhaima juni bityo,"Anju Panta, dipak sharma",Parkhaima Juni Bityo,261.0,1,"Anju Panta, dipak sharma - Parkhaima Juni Bityo.mp3",Anju Panta,3083,Juni,Sajjan Raj Vaidya,100.0,100.0,strong
anju panta feat durga babu pathak|nidra lagdaina,Anju Panta feat. Durga Babu Pathak,Nidra Lagdaina,248.0,1,Anju Panta feat. Durga Babu Pathak - Nidra Lagdaina.mp3,Anju Panta,1487,Maya Lagdaina Aaba,Hemanta Rana,72.7,100.0,weak
anju panta feat hemanta shishir|yeti dherai timro yaad,Anju Panta feat. Hemanta shishir,Yeti Dherai Timro Yaad,251.0,1,Anju Panta feat. Hemanta shishir - Yeti Dherai Timro Yaad.mp3,Anju Panta,907,Timro Yaad,Chhewang Lama,100.0,100.0,strong
anju panta feat navakrish panchakoti|aakhama malai,Anju Panta feat. Navakrish Panchakoti,Aakhama Malai,287.0,1,Anju Panta feat. Navakrish Panchakoti - Aakhama Malai.mp3,Anju Panta,485,Ma Aankhaima,Aruna Lama,80.0,100.0,probable
anju panta feat santosh shrestha|aafna manchhele nai,Anju Panta feat. Santosh Shrestha,Aafna Manchhele Nai,264.0,1,Anju Panta feat. Santosh Shrestha - Aafna Manchhele Nai.mp3,Anju Panta,1256,Kura Katne Manchhele,"Eleena Chauhan, Subhash Puri",71.8,100.0,weak
anju panta feat subha tamang|malai maya gara,Anju Panta feat. Subha Tamang,Malai Maya Gara,323.0,1,Anju Panta feat. Subha Tamang - Malai Maya Gara.mp3,Anju Panta,526,Maya,Ashutosh KC,100.0,100.0,strong
anju panta hemant moktan|pal pal timro nai yaad,"Anju Panta, Hemant Moktan",Pal Pal Timro Nai Yaad,349.0,1,"Anju Panta, Hemant Moktan - Pal Pal Timro Nai Yaad.mp3",Anju Panta,907,Timro Yaad,Chhewang Lama,100.0,100.0,strong
anju panta hemanta shishir|dherai maya,"Anju Panta, Hemanta Shishir",Dherai Maya,311.0,1,"Anju Panta, Hemanta Shishir - Dherai Maya.mp3",Anju Panta,217,Dherai Maya Deyeara,Alish Nepking,100.0,100.0,strong
anju panta purushottam subedi|jaali rumaal,"Anju Panta, Purushottam Subedi",Jaali Rumaal,319.0,1,"Anju Panta, Purushottam Subedi - Jaali Rumaal (2).mp3","Anju Panta, Purushottam Subedi",1475,Jali Rumal,Hemant Sharma,90.9,100.0,strong
anju panta santosh shrestha prabal bista|timrai jeetko charcha,"Anju Panta, Santosh Shrestha, Prabal Bista",Timrai Jeetko Charcha,392.0,1,"Anju Panta, Santosh Shrestha, Prabal Bista - Timrai Jeetko Charcha.mp3",Anju Panta,1634,Timrai hu,KAAL - 69,80.0,100.0,probable
anju panta sugam pokharel|ma yesto geet gaunchhu,"Anju Panta, Sugam Pokharel",Ma Yesto Geet Gaunchhu,296.0,1,"Anju Panta, Sugam Pokharel - Ma Yesto Geet Gaunchhu.mp3",Sugam Pokharel,3773,Ma,The Shadows 'Nepal',100.0,100.0,strong
anju panta|aaija nidari,Anju Panta,Aaija Nidari,178.0,1,Anju Panta - Aaija Nidari.mp3,Anju Panta,2357,Aaijo Nidari,Nepathya,91.7,100.0,strong
anju panta|aanshu di baiguni le,Anju Panta,Aanshu Di Baiguni Le,371.0,1,Anju Panta - Aanshu Di Baiguni Le.mp3,Anju Panta,712,Baiguni,Bibash Jk,100.0,100.0,strong
anju panta|badal pariko desh ma,Anju Panta,Badal Pariko Desh Ma,295.0,1,Anju Panta - Badal Pariko Desh Ma.mp3,Anju Panta,3773,Ma,The Shadows 'Nepal',100.0,100.0,strong
anju panta|basanti rang bhari,Anju Panta,Basanti Rang Bhari,383.0,1,Anju Panta - Basanti Rang Bhari.mp3,Anju Panta,854,Rang,Brijesh Shrestha,100.0,100.0,strong
anju panta|bhetiyeu timi priya timi bina,Anju Panta,Bhetiyeu Timi-Priya Timi Bina.,259.0,1,Anju Panta - Bhetiyeu Timi-Priya Timi Bina.mp3,Anju Panta,565,Timi Bina,Astha Tamang Maskey,100.0,100.0,strong
anju panta|bujheko chhu,Anju Panta,Bujheko Chhu,285.0,1,Anju Panta - Bujheko Chhu.mp3,Anju Panta,2009,Bujhe Hunchha Kura,Melina Rai,66.7,100.0,weak
anju panta|chanchale hawale,Anju Panta,Chanchale Hawale,262.0,1,Anju Panta - Chanchale Hawale.mp3,Anju Panta,1462,Chanchale Chanchale Gandaki,"Hari Bansha Acharya, Sukmit Gurung",72.7,100.0,weak
anju panta|chatima haat rakhera,Anju Panta,Chatima Haat Rakhera,340.0,1,Anju Panta - Chatima Haat Rakhera.mp3,Anju Panta,2865,Hira Katne Hirai Ma Rakhera,Ram Krishna Dhakal,68.1,100.0,weak
anju panta|chhadi jane nisthuri ko,Anju Panta,Chhadi Jane Nisthuri Ko,284.0,1,Anju Panta - Chhadi Jane Nisthuri Ko.mp3,Anju Panta,2335,Nisthuri Mori,Neetesh Jung Kunwar,76.2,100.0,weak
anju panta|dharti dhakera,Anju Panta,Dharti Dhakera,301.0,1,Anju Panta - Dharti Dhakera.mp3,Anju Panta,4004,Dhaka-Dhoti,Vyoma,80.0,100.0,probable
anju panta|dherai maya,Anju Panta,Dherai Maya,311.0,1,Anju Panta - Dherai Maya.mp3,Anju Panta,217,Dherai Maya Deyeara,Alish Nepking,100.0,100.0,strong
anju panta|hajurlai chhati bhitra,Anju Panta,Hajurlai Chhati Bhitra,260.0,1,Anju Panta - Hajurlai Chhati Bhitra.mp3,Anju Panta,2514,Hajurlai,Pema Lama,100.0,100.0,strong
anju panta|har chij ramro lagchha,Anju Panta,Har Chij Ramro Lagchha,251.0,1,Anju Panta - Har Chij Ramro Lagchha.mp3,Anju Panta,152,Kasto Lagchha,Adrian Pradhan,70.0,100.0,weak
anju panta|jawan pardeshama,Anju Panta,Jawan Pardeshama,327.0,1,Anju Panta - Jawan Pardeshama.mp3,Anju Panta,1924,Pardeshi Nabhana,Manish Dhakal,68.8,100.0,weak
anju panta|jeliyeko manko dhago,Anju Panta,Jeliyeko Manko Dhago,292.0,1,Anju Panta - Jeliyeko Manko Dhago.mp3,Anju Panta,1828,Manko Maya,Kunti Moktan,66.7,100.0,weak
anju panta|jhalko,Anju Panta,Jhalko,266.0,1,Anju Panta - Jhalko.mp3,Anju Panta,3316,Aayo Malai Jhalko Maiti Deshaiko,"Shumitra Koirala, Gita Dhungana",100.0,100.0,strong
anju panta|jindagile aafailai chhalda kheri,Anju Panta,Jindagile Aafailai Chhalda Kheri,266.0,1,Anju Panta - Jindagile Aafailai Chhalda Kheri.mp3,Anju Panta,3877,Malai Yo Jindagile,Udit Narayan,66.7,100.0,weak
anju panta|jo bina ekpal,Anju Panta,Jo Bina Ekpal,373.0,1,Anju Panta - Jo Bina Ekpal.mp3,Anju Panta,1940,Bajeko Palo,Mantra Band,66.7,100.0,weak
anju panta|kaha kohi,Anju Panta,Kaha Kohi,310.0,1,Anju Panta - Kaha Kohi.mp3,Anju Panta,4069,Kohi,Yama Buddha,100.0,100.0,strong
anju panta|kaleji ma baseu,Anju Panta,Kaleji Ma Baseu,311.0,1,Anju Panta - Kaleji Ma Baseu.mp3,Anju Panta,3773,Ma,The Shadows 'Nepal',100.0,100.0,strong
anju panta|kalle lane ho,Anju Panta,Kalle Lane Ho,281.0,1,Anju Panta - Kalle Lane Ho.mp3,Anju Panta,3899,Ke Bho Launa Ni,"Udit Narayan, Deepa Jha",64.3,100.0,weak
anju panta|kati sapana,Anju Panta,Kati Sapana,253.0,1,Anju Panta - Kati Sapana.mp3,Anju Panta,816,Sapana,Bishesh Silwal,100.0,100.0,strong
anju panta|khai ke hola ra aausadhi,Anju Panta,Khai Ke Hola Ra Aausadhi,274.0,1,Anju Panta - Khai Ke Hola Ra Aausadhi.mp3,Anju Panta,659,Khai,Bartika Eam Rai,100.0,100.0,strong
anju panta|kun mayako mandir,Anju Panta,Kun Mayako Mandir,370.0,1,Anju Panta - Kun Mayako Mandir.mp3,Anju Panta,1818,Mohani Mayako Hoki,Kumar Kancha,74.3,100.0,weak
anju panta|lagyo barai mayako,Anju Panta,Lagyo Barai Mayako,248.0,1,Anju Panta - Lagyo Barai Mayako.mp3,Anju Panta,1590,Bistarai Laula Maya,Jigme Chhyoki Ghising,70.3,100.0,weak
anju panta|laija paran,Anju Panta,Laija Paran,353.0,1,Anju Panta - Laija Paran.mp3,Anju Panta,1486,Laija Re,Hemanta Rana,76.9,100.0,weak
anju panta|lau aba,Anju Panta,Lau Aba,232.0,1,Anju Panta - Lau Aba.mp3,Anju Panta,1575,ABA,Jerusha Rai,100.0,100.0,strong
anju panta|maile herda,Anju Panta,Maile Herda,295.0,1,Anju Panta - Maile Herda.mp3,Anju Panta,3034,Malai Hera,Sabin Rai & The Pharaoh,76.2,100.0,weak
anju panta|makhamali,Anju Panta,Makhamali,275.0,1,Anju Panta - Makhamali.mp3,Anju Panta,3761,Makhamali,The Hulaki - Aman Basnet,100.0,100.0,strong
anju panta|malai man paraune,Anju Panta,Malai Man Paraune,265.0,1,Anju Panta - Malai Man Paraune.mp3,Anju Panta,204,Ma Ra Malai,Albatross,78.6,100.0,probable
anju panta|maya maya,Anju Panta,Maya Maya,328.0,1,Anju Panta - Maya Maya (2).mp3,Anju Panta,2438,Maya Maya,Nima Rumba,100.0,100.0,strong
anju panta|maya ta maya,Anju Panta,Maya Ta Maya,184.0,1,Anju Panta - Maya Ta Maya.mp3,Anju Panta,13,Maya ta yesto hosh,,100.0,100.0,strong
anju panta|mayama mero,Anju Panta,Mayama Mero,256.0,1,Anju Panta - Mayama Mero.mp3,Anju Panta,773,Mero Maya,Bipul Chettri,90.0,100.0,strong
anju panta|nasodha,Anju Panta,Nasodha,245.0,1,Anju Panta - Nasodha.mp3,Anju Panta,2019,Nasodha Malai,Melina Rai,100.0,100.0,strong
anju panta|om ghrini,Anju Panta,Om Ghrini,202.0,1,Anju Panta - Om Ghrini.mp3,Anju Panta,2872,Ma Huri Ma,Ram Krishna Dhakal,62.5,100.0,weak
anju panta|pal pal roye jindagima,Anju Panta,Pal Pal Roye Jindagima,355.0,1,Anju Panta - Pal Pal Roye Jindagima.mp3,Anju Panta,317,Pal Pal Roye Jindagima,Anju Panta,100.0,100.0,strong
anju panta|pal pal timrai nai yaad,Anju Panta,Pal Pal Timrai Nai Yaad,349.0,1,Anju Panta - Pal Pal Timrai Nai Yaad.mp3,Anju Panta,3480,Pal Pal Timrai,Sukmit Gurung,100.0,100.0,strong
anju panta|pal pal timro nai yaad,Anju Panta,Pal Pal Timro Nai Yaad,311.0,1,Anju Panta - Pal Pal Timro Nai Yaad.mp3,Anju Panta,907,Timro Yaad,Chhewang Lama,100.0,100.0,strong
anju panta|pareli ko,Anju Panta,Pareli ko,233.0,1,Anju Panta - Pareli ko.mp3,Anju Panta,995,Jhimkaideu Pareli,Danny Denzongpa,80.0,100.0,probable
anju panta|phool shamji,Anju Panta,Phool Shamji,326.0,1,Anju Panta - Phool Shamji.mp3,Anju Panta,3465,Phool,Sujan Chapagain,100.0,100.0,strong
anju panta|pirma pani,Anju Panta,Pirma Pani,277.0,1,Anju Panta - Pirma Pani.mp3,Anju Panta,2156,Pani Pani,Nalina Chitrakar,100.0,100.0,strong
anju panta|prem geetsatai sur,Anju Panta,Prem GeetSatai Sur,255.0,1,Anju Panta - Prem GeetSatai Sur.mp3,Anju Panta,2986,Kahani Yo Prem Geetko,"Rohit John Chettry, Shreya Sotang",66.7,100.0,weak
anju panta|rudai hunchhau,Anju Panta,Rudai Hunchhau,263.0,1,Anju Panta - Rudai Hunchhau.mp3,Anju Panta,2633,Rudai Chhu Ma,Pramod Kharel,74.1,100.0,weak
anju panta|sansaraka sara khusi,Anju Panta,Sansaraka Sara Khusi,345.0,1,Anju Panta - Sansaraka Sara Khusi.mp3,Anju Panta,328,Sansaraka Sara Khushi,Anju Panta,97.6,100.0,strong
anju panta|shiraima,Anju Panta,Shiraima,311.0,1,Anju Panta - Shiraima.mp3,Anju Panta,2024,Shiraima Shirbandi,Melina Rai,100.0,100.0,strong
anju panta|timi lai dekhera,Anju Panta,Timi Lai Dekhera,269.0,1,Anju Panta - Timi Lai Dekhera.mp3,Anju Panta,752,Timi,Binit Shrestha,100.0,100.0,strong
anju panta|timi na aau,Anju Panta,Timi Na Aau,346.0,1,Anju Panta - Timi Na Aau.mp3,Anju Panta,752,Timi,Binit Shrestha,100.0,100.0,strong
anju panta|timi sanga,Anju Panta,Timi Sanga,320.0,1,Anju Panta - Timi Sanga.mp3,Anju Panta,2890,Timi Sanga,Ram Krishna Dhakal,100.0,100.0,strong
anju panta|timile nai ho malai,Anju Panta,Timile Nai Ho Malai,245.0,1,Anju Panta - Timile Nai Ho Malai.mp3,Anju Panta,3567,Timile,Sushant KC,100.0,100.0,strong
anju panta|timle parai thanepachi,Anju Panta,Timle Parai Thanepachi,307.0,1,Anju Panta - Timle Parai Thanepachi.mp3,Anju Panta,334,Timile Parai Thane Pachi,Anju Panta,73.9,100.0,weak
anju panta|timrai yaadma,Anju Panta,Timrai Yaadma,268.0,1,Anju Panta - Timrai Yaadma (3).mp3,Anju Panta,2511,YAADMA,Pawan Ranabhat,100.0,100.0,strong
anju panta|timro aanshule,Anju Panta,Timro Aanshule,331.0,1,Anju Panta - Timro Aanshule.mp3,Anju Panta,1833,Timro Mayale,Kunti Moktan,76.9,100.0,weak
anju panta|timro dilma rakheu kina,Anju Panta,Timro Dilma Rakheu Kina,227.0,1,Anju Panta - Timro Dilma Rakheu Kina.mp3,Anju Panta,862,KINA,Brisk timos,100.0,100.0,strong
anju panta|timro khusi,Anju Panta,Timro Khusi,303.0,1,Anju Panta - Timro Khusi.mp3,Anju Panta,3865,KAHILE TIMRO,Udit Narayan,78.3,100.0,probable
anju panta|timro mero dilko bas,Anju Panta,Timro Mero Dilko Bas,338.0,1,Anju Panta - Timro Mero Dilko Bas.mp3,Anju Panta,1178,Timro Mero Bhet,Dr Pilot,80.0,100.0,probable
anju panta|tiriri basurile,Anju Panta,Tiriri Basurile,357.0,1,Anju Panta - Tiriri Basurile.mp3,Anju Panta,307,Malai Basurile Ruwayo,Anju Panta,69.6,100.0,weak
anju panta|yati dherai,Anju Panta,Yati Dherai,256.0,1,Anju Panta - Yati Dherai.mp3,Anju Panta,2061,Dherai Dherai,Mingma Sherpa,100.0,100.0,strong
anju panta|zindagi ko sara khushi,Anju Panta,Zindagi Ko Sara Khushi,243.0,1,Anju Panta - Zindagi Ko Sara Khushi.mp3,Anju Panta,4159,Sara Khushi,सारा खुशी Adrian Pradhan,100.0,100.0,strong
ankush pran|soor maytya shiv shankar kashmiri bhajan,ANKUSH PRAN,Soor Maytya (Shiv Shankar Kashmiri Bhajan),166.0,1,ANKUSH PRAN - Soor Maytya (Shiv Shankar Kashmiri Bhajan).mp3,Shiv Shankar,1543,Shankar Bhole,Ishwor Krishna Bhurtel,70.0,66.7,weak
anmol kc|paisa,Anmol Kc,paisa nepali rap song,0.0,1,paisa nepali rap song.m4a,Aidray Nepali rap,4076,Paisa,Yama Buddha,100.0,100.0,strong
annie kandara jatinder brar|dream,"Annie Kandara, Jatinder Brar",Dream,260.0,1,"Annie Kandara, Jatinder Brar - Dream.mp3",Kandara,2394,Resham,Nepathya,72.7,100.0,weak
another albatross|shake a leg,Another Albatross,Shake a Leg,132.0,1,Another Albatross - Shake a Leg.mp3,Albatross,269,Maile Jani Sake,Anil Singh,69.2,100.0,weak
anshika goel 1|phool ko aankha,Anshika Goel 1,Phool Ko Aankha,0.0,1,Phool Ko Aankha.m4a,Phool Ko Mala,3465,Phool,Sujan Chapagain,100.0,60.0,weak
antf|antf bhusiya kukur freestyle feat lil jhola ajex,ANTF,ANTF - BHUSIYA KUKUR (Freestyle) feat. LIL JHOLA & AJEX,143.0,1,ANTF - BHUSIYA KUKUR (Freestyle) feat. LIL JHOLA & AJEX.m4a,Yoku B.I.G,2297,CLEOPATRA FREESTYLE,Nasty (NP),64.3,60.0,none
antf|gbob garo bato letter to my fans,ANTF,GBOB - Garo Bato (Letter to my fans) || GBOB FREEVERSE ||  @ANTFNEPAL #antf #gbob,195.0,1,GBOB - Garo Bato (Letter to my fans) ｜｜ GBOB FREEVERSE ｜｜  @ANTFNEPAL #antf #gbob.m4a,G-BOB Nepali rap,221,Garo Vo,Almoda Rana Upreti,72.7,60.0,weak
antra singh priyanka ravi rangila|ham ladaki hai nepali,"Antra Singh Priyanka, Ravi Rangila",Ham Ladaki Hai Nepali,179.0,1,"Antra Singh Priyanka, Ravi Rangila - Ham Ladaki Hai Nepali.mp3",nepali,207,Nepali,Albatross,100.0,66.7,weak
anup joshi|budhi aama ra unko chhoro,Anup Joshi,Budhi aama ra unko chhoro,0.0,1,Budhi aama ra unko chhoro.mp3,Chhori Budhi,1007,Aama Aama,Deep Shrestha,100.0,66.7,weak
anuprastha|adutiya,Anuprastha,Adutiya,290.0,1,Anuprastha - Adutiya.mp3,Anuprastha,3797,Adrishya,Trees (Nepal),66.7,100.0,weak
anuprastha|birami ma,Anuprastha,Birami Ma,394.0,1,Anuprastha - Birami Ma.mp3,Anuprastha,3773,Ma,The Shadows 'Nepal',100.0,100.0,strong
anuprastha|din,Anuprastha,Din,289.0,1,Anuprastha - Din (2).mp3,Anuprastha,419,Din,Anuprastha,100.0,100.0,strong
anuprastha|din sprite band challe,Anuprastha,Din ( Official Music video ) ( Sprite Band Challe,280.0,1,Anuprastha - Din ( Official Music video ) ( Sprite Band Challe.mp3,Anuprastha,419,Din,Anuprastha,100.0,100.0,strong
anuprastha|halla gara,Anuprastha,Halla Gara,189.0,1,Anuprastha - Halla Gara.mp3,Anuprastha,2389,Palla Ghar Ka,Nepathya,78.3,100.0,probable
anuprastha|kanchhi,Anuprastha,Kanchhi,173.0,1,Anuprastha - Kanchhi (2).mp3,Anuprastha,420,Kanchhi,Anuprastha,100.0,100.0,strong
anuprastha|maaya,Anuprastha,Maaya,263.0,1,Anuprastha - Maaya.mp3,Anuprastha,3957,Maaya,Varsha Thapa,100.0,100.0,strong
anuprastha|sukha ra dukha,Anuprastha,Sukha Ra Dukha,322.0,1,Anuprastha - Sukha Ra Dukha.mp3,Anuprastha,2113,Kal Dhara,Mr. D | Eleena Chauhan,69.6,100.0,weak
anuprastha|ujjyalo,Anuprastha,Ujjyalo,276.0,1,Anuprastha - Ujjyalo.mp3,Anuprastha,3753,Ujyaalo,The Elements | Based On True Events,85.7,100.0,probable
anuprastha|what to do kathmandu,Anuprastha,What To Do Kathmandu,158.0,1,Anuprastha - What To Do Kathmandu.mp3,Anuprastha,880,Kathmandu,Catch 22,100.0,100.0,strong
anuprastha|yatra,Anuprastha,Yatra,383.0,1,Anuprastha - Yatra.mp3,Anuprastha,2707,Yatra,Puja Kepcheki Magar,100.0,100.0,strong
anurag kant anisha ranghar|gaadi ma,"Anurag Kant, Anisha Ranghar",Gaadi Ma,263.0,1,"Anurag Kant, Anisha Ranghar - Gaadi Ma.mp3",Anurag Kant,3773,Ma,The Shadows 'Nepal',100.0,58.8,weak
anurag kant manju nautiyal|chandpur ki chandni,"Anurag Kant, Manju Nautiyal",Chandpur Ki Chandni,170.0,1,"Anurag Kant, Manju Nautiyal - Chandpur Ki Chandni.mp3",Anurag Kant,3333,Chihan Ki Pari,Sirish Khadka,66.7,72.7,weak
anurag kant|bwari nepali,Anurag Kant,Bwari Nepali,257.0,1,Anurag Kant - Bwari Nepali.mp3,nepali,207,Nepali,Albatross,100.0,66.7,weak
anurag kant|jaganto,Anurag Kant,Jaganto,223.0,1,Anurag Kant - Jaganto.mp3,Anurag Kant,1834,Gatho,kushal poudel,66.7,66.7,weak
anurag kant|mobile phone,Anurag Kant,Mobile Phone,279.0,1,Anurag Kant - Mobile Phone.mp3,Anurag Kant,3555,Phone Ko No. ?,SUshant KC,62.5,66.7,none
anwar hussain wistaro|o sajjan sajjan tunhji moun hik galh budhi aa,Anwar Hussain Wistaro,O Sajjan Sajjan Tunhji Moun Hik Galh Budhi Aa,316.0,1,Anwar Hussain Wistaro - O Sajjan Sajjan Tunhji Moun Hik Galh Budhi Aa.mp3,Sajjan,,,,51.4,52.6,none
anxmus music viss ningthouja|nepali pan 3 0,"Anxmus Music, Viss Ningthouja",Nepali Pan 3.0,283.0,1,"Anxmus Music, Viss Ningthouja - Nepali Pan 3.0.mp3",nepali,207,Nepali,Albatross,100.0,71.4,weak
anxmus music|anxmus resham firiri new year special,Anxmus Music,Anxmus  - Resham Firiri remix (New year 2019 Special),280.0,1,Anxmus  - Resham Firiri remix (New year 2019 Special).m4a,Resham Firiri,1650,Resham Firiri,Kali Prasad Baskota,100.0,71.4,weak
anxmus x utsav|nepali pan 2 0,Anxmus x Utsav,Nepali Pan 2.0,263.0,1,Anxmus x Utsav - Nepali Pan 2.0.mp3,nepali,207,Nepali,Albatross,100.0,54.5,weak
archive org|01 nba youngboy kick yo door,archive.org,01 Nba Youngboy - Kick Yo Door [Prod. By Dj Swift],0.0,1,01 Nba Youngboy - Kick Yo Door [Prod. By Dj Swift].mp3,Lil Buddha,,,,50.0,55.2,none
archive org|02 black o feat jr boss unstoppable,archive.org,02 Black O Feat. Jr. Boss - Unstoppable [Prod. By Jetson Made],0.0,1,02 Black O Feat. Jr. Boss - Unstoppable [Prod. By Jetson Made].mp3,Lil Buddha,,,,50.0,55.2,none
archive org|02 ynw melly foolie maserati,archive.org,02 Ynw Melly & Foolie - Maserati [Prod. By 12Hunna],0.0,1,02 Ynw Melly & Foolie - Maserati [Prod. By 12Hunna].mp3,Lil Buddha,,,,46.2,55.2,none
archive org|03 black o work,archive.org,03 Black O - Work [Prod. By Jetson Made],0.0,1,03 Black O - Work [Prod. By Jetson Made].mp3,Lil Buddha,,,,53.3,55.2,none
archive org|03 lil gotit feat zack slime i told em,archive.org,03 Lil Gotit Feat. Zack Slime - I Told Em [Prod. By Turbo],0.0,1,03 Lil Gotit Feat. Zack Slime - I Told Em [Prod. By Turbo].mp3,Lil Buddha,,,,47.9,55.2,none
archive org|60447820,archive.org,60447820,0.0,1,60447820.mp3,teej song,,,,37.5,55.2,none
archive org|aamaa yama buddha ft mistah k nepsyd,archive.org,AAMAA - YAMA BUDDHA ft. MISTAH K (NEPSYD,0.0,1,AAMAA - YAMA BUDDHA ft. MISTAH K (NEPSYD.mp3,Yama Buddha,4059,Aamaa,Yama Buddha,100.0,55.2,weak
archive org|badala bhitra ko chandra jhai timi oldclassical geet sansar,archive.org,Badala Bhitra Ko Chandra Jhai Timi - OldClassical - Geet Sansar,0.0,1,Badala Bhitra Ko Chandra Jhai Timi - OldClassical - Geet Sansar.mp3,Phatteman Rajbhandari,752,Timi,Binit Shrestha,100.0,55.2,weak
archive org|banai khayo dadhelo le oldclassical geet sansar,archive.org,Banai Khayo Dadhelo Le - OldClassical - Geet Sansar,0.0,1,Banai Khayo Dadhelo Le - OldClassical - Geet Sansar.mp3,Phatteman Rajbhandari,1506,Maya Sansar,Hercules Basnet,70.6,55.2,weak
archive org|banai khayo dadhelole original,archive.org,Banai Khayo Dadhelole - Original,0.0,1,Banai Khayo Dadhelole - Original.ogg,Phatteman Rajbhandari,2518,Banai Khayo Dadhelole,Phatteman Rajbhandari,100.0,55.2,weak
archive org|bishnu majhi teej song vinaju palkera putali ko vatti,archive.org,Bishnu majhi teej song 2070 vinaju palkera Putali ko vatti,0.0,1,Bishnu majhi teej song 2070 vinaju palkera Putali ko vatti.ogg,teej song,517,Putali,Ashish Aviral |Eleena Chauhan,100.0,55.2,weak
archive org|bishnu_majhi_teej_song_2070_vinaju_palkera_putali_ko_vatti_ 9_fm_cd_crbt0130041628prbt 60447820_,archive.org,bishnu_majhi_teej_song_2070_vinaju_palkera_putali_ko_vatti_-9_fm_cd_crbt0130041628prbt-60447820_www.Devchuli6.com,0.0,1,bishnu_majhi_teej_song_2070_vinaju_palkera_putali_ko_vatti_-9_fm_cd_crbt0130041628prbt-60447820_www.Devchuli6.com.mp3,teej song,,,,29.1,55.2,none
archive org|chetan rajali hamro maya salaijo music bank 235 44,archive.org,Chetan Rajali Hamro Maya Salaijo MUSIC BANK 235 44,0.0,1,Chetan Rajali Hamro Maya Salaijo MUSIC BANK 235 44.mp3,Salaijo,526,Maya,Ashutosh KC,100.0,55.2,weak
archive org|dailekhi salaijo bhaka_ v sarbajit kamala thapa magar sabda ra laya kamala mgr,archive.org,Dailekhi Salaijo Bhaka_ V Sarbajit & Kamala Thapa Magar Sabda Ra Laya Kamala Mgr www.freenepalisong.com,0.0,2,Dailekhi Salaijo Bhaka_ V Sarbajit & Kamala Thapa Magar Sabda Ra Laya Kamala Mgr www.freenepalisong.com.mp3|Dailekhi Salaijo Bhaka_ V Sarbajit & Kamala Thapa Magar Sabda Ra Laya Kamala Mgr.ogg,Salaijo,,,,50.0,55.2,none
archive org|didi bahini teej song,archive.org,Didi Bahini Teej Song www.lovenepal.net,0.0,1,Didi Bahini Teej Song www.lovenepal.net.mp3,teej song,2315,Didi Bahini,Neetesh Jung Kunwar,100.0,55.2,weak
archive org|didi_bahini_teej_song_,archive.org,didi_bahini_teej_song_www.lovenepal.net,0.0,1,didi_bahini_teej_song_www.lovenepal.net.ogg,teej song,,,,45.0,55.2,none
archive org|figure coca cola sirju adhikaritanka timilsina latest nepali hit duet song ft durgesh thapa,archive.org,Figure Coca Cola Sirju AdhikariTanka Timilsina Latest Nepali Hit Duet Song Ft. Durgesh Thapa www.freenepalisong.com,0.0,2,Figure Coca Cola Sirju AdhikariTanka Timilsina Latest Nepali Hit Duet Song Ft. Durgesh Thapa www.freenepalisong.com.mp3|Figure Coca Cola Sirju AdhikariTanka Timilsina Latest Nepali Hit Duet Song Ft. Durgesh Thapa.ogg,Durgesh Thapa,207,Nepali,Albatross,100.0,55.2,weak
archive org|jau sanu maita by prem dailekhi gagan bibash and sapana shahi new teej song,archive.org,"Jau Sanu Maita By Prem Dailekhi, Gagan Bibash and Sapana Shahi- New Teej Song 2073 www.Lovenepal.net",0.0,1,"Jau Sanu Maita By Prem Dailekhi, Gagan Bibash and Sapana Shahi- New Teej Song 2073 www.Lovenepal.net.ogg",teej song,816,Sapana,Bishesh Silwal,100.0,55.2,weak
archive org|jau sanu maita by prem dailekhi gagan bibash and sapana shahi new teej song mp3 listen,archive.org,"Jau Sanu Maita By Prem Dailekhi, Gagan Bibash and Sapana Shahi- New Teej Song 2073 MP3 Listen www.Lovenepal.net",0.0,1,"Jau Sanu Maita By Prem Dailekhi, Gagan Bibash and Sapana Shahi- New Teej Song 2073 MP3 Listen www.Lovenepal.net.mp3",teej song,816,Sapana,Bishesh Silwal,100.0,55.2,weak
archive org|jug jane pirati,archive.org,jug jane Pirati,0.0,1,jug jane Pirati.mp3,Durgesh Thapa,1646,Maya Pirati,Kali Prasad Baskota,70.6,55.2,weak
archive org|juni juni maya lau bhanchha salaijo,archive.org,Juni Juni maya lau Bhanchha Salaijo www.Devchuli6.com,0.0,1,Juni Juni maya lau Bhanchha Salaijo www.Devchuli6.com.mp3,Salaijo,526,Maya,Ashutosh KC,100.0,55.2,weak
archive org|kati dina baschhauu salaijo sagar gurung sarmila gurung lm,archive.org,Kati Dina Baschhauu salaijo sagar gurung  Sarmila Gurung LM www.Lovenepal.net,0.0,1,Kati Dina Baschhauu salaijo sagar gurung Sarmila Gurung LM www.Lovenepal.net.ogg,Salaijo,210,Sagar,Albatross,100.0,55.2,weak
archive org|kati dina baschhauu salaijo sagar gurung sarmila gurung lm sarmila gurung,archive.org,Kati Dina Baschhauu salaijo sagar gurung Sarmila Gurung LM-Sarmila Gurung -www.AllNepalmusic.com,0.0,2,Kati Dina Baschhauu salaijo sagar gurung Sarmila Gurung LM-Sarmila Gurung -www.AllNepalmusic.com.mp3|Kati Dina Baschhauu salaijo sagar gurung Sarmila Gurung LM-Sarmila Gurung.ogg,Salaijo,210,Sagar,Albatross,100.0,55.2,weak
archive org|kati dina baschhauu salaijo sagar gurung sarmila gurung lm sarmila gurung 01,archive.org,Kati Dina Baschhauu salaijo sagar gurung Sarmila Gurung LM-Sarmila Gurung 01 www.Lovenepal.net,0.0,1,Kati Dina Baschhauu salaijo sagar gurung Sarmila Gurung LM-Sarmila Gurung 01 www.Lovenepal.net.mp3,Salaijo,210,Sagar,Albatross,100.0,55.2,weak
archive org|maile je bhogey title track with lyrics,archive.org,Maile Je Bhogey ... Title Track (With Lyrics),0.0,1,Maile Je Bhogey ... Title Track (With Lyrics).mp3,Phatteman Rajbhandari,,,,58.8,55.2,none
archive org|malai sari kindeuna pandhra hajarma _ new nepali teej song _ ritu chand thakuri khem bhandari,archive.org,"Malai Sari Kindeuna Pandhra Hajarma _ New Nepali Teej Song _ Ritu Chand Thakuri, Khem Bhandari-www.Devchuli.Net",0.0,2,"Malai Sari Kindeuna Pandhra Hajarma _ New Nepali Teej Song _ Ritu Chand Thakuri, Khem Bhandari-www.Devchuli.Net.mp3|Malai Sari Kindeuna Pandhra Hajarma _ New Nepali Teej Song _ Ritu Chand Thakuri, Khem Bhandari.ogg",teej song,207,Nepali,Albatross,100.0,55.2,weak
archive org|mero pyro maiti ghar,archive.org,Mero pyro maiti ghar-www.Devchuli6.com,0.0,1,Mero pyro maiti ghar-www.Devchuli6.com.mp3,Maiti Ghar,1192,Maiti Ghar Timro Hoina,Dwarika Lal Joshi,71.4,55.2,weak
archive org|mutu chhame thahahola salaijo by raju gurung kalpana gurung,archive.org,Mutu Chhame Thahahola Salaijo by Raju Gurung & Kalpana Gurung www.freenepalisong.com,0.0,2,Mutu Chhame Thahahola Salaijo by Raju Gurung & Kalpana Gurung www.freenepalisong.com.mp3|Mutu Chhame Thahahola Salaijo by Raju Gurung & Kalpana Gurung.ogg,Salaijo,2471,Kalpana,Oasis Thapa,100.0,55.2,weak
archive org|nachnu ama nachnu new teej song vocaal deepu magar and renu rana magar sabda deepu magar sangeet risi khadka utpadak gorkha chautari,archive.org,nachnu ama nachnu new teej song vocaal deepu magar and renu rana magar sabda deepu magar sangeet risi khadka utpadak gorkha chautari www.freenepalisong.com,0.0,2,nachnu ama nachnu new teej song vocaal deepu magar and renu rana magar sabda deepu magar sangeet risi khadka utpadak gor.mp3|nachnu ama nachnu new teej song vocaal deepu magar and renu rana magar sabda deepu magar sangeet risi khadka utpadak gor.ogg,teej song,2746,Chautari,Rachana Rimal,100.0,55.2,weak
archive org|new hit teej song subakamana laxu malla ganga g m jharna arjun actor dhital films,archive.org,New Hit Teej song 2014 Subakamana - Laxu Malla & Ganga G.M- Jharna & Arjun (Actor) - Dhital Films www.lovenepal.net,0.0,1,New Hit Teej song 2014 Subakamana - Laxu Malla & Ganga G.M- Jharna & Arjun (Actor) - Dhital Films www.lovenepal.net.mp3,teej song,3163,Pir Song,Samjhana Bhandari,66.7,55.2,weak
archive org|new nepali teej song 2073_2016 teej najik aayoo तीज नजिक आयो by puja pariyar ft nita dhungana,archive.org,New Nepali Teej Song 2073_2016-Teej Najik Aayoo(तीज नजिक आयो )by Puja Pariyar Ft.Nita Dhungana-www.Devchuli.Net,0.0,2,New Nepali Teej Song 2073_2016-Teej Najik Aayoo(तीज नजिक आयो )by Puja Pariyar Ft.Nita Dhungana-www.Devchuli.Net.mp3|New Nepali Teej Song 2073_2016-Teej Najik Aayoo(तीज नजिक आयो )by Puja Pariyar Ft.Nita Dhungana.ogg,teej song,207,Nepali,Albatross,100.0,55.2,weak
archive org|new nepali teej song 2f2016 sari mathi sarera prashant poudel ritu thapa arghadarbar film,archive.org,New Nepali Teej Song 2073%2F2016 - Sari Mathi Sarera - Prashant Poudel & Ritu Thapa - Arghadarbar Film www.freenepalisong.com,0.0,1,New Nepali Teej Song 2073%2F2016 - Sari Mathi Sarera - Prashant Poudel & Ritu Thapa - Arghadarbar Film www.freenepalison.mp3,teej song,207,Nepali,Albatross,100.0,55.2,weak
archive org|new nepali teej song lastai choti komal oli pashupati sharma k series,archive.org,New Nepali Teej Song 2073 - Lastai Choti Komal Oli & Pashupati Sharma - K Series www.freenepalisong.com,0.0,1,New Nepali Teej Song 2073 - Lastai Choti Komal Oli & Pashupati Sharma - K Series www.freenepalisong.com.mp3,teej song,207,Nepali,Albatross,100.0,55.2,weak
archive org|new teej song _ jhumke bulaki dhanraj chunara khadak kumari pun ft lalit alisan,archive.org,New Teej Song 2074 _ Jhumke Bulaki - Dhanraj Chunara & Khadak Kumari Pun Ft. Lalit & Alisan-www.Devchuli.Net,0.0,1,New Teej Song 2074 _ Jhumke Bulaki - Dhanraj Chunara & Khadak Kumari Pun Ft. Lalit & Alisan-www.Devchuli.Net.mp3,teej song,116,jhumke bulaki,Aastha Raut,100.0,55.2,weak
archive org|new teej song _ mahuri phoolaiko rasaima dhanraj chunara laxmi kc ft milan lila,archive.org,New Teej Song 2074 _ Mahuri Phoolaiko Rasaima - Dhanraj Chunara & Laxmi KC Ft. Milan & Lila,0.0,1,New Teej Song 2074 _ Mahuri Phoolaiko Rasaima - Dhanraj Chunara & Laxmi KC Ft. Milan & Lila.ogg,teej song,2521,Milan Pani,Phatteman Rajbhandari,66.7,55.2,weak
archive org|new teej song jhumka lauli kamal bc maldai sita bohara sabda laya kamal bc maldai bageshwori music,archive.org,"New Teej Song 2074,,Jhumka Lauli- Kamal BC Maldai & Sita Bohara,, Sabda,Laya- Kamal BC Maldai,,Bageshwori Music",0.0,1,"New Teej Song 2074,,Jhumka Lauli- Kamal BC Maldai & Sita Bohara,, Sabda,Laya- Kamal BC Maldai,,Bageshwori Music.mp3",teej song,3163,Pir Song,Samjhana Bhandari,66.7,55.2,weak
archive org|new teej song parti pyalens ma dans by sangita basyal vocal sangita basyal music liris kumar bibaht marcket by tirshan music pvt ltd,archive.org,"new teej song 2073,parti pyalens ma dans by sangita basyal ,vocal sangita basyal ,music liris ,kumar bibaht ,marcket by tirshan music pvt ltdwww.Devchuli.Net",0.0,1,"new teej song 2073,parti pyalens ma dans by sangita basyal ,vocal sangita basyal ,music liris ,kumar bibaht ,marcket by.mp3",teej song,3773,Ma,The Shadows 'Nepal',100.0,55.2,weak
archive org|new_hit_teej_song_2014_subakamana_ _laxu_malla,archive.org,new_hit_teej_song_2014_subakamana_-_laxu_malla www.lovenepal.net,0.0,1,new_hit_teej_song_2014_subakamana_-_laxu_malla www.lovenepal.net.ogg,teej song,,,,40.0,55.2,none
archive org|parivesh salaijo,archive.org,Parivesh - Salaijo,0.0,1,Parivesh - Salaijo.mp3,Salaijo,890,DARSHAN SALAM,CHHAKKA PANJA 4 Movie Song,62.1,55.2,none
archive org|raato_dori_batamla_teej_song_,archive.org,raato_dori_batamla_teej_song_www.Devchuli6.com,0.0,1,raato_dori_batamla_teej_song_www.Devchuli6.com.mp3,teej song,,,,49.1,55.2,none
archive org|ramchandra chand ko salaijo geet aaiyo rodhi,archive.org,RAMCHANDRA CHAND KO SALAIJO GEET AAIYO RODHI  www.Devchuli.Net,0.0,1,RAMCHANDRA CHAND KO SALAIJO GEET AAIYO RODHI www.Devchuli.Net.ogg,Salaijo,2449,Hit Geet,Nischal Basnet,66.7,55.2,weak
archive org|ramchandra chand ko salaijo geet aaiyo rodhi v_ramchandra chand jamuna rana l m_hum gaire bishal films pvt ltd,archive.org,RAMCHANDRA CHAND KO SALAIJO GEET AAIYO RODHI V_RAMCHANDRA CHAND & JAMUNA RANA L.M_HUM GAIRE BISHAL FILMS PVT LTD www.Devchuli.Net,0.0,2,RAMCHANDRA CHAND KO SALAIJO GEET AAIYO RODHI V_RAMCHANDRA CHAND & JAMUNA RANA L.M_HUM GAIRE BISHAL FILMS PVT LTD www.Dev.mp3|RAMCHANDRA CHAND KO SALAIJO GEET AAIYO RODHI V_RAMCHANDRA CHAND & JAMUNA RANA L.M_HUM GAIRE BISHAL FILMS PVT LTD.mp3,Salaijo,2449,Hit Geet,Nischal Basnet,66.7,55.2,weak
archive org|rapti nadi salaijo v sanjye dimpal sabina pun magar laya sabda sanjaye dimpal t time music,archive.org,"RAPTI NADI SALAIJO V=SANJYE DIMPAL ,SABINA PUN MAGAR LAYA SABDA=SANJAYE DIMPAL T TIME MUSIC www.freenepalisong.com",0.0,2,"RAPTI NADI SALAIJO V=SANJYE DIMPAL ,SABINA PUN MAGAR LAYA SABDA=SANJAYE DIMPAL T TIME MUSIC www.freenepalisong.com.mp3|RAPTI NADI SALAIJO V=SANJYE DIMPAL ,SABINA PUN MAGAR LAYA SABDA=SANJAYE DIMPAL T TIME MUSIC.ogg",Salaijo,,,,53.3,55.2,none
archive org|rato rato khursani piro chha by durgesh thapa hot danceing song mp3,archive.org,Rato Rato Khursani Piro Chha By Durgesh Thapa Hot Danceing Song 2073 MP3 Download,0.0,2,Rato Rato Khursani Piro Chha By Durgesh Thapa Hot Danceing Song 2073 MP3 Download (2).ogg|Rato Rato Khursani Piro Chha By Durgesh Thapa Hot Danceing Song 2073 MP3 Download www.freenepalisong.com (2).mp3,Durgesh Thapa,3163,Pir Song,Samjhana Bhandari,66.7,55.2,weak
archive org|salaijo muglani vocal nabin rana juna shris,archive.org,"SALAIJO MUGLANI, vocal-nabin rana, juna shris www.freeenepalisong.com",0.0,3,"SALAIJO MUGLANI, vocal-nabin rana, juna shris www.freeenepalisong.com.mp3|SALAIJO MUGLANI, vocal-nabin rana, juna shris www.Lovenepal.net.mp3|SALAIJO MUGLANI, vocal-nabin rana, juna shris.ogg",Salaijo,,,,57.1,55.2,none
archive org|salaijo v roshan chhantyal maya magar ly prabesh chhantyal tara mu pravin chhantyal,archive.org,Salaijo v-Roshan Chhantyal & Maya Magar ly-Prabesh Chhantyal Tara mu-Pravin Chhantyal,0.0,1,Salaijo v-Roshan Chhantyal & Maya Magar ly-Prabesh Chhantyal Tara mu-Pravin Chhantyal.mp3,Salaijo,526,Maya,Ashutosh KC,100.0,55.2,weak
archive org|salaijo v roshan chhantyal maya magar ly prabesh chhantyal tara mu pravin chhantyal prbt 70146009 smart 10115543,archive.org,Salaijo v-Roshan Chhantyal & Maya Magar ly-Prabesh Chhantyal Tara mu-Pravin Chhantyal prbt 70146009 smart 10115543-www.Devchulimp3.com,0.0,2,Salaijo v-Roshan Chhantyal & Maya Magar ly-Prabesh Chhantyal Tara mu-Pravin Chhantyal prbt 70146009 smart 10115543-www.D.mp3|Salaijo v-Roshan Chhantyal & Maya Magar ly-Prabesh Chhantyal Tara mu-Pravin Chhantyal prbt 70146009 smart 10115543.ogg,Salaijo,526,Maya,Ashutosh KC,100.0,55.2,weak
archive org|tanka timilsina ko new teej song juneli raataiko chhayale,archive.org,Tanka Timilsina ko new teej song juneli raataiko chhayale www.Lovenepal.net,0.0,1,Tanka Timilsina ko new teej song juneli raataiko chhayale www.Lovenepal.net.ogg,teej song,3163,Pir Song,Samjhana Bhandari,66.7,55.2,weak
archive org|tanka timilsina ko new teej song juneli raataiko chhayale v tanka timilsina rajani lama laya sabda tanka timilsina2073,archive.org,"Tanka Timilsina ko new teej song juneli raataiko chhayale v-tanka timilsina,rajani lama,laya-sabda-tanka timilsina2073 www.Lovenepal.net",0.0,1,"Tanka Timilsina ko new teej song juneli raataiko chhayale v-tanka timilsina,rajani lama,laya-sabda-tanka timilsina2073 w.mp3",teej song,3163,Pir Song,Samjhana Bhandari,66.7,55.2,weak
archive org|teej song,archive.org,Teej Song,0.0,1,Teej Song.mp3,teej song,901,Love Song,Chhewang Lama,66.7,55.2,weak
archive org|teej song barilai nachchhu chhamma vocal sirju,archive.org,Teej Song Barilai Nachchhu Chhamma - Vocal- Sirju www.freenepalisong.com,0.0,1,Teej Song Barilai Nachchhu Chhamma - Vocal- Sirju www.freenepalisong.com.mp3,teej song,3163,Pir Song,Samjhana Bhandari,66.7,55.2,weak
archive org|tensan hataideu new teej song,archive.org,tensan hataideu New Teej song 2072 www.babaalmasti.com,0.0,1,tensan hataideu New Teej song 2072 www.babaalmasti.com.mp3,teej song,3163,Pir Song,Samjhana Bhandari,66.7,55.2,weak
archive org|yama buddha utsav kandel,archive.org,yama buddha~utsav kandel,0.0,1,yama buddha~utsav kandel.mp3,Yama Buddha,4079,Saathi साथी Yama Buddha,Yama Buddha,64.7,55.2,none
arko mukhaerjee|resham firiri,Arko Mukhaerjee,Resham Firiri | Arko Mukhaerjee and Hari Maharjan Ensemble | Rooftop Live,237.0,1,Resham Firiri ｜ Arko Mukhaerjee and Hari Maharjan Ensemble ｜ Rooftop Live.m4a,Resham Firiri,1650,Resham Firiri,Kali Prasad Baskota,100.0,57.1,weak
arslan ali baloch|sade thi gaye sajjan juda,Arslan Ali Baloch,Sade Thi Gaye Sajjan Juda,401.0,1,Arslan Ali Baloch - Sade Thi Gaye Sajjan Juda.mp3,Sajjan,990,Sabai Sathi Gaye,Dambar Nepali,63.4,54.5,none
arti saini|holi khel rahe shiv shankar mata parvati ke sang,Arti Saini,Holi Khel Rahe Shiv Shankar Mata Parvati Ke Sang,281.0,1,Arti Saini - Holi Khel Rahe Shiv Shankar Mata Parvati Ke Sang.mp3,Shiv Shankar,1543,Shankar Bhole,Ishwor Krishna Bhurtel,70.0,73.7,weak
artmandu|chainejo jindaganima,ARTMANDU,Chainejo Jindaganima | Movie Song [ऊनको स्वीटर] Sujan Chapagain | Salina B.K | Alex & Parikshya,262.0,1,Chainejo Jindaganima ｜ Movie Song [ऊनको स्वीटर] Sujan Chapagain ｜ Salina B.K ｜ Alex & Parikshya.m4a,Sailo Ma Charghare,1759,Chinako Gadima,"Khem Century, Shanti Shree Pariyar",64.7,100.0,weak
arun sharma|shiv shankar bhole bhale,Arun Sharma,Shiv Shankar Bhole Bhale,294.0,1,Arun Sharma - Shiv Shankar Bhole Bhale.mp3,Shiv Shankar,1543,Shankar Bhole,Ishwor Krishna Bhurtel,100.0,78.3,probable
aruna lama amber gurung raje|pohor saal,"Aruna Lama, Amber Gurung, Raje",Pohor Saal,210.0,1,"Aruna Lama, Amber Gurung, Raje - Pohor Saal.mp3",Aruna Lama,493,Pohor Saal,Aruna Lama,100.0,100.0,strong
aruna lama feat meera rana|hamra saheb ko,Aruna Lama feat. Meera Rana,Hamra Saheb Ko,383.0,1,Aruna Lama feat. Meera Rana - Hamra Saheb Ko.mp3,Aruna Lama,1721,Hamro Prem Ko Katha,Karna Das,66.7,100.0,weak
aruna lama kumar subba|joban ma jogiyera,"Aruna Lama, Kumar Subba",Joban Ma Jogiyera,179.0,1,"Aruna Lama, Kumar Subba - Joban Ma Jogiyera.mp3",Aruna Lama,3773,Ma,The Shadows 'Nepal',100.0,100.0,strong
aruna lama music ganesh rat|eklai basda,Aruna Lama: music - Ganesh Rat,Eklai Basda,276.0,1,Aruna Lama_ music - Ganesh Rat - Eklai Basda.mp3,Aruna Lama,473,Eklai Basda,Aruna Lama,100.0,100.0,strong
aruna lama narayan gopal|timi yeka phool,"Aruna Lama, Narayan Gopal",Timi Yeka Phool,208.0,1,"Aruna Lama, Narayan Gopal - Timi Yeka Phool.mp3",Narayan Gopal,752,Timi,Binit Shrestha,100.0,100.0,strong
aruna lama rudra mani|ye kanchha malai sunko,"Aruna Lama, Rudra Mani",Ye Kanchha Malai Sunko,166.0,1,"Aruna Lama, Rudra Mani - Ye Kanchha Malai Sunko.mp3",Aruna Lama,35,Baru Malai,1974 AD,66.7,100.0,weak
aruna lama|arule haneko,Aruna Lama,Arule Haneko,275.0,1,Aruna Lama - Arule Haneko.mp3,Aruna Lama,465,Arule Haneko,Aruna Lama,100.0,100.0,strong
aruna lama|birahale royeko,Aruna Lama,Birahale Royeko,279.0,1,Aruna Lama - Birahale Royeko.mp3,Aruna Lama,468,Birahale Royeko,Aruna Lama,100.0,100.0,strong
aruna lama|dherai chot,Aruna Lama,Dherai Chot,270.0,1,Aruna Lama - Dherai Chot.mp3,Aruna Lama,2061,Dherai Dherai,Mingma Sherpa,100.0,100.0,strong
aruna lama|eaklai basda,Aruna Lama,Eaklai Basda,277.0,1,Aruna Lama - Eaklai Basda.mp3,Aruna Lama,473,Eklai Basda,Aruna Lama,95.7,100.0,strong
aruna lama|kahile kahi,Aruna Lama,Kahile Kahi,256.0,1,Aruna Lama - Kahile Kahi.mp3,Aruna Lama,770,Kahile Kahi,Bipul Chettri,100.0,100.0,strong
aruna lama|yati dherai,Aruna Lama,Yati Dherai,231.0,1,Aruna Lama - Yati Dherai.mp3,Aruna Lama,2061,Dherai Dherai,Mingma Sherpa,100.0,100.0,strong
aruna lama|yetidherai,Aruna Lama,Yetidherai,237.0,1,Aruna Lama - Yetidherai.mp3,Aruna Lama,506,Yetidherai,Aruna Lama,100.0,100.0,strong
aruna lama|yi otha timro,Aruna Lama,Yi Otha Timro,279.0,1,Aruna Lama - Yi Otha Timro.mp3,Aruna Lama,3614,Ma Timro,Swoopna Suman,76.9,100.0,weak
aruna rai|phool ko thunga nepali dhun bansuri flute stephanie bosch,Aruna Rai,Phool Ko Thunga - Nepali Dhun Bansuri Flute Stephanie Bosch,0.0,1,Phool Ko Thunga - Nepali Dhun Bansuri Flute Stephanie Bosch.mp3,Phool Ko Mala,207,Nepali,Albatross,100.0,77.8,probable
ashraf ali|sajjan dubai tour gaye,Ashraf Ali,Sajjan Dubai Tour Gaye,369.0,1,Ashraf Ali - Sajjan Dubai Tour Gaye.mp3,Sajjan,990,Sabai Sathi Gaye,Dambar Nepali,63.2,63.6,none
ashutosh kc|behaal,Ashutosh KC,Behaal,329.0,1,Ashutosh KC - Behaal.mp3,Ashutosh KC,548,Bhana,Astha Tamang-Maskey,72.7,100.0,weak
ashutosh kc|nepali,Ashutosh KC,Nepali,268.0,1,Ashutosh KC - Nepali.mp3,nepali,207,Nepali,Albatross,100.0,100.0,strong
asim inayat|sajjan younan tur gaye,Asim Inayat,Sajjan Younan Tur Gaye,387.0,1,Asim Inayat - Sajjan Younan Tur Gaye.mp3,Sajjan,,,,58.5,60.9,none
asim|yama buddha saathi instrumental flute type beat,ASiM 💫,Yama buddha - Saathi instrumental flute type beat,0.0,1,Yama buddha - Saathi instrumental flute type beat.m4a,Yama Buddha,1184,Saathi,Durgesh Thapa,100.0,61.5,weak
asmita ghimire|chirag khadka 5 55 budi moombatahon dj asha mix,Asmita Ghimire,Chirag Khadka 5:55 -Budi Moombatahon (Dj Asha Mix),0.0,1,Chirag Khadka 5_55 -Budi Moombatahon (Dj Asha Mix).m4a,Chirag Khadka,921,Budi,Chirag Khadka,100.0,78.6,probable
asmita ghimire|lalala blues vten sacar dj asha mix,Asmita Ghimire,"Lalala- Blues, Vten& Sacar (DJ Asha Mix)",0.0,1,"Lalala- Blues, Vten& Sacar (DJ Asha Mix).m4a",Sacar,3166,Asha,Samriddhi Rai,100.0,78.6,probable
asmita ghimire|vten hami yestai ta honi bro dj asmee mix,Asmita Ghimire,Vten- Hami Yestai Ta Honi Bro(Dj Asmee Mix),0.0,1,Vten- Hami Yestai Ta Honi Bro(Dj Asmee Mix).m4a,VTEN,2569,Hami,Prajina,100.0,78.6,probable
astha raut|chaubandi ma patuki,Astha Raut,Chaubandi Ma Patuki,316.0,1,Astha Raut - Chaubandi Ma Patuki.mp3,Astha Raut,115,Chaubandi,Aastha Raut,100.0,100.0,strong
astha raut|chokho chha maya,Astha Raut,Chokho Chha Maya,265.0,1,Astha Raut - Chokho Chha Maya.mp3,Astha Raut,526,Maya,Ashutosh KC,100.0,100.0,strong
astha raut|dashain aayo tihar aayo,Astha Raut,Dashain Aayo Tihar Aayo,310.0,1,Astha Raut - Dashain Aayo Tihar Aayo.mp3,Astha Raut,892,Dashain Tihar,Chhewang Lama,100.0,100.0,strong
astha raut|jhaljhal garne company mala,Astha Raut,Jhaljhal Garne Company Mala,268.0,1,Astha Raut - Jhaljhal Garne Company Mala.mp3,Astha Raut,865,China Company,BroSis Band,70.0,100.0,weak
astha raut|ko chha yaha,Astha Raut,Ko Chha Yaha,293.0,1,Astha Raut - Ko Chha Yaha.mp3,Astha Raut,117,Ko Chha Yaha Ghati Badi (को छ यहाँ घटिबढी ?),Aastha Raut,100.0,100.0,strong
attaullah khan esakhelvi|meda dhol sajjan,Attaullah Khan Esakhelvi,Meda Dhol Sajjan,398.0,1,Attaullah Khan Esakhelvi - Meda Dhol Sajjan.mp3,Sajjan,,,,59.5,53.7,none
attaullah khan|sajjan maraindin hin thi mout day naa wainday,Attaullah Khan,Sajjan Maraindin Hin Thi Mout Day Naa Wainday,379.0,1,Attaullah Khan - Sajjan Maraindin Hin Thi Mout Day Naa Wainday.mp3,Sajjan,,,,57.9,64.3,none
avi kharga|aaudai xu ma yama buddha,avi kharga,Aaudai xu ma (yama Buddha),0.0,1,Aaudai xu ma (yama Buddha).mp3,Yama Buddha,3773,Ma,The Shadows 'Nepal',100.0,63.6,weak
awhu akbar|payung teduh cerita tentang gunung dan laut,awhu akbar,"""cover payung teduh - cerita tentang gunung dan laut""",0.0,1,＂cover payung teduh - cerita tentang gunung dan laut＂.mp3,Ambar Gurung,,,,47.1,60.9,none
ayg|ayg chalpaley,AYG,AYG - CHALPALEY (Music Video) [Prod. @NISWONMUSIC ],137.0,1,AYG - CHALPALEY (Music Video) [Prod. @NISWONMUSIC ].m4a,Fulbari rapper,,,,57.1,44.4,none
ayocrime|lil buddha return of jah,AyoCrime,Lil Buddha - Return Of Jah,0.0,1,Lil Buddha - Return Of Jah.m4a,Lil Buddha,3051,Lil Buddha Interlude,SACAR aka Lil Buddha,66.7,47.6,weak
ayush shakya|usha ko lali sangai by strangers band,Ayush Shakya,Usha ko lali sangai by Strangers Band,265.0,1,Usha ko lali sangai by Strangers Band.m4a,Jhalko Lali Othako,3230,Sangai,Sareen Deoja,100.0,76.9,probable
b8eight|andho bahiro ani lato mero sahar thujey b 8eight,b8eight,Andho Bahiro Ani Lato Mero Sahar - Thujey (B-8EIGHT),243.0,1,Andho Bahiro Ani Lato Mero Sahar - Thujey (B-8EIGHT).m4a,channel:b8eight,2574,Yo Sahar,Prajina,76.9,80.0,weak
b8eight|b 8eight oh na na,b8eight,B-8EIGHT - Oh Na Na [Official Music Video],400.0,1,B-8EIGHT - Oh Na Na [Official Music Video].m4a,channel:b8eight,1315,B-8eight - Aakhako Bato,Genius Romanizations,72.7,80.0,weak
b8eight|creators x amit dangol beight saptaranga,b8eight,CREATORS x AMIT DANGOL (BEIGHT) - Saptaranga,223.0,1,CREATORS x AMIT DANGOL (BEIGHT) - Saptaranga.m4a,channel:b8eight,,,,50.0,80.0,none
b8eight|jivan sathi b 8eight,b8eight,Jivan Sathi - B-8EIGHT (Prod. by @WIPSTUDIOSS ),231.0,1,Jivan Sathi - B-8EIGHT (Prod. by @WIPSTUDIOSS ).m4a,channel:b8eight,3562,Sathi,SUshant KC,100.0,80.0,probable
b8eight|nasty girl b 8 ft gxsoul,b8eight,Nasty Girl - B-8 ft GXSOUL,247.0,1,Nasty Girl - B-8 ft GXSOUL.m4a,channel:b8eight,,,,53.1,80.0,none
b8eight|raju sunuwar saath nachoda ft ice b 8eight,b8eight,Raju Sunuwar - Saath Nachoda ft. Ice (B-8EIGHT) | OFFICIAL H/D VIDEO,224.0,1,Raju Sunuwar - Saath Nachoda ft. Ice (B-8EIGHT) ｜ OFFICIAL H⧸D VIDEO.m4a,channel:b8eight,1316,B-8eight - Alikati,Genius Romanizations,66.7,80.0,weak
b8eight|yaad sarad singh ft amit dangol b 8eight and shraddha tamang,b8eight,Yaad - Sarad Singh ft Amit Dangol (B-8EIGHT) And Shraddha Tamang,286.0,1,Yaad - Sarad Singh ft Amit Dangol (B-8EIGHT) And Shraddha Tamang.m4a,channel:b8eight,1316,B-8eight - Alikati,Genius Romanizations,66.7,80.0,weak
baabu believer|churot चुरोट,Baabu Believer,Churot (चुरोट) | Baa-Bu Official  |  Social Awareness Nepali Rap Song,0.0,1,Churot (चुरोट) ｜ Baa-Bu Official  ｜  Social Awareness Nepali Rap Song.m4a,Aidray Nepali rap,3974,Churot,VTEN,100.0,64.3,weak
baba pakhrin feat anju panta|harpal,Baba Pakhrin feat. Anju Panta,Harpal,243.0,1,Baba Pakhrin feat. Anju Panta - Harpal.mp3,Anju Panta,110,Harpal,Aastha Band,100.0,100.0,strong
babbu maan|sajjan rumaal de gaya,Babbu Maan,Sajjan Rumaal De Gaya,315.0,1,Babbu Maan - Sajjan Rumaal De Gaya.mp3,Sajjan,2653,Jale Rumal Samjhana,Prashant Poudel and Sunita Thegim,65.0,63.6,weak
babbu mann|sajjan rumal de gia,Babbu Mann,Sajjan rumal de gia,316.0,1,Babbu Mann - Sajjan rumal de gia.mp3,Sajjan,2653,Jale Rumal Samjhana,Prashant Poudel and Sunita Thegim,68.4,57.1,weak
babita mishra sanjeev singh|hilake kamariya,"Babita Mishra, Sanjeev Singh",Hilake Kamariya,293.0,1,"Babita Mishra, Sanjeev Singh - Hilake Kamariya.mp3",Sanjeev Singh,3878,Maya K Hola,Udit Narayan,69.2,100.0,weak
badman sagar|happy tihar happy tihar chiso beer durgesh thapa tihar song,BadMan Sagar,Happy Tihar Happy Tihar Chiso Beer. Durgesh Thapa Tihar Song 2019,0.0,1,Happy Tihar Happy Tihar Chiso Beer. Durgesh Thapa Tihar Song 2019.m4a,Durgesh Thapa,566,Tihar Song,Axata,100.0,72.7,weak
baje sp vlog|fulbari guys,Baje sp vlog,fulbari guys,156.0,1,fulbari guys.m4a,Fulbari rapper,2217,Mero Ankha lai Rakhne fulbari chaina,Narayan Gopal,73.7,50.0,weak
baland rai bimala rai|sahash jutai,"Baland Rai, Bimala Rai",Sahash Jutai,265.0,1,"Baland Rai, Bimala Rai - Sahash Jutai.mp3",Bimala Rai,170,Shishir Jhai,Adrian Pradhan,66.7,74.1,weak
bambooway|01 first_step,BAmbooWay,01.First_step,361.0,1,BAmbooWay - 01.First_step.mp3,BAmbooWay,,,,52.2,50.0,none
bambooway|bansurid_ki,BAmbooWay,BansuriD_KI,191.0,1,BAmbooWay - BansuriD_KI.mp3,BAmbooWay,1078,Bandhaki,Deepika Bayambu Magar,63.2,50.0,none
bambooway|baspentas,BAmbooWay,BasPentas,223.0,1,BAmbooWay - BasPentas.mp3,BAmbooWay,1626,Basanta,JPT Rockerz,75.0,50.0,weak
bambooway|mubobi,BAmbooWay,Mubobi,320.0,1,BAmbooWay - Mubobi.mp3,BAmbooWay,3317,Moti,Shuprim Gelang Magar,60.0,50.0,none
bambooway|nepali flute,BAmbooWay,"""Nepali"" flute",235.0,1,BAmbooWay - _Nepali_ flute.mp3,nepali flute,207,Nepali,Albatross,100.0,50.0,weak
bambooway|pentaodin,BAmbooWay,PentaOdin,153.0,1,BAmbooWay - PentaOdin.mp3,BAmbooWay,,,,57.1,50.0,none
bambooway|ragashuba,BambooWay,Ragashuba,239.0,1,BambooWay - Ragashuba.mp3,BAmbooWay,3532,Aasha,Sushant KC,71.4,50.0,weak
band of life|nepali peace prayer,Band of Life,Nepali Peace Prayer,105.0,1,Band of Life - Nepali Peace Prayer.mp3,nepali,207,Nepali,Albatross,100.0,63.6,weak
bansata sapkota melina rai|chhineko kammar,"Bansata Sapkota, Melina Rai",Chhineko Kammar,241.0,1,"Bansata Sapkota, Melina Rai - Chhineko Kammar.mp3",Melina Rai,1759,Chinako Gadima,"Khem Century, Shanti Shree Pariyar",69.0,100.0,weak
banya official|resham firiri,Banya official,Resham firiri (LYRICS)|| MICHI KOBIN|| AR 01|| (NEPALI FOLK) SONG||,234.0,1,Resham firiri (LYRICS)｜｜ MICHI KOBIN｜｜ AR 01｜｜ (NEPALI FOLK) SONG｜｜.m4a,Resham Firiri,1650,Resham Firiri,Kali Prasad Baskota,100.0,100.0,strong
basanta sunari|mp3 000 mudda haldinchhu yo yo durgesh thapa,Basanta Sunari,Mp3 - 000 - Mudda Haldinchhu Yo Yo Durgesh Thapa,0.0,1,Mp3 - 000 - Mudda Haldinchhu Yo Yo Durgesh Thapa.mp3,Durgesh Thapa,,,,50.0,100.0,weak
basanta thapa melina rai feat sunil chhetri alisha sharma|udayo pat hurile,"Basanta Thapa, melina rai feat. sunil chhetri, alisha sharma",Udayo Pat Hurile,374.0,1,"Basanta Thapa, melina rai feat. sunil chhetri, alisha sharma - Udayo Pat Hurile.mp3",Melina Rai,307,Malai Basurile Ruwayo,Anju Panta,64.9,100.0,weak
basanti rai anjana rai sashi chadra rai rajesh payal rai|sunkati tola,"Basanti Rai, Anjana Rai, Sashi Chadra Rai, Rajesh Payal Rai",Sunkati Tola,296.0,1,"Basanti Rai, Anjana Rai, Sashi Chadra Rai, Rajesh Payal Rai - Sunkati Tola (2).mp3",Rajesh Payal Rai,1995,Sunita,Mc Flo,66.7,100.0,weak
bashir mehkani|tuhnja garha sajjan galhra,Bashir Mehkani,Tuhnja Garha Sajjan Galhra,345.0,1,Bashir Mehkani - Tuhnja Garha Sajjan Galhra.mp3,Sajjan,,,,58.8,58.3,none
basit naeemi|sajjan pyarian de raha bhol gaye ni,Basit Naeemi,Sajjan Pyarian De Raha Bhol Gaye Ni,315.0,1,Basit Naeemi - Sajjan Pyarian De Raha Bhol Gaye Ni.mp3,Sajjan,,,,58.2,69.6,none
bbthapa|phool ko thunga tara devi,BBTHAPA,Phool Ko Thunga Tara Devi,0.0,1,Phool Ko Thunga Tara Devi.m4a,Phool Ko Mala,3465,Phool,Sujan Chapagain,100.0,66.7,weak
beat shamnit feat udhari babu simran shrivastava ankit shady sanjeev singh|pradhan ji ke nachaniya,"Beat Shamnit feat. Udhari Babu, Simran Shrivastava, Ankit Shady, Sanjeev Singh",Pradhan Ji Ke Nachaniya,285.0,1,"Beat Shamnit feat. Udhari Babu, Simran Shrivastava, Ankit Shady, Sanjeev Singh - Pradhan Ji Ke Nachaniya.mp3",Sanjeev Singh,,,,59.5,100.0,weak
bella_lee|mittra da swag,☬ bella_lee ☬,MITTRA DA SWAG | PR Ked | Dee Bob | Dr.G | Keshav RapRox | #Onbeat Squad | OFFICIAL VIDEO  | 2K16,0.0,1,MITTRA DA SWAG ｜ PR Ked ｜ Dee Bob ｜ Dr.G ｜ Keshav RapRox ｜ #Onbeat Squad ｜ OFFICIAL VIDEO  ｜ 2K16.mp3,G-BOB Nepali rap,748,A Meri Suwa,Bindu Pariyar,64.0,57.1,none
bhaktaraj acharya|sunaulo gham,Bhaktaraj Acharya,Sunaulo Gham,280.0,1,Bhaktaraj Acharya - Sunaulo Gham.mp3,Bhaktaraj Acharya,3325,Naulo Bihani,Simma Rai,66.7,97.1,weak
bhakti bhaw|हर साल तीज में बजने वाला गाना,Bhakti Bhaw,हर साल तीज में बजने वाला गाना | बनल रहे सेनूरा हमार भोला | Teej geet | 2025,233.0,1,हर साल तीज में बजने वाला गाना ｜ बनल रहे सेनूरा हमार भोला ｜ Teej geet ｜ 2025.m4a,teej song,,,,37.7,59.3,none
bharat nepali party|basanta spring season,Bharat Nepali Party,Basanta (Spring Season),363.0,1,Bharat Nepali Party - Basanta (Spring Season).mp3,nepali,1626,Basanta,JPT Rockerz,100.0,63.2,weak
bharat nepali party|rajamati kumati,Bharat Nepali Party,Rajamati Kumati,408.0,1,Bharat Nepali Party - Rajamati Kumati.mp3,nepali,1512,Mai Raja Timi Rani,Himal Sagar and Annu Chaudhari,66.7,63.2,weak
bharat nepali|holiya mela,Bharat Nepali,Holiya Mela,207.0,1,Bharat Nepali - Holiya Mela.mp3,Bharat Nepali,3845,Hola Nahola,Tunna Bell Thapa,63.6,76.9,none
bharat nepali|sarangi sarangi,Bharat Nepali,sarangi sarangi,235.0,1,Bharat Nepali - sarangi sarangi.mp3,nepali sarangi,3558,Sarangi,SUshant KC,100.0,76.9,probable
bharat nepali|tamang selo,Bharat Nepali,Tamang selo,263.0,1,Bharat Nepali - Tamang selo.mp3,nepali tamang selo,137,Abiral Bhujel & Sanjeev Tamang - Mana Ka Kura (Maya) [Romanized],Abiral Bhujel and SNJV .,70.6,76.9,weak
bhawani singh rajput|shiv shankar ji hanuman huye,Bhawani Singh Rajput,Shiv Shankar Ji Hanuman Huye,355.0,1,Bhawani Singh Rajput - Shiv Shankar Ji Hanuman Huye.mp3,Shiv Shankar,1543,Shankar Bhole,Ishwor Krishna Bhurtel,70.0,66.7,weak
bhogindra nepali|bavale lgave ge chhauri,Bhogindra Nepali,Bavale Lgave Ge Chhauri,180.0,1,Bhogindra Nepali - Bavale Lgave Ge Chhauri.mp3,nepali,,,,59.1,63.2,none
bhogindra nepali|piy baba bankes gaja,Bhogindra Nepali,Piy Baba Bankes Gaja,227.0,1,Bhogindra Nepali - Piy Baba Bankes Gaja.mp3,nepali,2372,Ho Ho Baba Ho Ho,Nepathya,72.7,63.2,weak
bhola rijal kunti moktan|bhet hola jaba,"Bhola Rijal, Kunti Moktan",Bhet Hola Jaba,344.0,1,"Bhola Rijal, Kunti Moktan - Bhet Hola Jaba.mp3",Kunti Moktan,1823,Bhet Hola Jaba,Kunti Moktan,100.0,100.0,strong
bhola rijal kunti moktan|hasi deu banpakha,"Bhola Rijal, Kunti Moktan",Hasi Deu Banpakha,264.0,1,"Bhola Rijal, Kunti Moktan - Hasi Deu Banpakha.mp3",Kunti Moktan,65,Pathai Deu,1974 AD,66.7,100.0,weak
bhola rijal kunti moktan|jati marimete pani,"Bhola Rijal, Kunti Moktan",Jati Marimete Pani,247.0,1,"Bhola Rijal, Kunti Moktan - Jati Marimete Pani.mp3",Kunti Moktan,2156,Pani Pani,Nalina Chitrakar,100.0,100.0,strong
bhola rijal kunti moktan|ma hu nepali,"Bhola Rijal, Kunti Moktan",Ma Hu Nepali,317.0,1,"Bhola Rijal, Kunti Moktan - Ma Hu Nepali.mp3",Kunti Moktan,207,Nepali,Albatross,100.0,100.0,strong
bhola rijal kunti moktan|nari purush,"Bhola Rijal, Kunti Moktan",Nari Purush,347.0,1,"Bhola Rijal, Kunti Moktan - Nari Purush.mp3",Kunti Moktan,,,,57.1,100.0,weak
bhugol dahal|purba ko tambe danda,Bhugol Dahal,Purba Ko Tambe Danda,0.0,1,Purba Ko Tambe Danda.mp3,Danda Ko Gumba,4062,Antya Ko Suruwat,Yama Buddha,61.1,62.5,none
bhupendra pandey|yo jindagi ko ke kura amber gurung 1,Bhupendra Pandey,Yo Jindagi Ko Ke Kura - Amber Gurung - 1,0.0,1,Yo Jindagi Ko Ke Kura - Amber Gurung - 1.mp3,Ambar Gurung,85,Yo Jindagi,1974ad,100.0,78.6,probable
bhupindershoker|supreme shubh new song,bhupindershoker,Supreme - SHUBH New Song,0.0,1,Supreme - SHUBH New Song.m4a,new teej song,3163,Pir Song,Samjhana Bhandari,66.7,73.3,weak
bhuri singh kushwah|sajjan tohy karke phone bulaye lungi,Bhuri Singh Kushwah,Sajjan Tohy Karke Phone Bulaye Lungi,372.0,1,Bhuri Singh Kushwah - Sajjan Tohy Karke Phone Bulaye Lungi.mp3,Sajjan,3555,Phone Ko No. ?,SUshant KC,62.5,66.7,none
bhutanesetalents|nepali rap girish aka gorkhali g and aid ray da drug song,BhutaneseTalents,Nepali Rap - Girish aka Gorkhali G and Aid Ray - Da Drug Song,217.0,1,Nepali Rap - Girish aka Gorkhali G and Aid Ray - Da Drug Song.m4a,Aidray Nepali rap,207,Nepali,Albatross,100.0,55.2,weak
bijay illusion lama|ama coverr yama buddha,Bijay Illusion Lama,Ama Coverr  (Yama Buddha),0.0,1,Ama Coverr  (Yama Buddha).m4a,Yama Buddha,4073,Ma hoon Yatri Yama Buddha,Yama Buddha,68.1,61.5,weak
bijaya church tv|फुलको माला,Bijaya Church TV,फुलको माला | Fulako Mala | Nepali Christian Welcome Song with Lyrics,219.0,1,फुलको माला ｜ Fulako Mala ｜ Nepali Christian Welcome Song with Lyrics.m4a,Phool Ko Mala,,,,40.0,66.7,none
bijen music|bijen music galkot,BIJEN MUSIC,BIJEN MUSIC - GALKOT | NEPALI RAP SONG | TUKI RECORDS,222.0,1,BIJEN MUSIC - GALKOT ｜ NEPALI RAP SONG ｜ TUKI RECORDS.m4a,Fulbari rapper,,,,55.6,71.4,none
bikash kharel|dashain aayo poetic confessional ft yodda aidray,Bikash Kharel,Dashain Aayo - Poetic Confessional Ft. Yodda & Aidray ( Prod. The Khemist),195.0,1,Dashain Aayo - Poetic Confessional Ft. Yodda & Aidray ( Prod. The Khemist).m4a,Aidray Nepali rap,3396,Dashain Aayo,Sugam Pokharel,100.0,71.4,weak
bikendra karki nabal rai|ilameli kanchi,"Bikendra Karki, Nabal Rai",ilameli Kanchi,276.0,1,"Bikendra Karki, Nabal Rai - ilameli Kanchi.mp3",Bikendra Karki,1559,Kanchi,Jay Author,100.0,63.2,weak
bikendra karki|nepali gorkhali,Bikendra Karki,Nepali Gorkhali,208.0,1,Bikendra Karki - Nepali Gorkhali.mp3,nepali,207,Nepali,Albatross,100.0,72.0,weak
bimala rai ananda karki|rim jhim,"Bimala Rai, Ananda Karki",Rim Jhim,294.0,1,"Bimala Rai, Ananda Karki - Rim Jhim.mp3",Bimala Rai,1100,Rimi ra jhimi,Dharmendra Sewan,76.2,100.0,weak
bimala rai om bikram bista|timro muskan bhitra,"Bimala Rai, Om Bikram Bista",Timro Muskan Bhitra,318.0,1,"Bimala Rai, Om Bikram Bista - Timro Muskan Bhitra.mp3",Bimala Rai,258,Muskan,Ani Choying Dolma,100.0,100.0,strong
bimala rai sukmit gurung|maan kina,"Bimala Rai, Sukmit Gurung",Maan Kina,304.0,1,"Bimala Rai, Sukmit Gurung - Maan Kina.mp3",Bimala Rai,862,KINA,Brisk timos,100.0,100.0,strong
bimala rai|aaja pheri manko tar jhan jhanayo,Bimala Rai,Aaja Pheri Manko Tar Jhan Jhanayo,361.0,1,Bimala Rai - Aaja Pheri Manko Tar Jhan Jhanayo.mp3,Bimala Rai,144,Aaja,Adrian Pradhan,100.0,100.0,strong
bimala rai|hindoon bhanchu,Bimala Rai,Hindoon Bhanchu,309.0,1,Bimala Rai - Hindoon Bhanchu.mp3,Bimala Rai,3425,Bhanchu Ma,Sugam Pokhrel,82.4,100.0,probable
bimala rai|jivan rangilo banaunalai,Bimala Rai,Jivan Rangilo Banaunalai,311.0,1,Bimala Rai - Jivan Rangilo Banaunalai.mp3,Bimala Rai,2447,Gaule Jivan,Nirnaya Shrestha,62.5,100.0,weak
bimala rai|k bho ra,Bimala Rai,K Bho Ra,326.0,1,Bimala Rai - K Bho Ra.mp3,Bimala Rai,3634,Hasera K Bhayo,Sworup Raj Acharya,72.7,100.0,weak
bimala rai|malai launa man lagyo,Bimala Rai,Malai Launa Man Lagyo,270.0,1,Bimala Rai - Malai Launa Man Lagyo.mp3,Bimala Rai,451,Bhulu Bhulu Lagyo Malai,Arun Thapa,78.6,100.0,probable
bimala rai|mannko nischalta,Bimala Rai,Mannko Nischalta,308.0,1,Bimala Rai - Mannko Nischalta.mp3,Bimala Rai,3678,mann ko nischalta,tara devi,84.8,100.0,probable
bimala rai|mero hajur aauna,Bimala Rai,Mero Hajur Aauna,304.0,1,Bimala Rai - Mero Hajur Aauna.mp3,Bimala Rai,2386,Mero Hajur,Nepathya,100.0,100.0,strong
bimala rai|pahad tero jyan baru malai deu,Bimala Rai,Pahad Tero Jyan Baru Malai Deu,245.0,1,Bimala Rai - Pahad Tero Jyan Baru Malai Deu.mp3,Bimala Rai,35,Baru Malai,1974 AD,100.0,100.0,strong
bimala rai|samayle diyeka bethaharu,Bimala Rai,Samayle Diyeka Bethaharu,322.0,1,Bimala Rai - Samayle Diyeka Bethaharu.mp3,Bimala Rai,,,,57.8,100.0,weak
bimala rai|shuha kamana yo hirdayko mero,Bimala Rai,Shuha Kamana Yo Hirdayko Mero,340.0,1,Bimala Rai - Shuha Kamana Yo Hirdayko Mero.mp3,Bimala Rai,507,Yo Man Mero,Aruna Lama,77.8,100.0,weak
bindabasini music|aaye ma ta,Bindabasini Music,Aaye Ma Ta||आएँ म त खैंजडिको तालै सुनेर || कौडा Movie Song प्रतिबिम्ब PRATIBIMBA ||Bindabasini Music,347.0,1,Aaye Ma Ta｜｜आएँ म त खैंजडिको तालै सुनेर ｜｜ कौडा Movie Song प्रतिबिम्ब PRATIBIMBA ｜｜Bindabasini Music.m4a,Salaijo,1020,Ma Ta Dur Dekhi Aaye,Deep Shrestha,100.0,71.4,weak
binit karki|fulbari official,Binit Karki,FULBARI – Official Lyrics Video (Prod.jxsie beats),159.0,1,FULBARI – Official Lyrics Video (Prod.jxsie beats).m4a,Fulbari rapper,2774,Kutu Ma Kutu Official,Rajan Raj Shiwakoti,68.8,78.3,weak
binod khambu melina rai|timi mero jindagi,"Binod Khambu, Melina rai",Timi mero jindagi,295.0,1,"Binod Khambu, Melina rai - Timi mero jindagi.mp3",Melina Rai,752,Timi,Binit Shrestha,100.0,100.0,strong
binod khumbu astha raut|yo mero nata jodiyo,"Binod Khumbu, Astha Raut",Yo Mero Nata Jodiyo,272.0,1,"Binod Khumbu, Astha Raut - Yo Mero Nata Jodiyo.mp3",Astha Raut,507,Yo Man Mero,Aruna Lama,77.8,100.0,weak
binodkumar rai nepali group|jham jham pareli,Binodkumar Rai & Nepali Group,Jham Jham Pareli,149.0,1,Binodkumar Rai & Nepali Group - Jham Jham Pareli (2).mp3,nepali,1790,Jham Jham,Kta Haru,100.0,65.0,weak
binodkumar rai nepali group|naini tal,Binodkumar Rai & Nepali Group,Naini Tal,222.0,1,Binodkumar Rai & Nepali Group - Naini Tal.mp3,Binodkumar Rai & Nepali Group,243,Tal Ko Pani,Amrit Gurung,70.0,65.0,weak
bipul chettri|02 allarey jovan,Bipul Chettri,02 Allarey Jovan,305.0,1,Bipul Chettri - 02 Allarey Jovan.mp3,Bipul Chettri,756,Allare Jovan,Bipul Chettri,85.7,100.0,probable
bipul chettri|03 mann,Bipul Chettri,03 Mann,330.0,1,Bipul Chettri - 03 Mann.mp3,Bipul Chettri,772,Mann,Bipul Chettri,100.0,100.0,strong
bipul chettri|aasar,Bipul Chettri,Aasar,220.0,1,Bipul Chettri - Aasar.mp3,Bipul Chettri,754,Aasar - Bipul Chettri,Bipul Chettri,100.0,100.0,strong
bipul chettri|aashish,Bipul Chettri,Aashish,328.0,1,Bipul Chettri - Aashish.mp3,Bipul Chettri,755,Aashish,Bipul Chettri,100.0,100.0,strong
bipul chettri|basant,Bipul Chettri,Basant,246.0,1,Bipul Chettri - Basant.mp3,Bipul Chettri,1626,Basanta,JPT Rockerz,92.3,100.0,strong
bipul chettri|bhaans ghari,Bipul Chettri,Bhaans Ghari,208.0,1,Bipul Chettri - Bhaans Ghari.mp3,Bipul Chettri,758,Bhaans Ghari,Bipul Chettri,100.0,100.0,strong
bipul chettri|deorali darah,Bipul Chettri,Deorali Darah,202.0,1,Bipul Chettri - Deorali Darah.mp3,Bipul Chettri,764,Deorali Darah,Bipul Chettri,100.0,100.0,strong
bipul chettri|gahiro gahiro,Bipul Chettri,Gahiro Gahiro,238.0,1,Bipul Chettri - Gahiro Gahiro.mp3,Bipul Chettri,766,Gahiro Gahiro,Bipul Chettri,100.0,100.0,strong
bipul chettri|junkeri,Bipul Chettri,Junkeri,244.0,1,Bipul Chettri - Junkeri.mp3,Bipul Chettri,768,Junkeri,Bipul Chettri,100.0,100.0,strong
bipul chettri|katai uslai,Bipul Chettri,Katai Uslai,287.0,1,Bipul Chettri - Katai Uslai.mp3,Bipul Chettri,771,Katai Uslai,Bipul Chettri,100.0,100.0,strong
bipul chettri|mughlan,Bipul Chettri,Mughlan,292.0,1,Bipul Chettri - Mughlan.mp3,Bipul Chettri,3207,Muglan,Sanjeev Singh,92.3,100.0,strong
bipul chettri|naya din,Bipul Chettri,Naya Din,206.0,1,Bipul Chettri - Naya Din.mp3,Bipul Chettri,777,Naya Din,Bipul Chettri,100.0,100.0,strong
bipul chettri|neela akash,Bipul Chettri,Neela Akash,214.0,1,Bipul Chettri - Neela Akash.mp3,Bipul Chettri,779,Neela Akash,Bipul Chettri,100.0,100.0,strong
bipul chettri|samaya,Bipul Chettri,Samaya,228.0,1,Bipul Chettri - Samaya.mp3,Bipul Chettri,784,Samaya,Bipul Chettri,100.0,100.0,strong
bipul chettri|samsara,Bipul Chettri,Samsara,215.0,1,Bipul Chettri - Samsara.mp3,Bipul Chettri,785,Samsara,Bipul Chettri,100.0,100.0,strong
bipul chettri|syndicate,Bipul Chettri,Syndicate,142.0,1,Bipul Chettri - Syndicate.mp3,Bipul Chettri,788,Syndicate,Bipul Chettri,100.0,100.0,strong
bipul chettri|teesta,Bipul Chettri,Teesta,366.0,1,Bipul Chettri - Teesta.mp3,Bipul Chettri,789,Teesta,Bipul Chettri,100.0,100.0,strong
bipul chettri|wildfire dadelo,Bipul chettri,Wildfire-dadelo,213.0,1,Bipul chettri - Wildfire-dadelo.mp3,Bipul Chettri,790,Wildfire (Dadhelo),Bipul Chettri,96.8,100.0,strong
biraj gautam melina rai|aaja hamro bhet bhako dina,"Biraj Gautam, Melina Rai",Aaja Hamro Bhet Bhako Dina,229.0,1,"Biraj Gautam, Melina Rai - Aaja Hamro Bhet Bhako Dina.mp3",Melina Rai,144,Aaja,Adrian Pradhan,100.0,100.0,strong
birbal bhujel|sailo ma charghare,Birbal Bhujel,Sailo Ma Charghare || Cover video || Birbal Bhujel || original song by @BishwoDong,291.0,1,Sailo Ma Charghare ｜｜ Cover video ｜｜ Birbal Bhujel ｜｜ original song by @BishwoDong.m4a,Sailo Ma Charghare,828,Sailo Ma Charghare,Bishwo Dong,100.0,68.6,weak
birendra magr|jhalko auxa kiureni pakha ko,Birendra magr,Jhalko auxa kiureni pakha ko,151.0,1,Jhalko auxa kiureni pakha ko.m4a,Jhalko Lali Othako,,,,58.8,76.2,none
bishnu basnet|resham firiri original,Bishnu Basnet,Resham Firiri Original Nepali Song,330.0,1,Resham Firiri Original Nepali Song.m4a,Resham Firiri,1650,Resham Firiri,Kali Prasad Baskota,100.0,74.1,weak
bishnu majhi|teej song vinaju palkera भिनाजु पल्केर,Bishnu Majhi,Teej Song 2070 : Vinaju Palkera (भिनाजु पल्केर),0.0,1,Teej Song 2070 ： Vinaju Palkera (भिनाजु पल्केर).m4a,teej song,3163,Pir Song,Samjhana Bhandari,66.7,100.0,weak
bisho nepali|maile timilai,Bisho Nepali,Maile Timilai,312.0,1,Bisho Nepali - Maile Timilai.mp3,nepali,306,Maile Timilai Chahera,Anju Panta,100.0,72.0,weak
bishow nepali|duri baddai gayo,Bishow Nepali,Duri Baddai Gayo,323.0,1,Bishow Nepali - Duri Baddai Gayo.mp3,Bishow Nepali,3542,Gayo Ta Gayo,Sushant KC,72.7,80.0,weak
bishow nepali|ekai muthi,Bishow Nepali,Ekai Muthi,311.0,1,Bishow Nepali - Ekai Muthi.mp3,Bishow Nepali,2153,Ekai Chin,Nalina Chitrakar,73.7,80.0,weak
bishwo dong and brightlight pictures|sailo ma charghare bishwo dong,Bishwo Dong  and Brightlight Pictures,Sailo Ma Charghare『Official Music Video』- Bishwo Dong || Ft. Alisha Rai | Bijay Dong | Sushil Waiba,382.0,1,Sailo Ma Charghare『Official Music Video』- Bishwo Dong ｜｜ Ft. Alisha Rai ｜ Bijay Dong ｜ Sushil Waiba.m4a,Sailo Ma Charghare,828,Sailo Ma Charghare,Bishwo Dong,100.0,100.0,strong
bishwo dong|sailo ma charghare साईलो म चारघरे by bishwo dong,Bishwo Dong,Sailo Ma Charghare (साईलो म चारघरे )  By Bishwo Dong || New Nepali Lok Pop Song 2081,289.0,1,Sailo Ma Charghare (साईलो म चारघरे )  By Bishwo Dong ｜｜ New Nepali Lok Pop Song 2081.m4a,Sailo Ma Charghare,828,Sailo Ma Charghare,Bishwo Dong,100.0,100.0,strong
bishwo dong|salaijo feat chija moktan tamang,Bishwo Dong,Salaijo (feat. Chija Moktan Tamang),339.0,1,Salaijo (feat. Chija Moktan Tamang).m4a,Salaijo,1339,Fuba Tamang - Vagera kaha Feat. Finjo Sherpa,Genius Romanizations,60.3,100.0,weak
bjdjrock|bishnu majhi teej song vinaju,BjDjRock,Bishnu Majhi Teej Song 2070 Vinaju,0.0,1,Bishnu Majhi Teej Song 2070 Vinaju.mp3,teej song,3163,Pir Song,Samjhana Bhandari,66.7,57.1,weak
blackdeep thapa|tansen ghamailo jhalak man,Blackdeep Thapa,Tansen Ghamailo (Jhalak Man),0.0,1,Tansen Ghamailo (Jhalak Man).mp3,Jhalak Man Gandarbha,2523,San Nani Ko Galai Ma,Phatteman Rajbhandari,60.9,74.1,none
blessed|free spongebob type beat kelpy g meme rap type beat,Blessed,[FREE] SpongeBob Type Beat Kelpy G Meme Rap Type Beat Prod. By ShyGuy,0.0,1,[FREE] SpongeBob Type Beat Kelpy G Meme Rap Type Beat Prod. By ShyGuy.mp3,G-BOB Nepali rap,,,,57.1,71.4,none
blueprint tv|blueprint tv unik poet stand up ft aid ray mixtape exclusive,Blueprint.TV,BLUEPRINT.TV - Unik Poet - Stand Up Ft. Aid Ray ***Mixtape Exclusive***,250.0,1,BLUEPRINT.TV - Unik Poet - Stand Up Ft. Aid Ray ＊＊＊Mixtape Exclusive＊＊＊.m4a,Aidray Nepali rap,171,Stand Up,Adrian Pradhan,100.0,50.0,weak
bluesss feat yabesh thapa|nila nila aakash,Bluesss feat. Yabesh Thapa,Nila Nila Aakash,198.0,1,Bluesss feat. Yabesh Thapa - Nila Nila Aakash.mp3,Yabesh Thapa,1937,Aakash,Mantra Band,100.0,100.0,strong
bluesss lil buddha vten|la la la la,"Bluesss, Lil Buddha, VTEN",La La La La (Remix),267.0,1,"Bluesss, Lil Buddha, VTEN - La La La La (Remix) (2).mp3",Vten,840,La La La La,Bluesss,100.0,100.0,strong
bm lvc|lahure ko jaat gardaina ghaat hridaya choko cha,BM LVC,Lahure Ko Jaat Gardaina Ghaat Hridaya Choko Cha (Lyrics Music) | Jaula Reliama Sarara | BM LVC,180.0,1,Lahure Ko Jaat Gardaina Ghaat Hridaya Choko Cha (Lyrics Music) ｜ Jaula Reliama Sarara ｜ BM LVC.m4a,Lahure Ko Katha,899,Lahure,Chhewang Lama,100.0,50.0,weak
bob ghostbtz|free hop rap vocals beat,BOB GHOSTBTZ,[FREE] HOP RAP VOCALS BEAT PROD G H O S T BEATZ,0.0,1,[FREE] HOP RAP VOCALS BEAT PROD G H O S T BEATZ.mp3,G-BOB Nepali rap,,,,58.5,45.5,none
bob ghostbtz|free rap beat vikings,BOB GHOSTBTZ,"[FREE] RAP BEAT "" VIKINGS "" PROD BY G H O S T BEATZ",0.0,1,[FREE] RAP BEAT ＂ VIKINGS ＂ PROD BY G H O S T BEATZ.mp3,G-BOB Nepali rap,,,,57.1,45.5,none
bob ghostbtz|free rap hiphop beats dark night,BOB GHOSTBTZ,[ FREE ] RAP HIPHOP BEATS DARK-NIGHT PROD G H O S T BEATZ,0.0,1,[ FREE ] RAP HIPHOP BEATS DARK-NIGHT PROD G H O S T BEATZ.mp3,G-BOB Nepali rap,,,,57.1,45.5,none
bob ghostbtz|hip hop rap beat instrumental,BOB GHOSTBTZ,HIP-HOP RAP BEAT INSTRUMENTAL PROD G H O S T BEATZ,0.0,1,HIP-HOP RAP BEAT INSTRUMENTAL PROD G H O S T BEATZ.mp3,G-BOB Nepali rap,,,,54.2,45.5,none
boysfromis|chirag khadka samaya boysfromis,Boysfromis,Chirag Khadka - Samaya (Boysfromis Remix),0.0,1,Chirag Khadka - Samaya (Boysfromis Remix).m4a,Chirag Khadka,94,samaya,555 chirag khadka,100.0,47.6,weak
boysfromis|durgesh thapa dushman hereko herai boysfromis,Boysfromis,Durgesh Thapa- Dushman Hereko Herai (Boysfromis Remix),0.0,1,Durgesh Thapa- Dushman Hereko Herai (Boysfromis Remix).m4a,Durgesh Thapa,1185,Keto Hereko Herai,"Durgesh Thapa, Ananda Karki",82.8,47.6,weak
boysfromis|samadhi again boyfromis,Boysfromis,Samadhi Again -Boyfromis Remix,0.0,1,Samadhi Again -Boyfromis Remix.m4a,Chirag Khadka,928,Samadhi,Chirag Khadka,100.0,47.6,weak
brosis band|china company,Brosis Band,China company nepali song,333.0,1,Brosis Band - China company nepali song.mp3,nepali song,865,China Company,BroSis Band,100.0,100.0,strong
buddha man productions 2|lil keed nameless fast,Buddha Man Productions #2,Lil Keed - Nameless Fast,0.0,1,Lil Keed - Nameless Fast.m4a,Lil Buddha,,,,50.0,75.0,none
buddha man productions|lil baby money forever fast,Buddha Man Productions,Lil Baby - Money Forever Fast,0.0,1,Lil Baby - Money Forever Fast.m4a,Lil Buddha,,,,53.1,75.0,none
buddha|cane drizzle ft buddha lil bihh,Buddha,Cane Drizzle Ft. Buddha - Lil Bihh,0.0,1,Cane Drizzle Ft. Buddha - Lil Bihh.m4a,Lil Buddha,3051,Lil Buddha Interlude,SACAR aka Lil Buddha,66.7,100.0,weak
buddhha56|lil buddha deserve,Buddhha56,Lil Buddha - deserve,0.0,1,Lil Buddha - deserve.mp3,Lil Buddha,3051,Lil Buddha Interlude,SACAR aka Lil Buddha,73.7,63.2,weak
buddhi pariyar topic|resham firiri original,Buddhi Pariyar - Topic,Resham Firiri (Original),208.0,1,Resham Firiri (Original).m4a,Resham Firiri,1650,Resham Firiri,Kali Prasad Baskota,100.0,100.0,strong
budha subba digital|bhag bhag na de aba dherai dhak a mero hajur 4 movie song g bob suhana thapa anmol kc nirajan,Budha Subba Digital,"BHAG BHAG NA DE ABA DHERAI DHAK - A MERO HAJUR 4 -MOVIE SONG -G BOB, SUHANA THAPA, ANMOL KC, NIRAJAN",181.0,1,"BHAG BHAG NA DE ABA DHERAI DHAK - A MERO HAJUR 4 -MOVIE SONG -G BOB, SUHANA THAPA, ANMOL KC, NIRAJAN.m4a",G-BOB Nepali rap,1290,Bhag Bhag Na De Aba Dherai Dhak,Gbob,100.0,62.5,weak
budha subba digital|feri jaalma new nepali movie song feri resham filili vinay shrestha supuspa bhatta,Budha Subba Digital,"Feri Jaalma - New Nepali Movie Song Feri Resham Filili- Vinay Shrestha, Supuspa Bhatta",192.0,1,"Feri Jaalma - New Nepali Movie Song Feri Resham Filili- Vinay Shrestha, Supuspa Bhatta.m4a",Resham Firiri,207,Nepali,Albatross,100.0,62.5,weak
budha subba digital|saino ramro,Budha Subba Digital,Saino Ramro || साइनो राम्रो || GURUNG MOVIE || AAGE THAGU,315.0,1,Saino Ramro ｜｜ साइनो राम्रो ｜｜ GURUNG MOVIE ｜｜ AAGE THAGU.m4a,Salaijo,3433,Hamro Sano,Sugam Pokhrel,85.7,62.5,weak
budha subba digital|भारि भो भारि भो,Budha Subba Digital,भारि भो भारि भो || Bhari Bho Bhari Bho || Lyrical Song || Resham Filili,200.0,1,भारि भो भारि भो ｜｜ Bhari Bho Bhari Bho ｜｜ Lyrical Song ｜｜ Resham Filili.m4a,Resham Firiri,,,,37.5,62.5,none
budha subba songs|jaalma,Budha Subba Songs,JAALMA || RESHAM FILILI,150.0,1,JAALMA ｜｜ RESHAM FILILI.m4a,Resham Firiri,1271,2025 Feri Jaalma,Feri Resham Filili,100.0,62.5,weak
budhi singh feat ram jps thakur|jai hari narayan,Budhi Singh feat. Ram Jps Thakur,Jai Hari Narayan,341.0,1,Budhi Singh feat. Ram Jps Thakur - Jai Hari Narayan.mp3,Budhi Singh,1752,Rani Chari Jasti,"Khem Century, Devi Gharti Magar",75.0,66.7,weak
budwel dj sai 005|mangli teej song banjara song budweldjsai mp3,BUDWEL DJ SAI 005,MANGLI TEEJ SONG  BANJARA SONG REMIX BUDWELDJSAI.mp3,0.0,1,MANGLI TEEJ SONG  BANJARA SONG REMIX BUDWELDJSAI.mp3.m4a,teej song,3163,Pir Song,Samjhana Bhandari,66.7,48.3,weak
budweldjsai 12|vireno banjara teej song budweldjsai mp3,BUDWELDJSAI 12,VIRENO BANJARA TEEJ SONG REMIX BUDWELDJSAI.mp3,0.0,1,VIRENO BANJARA TEEJ SONG REMIX BUDWELDJSAI.mp3.m4a,teej song,3163,Pir Song,Samjhana Bhandari,66.7,50.0,weak
bukun gandharba topic|resham firiri vocal feat sobit rana krishna lama dhaneswar tiwari,Bukun Gandharba - Topic,"Resham Firiri (Vocal) (feat. Sobit Rana, Krishna Lama & Dhaneswar Tiwari)",349.0,1,"Resham Firiri (Vocal) (feat. Sobit Rana, Krishna Lama & Dhaneswar Tiwari).m4a",Resham Firiri,1650,Resham Firiri,Kali Prasad Baskota,100.0,60.0,weak
bullet flo and nawaj ansari|jyanmara flo bullet flo feat nawaj ansari db yo majesty,Bullet Flo and Nawaj Ansari,Jyanmara Flo (Bullet Flo feat. Nawaj Ansari & Db Yo Majesty) | Official Music Video,273.0,1,Jyanmara Flo (Bullet Flo feat. Nawaj Ansari & Db Yo Majesty) ｜ Official Music Video.m4a,Fulbari rapper,,,,50.0,100.0,weak
burnt sherpa|florida room,Burnt Sherpa,Florida Room,279.0,1,Burnt Sherpa - Florida Room.mp3,SHERPA,,,,56.0,70.6,none
bwqze|chirag khadka enlightenment,Bwqze,Chirag Khadka - Enlightenment,0.0,1,Chirag Khadka - Enlightenment.m4a,Chirag Khadka,1335,Chirag Khadka - Samadhi,Genius Romanizations,76.5,60.0,weak
cd vijaya adhikari samikshya adhikari|nepali lok dohori song oileejharne phool,"CD Vijaya Adhikari, Samikshya Adhikari",Nepali Lok Dohori Song Oileejharne Phool,382.0,1,"CD Vijaya Adhikari, Samikshya Adhikari - Nepali Lok Dohori Song Oileejharne Phool.mp3",nepali,207,Nepali,Albatross,100.0,100.0,strong
chakrapani pandey official|झल्को लाली ओँठको ।। new nepali dohori geet jhalko lali otha ko। milan lama v s ibsu sanjyal,Chakrapani Pandey Official,झल्को लाली ओँठको ।। New nepali live dohori geet jhalko lali otha ko। milan lama v/s ibsu sanjyal,401.0,1,झल्को लाली ओँठको ।। New nepali live dohori geet jhalko lali otha ko। milan lama v⧸s ibsu sanjyal.m4a,Jhalko Lali Othako,207,Nepali,Albatross,100.0,100.0,strong
chanchal maharjan|03 maitighar,Chanchal Maharjan,03 Maitighar,0.0,1,03 Maitighar.mp3,Maiti Ghar,2655,Maijharo,Prashant Siwakoti,60.0,72.7,none
chand lamhe fursat ke|budhi ghodi laal lagam amiri garibi full video rare song rakha,Chand Lamhe Fursat Ke,"Budhi Ghodi Laal Lagam-Amiri Garibi 1989 Full Video Rare Song, Rakha",270.0,1,"Budhi Ghodi Laal Lagam-Amiri Garibi 1989 Full Video Rare Song, Rakha.m4a",Chhori Budhi,3163,Pir Song,Samjhana Bhandari,66.7,54.9,weak
chanda devi deepak limbu|chham kya chhamma,"Chanda Devi, Deepak Limbu",Chham Kya Chhamma,247.0,1,"Chanda Devi, Deepak Limbu - Chham Kya Chhamma.mp3",Deepak Limbu,3760,Man Bhari Maya Cha,The Firantee,62.9,100.0,weak
chandan kc|g bob performance at bayarghari mela,Chandan kc,G BOB PERFORMANCE AT BAYARGHARI MELA || GBOB || RAP SONG ||,223.0,1,G BOB PERFORMANCE AT BAYARGHARI MELA ｜｜ GBOB ｜｜ RAP SONG ｜｜.m4a,G-BOB Nepali rap,,,,53.6,63.2,none
chandan nepali|tikuli me atkal paran,Chandan Nepali,Tikuli Me Atkal Paran,249.0,1,Chandan Nepali - Tikuli Me Atkal Paran.mp3,nepali,2252,Timile Pani Ma Jastai,Narayan Gopal,61.9,66.7,none
channelnicky|intellectual g s without you nephop nick y edit hq,channelnicky,Intellectual G's -  Without You ( NepHop ) ( NiCk-Y Edit ) - HQ,252.0,1,Intellectual G's -  Without You ( NepHop ) ( NiCk-Y Edit ) - HQ.m4a,Aidray Nepali rap,3938,God Of Nephop,Uniq Poet,63.2,53.8,none
chayechha basanta|s,Chayechha Basanta,nepali songs,287.0,1,Chayechha Basanta - nepali songs.mp3,nepali song,154,Let's Rock,Adrian Pradhan,100.0,100.0,strong
chetna|phool tumhe shradha ke arpan hey shiv shankar tripurari,Chetna,Phool Tumhe Shradha Ke Arpan Hey Shiv Shankar Tripurari,306.0,1,Chetna - Phool Tumhe Shradha Ke Arpan Hey Shiv Shankar Tripurari.mp3,Shiv Shankar,3465,Phool,Sujan Chapagain,100.0,61.5,weak
chhama pandey|hamar soraho shingar sajjan bin fikkaa,Chhama Pandey,Hamar Soraho Shingar Sajjan Bin Fikkaa,268.0,1,Chhama Pandey - Hamar Soraho Shingar Sajjan Bin Fikkaa.mp3,Sajjan,,,,52.1,66.7,none
chhewang|chhewang lama kasto maya timi sanga basyo,CHHEWANG,Chhewang Lama - Kasto Maya Timi Sanga Basyo | लाहुरे | 「Official MV」,283.0,1,Chhewang Lama - Kasto Maya Timi Sanga Basyo ｜ लाहुरे ｜ 「Official MV」.m4a,Lahure Ko Katha,526,Maya,Ashutosh KC,100.0,100.0,strong
chinsaku|lil buddha,Chinsaku,Lil Buddha,0.0,1,Lil Buddha.m4a,Lil Buddha,1331,Bluesss - La La La La (Remix) (ft. Lil Buddha & VTEN),Genius Romanizations,100.0,71.4,weak
chirag khadka 5 55|5 55 budi,Chirag Khadka (5:55),5:55 - Budi (Official Music Video),208.0,1,5_55 - Budi (Official Music Video).m4a,Chhori Budhi,921,Budi,Chirag Khadka,100.0,100.0,strong
chiralbhaii|sarthak lama sailo ma charghare the voice of nepal season 6 viralvideo keepsupport,ChiralBhaii,"Sarthak Lama"" Sailo Ma Charghare..The voice of Nepal season 6 #viralvideo #keepsupport",185.0,1,Sarthak Lama＂ Sailo Ma Charghare..The voice of Nepal season 6 #viralvideo #keepsupport.m4a,Sailo Ma Charghare,828,Sailo Ma Charghare,Bishwo Dong,100.0,58.3,weak
chorus sushma shrestha deepa jha|teej ko geet,"Chorus, Sushma Shrestha, Deepa jha",Teej Ko Geet,330.0,1,"Chorus, Sushma Shrestha, Deepa jha - Teej Ko Geet.mp3",Sushma Shrestha,2973,Kahani Yo Prem Geet Ko,Rohit John Chettri,73.7,100.0,weak
christiana lovfald|little cobwebs,Christiana Lovfald,Little Cobwebs,167.0,1,Christiana Lovfald - Little Cobwebs.mp3,Little Cobweb,,,,51.9,52.9,none
cityshop rock|mero topi kailash ko shir jasto by gopal yonjan,Cityshop Rock,Mero Topi Kailash Ko Shir Jasto By Gopal Yonjan,0.0,1,Mero Topi Kailash Ko Shir Jasto By Gopal Yonjan.mp3,Gopal Yonjan,499,Udas Mero,Aruna Lama,61.5,53.8,none
cj|resham firiri cj chill version,CJ,Resham Firiri- CJ (CHILL VERSION),0.0,1,Resham Firiri- CJ (CHILL VERSION).mp3,Resham Firiri,1650,Resham Firiri,Kali Prasad Baskota,100.0,40.0,weak
classicnepalisongs|ambar gurung timi bhoolma paryau,ClassicNepaliSongs,Ambar Gurung - Timi Bhoolma Paryau,0.0,1,Ambar Gurung - Timi Bhoolma Paryau.mp3,Ambar Gurung,752,Timi,Binit Shrestha,100.0,64.7,weak
classicnepalisongs|gopal yonjan deshle ragat maage,ClassicNepaliSongs,Gopal Yonjan - Deshle Ragat Maage,0.0,1,Gopal Yonjan - Deshle Ragat Maage.m4a,Gopal Yonjan,1425,Deshle Ragat Mage,Gopal Yonzon,82.8,64.7,weak
classicnepalisongs|gopal yonjan gyaanu rana chyangba ho chyangba,ClassicNepaliSongs,Gopal Yonjan & Gyaanu Rana - Chyangba Ho Chyangba,0.0,1,Gopal Yonjan & Gyaanu Rana - Chyangba Ho Chyangba.m4a,Gopal Yonjan,1964,Chyangba Hoi Chyangba,Mausami Gurung,80.0,64.7,weak
classwar karaoke|02,Classwar Karaoke,02,0.0,1,02.mp3,Lil Buddha,,,,36.4,56.0,none
classwar karaoke|05_elements_ _01_ _02,Classwar Karaoke,05_Elements_-_01_-_02,0.0,1,05_Elements_-_01_-_02.ogg,Lil Buddha,,,,33.9,56.0,none
classwar karaoke|14 paral lel_ _02_ _nr14,Classwar Karaoke,14-PARAL-LEL_-_02_-_Nr14,0.0,1,14-PARAL-LEL_-_02_-_Nr14.ogg,Lil Buddha,,,,47.1,56.0,none
classwar karaoke|15 paral lel_ _03_ _nr15,Classwar Karaoke,15-PARAL-LEL_-_03_-_Nr15,0.0,1,15-PARAL-LEL_-_03_-_Nr15.ogg,Lil Buddha,,,,47.1,56.0,none
classwar karaoke|nr 14,Classwar Karaoke,Nr.14,0.0,1,Nr.14.mp3,Lil Buddha,,,,44.4,56.0,none
classwar karaoke|nr 15,Classwar Karaoke,Nr.15,0.0,1,Nr.15.mp3,Lil Buddha,,,,57.1,56.0,none
clean karaoke zone|sailo ma charghare,Clean Karaoke Zone,Sailo Ma Charghare || Aako Mata Maya Lai Bhetna Lai || Bishwa Dong || New Nepali Karaoke with lyrics,285.0,1,Sailo Ma Charghare ｜｜ Aako Mata Maya Lai Bhetna Lai ｜｜ Bishwa Dong ｜｜ New Nepali Karaoke with lyrics.m4a,Sailo Ma Charghare,828,Sailo Ma Charghare,Bishwo Dong,100.0,52.2,weak
click digital|tungna ra damfu bajaudai sindhu malla bandana moktan dance video,CLICK DIGITAL,Tungna Ra Damfu Bajaudai../Sindhu Malla/Bandana Moktan/Cover Dance Video,277.0,1,Tungna Ra Damfu Bajaudai..⧸Sindhu Malla⧸Bandana Moktan⧸Cover Dance Video.m4a,Danda Ko Gumba,,,,50.9,47.6,none
cobweb iris|guarded moon,cobweb iris,guarded moon,81.0,1,cobweb iris - guarded moon.mp3,Cobwebs,,,,58.3,100.0,weak
cobwebs feat razzie|mark ll,Cobwebs feat. razzie,MARK ll,182.0,1,Cobwebs feat. razzie - MARK ll.mp3,Cobweb,1033,Allare,Deepak Bajracharya,61.5,48.0,none
cobweb|airplane mode,Cobweb,Airplane Mode,158.0,1,Cobweb - Airplane Mode.mp3,Cobwebs,,,,58.3,100.0,weak
cobweb|brace back,Cobweb,Brace Back,134.0,1,Cobweb - Brace Back.mp3,Cobwebs,529,Bato Biraye,Asif Shah,66.7,100.0,weak
cobweb|concrete dream,Cobweb,Concrete Dream,106.0,1,Cobweb - Concrete Dream.mp3,Cobwebs,3656,Concrete Mountains,Tamang,72.7,100.0,weak
cobweb|fast lane,Cobweb,Fast Lane,168.0,1,Cobweb - Fast Lane.mp3,Cobwebs,1635,Faasle,Kaavish,66.7,100.0,weak
cobweb|give it to me,cobweb,GIVE IT TO ME,78.0,1,cobweb - GIVE IT TO ME.mp3,Cobweb,3657,Give Me (Head),Tamang,73.7,100.0,weak
cobweb|no guidance,cobweb,NO GUIDANCE,186.0,1,cobweb - NO GUIDANCE.mp3,Cobweb,,,,52.2,100.0,weak
cobweb|pose,cobweb,POSE,174.0,1,cobweb - POSE.mp3,Cobweb,2923,People,Ray Mec,60.0,100.0,weak
cobweb|superwoman,Cobweb,Superwoman,128.0,1,Cobweb - Superwoman.mp3,Cobweb,1990,Nepali Superman,Mc Flo,64.0,100.0,weak
cobweb|timro nau on ghar ma session,Cobweb,Timro Nau Live On Ghar Ma Session,391.0,1,Cobweb - Timro Nau Live On Ghar Ma Session.mp3,Cobweb,3614,Ma Timro,Swoopna Suman,100.0,100.0,strong
combo vs nepathya dean cohen x dj alex thapaliya|sa karnali dj alex mash up,"COMBO vs. Nepathya, Dean Cohen X DJ Alex Thapaliya",Sa Karnali (DJ Alex Mash Up),247.0,1,"COMBO vs. Nepathya, Dean Cohen X DJ Alex Thapaliya - Sa Karnali (DJ Alex Mash Up).mp3",Nepathya,2396,Sa Karnali,Nepathya,100.0,100.0,strong
cp lohani aruna lama geta datta|karnali bagai,"CP Lohani, Aruna Lama, Geta Datta",Karnali Bagai,201.0,1,"CP Lohani, Aruna Lama, Geta Datta - Karnali Bagai.mp3",Aruna Lama,3401,Karnali,Sugam Pokharel,100.0,100.0,strong
cp lohani aruna lama geta datta|ke ko khanu,"CP Lohani, Aruna Lama, Geta Datta",Ke Ko Khanu,112.0,1,"CP Lohani, Aruna Lama, Geta Datta - Ke Ko Khanu.mp3",Aruna Lama,523,Yo Ke Bhayo,Ashmita Adhikari and Manish Dhakal from Nepali Movie December Falls.,63.6,100.0,weak
cp lohani aruna lama geta datta|sallo ma bhannu,"CP Lohani, Aruna Lama, Geta Datta",Sallo Ma Bhannu,65.0,1,"CP Lohani, Aruna Lama, Geta Datta - Sallo Ma Bhannu.mp3",Aruna Lama,3773,Ma,The Shadows 'Nepal',100.0,100.0,strong
cp lohani aruna lama geta datta|tinai sahar nepal,"CP Lohani, Aruna Lama, Geta Datta",Tinai Sahar Nepal,108.0,1,"CP Lohani, Aruna Lama, Geta Datta - Tinai Sahar Nepal.mp3",Aruna Lama,2944,Nepal Nepal,Robin Tamang,100.0,100.0,strong
cp lohani aruna lama geta datta|ubho jharne banko,"CP Lohani, Aruna Lama, Geta Datta",Ubho Jharne Banko,110.0,1,"CP Lohani, Aruna Lama, Geta Datta - Ubho Jharne Banko (2).mp3",Aruna Lama,2237,Saunko Jhari Bani,Narayan Gopal,64.7,100.0,weak
crazy boy|uniq poet ielts ma 7 mc mp3,crazy boy,UNIQ POET - IELTS MA 7(360P)-mc.mp3,0.0,1,UNIQ POET - IELTS MA 7(360P)-mc.mp3.m4a,Uniq Poet,3773,Ma,The Shadows 'Nepal',100.0,60.0,weak
crazy boy|uniq poet x kavi g x menace uth aghi badh_high mc mp3,crazy boy,Uniq Poet x Kavi G x Menace - Uth Aghi Badh_HIGH-mc.mp3,0.0,1,Uniq Poet x Kavi G x Menace - Uth Aghi Badh_HIGH-mc.mp3.m4a,Uniq Poet,,,,51.4,60.0,none
cultural treks expedition pvt ltd|15 resham firiri sur sudha,Cultural Treks & Expedition Pvt. Ltd.,15 Resham Firiri - Sur Sudha,0.0,1,15 Resham Firiri - Sur Sudha.mp3,Resham Firiri,1650,Resham Firiri,Kali Prasad Baskota,100.0,44.0,weak
d1 official and shadow g music|sarak sarak d1 ft shadowgmusic thachani x namuna x pirtam,D1 Official and Shadow G Music,SARAK SARAK - D1 ft @Shadowgmusic-Thachani x NAMUNA x PIRTAM | Prod - @iczbeats OFFICIAL M/V,335.0,1,SARAK SARAK - D1 ft @Shadowgmusic-Thachani x NAMUNA x PIRTAM ｜ Prod - @iczbeats OFFICIAL M⧸V.m4a,Yoku B.I.G,2063,Namuna,Mingma Sherpa,100.0,100.0,strong
damber nepali|gaunma meri maya,Damber Nepali,Gaunma Meri Maya,308.0,1,Damber Nepali - Gaunma Meri Maya.mp3,nepali,157,Meri Maya,Adrian Pradhan,100.0,92.3,strong
damber nepali|ki chada uslai ki mara malai,Damber Nepali,Ki Chada Uslai Ki Mara Malai,267.0,1,Damber Nepali - Ki Chada Uslai Ki Mara Malai.mp3,nepali,35,Baru Malai,1974 AD,66.7,92.3,weak
damber nepali|narau narau meri maya,Damber Nepali,Narau Narau Meri Maya,304.0,1,Damber Nepali - Narau Narau Meri Maya.mp3,nepali,157,Meri Maya,Adrian Pradhan,100.0,92.3,strong
damber nepali|tada nalaijau timi mero mayalai,Damber Nepali,Tada Nalaijau Timi Mero Mayalai,367.0,1,Damber Nepali - Tada Nalaijau Timi Mero Mayalai.mp3,nepali,752,Timi,Binit Shrestha,100.0,92.3,strong
dami bass|gbob sacho maya,Dami Bass,GBOB - SACHO MAYA (Official Music Video) || DAMI BASS,214.0,1,GBOB - SACHO MAYA (Official Music Video) ｜｜ DAMI BASS.m4a,G-BOB Nepali rap,526,Maya,Ashutosh KC,100.0,60.0,weak
david ramdam anju panta prem ramdam|yeh ajnabi shehar mein female version,"David Ramdam, Anju Panta, Prem Ramdam",Yeh Ajnabi Shehar Mein (Female Version),253.0,1,"David Ramdam, Anju Panta, Prem Ramdam - Yeh Ajnabi Shehar Mein (Female Version).mp3",Anju Panta,2810,Maya Garchhu Female Version,Rajina Rimal,68.3,100.0,weak
david ramdam rajesh payal rai|yo mann,"David Ramdam, RAJESH PAYAL RAI",Yo Mann,289.0,1,"David Ramdam, RAJESH PAYAL RAI - Yo Mann.mp3",Rajesh Payal Rai,3966,Yo Mann,Vek,100.0,100.0,strong
david visan mickaël winter feat ani choying drolma|tamtra tibet,"David Visan, Mickaël Winter feat. Ani Choying Drolma",Tamtra Tibet,314.0,1,"David Visan, Mickaël Winter feat. Ani Choying Drolma - Tamtra Tibet.mp3",Ani Choying,430,Timrai Tira,Apurva Tamang,60.9,100.0,weak
dawa lama the axe band shiva mukhiya|maya ta maya nai ho from duffers,"Dawa Lama, The Axe Band (Shiva Mukhiya)","Maya Ta Maya Nai Ho (From ""Duffers"")",208.0,1,"Dawa Lama, The Axe Band (Shiva Mukhiya) - Maya Ta Maya Nai Ho (From _Duffers_).mp3",The Axe Band,526,Maya,Ashutosh KC,100.0,100.0,strong
de mash|balen x mc flo x uniq poet gorkhali toph,De Mash,BALEN X MC FLO X UNIQ POET - GORKHALI TOPH | DJ De Mash Remix,0.0,1,BALEN X MC FLO X UNIQ POET - GORKHALI TOPH ｜ DJ De Mash Remix.m4a,Uniq Poet,1941,Bir Gorkhali,Mantra Band,80.0,66.7,weak
de mash|bluesss ft lil buddha vten la la la la,De Mash,"Bluesss ft. Lil Buddha, VTEN - La La La La || DJ DE MASH REMIX",0.0,1,"Bluesss ft. Lil Buddha, VTEN - La La La La ｜｜ DJ DE MASH REMIX.m4a",Lil Buddha,840,La La La La,Bluesss,100.0,66.7,weak
deeba kanwal|aehro sajjan monkhay,Deeba Kanwal,Aehro Sajjan Monkhay,272.0,1,Deeba Kanwal - Aehro Sajjan Monkhay.mp3,Sajjan,,,,59.5,66.7,none
deej ram sdnr|12 raja thona dhekana new teej song by dj ram sdnr deej lucky sdnr mp3,DEEJ RAM SDNR,12.RAJA THONA DHEKANA NEW TEEJ SONG REMIX BY  DJ RAM SDNR & DEEJ LUCKY SDNR.mp3,0.0,1,12.RAJA THONA DHEKANA NEW TEEJ SONG REMIX BY  DJ RAM SDNR & DEEJ LUCKY SDNR.mp3.m4a,teej song,2457,Mal Mal Raja,Nishan Bhattarai and Asmita Adhikari,66.7,56.0,weak
deej ram sdnr|3 bhiya sureshare teej song dj ram x dj lucky mp3,DEEJ RAM SDNR,3. Bhiya Sureshare Teej Song Remix Dj Ram X Dj Lucky.mp3,0.0,1,3. Bhiya Sureshare Teej Song Remix Dj Ram X Dj Lucky.mp3.m4a,teej song,3163,Pir Song,Samjhana Bhandari,66.7,56.0,weak
deej sanju|3 bhiyare gugari jodi teej song by dj ram sdnr dj lucky sdnr mp3,Deej Sanju,3.BHIYARE GUGARI JODI TEEJ SONG REMIX BY DJ RAM SDNR & DJ LUCKY SDNR.mp3,0.0,1,3.BHIYARE GUGARI JODI TEEJ SONG REMIX BY DJ RAM SDNR & DJ LUCKY SDNR.mp3.mp3,teej song,3163,Pir Song,Samjhana Bhandari,66.7,66.7,weak
deep ad|deep ad bari fulbari,Deep Ad,DEEP AD - BARI FULBARI (OFFICIAL VIDEO),249.0,1,DEEP AD - BARI FULBARI (OFFICIAL VIDEO).m4a,Fulbari rapper,1811,Lai Bari Lai,Kumar Basnet,66.7,100.0,weak
deepa jha yam baral|mero mutu bhitra,Deepa Jha & Yam Baral,Mero Mutu Bhitra,276.0,1,Deepa Jha & Yam Baral - Mero Mutu Bhitra.mp3,Yam Baral,3198,Mutu Bhitra Timro,Sanjeep Pradhan,90.9,100.0,strong
deepak kharel|garau ki mitho vul nepal,Deepak Kharel,"garau ki mitho vul, nepali song, nepal",299.0,1,"Deepak Kharel - garau ki mitho vul, nepali song, nepal.mp3",nepali song,1006,Mitho Mitho,Debanjali B Joshi and Saurabh Das From Nepali Movie Harry Ki Pyari,100.0,100.0,strong
deepak limbu and mandabi tripathi|simple simple,Deepak Limbu and Mandabi Tripathi,Simple-Simple,129.0,1,Deepak Limbu and Mandabi Tripathi - Simple-Simple.mp3,Deepak Limbu,331,Simple Simple Kanchhi Ko,Anju Panta,100.0,100.0,strong
deepak limbu anjana gurung|ye timi harayau kaha,"Deepak Limbu, Anjana Gurung",Ye Timi Harayau Kaha,281.0,1,"Deepak Limbu, Anjana Gurung - Ye Timi Harayau Kaha.mp3",Deepak Limbu,215,Timi Kaha,Alex Dware,100.0,100.0,strong
deepak limbu anju panta pushpa poudel|chanchale man,"Deepak Limbu, Anju Panta & Pushpa Poudel",Chanchale Man,304.0,1,"Deepak Limbu, Anju Panta & Pushpa Poudel - Chanchale Man.mp3",Deepak Limbu,1462,Chanchale Chanchale Gandaki,"Hari Bansha Acharya, Sukmit Gurung",81.8,100.0,probable
deepak limbu anju panta pushpa poudel|yo dharti rahe samma,"Deepak Limbu, Anju Panta & Pushpa Poudel",Yo Dharti Rahe Samma,334.0,1,"Deepak Limbu, Anju Panta & Pushpa Poudel - Yo Dharti Rahe Samma.mp3",Deepak Limbu,1571,Saunma Pari Rahane,Jems Pradhan,68.4,100.0,weak
deepak limbu anju panta|aayo timro yaad aayo,"Deepak Limbu, Anju Panta",Aayo Timro Yaad Aayo,391.0,1,"Deepak Limbu, Anju Panta - Aayo Timro Yaad Aayo (2).mp3","Deepak Limbu, Anju Panta",907,Timro Yaad,Chhewang Lama,100.0,100.0,strong
deepak limbu anju panta|chori chori,Deepak Limbu & Anju Panta,Chori Chori,284.0,1,Deepak Limbu & Anju Panta - Chori Chori.mp3,Deepak Limbu,524,Chori Ta Jwai Sanga Makhkha,"Ashmita Adhikari, Juna Sundas",100.0,100.0,strong
deepak limbu anju panta|ishara,Deepak Limbu & Anju Panta,Ishara,300.0,1,Deepak Limbu & Anju Panta - Ishara.mp3,Deepak Limbu,895,Ishara,Chhewang Lama.,100.0,100.0,strong
deepak limbu anju panta|khusi ko yam aayo,"Deepak Limbu, Anju Panta",Khusi Ko Yam Aayo,296.0,1,"Deepak Limbu, Anju Panta - Khusi Ko Yam Aayo.mp3",Deepak Limbu,4050,Khusiyali Chayo,Yam Baral,68.8,100.0,weak
deepak limbu anju panta|maile yo jani sakeni,Deepak Limbu & Anju Panta,Maile Yo Jani Sakeni,327.0,1,Deepak Limbu & Anju Panta - Maile Yo Jani Sakeni.mp3,Deepak Limbu,2972,Jani Jani,Rohit John Chettri,100.0,100.0,strong
deepak limbu anju panta|mangsir pani go,"Deepak Limbu, Anju Panta",Mangsir Pani Go,251.0,1,"Deepak Limbu, Anju Panta - Mangsir Pani Go.mp3",Deepak Limbu,2156,Pani Pani,Nalina Chitrakar,100.0,100.0,strong
deepak limbu anju panta|naulo yo preet,"Deepak Limbu, Anju Panta",Naulo Yo Preet,287.0,1,"Deepak Limbu, Anju Panta - Naulo Yo Preet.mp3",Deepak Limbu,1677,Preet Basyo,Kamal Khatri & Melina Mainali,72.0,100.0,weak
deepak limbu anju panta|satya kasam,"Deepak Limbu, Anju Panta",Satya Kasam,348.0,1,"Deepak Limbu, Anju Panta - Satya Kasam.mp3",Deepak Limbu,3437,Kasam Kasam,Sugam Pokhrel,100.0,100.0,strong
deepak limbu anju panta|sohra singar garda,"Deepak Limbu, Anju Panta",Sohra Singar Garda,308.0,1,"Deepak Limbu, Anju Panta - Sohra Singar Garda.mp3",Deepak Limbu,3224,Sagar Baru Sukera,Sapana Shree,62.9,100.0,weak
deepak limbu anju panta|suna kina,Deepak Limbu & Anju Panta,Suna Kina,284.0,1,Deepak Limbu & Anju Panta - Suna Kina.mp3,Deepak Limbu,2291,Suna Kina,Naren Limbu,100.0,100.0,strong
deepak limbu anju panta|timi matra artha,"Deepak Limbu, Anju Panta",Timi Matra Artha,279.0,1,"Deepak Limbu, Anju Panta - Timi Matra Artha.mp3",Deepak Limbu,752,Timi,Binit Shrestha,100.0,100.0,strong
deepak limbu anju panta|timi matrai,Deepak Limbu & Anju Panta,Timi Matrai,279.0,1,Deepak Limbu & Anju Panta - Timi Matrai.mp3,Deepak Limbu,752,Timi,Binit Shrestha,100.0,100.0,strong
deepak limbu anju panta|timi maya garchhu bhanana,"Deepak Limbu, Anju Panta",Timi Maya Garchhu Bhanana,295.0,1,"Deepak Limbu, Anju Panta - Timi Maya Garchhu Bhanana.mp3",Deepak Limbu,526,Maya,Ashutosh KC,100.0,100.0,strong
deepak limbu anju panta|ye dil malai,"Deepak Limbu, Anju Panta",Ye Dil Malai,326.0,1,"Deepak Limbu, Anju Panta - Ye Dil Malai.mp3",Deepak Limbu,2255,Ye Malai Maya Garchu Bhanne,Narayan Gopal,80.0,100.0,probable
deepak limbu apsara ghimire|bhandina ma timilai,"Deepak Limbu, Apsara Ghimire",Bhandina Ma Timilai,271.0,1,"Deepak Limbu, Apsara Ghimire - Bhandina Ma Timilai.mp3",Deepak Limbu,1555,Timilai,James Shrestha,100.0,100.0,strong
deepak limbu ava mukarung|kunai din bhet hola,"Deepak Limbu, Ava Mukarung",Kunai Din Bhet Hola,304.0,1,"Deepak Limbu, Ava Mukarung - Kunai Din Bhet Hola.mp3",Deepak Limbu,419,Din,Anuprastha,100.0,100.0,strong
deepak limbu durga dahal saud|dharane lahure,"Deepak Limbu, DURGA DAHAL SAUD",Dharane Lahure,366.0,1,"Deepak Limbu, DURGA DAHAL SAUD - Dharane Lahure.mp3",Deepak Limbu,899,Lahure,Chhewang Lama,100.0,100.0,strong
deepak limbu feat anju panta|bato hinde,Deepak Limbu Feat. Anju Panta,Bato Hinde,300.0,1,Deepak Limbu Feat. Anju Panta - Bato Hinde.mp3,Deepak Limbu,529,Bato Biraye,Asif Shah,66.7,100.0,weak
deepak limbu feat anju panta|hajarau phoolbata ea man,Deepak Limbu Feat. Anju Panta,Hajarau Phoolbata Ea Man,287.0,1,Deepak Limbu Feat. Anju Panta - Hajarau Phoolbata Ea Man.mp3,Deepak Limbu,883,Man Paraune Hajarau Chhan,CD Vijaya Adhikari and Annu Chaudhary,69.4,100.0,weak
deepak limbu feat anju panta|jasle jaso bhane,Deepak Limbu Feat. Anju Panta,Jasle Jaso Bhane,294.0,1,Deepak Limbu Feat. Anju Panta - Jasle Jaso Bhane.mp3,Deepak Limbu,298,Jasle Jaso Bhane Pani,Anju Panta,100.0,100.0,strong
deepak limbu feat anju panta|malai dherai dherai,Deepak Limbu Feat. Anju Panta,Malai Dherai Dherai,300.0,1,Deepak Limbu Feat. Anju Panta - Malai Dherai Dherai.mp3,Deepak Limbu,2061,Dherai Dherai,Mingma Sherpa,100.0,100.0,strong
deepak limbu feat anju panta|ye maya yo maya,Deepak Limbu Feat. Anju Panta,Ye Maya Yo Maya,303.0,1,Deepak Limbu Feat. Anju Panta - Ye Maya Yo Maya.mp3,Deepak Limbu,526,Maya,Ashutosh KC,100.0,100.0,strong
deepak limbu feat anju pant|lahar laharma,Deepak Limbu feat. Anju Pant,Lahar Laharma,313.0,1,Deepak Limbu feat. Anju Pant - Lahar Laharma.mp3,Deepak Limbu,1061,Upekshyako Laharma,Deepak Kharel,70.0,100.0,weak
deepak limbu feat anju pant|pyaro pyaro,Deepak Limbu feat. Anju Pant,Pyaro Pyaro,264.0,1,Deepak Limbu feat. Anju Pant - Pyaro Pyaro.mp3,Deepak Limbu,934,Mero Pyaro Manche,Ciney Gurung,100.0,100.0,strong
deepak limbu feat malika karki|galti bhoki jindagima,Deepak Limbu Feat. Malika Karki,Galti Bhoki Jindagima,269.0,1,Deepak Limbu Feat. Malika Karki - Galti Bhoki Jindagima.mp3,Deepak Limbu,893,Galti,Chhewang Lama,100.0,100.0,strong
deepak limbu feat mandavi tripathi|dhalkyo dhalkyo,Deepak Limbu feat. Mandavi Tripathi,Dhalkyo Dhalkyo,294.0,1,Deepak Limbu feat. Mandavi Tripathi - Dhalkyo Dhalkyo.mp3,Deepak Limbu,1129,Dhalkyo Dhalkyo,Dipak Limbu,100.0,100.0,strong
deepak limbu feat mandavi tripathi|har pal banchhu timrai,Deepak Limbu feat. Mandavi Tripathi,Har Pal Banchhu Timrai,299.0,1,Deepak Limbu feat. Mandavi Tripathi - Har Pal Banchhu Timrai.mp3,Deepak Limbu,3480,Pal Pal Timrai,Sukmit Gurung,100.0,100.0,strong
deepak limbu feat prabisha adhikari|aayau timi ta sustari,Deepak Limbu Feat. Prabisha Adhikari,Aayau Timi Ta Sustari,293.0,1,Deepak Limbu Feat. Prabisha Adhikari - Aayau Timi Ta Sustari.mp3,Deepak Limbu,629,SUSTARI SUSTARI,Bal bahadur rajbanshi,100.0,100.0,strong
deepak limbu feat prabisha adhikari|bole maya badchha hai,Deepak Limbu Feat. Prabisha Adhikari,Bole Maya Badchha Hai,328.0,1,Deepak Limbu Feat. Prabisha Adhikari - Bole Maya Badchha Hai.mp3,Deepak Limbu,526,Maya,Ashutosh KC,100.0,100.0,strong
deepak limbu feat rajina rimal|aaina banai timilai,Deepak Limbu Feat. Rajina Rimal,Aaina Banai Timilai,293.0,1,Deepak Limbu Feat. Rajina Rimal - Aaina Banai Timilai.mp3,Deepak Limbu,1555,Timilai,James Shrestha,100.0,100.0,strong
deepak limbu mallika karki|galti bho ki jindagi,"Deepak Limbu, Mallika Karki",Galti Bho Ki Jindagi,270.0,1,"Deepak Limbu, Mallika Karki - Galti Bho Ki Jindagi.mp3",Deepak Limbu,893,Galti,Chhewang Lama,100.0,100.0,strong
deepak limbu mallika karki|galti bho ki zindagi ma,"Deepak Limbu, Mallika Karki",Galti Bho Ki Zindagi Ma,282.0,1,"Deepak Limbu, Mallika Karki - Galti Bho Ki Zindagi Ma.mp3",Deepak Limbu,893,Galti,Chhewang Lama,100.0,100.0,strong
deepak limbu mandavi tripathi mahesh khadka tara prakash limbu|thopa thopa mile,"Deepak Limbu, Mandavi Tripathi, Mahesh Khadka, Tara Prakash Limbu",Thopa Thopa Mile,307.0,1,"Deepak Limbu, Mandavi Tripathi, Mahesh Khadka, Tara Prakash Limbu - Thopa Thopa Mile.mp3",Deepak Limbu,1006,Mitho Mitho,Debanjali B Joshi and Saurabh Das From Nepali Movie Harry Ki Pyari,66.7,100.0,weak
deepak limbu mandavi tripathi|cha maya chapakai,"Deepak Limbu, Mandavi Tripathi",Cha Maya Chapakai,220.0,1,"Deepak Limbu, Mandavi Tripathi - Cha Maya Chapakai.mp3",Deepak Limbu,526,Maya,Ashutosh KC,100.0,100.0,strong
deepak limbu mandavi tripathi|gajalu aankhaile,"Deepak Limbu, Mandavi Tripathi",Gajalu Aankhaile,292.0,1,"Deepak Limbu, Mandavi Tripathi - Gajalu Aankhaile.mp3",Deepak Limbu,1433,Gajalu Ti,Gulam Ali Khan,80.0,100.0,probable
deepak limbu mandavi tripathi|o maya ho,Deepak Limbu & Mandavi Tripathi,O Maya Ho,312.0,1,Deepak Limbu & Mandavi Tripathi - O Maya Ho.mp3,Deepak Limbu,526,Maya,Ashutosh KC,100.0,100.0,strong
deepak limbu mandavi tripathi|seti bagchhin,"Deepak Limbu, Mandavi Tripathi",Seti Bagchhin,292.0,1,"Deepak Limbu, Mandavi Tripathi - Seti Bagchhin.mp3",Deepak Limbu,996,Kei Chaina Aghi,Danny Denzongpa,64.3,100.0,weak
deepak limbu mandavi tripathi|yeti maya,"Deepak Limbu, Mandavi Tripathi",Yeti Maya,335.0,1,"Deepak Limbu, Mandavi Tripathi - Yeti Maya.mp3",Deepak Limbu,526,Maya,Ashutosh KC,100.0,100.0,strong
deepak limbu manishpokharel|oh maya oii,"Deepak Limbu, ManishPokharel",Oh Maya Oii,239.0,1,"Deepak Limbu, ManishPokharel - Oh Maya Oii.mp3",Deepak Limbu,526,Maya,Ashutosh KC,100.0,100.0,strong
deepak limbu prabisha adhikari|sunakhari phool,"Deepak Limbu, Prabisha Adhikari",Sunakhari Phool,269.0,1,"Deepak Limbu, Prabisha Adhikari - Sunakhari Phool.mp3",Deepak Limbu,3465,Phool,Sujan Chapagain,100.0,100.0,strong
deepak limbu rajesh payal rai anju pant pramod kharel|ramro manchhe,"Deepak Limbu, Rajesh Payal Rai, Anju Pant & Pramod Kharel",Ramro Manchhe,320.0,1,"Deepak Limbu, Rajesh Payal Rai, Anju Pant & Pramod Kharel - Ramro Manchhe.mp3",Deepak Limbu,934,Mero Pyaro Manche,Ciney Gurung,73.3,100.0,weak
deepak limbu sadhana sargam|maryau maryau malai,"Deepak Limbu, Sadhana Sargam",Maryau Maryau Malai,263.0,1,"Deepak Limbu, Sadhana Sargam - Maryau Maryau Malai.mp3",Deepak Limbu,1072,Maya Malai,Deepesh Kishor Bhattarai,90.9,100.0,strong
deepak limbu sarita panthi|phool fulyo akash khulyo,"Deepak Limbu, Sarita Panthi",Phool Fulyo Akash Khulyo,284.0,1,"Deepak Limbu, Sarita Panthi - Phool Fulyo Akash Khulyo.mp3",Deepak Limbu,3465,Phool,Sujan Chapagain,100.0,100.0,strong
deepak limbu sarita panthi|phulai phulyo aakash khulyo,Deepak Limbu & Sarita Panthi,Phulai Phulyo Aakash Khulyo,283.0,1,Deepak Limbu & Sarita Panthi - Phulai Phulyo Aakash Khulyo.mp3,Deepak Limbu,1937,Aakash,Mantra Band,100.0,100.0,strong
deepak limbu|aadhi kura,Deepak Limbu,Aadhi Kura,293.0,1,Deepak Limbu - Aadhi Kura.mp3,Deepak Limbu,2472,Kura,Oasis Thapa,100.0,100.0,strong
deepak limbu|aakhirima garib,Deepak Limbu,Aakhirima Garib,346.0,1,Deepak Limbu - Aakhirima Garib.mp3,Deepak Limbu,485,Ma Aankhaima,Aruna Lama,66.7,100.0,weak
deepak limbu|aayo timro yaad aayo,Deepak Limbu,Aayo Timro Yaad Aayo,390.0,1,Deepak Limbu - Aayo Timro Yaad Aayo.mp3,Deepak Limbu,907,Timro Yaad,Chhewang Lama,100.0,100.0,strong
deepak limbu|anmiyera timi,Deepak Limbu,Anmiyera Timi,285.0,1,Deepak Limbu - Anmiyera Timi.mp3,Deepak Limbu,752,Timi,Binit Shrestha,100.0,100.0,strong
deepak limbu|arule mero,Deepak Limbu,Arule Mero,252.0,1,Deepak Limbu - Arule Mero.mp3,Deepak Limbu,14,Mero Ghaule,,85.7,100.0,probable
deepak limbu|badal bhitra,Deepak Limbu,Badal Bhitra,228.0,1,Deepak Limbu - Badal Bhitra.mp3,Deepak Limbu,3199,Nasha Bhitra Nasha,Sanjeep Pradhan,75.0,100.0,weak
deepak limbu|bhokle kohi,Deepak Limbu,Bhokle Kohi,280.0,1,Deepak Limbu - Bhokle Kohi.mp3,Deepak Limbu,4069,Kohi,Yama Buddha,100.0,100.0,strong
deepak limbu|bhul bhayera,Deepak Limbu,Bhul Bhayera,230.0,1,Deepak Limbu - Bhul Bhayera.mp3,Deepak Limbu,183,Timi Bhayera,Akash Khadka & Samir Shrestha,73.7,100.0,weak
deepak limbu|bhule hola dherai dherai,Deepak Limbu,Bhule Hola Dherai Dherai,322.0,1,Deepak Limbu - Bhule Hola Dherai Dherai.mp3,Deepak Limbu,2061,Dherai Dherai,Mingma Sherpa,100.0,100.0,strong
deepak limbu|birsu bhanchhu jhanai badchha,Deepak Limbu,Birsu Bhanchhu Jhanai Badchha,406.0,1,Deepak Limbu - Birsu Bhanchhu Jhanai Badchha.mp3,Deepak Limbu,2743,Chahanchhu Maya Badhos,Rachana Rimal,62.7,100.0,weak
deepak limbu|chahidaina bho,Deepak Limbu,Chahidaina Bho,250.0,1,Deepak Limbu - Chahidaina Bho.mp3,Deepak Limbu,264,Chahidaina Satai Juni,Anil Singh,83.3,100.0,probable
deepak limbu|chot jati,Deepak Limbu,Chot Jati,221.0,1,Deepak Limbu - Chot Jati.mp3,Deepak Limbu,1903,Jati Chot Saheni,Mamata Gurung,100.0,100.0,strong
deepak limbu|dherai dukkha sangalera,Deepak Limbu,Dherai Dukkha Sangalera,262.0,1,Deepak Limbu - Dherai Dukkha Sangalera.mp3,Deepak Limbu,2061,Dherai Dherai,Mingma Sherpa,100.0,100.0,strong
deepak limbu|dosandha,Deepak Limbu,Dosandha,289.0,1,Deepak Limbu - Dosandha.mp3,Deepak Limbu,129,Sadhai Sadhai,Abhaya and The Steam Injuns,71.4,100.0,weak
deepak limbu|eak anjuli,Deepak Limbu,Eak Anjuli,296.0,1,Deepak Limbu - Eak Anjuli.mp3,Deepak Limbu,2396,Sa Karnali,Nepathya,60.0,100.0,weak
deepak limbu|ghar chhodera,Deepak Limbu,Ghar Chhodera,241.0,1,Deepak Limbu - Ghar Chhodera (2).mp3,Deepak Limbu,4085,Garo Chha,Yash Kumar,72.7,100.0,weak
deepak limbu|ghat bhayo,Deepak Limbu,Ghat Bhayo,236.0,1,Deepak Limbu - Ghat Bhayo.mp3,Deepak Limbu,2044,Ghanti Bajyo,Milan Amatya,81.8,100.0,probable
deepak limbu|hajar tara,Deepak Limbu,Hajar Tara,258.0,1,Deepak Limbu - Hajar Tara.mp3,Deepak Limbu,2957,Hajar Janma,Rockheads Nepal,76.2,100.0,weak
deepak limbu|hey sathi,Deepak Limbu,Hey sathi,279.0,1,Deepak Limbu - Hey sathi.mp3,Deepak Limbu,3562,Sathi,SUshant KC,100.0,100.0,strong
deepak limbu|jeevan ke ho,Deepak Limbu,Jeevan Ke Ho,296.0,1,Deepak Limbu - Jeevan Ke Ho.mp3,Deepak Limbu,1155,Jeevan,Dixita Karki,100.0,100.0,strong
deepak limbu|jeevan ke ho balla yati,Deepak Limbu,Jeevan Ke Ho Balla Yati,296.0,1,Deepak Limbu - Jeevan Ke Ho Balla Yati.mp3,Deepak Limbu,1155,Jeevan,Dixita Karki,100.0,100.0,strong
deepak limbu|jhamke sanjha,Deepak Limbu,Jhamke Sanjha,289.0,1,Deepak Limbu - Jhamke Sanjha.mp3,Deepak Limbu,2144,sanjha pakha,nabin k bhattarai,72.0,100.0,weak
deepak limbu|kasari bhanu,Deepak Limbu,Kasari Bhanu,267.0,1,Deepak Limbu - Kasari Bhanu.mp3,Deepak Limbu,1064,Kasari Bhanu,Deepak Limbu,100.0,100.0,strong
deepak limbu|kaslai sunau ho,Deepak Limbu,Kaslai Sunau Ho,203.0,1,Deepak Limbu - Kaslai Sunau Ho.mp3,Deepak Limbu,338,A Sathi Suna,Anju Panta and Kiran Bhujel From Nepali Movie Ye Sathi Suna,66.7,100.0,weak
deepak limbu|kasto maya diyou,Deepak Limbu,Kasto Maya Diyou,295.0,1,Deepak Limbu - Kasto Maya Diyou.mp3,Deepak Limbu,526,Maya,Ashutosh KC,100.0,100.0,strong
deepak limbu|khai kunni ke,Deepak Limbu,Khai Kunni Ke,353.0,1,Deepak Limbu - Khai Kunni Ke.mp3,Deepak Limbu,659,Khai,Bartika Eam Rai,100.0,100.0,strong
deepak limbu|khayeka ti bacha kasam,Deepak Limbu,Khayeka Ti Bacha Kasam,282.0,1,Deepak Limbu - Khayeka Ti Bacha Kasam.mp3,Deepak Limbu,1688,Bacha,Karan Bhatta,100.0,100.0,strong
deepak limbu|kun laaj,Deepak Limbu,Kun Laaj,279.0,1,Deepak Limbu - Kun Laaj.mp3,Deepak Limbu,1117,Juni Juni Lai,Dibesh Pokharel,62.5,100.0,weak
deepak limbu|kun lok ki pari,Deepak Limbu,Kun Lok Ki Pari,292.0,1,Deepak Limbu - Kun Lok Ki Pari.mp3,Deepak Limbu,270,Pari,Anil Singh,100.0,100.0,strong
deepak limbu|ma bachnu ko,Deepak Limbu,Ma Bachnu Ko,270.0,1,Deepak Limbu - Ma Bachnu Ko.mp3,Deepak Limbu,3773,Ma,The Shadows 'Nepal',100.0,100.0,strong
deepak limbu|ma ta maya,Deepak Limbu,Ma Ta Maya,307.0,1,Deepak Limbu - Ma Ta Maya.mp3,Deepak Limbu,12,Maya Ma,,100.0,100.0,strong
deepak limbu|ma ta maya gardai thiye,Deepak Limbu,Ma ta Maya Gardai Thiye,308.0,1,Deepak Limbu - Ma ta Maya Gardai Thiye.mp3,Deepak Limbu,12,Maya Ma,,100.0,100.0,strong
deepak limbu|mata hajur,Deepak Limbu,Mata Hajur,279.0,1,Deepak Limbu - Mata Hajur.mp3,Deepak Limbu,1175,Hey Hajur,Dr Pilot,71.4,100.0,weak
deepak limbu|mata jun bhanera,Deepak Limbu,Mata Jun Bhanera,284.0,1,Deepak Limbu - Mata Jun Bhanera.mp3,Deepak Limbu,1591,Bhanana Matra,John Chamling Rai,75.9,100.0,weak
deepak limbu|meri mayalu,Deepak Limbu,Meri Mayalu,229.0,1,Deepak Limbu - Meri Mayalu.mp3,Deepak Limbu,1204,Meri Mayalu,Echoes Valley,100.0,100.0,strong
deepak limbu|mero mann pagal,Deepak Limbu,Mero Mann Pagal,276.0,1,Deepak Limbu - Mero Mann Pagal.mp3,Deepak Limbu,772,Mann,Bipul Chettri,100.0,100.0,strong
deepak limbu|mero mannko,Deepak Limbu,Mero Mannko,271.0,1,Deepak Limbu - Mero Mannko.mp3,Deepak Limbu,2093,Mero Mann,Monkey Temple Nepal,90.0,100.0,strong
deepak limbu|mero matra,Deepak Limbu,Mero Matra,350.0,1,Deepak Limbu - Mero Matra.mp3,Deepak Limbu,773,Mero Maya,Bipul Chettri,84.2,100.0,probable
deepak limbu|mitha mitha,Deepak Limbu,Mitha Mitha,301.0,1,Deepak Limbu - Mitha Mitha.mp3,Deepak Limbu,2922,Mitha Mitha Kura,Ray Mec,100.0,100.0,strong
deepak limbu|muharako hissi ani,Deepak Limbu,Muharako Hissi Ani,248.0,1,Deepak Limbu - Muharako Hissi Ani.mp3,Deepak Limbu,1037,Kali Kali Hissi Pareki,Deepak Bajracharya,68.6,100.0,weak
deepak limbu|mutu magyau timile,Deepak Limbu,Mutu Magyau Timile,375.0,1,Deepak Limbu - Mutu Magyau Timile.mp3,Deepak Limbu,3567,Timile,Sushant KC,100.0,100.0,strong
deepak limbu|najar najarmai,Deepak Limbu,Najar Najarmai,301.0,1,Deepak Limbu - Najar Najarmai.mp3,Deepak Limbu,2957,Hajar Janma,Rockheads Nepal,72.0,100.0,weak
deepak limbu|nakhakai bhaye,Deepak Limbu,Nakhakai Bhaye,205.0,1,Deepak Limbu - Nakhakai Bhaye.mp3,Deepak Limbu,407,THAHAI BHAYENA,Annu Chaudhary,78.6,100.0,probable
deepak limbu|pani pani bho,Deepak Limbu,Pani Pani Bho,312.0,1,Deepak Limbu - Pani Pani Bho.mp3,Deepak Limbu,2156,Pani Pani,Nalina Chitrakar,100.0,100.0,strong
deepak limbu|phool jastai fulirahahu,Deepak Limbu,Phool Jastai Fulirahahu,211.0,1,Deepak Limbu - Phool Jastai Fulirahahu.mp3,Deepak Limbu,3465,Phool,Sujan Chapagain,100.0,100.0,strong
deepak limbu|purnima jhai muhar,Deepak Limbu,Purnima Jhai Muhar,257.0,1,Deepak Limbu - Purnima Jhai Muhar.mp3,Deepak Limbu,1947,Jhar Jhar Jhari Parda,Mantra Band,64.7,100.0,weak
deepak limbu|qatar gaye,Deepak Limbu,Qatar Gaye,389.0,1,Deepak Limbu - Qatar Gaye.mp3,Deepak Limbu,3542,Gayo Ta Gayo,Sushant KC,70.6,100.0,weak
deepak limbu|rupauli naani,Deepak Limbu,Rupauli Naani,281.0,1,Deepak Limbu - Rupauli Naani.mp3,Deepak Limbu,3672,Rupai Mohani,"Tanka Budhathoki, Meena Niroula",72.0,100.0,weak
deepak limbu|samjhana ta,Deepak Limbu,Samjhana Ta,298.0,1,Deepak Limbu - Samjhana Ta.mp3,Deepak Limbu,737,Samjhana,Bikki Gurung,100.0,100.0,strong
deepak limbu|sapanama timilai,Deepak Limbu,Sapanama Timilai,275.0,1,Deepak Limbu - Sapanama Timilai.mp3,Deepak Limbu,1555,Timilai,James Shrestha,100.0,100.0,strong
deepak limbu|sapani ramro,Deepak Limbu,Sapani Ramro,290.0,1,Deepak Limbu - Sapani Ramro.mp3,Deepak Limbu,2979,Sapani Ma,Rohit John Chettri,80.0,100.0,probable
deepak limbu|simpal simpal,Deepak Limbu,Simpal Simpal,259.0,1,Deepak Limbu - Simpal Simpal.mp3,Deepak Limbu,1969,Sital Sital,Mausami Gurung,72.7,100.0,weak
deepak limbu|solu khotang,Deepak Limbu,Solu Khotang,359.0,1,Deepak Limbu - Solu Khotang.mp3,Deepak Limbu,3839,Khotang Jilla Diktel Bajar,"Tulasi Parajuli, Lochan Bhattarai",73.7,100.0,weak
deepak limbu|sungabha sari,Deepak Limbu,Sungabha Sari,287.0,1,Deepak Limbu - Sungabha Sari.mp3,Deepak Limbu,177,Dai Nabhana,Aizen (NPL),66.7,100.0,weak
deepak limbu|sustari bole,Deepak Limbu,Sustari Bole,302.0,1,Deepak Limbu - Sustari Bole.mp3,Deepak Limbu,629,SUSTARI SUSTARI,Bal bahadur rajbanshi,100.0,100.0,strong
deepak limbu|sustari bolun bhanchhu,Deepak Limbu,Sustari Bolun Bhanchhu,301.0,1,Deepak Limbu - Sustari Bolun Bhanchhu.mp3,Deepak Limbu,629,SUSTARI SUSTARI,Bal bahadur rajbanshi,100.0,100.0,strong
deepak limbu|timi,Deepak Limbu,Timi,52.0,1,Deepak Limbu - Timi.mp3,Deepak Limbu,1998,Timi,Mc Flo,100.0,100.0,strong
deepak limbu|timi bina fika lagchha,Deepak Limbu,Timi Bina Fika Lagchha,242.0,1,Deepak Limbu - Timi Bina Fika Lagchha.mp3,Deepak Limbu,565,Timi Bina,Astha Tamang Maskey,100.0,100.0,strong
deepak limbu|timi gungunaudai chhau,Deepak Limbu,Timi Gungunaudai Chhau,274.0,1,Deepak Limbu - Timi Gungunaudai Chhau.mp3,Deepak Limbu,752,Timi,Binit Shrestha,100.0,100.0,strong
deepak limbu|timi saath hunda,Deepak Limbu,Timi Saath Hunda,270.0,1,Deepak Limbu - Timi Saath Hunda.mp3,Deepak Limbu,752,Timi,Binit Shrestha,100.0,100.0,strong
deepak limbu|timi sanga,Deepak Limbu,Timi Sanga,237.0,1,Deepak Limbu - Timi Sanga.mp3,Deepak Limbu,2890,Timi Sanga,Ram Krishna Dhakal,100.0,100.0,strong
deepak limbu|timi sath hunda,Deepak Limbu,Timi Sath Hunda,270.0,1,Deepak Limbu - Timi Sath Hunda.mp3,Deepak Limbu,2676,Timi Sath Hunda,Pratap Das,100.0,100.0,strong
deepak limbu|timilai maya,Deepak Limbu,Timilai Maya,314.0,1,Deepak Limbu - Timilai Maya.mp3,Deepak Limbu,526,Maya,Ashutosh KC,100.0,100.0,strong
deepak limbu|timilai sancho chhaina,Deepak Limbu,Timilai Sancho Chhaina,257.0,1,Deepak Limbu - Timilai Sancho Chhaina.mp3,Deepak Limbu,194,Chhaina,Albatross,100.0,100.0,strong
deepak limbu|timro aankha,Deepak Limbu,Timro Aankha,334.0,1,Deepak Limbu - Timro Aankha.mp3,Deepak Limbu,3620,Timro Aankha,Swoopna Suman,100.0,100.0,strong
deepak limbu|timro aankhale sajaune,Deepak Limbu,Timro Aankhale Sajaune,293.0,1,Deepak Limbu - Timro Aankhale Sajaune.mp3,Deepak Limbu,3614,Ma Timro,Swoopna Suman,76.9,100.0,weak
deepak limbu|yadi timro,Deepak Limbu,Yadi Timro,300.0,1,Deepak Limbu - Yadi Timro.mp3,Deepak Limbu,907,Timro Yaad,Chhewang Lama,90.0,100.0,strong
deepak limbu|yatai katai,Deepak Limbu,Yatai Katai,278.0,1,Deepak Limbu - Yatai Katai.mp3,Deepak Limbu,1016,Kahi Katai,Deep Shrestha,76.2,100.0,weak
deepak limbu|ye joon,Deepak Limbu,Ye Joon,279.0,1,Deepak Limbu - Ye Joon.mp3,Deepak Limbu,703,Joon Ta Lagyo Tarale,Bharati Ghimire,72.7,100.0,weak
deepak limbu|yo dil bhitra timilai,Deepak Limbu,Yo Dil Bhitra Timilai,309.0,1,Deepak Limbu - Yo Dil Bhitra Timilai.mp3,Deepak Limbu,1555,Timilai,James Shrestha,100.0,100.0,strong
deepak limbu|yo pal,Deepak Limbu,Yo Pal,303.0,1,Deepak Limbu - Yo Pal.mp3,Deepak Limbu,3418,Yo Pal,Sugam Pokharel,100.0,100.0,strong
deepak pun yam baral|basantako,"Deepak Pun, Yam Baral",Basantako,284.0,1,"Deepak Pun, Yam Baral - Basantako.mp3",Yam Baral,1626,Basanta,JPT Rockerz,87.5,100.0,probable
deependra tamatta|ae kanchhi,Deependra Tamatta,Ae kanchhi,209.0,1,Deependra Tamatta - Ae kanchhi.mp3,Kanchhi,420,Kanchhi,Anuprastha,100.0,66.7,weak
deepesh rahi|sajjan,Deepesh Rahi,SAJJAN,196.0,1,Deepesh Rahi - SAJJAN.mp3,Sajjan,1366,Sajjan Raj Vaidya - Chitthi Bhitra,Genius Romanizations,100.0,73.7,weak
dejota kn da ns 2|mega vou sacar o revólver dj kn da ns,DEJOTA KN DA NS 2,MEGA VOU SACAR O REVÓLVER DJ KN DA NS,0.0,1,MEGA VOU SACAR O REVÓLVER DJ KN DA NS.m4a,Sacar,,,,50.0,48.3,none
dekendra shrestha topic|resam firiri,Dekendra Shrestha - Topic,Resam Firiri|Evergreen Nepali Song,235.0,1,Resam Firiri｜Evergreen Nepali Song.m4a,Resham Firiri,1650,Resham Firiri,Kali Prasad Baskota,96.0,76.2,probable
density|sherpa,Density,Sherpa,288.0,1,Density - Sherpa.mp3,SHERPA,1339,Fuba Tamang - Vagera kaha Feat. Finjo Sherpa,Genius Romanizations,100.0,62.5,weak
depa maharjan sharada limbu sajjan khaling nischal lama|maruni,"Depa Maharjan, Sharada Limbu, Sajjan Khaling, Nischal Lama",Maruni,263.0,1,"Depa Maharjan, Sharada Limbu, Sajjan Khaling, Nischal Lama - Maruni.mp3",Sajjan,1835,Maria,L.A Music,72.7,72.7,weak
depa sharada bhumika nirmala sajjan nischal rabi|selo,"Depa, Sharada Bhumika, Nirmala, Sajjan, Nischal, Rabi",Selo,284.0,1,"Depa, Sharada Bhumika, Nirmala, Sajjan, Nischal, Rabi - Selo.mp3",Sajjan,1035,Eklo,Deepak Bajracharya,75.0,66.7,weak
desihifi|budhi ghorhi lal lagam amar singh chamkila amarjot,DesiHiFi,Budhi Ghorhi Lal Lagam - Amar Singh Chamkila & Amarjot,396.0,1,Budhi Ghorhi Lal Lagam - Amar Singh Chamkila & Amarjot.m4a,Chhori Budhi,,,,52.6,55.6,none
dev ale anju panta|jindagiko dobato,"Dev Ale, Anju Panta",Jindagiko Dobato,398.0,1,"Dev Ale, Anju Panta - Jindagiko Dobato.mp3",Anju Panta,3916,Jindagiko Goretoma,"Udit Narayan Jha, Sadhana Sargam and Aditya Narayan Jha from Nepali",76.5,100.0,weak
deva premal miten with manose and maneesh de moor|white cloud white swan,Deva Premal & Miten With Manose And Maneesh De Moor,"White Cloud, White Swan",242.0,1,"Deva Premal & Miten With Manose And Maneesh De Moor - White Cloud, White Swan.mp3",Manose,,,,58.1,50.9,none
device|sand stone cobwebs and dust,Device,"Sand, Stone, Cobwebs And Dust",208.0,1,"Device - Sand, Stone, Cobwebs And Dust.mp3",Cobweb,,,,49.0,53.3,none
devika bandana sangeeta rana yam baral|mero lali jovan,"Devika Bandana, Sangeeta Rana, Yam Baral",Mero Lali Jovan,266.0,1,"Devika Bandana, Sangeeta Rana, Yam Baral - Mero Lali Jovan.mp3",Yam Baral,2221,Mero Joban Laijau,Narayan Gopal,81.2,100.0,probable
devika bandana yam baral sarita shrestha|baba timi,"Devika Bandana, Yam Baral & Sarita Shrestha",Baba Timi,351.0,1,"Devika Bandana, Yam Baral & Sarita Shrestha - Baba Timi.mp3",Yam Baral,752,Timi,Binit Shrestha,100.0,100.0,strong
devika bandana yam baral|feri unko samjhana,"Devika Bandana, Yam Baral",Feri Unko Samjhana,366.0,1,"Devika Bandana, Yam Baral - Feri Unko Samjhana.mp3",Yam Baral,737,Samjhana,Bikki Gurung,100.0,100.0,strong
devika bandana|dakshina kalika aarti of nepali,Devika Bandana,Dakshina-Kalika aarti of Nepali,293.0,1,Devika Bandana - Dakshina-Kalika aarti of Nepali.mp3,nepali,207,Nepali,Albatross,100.0,100.0,strong
devraj unplugged|sailo ma charghare,Devraj Unplugged,Sailo Ma Charghare | Mayale Vane Bisai Pani Piduela | Bishwo Dong [lyrics] @mediaspotlightofficial,237.0,1,Sailo Ma Charghare ｜ Mayale Vane Bisai Pani Piduela ｜ Bishwo Dong [lyrics] @mediaspotlightofficial.m4a,Sailo Ma Charghare,828,Sailo Ma Charghare,Bishwo Dong,100.0,50.0,weak
dewdarshi magan sanjeev singh satish gupta|gaya ke saya vs chatra ke choli,"Dewdarshi Magan, Sanjeev Singh, Satish Gupta",Gaya Ke Saya Vs Chatra Ke Choli,175.0,1,"Dewdarshi Magan, Sanjeev Singh, Satish Gupta - Gaya Ke Saya Vs Chatra Ke Choli.mp3",Sanjeev Singh,1824,Choli Ramro,Kunti Moktan,62.5,100.0,weak
dg records|jamesy amsterdam,DG RECORDS,JAMESY - AMSTERDAM (OFFICIAL M/V),185.0,1,JAMESY - AMSTERDAM (OFFICIAL M⧸V).m4a,Fulbari rapper,1556,Amsterdam,Jamesy,100.0,50.0,weak
dhara shah|shiv shankar mil gaye,Dhara Shah,Shiv Shankar Mil Gaye,257.0,1,Dhara Shah - Shiv Shankar Mil Gaye.mp3,Shiv Shankar,2067,Om Jaya Shiva Shankar,"Mira Rana, Dwarika Lal Joshi",81.0,70.0,weak
dharmaraj thapa|aaipugyo relaima,Dharmaraj Thapa,Aaipugyo Relaima,201.0,1,Dharmaraj Thapa - Aaipugyo Relaima.mp3,Dharmaraj Thapa,1667,Jaula Relaima,Kamal Khatri,70.0,100.0,weak
dharmaraj thapa|aaja madal bajeko kina,Dharmaraj Thapa,Aaja Madal Bajeko Kina,185.0,1,Dharmaraj Thapa - Aaja Madal Bajeko Kina.mp3,Dharmaraj Thapa,144,Aaja,Adrian Pradhan,100.0,100.0,strong
dharmaraj thapa|aaja malai sanchho chhaina,Dharmaraj Thapa,Aaja Malai Sanchho Chhaina,187.0,1,Dharmaraj Thapa - Aaja Malai Sanchho Chhaina.mp3,Dharmaraj Thapa,144,Aaja,Adrian Pradhan,100.0,100.0,strong
dharmaraj thapa|bukyanima buki phulyo,Dharmaraj Thapa,Bukyanima Buki Phulyo,146.0,1,Dharmaraj Thapa - Bukyanima Buki Phulyo.mp3,Dharmaraj Thapa,1005,Dubo Phulyo,"Dayahang Rai, Upasana Singh, Karma, Wilson",70.6,100.0,weak
dharmaraj thapa|dhurudhuru narou aama,Dharmaraj Thapa,Dhurudhuru Narou Aama,196.0,1,Dharmaraj Thapa - Dhurudhuru Narou Aama.mp3,Dharmaraj Thapa,1007,Aama Aama,Deep Shrestha,100.0,100.0,strong
dharmaraj thapa|hariyo bhannu,Dharmaraj Thapa,Hariyo Bhannu,177.0,1,Dharmaraj Thapa - Hariyo Bhannu.mp3,Dharmaraj Thapa,758,Bhaans Ghari,Bipul Chettri,72.0,100.0,weak
dharmaraj thapa|hariyo danda mathi,Dharmaraj Thapa,Hariyo Danda Mathi,211.0,1,Dharmaraj Thapa - Hariyo Danda Mathi.mp3,Dharmaraj Thapa,1090,Hariyo Dada Mathi,Dharmaraj Thapa,97.1,100.0,strong
dharmaraj thapa|karma rukho jhayau lagepachhi,Dharmaraj Thapa,Karma Rukho Jhayau Lagepachhi,216.0,1,Dharmaraj Thapa - Karma Rukho Jhayau Lagepachhi.mp3,Dharmaraj Thapa,503,Udi Jau Bhane Ma Panchhi,Aruna Lama,60.4,100.0,weak
dharmaraj thapa|khai ta malai jali rumal,Dharmaraj Thapa,Khai Ta Malai Jali Rumal,170.0,1,Dharmaraj Thapa - Khai Ta Malai Jali Rumal.mp3,Dharmaraj Thapa,659,Khai,Bartika Eam Rai,100.0,100.0,strong
dharmaraj thapa|reshamle nani,Dharmaraj Thapa,Reshamle Nani,168.0,1,Dharmaraj Thapa - Reshamle Nani.mp3,Dharmaraj Thapa,2394,Resham,Nepathya,63.2,100.0,weak
dharmaraj thapa|saili rimai chauri gai,Dharmaraj Thapa,Saili Rimai Chauri Gai,182.0,1,Dharmaraj Thapa - Saili Rimai Chauri Gai.mp3,Dharmaraj Thapa,1494,Saili,Hemanta Rana,100.0,100.0,strong
dharmaraj thapa|tansenko sital,Dharmaraj Thapa,Tansenko Sital,167.0,1,Dharmaraj Thapa - Tansenko Sital.mp3,Dharmaraj Thapa,1969,Sital Sital,Mausami Gurung,100.0,100.0,strong
dharmaraj thapa|timile bhane birseki hauli,Dharmaraj Thapa,Timile Bhane Birseki Hauli,178.0,1,Dharmaraj Thapa - Timile Bhane Birseki Hauli.mp3,Dharmaraj Thapa,3567,Timile,Sushant KC,100.0,100.0,strong
dharmatamang|let it go ft duke yama buddha,dharmatamang,Let it go ft. Duke -Yama Buddha,0.0,1,Let it go ft. Duke -Yama Buddha.m4a,Yama Buddha,4079,Saathi साथी Yama Buddha,Yama Buddha,64.7,72.0,none
dharmendra sewan|resham firiri,Dharmendra Sewan,Resham Firiri (Live),272.0,1,Resham Firiri (Live).m4a,Resham Firiri,1650,Resham Firiri,Kali Prasad Baskota,100.0,100.0,strong
dick walter enstrümantal|cobwebs and rainbows,Dick Walter (Enstrümantal),Cobwebs and Rainbows,183.0,1,Dick Walter (Enstrümantal) - Cobwebs and Rainbows.mp3,Cobweb,,,,52.6,49.0,none
dinesh adhikari bimala rai|ye phool malai,"Dinesh Adhikari, Bimala Rai",Ye Phool Malai,274.0,1,"Dinesh Adhikari, Bimala Rai - Ye Phool Malai.mp3",Bimala Rai,3465,Phool,Sujan Chapagain,100.0,76.2,probable
dipak limbu anju panta|chhati bhitra,"Dipak Limbu, Anju Panta",Chhati Bhitra,326.0,1,"Dipak Limbu, Anju Panta - Chhati Bhitra.mp3","Dipak Limbu, Anju Panta",3076,Chitthi Bhitra,Sajjan Raj Vaidya,81.5,100.0,probable
dipak limbu anju panta|nyano yo sath,"Dipak Limbu, Anju Panta",Nyano Yo Sath,283.0,1,"Dipak Limbu, Anju Panta - Nyano Yo Sath.mp3","Dipak Limbu, Anju Panta",688,Sath,Beyond & Barsha Karmacharya,100.0,100.0,strong
dipesh khanal official|झल्को लाली ओठ को,Dipesh Khanal Official,झल्को लाली ओठ को | Jhalko Lali Othako New Live Dohori Chije Gurung vs Bishal Sanjiyal,345.0,1,झल्को लाली ओठ को ｜ Jhalko Lali Othako New Live Dohori Chije Gurung vs Bishal Sanjiyal.m4a,Jhalko Lali Othako,,,,41.0,100.0,weak
dipesh magar|vten_ kanchi___vten_new_song_kanxi___vten_new_nepali_rap_song_2021 mp3_70k mp3,dipesh magar,Vten_-kanchi___vten_new_song_kanxi___vten_new_nepali_rap_song_2021(MP3_70K).mp3,0.0,1,Vten_-kanchi___vten_new_song_kanxi___vten_new_nepali_rap_song_2021(MP3_70K).mp3.m4a,VTEN,,,,33.3,64.0,none
dip|aatmaghati dong,Dip,Aatmaghati (DONG) NEPALI RAP SONG,0.0,1,Aatmaghati (DONG) NEPALI RAP SONG.m4a,Aidray Nepali rap,1885,Aatmaghati,Mahesh Dong,100.0,75.0,probable
dip|luki rakh dong,Dip,Luki Rakh (DONG) NEPALI RAP SONG,0.0,1,Luki Rakh (DONG) NEPALI RAP SONG.m4a,Aidray Nepali rap,1105,Luki Luki,Dhiraj Rai,100.0,75.0,probable
dip|raavana,Dip,Raavana (Prod. by SNJV) (Dong)  Nepali rap song,0.0,1,Raavana (Prod. by SNJV) (Dong)  Nepali rap song.m4a,Aidray Nepali rap,1893,Ravana,Mahesh Dong,92.3,75.0,probable
dirtyr mr green|juni juni the unity aidray da69 n asif,DirtyR - (Mr.Green),Juni Juni THe UNity Aidray Da69 n Asif,241.0,1,Juni Juni THe UNity Aidray Da69 n Asif.m4a,Aidray Nepali rap,3083,Juni,Sajjan Raj Vaidya,100.0,66.7,weak
dirtyr|dirty r _ saathi ii reply with yama buddha,DirtyR,Dirty R _ Saathi II(Reply) with Yama Buddha,0.0,1,Dirty R _ Saathi II(Reply) with Yama Buddha.m4a,Yama Buddha,1184,Saathi,Durgesh Thapa,100.0,53.3,weak
divya khaling bimala rai|sapana timi bipana timi,"Divya Khaling, Bimala Rai",Sapana Timi Bipana Timi,340.0,1,"Divya Khaling, Bimala Rai - Sapana Timi Bipana Timi.mp3",Bimala Rai,752,Timi,Binit Shrestha,100.0,62.9,weak
divya tyagi|shiv shankar bholenath tera damru baje parvat pe,Divya Tyagi,Shiv Shankar Bholenath Tera Damru Baje Parvat Pe,276.0,1,Divya Tyagi - Shiv Shankar Bholenath Tera Damru Baje Parvat Pe.mp3,Shiv Shankar,1543,Shankar Bhole,Ishwor Krishna Bhurtel,70.0,58.3,weak
diwakar khadka ram thapa|pahad jhuknu parchha,"Diwakar khadka, Ram Thapa",Pahad Jhuknu Parchha,258.0,1,"Diwakar khadka, Ram Thapa - Pahad Jhuknu Parchha.mp3",Ram Thapa,2905,Pahad Jhuknu Parcha,Ram Thapa,97.4,100.0,strong
diwas gurung|kati baschau maiti kai,diwas gurung,Kati Baschau Maiti Kai..,224.0,1,Kati Baschau Maiti Kai...m4a,Maiti Ghar,1151,Kati Baschau Maiti Kai,Diwas Gurung,100.0,100.0,strong
dj ajay smiley from thimmapur 02|jagajagajankanu teej song dj ajay smiley thimmapur mp3,DJ AJAY SMILEY FROM THIMMAPUR 02,JAGAJAGAJANKANU TEEJ SONG REMIX DJ AJAY SMILEY THIMMAPUR.mp3,0.0,1,JAGAJAGAJANKANU TEEJ SONG REMIX DJ AJAY SMILEY THIMMAPUR.mp3.m4a,teej song,3163,Pir Song,Samjhana Bhandari,66.7,49.3,weak
dj ajmal kasi|saathi instrumental yama buddha,DJ Ajmal Kasi,saathi instrumental (yama buddha),0.0,1,saathi instrumental (yama buddha).m4a,Yama Buddha,1184,Saathi,Durgesh Thapa,100.0,64.0,weak
dj anil tinku in the mix|banjara lengi chori teej trending song by dj rahul nrj dj mohan sonu dj anil tinku,Dj Anil Tinku × In The Mix,BANJARA (LENGI CHORI) TEEJ TRENDING SONG REMIX BY DJ RAHUL NRJ & DJ MOHAN SONU - DJ ANIL TINKU,0.0,1,BANJARA (LENGI CHORI) TEEJ TRENDING SONG REMIX BY DJ RAHUL NRJ & DJ MOHAN SONU - DJ ANIL TINKU.m4a,teej song,3058,CHORI CHORI चोरी चोरी,Sadeekshya Kattel,66.7,60.0,weak
dj anjan chhetri npl|01 durgesh thapa dushman herai ko herai dj chhetri house rework,DJ  ANJAN CHHETRI NPL,01 Durgesh Thapa  Dushman herai ko herai DJ Chhetri House Rework,0.0,1,01 Durgesh Thapa  Dushman herai ko herai DJ Chhetri House Rework.m4a,Durgesh Thapa,1267,Herai Basai,Extended - Yabesh Thapa,62.5,70.0,none
dj anjan chhetri npl|01 durgesh thapa jane bhaye jam maya dj chhetri rework,DJ  ANJAN CHHETRI NPL,01  Durgesh Thapa Jane Bhaye Jam Maya DJ CHHETRI Rework,0.0,1,01  Durgesh Thapa Jane Bhaye Jam Maya DJ CHHETRI Rework.m4a,Durgesh Thapa,526,Maya,Ashutosh KC,100.0,70.0,weak
dj anjan chhetri npl|dusman_hereko_herai_durgesh_thapa_ trible house dj chhetri,DJ  ANJAN CHHETRI NPL,DUSMAN_HEREKO_HERAI_Durgesh_Thapa_ Trible House DJ Chhetri Remix,0.0,1,DUSMAN_HEREKO_HERAI_Durgesh_Thapa_ Trible House DJ Chhetri Remix.m4a,Durgesh Thapa,,,,47.5,70.0,none
dj bablu from mbnr|aavo vira banjra teej song by dj shiva dj rahul dj bablu mbnr mp3,DJ BABLU FROM MBNR,AAVO VIRA BANJRA TEEJ SONG REMIX BY DJ SHIVA & DJ RAHUL & DJ BABLU MBNR.mp3,0.0,1,AAVO VIRA BANJRA TEEJ SONG REMIX BY DJ SHIVA & DJ RAHUL & DJ BABLU MBNR.mp3.m4a,teej song,3163,Pir Song,Samjhana Bhandari,66.7,56.2,weak
dj bablu from mbnr|bhiya bhaner teej banjarai song by dj shiva dj rahul dj bablu mbnr mp3,DJ BABLU FROM MBNR,BHIYA BHANER TEEJ BANJARAI SONG REMIX BY DJ SHIVA & DJ RAHUL & DJ BABLU MBNR.mp3,0.0,1,BHIYA BHANER TEEJ BANJARAI SONG REMIX BY DJ SHIVA & DJ RAHUL & DJ BABLU MBNR.mp3.m4a,teej song,3163,Pir Song,Samjhana Bhandari,66.7,56.2,weak
dj bn|sailo ma charghare,DJ BN,Sailo Ma Charghare||Remix||DJ BN|| (साईलो म चारघरे )By Bishwo Dong || New Nepali Lok Pop Song 2081||,232.0,1,Sailo Ma Charghare｜｜Remix｜｜DJ BN｜｜ (साईलो म चारघरे )By Bishwo Dong ｜｜ New Nepali Lok Pop Song 2081｜｜.m4a,Sailo Ma Charghare,828,Sailo Ma Charghare,Bishwo Dong,100.0,60.0,weak
dj caat bblgxm o lenhador|sem do,"Dj Caat, bblgxm, O LENHADOR",SEM DO,132.0,1,"Dj Caat, bblgxm, O LENHADOR - SEM DO.mp3",Dj Caat,108,Dosh,Aastha Band,60.0,46.2,none
dj caat cavezt vfx|panay panay,"Dj Caat, cavezt.vfx",PANAY PANAY!,108.0,1,"Dj Caat, cavezt.vfx - PANAY PANAY! (2).mp3",Dj Caat,3025,Paana,Sabin Rai,80.0,44.4,weak
dj caat cavezt vfx|slendrina funk,"Dj Caat, cavezt.vfx",Slendrina Funk,76.0,1,"Dj Caat, cavezt.vfx - Slendrina Funk.mp3",Dj Caat,,,,57.1,44.4,none
dj caat cavezt vfx|vannay,"Dj Caat, cavezt.vfx",VANNAY,97.0,1,"Dj Caat, cavezt.vfx - VANNAY.mp3",Dj Caat,1240,Vanana,Ekdev Limbu,83.3,44.4,weak
dj caat dj zylex|montagem balando puro,"Dj Caat, DJ ZYLEX",MONTAGEM BALANDO PURO,245.0,1,"Dj Caat, DJ ZYLEX - MONTAGEM BALANDO PURO.mp3",Dj Caat,,,,58.8,46.7,none
dj caat mc sairaj|sokka zada,"Dj Caat, MC SAIRAJ",SOKKA ZADA,131.0,1,"Dj Caat, MC SAIRAJ - SOKKA ZADA (3).mp3",Dj Caat,,,,57.1,53.3,none
dj caat young serena|by your side funk,"Dj Caat, Young Serena",BY YOUR SIDE FUNK!,150.0,1,"Dj Caat, Young Serena - BY YOUR SIDE FUNK!.mp3",Dj Caat,3814,By My Side,Trishala Gurung,82.4,50.0,weak
dj caat young serena|montagem yaad,"Dj Caat, Young Serena",MONTAGEM YAAD,54.0,1,"Dj Caat, Young Serena - MONTAGEM YAAD.mp3",Dj Caat,114,Yaad Nadeu,Aastha Band,69.6,50.0,weak
dj caat young serena|montagem yaad ma,"Dj Caat, Young Serena",MONTAGEM YAAD MA,145.0,1,"Dj Caat, Young Serena - MONTAGEM YAAD MA.mp3",Dj Caat,3773,Ma,The Shadows 'Nepal',100.0,50.0,weak
dj caat young serena|montagem yaad ma funk,"Dj Caat, Young Serena",MONTAGEM YAAD MA FUNK,106.0,1,"Dj Caat, Young Serena - MONTAGEM YAAD MA FUNK (2).mp3",Dj Caat,3773,Ma,The Shadows 'Nepal',100.0,50.0,weak
dj caat young serena|timro yaad ma,"Dj Caat, Young Serena",TIMRO YAAD MA,93.0,1,"Dj Caat, Young Serena - TIMRO YAAD MA.mp3",Dj Caat,907,Timro Yaad,Chhewang Lama,100.0,50.0,weak
dj caat|ayy kancha,Dj Caat,AYY KANCHA,89.0,1,Dj Caat - AYY KANCHA.mp3,Dj Caat,472,Eh Kancha,Aruna Lama,80.0,60.0,weak
dj caat|ayy kancha slowed,Dj Caat,AYY KANCHA- Slowed,98.0,1,Dj Caat - AYY KANCHA- Slowed.mp3,Dj Caat,472,Eh Kancha,Aruna Lama,80.0,60.0,weak
dj caat|baby do that drill,Dj Caat,BABY DO THAT DRILL,200.0,1,Dj Caat - BABY DO THAT DRILL.mp3,Dj Caat,3999,That Way,VTEN,66.7,60.0,weak
dj caat|die again,Dj Caat,DIE AGAIN,123.0,1,Dj Caat - DIE AGAIN (5).mp3,Dj Caat,105,Aai Deu,Aastha Band,75.0,60.0,weak
dj caat|gangayy funk,Dj Caat,GANGAYY FUNK,158.0,1,Dj Caat - GANGAYY FUNK (2).mp3,Dj Caat,,,,58.3,60.0,none
dj caat|hold me in the dark,Dj Caat,HOLD ME IN THE DARK,131.0,1,Dj Caat - HOLD ME IN THE DARK.mp3,Dj Caat,836,Dark Side of the Sun,Bluesss,66.7,60.0,weak
dj caat|montagem cjp,Dj Caat,MONTAGEM CJP,140.0,1,Dj Caat - MONTAGEM CJP.mp3,Dj Caat,,,,54.5,60.0,none
dj caat|montagem gen z funk,Dj Caat,MONTAGEM GEN Z FUNK,208.0,1,Dj Caat - MONTAGEM GEN Z FUNK.mp3,Dj Caat,,,,50.0,60.0,none
dj caat|nepali phonk,Dj Caat,NEPALI PHONK,76.0,1,Dj Caat - NEPALI PHONK.mp3,nepali,207,Nepali,Albatross,100.0,60.0,weak
dj caat|nepali phonk 3,Dj Caat,NEPALI PHONK 3,184.0,1,Dj Caat - NEPALI PHONK 3 (2).mp3,Dj Caat,207,Nepali,Albatross,100.0,60.0,weak
dj caat|nepamorphosis,Dj Caat,NEPAMORPHOSIS,178.0,1,Dj Caat - NEPAMORPHOSIS (4).mp3,Dj Caat,,,,53.8,60.0,none
dj caat|noite quite,Dj Caat,NOITE QUITE,82.0,1,Dj Caat - NOITE QUITE.mp3,Dj Caat,,,,58.3,60.0,none
dj caat|pagal ho funk,Dj Caat,PAGAL HO FUNK,193.0,1,Dj Caat - PAGAL HO FUNK (3).mp3,Dj Caat,3574,Pagal,Sushant KC | OST From Karma Movie,100.0,60.0,weak
dj caat|physics wallah funk,Dj Caat,PHYSICS WALLAH FUNK !,100.0,1,Dj Caat - PHYSICS WALLAH FUNK ! (3).mp3,Dj Caat,,,,51.3,60.0,none
dj caat|timi kina yesto funk,Dj Caat,TIMI KINA YESTO FUNK,134.0,1,Dj Caat - TIMI KINA YESTO FUNK.mp3,Dj Caat,752,Timi,Binit Shrestha,100.0,60.0,weak
dj cerberus me|are you in team 2nights mix by vlad dj nepali jarique,Dj Cerberus & me,are you in team (2nights mix/ by Vlad & dj nePali & Jarique),178.0,1,Dj Cerberus & me - are you in team (2nights mix_ by Vlad & dj nePali & Jarique).mp3,nepali,207,Nepali,Albatross,100.0,50.0,weak
dj chintu nyk 01|gorura thandemaa teej borarecha banjara new song teej spl congo styel mix by dj chintu nyk,dj chintu nyk 01,GORURA THANDEMAA TEEJ BORARECHA BANJARA NEW SONG TEEJ SPL [CONGO STYEL MIX] BY DJ CHINTU NYK,0.0,1,GORURA THANDEMAA TEEJ BORARECHA BANJARA NEW SONG TEEJ SPL [CONGO STYEL MIX] BY DJ CHINTU NYK.mp3,teej song,3163,Pir Song,Samjhana Bhandari,66.7,100.0,weak
dj chotu baby mothkur|mangli teej dhimi dhim song dj chotu baby,Dj Chotu Baby - Mothkur,Mangli Teej Dhimi Dhim Song dj chotu baby,0.0,1,Mangli Teej Dhimi Dhim Song dj chotu baby.m4a,teej song,3163,Pir Song,Samjhana Bhandari,66.7,47.4,weak
dj cn rocks|tulsipurma dhulo teej song mix,dj CN rocks,Tulsipurma Dhulo Teej Song Mix,0.0,1,Tulsipurma Dhulo Teej Song Mix.mp3,teej song,3163,Pir Song,Samjhana Bhandari,66.7,54.5,weak
dj dilip kalwakurthy 2|banjara teej dj song dj dilip kalwakurthy,DJ DILIP KALWAKURTHY 2,Banjara Teej Dj Song Remix Dj Dilip Kalwakurthy,0.0,1,Banjara Teej Dj Song Remix Dj Dilip Kalwakurthy.m4a,teej song,3163,Pir Song,Samjhana Bhandari,66.7,47.1,weak
dj ganesh bolthey|lambi lambiye teej song by dj bhaskar bolthey and dj ganesh ngkl mp3,Dj Ganesh Bolthey,LAMBI LAMBIYE TEEJ SONG REMIX BY DJ BHASKAR BOLTHEY AND DJ GANESH NGKL.mp3,0.0,1,LAMBI LAMBIYE TEEJ SONG REMIX BY DJ BHASKAR BOLTHEY AND DJ GANESH NGKL.mp3.m4a,teej song,422,Jai Ganesh Jai Ganesh,Anuradha Paudwal,75.0,59.3,weak
dj humtum|phool ko ankh ma ani choying dolma ft dj humtum,dj.Humtum,Phool Ko Ankh Ma Ani Choying Dolma Ft.dj.humtum,0.0,1,Phool Ko Ankh Ma Ani Choying Dolma Ft.dj.humtum.m4a,Phool Ko Mala,3465,Phool,Sujan Chapagain,100.0,50.0,weak
dj karthik crazy|dhumi nache banjara teej song dandiya dance by dj karthik crazy mp3,🔁DJ KARTHIK CRAZY▶️,DHUMI NACHE BANJARA TEEJ SONG DANDIYA DANCE REMIX BY DJ KARTHIK CRAZY.mp3,0.0,1,DHUMI NACHE BANJARA TEEJ SONG DANDIYA DANCE REMIX BY DJ KARTHIK CRAZY.mp3.m4a,teej song,3163,Pir Song,Samjhana Bhandari,66.7,52.9,weak
dj krisisna|yama buddha vs 2 pac nephop click the link below to,DJ Krisisna,Yama Buddha Vs 2 Pac NepHop-Click the link below to download,0.0,1,Yama Buddha Vs 2 Pac NepHop-Click the link below to download.m4a,Yama Buddha,3049,King of NEPHOP 2,SACAR aka Lil Buddha,66.7,60.0,weak
dj lama|lil jhola jamesy rajnigandha tecno djlama,DJ LAMA,LIL JHOLA & JAMESY RAJNIGANDHA TECNO REMIX [DJLAMA],0.0,1,LIL JHOLA & JAMESY RAJNIGANDHA TECNO REMIX [DJLAMA].m4a,Lil Jhola,,,,50.8,75.0,none
dj lama|maya jalaima tech house lil jhola krizn yabithegoat nepali tech house,DJ LAMA,Maya jalaima Tech house remix Lil Jhola @KRIZN @YABITheGOAT Nepali Tech house Remix,0.0,1,Maya jalaima Tech house remix Lil Jhola @KRIZN @YABITheGOAT Nepali Tech house Remix.m4a,Lil Jhola,207,Nepali,Albatross,100.0,75.0,probable
dj lama|st man ft lil jhola yung 22 lil norzza india dj lam housemusicnepal,DJ LAMA,"ST MAN FT. LIL JHOLA, YUNG 22 & LIL NORZZA - INDIA (DJ Lam Remix)(Housemusicnepal)",0.0,1,"ST MAN FT. LIL JHOLA, YUNG 22 & LIL NORZZA - INDIA (DJ Lam Remix)(Housemusicnepal).m4a",Lil Jhola,3363,india,st man,100.0,75.0,probable
dj nagpuri|old nagpuri song,DJ NAGPURI,Old Nagpuri song | Budhi man v kare fashion haaye re chodi man ke deikh deikh ke,341.0,1,Old Nagpuri song ｜ Budhi man v kare fashion haaye re chodi man ke deikh deikh ke.m4a,Chhori Budhi,3163,Pir Song,Samjhana Bhandari,66.7,52.6,weak
dj nbn|st man ft lil jhola india club,DJ NBN,ST MAN FT.LIL JHOLA-INDIA(CLUB REMIX),0.0,1,ST MAN FT.LIL JHOLA-INDIA(CLUB REMIX).m4a,Lil Jhola,3363,india,st man,100.0,61.5,weak
dj pradeep smiley 11|vireno banjara teej song dj pradeep smiley,DJ PRADEEP SMILEY 11,Vireno Banjara Teej Song Remix Dj Pradeep Smiley,0.0,1,Vireno Banjara Teej Song Remix Dj Pradeep Smiley.m4a,teej song,3163,Pir Song,Samjhana Bhandari,66.7,50.0,weak
dj ramaraju mahaboob nagar|dhimi dhimi naach banjara teej song by dj rahul nrj dj ramaraju mbnr mp3,DJ RAMARAJU MAHABOOB NAGAR,DHIMI DHIMI NAACH BANJARA TEEJ SONG REMIX BY DJ RAHUL NRJ & DJ RAMARAJU MBNR.mp3,0.0,1,DHIMI DHIMI NAACH BANJARA TEEJ SONG REMIX BY DJ RAHUL NRJ & DJ RAMARAJU MBNR.mp3.m4a,teej song,3163,Pir Song,Samjhana Bhandari,66.7,52.2,weak
dj saidul esn|banjara teej song dj version banjara folk song mix dj saidul esn,Dj SaiDul Esn,Banjara Teej Song Dj Version Banjara Folk Song Mix Dj SaiDul Esn,0.0,1,Banjara Teej Song Dj Version Banjara Folk Song Mix Dj SaiDul Esn.m4a,teej song,520,Cover song nepali sad version,Ashit Ryee sikkimese,68.6,53.3,weak
dj sonu sk 05|08 nayakera gare munag teej bori bai song dj sonu sk dj sonu sdnr,Dj Sonu Sk 05,08.Nayakera Gare Munag Teej Bori Bai Song - ( Remix ) - Dj Sonu Sk & Dj Sonu Sdnr,0.0,1,08.Nayakera Gare Munag Teej Bori Bai Song - ( Remix ) - Dj Sonu Sk & Dj Sonu Sdnr.m4a,teej song,3163,Pir Song,Samjhana Bhandari,66.7,57.1,weak
dj sonu sk 06|05 dhimi dhimi nache banjara teej song dj sonu sk dj sonu sdnr,Dj Sonu Sk 06,05.DHIMI DHIMI NACHE BANJARA TEEJ SONG ( REMIX ) DJ SONU SK & DJ SONU SDNR,0.0,1,05.DHIMI DHIMI NACHE BANJARA TEEJ SONG ( REMIX ) DJ SONU SK & DJ SONU SDNR.m4a,teej song,3163,Pir Song,Samjhana Bhandari,66.7,57.1,weak
dj sonu sk 06|vije khaveri veera vajavajeri banjara teej song by dj sonu sk,Dj Sonu Sk 06,VIJE KHAVERI VEERA VAJAVAJERI BANJARA TEEJ SONG REMIX BY DJ SONU SK,0.0,1,VIJE KHAVERI VEERA VAJAVAJERI BANJARA TEEJ SONG REMIX BY DJ SONU SK.mp3,teej song,3163,Pir Song,Samjhana Bhandari,66.7,57.1,weak
dj sonu sk 09|01 akoti pakotima banjara teej song dj sonu sk dj rahul rk dj sonu sdnr,Dj Sonu Sk 09,01.AKOTI PAKOTIMA BANJARA TEEJ SONG 2023 ( REMIX ) DJ SONU SK & DJ RAHUL RK & DJ SONU SDNR,0.0,1,01.AKOTI PAKOTIMA BANJARA TEEJ SONG 2023 ( REMIX ) DJ SONU SK & DJ RAHUL RK & DJ SONU SDNR.m4a,teej song,3163,Pir Song,Samjhana Bhandari,66.7,57.1,weak
dj sonu sk 09|02 vije khaveri veera vajavajeri banjara teej song dj sonu sk dj sonu sdnr,Dj Sonu Sk 09,02.VIJE KHAVERI VEERA VAJAVAJERI BANJARA TEEJ SONG ( REMIX ) DJ SONU SK & DJ SONU SDNR,0.0,1,02.VIJE KHAVERI VEERA VAJAVAJERI BANJARA TEEJ SONG ( REMIX ) DJ SONU SK & DJ SONU SDNR.m4a,teej song,3163,Pir Song,Samjhana Bhandari,66.7,57.1,weak
dj sonu sk 09|03 dhimi dhimi nache banjara teej song dj sonu sk dj sonu sdnr,Dj Sonu Sk 09,03.DHIMI DHIMI NACHE BANJARA TEEJ SONG ( REMIX ) DJ SONU SK & DJ SONU SDNR,0.0,1,03.DHIMI DHIMI NACHE BANJARA TEEJ SONG ( REMIX ) DJ SONU SK & DJ SONU SDNR.m4a,teej song,3163,Pir Song,Samjhana Bhandari,66.7,57.1,weak
dj sonu sk 09|04 bhiya bhaner banjara teej song dj sonu sk dj rahul rk dj sonu sdnr,Dj Sonu Sk 09,04.BHIYA BHANER BANJARA TEEJ SONG 2023 ( REMIX ) DJ SONU SK & DJ RAHUL RK & DJ SONU SDNR,0.0,1,04.BHIYA BHANER BANJARA TEEJ SONG 2023 ( REMIX ) DJ SONU SK & DJ RAHUL RK & DJ SONU SDNR.m4a,teej song,3163,Pir Song,Samjhana Bhandari,66.7,57.1,weak
dj sonu sk 09|08 jaga jaga jankanu banjara teej song dj sonu sk dj rahul rk dj sonu sdnr,Dj Sonu Sk 09,08.JAGA JAGA JANKANU BANJARA TEEJ SONG 2023 ( REMIX ) DJ SONU SK & DJ RAHUL RK & DJ SONU SDNR,0.0,1,08.JAGA JAGA JANKANU BANJARA TEEJ SONG 2023 ( REMIX ) DJ SONU SK & DJ RAHUL RK & DJ SONU SDNR.m4a,teej song,3163,Pir Song,Samjhana Bhandari,66.7,57.1,weak
dj sonu sk 09|aavo aavo vira banjara teej song dj sonu sk dj sonu sdnr,Dj Sonu Sk 09,AAVO AAVO VIRA BANJARA TEEJ SONG ( REMIX ) DJ SONU SK & DJ SONU SDNR,0.0,1,AAVO AAVO VIRA BANJARA TEEJ SONG ( REMIX ) DJ SONU SK & DJ SONU SDNR.m4a,teej song,3163,Pir Song,Samjhana Bhandari,66.7,57.1,weak
dj sonu sk 09|vireanaa bhena banjara teej song dj sonu sk dj suresh sp,Dj Sonu Sk 09,VIREANAA BHENA BANJARA TEEJ SONG ( REMIX ) DJ SONU SK & DJ SURESH SP,0.0,1,VIREANAA BHENA BANJARA TEEJ SONG ( REMIX ) DJ SONU SK & DJ SURESH SP.m4a,teej song,3163,Pir Song,Samjhana Bhandari,66.7,57.1,weak
dj sonu sk 2|02 virenaa bheneana balaala banjara teej song dj sonu sk,Dj Sonu Sk 2,02-Virenaa Bheneana Balaala 2020 Banjara Teej Song (Remix)-Dj Sonu Sk,0.0,1,02-Virenaa Bheneana Balaala 2020 Banjara Teej Song (Remix)-Dj Sonu Sk.m4a,teej song,3163,Pir Song,Samjhana Bhandari,66.7,57.1,weak
dj soumen|mujh ko peena hai peene do phool aur angaar,Dj Soumen,Mujh Ko Peena Hai Peene Do - Phool Aur Angaar,0.0,1,Mujh Ko Peena Hai Peene Do - Phool Aur Angaar.m4a,Phool Ko Mala,3465,Phool,Sujan Chapagain,100.0,57.1,weak
dj tattoo official|india st man ft lil jhola yung 22 lil india official beatmix chyangba hoi chyangba trending mp3,Dj Tattoo Official,INDIA ST MAN FT LIL JHOLA YUNG 22 LIL INDIA OFFICIAL beatmix 2024 CHYANGBA HOI CHYANGBA trending.mp3,0.0,1,INDIA ST MAN FT LIL JHOLA YUNG 22 LIL INDIA OFFICIAL beatmix 2024 CHYANGBA HOI CHYANGBA trending.mp3.m4a,Lil Jhola,1964,Chyangba Hoi Chyangba,Mausami Gurung,100.0,100.0,strong
dj tauseef rg 03|banjara teej song tabala mix by dj tausef rg x siddu ns mp3,Dj Tauseef Rg 03,BANJARA TEEJ SONG TABALA MIX REMIX BY DJ TAUSEF RG X SIDDU NS.mp3,0.0,1,BANJARA TEEJ SONG TABALA MIX REMIX BY DJ TAUSEF RG X SIDDU NS.mp3.m4a,teej song,3163,Pir Song,Samjhana Bhandari,66.7,43.9,weak
dj trex|city drive,Dj Trex,city drive..,0.0,1,city drive...m4a,Lil Jhola,,,,58.8,54.5,none
dj venky rockz mbnr|vireno bai na balalen teej song mix by dj venky rockz 888686880 mp3,DJ VENKY ROCKZ MBNR,VIRENO BAI NA BALALEN TEEJ SONG MIX BY DJ VENKY ROCKZ 888686880.mp3,0.0,1,VIRENO BAI NA BALALEN TEEJ SONG MIX BY DJ VENKY ROCKZ 888686880.mp3.m4a,teej song,3163,Pir Song,Samjhana Bhandari,66.7,51.6,weak
djh7ful|maiti hgar beautiful nepali folk dance by shrestha angel mp4,DJH7ful,MAITI HGAR - BEAUTIFUL NEPALI FOLK DANCE BY Shrestha Angel.mp4,321.0,1,MAITI HGAR - BEAUTIFUL NEPALI FOLK DANCE BY Shrestha Angel.mp4.m4a,Maiti Ghar,207,Nepali,Albatross,100.0,44.4,weak
dmriti|dmriti malai aaja bholi,DMRITI,DMRITI - Malai Aaja Bholi (Official Video),269.0,1,DMRITI - Malai Aaja Bholi (Official Video).m4a,Aidray Nepali rap,30,Aaja Bholi,1974 AD,100.0,60.0,weak
doma hyolmo|kalo chasma lau vanxa ii doma hyolmo ll yeshidon,Doma Hyolmo,Kalo Chasma lau vanxa (Official Music Video) II Doma Hyolmo ll @Yeshidon,310.0,1,Kalo Chasma lau vanxa (Official Music Video) II Doma Hyolmo ll @Yeshidon.m4a,Sailo Ma Charghare,1169,Kalo Chasma lau vanxa,Doma Hyolmo,100.0,100.0,strong
dravya|dravya fulbari,DRAVYA,Dravya -Fulbari (Prod.UNLUCKY),132.0,1,Dravya -Fulbari (Prod.UNLUCKY).m4a,Fulbari rapper,2217,Mero Ankha lai Rakhne fulbari chaina,Narayan Gopal,66.7,55.6,weak
drop nepal|gairi khet ko,Drop Nepal,Gairi Khet Ko | Hard Trap | Trishala Gurung (Cover Song) | Drop Nepal,0.0,1,Gairi Khet Ko ｜ Hard Trap ｜ Trishala Gurung (Cover Song) ｜ Drop Nepal.m4a,Trap Nepal,511,Gairi Khet Ko,Asha Bhosle,100.0,80.0,probable
duhitsmeb|dj raju chyangba feat da 69 aidray mausami gurung kranti ale,DUHITSMEB,"Dj Raju - Chyangba feat. DA 69, Aidray, Mausami Gurung & Kranti Ale (Official Video)",254.0,1,"Dj Raju - Chyangba feat. DA 69, Aidray, Mausami Gurung & Kranti Ale (Official Video).m4a",Aidray Nepali rap,1964,Chyangba Hoi Chyangba,Mausami Gurung,80.0,43.5,weak
durgesh thapa|bicha bichama 2 0,Durgesh Thapa,BICHA BICHAMA 2.0 | DURGESH THAPA /BABINA KIRATEE | BENISHA POUDEL | NEW NEPALI TEEJ SONG 2026,252.0,1,BICHA BICHAMA 2.0 ｜ DURGESH THAPA ⧸BABINA KIRATEE ｜ BENISHA POUDEL ｜ NEW NEPALI TEEJ SONG 2026.m4a,new teej song,1181,Bicha Bichama 2 (Euta Photo Khich),Durgesh Thapa,93.8,100.0,strong
dylan vh|dylan vh sacar el gatillo,dylan.vh,dylan.vh - sacar el gatillo,0.0,1,dylan.vh - sacar el gatillo.m4a,Sacar,,,,52.2,47.6,none
egy gisa|8 ball ft ninja turtles rapper sabar,egy(gisa),8 Ball Ft. Ninja Turtles Rapper - Sabar,0.0,1,8 Ball Ft. Ninja Turtles Rapper - Sabar.mp3,Sacar rapper,,,,48.5,66.7,none
ehsaan khan|dhadye sajjan,Ehsaan Khan,Dhadye Sajjan,281.0,1,Ehsaan Khan - Dhadye Sajjan.mp3,Sajjan,1366,Sajjan Raj Vaidya - Chitthi Bhitra,Genius Romanizations,63.2,60.9,none
el rogi|bob feat el rogi le jour suivant _ rap algerien 2017_,EL RoGi,BoB FeaT eL RoGi [[[ Le jour suivant ]]] _ Rap aLgerien 2017_,0.0,1,BoB FeaT eL RoGi [[[ Le jour suivant ]]] _ Rap aLgerien 2017_.mp3,G-BOB Nepali rap,,,,48.5,58.8,none
ember|yama buddha saathi,ember,YAMA BUDDHA- SAATHI,0.0,1,YAMA BUDDHA- SAATHI.m4a,Yama Buddha,1184,Saathi,Durgesh Thapa,100.0,50.0,weak
emikid|soch new nephop nepali rapper,Emikid,Soch (New Nepali Rap Song 2021) Nephop. Nepali Rapper,0.0,1,Soch (New Nepali Rap Song 2021) Nephop. Nepali Rapper.m4a,Aidray Nepali rap,207,Nepali,Albatross,100.0,100.0,strong
ent budwang|chyrox sachoo maya ent budwang 2k19,EnT. BudWanG,Chyrox Sachoo Maya Ent.(BudWanG) Nepali Rap Song 2k19.,0.0,1,Chyrox Sachoo Maya Ent.(BudWanG) Nepali Rap Song 2k19..mp3,G-BOB Nepali rap,526,Maya,Ashutosh KC,100.0,60.0,weak
ent budwang|sapana exhale letter from dream ent budwang new nepali official rap lyrics vedio 2k19 256k,EnT. BudWanG,SapanA ExhalE(LETTER FROM DREAM)EnT.{BudWanG}new Nepali Official Rap Lyrics Vedio(2k19.)(256k),0.0,1,SapanA ExhalE(LETTER FROM DREAM)EnT.{BudWanG}new Nepali Official Rap Lyrics Vedio(2k19.)(256k).mp3,G-BOB Nepali rap,207,Nepali,Albatross,100.0,60.0,weak
epic khabar|लाहुरे टाँसिएको सुपादेउरालीको रहस्य,Epic Khabar,लाहुरे टाँसिएको सुपादेउरालीको रहस्य | Supadeurali Mata Arghakhanchi | Lahure Tasiyako Thau | Supa,372.0,1,लाहुरे टाँसिएको सुपादेउरालीको रहस्य ｜ Supadeurali Mata Arghakhanchi ｜ Lahure Tasiyako Thau ｜ Supa.m4a,Lahure Ko Katha,,,,33.9,58.3,none
erie tamang gumba a nonprofit organization|erie tamang gumba sailo ma charghare dance by dikchaya and her friends,Erie Tamang Gumba a Nonprofit Organization,Erie Tamang Gumba: Sailo ma Charghare dance cover by Dikchaya and her friends,189.0,1,Erie Tamang Gumba： Sailo ma Charghare dance cover by Dikchaya and her friends.m4a,Sailo Ma Charghare,828,Sailo Ma Charghare,Bishwo Dong,100.0,100.0,strong
escapeanimation|political drama mistah k nepsydaz ft aidray bigshake,EscapeAnimation,POLITICAL DRAMA  -  Mistah K (Nepsydaz) ft Aidray & Bigshake,198.0,1,POLITICAL DRAMA  -  Mistah K (Nepsydaz) ft Aidray & Bigshake.m4a,Aidray Nepali rap,,,,49.4,57.1,none
everest minority|,Everest Minority,Nepali Song,318.0,1,Everest Minority - Nepali Song.mp3,nepali,3934,1994,Uniq Poet,0.0,50.0,none
everestsherpa|2 resham firiri,EverestSherpa,2 Resham Firiri,0.0,1,2 Resham Firiri.mp3,Resham Firiri,1650,Resham Firiri,Kali Prasad Baskota,100.0,61.5,weak
everestsherpa|3 maitighar,EverestSherpa,3 Maitighar,0.0,1,3 Maitighar.m4a,Maiti Ghar,2655,Maijharo,Prashant Siwakoti,63.2,61.5,none
evergreen loke song collection|yemeriichanchari jhalakmangandarv mp3,evergreen loke song collection,YeMeriiChanchari-JhalakManGandarv.mp3,0.0,1,YeMeriiChanchari-JhalakManGandarv.mp3.mp3,Jhalak Man Gandarbha,,,,50.0,100.0,weak
ewin agatha tritunggal|ninja turtles rapper lebih baik gak punya pacar,Ewin Agatha Tritunggal,Ninja Turtles Rapper - Lebih Baik Gak Punya Pacar,0.0,1,Ninja Turtles Rapper - Lebih Baik Gak Punya Pacar.mp3,Sacar rapper,,,,52.2,54.5,none
facemeu com|banai khayo dhadheylo ley phatteman rajbhandari,Facemeu.com,Banai Khayo Dhadheylo Ley Phatteman Rajbhandari,0.0,1,Banai Khayo Dhadheylo Ley Phatteman Rajbhandari.mp3,Phatteman Rajbhandari,2518,Banai Khayo Dadhelole,Phatteman Rajbhandari,68.8,57.1,weak
faheem ali|aeda ach na sajjan sengar kary,Faheem Ali,Aeda Ach Na Sajjan Sengar Kary,282.0,1,Faheem Ali - Aeda Ach Na Sajjan Sengar Kary.mp3,Sajjan,,,,58.3,60.0,none
faheem ali|wah sajjan tuhinja waida,Faheem Ali,Wah Sajjan Tuhinja Waida,356.0,1,Faheem Ali - Wah Sajjan Tuhinja Waida.mp3,Sajjan,3101,Sajjan Raj Vaidya - Hawaijahaj,Sajjan Raj Vaidya,69.2,60.0,weak
fidatimro chanchale rupale|janma rainew nepali pop song,FidaTimro Chanchale Rupale,Janma RaiNew Nepali Pop Song 2014,274.0,1,FidaTimro Chanchale Rupale - Janma RaiNew Nepali Pop Song 2014.mp3,nepali pop song,207,Nepali,Albatross,100.0,53.7,weak
flo newa|aama chora,flo newa,AAMA-CHORA  | Nepali Rap Song 2019,0.0,1,AAMA-CHORA  ｜ Nepali Rap Song 2019.m4a,Aidray Nepali rap,1007,Aama Aama,Deep Shrestha,100.0,75.0,probable
flo studio production|drona mero maan maaa lhotsampa nepali rap,FLO STUDIO PRODUCTION,DRONA- Mero Maan Maaa (Lhotsampa/Nepali Rap),0.0,1,DRONA- Mero Maan Maaa (Lhotsampa⧸Nepali Rap).m4a,Aidray Nepali rap,207,Nepali,Albatross,100.0,66.7,weak
flyingtunesmusic|uniq poet blues straight outta kathmandu ft mc dave,FlyingTunesMusic,Uniq Poet & Blues-STRAIGHT OUTTA KATHMANDU (ft. MC DAVE),0.0,1,Uniq Poet & Blues-STRAIGHT OUTTA KATHMANDU (ft. MC DAVE).m4a,Uniq Poet,880,Kathmandu,Catch 22,100.0,48.0,weak
flz|achmad albar godbless burung putih,FLZ//,Achmad Albar (Godbless) - Burung Putih (prod. Fariz RM),0.0,1,Achmad Albar (Godbless) - Burung Putih (prod. Fariz RM).mp3,Ambar Gurung,,,,50.8,54.5,none
folkageet|resham firiri folkageet,FolkAGeet,Resham Firiri (Live) - FolkAGeet | Nepali Folk Song,0.0,1,Resham Firiri (Live) - FolkAGeet ｜ Nepali Folk Song.m4a,Resham Firiri,1650,Resham Firiri,Kali Prasad Baskota,100.0,50.0,weak
forever_5nac|vten haalkhabar,forever_5nac,VTEN- HAALKHABAR,0.0,1,VTEN- HAALKHABAR.m4a,VTEN,1394,VTEN - Halkhabar,Genius Romanizations,96.6,52.6,weak
fuchee adhikari|sabdha ko fulbari,Fuchee Adhikari,Sabdha KO Fulbari || Curly Raper || Fuchee Adhikari || offical Nepali Rap ||,77.0,1,Sabdha KO Fulbari ｜｜ Curly Raper ｜｜ Fuchee Adhikari ｜｜ offical Nepali Rap ｜｜.m4a,Fulbari rapper,132,sadhai bhari,abhaya and the steam injuns & abhaya subba,69.0,76.2,weak
future bass anxmus x utsav|nepali pan 2 0,Future Bass Anxmus x Utsav,Nepali Pan 2.0,263.0,1,Future Bass Anxmus x Utsav - Nepali Pan 2.0.mp3,nepali,207,Nepali,Albatross,100.0,46.5,weak
fuu js|555 topendra 20 official chirag singh khadka 555 topendra 2 lyrics lyrical song lyri,Fuu Js,555 -Topendra 20 Official Lyrical VideoChirag Singh Khadka 555 topendra 2 lyrics Lyrical Song - Lyri,0.0,1,555 -Topendra 20 Official Lyrical VideoChirag Singh Khadka 555 topendra 2 lyrics Lyrical Song - Lyri.m4a,Chirag Khadka,1335,Chirag Khadka - Samadhi,Genius Romanizations,76.5,50.0,weak
fuzz factory productions|dukha nadieun dambar bahadur gandarbha fuzzscape bhojpur,Fuzz Factory Productions,Dukha Nadieun - Dambar Bahadur Gandarbha(FUZZSCAPE BHOJPUR),0.0,1,Dukha Nadieun - Dambar Bahadur Gandarbha(FUZZSCAPE BHOJPUR).mp3,Man Bahadur Gandarbha,,,,58.8,50.0,none
g1yder|g1yder babysitting goofy ahh rap1,G1YDER,G1YDER-babysitting (goofy ahh rap1)prod key6lade,0.0,1,G1YDER-babysitting (goofy ahh rap1)prod key6lade.mp3,G-BOB Nepali rap,,,,43.6,42.9,none
g21 digital|asha ajhai the unity,G21 Digital,Asha Ajhai - The Unity,249.0,1,Asha Ajhai - The Unity.m4a,Aidray Nepali rap,3166,Asha,Samriddhi Rai,100.0,52.2,weak
g21 digital|maya raicha ra kali prasad baskota,G21 Digital,MAYA RAICHA RA ► Kali Prasad Baskota | Sadeekshya Kattel | FULBARI | Nepali Movie Song 2023,201.0,1,MAYA RAICHA RA ► Kali Prasad Baskota ｜ Sadeekshya Kattel ｜ FULBARI ｜ Nepali Movie Song 2023.m4a,Fulbari rapper,526,Maya,Ashutosh KC,100.0,52.2,weak
g21 digital|nacha firiri,G21 Digital,NACHA FIRIRI || Mahesh Kafle Ft. Melina Rai || Nischal Basnet || Swastima Khadka || Kristal Klaws,329.0,1,NACHA FIRIRI ｜｜ Mahesh Kafle Ft. Melina Rai ｜｜ Nischal Basnet ｜｜ Swastima Khadka ｜｜ Kristal Klaws.m4a,Resham Firiri,1897,Nacha Firiri,Mahesh Kafle,100.0,52.2,weak
g40zone|lil bird x lul buddha x lil ears dirty talk,G40Zone,Lil Bird x Lul Buddha x Lil Ears - Dirty Talk,0.0,1,Lil Bird x Lul Buddha x Lil Ears - Dirty Talk.mp3,Lil Buddha,3051,Lil Buddha Interlude,SACAR aka Lil Buddha,66.7,46.2,weak
gagan balran|sajjan sade,Gagan Balran,Sajjan Sade,252.0,1,Gagan Balran - Sajjan Sade.mp3,Sajjan,376,Saajan,Ankit Tiwari,70.6,61.5,weak
gagan singh|my lost reality freestyle,Gagan Singh,MY LOST REALITY (Freestyle) | A tribute to Yama Buddha | Live in studios with Gagan Singh,0.0,1,MY LOST REALITY (Freestyle) ｜ A tribute to Yama Buddha ｜ Live in studios with Gagan Singh.m4a,Yama Buddha,2297,CLEOPATRA FREESTYLE,Nasty (NP),68.2,76.2,weak
gaggu sajjan|chase me,Gaggu Sajjan,Chase Me,161.0,1,Gaggu Sajjan - Chase Me.mp3,Sajjan,2060,Cham Cham,Mingma Sherpa,66.7,66.7,weak
gaggu sajjan|ਪ ਰ ਣ ਖ ਡ ਰ,Gaggu Sajjan,ਪੁਰਾਣੇ ਖਿਡਾਰੀ,82.0,1,Gaggu Sajjan - ਪੁਰਾਣੇ ਖਿਡਾਰੀ.mp3,Sajjan,,,,37.5,66.7,none
gaggu sajjan|ਸ ਦ ਰ ਖ ਆ,Gaggu Sajjan,ਸੰਦ ਰੱਖਿਆ,62.0,1,Gaggu Sajjan - ਸੰਦ ਰੱਖਿਆ.mp3,Sajjan,,,,37.5,66.7,none
gambu sherpa and doma sherpa song|gambu sherpa and doma sherpa song,Gambu Sherpa and Doma Sherpa song,Gambu Sherpa and Doma Sherpa song,373.0,1,Gambu Sherpa and Doma Sherpa song - Gambu Sherpa and Doma Sherpa song.mp3,sherpa song,3163,Pir Song,Samjhana Bhandari,66.7,70.6,weak
gangaram prajpati|shiv shankar bhole baba,Gangaram Prajpati,Shiv Shankar Bhole Baba,248.0,1,Gangaram Prajpati - Shiv Shankar Bhole Baba.mp3,Shiv Shankar,1543,Shankar Bhole,Ishwor Krishna Bhurtel,100.0,60.0,weak
gautam babu badshah avinash das|dede dilwa udhar,"Gautam Babu Badshah, Avinash Das",Dede Dilwa Udhar,258.0,1,"Gautam Babu Badshah, Avinash Das - Dede Dilwa Udhar.mp3",Gautam Babu,3406,Malai Udna Deu,Sugam Pokharel,60.0,63.2,none
gautam babu badshah feat vivek nayak badshah|holo ki kasoor ge,Gautam Babu Badshah feat. Vivek Nayak Badshah,Holo Ki Kasoor Ge,235.0,1,Gautam Babu Badshah feat. Vivek Nayak Badshah - Holo Ki Kasoor Ge.mp3,Gautam Babu,,,,58.8,63.2,none
gautam babu badshah sitaram brother|chikan chakan gal ho,"Gautam Babu Badshah, Sitaram Brother",Chikan Chakan Gal Ho,198.0,1,"Gautam Babu Badshah, Sitaram Brother - Chikan Chakan Gal Ho.mp3",Gautam Babu,2374,Jiwana Ho Gham Chhaya,Nepathya,63.4,63.2,none
gautam babu|nepali maal,Gautam Babu,Nepali Maal,210.0,1,Gautam Babu - Nepali Maal.mp3,nepali,207,Nepali,Albatross,100.0,72.7,weak
gbob music|aama,GBOB MUSIC,AAMA,263.0,1,AAMA.m4a,G-BOB Nepali rap,3531,Aama,Sushant KC,100.0,100.0,strong
gbob music|chill maa,GBOB MUSIC,CHILL MAA,194.0,1,CHILL MAA.m4a,G-BOB Nepali rap,205,Maa,Albatross,100.0,100.0,strong
gbob music|garo bato,GBOB MUSIC,Garo Bato,194.0,1,Garo Bato.m4a,G-BOB Nepali rap,221,Garo Vo,Almoda Rana Upreti,75.0,100.0,weak
gbob music|gbob child of a god,GBOB MUSIC,GBOB - CHILD OF A GOD,216.0,1,GBOB - CHILD OF A GOD.m4a,G-BOB Nepali rap,3938,God Of Nephop,Uniq Poet,63.2,100.0,weak
gbob music|gbob parichaye the intro,GBOB MUSIC,GBOB – Parichaye: The Intro | OFFICIAL MUSIC VIDEO |,180.0,1,GBOB – Parichaye： The Intro ｜ OFFICIAL MUSIC VIDEO ｜.m4a,G-BOB Nepali rap,838,INTRO,Bluesss,100.0,100.0,strong
gbob music|pakh pakh,GBOB MUSIC,Pakh Pakh,141.0,1,Pakh Pakh.m4a,G-BOB Nepali rap,319,Parkhai,Anju Panta,72.7,100.0,weak
gbob music|tha xaina,GBOB MUSIC,Tha Xaina,166.0,1,Tha Xaina.m4a,G-BOB Nepali rap,1757,Mai Ramri Xaina,"Khem Century, Pashupati Sharma, Shanti Shree Pariyar",71.4,100.0,weak
gbob music|timro chahana,GBOB MUSIC,TIMRO CHAHANA,223.0,1,TIMRO CHAHANA.m4a,G-BOB Nepali rap,2921,Chahana,Ray Mec,100.0,100.0,strong
geet haru|aidray beat rhyme,Geet Haru.,Aidray - Beat & Rhyme (Prod. B.E.A.S.T),216.0,1,Aidray - Beat & Rhyme (Prod. B.E.A.S.T).m4a,Aidray Nepali rap,,,,58.8,70.6,none
geetkosh nepal|kalipare bhesh,GeetKosh Nepal,Kalipare Bhesh | कालीपारे भेष | Teej Song 2083/ 2026 | प्रयासी परिवारको प्रस्तुति,406.0,1,Kalipare Bhesh ｜ कालीपारे भेष ｜ Teej Song 2083⧸ 2026 ｜ प्रयासी परिवारको प्रस्तुति.m4a,teej song,1037,Kali Kali Hissi Pareki,Deepak Bajracharya,71.0,72.0,weak
geewhiz|anju pant maitighar,geewhiz,Anju Pant - Maitighar,0.0,1,Anju Pant - Maitighar.mp3,Maiti Ghar,,,,58.1,50.0,none
gentle groove|degree maila nepali movie,Gentle Groove,degree maila nepali movie,162.0,1,Gentle Groove - degree maila nepali movie.mp3,nepali,207,Nepali,Albatross,100.0,50.0,weak
ghulam murtaza sabri|meray rutthy howe sajjan,Ghulam Murtaza Sabri,Meray Rutthy Howe Sajjan,354.0,1,Ghulam Murtaza Sabri - Meray Rutthy Howe Sajjan.mp3,Sajjan,,,,55.8,75.0,none
girish khatiwada|girish and aid ray da drug song,Girish Khatiwada,Girish and Aid Ray - Da Drug Song,216.0,1,Girish and Aid Ray - Da Drug Song.m4a,Aidray Nepali rap,3163,Pir Song,Samjhana Bhandari,66.7,100.0,weak
girish khatiwada|girish we takin over ft assasi arabic nepali rap,Girish Khatiwada,Girish - We Takin' Over Ft Assasi(Arabic Nepali Rap),0.0,1,Girish - We Takin' Over Ft Assasi(Arabic Nepali Rap).m4a,Aidray Nepali rap,207,Nepali,Albatross,100.0,100.0,strong
girish khatiwada|sugam pokhrel kalakar ft yama buddha and girish,Girish Khatiwada,Sugam Pokhrel - Kalakar ft Yama Buddha and Girish,0.0,1,Sugam Pokhrel - Kalakar ft Yama Buddha and Girish.m4a,Yama Buddha,4079,Saathi साथी Yama Buddha,Yama Buddha,64.7,100.0,weak
girish khatiwada|हे दैव hey daiba dr sam,Girish Khatiwada,हे दैव - HEY DAIBA - Dr. Sam | New Nepali Rap Song,180.0,1,हे दैव - HEY DAIBA - Dr. Sam ｜ New Nepali Rap Song.m4a,Aidray Nepali rap,3220,Daiba Hey,Sanup Poudel,100.0,100.0,strong
gonenp|uniq poet jheli feat kavi g,gonenp,Uniq Poet Jheli (feat. Kavi G),0.0,1,Uniq Poet Jheli (feat. Kavi G).m4a,Uniq Poet,,,,57.6,57.1,none
goodvibrations org|resham firiri nepali folk song led by prem,goodvibrations.org,Resham Firiri (Nepali Folk Song) Led By Prem,0.0,1,Resham Firiri (Nepali Folk Song) Led By Prem.mp3,Resham Firiri,207,Nepali,Albatross,100.0,48.6,weak
gopal rasaili umesh pandit shyam s nepali babu raja maharajan|share rejocie,"Gopal Rasaili, Umesh Pandit, Shyam S. Nepali, Babu Raja Maharajan",Share Rejocie,393.0,1,"Gopal Rasaili, Umesh Pandit, Shyam S. Nepali, Babu Raja Maharajan - Share Rejocie.mp3",nepali,,,,53.8,66.7,none
gopal yonjan|nepali nepalko maya,Gopal Yonjan,Nepali Nepalko Maya,296.0,1,Gopal Yonjan - Nepali Nepalko Maya.mp3,nepali,207,Nepali,Albatross,100.0,91.7,strong
gorkha boys|la hai kanchhi,Gorkha Boys,La Hai Kanchhi,242.0,1,Gorkha Boys - La Hai Kanchhi.mp3,Kanchhi,420,Kanchhi,Anuprastha,100.0,54.5,weak
gulaab zakir ali sheikh|2 numbari sajjan,"Gulaab, Zakir Ali Sheikh",2 Numbari Sajjan,217.0,1,"Gulaab, Zakir Ali Sheikh - 2 Numbari Sajjan.mp3",Sajjan,860,Numbara,"Brijesh Shrestha, S.R.T & Fuba Tamang",60.9,64.9,none
gungte frames|resham firi ri,GUNGTE FRAMES,RESHAM FIRI RI | MICHI KOBIN | AR 01| MISS ARUNACHAL | SEPPA,258.0,1,RESHAM FIRI RI ｜ MICHI KOBIN ｜ AR 01｜ MISS ARUNACHAL ｜ SEPPA.m4a,Resham Firiri,2394,Resham,Nepathya,100.0,64.0,weak
gurjot singh|sajjan,Gurjot Singh,Sajjan,260.0,1,Gurjot Singh - Sajjan.mp3,Sajjan,1366,Sajjan Raj Vaidya - Chitthi Bhitra,Genius Romanizations,100.0,75.0,probable
gurung dilip|salaijo gurung song,Gurung Dilip,Salaijo gurung song,0.0,1,Salaijo gurung song.mp3,Salaijo,3163,Pir Song,Samjhana Bhandari,66.7,83.3,weak
gyanu rana narayan gopal|sirima siri ni kanchhi,Gyanu Rana & Narayan Gopal,Sirima Siri Ni Kanchhi,178.0,1,Gyanu Rana & Narayan Gopal - Sirima Siri Ni Kanchhi.mp3,Narayan Gopal,420,Kanchhi,Anuprastha,100.0,100.0,strong
gyanu rana yam baral janaki yuwaraj|lam ta maya,"Gyanu Rana, Yam Baral, Janaki, Yuwaraj",Lam Ta Maya,322.0,1,"Gyanu Rana, Yam Baral, Janaki, Yuwaraj - Lam Ta Maya.mp3",Yam Baral,526,Maya,Ashutosh KC,100.0,100.0,strong
habang gurung|laure chup laag ft uniq poet,Habang Gurung,LAURE - CHUP LAAG FT. UNIQ POET [Prod. by Mista Bling] 2017.mp3,0.0,1,LAURE - CHUP LAAG FT. UNIQ POET [Prod. by Mista Bling] 2017.mp3.m4a,Uniq Poet,1842,Chup Laag,Laure,100.0,80.0,probable
hadal sherpa|dark tides,Hadal Sherpa,Dark Tides,318.0,1,Hadal Sherpa - Dark Tides.mp3,SHERPA,836,Dark Side of the Sun,Bluesss,60.0,70.6,none
haha|dong sakdina new mp3,haha,DONG  Sakdina Lyrics Video  New Nepali Rap Song 2021.mp3,0.0,1,DONG  Sakdina Lyrics Video  New Nepali Rap Song 2021.mp3.m4a,Aidray Nepali rap,130,Sakdina,Abhaya and The Steam Injuns,100.0,61.5,weak
hairat aulakh|mere sajjan,Hairat Aulakh,Mere Sajjan,229.0,1,Hairat Aulakh - Mere Sajjan.mp3,Sajjan,3775,Mero Sapana,The Shadows 'Nepal',72.7,61.5,weak
hamro dance center|sailo ma charghare maya namare,Hamro dance center,Sailo ma charghare maya namare,62.0,1,Sailo ma charghare maya namare.m4a,Sailo Ma Charghare,12,Maya Ma,,100.0,54.2,weak
hamza akbar|sada rus gaya sajjan pyara,Hamza Akbar,Sada Rus Gaya Sajjan Pyara,269.0,1,Hamza Akbar - Sada Rus Gaya Sajjan Pyara.mp3,Sajjan,1369,Sajjan Raj Vaidya - Naganya Maya,Genius Romanizations,67.9,63.6,weak
hangsa07|malai maaf garideu gopal yonjan,hangsa07,Malai Maaf Garideu Cover. Gopal Yonjan,0.0,1,Malai Maaf Garideu Cover. Gopal Yonjan.mp3,Gopal Yonjan,2203,Malai Maaf Garideu,Narayan Gopal,100.0,50.0,weak
hanu kandara|saath,Hanu Kandara,Saath,157.0,1,Hanu Kandara - Saath.mp3,Kandara,1219,Nachodnu Yo Saath,Edge Band,100.0,100.0,strong
hanu kandara|tera cheta,Hanu Kandara,Tera Cheta,202.0,1,Hanu Kandara - Tera Cheta.mp3,Kandara,4044,Cheater,Yabi The G.O.A.T,82.4,100.0,probable
hari lamsal melina rai|nyano nyano maya,"Hari Lamsal, Melina Rai",Nyano Nyano Maya,270.0,1,"Hari Lamsal, Melina Rai - Nyano Nyano Maya.mp3",Melina Rai,526,Maya,Ashutosh KC,100.0,100.0,strong
harinder sohal|sajjan,Harinder Sohal,Sajjan,260.0,1,Harinder Sohal - Sajjan.mp3,Sajjan,1366,Sajjan Raj Vaidya - Chitthi Bhitra,Genius Romanizations,100.0,62.1,weak
haude project|laure haude,Haude Project,Laure - Haude (Lyrics Video),253.0,1,Laure - Haude (Lyrics Video).m4a,Lahure Ko Katha,1844,Haude,Laure,100.0,57.1,weak
haude|haude timi mero jiwan ft jyoti new,Haude,Haude - Timi Mero Jiwan Ft Jyoti -  New Nepali Rap Song 2015,0.0,1,Haude - Timi Mero Jiwan Ft Jyoti -  New Nepali Rap Song 2015.m4a,Aidray Nepali rap,8,Jiwan,,100.0,100.0,strong
hawal lama official|danda ko gumba performance by hawal lama,Hawal lama official,Danda ko gumba live performance by Hawal lama,218.0,1,Danda ko gumba live performance by Hawal lama.m4a,Danda Ko Gumba,,,,55.6,100.0,weak
heavy john rai|donald duck,Heavy & John Rai,Donald Duck (Prod. by SpaceCraft Beats),187.0,1,Heavy & John Rai - Donald Duck (Prod. by SpaceCraft Beats).mp3,John Rai,,,,55.6,100.0,weak
highlights music|laure ft rohit shakya aidray dui rupaiyan,Highlights Music,LAURE Ft. ROHIT SHAKYA & AIDRAY - Dui Rupaiyan | Nischal Basnet & Asif Shah | Nepali Movie Song 2075,239.0,1,LAURE Ft. ROHIT SHAKYA & AIDRAY - Dui Rupaiyan ｜ Nischal Basnet & Asif Shah ｜ Nepali Movie Song 2075.m4a,Aidray Nepali rap,1843,Dui Rupaiyan,Laure,100.0,71.4,weak
highlightsnepal|apa lai mero,HighlightsNepal,"APA LAI MERO | GHAMPANI Movie Tamang Selo Song Ft. Dayahang Rai, Keki Adhikari, Phul Kumar Bomjan",268.0,1,"APA LAI MERO ｜ GHAMPANI Movie Tamang Selo Song Ft. Dayahang Rai, Keki Adhikari, Phul Kumar Bomjan.m4a",Sailo Ma Charghare,1746,Lai Lai,Ketan Chhetri,100.0,58.3,weak
highlightsnepal|damphu ma selo,HighlightsNepal,Damphu Ma Selo | Mings Lama Ft. Paul Shah & Sumi Moktan | Selo Fusion Song 2018 | Ashusen Lama,290.0,1,Damphu Ma Selo ｜ Mings Lama Ft. Paul Shah & Sumi Moktan ｜ Selo Fusion Song 2018 ｜ Ashusen Lama.m4a,Sailo Ma Charghare,3773,Ma,The Shadows 'Nepal',100.0,58.3,weak
highlightsnepal|dui rupaiyan,HighlightsNepal,"DUI RUPAIYAN | New Nepali Movie ""DUI RUPAIYAN"" Song | Rohit Shakya, Aidray and Laure",250.0,1,"DUI RUPAIYAN ｜ New Nepali Movie ＂DUI RUPAIYAN＂ Song ｜ Rohit Shakya, Aidray and Laure.m4a",Aidray Nepali rap,1843,Dui Rupaiyan,Laure,100.0,58.3,weak
himal sagar melina rai|meri putali,"Himal Sagar, Melina Rai",Meri Putali,237.0,1,"Himal Sagar, Melina Rai - Meri Putali.mp3",Melina Rai,1509,Meri Putali,"Himal Saga, Melina Rai",100.0,100.0,strong
himalayan karaoke|nepali karaoke song resam firiri with nepali lyrics,Himalayan karaoke,Nepali Karaoke Song Resam Firiri with nepali lyrics,273.0,1,Nepali Karaoke Song Resam Firiri with nepali lyrics.m4a,Resham Firiri,207,Nepali,Albatross,100.0,78.3,probable
himal|yo yo durgesh thapa mudda no 420 मेरो दिल चोर्नेलाई मुद्दा हाल्दिन्छु,himal,!YO !YO Durgesh Thapa Mudda No.420  मेरो दिल चोर्नेलाई मुद्दा हाल्दिन्छु,0.0,1,!YO !YO Durgesh Thapa Mudda No.420  मेरो दिल चोर्नेलाई मुद्दा हाल्दिन्छु.m4a,Durgesh Thapa,1841,Case No. 420,Laure,70.6,100.0,weak
hiphop entertainment|mc flo ma hoon yatri ft yama buddha mac,HipHop Entertainment,"Mc Flo - Ma Hoon Yatri ft Yama Buddha,Mac",0.0,1,"Mc Flo - Ma Hoon Yatri ft Yama Buddha,Mac.m4a",Yama Buddha,3773,Ma,The Shadows 'Nepal',100.0,58.1,weak
hiphop industry|g bob finally bhetiyo,HIPHOP INDUSTRY,G BOB - FINALLY BHETIYO [Lyrics Video],224.0,1,G BOB - FINALLY BHETIYO [Lyrics Video].m4a,G-BOB Nepali rap,,,,52.9,48.0,none
hira devi waiba|utha utha bihani,Hira Devi Waiba,Utha Utha Bihani,393.0,1,Hira Devi Waiba - Utha Utha Bihani.mp3,Hira Devi Waiba,874,Bihani ko mirmire ma,Buds,70.6,64.0,weak
hitechentertainment|basanta nai basna khojchha yaha,HiTechEntertainment,Basanta nai basna khojchha yaha | Yo Ho Mero Pran Bhanda Pyaro Maitighar | Nepali Movie Maitighar,332.0,1,Basanta nai basna khojchha yaha ｜ Yo Ho Mero Pran Bhanda Pyaro Maitighar ｜ Nepali Movie Maitighar.m4a,Maiti Ghar,509,Basanta Nai Basna Khojchha,Asha Bhosle,100.0,50.0,weak
hitechentertainment|biratako chino,HiTechEntertainment,Biratako Chino | वीरताको चिनो |  लाहुरे | Nepali Movie Lahure Song | Lahure | Narayan Gopal,270.0,1,Biratako Chino ｜ वीरताको चिनो ｜  लाहुरे ｜ Nepali Movie Lahure Song ｜ Lahure ｜ Narayan Gopal.m4a,Lahure Ko Katha,2172,Biratako Chino,Narayan Gopal,100.0,50.0,weak
hitechentertainment|dhadkinchhau mutuma hola,HiTechEntertainment,Dhadkinchhau Mutuma Hola | Movie Song | Nepali Superhit Movie Lahana | Niruta Singh | Uttam Pradhan,354.0,1,Dhadkinchhau Mutuma Hola ｜ Movie Song ｜ Nepali Superhit Movie Lahana ｜ Niruta Singh ｜ Uttam Pradhan.m4a,Jhalko Lali Othako,3920,Dhadkinchhau Mutuma Hola,"Udit Narayan, Sanjeevani",100.0,50.0,weak
hitechentertainment|namana laaj yastari,HiTechEntertainment,Namana Laaj Yastari | Maitighar | Mala Sinha | Prem Dhoj Pradhan | Jaydev | Kiran Kharel | CP Lohani,246.0,1,Namana Laaj Yastari ｜ Maitighar ｜ Mala Sinha ｜ Prem Dhoj Pradhan ｜ Jaydev ｜ Kiran Kharel ｜ CP Lohani.m4a,Maiti Ghar,2690,Namana Laaja Yestari,Prem Dhoj Pradhan,92.3,50.0,weak
hulaki and chinoétales productions|bhagyamaani the hulaki,Hulaki and Chinoétales Productions,Bhagyamaani - The Hulaki | Official Music Video |  भाग्यमानी,370.0,1,Bhagyamaani - The Hulaki ｜ Official Music Video ｜  भाग्यमानी.m4a,Fulbari rapper,2925,Bhagyama Shree Chha,Rekha Pokhrel and Roshan Singh,68.3,50.0,weak
hvp nepal|hvp nepal resam firiri,HVP NEPAL,HVP-Nepal - Resam firiri,303.0,1,HVP-Nepal - Resam firiri.m4a,Resham Firiri,2944,Nepal Nepal,Robin Tamang,100.0,71.4,weak
i shot the albatross|the burial,I Shot the Albatross,The Burial,108.0,1,I Shot the Albatross - The Burial.mp3,Albatross,1654,Thamel Bazara,Kali Prasad Baskota,60.9,100.0,weak
iamthehighway_____|vten paaraa,Iamthehighway_____,VTEN - PAARAA,0.0,1,VTEN - PAARAA.m4a,VTEN,3991,Paaraa,VTEN,100.0,43.8,weak
imani camille|cobwebs,Imani Camille,Cobwebs,257.0,1,Imani Camille - Cobwebs.mp3,Cobwebs,,,,50.0,60.9,none
inayat hussain bhatti|sajjan pyara title song,Inayat Hussain Bhatti,Sajjan Pyara Title Song,210.0,1,Inayat Hussain Bhatti - Sajjan Pyara Title Song.mp3,Sajjan,3163,Pir Song,Samjhana Bhandari,66.7,57.7,weak
indreni digital media|new nepali salijo नया सालैजो bishow dong chij pahichan,Indreni Digital Media,New Nepali Salijo // नया सालैजो // Bishow Dong & Chij // Pahichan //,344.0,1,New Nepali Salijo ⧸⧸ नया सालैजो ⧸⧸ Bishow Dong & Chij ⧸⧸ Pahichan ⧸⧸.m4a,Sailo Ma Charghare,207,Nepali,Albatross,100.0,50.0,weak
indru syanbo kunti moktan|dheraidherai sutyau hami,"Indru Syanbo, Kunti Moktan",Dheraidherai Sutyau Hami,275.0,1,"Indru Syanbo, Kunti Moktan - Dheraidherai Sutyau Hami (2).mp3",Kunti Moktan,2569,Hami,Prajina,100.0,100.0,strong
inep|aaudai chu ma yama buddha talakjung vs tulke,iNep,Aaudai Chu Ma- Yama Buddha [ Talakjung Vs Tulke ],0.0,1,Aaudai Chu Ma- Yama Buddha [ Talakjung Vs Tulke ].m4a,Yama Buddha,3773,Ma,The Shadows 'Nepal',100.0,54.5,weak
ip|gobar lyath गोबर ल्याठ nepali rap,$IP,GOBAR LYATH (गोबर ल्याठ ) [Official Music Video] (NEPALI SONG/NEPALI RAP),0.0,1,GOBAR LYATH (गोबर ल्याठ ) [Official Music Video] (NEPALI SONG⧸NEPALI RAP).mp3,Aidray Nepali rap,207,Nepali,Albatross,100.0,57.1,weak
iqbal ashraf|sajjan mana de,Iqbal Ashraf,Sajjan Mana De,253.0,1,Iqbal Ashraf - Sajjan Mana De.mp3,Sajjan,559,Ma Ek Sapana,Astha Tamang-Maskey,69.2,60.9,weak
iqbal sandhu|sajjan,Iqbal SANDHU,Sajjan,160.0,1,Iqbal SANDHU - Sajjan.mp3,Sajjan,1366,Sajjan Raj Vaidya - Chitthi Bhitra,Genius Romanizations,100.0,66.7,weak
iraj|iraj nachna नाचना neha kakkar,IRAJ,Iraj - Nachna ( नाचना ) Neha Kakkar | Chingy | Yama Buddha & Tony T,240.0,1,Iraj - Nachna ( नाचना ) Neha Kakkar ｜ Chingy ｜ Yama Buddha & Tony T.m4a,Aidray Nepali rap,,,,54.5,72.7,none
iraz|st man ft lil jhola yung 22 lil norzza india iraz,IRAZ,"ST MAN FT. LIL JHOLA, YUNG 22 & LIL NORZZA - INDIA (IRAZ REMIX)",0.0,1,"ST MAN FT. LIL JHOLA, YUNG 22 & LIL NORZZA - INDIA (IRAZ REMIX).m4a",Lil Jhola,3363,india,st man,100.0,54.5,weak
irfan wattu|sajjan nai chad de,Irfan Wattu,Sajjan Nai Chad De,309.0,1,Irfan Wattu - Sajjan Nai Chad De.mp3,Sajjan,2606,Yestai Nai Cha,Prakash Shrestha,68.8,62.5,weak
isahaq babloch|sade sajjan bhul gaye naa,Isahaq Babloch,Sade Sajjan Bhul Gaye Naa,344.0,1,Isahaq Babloch - Sade Sajjan Bhul Gaye Naa.mp3,Sajjan,4106,Sapana Bhulae Saaraa,Yogesh Vaidya,66.7,57.1,weak
itz daksh music dj caat nd4clear mc menor do alvorada|montagem alexander,"Itz Daksh Music, Dj Caat, ND4Clear, Mc Menor Do Alvorada",MONTAGEM ALEXANDER,142.0,1,"Itz Daksh Music, Dj Caat, ND4Clear, Mc Menor Do Alvorada - MONTAGEM ALEXANDER (3).mp3",Dj Caat,,,,52.6,71.4,none
izzi vlogs|vten laure ko fashion,izzi vlogs,Vten - Laure Ko Fashion || Lyrics Video ||,214.0,1,Vten - Laure Ko Fashion ｜｜ Lyrics Video ｜｜.m4a,Lahure Ko Katha,1568,Fashion Show,Jems Pradhan,73.7,45.5,weak
j drizzle|buddha creed ft lil buddha,J Drizzle,Buddha Creed (ft. Lil Buddha),0.0,1,Buddha Creed (ft. Lil Buddha).mp3,Lil Buddha,1331,Bluesss - La La La La (Remix) (ft. Lil Buddha & VTEN),Genius Romanizations,81.2,62.5,weak
j sav|lil buddha mr dissalot,J Sav,lil buddha - mr.dissalot,0.0,1,lil buddha - mr.dissalot.mp3,Lil Buddha,3051,Lil Buddha Interlude,SACAR aka Lil Buddha,66.7,62.5,weak
jaba sanjh_ melina rai _ latest song|_ melina rai _ latest song,Jaba Sanjh_ Melina Rai _ Latest Song,_ Melina Rai _ Latest Song,331.0,1,Jaba Sanjh_ Melina Rai _ Latest Song - _ Melina Rai _ Latest Song.mp3,Melina Rai,3163,Pir Song,Samjhana Bhandari,66.7,100.0,weak
jaban zahran|sajjan di khabar,Jaban Zahran,Sajjan Di Khabar,175.0,1,Jaban Zahran - Sajjan Di Khabar.mp3,Sajjan,3004,Sapana Haru Ferdai,Sabin Karki -Beest,64.7,64.0,none
jai patel|jay jay bhole shiv shankar,Jai Patel,Jay Jay Bhole Shiv Shankar,404.0,1,Jai Patel - Jay Jay Bhole Shiv Shankar.mp3,Shiv Shankar,1543,Shankar Bhole,Ishwor Krishna Bhurtel,100.0,63.2,weak
jam in the van the atomic sherpas|sco s coven,"Jam in the Van, The Atomic Sherpas",Sco's Coven,324.0,1,"Jam in the Van, The Atomic Sherpas - Sco's Coven.mp3",SHERPA,901,Love Song,Chhewang Lama,60.0,60.0,none
jamesy|crash out jamesy,jamesy,CRASH OUT (jamesy remix),0.0,1,CRASH OUT (jamesy remix).m4a,Jamesy,,,,56.0,100.0,weak
jamesy|hot body diwali jamesy edit,jamesy,hot body diwali (jamesy edit),0.0,1,hot body diwali (jamesy edit).m4a,Jamesy,,,,51.1,100.0,weak
jamesy|jamesy killer shit,Jamesy,JAMESY - KILLER SHIT,0.0,1,JAMESY - KILLER SHIT.m4a,Jamesy,,,,53.3,100.0,weak
jamesy|luther pt 2 jamesy edit soulection radio 668 699,jamesy,"luther pt. 2 (jamesy edit) (SOULECTION RADIO #668, #699)",0.0,1,"luther pt. 2 (jamesy edit) (SOULECTION RADIO #668, #699).m4a",Jamesy,,,,46.0,100.0,weak
jamesy|omarion post to be ft dej loaf trey songz ty dolla ign rick ross,Jamesy,"Omarion - Post To Be (Official Remix) Ft. Dej Loaf, Trey Songz, Ty Dolla $ign & Rick Ross",0.0,1,"Omarion - Post To Be (Official Remix) Ft. Dej Loaf, Trey Songz, Ty Dolla $ign & Rick Ross.m4a",Jamesy,3979,Dolla Bill,VTEN,66.7,100.0,weak
jamesy|reach out jamesy s velvet mix,jamesy,REACH OUT (jamesy's velvet mix),0.0,1,REACH OUT (jamesy's velvet mix).m4a,Jamesy,,,,50.0,100.0,weak
jantra mantra|antya ko suruwat yama buddha ft leezum,Jantra mantra,Antya Ko Suruwat - Yama Buddha Ft. Leezum,0.0,1,Antya Ko Suruwat - Yama Buddha Ft. Leezum.m4a,Yama Buddha,3580,Suruwat,Suvash Sundas,100.0,100.0,strong
jaspinder narula poornima sushma shrestha anand raj anand|mere rabba,"Jaspinder Narula, Poornima (Sushma Shrestha), Anand Raj Anand",Mere Rabba,240.0,1,"Jaspinder Narula, Poornima (Sushma Shrestha), Anand Raj Anand - Mere Rabba.mp3",Sushma Shrestha,158,Nabhana Mero,Adrian Pradhan,63.6,78.9,none
jass punia|sajjan,Jass Punia,Sajjan,226.0,1,Jass Punia - Sajjan.mp3,Sajjan,1366,Sajjan Raj Vaidya - Chitthi Bhitra,Genius Romanizations,100.0,57.1,weak
jay raj|kanchhi bans ke bahangiya,Jay Raj,KanchHi Bans Ke Bahangiya,247.0,1,Jay Raj - KanchHi Bans Ke Bahangiya.mp3,Kanchhi,420,Kanchhi,Anuprastha,100.0,75.0,probable
jay shri ram|nepali bhajan जय शिवशंकर jay shiva shankar by phatteman rajbhandari,Jay Shri Ram,Nepali Bhajan जय शिवशंकर Jay Shiva Shankar BY Phatteman Rajbhandari,0.0,1,Nepali Bhajan जय शिवशंकर Jay Shiva Shankar BY Phatteman Rajbhandari.m4a,Phatteman Rajbhandari,207,Nepali,Albatross,100.0,63.6,weak
jaydeep yadav|shiv shankar bhole,Jaydeep Yadav,Shiv Shankar Bhole,188.0,1,Jaydeep Yadav - Shiv Shankar Bhole.mp3,Shiv Shankar,1543,Shankar Bhole,Ishwor Krishna Bhurtel,100.0,60.9,weak
jerusha rai|aba,Jerusha Rai,Aba,203.0,1,Jerusha Rai - Aba.mp3,Jerusha Rai,1575,ABA,Jerusha Rai,100.0,100.0,strong
jerusha rai|blest,Jerusha Rai,Blest,171.0,1,Jerusha Rai - Blest.mp3,Jerusha Rai,2931,Bliss,Rinzen (NP),60.0,100.0,weak
jerusha rai|farmer in the sky,Jerusha Rai,Farmer in the Sky,236.0,1,Jerusha Rai - Farmer in the Sky.mp3,Jerusha Rai,,,,58.8,100.0,weak
jerusha rai|little gods,Jerusha Rai,Little Gods,152.0,1,Jerusha Rai - Little Gods.mp3,Jerusha Rai,,,,52.2,100.0,weak
jerusha rai|my favourite things,Jerusha Rai,My favourite things,128.0,1,Jerusha Rai - My favourite things.mp3,Jerusha Rai,,,,54.1,100.0,weak
jerusha rai|native stranger,Jerusha Rai,Native Stranger,160.0,1,Jerusha Rai - Native Stranger.mp3,Jerusha Rai,929,Stoner Life,Chirag Khadka,61.5,100.0,weak
jerusha rai|parade,Jerusha Rai,Parade,294.0,1,Jerusha Rai - Parade.mp3,Jerusha Rai,1283,Para Para,Fuba Tamang,80.0,100.0,probable
jerusha rai|sirens,Jerusha Rai,Sirens,181.0,1,Jerusha Rai - Sirens.mp3,Jerusha Rai,1579,Sirens,Jerusha Rai,100.0,100.0,strong
jerusha rai|sunsaan i,Jerusha Rai,Sunsaan I,171.0,1,Jerusha Rai - Sunsaan I.mp3,Jerusha Rai,1580,Sunsaan I,Jerusha Rai,100.0,100.0,strong
jerusha rai|sway,Jerusha Rai,Sway,142.0,1,Jerusha Rai - Sway.mp3,Jerusha Rai,3421,Sayad,Sugam Pokharel and Prabisha Adhikari,66.7,100.0,weak
jerusha rai|wolverine,Jerusha Rai,Wolverine,308.0,1,Jerusha Rai - Wolverine.mp3,Jerusha Rai,,,,58.8,100.0,weak
jhampate|बनक छ पहरल baneko cha paharale heavy rock fusion tribute to gopal yonjan mp3,Jhampate,बनक छ पहरल  Baneko Cha Paharale - Heavy Rock Fusion  Tribute to Gopal Yonjan.mp3,0.0,1,बनक छ पहरल  Baneko Cha Paharale - Heavy Rock Fusion  Tribute to Gopal Yonjan.mp3.m4a,Gopal Yonjan,1423,Baneko cha paharale,Gopal Yonzan,100.0,57.1,weak
jhankar anusha basanta bijay kabita nirmala sarada sajan rachana kishor sajjan yogita|jan mukti,"Jhankar, Anusha, Basanta, Bijay, Kabita, Nirmala, Sarada, Sajan, Rachana, Kishor, Sajjan, Yogita",Jan Mukti,236.0,1,"Jhankar, Anusha, Basanta, Bijay, Kabita, Nirmala, Sarada, Sajan, Rachana, Kishor, Sajjan, Yogita - Jan Mukti.mp3",Sajjan,62,"Nepali Ho (feat. Subani Moktan, Kutumba, Aid Ray & Mukti)",1974 AD,71.4,100.0,weak
jhapali kto|maiti ghar timro hoina,Jhapali Kto,Maiti - Ghar - Timro - Hoina,0.0,1,Maiti - Ghar - Timro - Hoina.mp3,Maiti Ghar,1192,Maiti Ghar Timro Hoina,Dwarika Lal Joshi,100.0,52.6,weak
jhapali kto|resham_firiri_ _ _dj_nk_,Jhapali Kto,Resham_Firiri_\(Remix\)_-_DJ_NK_,0.0,1,Resham_Firiri_⧹(Remix⧹)_-_DJ_NK_.m4a,Resham Firiri,,,,45.5,52.6,none
jigme media|new selo pop song,Jigme Media,New Selo Pop song | Ghumna po Jada by Bishwo Dong ft. Prateek Ngesyur & Shrijana Tamang,321.0,1,New Selo Pop song ｜ Ghumna po Jada by Bishwo Dong ft. Prateek Ngesyur & Shrijana Tamang.m4a,Danda Ko Gumba,3163,Pir Song,Samjhana Bhandari,66.7,62.5,weak
jivantheg|goat jivantheg official music bprod osmvexi,JivantheG,'GOAT' - JIVANTHEG  ( OFFICIAL MUSIC ) Bprod. @osmvexi | New Nepali rap song | 2026,0.0,1,'GOAT' - JIVANTHEG  ( OFFICIAL MUSIC ) Bprod. @osmvexi ｜ New Nepali rap song ｜ 2026.m4a,G-BOB Nepali rap,2774,Kutu Ma Kutu Official,Rajan Raj Shiwakoti,66.7,60.0,weak
jivantheg|local aka jivantheg nepali rap,JivantheG,LOCAL Aka JivantheG Nepali Rap .,0.0,1,LOCAL Aka JivantheG Nepali Rap ..mp3,G-BOB Nepali rap,207,Nepali,Albatross,100.0,60.0,weak
jivantheg|nepali drill rap east side represent,JivantheG,Nepali Drill Rap East Side Represent🇳🇵,0.0,1,Nepali Drill Rap East Side Represent🇳🇵.mp3,G-BOB Nepali rap,207,Nepali,Albatross,100.0,60.0,weak
jiwachh singh|lover hamar nepali bole chhai,Jiwachh Singh,Lover Hamar Nepali Bole Chhai,188.0,1,Jiwachh Singh - Lover Hamar Nepali Bole Chhai.mp3,nepali,207,Nepali,Albatross,100.0,66.7,weak
jodie woahk|free da nicks ft lil buddha da ygks,Jodie Woahk,Free Da Nicks ft Lil Buddha & Da Ygks,0.0,1,Free Da Nicks ft Lil Buddha & Da Ygks.m4a,Lil Buddha,3051,Lil Buddha Interlude,SACAR aka Lil Buddha,66.7,50.0,weak
jogi sunitha|srimantha kutumba,Jogi Sunitha,Srimantha Kutumba,308.0,1,Jogi Sunitha - Srimantha Kutumba.mp3,Kutumba,,,,59.3,63.6,none
john gurung gahate|maitighar dance,John Gurung Gahate,MAITIGHAR-Cover Dance-Nepali Song || 1ST KIEC POKHARA VETRANS Football Tournament-2082,234.0,1,MAITIGHAR-Cover Dance-Nepali Song ｜｜ 1ST KIEC POKHARA VETRANS Football Tournament-2082.m4a,Maiti Ghar,892,Dashain Tihar,Chhewang Lama,64.3,70.6,none
john gurung gahate|resham dance by kritika yasodha pooja,John Gurung Gahate,"Resham Cover Dance By Kritika, Yasodha, Pooja || Lamjung Youth Family",315.0,1,"Resham Cover Dance By Kritika, Yasodha, Pooja ｜｜ Lamjung Youth Family.m4a",Resham Firiri,2394,Resham,Nepathya,100.0,70.6,weak
john rai k huck|rocky balboa,John Rai & K-Huck,Rocky Balboa[,158.0,1,John Rai & K-Huck - Rocky Balboa[.mp3,John Rai,2372,Ho Ho Baba Ho Ho,Nepathya,63.2,100.0,weak
john rai ovd|monsters in my head rapnews,John Rai (ovd),Monsters in my head [RapNews],224.0,1,John Rai (ovd) - Monsters in my head [RapNews].mp3,John Rai,,,,55.2,100.0,weak
john rais steve blesh|5 a m milani edit,"John Rais, Steve Blesh",5 A. M. (Milani Edit),232.0,1,"John Rais, Steve Blesh - 5 A. M. (Milani Edit).mp3",John Rai,2249,Timilai Ma Ke Bhanu,Narayan Gopal,61.1,66.7,none
john rais steven blesh|5 a m milani edit wcm,"John Rais, Steven Blesh",5 A. M. (Milani Edit) (WCM),232.0,1,"John Rais, Steven Blesh - 5 A. M. (Milani Edit) (WCM).mp3",John Rai,,,,55.0,66.7,none
john rai|chapter,John Rai,Chapter,182.0,1,John Rai - Chapter.mp3,John Rai,4044,Cheater,Yabi The G.O.A.T,85.7,100.0,probable
john rai|ko cha ra,John Rai,Ko Cha Ra,288.0,1,John Rai - Ko Cha Ra.mp3,John Rai,1597,Ko Cha Ra,John Chamling Rai,100.0,100.0,strong
jolly mukherjee sushma shrestha poornima|pinjre mein popat bole,"Jolly Mukherjee, Sushma Shrestha (Poornima)",Pinjre Mein Popat Bole,377.0,1,"Jolly Mukherjee, Sushma Shrestha (Poornima) - Pinjre Mein Popat Bole.mp3",Sushma Shrestha,,,,54.5,78.9,none
jr23|sailo ma charghare dance performance,Jr23,Sailo Ma charghare dance performance | #dashain_special #dance,231.0,1,Sailo Ma charghare dance performance ｜ #dashain_special #dance.m4a,Sailo Ma Charghare,828,Sailo Ma Charghare,Bishwo Dong,100.0,33.3,weak
juna prasai sugam pokharel|nilo aakash,"Juna Prasai, Sugam Pokharel",Nilo Aakash,321.0,1,"Juna Prasai, Sugam Pokharel - Nilo Aakash.mp3",Sugam Pokharel,1205,Nilo Nilo,Echoes Valley,100.0,100.0,strong
junk music cowboys|sherpa,Junk Music Cowboys,Sherpa,111.0,1,Junk Music Cowboys - Sherpa.mp3,SHERPA,1339,Fuba Tamang - Vagera kaha Feat. Finjo Sherpa,Genius Romanizations,100.0,71.4,weak
kaam bhaari|kaam bhaari pataka feat yoku big d evil vibha saraf bhaari beatz,Kaam Bhaari,"Kaam Bhaari - PATAKA Feat. Yoku BIG, D'Evil, Vibha Saraf & Bhaari Beatz | Official Music Video |",181.0,1,"Kaam Bhaari - PATAKA Feat. Yoku BIG, D'Evil, Vibha Saraf & Bhaari Beatz ｜ Official Music Video ｜.m4a",Yoku B.I.G,3942,Kaam,Uniq Poet,100.0,69.6,weak
kajal malik|shiv shankar bhole nath tera damru baaje parwat pe,Kajal Malik,Shiv Shankar Bhole Nath Tera Damru Baaje Parwat Pe,334.0,1,Kajal Malik - Shiv Shankar Bhole Nath Tera Damru Baaje Parwat Pe.mp3,Shiv Shankar,1543,Shankar Bhole,Ishwor Krishna Bhurtel,100.0,63.6,weak
kajal malik|shiv shankar chale kelash ke bundiya padhne lagi,Kajal Malik,Shiv Shankar Chale Kelash Ke Bundiya Padhne Lagi,408.0,1,Kajal Malik - Shiv Shankar Chale Kelash Ke Bundiya Padhne Lagi.mp3,Shiv Shankar,2643,Lagi Lagi,Pramod Kharel & Yogita Moktan,100.0,63.6,weak
kajal raj official|video,Kajal Raj Official,#Video | #Karma Geet | कौन भईया लाई अलकाई नदिया पर के मटीया | #Kajal Raj #Karma Jhumar Geet 2026,196.0,1,#Video ｜ #Karma Geet ｜ कौन भईया लाई अलकाई नदिया पर के मटीया ｜ #Kajal Raj #Karma Jhumar Geet 2026.m4a,Chhori Budhi,,,,50.0,100.0,weak
kaji gurung|resham firiri flute,KAJI GURUNG,Resham Firiri Flute | Nepali Instrumental Music | Bansuri Dhun || KAJI GURUNG ||,310.0,1,Resham Firiri Flute ｜ Nepali Instrumental Music ｜ Bansuri Dhun ｜｜ KAJI GURUNG ｜｜.m4a,Resham Firiri,1650,Resham Firiri,Kali Prasad Baskota,100.0,81.8,probable
kala suptihang rai|lahure maya kala suptihang rai लाहुरे माया,Kala Suptihang Rai,Lahure Maya - Kala Suptihang Rai / लाहुरे माया [Official Video],326.0,1,Lahure Maya - Kala Suptihang Rai ⧸ लाहुरे माया [Official Video].m4a,Lahure Ko Katha,526,Maya,Ashutosh KC,100.0,66.7,weak
kala suptihang rai|samjhana mero priyatam lai lahure kala suptihang rai ft king thulung aarju poon,Kala Suptihang Rai,SAMJHANA MERO PRIYATAM LAI (LAHURE) - KALA SUPTIHANG RAI / FT. KING THULUNG/AARJU POON,363.0,1,SAMJHANA MERO PRIYATAM LAI (LAHURE) - KALA SUPTIHANG RAI ⧸ FT. KING THULUNG⧸AARJU POON.m4a,Lahure Ko Katha,737,Samjhana,Bikki Gurung,100.0,66.7,weak
kali prasad baskota melina rai|ajambari,"Kali Prasad Baskota, Melina Rai",Ajambari,210.0,1,"Kali Prasad Baskota, Melina Rai - Ajambari.mp3",Melina Rai,2081,Ajambari,Monkey Temple Nepal,100.0,100.0,strong
kali prasad baskota|teej ko ranko,Kali Prasad Baskota,Teej Ko Ranko | Bhadaure Maina | Kali Prasad Baskota | Darshana Ganga Mrinal Pitu | तीजको रन्को,258.0,1,Teej Ko Ranko ｜ Bhadaure Maina ｜ Kali Prasad Baskota ｜ Darshana Ganga Mrinal Pitu ｜ तीजको रन्को.m4a,teej song,4155,Pan ko Pat,पान को पात,60.9,100.0,weak
kalpana|saiya chhoda laik budhi gudgudi barata,Kalpana,Saiya Chhoda Laik Budhi Gudgudi Barata,271.0,1,Saiya Chhoda Laik Budhi Gudgudi Barata.m4a,Chhori Budhi,,,,54.0,100.0,weak
kanchhi|krishna dhakalnew nepali lok pop song,Kanchhi,Krishna DhakalNew Nepali Lok-Pop Song 2014,266.0,1,Kanchhi - Krishna DhakalNew Nepali Lok-Pop Song 2014.mp3,nepali,207,Nepali,Albatross,100.0,52.6,weak
kandara group|bideshiyara gaein,Kandara Group,Bideshiyara Gaein,375.0,1,Kandara Group - Bideshiyara Gaein.mp3,Kandara,,,,58.1,100.0,weak
kandara group|bishwasko diyo,Kandara Group,Bishwasko Diyo,310.0,1,Kandara Group - Bishwasko Diyo.mp3,Kandara,510,Diyo Bali Sajhako,Asha Bhosle,77.4,100.0,weak
kandara group|chanchale kanchhi,Kandara Group,Chanchale Kanchhi,252.0,1,Kandara Group - Chanchale Kanchhi.mp3,Kandara,420,Kanchhi,Anuprastha,100.0,100.0,strong
kandara group|dandapari,Kandara Group,Dandapari,291.0,1,Kandara Group - Dandapari.mp3,Kandara,1710,Supari Dana,Karma Band,80.0,100.0,probable
kandara group|din bite,Kandara Group,Din Bite,363.0,1,Kandara Group - Din Bite.mp3,Kandara,419,Din,Anuprastha,100.0,100.0,strong
kandara group|fulachokiko dandama,Kandara Group,Fulachokiko Dandama,267.0,1,Kandara Group - Fulachokiko Dandama.mp3,Kandara,,,,59.5,100.0,weak
kandara group|hongkong pokhara,Kandara Group,Hongkong Pokhara,246.0,1,Kandara Group - Hongkong Pokhara.mp3,Kandara,1683,Hongkong Pokhara by Kandara Band,Kandara,100.0,100.0,strong
kandara group|lekaki he maya,Kandara Group,Lekaki He Maya,236.0,1,Kandara Group - Lekaki He Maya.mp3,Kandara,526,Maya,Ashutosh KC,100.0,100.0,strong
kandara group|priyashi,Kandara Group,Priyashi,277.0,1,Kandara Group - Priyashi.mp3,Kandara,1951,Priyesi,Mantra Band,80.0,100.0,probable
kandara group|raatai bijhayo,Kandara Group,Raatai Bijhayo,321.0,1,Kandara Group - Raatai Bijhayo.mp3,Kandara,2141,Raat bityo,Nabin K Bhattarai,75.0,100.0,weak
kandara group|sayad timi,Kandara Group,Sayad Timi,217.0,1,Kandara Group - Sayad Timi.mp3,Kandara,752,Timi,Binit Shrestha,100.0,100.0,strong
kandara group|tehi deuralima,Kandara Group,Tehi Deuralima,340.0,1,Kandara Group - Tehi Deuralima.mp3,Kandara,2687,deuralima batas chalyo,prem dhoj pradhan,78.3,100.0,probable
kandara group|timi pari,Kandara Group,Timi Pari,361.0,1,Kandara Group - Timi Pari.mp3,Kandara,1687,Timi Pari,Kandara,100.0,100.0,strong
kandara group|yastai chha mayalu,Kandara Group,Yastai Chha Mayalu,382.0,1,Kandara Group - Yastai Chha Mayalu.mp3,Kandara,56,Mayalu Mayalu,1974 AD,100.0,100.0,strong
kandara twins band|thina ti mugogo,Kandara Twins Band,Thina Ti Mugogo,232.0,1,Kandara Twins Band - Thina Ti Mugogo.mp3,Kandara,,,,59.3,100.0,weak
kandara twins band|wanjiru,Kandara Twins Band,Wanjiru,226.0,1,Kandara Twins Band - Wanjiru.mp3,Kandara,,,,57.1,100.0,weak
kandara|angin,Kandara,Angin,213.0,1,Kandara - Angin.mp3,Kandara,3556,RANGIN,Sushant KC,90.9,100.0,strong
kandara|bahtera,Kandara,Bahtera,232.0,1,Kandara - Bahtera.mp3,Kandara,1267,Herai Basai,Extended - Yabesh Thapa,66.7,100.0,weak
kandara|bersama,Kandara,Bersama,212.0,1,Kandara - Bersama.mp3,Kandara,2717,Biram,Purna Rai & Dajubhaiharu,66.7,100.0,weak
kandara|bho bhayo,Kandara,Bho Bhayo,242.0,1,Kandara - Bho Bhayo.mp3,Kandara,3759,Budo Bhaiyo,The Firantee,80.0,100.0,probable
kandara|bidesiyera gain uni,Kandara,Bidesiyera gain uni,375.0,1,Kandara - Bidesiyera gain uni.mp3,Kandara,3012,Isara Nai Kafi,Sabin Rai,60.6,100.0,weak
kandara|bolu ki nabolu,Kandara,Bolu Ki Nabolu,249.0,1,Kandara - Bolu Ki Nabolu.mp3,Kandara,2758,Ma Kehi Bolu,Rahul Bishwas,69.2,100.0,weak
kandara|kata siapa,Kandara,Kata Siapa,234.0,1,Kandara - Kata Siapa.mp3,Kandara,3255,Sapana Matra,Seasons,72.7,100.0,weak
kandara|keheningan,Kandara,Keheningan,233.0,1,Kandara - Keheningan.mp3,Kandara,1502,Kei Na Kei,Hennie Baker,62.5,100.0,weak
kandara|lekaki he maya,Kandara,Lekaki He Maya,236.0,1,Kandara - Lekaki He Maya.mp3,Kandara,526,Maya,Ashutosh KC,100.0,100.0,strong
kandara|mahasus gare,Kandara,Mahasus Gare,337.0,1,Kandara - Mahasus Gare.mp3,Kandara,1574,Maya Garideu,Jenisha Gautam,66.7,100.0,weak
kandara|pesan,Kandara,Pesan,223.0,1,Kandara - Pesan.mp3,Kandara,427,Sano,Apurva Tamang,66.7,100.0,weak
kandara|rumah,Kandara,Rumah,211.0,1,Kandara - Rumah.mp3,Kandara,3612,Kramasha,Swoopna Suman,61.5,100.0,weak
kandara|tagaroma rumal rakhi,Kandara,Tagaroma Rumal Rakhi,292.0,1,Kandara - Tagaroma Rumal Rakhi.mp3,Kandara,1686,Tagaro Ma Rumal,Kandara,80.0,100.0,probable
kandara|tujuan,Kandara,Tujuan,201.0,1,Kandara - Tujuan.mp3,Kandara,2972,Jani Jani,Rohit John Chettri,60.0,100.0,weak
kandara|udas basti,Kandara,Udas Basti,232.0,1,Kandara - Udas Basti.mp3,Kandara,966,Kina Udas Baseki,Cool Pokhrel,69.2,100.0,weak
kanhaiya singh|bhajo re man om namah shivay,Kanhaiya Singh,Bhajo Re Man Om Namah Shivay,338.0,1,Kanhaiya Singh - Bhajo Re Man Om Namah Shivay.mp3,Kanhaiya Singh,2336,Om Nama Shivaya,Neetesh Jung Kunwar,65.1,75.0,weak
kanhaiya singh|chhaliya mohan,Kanhaiya Singh,Chhaliya Mohan,240.0,1,Kanhaiya Singh - Chhaliya Mohan.mp3,Kanhaiya Singh,366,Hanuman Chalisa,Ankit Tiwari,69.0,75.0,weak
kanhaiya singh|darshan lel taiyar ge maa,Kanhaiya Singh,Darshan Lel Taiyar Ge Maa,299.0,1,Kanhaiya Singh - Darshan Lel Taiyar Ge Maa.mp3,Kanhaiya Singh,205,Maa,Albatross,100.0,75.0,probable
kanhaiya singh|dekha dey hata ke odhaniya ge,Kanhaiya Singh,Dekha Dey Hata Ke Odhaniya Ge,266.0,1,Kanhaiya Singh - Dekha Dey Hata Ke Odhaniya Ge.mp3,Kanhaiya Singh,,,,54.5,75.0,none
kanhaiya singh|ma nepali thito,Kanhaiya Singh,Ma Nepali Thito,266.0,1,Kanhaiya Singh - Ma Nepali Thito.mp3,nepali,207,Nepali,Albatross,100.0,75.0,probable
kanhaiya singh|marera jane,Kanhaiya Singh,Marera Jane,309.0,1,Kanhaiya Singh - Marera Jane.mp3,Kanhaiya Singh,612,Jane Mayalu,Babu Bogati,72.7,75.0,weak
kanhaiya singh|tohare me atakal jaan,Kanhaiya Singh,Tohare Me Atakal Jaan,158.0,1,Kanhaiya Singh - Tohare Me Atakal Jaan.mp3,Kanhaiya Singh,3208,Aakhama Auaune Tasbir,Sanjeevani,61.9,75.0,none
kanjan herenj 707|thoda sa ge chhori pata budha sange budhi pata,kanjan herenj 707,thoda sa ge chhori pata Budha sange Budhi pata,58.0,1,thoda sa ge chhori pata Budha sange Budhi pata.m4a,Chhori Budhi,,,,54.1,53.8,none
karamjit anmol|sajjan taveet varga,Karamjit Anmol,Sajjan Taveet Varga,207.0,1,Karamjit Anmol - Sajjan Taveet Varga.mp3,Sajjan,,,,59.6,61.5,none
karan nepali ritu thapa|rangili suwa,"Karan Nepali, Ritu Thapa",Rangili Suwa,378.0,1,"Karan Nepali, Ritu Thapa - Rangili Suwa.mp3",nepali,2396,Sa Karnali,Nepathya,63.6,71.4,none
karbain s|sano chada uniq poet ft sagar dahal,karbain (Nepali Songs),Sano Chada - Uniq poet Ft. Sagar Dahal,0.0,1,Sano Chada - Uniq poet Ft. Sagar Dahal.m4a,Uniq Poet,210,Sagar,Albatross,100.0,62.5,weak
karma t|namana laaja yestari film maitighar,Karma T.,Namana Laaja Yestari.......(Film Maitighar),0.0,1,Namana Laaja Yestari.......(Film Maitighar).m4a,Maiti Ghar,2690,Namana Laaja Yestari,Prem Dhoj Pradhan,100.0,83.3,probable
karna das sapana shree prasna shakya|utha hai aba nepali,"Karna Das, Sapana Shree, Prasna shakya",Utha Hai Aba Nepali,287.0,1,"Karna Das, Sapana Shree, Prasna shakya - Utha Hai Aba Nepali.mp3",nepali,207,Nepali,Albatross,100.0,100.0,strong
kartik chauhan|shiv shankar tandav nache che,Kartik Chauhan,SHIV SHANKAR TANDAV NACHE CHE,174.0,1,Kartik Chauhan - SHIV SHANKAR TANDAV NACHE CHE.mp3,Shiv Shankar,1543,Shankar Bhole,Ishwor Krishna Bhurtel,70.0,66.7,weak
kartikey sharma|shivashtak jay shiv shankar jay gangadhar,Kartikey Sharma,Shivashtak Jay Shiv Shankar Jay Gangadhar,407.0,1,Kartikey Sharma - Shivashtak Jay Shiv Shankar Jay Gangadhar.mp3,Shiv Shankar,1543,Shankar Bhole,Ishwor Krishna Bhurtel,70.0,69.2,weak
karuna samjhana pariyar pushpa tamu raju neupane|uthaun nepali,"Karuna, Samjhana pariyar, Pushpa Tamu, Raju Neupane",Uthaun Nepali,276.0,1,"Karuna, Samjhana pariyar, Pushpa Tamu, Raju Neupane - Uthaun Nepali.mp3",nepali,207,Nepali,Albatross,100.0,73.7,weak
kasaiko aankha lagnadinna new nepali patriotic song|official song suraj thapa brave nepali army,Kasaiko Aankha Lagnadinna - New Nepali Patriotic Song,Official Song Suraj Thapa- Brave Nepali Army,268.0,1,Kasaiko Aankha Lagnadinna - New Nepali Patriotic Song - Official Song Suraj Thapa- Brave Nepali Army.mp3,nepali,207,Nepali,Albatross,100.0,63.2,weak
kavya sharma|jau kanchhi relaima,Kavya Sharma,Jau Kanchhi Relaima,271.0,1,Kavya Sharma - Jau Kanchhi Relaima.mp3,Kanchhi,420,Kanchhi,Anuprastha,100.0,72.0,weak
kaì zer|phool ko aakha ma ft yangdol,Kaì.zER,Phool Ko Aakha Ma (cover) Ft Yangdol,0.0,1,Phool Ko Aakha Ma (cover) Ft Yangdol.m4a,Phool Ko Mala,3465,Phool,Sujan Chapagain,100.0,50.0,weak
kcflow|aamaa yama buddha ft mistah k nepsydaz,KCFLOW,AAMAA - YAMA BUDDHA ft. MISTAH K (NEPSYDAZ),0.0,1,AAMAA - YAMA BUDDHA ft. MISTAH K (NEPSYDAZ).m4a,Yama Buddha,4059,Aamaa,Yama Buddha,100.0,50.0,weak
kendra motion pictures|aayo teejako lahar,Kendra Motion Pictures,AAYO TEEJAKO LAHAR | Official Teej Song 2021| Melina Rai Ft.Prisma & Princy Khatiwada (Twinny Girls),312.0,1,AAYO TEEJAKO LAHAR ｜ Official Teej Song 2021｜ Melina Rai Ft.Prisma & Princy Khatiwada (Twinny Girls).m4a,teej song,2005,Aayo Teejko Lahar,Melina Rai,97.1,52.6,weak
kendra motion pictures|kehar sing limbu sarara sarara ft nimesh thapa losina shakya,Kendra Motion Pictures,"Kehar Sing Limbu - Sarara Sarara Official Music Video ft.Nimesh Thapa, Losina Shakya | Kehar& Lunga",266.0,1,"Kehar Sing Limbu - Sarara Sarara Official Music Video ft.Nimesh Thapa, Losina Shakya ｜ Kehar& Lunga.m4a",Sailo Ma Charghare,904,Sarara,Chhewang Lama,100.0,52.6,weak
kendra motion pictures|rukum maikot new nepali movie khusma song,Kendra Motion Pictures,"RUKUM MAIKOT - New Nepali Movie khusma Song 2024 | Ft. Dhiraj Magar, Upasana Singh Thakuri",316.0,1,"RUKUM MAIKOT - New Nepali Movie khusma Song 2024 ｜ Ft. Dhiraj Magar, Upasana Singh Thakuri.m4a",Maiti Ghar,207,Nepali,Albatross,100.0,52.6,weak
khadga ggrbuja|luna kanchhi,Khadga Ggrbuja,Luna Kanchhi,364.0,1,Khadga Ggrbuja - Luna Kanchhi.mp3,Kanchhi,420,Kanchhi,Anuprastha,100.0,64.0,weak
khalil sajjan|bhala hovi yar sano choria ay,Khalil Sajjan,Bhala Hovi Yar Sano Choria Ay,226.0,1,Khalil Sajjan - Bhala Hovi Yar Sano Choria Ay.mp3,Sajjan,427,Sano,Apurva Tamang,100.0,63.2,weak
khelaadi|yama ra buddha a tribute song to yama buddha,Khelaadi,Yama ra Buddha (A tribute song to Yama Buddha),0.0,1,Yama ra Buddha (A tribute song to Yama Buddha).m4a,Yama Buddha,3163,Pir Song,Samjhana Bhandari,66.7,66.7,weak
khushbu tiwari kt|shiv shankar ko apne manaye,Khushbu Tiwari KT,Shiv Shankar Ko Apne Manaye,196.0,1,Khushbu Tiwari KT - Shiv Shankar Ko Apne Manaye.mp3,Shiv Shankar,2067,Om Jaya Shiva Shankar,"Mira Rana, Dwarika Lal Joshi",70.8,70.6,weak
khushi kakkad nepali babu|ropaniya balam,"Khushi Kakkad, Nepali Babu",Ropaniya Balam,198.0,1,"Khushi Kakkad, Nepali Babu - Ropaniya Balam.mp3",nepali,1211,Kalai Pani Ma,Edge Band,66.7,63.2,weak
khushi kakkar nepali babu|videsh se aawe wala bawe mor bhatar a rama,"Khushi kakkar, Nepali Babu",Videsh Se Aawe Wala Bawe Mor Bhatar A Rama,191.0,1,"Khushi kakkar, Nepali Babu - Videsh Se Aawe Wala Bawe Mor Bhatar A Rama.mp3",Nepali Babu,2373,Ho Rama Rama,Nepathya,72.7,70.6,weak
kike banquez|nachideu maichyang nepali folk song,Kike Banquez,Nachideu Maichyang (Nepali Folk Song),231.0,1,Kike Banquez - Nachideu Maichyang (Nepali Folk Song).mp3,nepali,207,Nepali,Albatross,100.0,52.2,weak
kiran acharya|rato ra chandra surya gopal yonjan original,Kiran Acharya,Rato ra chandra surya- Gopal yonjan- original,0.0,1,Rato ra chandra surya- Gopal yonjan- original.mp3,Gopal Yonjan,2393,Rato Ra Chandra Surya,Nepathya,100.0,76.9,probable
kiran gajmer melina rai|hamro amar mayako,"Kiran Gajmer, Melina Rai",Hamro Amar Mayako,288.0,1,"Kiran Gajmer, Melina Rai - Hamro Amar Mayako.mp3",Melina Rai,3744,Hamro Maya,The Edge Band Nepal | Jeewan Gurung,74.1,100.0,weak
kiran negi|mera shiv shankar bhagwan bhola kidhar gaya,Kiran Negi,Mera Shiv Shankar Bhagwan Bhola Kidhar Gaya,318.0,1,Kiran Negi - Mera Shiv Shankar Bhagwan Bhola Kidhar Gaya.mp3,Shiv Shankar,255,Bhagwan Timro,Ani Choying Dolma,70.0,66.7,weak
kiran nepali|folk blues,Kiran Nepali,Folk Blues,244.0,1,Kiran Nepali - Folk Blues.mp3,nepali,1741,Doko Bunne,Kehar Limbu,60.0,100.0,weak
kiran nepali|folk minor,Kiran Nepali,Folk Minor,330.0,1,Kiran Nepali - Folk Minor.mp3,nepali,637,Timi Fool,Balen,63.2,100.0,weak
kiran nepali|maya re ratana,Kiran Nepali,Maya Re Ratana,178.0,1,Kiran Nepali - Maya Re Ratana.mp3,nepali,526,Maya,Ashutosh KC,100.0,100.0,strong
kiran rai santosh tirwa|nachau nachau jhai lagyo nepali gospel song,"Kiran Rai, Santosh Tirwa",Nachau Nachau Jhai Lagyo (Nepali Gospel Song),366.0,1,"Kiran Rai, Santosh Tirwa - Nachau Nachau Jhai Lagyo (Nepali Gospel Song).mp3",nepali,207,Nepali,Albatross,100.0,73.7,weak
kiran rai|jau saili nepali gospel song,Kiran Rai,Jau Saili - Nepali Gospel Song,345.0,1,Kiran Rai - Jau Saili - Nepali Gospel Song.mp3,nepali,207,Nepali,Albatross,100.0,100.0,strong
kishore kumar and sushma shrestha|tera mujhse duet,Kishore Kumar and Sushma Shrestha,Tera Mujhse (Duet),253.0,1,Kishore Kumar and Sushma Shrestha - Tera Mujhse (Duet).mp3,Sushma Shrestha,,,,56.2,78.9,none
kishore kumar sushma shrestha poornima|aye mere bete,Kishore Kumar & Sushma Shrestha Poornima,Aye Mere Bete,278.0,1,Kishore Kumar & Sushma Shrestha Poornima - Aye Mere Bete.mp3,Sushma Shrestha,380,Tere Jaane Se,Ankit Tiwari,61.5,78.9,none
kishore kumar sushma shrestha|aye mere bete,"Kishore Kumar, Sushma Shrestha",Aye Mere Bete,278.0,1,"Kishore Kumar, Sushma Shrestha - Aye Mere Bete.mp3",Sushma Shrestha,380,Tere Jaane Se,Ankit Tiwari,61.5,78.9,none
kishore kumar sushma shrestha|deep diwali ke jhuthe,"Kishore Kumar, Sushma Shrestha",Deep Diwali Ke Jhuthe,256.0,1,"Kishore Kumar, Sushma Shrestha - Deep Diwali Ke Jhuthe.mp3",Sushma Shrestha,,,,51.4,78.9,none
klley don|mohani lagla hai lahure ko bolile,Klley Don,Mohani Lagla Hai Lahure Ko Bolile,0.0,1,Mohani Lagla Hai Lahure Ko Bolile.mp3,Lahure Ko Katha,899,Lahure,Chhewang Lama,100.0,54.5,weak
komal gouri|murali baaj rahi madhuban me tuta shiv shankar ka dhyan,Komal Gouri,Murali Baaj Rahi Madhuban Me Tuta Shiv Shankar Ka Dhyan,299.0,1,Komal Gouri - Murali Baaj Rahi Madhuban Me Tuta Shiv Shankar Ka Dhyan.mp3,Shiv Shankar,3361,Hai Murali,Sorathi Tihar - Bhupendra Salami Magar,75.0,80.0,weak
komal gouri|shiv shankar chale kelash ke bundiya padhne lagi,Komal Gouri,Shiv Shankar Chale Kelash Ke Bundiya Padhne Lagi,374.0,1,Komal Gouri - Shiv Shankar Chale Kelash Ke Bundiya Padhne Lagi.mp3,Shiv Shankar,2643,Lagi Lagi,Pramod Kharel & Yogita Moktan,100.0,80.0,probable
komal gouri|sunkar shri krishan ka janam milan shiv shankar aaye hai,Komal Gouri,Sunkar Shri Krishan Ka Janam Milan Shiv Shankar Aaye Hai,340.0,1,Komal Gouri - Sunkar Shri Krishan Ka Janam Milan Shiv Shankar Aaye Hai.mp3,Shiv Shankar,1543,Shankar Bhole,Ishwor Krishna Bhurtel,70.0,80.0,weak
komal oli yam baral|maya basyo mutuma,"Komal Oli, Yam Baral",Maya Basyo Mutuma,241.0,1,"Komal Oli, Yam Baral - Maya Basyo Mutuma.mp3",Yam Baral,1777,maya basyo mutuma,komal oli and yam baral,100.0,100.0,strong
koraputia desia songs|budha budhi koraputia song,koraputia desia songs,Budha budhi koraputia song,184.0,1,Budha budhi koraputia song.m4a,Chhori Budhi,3163,Pir Song,Samjhana Bhandari,66.7,59.5,weak
koshis rai|kaha paryo ghara new tamang selo song ll koshis rai dance choreography,Koshis Rai,Kaha Paryo Ghara - New Tamang Selo Song ll Koshis Rai Dance Choreography,135.0,1,Kaha Paryo Ghara - New Tamang Selo Song ll Koshis Rai Dance Choreography.m4a,Sailo Ma Charghare,1697,Kaha Hola Ghara Bara,Karma Band,66.7,70.0,weak
kranti ale|ye kanchhi,Kranti Ale,Ye Kanchhi,320.0,1,Kranti Ale - Ye Kanchhi.mp3,Kanchhi,420,Kanchhi,Anuprastha,100.0,100.0,strong
krishna banjara|bato muni ko phool timilai kunai pal,Krishna Banjara,Bato Muni Ko Phool Full Song - Timilai Kunai Pal (HD) ‏,0.0,1,Bato Muni Ko Phool Full Song - Timilai Kunai Pal (HD) ‏.m4a,Phool Ko Mala,1555,Timilai,James Shrestha,100.0,75.9,probable
krishna kafle melina rai|kasto kasto,"Krishna Kafle, Melina Rai",Kasto Kasto,355.0,1,"Krishna Kafle, Melina Rai - Kasto Kasto.mp3",Melina Rai,152,Kasto Lagchha,Adrian Pradhan,100.0,100.0,strong
krishna sah|chalan ghumal jaai sathe chhathi maike ghate,Krishna Sah,Chalan Ghumal Jaai Sathe Chhathi Maike Ghate,190.0,1,Krishna Sah - Chalan Ghumal Jaai Sathe Chhathi Maike Ghate.mp3,Krishna Sah,,,,59.3,80.0,none
krishna sah|chus den oth lale lal,Krishna Sah,Chus Den Oth Lale Lal,189.0,1,Krishna Sah - Chus Den Oth Lale Lal.mp3,Krishna Sah,,,,58.5,80.0,none
krishna sah|dilake dhadkan me likhal ahake naam,Krishna Sah,Dilake Dhadkan Me Likhal Ahake Naam,203.0,1,Krishna Sah - Dilake Dhadkan Me Likhal Ahake Naam.mp3,Krishna Sah,3830,Naam K Ho,Trishna Gurung,61.5,80.0,none
krishna sah|hamra ghaghrapa pura sansar hilaichai,Krishna Sah,Hamra Ghaghrapa Pura Sansar Hilaichai,206.0,1,Krishna Sah - Hamra Ghaghrapa Pura Sansar Hilaichai.mp3,Krishna Sah,1506,Maya Sansar,Hercules Basnet,70.6,80.0,weak
krishna sah|jabse gele chhoirke tu hamra,Krishna Sah,Jabse Gele Chhoirke Tu Hamra,185.0,1,Krishna Sah - Jabse Gele Chhoirke Tu Hamra.mp3,Krishna Sah,,,,53.1,80.0,none
krishna sah|jharkaibau re chugala,Krishna Sah,Jharkaibau Re Chugala,245.0,1,Krishna Sah - Jharkaibau Re Chugala.mp3,Krishna Sah,2074,Haraaune Chahana,Mohan Bhusal,64.9,80.0,none
krishna sah|lajebai chhori kathmadu sa bhagaike,Krishna Sah,Lajebai Chhori Kathmadu Sa Bhagaike,206.0,1,Krishna Sah - Lajebai Chhori Kathmadu Sa Bhagaike.mp3,Krishna Sah,,,,56.7,80.0,none
krishna sah|na madhesi na pahadi hami sabai ek nepali,Krishna Sah,Na Madhesi Na Pahadi Hami Sabai Ek Nepali,270.0,1,Krishna Sah - Na Madhesi Na Pahadi Hami Sabai Ek Nepali.mp3,nepali,207,Nepali,Albatross,100.0,80.0,probable
krishna sah|suna ho bhaiya rath bala goraki magai chho number,Krishna Sah,Suna Ho Bhaiya Rath Bala Goraki Magai Chho Number,229.0,1,Krishna Sah - Suna Ho Bhaiya Rath Bala Goraki Magai Chho Number.mp3,Krishna Sah,2290,Suna,Naren Limbu,100.0,80.0,probable
ksjamesy|rampin shop jamesy edit,KSJamesy,Rampin Shop (Jamesy edit),0.0,1,Rampin Shop (Jamesy edit).m4a,Jamesy,,,,50.0,85.7,none
ksm mgr|sailo ma charghare free fire beat sync free fire best edited video nefoli,KSM mgr,Sailo ma Charghare - free fire beat sync {free fire best edited video}@Nefoli,68.0,1,Sailo ma Charghare - free fire beat sync {free fire best edited video}@Nefoli.m4a,Sailo Ma Charghare,828,Sailo Ma Charghare,Bishwo Dong,100.0,58.8,weak
kumar basnet bimala rai|dhanda namana,"Kumar Basnet, Bimala Rai",Dhanda Namana,287.0,1,"Kumar Basnet, Bimala Rai - Dhanda Namana (2).mp3",Bimala Rai,3431,Dhanda,Sugam Pokhrel,100.0,100.0,strong
kumar basnet kunti moktan|barsa din bhaisakyo,"Kumar Basnet, Kunti Moktan",Barsa Din Bhaisakyo,240.0,1,"Kumar Basnet, Kunti Moktan - Barsa Din Bhaisakyo.mp3",Kunti Moktan,419,Din,Anuprastha,100.0,100.0,strong
kumar basnet lochan bhattarai|he he maya,"Kumar Basnet, Lochan Bhattarai",He He Maya,283.0,1,"Kumar Basnet, Lochan Bhattarai - He He Maya.mp3",Kumar Basnet,526,Maya,Ashutosh KC,100.0,100.0,strong
kumar basnet meera rana|lek fulyo,"Kumar Basnet, Meera Rana",Lek Fulyo,208.0,1,"Kumar Basnet, Meera Rana - Lek Fulyo.mp3",Kumar Basnet,44,Gurasai Fulyo,1974 AD,71.4,100.0,weak
kumar basnet mira rana|madal ghan ghan,"Kumar Basnet, Mira Rana",Madal Ghan Ghan,165.0,1,"Kumar Basnet, Mira Rana - Madal Ghan Ghan.mp3",Kumar Basnet,612,Jane Mayalu,Babu Bogati,66.7,100.0,weak
kumar basnet pabitra subba|kina lajaki,"Kumar Basnet, Pabitra Subba",Kina Lajaki,235.0,1,"Kumar Basnet, Pabitra Subba - Kina Lajaki.mp3",Kumar Basnet,862,KINA,Brisk timos,100.0,100.0,strong
kumar basnet reema gurung|goru jhule ho,"Kumar Basnet, Reema Gurung",Goru Jhule Ho,218.0,1,"Kumar Basnet, Reema Gurung - Goru Jhule Ho.mp3",Kumar Basnet,,,,56.0,100.0,weak
kumar basnet sapana pariyar|jau jau bhanda,"Kumar Basnet, Sapana Pariyar",Jau Jau Bhanda,384.0,1,"Kumar Basnet, Sapana Pariyar - Jau Jau Bhanda.mp3",Kumar Basnet,502,Udi Jau Bhane,Aruna Lama,78.3,100.0,probable
kumar basnet sharmila bardewa|chaita lagyo,"Kumar Basnet, Sharmila Bardewa",Chaita Lagyo,299.0,1,"Kumar Basnet, Sharmila Bardewa - Chaita Lagyo.mp3",Kumar Basnet,3651,Hawa Lagyo,Symfamous,81.8,100.0,probable
kumar basnet sharmila bardewa|hatai katechha,"Kumar Basnet, Sharmila Bardewa",Hatai Katechha,292.0,1,"Kumar Basnet, Sharmila Bardewa - Hatai Katechha.mp3",Kumar Basnet,1917,Dukcha Chati,Manila Sotang,69.2,100.0,weak
kumar basnet tara thapa jayananda lama prabha|aaba ta jam kyare,"Kumar Basnet, Tara Thapa, Jayananda Lama, Prabha",Aaba Ta Jam Kyare,285.0,1,"Kumar Basnet, Tara Thapa, Jayananda Lama, Prabha - Aaba Ta Jam Kyare.mp3",Kumar Basnet,1549,Ma Ta Marchu Kyare,Jagdish Samal,68.6,100.0,weak
kumar basnet|aamala chameli,Kumar Basnet,Aamala Chameli,179.0,1,Kumar Basnet - Aamala Chameli (2).mp3,Kumar Basnet,867,Meri Aama,Buddha Lama,69.6,100.0,weak
kumar basnet|aankha le dekhane,Kumar Basnet,Aankha Le Dekhane,234.0,1,Kumar Basnet - Aankha Le Dekhane.mp3,Kumar Basnet,2129,Aankha maa,Nabin K Bhattarai,75.0,100.0,weak
kumar basnet|barsha ke ho,Kumar Basnet,Barsha Ke Ho,238.0,1,Kumar Basnet - Barsha Ke Ho.mp3,Kumar Basnet,523,Yo Ke Bhayo,Ashmita Adhikari and Manish Dhakal from Nepali Movie December Falls.,69.6,100.0,weak
kumar basnet|dalli magarni,Kumar Basnet,Dalli Magarni,278.0,1,Kumar Basnet - Dalli Magarni.mp3,Kumar Basnet,843,Dalli,Brijesh Shrestha,100.0,100.0,strong
kumar basnet|dhaneshwor mathi,Kumar Basnet,Dhaneshwor Mathi,197.0,1,Kumar Basnet - Dhaneshwor Mathi.mp3,Kumar Basnet,2270,Pahadko Mathi Mathi,"Narayan Gopal, Asha Bhosle",62.1,100.0,weak
kumar basnet|diunla yo joban timilai diuna,Kumar Basnet,Diunla Yo Joban Timilai Diuna,236.0,1,Kumar Basnet - Diunla Yo Joban Timilai Diuna.mp3,Kumar Basnet,1555,Timilai,James Shrestha,100.0,100.0,strong
kumar basnet|doti ramro dadeldhura,Kumar Basnet,Doti Ramro Dadeldhura,220.0,1,Kumar Basnet - Doti Ramro Dadeldhura.mp3,Kumar Basnet,1513,Aha Kati Ramri,Himal Sagar and Annu Chaudhary in Nepali.,62.9,100.0,weak
kumar basnet|ghughuti ghurayo,Kumar Basnet,Ghughuti Ghurayo,222.0,1,Kumar Basnet - Ghughuti Ghurayo.mp3,Kumar Basnet,1483,Chhuti Sakyo Rel,Hemanta Rana,62.5,100.0,weak
kumar basnet|herda ramro,Kumar Basnet,Herda Ramro,256.0,1,Kumar Basnet - Herda Ramro (2).mp3,Kumar Basnet,1095,Herda Ramro,Dharmendra Sewan,100.0,100.0,strong
kumar basnet|kaski ho chhori,Kumar Basnet,Kaski Ho Chhori,181.0,1,Kumar Basnet - Kaski Ho Chhori.mp3,Kumar Basnet,452,Chot K Ho,Arun Thapa,66.7,100.0,weak
kumar basnet|koili basyo,Kumar Basnet,Koili Basyo,309.0,1,Kumar Basnet - Koili Basyo.mp3,Kumar Basnet,2821,Dil Basyo,Raju Lama,80.0,100.0,probable
kumar basnet|kukhura kati,Kumar Basnet,Kukhura Kati,267.0,1,Kumar Basnet - Kukhura Kati.mp3,Kumar Basnet,1810,Kukhura Kati Bhogdiula,Kumar Basnet,100.0,100.0,strong
kumar basnet|lai bari lai,Kumar Basnet,Lai Bari Lai,164.0,1,Kumar Basnet - Lai Bari Lai.mp3,Kumar Basnet,1811,Lai Bari Lai,Kumar Basnet,100.0,100.0,strong
kumar basnet|lapsiko geda,Kumar Basnet,Lapsiko Geda,161.0,1,Kumar Basnet - Lapsiko Geda.mp3,Kumar Basnet,1812,Lapsiko Gedo Chusera,Kumar Basnet,73.7,100.0,weak
kumar basnet|lapsiko gedo,Kumar Basnet,Lapsiko Gedo,172.0,1,Kumar Basnet - Lapsiko Gedo.mp3,Kumar Basnet,1812,Lapsiko Gedo Chusera,Kumar Basnet,100.0,100.0,strong
kumar basnet|maile maya,Kumar Basnet,Maile Maya,246.0,1,Kumar Basnet - Maile Maya.mp3,Kumar Basnet,526,Maya,Ashutosh KC,100.0,100.0,strong
kumar basnet|maile maya layekai hu,Kumar Basnet,Maile Maya Layekai Hu,245.0,1,Kumar Basnet - Maile Maya Layekai Hu.mp3,Kumar Basnet,526,Maya,Ashutosh KC,100.0,100.0,strong
kumar basnet|mewa pakyo,Kumar Basnet,Mewa Pakyo,234.0,1,Kumar Basnet - Mewa Pakyo.mp3,Kumar Basnet,2270,Pahadko Mathi Mathi,"Narayan Gopal, Asha Bhosle",60.9,100.0,weak
kumar basnet|nepali le nepali ko,Kumar Basnet,Nepali Le Nepali Ko,203.0,1,Kumar Basnet - Nepali Le Nepali Ko.mp3,Kumar Basnet,207,Nepali,Albatross,100.0,100.0,strong
kumar basnet|pani khaun kholiko,Kumar Basnet,Pani Khaun Kholiko,172.0,1,Kumar Basnet - Pani Khaun Kholiko.mp3,Kumar Basnet,2156,Pani Pani,Nalina Chitrakar,100.0,100.0,strong
kumar basnet|ramro machhapuchchhre,Kumar Basnet,Ramro Machhapuchchhre,232.0,1,Kumar Basnet - Ramro Machhapuchchhre.mp3,Kumar Basnet,873,Herda Ramro Machhapuchhre,Buddhi Pariyar,82.6,100.0,probable
kumar basnet|rausi khan jaun,Kumar Basnet,Rausi Khan Jaun,251.0,1,Kumar Basnet - Rausi Khan Jaun.mp3,Kumar Basnet,1557,Rausi Layo,Jamesy,66.7,100.0,weak
kumar basnet|rimjhim,Kumar Basnet,Rimjhim,185.0,1,Kumar Basnet - Rimjhim.mp3,Kumar Basnet,2601,Pani Ko Rimjhim,Prakash Shrestha,100.0,100.0,strong
kumar basnet|sal ko paat,Kumar Basnet,Sal Ko Paat,227.0,1,Kumar Basnet - Sal Ko Paat.mp3,Kumar Basnet,1449,Paan Ko Paat,"Gyanu Rana, Bam Bahadur Karki",78.3,100.0,probable
kumar basnet|sathi khodaichha,Kumar Basnet,Sathi Khodaichha,248.0,1,Kumar Basnet - Sathi Khodaichha.mp3,Kumar Basnet,3562,Sathi,SUshant KC,100.0,100.0,strong
kumar basnet|surkhet ma salina,Kumar Basnet,Surkhet Ma Salina,182.0,1,Kumar Basnet - Surkhet Ma Salina.mp3,Kumar Basnet,3773,Ma,The Shadows 'Nepal',100.0,100.0,strong
kumar basnet|surkhetaima salina,Kumar Basnet,Surkhetaima Salina,177.0,1,Kumar Basnet - Surkhetaima Salina.mp3,Kumar Basnet,1667,Jaula Relaima,Kamal Khatri,64.5,100.0,weak
kumar basnet|timilai rojeko,Kumar Basnet,Timilai Rojeko,281.0,1,Kumar Basnet - Timilai Rojeko.mp3,Kumar Basnet,1555,Timilai,James Shrestha,100.0,100.0,strong
kumar basnet|tirimiri daiya,Kumar Basnet,Tirimiri Daiya,245.0,1,Kumar Basnet - Tirimiri Daiya.mp3,Kumar Basnet,2125,Dina Timilai,Mystic East,69.2,100.0,weak
kumar basnet|tiriri piyari,Kumar Basnet,Tiriri Piyari,179.0,1,Kumar Basnet - Tiriri Piyari.mp3,Kumar Basnet,1687,Timi Pari,Kandara,72.7,100.0,weak
kumar basnet|unkai chhori,Kumar Basnet,Unkai Chhori,228.0,1,Kumar Basnet - Unkai Chhori (2).mp3,Kumar Basnet,1814,Unkai Chori Taruni,Kumar Basnet,73.3,100.0,weak
kumar basnet|unkai chhori taruni,Kumar Basnet,Unkai Chhori Taruni,228.0,1,Kumar Basnet - Unkai Chhori Taruni.mp3,Kumar Basnet,1814,Unkai Chori Taruni,Kumar Basnet,97.3,100.0,strong
kumar thapa|gunyo choli kanchha tanglichowk 01 09 rani danda gumba tanglichowk,Kumar Thapa,"Gunyo Choli Kanchha, Tanglichowk 01 /09/2078 Rani Danda Gumba Tanglichowk.",123.0,1,"Gunyo Choli Kanchha, Tanglichowk 01 ⧸09⧸2078 Rani Danda Gumba Tanglichowk..m4a",Danda Ko Gumba,478,Hera Na Hera Kanchha,Aruna Lama,63.6,100.0,weak
kunj bihari|nath shiv shankar bhola bhang ka khawe gola,Kunj Bihari,Nath Shiv Shankar Bhola Bhang Ka Khawe Gola,319.0,1,Kunj Bihari - Nath Shiv Shankar Bhola Bhang Ka Khawe Gola.mp3,Shiv Shankar,1543,Shankar Bhole,Ishwor Krishna Bhurtel,70.0,58.1,weak
kunti moktan anand karki sarita shahi achyut dawadi pushpa khatiwada aisworya|pachhi pachhi ke dhako,"Kunti Moktan, Anand Karki, Sarita Shahi, Achyut Dawadi, Pushpa Khatiwada, Aisworya",Pachhi Pachhi Ke Dhako,335.0,1,"Kunti Moktan, Anand Karki, Sarita Shahi, Achyut Dawadi, Pushpa Khatiwada, Aisworya - Pachhi Pachhi Ke Dhako.mp3",Kunti Moktan,1740,Tes Pachhi K ?,Kavi G,74.1,100.0,weak
kunti moktan bhola rijal|aama sadhai sadhai,Kunti Moktan & Bhola Rijal,Aama Sadhai Sadhai,253.0,1,Kunti Moktan & Bhola Rijal - Aama Sadhai Sadhai.mp3,Kunti Moktan,129,Sadhai Sadhai,Abhaya and The Steam Injuns,100.0,100.0,strong
kunti moktan d k anjan|jeevan yo prabhu ko charanama,"Kunti Moktan, D.K Anjan",Jeevan Yo Prabhu Ko Charanama,270.0,1,"Kunti Moktan, D.K Anjan - Jeevan Yo Prabhu Ko Charanama.mp3",Kunti Moktan,1155,Jeevan,Dixita Karki,100.0,100.0,strong
kunti moktan indira gole|tinela lohosar melare,"Kunti Moktan, Indira Gole",Tinela Lohosar Melare,274.0,1,"Kunti Moktan, Indira Gole - Tinela Lohosar Melare.mp3",Kunti Moktan,,,,58.1,100.0,weak
kunti moktan jagdish samal|timro mero naam,"Kunti Moktan, Jagdish Samal",Timro Mero Naam,342.0,1,"Kunti Moktan, Jagdish Samal - Timro Mero Naam.mp3",Kunti Moktan,906,Timro Naam,Chhewang Lama,100.0,100.0,strong
kunti moktan kumar basnet|barsa din,"Kunti Moktan, Kumar Basnet",Barsa Din,240.0,1,"Kunti Moktan, Kumar Basnet - Barsa Din.mp3",Kunti Moktan,419,Din,Anuprastha,100.0,100.0,strong
kunti moktan rajesh payal rai|aantilo ra josilo,"Kunti Moktan, Rajesh Payal Rai",Aantilo Ra Josilo,403.0,1,"Kunti Moktan, Rajesh Payal Rai - Aantilo Ra Josilo.mp3",Kunti Moktan,,,,58.1,100.0,weak
kunti moktan sharmila bardewa|aayo aayo,"Kunti Moktan, Sharmila Bardewa",Aayo Aayo,255.0,1,"Kunti Moktan, Sharmila Bardewa - Aayo Aayo.mp3",Kunti Moktan,1032,Teejako Rahar Aayo Bari Lai,"Deepa Narayan Jha, Sushma Shrestha",100.0,100.0,strong
kunti moktan sindhu rana|lahure dai ko,"Kunti Moktan, Sindhu Rana",Lahure Dai Ko,297.0,1,"Kunti Moktan, Sindhu Rana - Lahure Dai Ko.mp3",Kunti Moktan,899,Lahure,Chhewang Lama,100.0,100.0,strong
kunti moktan swaroopraj acharya|eak muthhi mato,"Kunti Moktan, Swaroopraj Acharya",Eak Muthhi Mato,299.0,1,"Kunti Moktan, Swaroopraj Acharya - Eak Muthhi Mato.mp3",Kunti Moktan,1497,Timro Ek Mitho Muskan,Hemanta Rana,61.1,100.0,weak
kunti moktan|3 sunna jasto,Kunti Moktan,3. Sunna Jasto,235.0,1,Kunti Moktan - 3. Sunna Jasto.mp3,Kunti Moktan,2475,Sunna,Oasis Thapa,100.0,100.0,strong
kunti moktan|aafu jati,Kunti Moktan,Aafu Jati,303.0,1,Kunti Moktan - Aafu Jati.mp3,Kunti Moktan,24,Jati Maya,1974 A.D,77.8,100.0,weak
kunti moktan|aaja dekhi,Kunti Moktan,Aaja Dekhi,241.0,1,Kunti Moktan - Aaja Dekhi.mp3,Kunti Moktan,144,Aaja,Adrian Pradhan,100.0,100.0,strong
kunti moktan|aama lai samjhe,Kunti Moktan,Aama Lai Samjhe,336.0,1,Kunti Moktan - Aama Lai Samjhe.mp3,Kunti Moktan,1007,Aama Aama,Deep Shrestha,100.0,100.0,strong
kunti moktan|aandhikhole solti ko,Kunti Moktan,Aandhikhole Solti Ko,250.0,1,Kunti Moktan - Aandhikhole Solti Ko.mp3,Kunti Moktan,718,Soltini Bhani Bolako,Bidhan Shrestha,65.0,100.0,weak
kunti moktan|aankha farfarayo,Kunti Moktan,Aankha Farfarayo,293.0,1,Kunti Moktan - Aankha Farfarayo (2).mp3,Kunti Moktan,2129,Aankha maa,Nabin K Bhattarai,75.0,100.0,weak
kunti moktan|aankhama rakhe,Kunti Moktan,Aankhama Rakhe,393.0,1,Kunti Moktan - Aankhama Rakhe.mp3,Kunti Moktan,2964,Aankhama,Rohit John Chettri,100.0,100.0,strong
kunti moktan|aauna ho raja,Kunti Moktan,Aauna Ho Raja,263.0,1,Kunti Moktan - Aauna Ho Raja.mp3,Kunti Moktan,3123,Aauna Raja Laijaau Malai,Samikshya Adhikari,87.0,100.0,probable
kunti moktan|aljhera hundaina,Kunti Moktan,Aljhera Hundaina,216.0,1,Kunti Moktan - Aljhera Hundaina.mp3,Kunti Moktan,1015,Jhirma Uninu,Deep Shrestha,64.3,100.0,weak
kunti moktan|ankha farfarayo instrumental,Kunti Moktan,Ankha Farfarayo (Instrumental),317.0,1,Kunti Moktan - Ankha Farfarayo (Instrumental) (3).mp3,Kunti Moktan,,,,55.8,100.0,weak
kunti moktan|astaye gham,Kunti Moktan,Astaye Gham,321.0,1,Kunti Moktan - Astaye Gham.mp3,Kunti Moktan,3124,Bihanai Astaune Gham,Samikshya Adhikari,64.5,100.0,weak
kunti moktan|badnami chotharu,Kunti Moktan,Badnami Chotharu,298.0,1,Kunti Moktan - Badnami Chotharu.mp3,Kunti Moktan,2997,Banki Chari,"Rupak Dotel, Anju Panta",66.7,100.0,weak
kunti moktan|baha bagyo ni,Kunti Moktan,Baha Bagyo Ni,316.0,1,Kunti Moktan - Baha Bagyo Ni.mp3,Kunti Moktan,2044,Ghanti Bajyo,Milan Amatya,72.0,100.0,weak
kunti moktan|bandhan chan,Kunti Moktan,Bandhan Chan,300.0,1,Kunti Moktan - Bandhan Chan.mp3,Kunti Moktan,2486,Sunchandi Bhanda,Om Bikram Bista,71.4,100.0,weak
kunti moktan|bhaiko samjhana,Kunti Moktan,Bhaiko Samjhana,364.0,1,Kunti Moktan - Bhaiko Samjhana.mp3,Kunti Moktan,737,Samjhana,Bikki Gurung,100.0,100.0,strong
kunti moktan|bhuichalo gayepachi,Kunti Moktan,Bhuichalo Gayepachi,269.0,1,Kunti Moktan - Bhuichalo Gayepachi.mp3,Kunti Moktan,244,Ja Ja Bhuichalo,Ananda Karki,85.7,100.0,probable
kunti moktan|bigat dinka,Kunti Moktan,Bigat Dinka,199.0,1,Kunti Moktan - Bigat Dinka.mp3,Kunti Moktan,3438,Kati Din Bite,Sugam Pokhrel,75.0,100.0,weak
kunti moktan|bujhi saknu chaina,Kunti Moktan,Bujhi Saknu Chaina,248.0,1,Kunti Moktan - Bujhi Saknu Chaina.mp3,Kunti Moktan,193,Chaina,Albatross,100.0,100.0,strong
kunti moktan|chamak chamak,Kunti Moktan,Chamak Chamak,274.0,1,Kunti Moktan - Chamak Chamak.mp3,Kunti Moktan,2718,Chaak,Purna Rai & Dajubhaiharu,90.9,100.0,strong
kunti moktan|chandramama,Kunti Moktan,Chandramama,264.0,1,Kunti Moktan - Chandramama.mp3,Kunti Moktan,2065,Dherai Dherai Maya Cha,Mira Rana,69.2,100.0,weak
kunti moktan|chiyabaari daanda,Kunti Moktan,Chiyabaari Daanda,299.0,1,Kunti Moktan - Chiyabaari Daanda.mp3,Kunti Moktan,23,Hazaar Sapana,1974 A.D,66.7,100.0,weak
kunti moktan|choli ramro,Kunti Moktan,Choli Ramro,273.0,1,Kunti Moktan - Choli Ramro.mp3,Kunti Moktan,1824,Choli Ramro,Kunti Moktan,100.0,100.0,strong
kunti moktan|chyatiyako tasbir,Kunti Moktan,Chyatiyako Tasbir,278.0,1,Kunti Moktan - Chyatiyako Tasbir.mp3,Kunti Moktan,2961,Timro Tasbir,Rodit Bhandari,69.0,100.0,weak
kunti moktan|chyatiyeko tasbir,Kunti Moktan,Chyatiyeko Tasbir,278.0,1,Kunti Moktan - Chyatiyeko Tasbir.mp3,Kunti Moktan,2961,Timro Tasbir,Rodit Bhandari,69.0,100.0,weak
kunti moktan|deuraleema,Kunti Moktan,Deuraleema,222.0,1,Kunti Moktan - Deuraleema.mp3,Kunti Moktan,2285,Deurali,Naren Limbu,70.6,100.0,weak
kunti moktan|dhan nabhayeni,Kunti Moktan,Dhan Nabhayeni,303.0,1,Kunti Moktan - Dhan Nabhayeni.mp3,Kunti Moktan,177,Dai Nabhana,Aizen (NPL),72.0,100.0,weak
kunti moktan|dherai dherai samjhen,Kunti Moktan,Dherai Dherai Samjhen,320.0,1,Kunti Moktan - Dherai Dherai Samjhen.mp3,Kunti Moktan,2061,Dherai Dherai,Mingma Sherpa,100.0,100.0,strong
kunti moktan|dui dinko yo jindagani,Kunti Moktan,DUI Dinko Yo Jindagani,310.0,1,Kunti Moktan - DUI Dinko Yo Jindagani.mp3,Kunti Moktan,4023,Dui Diney Jindagi,Yabesh Thapa,76.9,100.0,weak
kunti moktan|ek pate makai,Kunti Moktan,Ek Pate Makai,277.0,1,Kunti Moktan - Ek Pate Makai.mp3,Kunti Moktan,109,Ek Mauka,Aastha Band,66.7,100.0,weak
kunti moktan|ekatir mayalu,Kunti Moktan,Ekatir Mayalu,274.0,1,Kunti Moktan - Ekatir Mayalu.mp3,Kunti Moktan,56,Mayalu Mayalu,1974 AD,100.0,100.0,strong
kunti moktan|ekatira mayalu,Kunti Moktan,Ekatira Mayalu,274.0,1,Kunti Moktan - Ekatira Mayalu.mp3,Kunti Moktan,56,Mayalu Mayalu,1974 AD,100.0,100.0,strong
kunti moktan|gaadi,Kunti Moktan,Gaadi,321.0,1,Kunti Moktan - Gaadi.mp3,Kunti Moktan,1344,Ishan Raj Onta - Jindagi Ko Gaadi,Genius Romanizations,100.0,100.0,strong
kunti moktan|gaadi chalchha,Kunti Moktan,Gaadi Chalchha,322.0,1,Kunti Moktan - Gaadi Chalchha.mp3,Kunti Moktan,2824,Halla Chalechha,Raju Lama,75.9,100.0,weak
kunti moktan|gaun ko mero,Kunti Moktan,Gaun Ko Mero,284.0,1,Kunti Moktan - Gaun Ko Mero.mp3,Kunti Moktan,507,Yo Man Mero,Aruna Lama,78.3,100.0,probable
kunti moktan|gham daadaima,Kunti Moktan,Gham Daadaima,333.0,1,Kunti Moktan - Gham Daadaima (2).mp3,Kunti Moktan,485,Ma Aankhaima,Aruna Lama,64.0,100.0,weak
kunti moktan|gham juna,Kunti Moktan,Gham Juna,277.0,1,Kunti Moktan - Gham Juna.mp3,Kunti Moktan,2379,Juna Jhain,Nepathya,73.7,100.0,weak
kunti moktan|ghama lage surya mukhi,Kunti Moktan,Ghama Lage Surya Mukhi,326.0,1,Kunti Moktan - Ghama Lage Surya Mukhi.mp3,Kunti Moktan,2666,Pari Pakha Gham Lagyo,Prashna Shakya,60.5,100.0,weak
kunti moktan|ghar ta mero,Kunti Moktan,Ghar Ta Mero,343.0,1,Kunti Moktan - Ghar Ta Mero.mp3,Kunti Moktan,4065,Footpath Mero Ghar,Yama Buddha,85.7,100.0,probable
kunti moktan|gurans fulyo,Kunti Moktan,Gurans Fulyo,278.0,1,Kunti Moktan - Gurans Fulyo.mp3,Kunti Moktan,2530,Gurans Fulyo,Phiroj Shyangden,100.0,100.0,strong
kunti moktan|harek raatko pal,Kunti Moktan,Harek Raatko Pal,267.0,1,Kunti Moktan - Harek Raatko Pal.mp3,Kunti Moktan,3015,Kalo Kalo Raatako,Sabin Rai,71.4,100.0,weak
kunti moktan|hijo aaja kina,Kunti Moktan,Hijo Aaja Kina,251.0,1,Kunti Moktan - Hijo Aaja Kina.mp3,Kunti Moktan,144,Aaja,Adrian Pradhan,100.0,100.0,strong
kunti moktan|him shrinkhalaama,Kunti Moktan,Him Shrinkhalaama,304.0,1,Kunti Moktan - Him Shrinkhalaama.mp3,Kunti Moktan,1308,Aruna Lama - Ma Aankhaima,Genius Romanizations,60.0,100.0,weak
kunti moktan|hindi dinchhu,Kunti Moktan,Hindi Dinchhu,237.0,1,Kunti Moktan - Hindi Dinchhu.mp3,Kunti Moktan,3984,Hindai Chhu Ma,VTEN,74.1,100.0,weak
kunti moktan|indra chowk ra asanbazar,Kunti Moktan,Indra Chowk Ra Asanbazar,269.0,1,Kunti Moktan - Indra Chowk Ra Asanbazar.mp3,Kunti Moktan,1465,Aayena Chinako Rail,"Hari Giri 'Bimarsi', Banina Kirati",60.5,100.0,weak
kunti moktan|jau saili,Kunti Moktan,Jau Saili,405.0,1,Kunti Moktan - Jau Saili.mp3,Kunti Moktan,1494,Saili,Hemanta Rana,100.0,100.0,strong
kunti moktan|jindagiko dharsangai,Kunti Moktan,Jindagiko Dharsangai,283.0,1,Kunti Moktan - Jindagiko Dharsangai.mp3,Kunti Moktan,1724,Jindagi Ko K Bharosa,Karna Das,75.0,100.0,weak
kunti moktan|jindagiko maidan,Kunti Moktan,Jindagiko Maidan,279.0,1,Kunti Moktan - Jindagiko Maidan.mp3,Kunti Moktan,1745,Jindagiko Ke Chha Ra,Ketan Chhetri,72.0,100.0,weak
kunti moktan|juneli raatma,Kunti Moktan,Juneli Raatma,301.0,1,Kunti Moktan - Juneli Raatma.mp3,Kunti Moktan,3608,Juneli Raatma,Swoopna Suman,100.0,100.0,strong
kunti moktan|kahile kanhi,Kunti Moktan,Kahile Kanhi,235.0,1,Kunti Moktan - Kahile Kanhi.mp3,Kunti Moktan,52,Kahile Kahile,1974 AD,100.0,100.0,strong
kunti moktan|kalejima bas basi,Kunti Moktan,Kalejima Bas Basi,374.0,1,Kunti Moktan - Kalejima Bas Basi.mp3,Kunti Moktan,1128,Bassai Katera,Dinesh Gautam,66.7,100.0,weak
kunti moktan|kati maya,Kunti Moktan,Kati Maya,317.0,1,Kunti Moktan - Kati Maya.mp3,Kunti Moktan,526,Maya,Ashutosh KC,100.0,100.0,strong
kunti moktan|katti katti gham,Kunti Moktan,Katti Katti Gham,296.0,1,Kunti Moktan - Katti Katti Gham.mp3,Kunti Moktan,1918,Kati Ho Kati,Manila Sotang,70.6,100.0,weak
kunti moktan|kele dhakyo,Kunti Moktan,Kele Dhakyo,314.0,1,Kunti Moktan - Kele Dhakyo.mp3,Kunti Moktan,1129,Dhalkyo Dhalkyo,Dipak Limbu,66.7,100.0,weak
kunti moktan|khusi dina,Kunti Moktan,Khusi Dina,347.0,1,Kunti Moktan - Khusi Dina.mp3,Kunti Moktan,265,Dina Katchu,Anil Singh,76.2,100.0,weak
kunti moktan|kina yasto hunchha,Kunti Moktan,Kina Yasto Hunchha,273.0,1,Kunti Moktan - Kina Yasto Hunchha.mp3,Kunti Moktan,862,KINA,Brisk timos,100.0,100.0,strong
kunti moktan|lahure dai ko,Kunti Moktan,Lahure Dai Ko,297.0,1,Kunti Moktan - Lahure Dai Ko.mp3,Kunti Moktan,899,Lahure,Chhewang Lama,100.0,100.0,strong
kunti moktan|lahure mayalu,Kunti Moktan,Lahure Mayalu,325.0,1,Kunti Moktan - Lahure Mayalu.mp3,Kunti Moktan,56,Mayalu Mayalu,1974 AD,100.0,100.0,strong
kunti moktan|laligurans ajambari,Kunti Moktan,Laligurans Ajambari,271.0,1,Kunti Moktan - Laligurans Ajambari.mp3,Kunti Moktan,2081,Ajambari,Monkey Temple Nepal,100.0,100.0,strong
kunti moktan|lekai phoolyo,Kunti Moktan,Lekai Phoolyo,329.0,1,Kunti Moktan - Lekai Phoolyo (2).mp3,Kunti Moktan,491,Phool Lai Sodhe,Aruna Lama,71.4,100.0,weak
kunti moktan|lukai rahethe,Kunti Moktan,Lukai Rahethe,264.0,1,Kunti Moktan - Lukai Rahethe.mp3,Kunti Moktan,1891,Luki Rakh,Mahesh Dong,72.7,100.0,weak
kunti moktan|ma,Kunti Moktan,Ma,266.0,1,Kunti Moktan - Ma.mp3,Kunti Moktan,3773,Ma,The Shadows 'Nepal',100.0,100.0,strong
kunti moktan|malai pratikshya chha,Kunti Moktan,Malai Pratikshya Chha,269.0,1,Kunti Moktan - Malai Pratikshya Chha.mp3,Kunti Moktan,3210,Nai Malai Thaha Chhaina,"Sanjib Parajuli, Tika Prasain, Cartoonz Crew",68.2,100.0,weak
kunti moktan|mandirma phool,Kunti Moktan,Mandirma Phool,302.0,1,Kunti Moktan - Mandirma Phool (2).mp3,Kunti Moktan,3465,Phool,Sujan Chapagain,100.0,100.0,strong
kunti moktan|manishale hunnani,Kunti Moktan,Manishale Hunnani,334.0,1,Kunti Moktan - Manishale Hunnani.mp3,Kunti Moktan,2453,Jani Mayale,Nisha ranpal,64.3,100.0,weak
kunti moktan|mathi mathi sailungema,Kunti Moktan,Mathi Mathi Sailungema,278.0,1,Kunti Moktan - Mathi Mathi Sailungema.mp3,Kunti Moktan,1830,Mathi Mathi Sailungema,Kunti Moktan,100.0,100.0,strong
kunti moktan|maya ko shaharma aau,Kunti Moktan,Maya Ko Shaharma Aau,235.0,1,Kunti Moktan - Maya Ko Shaharma Aau.mp3,Kunti Moktan,526,Maya,Ashutosh KC,100.0,100.0,strong
kunti moktan|mayale bhariyeko,Kunti Moktan,Mayale Bhariyeko,260.0,1,Kunti Moktan - Mayale Bhariyeko.mp3,Kunti Moktan,3309,Harayeko Maya,ShreeGo,82.8,100.0,probable
kunti moktan|mayalulai,Kunti Moktan,Mayalulai,251.0,1,Kunti Moktan - Mayalulai.mp3,Kunti Moktan,1468,Kaha Timro Mayalulai,Harish Mathema,100.0,100.0,strong
kunti moktan|mutu nabhaidido ho ta,Kunti Moktan,Mutu Nabhaidido Ho Ta,282.0,1,Kunti Moktan - Mutu Nabhaidido Ho Ta.mp3,Kunti Moktan,4020,Ae Mutu,Yabesh Thapa,72.7,100.0,weak
kunti moktan|mutubhitra aago,Kunti Moktan,Mutubhitra Aago,251.0,1,Kunti Moktan - Mutubhitra Aago.mp3,Kunti Moktan,587,Aago Ho,B-8eight,72.7,100.0,weak
kunti moktan|nepal mero prapti,Kunti Moktan,Nepal Mero Prapti,333.0,1,Kunti Moktan - Nepal Mero Prapti.mp3,Kunti Moktan,2830,Mero Nepal,Raju Lama,100.0,100.0,strong
kunti moktan|nirdoshchu aafoo,Kunti Moktan,Nirdoshchu Aafoo,274.0,1,Kunti Moktan - Nirdoshchu Aafoo.mp3,Kunti Moktan,,,,57.1,100.0,weak
kunti moktan|nisthuri mayalu,Kunti Moktan,Nisthuri Mayalu,322.0,1,Kunti Moktan - Nisthuri Mayalu.mp3,Kunti Moktan,56,Mayalu Mayalu,1974 AD,100.0,100.0,strong
kunti moktan|nyauli mutuma,Kunti Moktan,Nyauli Mutuma,387.0,1,Kunti Moktan - Nyauli Mutuma.mp3,Kunti Moktan,1260,Pida Diyou Mutuma,ETHOS,66.7,100.0,weak
kunti moktan|oralima hindnu,Kunti Moktan,Oralima Hindnu,304.0,1,Kunti Moktan - Oralima Hindnu.mp3,Kunti Moktan,,,,59.3,100.0,weak
kunti moktan|pahad jasto,Kunti Moktan,Pahad Jasto,236.0,1,Kunti Moktan - Pahad Jasto.mp3,Kunti Moktan,1031,Udu Udu Jasto Lagha,Deepa Narayan Jha,76.9,100.0,weak
kunti moktan|pahadi pyara,Kunti Moktan,Pahadi Pyara,325.0,1,Kunti Moktan - Pahadi Pyara.mp3,Kunti Moktan,246,Parda Pachhadi,Ananda Karki,84.6,100.0,probable
kunti moktan|pardesiko maya,Kunti Moktan,Pardesiko Maya,299.0,1,Kunti Moktan - Pardesiko Maya.mp3,Kunti Moktan,526,Maya,Ashutosh KC,100.0,100.0,strong
kunti moktan|phailiyo maya,Kunti Moktan,Phailiyo Maya,222.0,1,Kunti Moktan - Phailiyo Maya (2).mp3,Kunti Moktan,526,Maya,Ashutosh KC,100.0,100.0,strong
kunti moktan|phailiyo maya dubosari,Kunti Moktan,Phailiyo Maya Dubosari,219.0,1,Kunti Moktan - Phailiyo Maya Dubosari (2).mp3,Kunti Moktan,526,Maya,Ashutosh KC,100.0,100.0,strong
kunti moktan|pheri phulyo,Kunti Moktan,Pheri Phulyo,261.0,1,Kunti Moktan - Pheri Phulyo (2).mp3,Kunti Moktan,1005,Dubo Phulyo,"Dayahang Rai, Upasana Singh, Karma, Wilson",70.6,100.0,weak
kunti moktan|piyera nasha adharko,Kunti Moktan,Piyera Nasha Adharko,288.0,1,Kunti Moktan - Piyera Nasha Adharko.mp3,Kunti Moktan,951,Preet Ko Nasha,Cobweb,64.7,100.0,weak
kunti moktan|rudai chu ma,Kunti Moktan,Rudai Chu Ma,230.0,1,Kunti Moktan - Rudai Chu Ma.mp3,Kunti Moktan,3773,Ma,The Shadows 'Nepal',100.0,100.0,strong
kunti moktan|rudaichhu ma,Kunti Moktan,Rudaichhu Ma,231.0,1,Kunti Moktan - Rudaichhu Ma.mp3,Kunti Moktan,3773,Ma,The Shadows 'Nepal',100.0,100.0,strong
kunti moktan|sadhai sadhai maile,Kunti Moktan,Sadhai Sadhai Maile,284.0,1,Kunti Moktan - Sadhai Sadhai Maile.mp3,Kunti Moktan,129,Sadhai Sadhai,Abhaya and The Steam Injuns,100.0,100.0,strong
kunti moktan|sandhai timro samjhana,Kunti Moktan,Sandhai Timro Samjhana,237.0,1,Kunti Moktan - Sandhai Timro Samjhana (2).mp3,Kunti Moktan,737,Samjhana,Bikki Gurung,100.0,100.0,strong
kunti moktan|sapani naramro dekhera,Kunti Moktan,Sapani Naramro Dekhera,291.0,1,Kunti Moktan - Sapani Naramro Dekhera.mp3,Kunti Moktan,2979,Sapani Ma,Rohit John Chettri,80.0,100.0,probable
kunti moktan|sapanima matra sadhain,Kunti Moktan,Sapanima Matra Sadhain,326.0,1,Kunti Moktan - Sapanima Matra Sadhain.mp3,Kunti Moktan,460,Sapana Haru Sabai,Arun Thapa,71.8,100.0,weak
kunti moktan|sapanima matra sandhai,Kunti Moktan,Sapanima Matra Sandhai,326.0,1,Kunti Moktan - Sapanima Matra Sandhai (2).mp3,Kunti Moktan,460,Sapana Haru Sabai,Arun Thapa,71.8,100.0,weak
kunti moktan|sarpe ghumti,Kunti Moktan,Sarpe Ghumti,267.0,1,Kunti Moktan - Sarpe Ghumti.mp3,Kunti Moktan,2309,Ghumti Nira Late Bhayo,"Nawaraj Ghorasaini, Bhagwati Dangal",66.7,100.0,weak
kunti moktan|singai jeevan roisake,Kunti Moktan,Singai Jeevan Roisake,244.0,1,Kunti Moktan - Singai Jeevan Roisake (2).mp3,Kunti Moktan,1155,Jeevan,Dixita Karki,100.0,100.0,strong
kunti moktan|suna sunauli,Kunti Moktan,Suna Sunauli,246.0,1,Kunti Moktan - Suna Sunauli.mp3,Kunti Moktan,2290,Suna,Naren Limbu,100.0,100.0,strong
kunti moktan|sunkai bhau chha instrumental,Kunti Moktan,Sunkai Bhau Chha (Instrumental),294.0,1,Kunti Moktan - Sunkai Bhau Chha (Instrumental).mp3,Kunti Moktan,17,Thik Chha,,61.5,100.0,weak
kunti moktan|sunkai bhauchha,Kunti Moktan,Sunkai Bhauchha,316.0,1,Kunti Moktan - Sunkai Bhauchha (2).mp3,Kunti Moktan,864,Basa Sundari,BroSis Band,66.7,100.0,weak
kunti moktan|tadai bhaye pani female,Kunti Moktan,Tadai Bhaye Pani(Female),304.0,1,Kunti Moktan - Tadai Bhaye Pani(Female).mp3,Kunti Moktan,2156,Pani Pani,Nalina Chitrakar,100.0,100.0,strong
kunti moktan|thaha chaina,Kunti Moktan,Thaha Chaina,300.0,1,Kunti Moktan - Thaha Chaina.mp3,Kunti Moktan,1223,Thaha Chaina,Edge Band,100.0,100.0,strong
kunti moktan|thakina rahechha,Kunti Moktan,Thakina Rahechha,360.0,1,Kunti Moktan - Thakina Rahechha.mp3,Kunti Moktan,1087,Yestai Rahecha,Devika Bandana,73.3,100.0,weak
kunti moktan|timibinako jeevan,Kunti Moktan,Timibinako Jeevan,286.0,1,Kunti Moktan - Timibinako Jeevan.mp3,Kunti Moktan,1155,Jeevan,Dixita Karki,100.0,100.0,strong
kunti moktan|timro khusikalagi,Kunti Moktan,Timro Khusikalagi,334.0,1,Kunti Moktan - Timro Khusikalagi.mp3,Kunti Moktan,660,Khushi Timro Laagi,Bartika Eam Rai,85.7,100.0,probable
kunti moktan|udasi pal bitera,Kunti Moktan,Udasi Pal Bitera,239.0,1,Kunti Moktan - Udasi Pal Bitera.mp3,Kunti Moktan,145,Birsera malai,Adrian Pradhan,69.0,100.0,weak
kunti moktan|yo manma katakata,Kunti Moktan,Yo Manma Katakata,248.0,1,Kunti Moktan - Yo Manma Katakata.mp3,Kunti Moktan,3497,Kasto Yo Man,Sunil Giri,69.0,100.0,weak
kunti moktan|yo mannko,Kunti Moktan,Yo Mannko,338.0,1,Kunti Moktan - Yo Mannko.mp3,Kunti Moktan,3966,Yo Mann,Vek,87.5,100.0,probable
kunti moktan|yo preetile pani,Kunti Moktan,Yo Preetile Pani,256.0,1,Kunti Moktan - Yo Preetile Pani.mp3,Kunti Moktan,2156,Pani Pani,Nalina Chitrakar,100.0,100.0,strong
kutumba sharon hassan|da mary boys o greenland,Kutumba & Sharon Hassan,Da Mary Boys O' Greenland,345.0,1,Kutumba & Sharon Hassan - Da Mary Boys O' Greenland.mp3,Kutumba,,,,53.3,57.1,none
kutumba sharon hassan|farewell to erin,Kutumba & Sharon Hassan,Farewell to Erin,291.0,1,Kutumba & Sharon Hassan - Farewell to Erin.mp3,Kutumba,,,,54.5,57.1,none
kutumba sharon hassan|samisran,Kutumba & Sharon Hassan,Samisran,371.0,1,Kutumba & Sharon Hassan - Samisran.mp3,Kutumba,785,Samsara,Bipul Chettri,80.0,57.1,weak
kutumba swoopna suman|pakha pakhera,"Kutumba, Swoopna Suman",Pakha Pakhera,312.0,1,"Kutumba, Swoopna Suman - Pakha Pakhera.mp3",Kutumba,2144,sanjha pakha,nabin k bhattarai,72.0,100.0,weak
kutumba|12 01 72 barpak,Kutumba,12.01.72 (Barpak),254.0,1,Kutumba - 12.01.72 (Barpak).mp3,Kutumba,,,,50.0,52.6,none
kutumba|aamaile bhanthe,Kutumba,Aamaile Bhanthe,236.0,1,Kutumba - Aamaile Bhanthe.mp3,Kutumba,495,Sabaile Bhanthe,Aruna Lama,86.7,52.6,weak
kutumba|babari phoolko bot sirima siri and kati bolau,Kutumba,"Babari Phoolko Bot, Sirima Siri And Kati Bolau",341.0,1,"Kutumba - Babari Phoolko Bot, Sirima Siri And Kati Bolau.mp3",Kutumba,2497,Babari Fulko Bot,"Pandav Sunuwar, Basudev Munal",76.9,52.6,weak
kutumba|beniko bajara machi marana hai,Kutumba,Beniko Bajara & Machi Marana Hai,279.0,1,Kutumba - Beniko Bajara & Machi Marana Hai.mp3,Kutumba,1226,Aa Hai,Ekdev Limbu,66.7,52.6,weak
kutumba|chaitawar,Kutumba,Chaitawar,349.0,1,Kutumba - Chaitawar.mp3,Kutumba,2746,Chautari,Rachana Rimal,70.6,52.6,weak
kutumba|chhabi image,Kutumba,Chhabi (Image),300.0,1,Kutumba - Chhabi (Image).mp3,Kutumba,1562,Time Chaina,Jay Author,69.6,52.6,weak
kutumba|chhath,Kutumba,Chhath,359.0,1,Kutumba - Chhath.mp3,Kutumba,17,Thik Chha,,80.0,52.6,weak
kutumba|culcuttey kaiyo,Kutumba,Culcuttey Kaiyo,326.0,1,Kutumba - Culcuttey Kaiyo.mp3,Kutumba,,,,53.8,52.6,none
kutumba|divinity,Kutumba,Divinity,235.0,1,Kutumba - Divinity.mp3,Kutumba,,,,57.1,52.6,none
kutumba|farewell,Kutumba,Farewell,292.0,1,Kutumba - Farewell.mp3,Kutumba,,,,58.8,52.6,none
kutumba|feb 1 3,Kutumba,Feb 1 (+3),301.0,1,Kutumba - Feb 1 (+3).mp3,Kutumba,96,"Zariya (From ""Coke Studio @ MTV Season 3: Episode 1"")","A.R. Rahman, Farah Siraj & Ani Choying Drolma",60.0,52.6,none
kutumba|folk men,Kutumba,Folk Men,315.0,1,Kutumba - Folk Men.mp3,Kutumba,,,,58.8,52.6,none
kutumba|ghar timro,Kutumba,Ghar Timro,296.0,1,Kutumba - Ghar Timro.mp3,Kutumba,1192,Maiti Ghar Timro Hoina,Dwarika Lal Joshi,100.0,52.6,weak
kutumba|ghintang kisi twak,Kutumba,Ghintang Kisi Twak,206.0,1,Kutumba - Ghintang Kisi Twak.mp3,Kutumba,,,,59.5,52.6,none
kutumba|golden days,Kutumba,Golden Days,262.0,1,Kutumba - Golden Days.mp3,Kutumba,,,,54.5,52.6,none
kutumba|guruju paltan,Kutumba,Guruju Paltan,281.0,1,Kutumba - Guruju Paltan.mp3,Kutumba,664,Paltan पल्टन,Bartika Eam Rai,66.7,52.6,weak
kutumba|hakar,Kutumba,Hakar,392.0,1,Kutumba - Hakar.mp3,Kutumba,592,Halka Halka,B-8eight,80.0,52.6,weak
kutumba|holi song,Kutumba,Holi Song,252.0,1,Kutumba - Holi Song.mp3,Kutumba,1459,KAULI Song,Hari Bansha Acharya,73.7,52.6,weak
kutumba|jai jai bhairavi,Kutumba,Jai Jai Bhairavi,410.0,1,Kutumba - Jai Jai Bhairavi.mp3,Kutumba,90,Juni Juni Bharilai,2025 Nepali Movie Dukhi Aatma,72.0,52.6,weak
kutumba|jalna,Kutumba,Jalna,416.0,1,Kutumba - Jalna.mp3,Kutumba,370,Jaaniya,Ankit Tiwari,66.7,52.6,weak
kutumba|jhijhiya,Kutumba,Jhijhiya,219.0,1,Kutumba - Jhijhiya.mp3,Kutumba,,,,58.8,52.6,none
kutumba|kalilo tama lai,Kutumba,Kalilo Tama lai,263.0,1,Kutumba - Kalilo Tama lai.mp3,Kutumba,1746,Lai Lai,Ketan Chhetri,100.0,52.6,weak
kutumba|kanchi,Kutumba,Kanchi,335.0,1,Kutumba - Kanchi.mp3,Kutumba,1559,Kanchi,Jay Author,100.0,52.6,weak
kutumba|karma,Kutumba,Karma,310.0,1,Kutumba - Karma.mp3,Kutumba,1062,Yo Karma Bhumi,Deepak Kharel,100.0,52.6,weak
kutumba|kauda,Kutumba,Kauda,303.0,1,Kutumba - Kauda (2).mp3,Kutumba,591,Gada,B-8eight,66.7,52.6,weak
kutumba|keta keti,Kutumba,Keta Keti,280.0,1,Kutumba - Keta Keti.mp3,Kutumba,2941,Keta Keti,Robin Tamang,100.0,52.6,weak
kutumba|kusume rumal,Kutumba,Kusume Rumal,304.0,1,Kutumba - Kusume Rumal.mp3,Kutumba,3869,Kusume Rumal,Udit Narayan,100.0,52.6,weak
kutumba|lekali choyako doko,Kutumba,Lekali Choyako Doko,397.0,1,Kutumba - Lekali Choyako Doko.mp3,Kutumba,2903,Lekali Choyako Doko,Ram Thapa,100.0,52.6,weak
kutumba|maitighar,Kutumba,Maitighar,284.0,1,Kutumba - Maitighar.mp3,Kutumba,2655,Maijharo,Prashant Siwakoti,70.6,52.6,weak
kutumba|naya nepal,Kutumba,Naya Nepal,320.0,1,Kutumba - Naya Nepal.mp3,Kutumba,3654,Naya Nepal,Symfamous,100.0,52.6,weak
kutumba|new folder,Kutumba,New Folder,330.0,1,Kutumba - New Folder.mp3,Kutumba,,,,52.2,52.6,none
kutumba|pariwartan,Kutumba,Pariwartan,278.0,1,Kutumba - Pariwartan.mp3,Kutumba,1125,Pariwartan,Dibya Subba,100.0,52.6,weak
kutumba|piratiko mitho tirsana,Kutumba,Piratiko Mitho Tirsana,223.0,1,Kutumba - Piratiko Mitho Tirsana.mp3,Kutumba,1535,Piratiko Mitho Tirsana,"Indrajeet Mijar, Bharati Ghimire",100.0,52.6,weak
kutumba|planet nepal,Kutumba,Planet Nepal,314.0,1,Kutumba - Planet Nepal.mp3,Kutumba,2944,Nepal Nepal,Robin Tamang,100.0,52.6,weak
kutumba|sal ko paat,Kutumba,Sal ko Paat,346.0,1,Kutumba - Sal ko Paat.mp3,Kutumba,1449,Paan Ko Paat,"Gyanu Rana, Bam Bahadur Karki",78.3,52.6,weak
kutumba|sannani,Kutumba,Sannani,280.0,1,Kutumba - Sannani.mp3,Kutumba,614,Sannani,Babu Bogati,100.0,52.6,weak
kutumba|saya thari baja,Kutumba,Saya Thari Baja,361.0,1,Kutumba - Saya Thari Baja.mp3,Kutumba,3681,Saya Thari Baja,Tara Devi,100.0,52.6,weak
kutumba|sindhuli gadhi,Kutumba,Sindhuli Gadhi,325.0,1,Kutumba - Sindhuli Gadhi.mp3,Kutumba,1783,Sindhuli Gadhi,Krishna Bikram Thapa,100.0,52.6,weak
kutumba|sinduli gadi,Kutumba,Sinduli Gadi,325.0,1,Kutumba - Sinduli Gadi.mp3,Kutumba,1783,Sindhuli Gadhi,Krishna Bikram Thapa,92.3,52.6,weak
kutumba|soltini,Kutumba,Soltini,367.0,1,Kutumba - Soltini.mp3,Kutumba,718,Soltini Bhani Bolako,Bidhan Shrestha,100.0,52.6,weak
kutumba|tamang selo,Kutumba,Tamang Selo,313.0,1,Kutumba - Tamang Selo.mp3,Kutumba,137,Abiral Bhujel & Sanjeev Tamang - Mana Ka Kura (Maya) [Romanized],Abiral Bhujel and SNJV .,70.6,52.6,weak
kutumba|telephone taara,Kutumba,Telephone Taara,244.0,1,Kutumba - Telephone Taara.mp3,Kutumba,,,,57.1,52.6,none
kutumba|tikuli,Kutumba,Tikuli,261.0,1,Kutumba - Tikuli.mp3,Kutumba,1555,Timilai,James Shrestha,61.5,52.6,none
kutumba|utpatti,Kutumba,Utpatti,269.0,1,Kutumba - Utpatti.mp3,Kutumba,3119,Eutai,Salil Maharjan,66.7,52.6,weak
kutumba|utsav,Kutumba,Utsav,337.0,1,Kutumba - Utsav.mp3,Kutumba,3119,Eutai,Salil Maharjan,60.0,52.6,none
kutumba|yatra,Kutumba,Yatra,258.0,1,Kutumba - Yatra.mp3,Kutumba,2707,Yatra,Puja Kepcheki Magar,100.0,52.6,weak
ladup lama|phool ko aankha ma ani choyang dolma,Ladup Lama,Phool Ko Aankha Ma - ani choyang dolma,0.0,1,Phool Ko Aankha Ma - ani choyang dolma.m4a,Phool Ko Mala,3465,Phool,Sujan Chapagain,100.0,73.7,weak
ladup lama|yama buddha aamaa ft mistah k,Ladup Lama,Yama Buddha- Aamaa Ft. Mistah k,0.0,1,Yama Buddha- Aamaa Ft. Mistah k.m4a,Yama Buddha,4059,Aamaa,Yama Buddha,100.0,73.7,weak
lakhar lakhar|zindagi rocks sugam pokharel ft girish new ne,Lakhar Lakhar,Zindagi Rocks (Sugam Pokharel Ft. Girish)New Ne,0.0,1,Lakhar Lakhar - Zindagi Rocks (Sugam Pokharel Ft. Girish)New Ne.mp3,,3398,Dashain Tihar - Sugam Pokharel,Sugam Pokharel,66.7,61.5,weak
lakpa sherpa|resham firiri famous,lakpa sherpa,Resham firiri famous Nepali song,332.0,1,Resham firiri famous Nepali song.m4a,Resham Firiri,1650,Resham Firiri,Kali Prasad Baskota,100.0,70.6,weak
laldai|maithili sama chakeva geet,Laldai,Maithili Sama Chakeva Geet,419.0,1,Laldai - Maithili Sama Chakeva Geet.mp3,Laldai,2449,Hit Geet,Nischal Basnet,66.7,58.8,weak
laldai|sab devta magan hai,Laldai,Sab Devta Magan Hai,392.0,1,Laldai - Sab Devta Magan Hai.mp3,Laldai,1039,Man Magan,Deepak Bajracharya,71.4,58.8,weak
lalit nepali|hamar dil sunu ye bhauji,Lalit Nepali,Hamar Dil Sunu Ye Bhauji,226.0,1,Lalit Nepali - Hamar Dil Sunu Ye Bhauji.mp3,Lalit Nepali,2194,Lau Suna Ma Bhanchu,Narayan Gopal,60.5,72.0,none
lalit nepali|jay nay sojha se tohar rup ge,Lalit Nepali,Jay Nay Sojha Se Tohar Rup Ge,199.0,1,Lalit Nepali - Jay Nay Sojha Se Tohar Rup Ge.mp3,Lalit Nepali,,,,51.2,72.0,none
lalit nepali|lahanga uthake nachai n,Lalit Nepali,Lahanga Uthake Nachai N,194.0,1,Lalit Nepali - Lahanga Uthake Nachai N.mp3,Lalit Nepali,1218,Nachaheko Haina,Edge Band,63.2,72.0,none
laure|laure mero solta feat gunace,Laure,LAURE - MERO SOLTA FEAT. GUNACE [OFFICIAL MUSIC VIDEO 2013],336.0,1,LAURE - MERO SOLTA FEAT. GUNACE [OFFICIAL MUSIC VIDEO 2013].m4a,Lahure Ko Katha,1846,Mero Solta,Laure,100.0,100.0,strong
laxman jha|ahan gauri ke dulhin banebai kona,Laxman Jha,Ahan Gauri Ke Dulhin Banebai Kona,216.0,1,Laxman Jha - Ahan Gauri Ke Dulhin Banebai Kona.mp3,Laxman Jha,,,,55.1,75.0,none
laxman jha|hamra se maang saja ke,Laxman Jha,Hamra Se Maang Saja Ke,333.0,1,Laxman Jha - Hamra Se Maang Saja Ke.mp3,Laxman Jha,310,Mann Ma Maya Bhaye Si,Anju Panta,60.5,75.0,none
laxman jha|shree durga chalisa,Laxman Jha,Shree Durga Chalisa,414.0,1,Laxman Jha - Shree Durga Chalisa.mp3,Laxman Jha,366,Hanuman Chalisa,Ankit Tiwari,63.6,75.0,none
laxman jha|tu meri maddad gaar hai,Laxman Jha,Tu Meri Maddad Gaar Hai,328.0,1,Laxman Jha - Tu Meri Maddad Gaar Hai.mp3,Laxman Jha,1226,Aa Hai,Ekdev Limbu,66.7,75.0,weak
laxman singh gahlot|shiv shankar bhole nath,Laxman Singh Gahlot,Shiv Shankar Bhole Nath,295.0,1,Laxman Singh Gahlot - Shiv Shankar Bhole Nath.mp3,Shiv Shankar,1543,Shankar Bhole,Ishwor Krishna Bhurtel,100.0,70.6,weak
laxma|resham firiri udera jau ki रेशम dj old is gold,LAXMA,Resham Firiri Udera Jau Ki (रेशम) DJ Remix Old Is Gold | New Nepali Song 2026 | LAXMA4M | New Song,283.0,1,Resham Firiri Udera Jau Ki (रेशम) DJ Remix Old Is Gold ｜ New Nepali Song 2026 ｜ LAXMA4M ｜ New Song.m4a,Resham Firiri,1650,Resham Firiri,Kali Prasad Baskota,100.0,62.5,weak
laxmi nepali shankar thapa smile|selfie hanaula,"Laxmi Nepali, Shankar Thapa Smile",Selfie Hanaula,232.0,1,"Laxmi Nepali, Shankar Thapa Smile - Selfie Hanaula.mp3",nepali,2039,Selfie Khichaula A Maya,"Melina Rai, Wilson Bikram Rai",64.9,74.5,none
legender biw simaye|legender si rap se ft lil john bob will g banks,Legender biw simaye,Legender. Si rap se. Ft Lil' John Bob & Will G. Banks (Prod by Lil' John Bob)),0.0,1,Legender. Si rap se. Ft Lil' John Bob & Will G. Banks (Prod by Lil' John Bob)).mp3,G-BOB Nepali rap,,,,47.4,57.1,none
lil buddha aka xxplicit 1|01064505,Lil Buddha .:aKa:.  XxpliciT-1,01064505,0.0,1,01064505.ogg,Lil Buddha,,,,34.8,100.0,weak
lil buddha aka xxplicit 1|lone dont stop,Lil Buddha .:aKa:.  XxpliciT-1,lone dont stop,0.0,1,lone dont stop.mp3,Lil Buddha,1909,Phone Dont Ring,Manas Ghale,62.1,100.0,weak
lil buddha|lil buddha baby ru bap,Lil Buddha,Lil Buddha- Baby Ru Bap,0.0,1,Lil Buddha- Baby Ru Bap.m4a,Lil Buddha,3051,Lil Buddha Interlude,SACAR aka Lil Buddha,66.7,100.0,weak
lil buddha|lil buddha ft dayru 4man pako tkako play ball,Lil Buddha,Lil Buddha ft DayRu 4MaN Pako Tkako - Play Ball,0.0,1,Lil Buddha ft DayRu 4MaN Pako Tkako - Play Ball.m4a,Lil Buddha,3051,Lil Buddha Interlude,SACAR aka Lil Buddha,66.7,100.0,weak
lil buddha|lil buddha ghost town killa pomona 456,Lil Buddha,Lil Buddha - Ghost Town Killa (Pomona 456),0.0,1,Lil Buddha - Ghost Town Killa (Pomona 456).m4a,Lil Buddha,2568,Ghost,Prajina,100.0,100.0,strong
lil buddha|lil buddha tba trampbashinassassins ft pako tacko pj norf,Lil Buddha,Lil Buddha-TBA (TrampBashinAssassins) Ft. Pako TaCKo & Pj Norf,0.0,1,Lil Buddha-TBA (TrampBashinAssassins) Ft. Pako TaCKo & Pj Norf.m4a,Lil Buddha,3051,Lil Buddha Interlude,SACAR aka Lil Buddha,66.7,100.0,weak
lil buddha|lil buddha x sias kickstart feat stokker,Lil Buddha,Lil Buddha x Sias - Kickstart 2020 (feat. Stokker),0.0,1,Lil Buddha x Sias - Kickstart 2020 (feat. Stokker).mp3,Lil Buddha,3051,Lil Buddha Interlude,SACAR aka Lil Buddha,66.7,100.0,weak
lil jhola|brum brum,Lil Jhola,Brum Brum,0.0,1,Brum Brum.m4a,Lil Jhola,1576,Barud,Jerusha Rai,66.7,63.2,weak
lil jhola|lil jhola lollipop ft jhola bhai,Lil Jhola,Lil Jhola - Lollipop ft Jhola Bhai,0.0,1,Lil Jhola - Lollipop ft Jhola Bhai.m4a,Lil Jhola,1180,Nach Nach Bhai Nach,Duregsh Thapa | Rajesh Payal Rai | Vyoma | Barsha Itani,61.5,63.2,none
lil_buddha_|thecomeup v2 lil buddha,Lil_Buddha_,THECOMEUP *V2* - Lil Buddha,0.0,1,THECOMEUP ＊V2＊ - Lil Buddha.mp3,Lil Buddha,3051,Lil Buddha Interlude,SACAR aka Lil Buddha,66.7,57.1,weak
lil_buddha_|toxic lil buddha,Lil_Buddha_,TOXIC - Lil Buddha,0.0,1,TOXIC - Lil Buddha.mp3,Lil Buddha,1331,Bluesss - La La La La (Remix) (ft. Lil Buddha & VTEN),Genius Romanizations,76.9,57.1,weak
lio com|nepali patriotic song rato ra chandra surya instrumental,lio.com,Nepali Patriotic song Rato ra Chandra Surya Instrumental,242.0,1,lio.com - Nepali Patriotic song Rato ra Chandra Surya Instrumental.mp3,nepali patriotic song,207,Nepali,Albatross,100.0,62.5,weak
lio com|valentine day song yama buddhanew nephop,lio.com,Valentine Day Song - Yama BuddhaNew Nepali Rap Song 2015 Nephop,84.0,1,lio.com - Valentine Day Song - Yama BuddhaNew Nepali Rap Song 2015 Nephop.mp3,nepali,3163,Pir Song,Samjhana Bhandari,66.7,62.5,weak
livinbossedup buddha|lil buddha feds hot,LivinBossedUp Buddha,Lil Buddha - Feds Hot (Official Audio),0.0,1,Lil Buddha - Feds Hot (Official Audio).mp3,Lil Buddha,1331,Bluesss - La La La La (Remix) (ft. Lil Buddha & VTEN),Genius Romanizations,69.0,75.0,weak
lochan bhattarai prakash shrestha|juni junima,"Lochan Bhattarai, Prakash Shrestha",Juni Junima,264.0,1,"Lochan Bhattarai, Prakash Shrestha - Juni Junima.mp3",Prakash Shrestha,3083,Juni,Sajjan Raj Vaidya,100.0,100.0,strong
lonely ghost project|nepali baba swing festival mix,Lonely Ghost Project,Nepali Baba Swing (Festival Mix),229.0,1,Lonely Ghost Project - Nepali Baba Swing (Festival Mix).mp3,nepali,207,Nepali,Albatross,100.0,50.0,weak
lovepreet love|sajjan,Lovepreet Love,Sajjan,229.0,1,Lovepreet Love - Sajjan.mp3,Sajjan,1366,Sajjan Raj Vaidya - Chitthi Bhitra,Genius Romanizations,100.0,52.2,weak
low key|yabesh thapa phulbari,low key,Yabesh Thapa - Phulbari (lyrics),100.0,1,Yabesh Thapa - Phulbari (lyrics).m4a,Fulbari rapper,1401,Yabesh Thapa - Jhari,Genius Romanizations,87.2,60.0,weak
lucky sajjan|aadat,Lucky Sajjan,Aadat,310.0,1,Lucky Sajjan - Aadat.mp3,Sajjan,2511,YAADMA,Pawan Ranabhat,72.7,66.7,weak
lurcch l_urcch|gold mak daizyisweird ko mala,LURCCH @l_urcch,"GOLD - mak, daizyisweird, KO, Mala (prod.LURCCH)",0.0,1,"GOLD - mak, daizyisweird, KO, Mala (prod.LURCCH).m4a",Phool Ko Mala,,,,52.5,46.2,none
lyrical creation 2 0|aako ma ta mayalai bhetna lai nepali slowed reverb lofi lyrics song by biswo dong,LYRICAL CREATION 2.0,Aako Ma Ta Mayalai Bhetna Lai Nepali Slowed Reverb Lofi Lyrics Song By Biswo Dong,306.0,1,Aako Ma Ta Mayalai Bhetna Lai Nepali Slowed Reverb Lofi Lyrics Song By Biswo Dong.m4a,Sailo Ma Charghare,207,Nepali,Albatross,100.0,58.1,weak
lyrical nepal|maya le vane bisai pani pidiula,Lyrical Nepal,Maya le vane bisai pani pidiula || sailo ma charghare (lyric song),278.0,1,Maya le vane bisai pani pidiula ｜｜ sailo ma charghare (lyric song).m4a,Sailo Ma Charghare,526,Maya,Ashutosh KC,100.0,84.6,probable
lyrics creation|g bob milena level tero bau bola,Lyrics Creation,G-BOB — Milena Level Tero Bau Bola | (lyrics),217.0,1,G-BOB — Milena Level Tero Bau Bola ｜ (lyrics).m4a,G-BOB Nepali rap,2277,Bola Maya,"Narayan Rayamajhi, Shanti Shree Pariyar, Prakash Saput",61.5,71.4,none
m k official|dk maitighar,M.K OFFICIAL,DK - MAITIGHAR || ST MAN × DONG || M.K OFFICIAL,112.0,1,DK - MAITIGHAR ｜｜ ST MAN × DONG ｜｜ M.K OFFICIAL.m4a,Maiti Ghar,892,Dashain Tihar,Chhewang Lama,64.0,100.0,weak
maac gurung|jashn e bahara jodhaa akbar,Maac Gurung,Jashn-E-Bahara - Jodhaa Akbar | Jashn-E-Bahara Remix By Maac,0.0,1,Jashn-E-Bahara - Jodhaa Akbar ｜ Jashn-E-Bahara Remix By Maac.m4a,Ambar Gurung,1290,Bhag Bhag Na De Aba Dherai Dhak,Gbob,60.4,83.3,none
madan kumar bhattarai|resham firiri sur sudha,Madan Kumar Bhattarai,Resham Firiri - Sur Sudha,0.0,1,Resham Firiri - Sur Sudha.mp3,Resham Firiri,1650,Resham Firiri,Kali Prasad Baskota,100.0,73.7,weak
madhu chhetri prakash shrestha|nepal rahe nepali,"Madhu Chhetri, Prakash Shrestha",Nepal Rahe Nepali,291.0,1,"Madhu Chhetri, Prakash Shrestha - Nepal Rahe Nepali.mp3",nepali,207,Nepali,Albatross,100.0,100.0,strong
madhu gurung|hum hain bir nepali,Madhu Gurung,Hum Hain Bir Nepali,349.0,1,Madhu Gurung - Hum Hain Bir Nepali.mp3,nepali,207,Nepali,Albatross,100.0,78.3,probable
madhu pandey|ae shiv shankar bholav,Madhu Pandey,Ae Shiv Shankar Bholav,204.0,1,Madhu Pandey - Ae Shiv Shankar Bholav.mp3,Shiv Shankar,2067,Om Jaya Shiva Shankar,"Mira Rana, Dwarika Lal Joshi",74.4,75.0,weak
mahar studio|makha mali phool ko mala,MAHAR STUDIO,Makha mali phool ko mala,227.0,1,Makha mali phool ko mala.m4a,Phool Ko Mala,3465,Phool,Sujan Chapagain,100.0,69.2,weak
mahaveer saini|jai shiv shankar bholenath,mahaveer saini,Jai Shiv Shankar Bholenath,298.0,1,mahaveer saini - Jai Shiv Shankar Bholenath.mp3,Shiv Shankar,1543,Shankar Bhole,Ishwor Krishna Bhurtel,70.0,64.3,weak
mahendra rainew nepali pop song|aaja feri mahendra rainew nepali pop song,Mahendra RaiNew Nepali Pop Song 2015,Aaja Feri - Mahendra RaiNew Nepali Pop Song 2015,286.0,1,Mahendra RaiNew Nepali Pop Song 2015 - Aaja Feri - Mahendra RaiNew Nepali Pop Song 2015.mp3,nepali pop song,144,Aaja,Adrian Pradhan,100.0,76.9,probable
mahesh choudhary khatuwala|bam lahri shiv shankar bhole,MAHESH CHOUDHARY KHATUWALA,bam lahri shiv shankar bhole,338.0,1,MAHESH CHOUDHARY KHATUWALA - bam lahri shiv shankar bhole.mp3,Shiv Shankar,1543,Shankar Bhole,Ishwor Krishna Bhurtel,100.0,70.6,weak
mahesh khadka tara prakesh mandavi tripathi deepak limbu|thopa thopa mile pachhi ta,"Mahesh Khadka, Tara Prakesh, Mandavi Tripathi, Deepak Limbu",Thopa Thopa Mile Pachhi Ta,306.0,1,"Mahesh Khadka, Tara Prakesh, Mandavi Tripathi, Deepak Limbu - Thopa Thopa Mile Pachhi Ta.mp3",Deepak Limbu,1740,Tes Pachhi K ?,Kavi G,66.7,100.0,weak
mahi khan qaiser kandara|14 aug,"Mahi Khan, Qaiser Kandara",14 Aug,356.0,1,"Mahi Khan, Qaiser Kandara - 14 Aug.mp3",Kandara,,,,44.4,100.0,weak
mahi khan qaiser kandara|bakra eid one,"Mahi Khan, Qaiser Kandara",Bakra Eid One,311.0,1,"Mahi Khan, Qaiser Kandara - Bakra Eid One.mp3",Kandara,343,Beni ko Bazar,"Anju Panta, Deepak Limbu",61.5,100.0,weak
mahi khan qaiser kandara|sar na khao,"Mahi Khan, Qaiser Kandara",Sar Na Khao,393.0,1,"Mahi Khan, Qaiser Kandara - Sar Na Khao.mp3",Kandara,1212,Kasari Kaha,Edge Band,72.7,100.0,weak
mahi khan qaiser kandara|sar na khao two,"Mahi Khan, Qaiser Kandara",Sar Na Khao Two,345.0,1,"Mahi Khan, Qaiser Kandara - Sar Na Khao Two.mp3",Kandara,2605,Timro Aakha Ko Sagar Ma,Prakash Shrestha,68.4,100.0,weak
maiya maharjan pradhan|phool ko aakha ma,Maiya Maharjan Pradhan,Phool Ko Aakha Ma,0.0,1,Phool Ko Aakha Ma.mp3,Phool Ko Mala,3465,Phool,Sujan Chapagain,100.0,73.7,weak
majid anwar jamali|sajjan muhnjo suhno aa,Majid Anwar Jamali,Sajjan Muhnjo Suhno Aa,228.0,1,Majid Anwar Jamali - Sajjan Muhnjo Suhno Aa.mp3,Sajjan,,,,57.1,57.9,none
majnu thapa|maya ko fan by durgesh thapa arushi magar ft subash karki mahendra shahi,Majnu Thapa,Nepali Song Maya Ko Fan By  Durgesh Thapa Arushi Magar Ft. Subash Karki Mahendra Shahi,0.0,1,Nepali Song Maya Ko Fan By  Durgesh Thapa Arushi Magar Ft. Subash Karki Mahendra Shahi.m4a,Durgesh Thapa,526,Maya,Ashutosh KC,100.0,76.2,probable
mala begum habib jalib rehman verma|kahan chalay ho sajjan,"Mala Begum, Habib Jalib, Rehman Verma",Kahan Chalay Ho Sajjan,223.0,1,"Mala Begum, Habib Jalib, Rehman Verma - Kahan Chalay Ho Sajjan.mp3",Sajjan,2374,Jiwana Ho Gham Chhaya,Nepathya,65.1,51.3,weak
mala begum sahil farani akhtar hussain akhian|aye ga sajjan jab aye ga,"Mala Begum, Sahil Farani, Akhtar Hussain Akhian",Aye Ga Sajjan Jab Aye Ga,155.0,1,"Mala Begum, Sahil Farani, Akhtar Hussain Akhian - Aye Ga Sajjan Jab Aye Ga.mp3",Sajjan,1369,Sajjan Raj Vaidya - Naganya Maya,Genius Romanizations,63.8,54.8,none
mala g magar|nepali sarangi lok with rap,Mala G Magar,Nepali Sarangi Lok With Rap,0.0,1,Nepali Sarangi Lok With Rap.mp3,G-BOB Nepali rap,207,Nepali,Albatross,100.0,62.5,weak
man bahadur khadka|imo kholera by ramji khad muna thapa sabd milan lama asha gole lay sagar k c,Man Bahadur Khadka,"Imo Kholera By Ramji Khad&Muna Thapa,Sabd-Milan Lama&Asha Gole,Lay-Sagar k-c,",0.0,1,"Imo Kholera By Ramji Khad&Muna Thapa,Sabd-Milan Lama&Asha Gole,Lay-Sagar k-c,.mp3",Man Bahadur Gandarbha,210,Sagar,Albatross,100.0,74.3,weak
man bahadur khadka|man bahadur khadka,Man Bahadur Khadka,Man Bahadur Khadka,0.0,1,Man Bahadur Khadka.mp3,Man Bahadur Gandarbha,3682,Subhakamana Bhari,Tara Devi,68.6,74.3,weak
man bahadur rai|angreji sikchha,Man Bahadur Rai,Angreji Sikchha,0.0,1,Angreji Sikchha.mp3,Man Bahadur Gandarbha,3094,Nepali Angreji,Sajjan Raj Vaidya,66.7,72.2,weak
mana shrestha vten|ma pa se,"Mana Shrestha, VTEN",Ma Pa Se,195.0,1,"Mana Shrestha, VTEN - Ma Pa Se.mp3",Vten,3987,MA PA SE,VTEN,100.0,100.0,strong
manas ghale|manas ghale who the f is you x aidray,Manas Ghale,Manas Ghale - Who The F Is YOU? X Aidray (Official Lyrics Video),200.0,1,Manas Ghale - Who The F Is YOU？ X Aidray (Official Lyrics Video).m4a,Aidray Nepali rap,,,,51.4,100.0,weak
mandavi tripathi rajesh payal rai|nisthuri deuta,"Mandavi Tripathi, Rajesh Payal Rai",Nisthuri Deuta,341.0,1,"Mandavi Tripathi, Rajesh Payal Rai - Nisthuri Deuta (2).mp3","Mandavi Tripathi, Rajesh Payal Rai",2335,Nisthuri Mori,Neetesh Jung Kunwar,76.2,100.0,weak
mani sidhu with sudesh kumari|ja ve sajjan,Mani Sidhu with Sudesh Kumari,Ja Ve Sajjan,325.0,1,Mani Sidhu with Sudesh Kumari - Ja Ve Sajjan.mp3,Sajjan,1366,Sajjan Raj Vaidya - Chitthi Bhitra,Genius Romanizations,66.7,58.8,weak
maninder deol|yaad sajjan di,Maninder Deol,Yaad Sajjan Di,253.0,1,Maninder Deol - Yaad Sajjan Di.mp3,Sajjan,2487,Yaad Gara,Om Bikram Bista,61.5,53.8,none
manish dagar|shiv shankar ke pyar main,Manish Dagar,Shiv Shankar Ke Pyar Main,250.0,1,Manish Dagar - Shiv Shankar Ke Pyar Main.mp3,Shiv Shankar,1543,Shankar Bhole,Ishwor Krishna Bhurtel,70.0,80.0,weak
manish mastana|shiv shankar damru wale hai,Manish Mastana,Shiv Shankar Damru Wale Hai,369.0,1,Manish Mastana - Shiv Shankar Damru Wale Hai.mp3,Shiv Shankar,1543,Shankar Bhole,Ishwor Krishna Bhurtel,70.0,66.7,weak
manish thapa magar|swartha new,Manish Thapa Magar,Swartha New Nepali Rap Song 2019,0.0,1,Swartha New Nepali Rap Song 2019.m4a,Aidray Nepali rap,2713,Sparsha Sangeet,Purna Rai,61.5,85.7,none
manit gurung feat melina rai|jali rumal,Manit Gurung feat. Melina Rai,Jali Rumal,373.0,1,Manit Gurung feat. Melina Rai - Jali Rumal.mp3,Melina Rai,1475,Jali Rumal,Hemant Sharma,100.0,100.0,strong
manju kavi|ninna kandara,Manju Kavi,Ninna Kandara,301.0,1,Manju Kavi - Ninna Kandara.mp3,Kandara,1683,Hongkong Pokhara by Kandara Band,Kandara,70.0,80.0,weak
manju thapa|teej ko rahara aayo bari lai re make manju thapa karishma manandhar basundhara bhusal popular teej,Manju Thapa,Teej Ko Rahara Aayo Bari lai  Re Make Manju Thapa Karishma Manandhar Basundhara Bhusal Popular Teej,340.0,1,Teej Ko Rahara Aayo Bari lai  Re Make Manju Thapa Karishma Manandhar Basundhara Bhusal Popular Teej.m4a,teej song,1746,Lai Lai,Ketan Chhetri,100.0,76.2,probable
manoj raj shiwakoti anju panta|najureko lagan hamro,"Manoj Raj Shiwakoti, Anju Panta",Najureko Lagan Hamro,308.0,1,"Manoj Raj Shiwakoti, Anju Panta - Najureko Lagan Hamro.mp3",Anju Panta,440,Hamro Din,Arthur Gunn,71.4,100.0,weak
manoj raj siwakoti|nepali ma,Manoj Raj Siwakoti,Nepali Ma,300.0,1,Manoj Raj Siwakoti - Nepali Ma.mp3,nepali,207,Nepali,Albatross,100.0,100.0,strong
manoj sahri monika mundu|kanchhi re,"Manoj Sahri, Monika Mundu",KANCHHI RE,388.0,1,"Manoj Sahri, Monika Mundu - KANCHHI RE.mp3",Kanchhi,420,Kanchhi,Anuprastha,100.0,71.4,weak
manoj sarang|jai shiv shankar kelashi,Manoj Sarang,Jai Shiv Shankar Kelashi,203.0,1,Manoj Sarang - Jai Shiv Shankar Kelashi.mp3,Shiv Shankar,2067,Om Jaya Shiva Shankar,"Mira Rana, Dwarika Lal Joshi",71.1,76.2,weak
manoj tiwari mridul|shiv shankar khele holi,Manoj Tiwari Mridul,Shiv Shankar Khele Holi,198.0,1,Manoj Tiwari Mridul - Shiv Shankar Khele Holi.mp3,Shiv Shankar,1543,Shankar Bhole,Ishwor Krishna Bhurtel,70.0,71.4,weak
manose singh|09 sherpa song,Manose Singh,09. Sherpa Song,263.0,1,Manose Singh - 09. Sherpa Song.mp3,sherpa song,3163,Pir Song,Samjhana Bhandari,66.7,73.3,weak
manose singh|sherpa song,Manose Singh,Sherpa Song,263.0,1,Manose Singh - Sherpa Song.mp3,sherpa song,2667,Bihe Pass Song,Pratap Das,72.0,73.3,weak
manose|om triambakam mantra wellness mantra for yoga,Manose,Om Triambakam Mantra (Wellness): Mantra for Yoga,252.0,1,Manose - Om Triambakam Mantra (Wellness)_ Mantra for Yoga.mp3,Manose,1545,Mantra,Jacob Tillberg,100.0,66.7,weak
manose|sherpa song,Manose,Sherpa Song,263.0,1,Manose - Sherpa Song.mp3,sherpa song,2667,Bihe Pass Song,Pratap Das,72.0,66.7,weak
manose|thunder and flute,Manose,Thunder and Flute,302.0,1,Manose - Thunder and Flute.mp3,Manose,,,,54.5,66.7,none
mansoor ali malangi|nahi rusde sajjan pyare,Mansoor Ali Malangi,Nahi Rusde Sajjan Pyare,251.0,1,Mansoor Ali Malangi - Nahi Rusde Sajjan Pyare.mp3,Sajjan,,,,57.9,54.5,none
mantra band official|lahure a tale of a soldier,MANTRA BAND OFFICIAL,LAHURE -A TALE OF A SOLDIER | MANTRA | FEAT. KARMA (Official Music Video),354.0,1,LAHURE -A TALE OF A SOLDIER ｜ MANTRA ｜ FEAT. KARMA (Official Music Video).m4a,Lahure Ko Katha,899,Lahure,Chhewang Lama,100.0,100.0,strong
mantra band topic|lahure,Mantra Band - Topic,Lahure,347.0,1,Lahure.m4a,Lahure Ko Katha,899,Lahure,Chhewang Lama,100.0,100.0,strong
mantrayukt|namah shiv shankar dak dadankar charani folk,MANTRAYUKT,Namah Shiv Shankar Dak Dadankar (Charani Folk),263.0,1,MANTRAYUKT - Namah Shiv Shankar Dak Dadankar (Charani Folk).mp3,Shiv Shankar,1543,Shankar Bhole,Ishwor Krishna Bhurtel,70.0,75.0,weak
mantra|04 himali nepali,Mantra,04 Himali Nepali,366.0,1,Mantra - 04 Himali Nepali.mp3,nepali,207,Nepali,Albatross,100.0,100.0,strong
manu tamang|song of manu tamang,Manu Tamang,Song of Manu Tamang,131.0,1,Manu Tamang - Song of Manu Tamang.mp3,tamang song,3163,Pir Song,Samjhana Bhandari,66.7,100.0,weak
manya manib singh nepali babu|naya ba jawani,"Manya Manib Singh, NEPALI BABU",Naya Ba Jawani,193.0,1,"Manya Manib Singh, NEPALI BABU - Naya Ba Jawani.mp3",nepali,602,Gayo Gayo Jawani Gayo,Babin Pradhan,72.0,66.7,weak
manya manib singh nepali babu|taabij bana di ojha ji patarki humse pat jaiye,"Manya Manib Singh, Nepali Babu",Taabij Bana Di Ojha Ji Patarki Humse Pat Jaiye,196.0,1,"Manya Manib Singh, Nepali Babu - Taabij Bana Di Ojha Ji Patarki Humse Pat Jaiye.mp3",Nepali Babu,,,,50.7,66.7,none
manya manib singh nepali babu|नया बा जवानी,"Manya Manib Singh, Nepali Babu",नया बा जवानी,193.0,1,"Manya Manib Singh, Nepali Babu - नया बा जवानी.mp3",Nepali Babu,,,,42.9,66.7,none
maqsood hassan maqsood|sada sajjan salam vi bhul gye ho,Maqsood Hassan Maqsood,Sada Sajjan Salam Vi Bhul Gye Ho,331.0,1,Maqsood Hassan Maqsood - Sada Sajjan Salam Vi Bhul Gye Ho.mp3,Sajjan,1367,Sajjan Raj Vaidya - Ek Sarvanaam,Genius Romanizations,61.3,51.9,none
mario mocca|nepali,Mario Mocca,Nepali,415.0,1,Mario Mocca - Nepali (2).mp3,nepali,207,Nepali,Albatross,100.0,63.2,weak
mashooq bhangar|sajjan bhi suhno man bhi suhno,Mashooq Bhangar,Sajjan Bhi Suhno Man Bhi Suhno,306.0,1,Mashooq Bhangar - Sajjan Bhi Suhno Man Bhi Suhno.mp3,Sajjan,3900,Suna Bhanana,Udit Narayan & Deepa Jha,62.5,57.1,none
masood rana inayat hussain bhatti|sajjan pyara milay,"Masood Rana, Inayat Hussain Bhatti",Sajjan Pyara Milay,202.0,1,"Masood Rana, Inayat Hussain Bhatti - Sajjan Pyara Milay.mp3",Sajjan,1369,Sajjan Raj Vaidya - Naganya Maya,Genius Romanizations,62.5,61.5,none
master sajjan|aj piyar piyar,Master Sajjan,Aj Piyar Piyar,283.0,1,Master Sajjan - Aj Piyar Piyar.mp3,Sajjan,1939,Aja Kina,Mantra Band,62.5,69.6,none
master sajjan|asan ji eid thi wayee,Master Sajjan,Asan Ji Eid Thi Wayee,327.0,1,Master Sajjan - Asan Ji Eid Thi Wayee.mp3,Sajjan,,,,54.1,69.6,none
master sajjan|tosan piyar suhna karan dil,Master Sajjan,Tosan Piyar Suhna Karan Dil,294.0,1,Master Sajjan - Tosan Piyar Suhna Karan Dil.mp3,Sajjan,357,Aye Dil,Ankit Tiwari,60.0,69.6,none
master sajjan|tujh se kiya jo piyar,Master Sajjan,Tujh Se Kiya Jo Piyar,301.0,1,Master Sajjan - Tujh Se Kiya Jo Piyar.mp3,Sajjan,,,,59.1,69.6,none
master sajjan|yaar tosan piyar tosan,Master Sajjan,Yaar Tosan Piyar Tosan,336.0,1,Master Sajjan - Yaar Tosan Piyar Tosan.mp3,Sajjan,,,,59.3,69.6,none
maulai dilbar baloch|oh sajjan de achan sa venda kamm thai,Maulai Dilbar Baloch,Oh Sajjan De Achan Sa Venda Kamm Thai,399.0,1,Maulai Dilbar Baloch - Oh Sajjan De Achan Sa Venda Kamm Thai.mp3,Sajjan,,,,59.5,54.5,none
maya garne chu|anup kunwar ft resham poonnew nepali pop song,Maya Garne Chu,Anup Kunwar Ft. Resham PoonNew Nepali Pop Song,202.0,1,Maya Garne Chu - Anup Kunwar Ft. Resham PoonNew Nepali Pop Song.mp3,nepali pop song,207,Nepali,Albatross,100.0,56.2,weak
maya sharma jhapali|phool ko aankha ma phoolai sansara bye ani choying dolma,Maya Sharma jhapali,Phool Ko Aankha Ma Phoolai Sansara....bye Ani Choying Dolma,0.0,1,Phool Ko Aankha Ma Phoolai Sansara....bye Ani Choying Dolma.m4a,Phool Ko Mala,3465,Phool,Sujan Chapagain,100.0,68.8,weak
mc jamesy|last night best version,MC Jamesy,Last Night (Best Version) 🎵😎,0.0,1,Last Night (Best Version) 🎵😎.m4a,Jamesy,520,Cover song nepali sad version,Ashit Ryee sikkimese,60.9,100.0,weak
mc jamesy|monta u and i,MC Jamesy,MONTA U AND I 🎤,0.0,1,MONTA U AND I 🎤.m4a,Jamesy,392,Bandi Tot,Ankit Tiwari & Nikhita Gandhi,63.6,100.0,weak
mc pogba dj caat|uh uh vai slowed,"Mc Pogba, DJ Caat",Uh Uh Vai - Slowed,93.0,1,"Mc Pogba, DJ Caat - Uh Uh Vai - Slowed.mp3",Dj Caat,,,,52.6,51.6,none
meera rana tara devi|chhanga ko maya ke bhannu,"Meera Rana, Tara Devi",Chhanga Ko Maya Ke Bhannu,237.0,1,"Meera Rana, Tara Devi - Chhanga Ko Maya Ke Bhannu.mp3",Tara Devi,526,Maya,Ashutosh KC,100.0,100.0,strong
meghana chandra anurag kant|negi ji ka geet,"Meghana Chandra, Anurag Kant",Negi Ji Ka Geet,251.0,1,"Meghana Chandra, Anurag Kant - Negi Ji Ka Geet.mp3",Anurag Kant,2449,Hit Geet,Nischal Basnet,66.7,57.7,weak
mehboob mirjat|ach hali monde sajjan,Mehboob Mirjat,Ach Hali Monde Sajjan,125.0,1,Mehboob Mirjat - Ach Hali Monde Sajjan.mp3,Sajjan,604,Jhal Jhali Samjhana,Babin Pradhan,60.0,48.0,none
mehtab baloch|cha thi wayo tukhe sajjan,Mehtab Baloch,Cha Thi Wayo Tukhe Sajjan,233.0,1,Mehtab Baloch - Cha Thi Wayo Tukhe Sajjan.mp3,Sajjan,621,Tada Tada Janu Cha Sathi,Bacchu Kailash,63.6,56.0,none
melina rai aashish sachin|ek kan dui kaan maidan,"Melina Rai, Aashish Sachin",Ek Kan Dui Kaan Maidan,218.0,1,"Melina Rai, Aashish Sachin - Ek Kan Dui Kaan Maidan.mp3",Melina Rai,2012,Ek Kaan Dui Kaan Maidaan,Melina Rai,87.8,100.0,probable
melina rai aashish thapa|mero raja,"Melina Rai, Aashish Thapa",Mero Raja,291.0,1,"Melina Rai, Aashish Thapa - Mero Raja.mp3",Melina Rai,3621,Mero Hajura,Swoopna Suman | Abhigya Ghimire,80.0,100.0,probable
melina rai anil pahadi|haatma haat,"Melina Rai, Anil Pahadi",Haatma Haat,346.0,1,"Melina Rai, Anil Pahadi - Haatma Haat.mp3",Melina Rai,3158,Thamana Haat,Samir Shrestha,78.3,100.0,probable
melina rai babul giri|khali shanibar,"Melina Rai, Babul Giri",Khali Shanibar,357.0,1,"Melina Rai, Babul Giri - Khali Shanibar.mp3",Melina Rai,734,Khali,Bikki Gurung,100.0,100.0,strong
melina rai babul giri|laija re laija,"Melina Rai, Babul Giri",Laija Re Laija,269.0,1,"Melina Rai, Babul Giri - Laija Re Laija.mp3",Melina Rai,1486,Laija Re,Hemanta Rana,100.0,100.0,strong
melina rai biku chhetri|dil kholera bhanana,"Melina rai, Biku Chhetri",Dil Kholera Bhanana,322.0,1,"Melina rai, Biku Chhetri - Dil Kholera Bhanana.mp3",Melina Rai,3900,Suna Bhanana,Udit Narayan & Deepa Jha,73.7,100.0,weak
melina rai birendra shrestha|aakha lauchan,"Melina Rai, Birendra Shrestha",Aakha Lauchan,289.0,1,"Melina Rai, Birendra Shrestha - Aakha Lauchan.mp3",Melina Rai,2109,Akkha Cha,Mr. D,72.7,100.0,weak
melina rai buddhi man shrestha|baiguni,"Melina Rai, Buddhi Man Shrestha",Baiguni,356.0,1,"Melina Rai, Buddhi Man Shrestha - Baiguni.mp3",Melina Rai,712,Baiguni,Bibash Jk,100.0,100.0,strong
melina rai cd bijaya adhikari|shunya lagchha,"Melina Rai, CD Bijaya Adhikari",Shunya Lagchha,318.0,1,"Melina Rai, CD Bijaya Adhikari - Shunya Lagchha.mp3",Melina Rai,667,Shunya,Bartika Eam Rai,100.0,100.0,strong
melina rai cd vijaya adhikari|shunya lagchha cd melina,"Melina Rai, CD Vijaya Adhikari",Shunya Lagchha CD & Melina,318.0,1,"Melina Rai, CD Vijaya Adhikari - Shunya Lagchha CD & Melina.mp3",Melina Rai,667,Shunya,Bartika Eam Rai,100.0,100.0,strong
melina rai cd vijaya adhikari|sunya lagchha,"Melina Rai, CD Vijaya Adhikari",Sunya Lagchha,316.0,1,"Melina Rai, CD Vijaya Adhikari - Sunya Lagchha.mp3",Melina Rai,3140,Duniya Beglai Chha,Samir Acharya,71.0,100.0,weak
melina rai chandra singh ghale|21st love reloaded,"Melina Rai, Chandra Singh Ghale",21st Love Reloaded,309.0,1,"Melina Rai, Chandra Singh Ghale - 21st Love Reloaded.mp3",Melina Rai,135,Timro Laagi Reloaded,Abhaya & The Steam Engines,61.5,100.0,weak
melina rai chok gurung|aankha aankha judhe,"Melina Rai, Chok Gurung",Aankha Aankha Judhe,319.0,1,"Melina Rai, Chok Gurung - Aankha Aankha Judhe.mp3",Melina Rai,2129,Aankha maa,Nabin K Bhattarai,75.0,100.0,weak
melina rai feat dipak limbu|nasodha malai,Melina Rai feat. Dipak Limbu,Nasodha Malai,262.0,1,Melina Rai feat. Dipak Limbu - Nasodha Malai.mp3,Melina Rai,2019,Nasodha Malai,Melina Rai,100.0,100.0,strong
melina rai feat hari bansha acharya|machhi lai kholi ko leu gazzab tv,Melina Rai feat. Hari Bansha Acharya,Machhi Lai Kholi Ko Leu - Gazzab TV,391.0,1,Melina Rai feat. Hari Bansha Acharya - Machhi Lai Kholi Ko Leu - Gazzab TV.mp3,Melina Rai,1746,Lai Lai,Ketan Chhetri,100.0,100.0,strong
melina rai feat roshan rai paluwa star|maya garda,Melina Rai feat. Roshan Rai -Paluwa Star,Maya Garda,339.0,1,Melina Rai feat. Roshan Rai -Paluwa Star - Maya Garda.mp3,Melina Rai,526,Maya,Ashutosh KC,100.0,100.0,strong
melina rai feat sunil katuwal|mukhaima ram ram 8k everest motion pictures,Melina Rai feat. Sunil Katuwal,Mukhaima Ram Ram- 8K Everest Motion Pictures,244.0,1,Melina Rai feat. Sunil Katuwal - Mukhaima Ram Ram- 8K Everest Motion Pictures.mp3,Melina Rai,,,,50.0,100.0,weak
melina rai feat swor suman|mero maya,Melina Rai feat. Swor Suman,Mero Maya,353.0,1,Melina Rai feat. Swor Suman - Mero Maya.mp3,Melina Rai,2943,Mero Maya,Robin Tamang,100.0,100.0,strong
melina rai govinda chongbang|bhana matra priye,"Melina rai, Govinda Chongbang",Bhana Matra Priye,289.0,1,"Melina rai, Govinda Chongbang - Bhana Matra Priye.mp3",Melina Rai,548,Bhana,Astha Tamang-Maskey,100.0,100.0,strong
melina rai kiran bhujel|gulelima,"Melina Rai, Kiran Bhujel",Gulelima,306.0,1,"Melina Rai, Kiran Bhujel - Gulelima.mp3",Melina Rai,3204,Chulesima,Sanjeev Singh,70.6,100.0,weak
melina rai kushal thalang|kasam mari jaun,"Melina Rai, Kushal Thalang",Kasam Mari Jaun,262.0,1,"Melina Rai, Kushal Thalang - Kasam Mari Jaun.mp3",Melina Rai,3437,Kasam Kasam,Sugam Pokhrel,100.0,100.0,strong
melina rai mabindra rai|mayama yestai hunchha ki timro tyo hasilo,"Melina Rai, Mabindra Rai",Mayama Yestai Hunchha Ki (Timro Tyo Hasilo),221.0,1,"Melina Rai, Mabindra Rai - Mayama Yestai Hunchha Ki (Timro Tyo Hasilo).mp3",Melina Rai,956,Timro Tyo,Cobweb,100.0,100.0,strong
melina rai mandip pokhare|baiguni 3 pani salala,"Melina Rai, Mandip Pokhare",Baiguni 3 Pani Salala,332.0,1,"Melina Rai, Mandip Pokhare - Baiguni 3 Pani Salala.mp3",Melina Rai,88,Salala,2024,100.0,100.0,strong
melina rai nim shrees|kati maya,"Melina Rai, Nim Shrees",Kati Maya,358.0,1,"Melina Rai, Nim Shrees - Kati Maya.mp3",Melina Rai,526,Maya,Ashutosh KC,100.0,100.0,strong
melina rai nishan bhattarai|bhandeu mayale,"Melina Rai, Nishan Bhattarai",Bhandeu Mayale,288.0,1,"Melina Rai, Nishan Bhattarai - Bhandeu Mayale.mp3",Melina Rai,3902,Bandha Mayale,"Udit Narayan, Deepa Narayan Jha",81.5,100.0,probable
melina rai pradip bohara kingstar|maya chhodera najau,"Melina Rai, Pradip Bohara Kingstar",Maya Chhodera Najau,339.0,1,"Melina Rai, Pradip Bohara Kingstar - Maya Chhodera Najau.mp3",Melina Rai,526,Maya,Ashutosh KC,100.0,100.0,strong
melina rai rajan timilsina feat saurav sharma|21st love,"Melina Rai, Rajan Timilsina feat. Saurav Sharma",21st love,292.0,1,"Melina Rai, Rajan Timilsina feat. Saurav Sharma - 21st love.mp3",Melina Rai,901,Love Song,Chhewang Lama,66.7,100.0,weak
melina rai rajesh payal rai|hami badal vitra,"Melina Rai, Rajesh Payal Rai",Hami Badal Vitra,219.0,1,"Melina Rai, Rajesh Payal Rai - Hami Badal Vitra.mp3",Melina Rai,2569,Hami,Prajina,100.0,100.0,strong
melina rai shivraj gurung naren limbu|kaha hola mero mayalu,"Melina Rai, Shivraj Gurung, Naren Limbu",Kaha Hola Mero Mayalu,354.0,1,"Melina Rai, Shivraj Gurung, Naren Limbu - Kaha Hola Mero Mayalu.mp3",Melina Rai,56,Mayalu Mayalu,1974 AD,100.0,100.0,strong
melina rai subha tamang|timro maan ma,"Melina Rai, Subha Tamang",Timro Maan Ma,220.0,1,"Melina Rai, Subha Tamang - Timro Maan Ma (2).mp3",Melina Rai,2036,Timro Maan Ma,Melina Rai & Subha Tamang,100.0,100.0,strong
melina rai suman dangi|pauroti पाउरोटी,"Melina Rai, Suman Dangi",Pauroti पाउरोटी,229.0,1,"Melina Rai, Suman Dangi - Pauroti पाउरोटी.mp3",Melina Rai,,,,48.0,100.0,weak
melina rai suman shrestha sangam|maulayo maya,"Melina Rai, Suman Shrestha Sangam",Maulayo Maya,275.0,1,"Melina Rai, Suman Shrestha Sangam - Maulayo Maya.mp3",Melina Rai,526,Maya,Ashutosh KC,100.0,100.0,strong
melina rai sunil katuwal|dadai kataula,"Melina Rai, Sunil Katuwal",Dadai Kataula,286.0,1,"Melina Rai, Sunil Katuwal - Dadai Kataula.mp3",Melina Rai,410,Sanga Sangai Juni Kataula,Annu Chaudhary and Pratap Das.,70.0,100.0,weak
melina rai|aadha,Melina Rai,Aadha,336.0,1,Melina Rai - Aadha.mp3,Melina Rai,1111,Aadha Mann,Dhoje,100.0,100.0,strong
melina rai|aafailai dhati here,Melina Rai,Aafailai Dhati Here,277.0,1,Melina Rai - Aafailai Dhati Here.mp3,Melina Rai,2128,Aakhama Here Dekhe Timilai,Nabin K Bhattarai,62.2,100.0,weak
melina rai|aakha bhari,Melina rai,Aakha Bhari,344.0,1,Melina rai - Aakha Bhari.mp3,Melina Rai,4125,Akash Bhari,Yugal Gurung,81.8,100.0,probable
melina rai|aakhai aakha ko,Melina Rai,Aakhai Aakha Ko,281.0,1,Melina Rai - Aakhai Aakha Ko.mp3,Melina Rai,2025,Timro Aankhama Aankha,Melina Rai,72.2,100.0,weak
melina rai|aankha aankha judhe,Melina Rai,Aankha Aankha Judhe,293.0,1,Melina Rai - Aankha Aankha Judhe.mp3,Melina Rai,2129,Aankha maa,Nabin K Bhattarai,75.0,100.0,weak
melina rai|aasu lukai,Melina Rai,Aasu Lukai,291.0,1,Melina Rai - Aasu Lukai.mp3,Melina Rai,396,Putali Aau,Ankita Pun,70.0,100.0,weak
melina rai|aayo dashain aayo tihar,Melina Rai,Aayo Dashain Aayo Tihar,238.0,1,Melina Rai - Aayo Dashain Aayo Tihar.mp3,Melina Rai,892,Dashain Tihar,Chhewang Lama,100.0,100.0,strong
melina rai|aayo teejako lahar kendra motion pictures,Melina Rai,Aayo Teejako Lahar - Kendra Motion Pictures,245.0,1,Melina Rai - Aayo Teejako Lahar - Kendra Motion Pictures (2).mp3,Melina Rai,2005,Aayo Teejko Lahar,Melina Rai,74.1,100.0,weak
melina rai|baba,Melina Rai,Baba,362.0,1,Melina Rai - Baba.mp3,Melina Rai,2372,Ho Ho Baba Ho Ho,Nepathya,100.0,100.0,strong
melina rai|bhamara jhai aayeu timi,Melina Rai,Bhamara Jhai Aayeu Timi,250.0,1,Melina Rai - Bhamara Jhai Aayeu Timi.mp3,Melina Rai,752,Timi,Binit Shrestha,100.0,100.0,strong
melina rai|bholi maile,Melina Rai,Bholi Maile,371.0,1,Melina Rai - Bholi Maile.mp3,Melina Rai,728,Bholi,Bikki Gurung,100.0,100.0,strong
melina rai|chyatidiye fyalidiye,Melina Rai,Chyatidiye Fyalidiye,312.0,1,Melina Rai - Chyatidiye Fyalidiye.mp3,Melina Rai,,,,57.1,100.0,weak
melina rai|dherai maya timilai,Melina Rai,Dherai Maya Timilai,286.0,1,Melina Rai - Dherai Maya Timilai.mp3,Melina Rai,526,Maya,Ashutosh KC,100.0,100.0,strong
melina rai|duli duli,Melina Rai,Duli Duli,249.0,1,Melina Rai - Duli Duli.mp3,Melina Rai,2011,Duli Duli,Melina Rai,100.0,100.0,strong
melina rai|ek din timro mayale badhana,Melina Rai,Ek Din Timro Mayale Badhana,221.0,1,Melina Rai - Ek Din Timro Mayale Badhana.mp3,Melina Rai,419,Din,Anuprastha,100.0,100.0,strong
melina rai|garibiko bhari,Melina Rai,Garibiko Bhari,341.0,1,Melina Rai - Garibiko Bhari (2).mp3,Melina Rai,34,Bagdai Gareko,1974 AD,66.7,100.0,weak
melina rai|gaun gharki chhori,Melina Rai,Gaun Gharki Chhori,300.0,1,Melina Rai - Gaun Gharki Chhori.mp3,Melina Rai,1814,Unkai Chori Taruni,Kumar Basnet,66.7,100.0,weak
melina rai|handsome body,Melina Rai,Handsome Body,358.0,1,Melina Rai - Handsome Body.mp3,Melina Rai,,,,57.1,100.0,weak
melina rai|harek sajh,Melina Rai,Harek Sajh,291.0,1,Melina Rai - Harek Sajh.mp3,Melina Rai,3734,Har Saanjh,The edge band,80.0,100.0,probable
melina rai|harek sanjh,Melina Rai,Harek Sanjh,293.0,1,Melina Rai - Harek Sanjh.mp3,Melina Rai,2158,Aaja Bholi Harek Sanjh,Narayan Gopal,100.0,100.0,strong
melina rai|hida kanchhi,Melina Rai,Hida Kanchhi,353.0,1,Melina Rai - Hida Kanchhi.mp3,Melina Rai,420,Kanchhi,Anuprastha,100.0,100.0,strong
melina rai|jati here pani,Melina Rai,Jati Here Pani,273.0,1,Melina Rai - Jati Here Pani.mp3,Melina Rai,2156,Pani Pani,Nalina Chitrakar,100.0,100.0,strong
melina rai|jharanako chiso pani female version,Melina Rai,Jharanako Chiso Pani - Female Version,321.0,1,Melina Rai - Jharanako Chiso Pani - Female Version.mp3,Melina Rai,859,Chiso Chiso,Brijesh Shrestha & Hakim,100.0,100.0,strong
melina rai|juni juni,Melina Rai,Juni Juni,303.0,1,Melina Rai - Juni Juni.mp3,Melina Rai,90,Juni Juni Bharilai,2025 Nepali Movie Dukhi Aatma,100.0,100.0,strong
melina rai|kahi katai,Melina Rai,Kahi Katai,311.0,1,Melina Rai - Kahi Katai.mp3,Melina Rai,1016,Kahi Katai,Deep Shrestha,100.0,100.0,strong
melina rai|kamjor,Melina Rai,Kamjor,321.0,1,Melina Rai - Kamjor.mp3,Melina Rai,1018,Kati Kamjor,Deep Shrestha,100.0,100.0,strong
melina rai|ke artha,Melina Rai,Ke Artha,309.0,1,Melina Rai - Ke Artha.mp3,Melina Rai,2448,Kina Yesari Bina Artha Le,Nirwan N' Music Link,76.9,100.0,weak
melina rai|ke diu khai,Melina Rai,Ke Diu Khai,267.0,1,Melina Rai - Ke Diu Khai.mp3,Melina Rai,659,Khai,Bartika Eam Rai,100.0,100.0,strong
melina rai|khayeko kasham,Melina Rai,Khayeko Kasham,299.0,1,Melina Rai - Khayeko Kasham.mp3,Melina Rai,4037,Mayako Katha,Yabesh Thapa,69.2,100.0,weak
melina rai|kolki hamro gaun,Melina Rai,Kolki Hamro Gaun,320.0,1,Melina Rai - Kolki Hamro Gaun.mp3,Melina Rai,440,Hamro Din,Arthur Gunn,71.4,100.0,weak
melina rai|ma marda,Melina Rai,Ma Marda,335.0,1,Melina Rai - Ma Marda (2).mp3,Melina Rai,3773,Ma,The Shadows 'Nepal',100.0,100.0,strong
melina rai|ma samjhanchhu,Melina Rai,Ma Samjhanchhu,253.0,1,Melina Rai - Ma Samjhanchhu.mp3,Melina Rai,3773,Ma,The Shadows 'Nepal',100.0,100.0,strong
melina rai|malai pani sagai laijau,Melina Rai,Malai pani Sagai Laijau,321.0,1,Melina Rai - Malai pani Sagai Laijau.mp3,Melina Rai,2017,Malai Pani Sagai Laijau,Melina Rai,100.0,100.0,strong
melina rai|mann paraye maile,Melina Rai,Mann Paraye Maile,382.0,1,Melina Rai - Mann Paraye Maile.mp3,Melina Rai,772,Mann,Bipul Chettri,100.0,100.0,strong
melina rai|maruni,Melina Rai,Maruni,252.0,1,Melina Rai - Maruni.mp3,Melina Rai,1835,Maria,L.A Music,72.7,100.0,weak
melina rai|maya yo kasto maya,Melina Rai,Maya Yo Kasto Maya,213.0,1,Melina Rai - Maya Yo Kasto Maya.mp3,Melina Rai,336,Yo Maya Bhanne Cheej Kasto,Anju Panta,100.0,100.0,strong
melina rai|mutuma chhau,Melina Rai,Mutuma Chhau,310.0,1,Melina Rai - Mutuma Chhau.mp3,Melina Rai,908,Ustai Chha Maya,Chhewang Lama,66.7,100.0,weak
melina rai|najanera hoina,Melina Rai,Najanera Hoina,293.0,1,Melina Rai - Najanera Hoina.mp3,Melina Rai,1521,Lovi Najar,"Hukke X Urgen Dong, Deepika Bayambu Ft Sanjana Gurung & Sarmila Tamang",66.7,100.0,weak
melina rai|najik aya huncha,Melina Rai,Najik Aya Huncha,225.0,1,Melina Rai - Najik Aya Huncha.mp3,Melina Rai,256,Huncha Malai,Ani Choying Dolma,71.4,100.0,weak
melina rai|najik bhayer pani,Melina Rai,Najik Bhayer Pani,226.0,1,Melina Rai - Najik Bhayer Pani.mp3,Melina Rai,2156,Pani Pani,Nalina Chitrakar,100.0,100.0,strong
melina rai|najik vayera,Melina Rai,Najik Vayera,229.0,1,Melina Rai - Najik Vayera.mp3,Melina Rai,3247,Tarera Ni,Satya Raj Acharya,66.7,100.0,weak
melina rai|nisthurile,Melina Rai,Nisthurile,275.0,1,Melina Rai - Nisthurile.mp3,Melina Rai,283,Aauchu Bhani Nisthurile,Anju Panta,100.0,100.0,strong
melina rai|oh meri maa female,Melina Rai,Oh Meri Maa Female,249.0,1,Melina Rai - Oh Meri Maa Female.mp3,Melina Rai,205,Maa,Albatross,100.0,100.0,strong
melina rai|othma lali,Melina Rai,Othma Lali,406.0,1,Melina Rai - Othma Lali.mp3,Melina Rai,122,Maya Lai Lai Lai,"Aayuf Luitel, Kamal Khatri",66.7,100.0,weak
melina rai|paralko tyandro,Melina Rai,Paralko Tyandro,279.0,1,Melina Rai - Paralko Tyandro.mp3,Melina Rai,1550,Tyo pal,"Jagdish Samal, Deepa Lama",63.6,100.0,weak
melina rai|pheri nata,Melina Rai,Pheri Nata,303.0,1,Melina Rai - Pheri Nata.mp3,Melina Rai,3324,Maya Pheri,Simma Rai,80.0,100.0,probable
melina rai|rahar chadhyo yo man ma,Melina Rai,Rahar Chadhyo Yo Man Ma,244.0,1,Melina Rai - Rahar Chadhyo Yo Man Ma.mp3,Melina Rai,3773,Ma,The Shadows 'Nepal',100.0,100.0,strong
melina rai|rimjhim rimjhim paani paryo,Melina Rai,Rimjhim Rimjhim Paani Paryo,220.0,1,Melina Rai - Rimjhim Rimjhim Paani Paryo.mp3,Melina Rai,2601,Pani Ko Rimjhim,Prakash Shrestha,70.6,100.0,weak
melina rai|sagar kasle banayo,Melina Rai,Sagar Kasle Banayo,244.0,1,Melina Rai - Sagar Kasle Banayo.mp3,Melina Rai,210,Sagar,Albatross,100.0,100.0,strong
melina rai|samjher timi,Melina Rai,Samjher Timi,264.0,1,Melina Rai - Samjher Timi.mp3,Melina Rai,752,Timi,Binit Shrestha,100.0,100.0,strong
melina rai|sangai jieune sangai marne,Melina Rai,Sangai Jieune Sangai Marne,237.0,1,Melina Rai - Sangai Jieune Sangai Marne.mp3,Melina Rai,3230,Sangai,Sareen Deoja,100.0,100.0,strong
melina rai|sindoor,Melina Rai,Sindoor,315.0,1,Melina Rai - Sindoor.mp3,Melina Rai,437,Dollor,"Arjan Pandey, Bidhya Tiwari, Mr RJ",61.5,100.0,weak
melina rai|siraima sirbandi,Melina Rai,Siraima Sirbandi,251.0,1,Melina Rai - Siraima Sirbandi.mp3,Melina Rai,2024,Shiraima Shirbandi,Melina Rai,94.1,100.0,strong
melina rai|tali,Melina Rai,Tali,358.0,1,Melina Rai - Tali.mp3,Melina Rai,517,Putali,Ashish Aviral |Eleena Chauhan,80.0,100.0,probable
melina rai|timi dekhi tadha banna,Melina Rai,Timi Dekhi Tadha Banna,301.0,1,Melina Rai - Timi Dekhi Tadha Banna.mp3,Melina Rai,623,Tadha tadha,Bachhu Kailash,100.0,100.0,strong
melina rai|timi sanga,Melina Rai,Timi Sanga,338.0,1,Melina Rai - Timi Sanga.mp3,Melina Rai,2890,Timi Sanga,Ram Krishna Dhakal,100.0,100.0,strong
melina rai|timilai samjhera,Melina Rai,Timilai Samjhera,267.0,1,Melina Rai - Timilai Samjhera.mp3,Melina Rai,1555,Timilai,James Shrestha,100.0,100.0,strong
melina rai|timile soche jasto,Melina Rai,Timile Soche Jasto,209.0,1,Melina Rai - Timile Soche Jasto.mp3,Melina Rai,3567,Timile,Sushant KC,100.0,100.0,strong
melina rai|timile ta birseu are,Melina Rai,Timile Ta Birseu Are,275.0,1,Melina Rai - Timile Ta Birseu Are.mp3,Melina Rai,3567,Timile,Sushant KC,100.0,100.0,strong
melina rai|timle bato fereu are,Melina Rai,Timle Bato Fereu Are,295.0,1,Melina Rai - Timle Bato Fereu Are.mp3,Melina Rai,1158,Timi Aaune Bato Ma,Diz Raj,63.2,100.0,weak
melina rai|timle bato fereu are 3,Melina Rai,Timle Bato Fereu Are 3,270.0,1,Melina Rai - Timle Bato Fereu Are 3.mp3,Melina Rai,1158,Timi Aaune Bato Ma,Diz Raj,60.0,100.0,weak
melina rai|timrai hatko sindur,Melina Rai,Timrai Hatko Sindur,302.0,1,Melina Rai - Timrai Hatko Sindur.mp3,Melina Rai,1634,Timrai hu,KAAL - 69,80.0,100.0,probable
melina rai|timro aakhama aakha judhai,Melina Rai,Timro Aakhama Aakha Judhai,281.0,1,Melina Rai - Timro Aakhama Aakha Judhai.mp3,Melina Rai,2127,Aakha Timro,Nabin K Bhattarai,100.0,100.0,strong
melina rai|timro chokho maya,Melina Rai,Timro Chokho Maya,345.0,1,Melina Rai - Timro Chokho Maya.mp3,Melina Rai,526,Maya,Ashutosh KC,100.0,100.0,strong
melina rai|timro saath paya vane ta,Melina Rai,Timro Saath Paya Vane Ta,273.0,1,Melina Rai - Timro Saath Paya Vane Ta.mp3,Melina Rai,3614,Ma Timro,Swoopna Suman,76.9,100.0,weak
melina rai|yastai ta hola maya,Melina Rai,Yastai Ta Hola Maya,289.0,1,Melina Rai - Yastai Ta Hola Maya.mp3,Melina Rai,526,Maya,Ashutosh KC,100.0,100.0,strong
melina rai|yi aakhama timi chhau,Melina Rai,Yi Aakhama Timi Chhau,178.0,1,Melina Rai - Yi Aakhama Timi Chhau.mp3,Melina Rai,2027,Yi Aakhama Timi Chhau,Melina Rai,100.0,100.0,strong
merina poudyal kunti moktan|badal pari chhetija,"Merina Poudyal, Kunti Moktan",Badal Pari Chhetija,349.0,1,"Merina Poudyal, Kunti Moktan - Badal Pari Chhetija.mp3",Kunti Moktan,270,Pari,Anil Singh,100.0,100.0,strong
mero lagita daiva pani|s,mero lagita daiva pani,nepali songs,380.0,1,mero lagita daiva pani - nepali songs.mp3,nepali song,154,Let's Rock,Adrian Pradhan,100.0,56.5,weak
mg king rap|s m d rap viten same like my location fulbari dhangadi my phone number 9822697874,MG KING RAP,S. M. D rap viten same like my location fulbari dhangadi my phone number=9822697874,249.0,1,S. M. D rap viten same like my location fulbari dhangadi my phone number=9822697874.m4a,Fulbari rapper,3555,Phone Ko No. ?,SUshant KC,62.5,58.3,none
micah the violinist|david vendetta feat micah the violinist yama layali buddha bar string mix,Micah The Violinist,David Vendetta Feat. Micah The Violinist - Yama Layali Buddha Bar String Mix,0.0,1,David Vendetta Feat. Micah The Violinist - Yama Layali Buddha Bar String Mix.m4a,Yama Buddha,4079,Saathi साथी Yama Buddha,Yama Buddha,64.7,60.0,none
milan lama|hiund lagyo darjeelingma,Milan Lama,Hiund Lagyo Darjeelingma,244.0,1,Hiund Lagyo Darjeelingma.m4a,Jhalko Lali Othako,143,Aago Lagyo,Adrian Pradhan,66.7,81.8,weak
milan newar rajan raj shiwakoti|timi uta ma yeta,"Milan Newar, Rajan Raj Shiwakoti",Timi Uta Ma Yeta,292.0,1,"Milan Newar, Rajan Raj Shiwakoti - Timi Uta Ma Yeta.mp3",Rajan Raj Shiwakoti,2055,Timi Uta Ma Yeta,"Milan Newar, Rajan Raj Shiwakoti",100.0,100.0,strong
mintu michael|hiya nepali lel maza dali,Mintu Michael,Hiya Nepali Lel Maza Dali,230.0,1,Mintu Michael - Hiya Nepali Lel Maza Dali.mp3,nepali,207,Nepali,Albatross,100.0,63.2,weak
mira rana ram thapa|ghintang ghintang joor,"Mira Rana, Ram Thapa",Ghintang Ghintang Joor,410.0,1,"Mira Rana, Ram Thapa - Ghintang Ghintang Joor.mp3",Ram Thapa,,,,55.2,100.0,weak
mistah k topic|pranghatak feat aidray duke,Mistah.K - Topic,Pranghatak (feat. Aidray & Duke),301.0,1,Pranghatak (feat. Aidray & Duke).m4a,Aidray Nepali rap,,,,59.1,55.2,none
mitho kachi|sajjan saal thi viya,Mitho Kachi,Sajjan Saal Thi Viya,334.0,1,Mitho Kachi - Sajjan Saal Thi Viya.mp3,Sajjan,1372,Sajjan Raj Vaidya - Sukumbaasi,Genius Romanizations,66.7,53.8,weak
mk97|anju pant maitighar,MK97,Anju Pant - Maitighar,0.0,1,Anju Pant - Maitighar.m4a,Maiti Ghar,,,,58.1,40.0,none
mk97|maitighar maitighar redux,MK97,Maitighar - Maitighar Redux,0.0,1,Maitighar - Maitighar Redux.mp3,Maiti Ghar,,,,57.1,40.0,none
mographayiti|legender ft lil john bob n will_g banks si rap se,MographAyiti,Legender ft Lil John Bob n' Will_G Banks - Si Rap Se,0.0,1,Legender ft Lil John Bob n' Will_G Banks - Si Rap Se.mp3,G-BOB Nepali rap,,,,46.5,52.2,none
mohammad salman khaskheli hussaini feat mohammad rizwan hussaini|sajjan jo milad,Mohammad Salman Khaskheli Hussaini feat. Mohammad Rizwan Hussaini,Sajjan Jo Milad,325.0,1,Mohammad Salman Khaskheli Hussaini feat. Mohammad Rizwan Hussaini - Sajjan Jo Milad.mp3,Sajjan,168,Samjhana Ma,Adrian Pradhan,61.5,48.2,none
mona galan nigma sherpa tek bhr chandra waiba|pugnesaile,"Mona Galan, Nigma Sherpa, Tek Bhr, Chandra Waiba",PugneSaile,303.0,1,"Mona Galan, Nigma Sherpa, Tek Bhr, Chandra Waiba - PugneSaile.mp3",SHERPA,422,Jai Ganesh Jai Ganesh,Anuradha Paudwal,60.0,70.6,none
monkey temple nepal|yesto kahile v 24,Monkey temple nepal,Yesto kahile (v.24),274.0,1,Monkey temple nepal - Yesto kahile (v.24).mp3,Monkey Temple,52,Kahile Kahile,1974 AD,100.0,100.0,strong
mr shanks|yama buddha sathi nepali lo fi chill mix mr shanks,Mr Shanks,Yama Buddha - Sathi Nepali LO-FI Chill Mix [Mr Shanks],0.0,1,Yama Buddha - Sathi Nepali LO-FI Chill Mix [Mr Shanks].m4a,Yama Buddha,207,Nepali,Albatross,100.0,66.7,weak
mr xorem|resham firiri akhai tirimiri edm mix version by mr xorem dance version djremix,Mr Xorem Remix,Resham firiri Akhai Tirimiri ( EDM MIX ) REMIX VERSION By Mr xorem 💥 Dance Version 2026 #djremix,331.0,1,Resham firiri Akhai Tirimiri ( EDM MIX ) REMIX VERSION By Mr xorem 💥 Dance Version 2026 #djremix.m4a,Resham Firiri,1650,Resham Firiri,Kali Prasad Baskota,100.0,76.9,probable
mrthakuri 2 0|resam firiri,MrThakuri 2.0,Resam Firiri | New Nepali Song 2026 | Resham Phirire | MrThakuri2.0 | Nepali Remix Song,244.0,1,Resam Firiri ｜ New Nepali Song 2026 ｜ Resham Phirire ｜ MrThakuri2.0 ｜ Nepali Remix Song.m4a,Resham Firiri,1650,Resham Firiri,Kali Prasad Baskota,96.0,54.5,weak
mugimustdiediediediedie|sacar d mi,mugimustdiediediediedie,sacar d mi,0.0,1,sacar d mi.m4a,Sacar,1199,Sacar Padhikari,Ease is Easy,66.7,37.2,weak
muhammad kaab akbar|dj drop hurung ercan bbhc ercan rimex,Muhammad Kaab Akbar,DJ DROP HURUNG ERCAN BBHC - ERCAN RIMEX,0.0,1,DJ DROP HURUNG ERCAN BBHC - ERCAN RIMEX.m4a,Ambar Gurung,,,,48.1,65.1,none
muhammad urs chandio|paaro sajjan jo mitho lage tho,Muhammad Urs Chandio,Paaro Sajjan Jo Mitho Lage Tho,395.0,1,Muhammad Urs Chandio - Paaro Sajjan Jo Mitho Lage Tho.mp3,Sajjan,1006,Mitho Mitho,Debanjali B Joshi and Saurabh Das From Nepali Movie Harry Ki Pyari,100.0,57.1,weak
mukesh nepali|nindiyo na aawe mal bina rat ke,Mukesh Nepali,Nindiyo Na Aawe Mal Bina Rat Ke,257.0,1,Mukesh Nepali - Nindiyo Na Aawe Mal Bina Rat Ke.mp3,Mukesh Nepali,565,Timi Bina,Astha Tamang Maskey,61.5,63.2,none
mukesh nepali|odani pa name mahakal ke,Mukesh Nepali,Odani Pa Name Mahakal Ke,203.0,1,Mukesh Nepali - Odani Pa Name Mahakal Ke.mp3,nepali,,,,57.9,63.2,none
mukesh nepali|pagali ke yaad me,Mukesh Nepali,Pagali Ke Yaad Me,253.0,1,Mukesh Nepali - Pagali Ke Yaad Me.mp3,nepali,2330,Ma Ta Pagal,Neetesh Jung Kunwar,64.3,63.2,none
mukti and revival|basanta udayo,Mukti And Revival,Basanta Udayo,217.0,1,Mukti And Revival - Basanta Udayo.mp3,Mukti and Revival,1626,Basanta,JPT Rockerz,100.0,100.0,strong
mukti and revival|basantapur,Mukti And Revival,Basantapur,326.0,1,Mukti And Revival - Basantapur.mp3,Mukti and Revival,1626,Basanta,JPT Rockerz,82.4,100.0,probable
mukti and revival|birano raataima,Mukti And Revival,Birano Raataima,308.0,1,Mukti And Revival - Birano Raataima.mp3,Mukti and Revival,1115,Birano,Dibesh Pokharel,100.0,100.0,strong
mukti and revival|bujhai deu,Mukti And Revival,Bujhai Deu,214.0,1,Mukti And Revival - Bujhai Deu.mp3,Mukti and Revival,3149,Bujhideu,Samir Shrestha,88.9,100.0,probable
mukti and revival|dui char dinko la hai bari,Mukti And Revival,Dui Char Dinko (La Hai Bari),233.0,1,Mukti And Revival - Dui Char Dinko (La Hai Bari).mp3,Mukti and Revival,840,La La La La,Bluesss,100.0,100.0,strong
mukti and revival|hera na hera kanchi,Mukti And Revival,Hera Na Hera Kanchi,392.0,1,Mukti And Revival - Hera Na Hera Kanchi.mp3,Mukti and Revival,1559,Kanchi,Jay Author,100.0,100.0,strong
mukti and revival|jindagiko modma,Mukti And Revival,Jindagiko Modma,270.0,1,Mukti And Revival - Jindagiko Modma.mp3,Mukti and Revival,3916,Jindagiko Goretoma,"Udit Narayan Jha, Sadhana Sargam and Aditya Narayan Jha from Nepali",78.8,100.0,probable
mukti and revival|jiune asha,Mukti And Revival,Jiune Asha,193.0,1,Mukti And Revival - Jiune Asha.mp3,Mukti and Revival,3166,Asha,Samriddhi Rai,100.0,100.0,strong
mukti and revival|kati kura,Mukti And Revival,Kati Kura,259.0,1,Mukti And Revival - Kati Kura.mp3,Mukti and Revival,2472,Kura,Oasis Thapa,100.0,100.0,strong
mukti and revival|khushi ka pal,Mukti And Revival,Khushi Ka Pal,256.0,1,Mukti And Revival - Khushi Ka Pal.mp3,Mukti and Revival,337,Zindagi Ka Sara Khushi,Anju Panta,81.8,100.0,probable
mukti and revival|ma sanga roi bascha,Mukti And Revival,Ma Sanga Roi Bascha,297.0,1,Mukti And Revival - Ma Sanga Roi Bascha.mp3,Mukti and Revival,3773,Ma,The Shadows 'Nepal',100.0,100.0,strong
mukti and revival|meri mayalu,Mukti And Revival,Meri Mayalu,234.0,1,Mukti And Revival - Meri Mayalu.mp3,Mukti and Revival,1204,Meri Mayalu,Echoes Valley,100.0,100.0,strong
mukti and revival|meri meri mayalu,Mukti And Revival,Meri Meri Mayalu,234.0,1,Mukti And Revival - Meri Meri Mayalu.mp3,Mukti and Revival,56,Mayalu Mayalu,1974 AD,100.0,100.0,strong
mukti and revival|nilo aakash,Mukti And Revival,Nilo Aakash,282.0,1,Mukti And Revival - Nilo Aakash.mp3,Mukti and Revival,1205,Nilo Nilo,Echoes Valley,100.0,100.0,strong
mukti and revival|rock n roll,Mukti And Revival,Rock N' Roll,228.0,1,Mukti And Revival - Rock N' Roll.mp3,Mukti and Revival,952,Rock N Roll,Cobweb,100.0,100.0,strong
mukti and revival|shiva anthem,Mukti And Revival,Shiva Anthem,338.0,1,Mukti And Revival - Shiva Anthem.mp3,Mukti and Revival,1170,Dona Anthem,Dona Thapa,70.6,100.0,weak
mukti and revival|timi nai ho jindagi,Mukti And Revival,Timi Nai Ho Jindagi,286.0,1,Mukti And Revival - Timi Nai Ho Jindagi.mp3,Mukti and Revival,752,Timi,Binit Shrestha,100.0,100.0,strong
mukti and revival|track 01,Mukti and Revival,Track 01,221.0,1,Mukti and Revival - Track 01.mp3,Mukti and Revival,3782,Rojdai Chu - Bonus Track,The Uglyz,76.9,100.0,weak
mukti and revival|track 03,Mukti and Revival,Track 03,205.0,1,Mukti and Revival - Track 03.mp3,Mukti and Revival,3782,Rojdai Chu - Bonus Track,The Uglyz,76.9,100.0,weak
mukti and revival|track 05,Mukti and Revival,Track 05,244.0,1,Mukti and Revival - Track 05.mp3,Mukti and Revival,3782,Rojdai Chu - Bonus Track,The Uglyz,76.9,100.0,weak
mukti and revival|track 06,Mukti and Revival,Track 06,251.0,1,Mukti and Revival - Track 06.mp3,Mukti and Revival,3782,Rojdai Chu - Bonus Track,The Uglyz,76.9,100.0,weak
mukti and revival|track 07,Mukti and Revival,Track 07,281.0,1,Mukti and Revival - Track 07.mp3,Mukti and Revival,3782,Rojdai Chu - Bonus Track,The Uglyz,76.9,100.0,weak
mukti and revival|track 08,Mukti and Revival,Track 08,246.0,1,Mukti and Revival - Track 08.mp3,Mukti and Revival,3782,Rojdai Chu - Bonus Track,The Uglyz,76.9,100.0,weak
mukti and revival|track 09,Mukti and Revival,Track 09,260.0,1,Mukti and Revival - Track 09.mp3,Mukti and Revival,3782,Rojdai Chu - Bonus Track,The Uglyz,76.9,100.0,weak
mukti and revival|wa maya wa,Mukti And Revival,Wa Maya Wa,227.0,1,Mukti And Revival - Wa Maya Wa.mp3,Mukti and Revival,526,Maya,Ashutosh KC,100.0,100.0,strong
munal bal|gumba dada,MUNAL BAL,GUMBA DADA,171.0,1,GUMBA DADA.m4a,Danda Ko Gumba,3707,Ma Audai Chu,The Axe,63.6,71.4,none
munazir husain nepali|noore ramzan noore rahman,Munazir Husain Nepali,Noore Ramzan Noore Rahman,373.0,1,Munazir Husain Nepali - Noore Ramzan Noore Rahman.mp3,nepali,,,,59.5,64.7,none
munna nepali|ab na lagaib kajarawa,Munna Nepali,Ab Na Lagaib Kajarawa,171.0,1,Munna Nepali - Ab Na Lagaib Kajarawa.mp3,nepali,,,,58.8,72.0,none
munna nepali|ban jabhoa hamar,Munna Nepali,Ban Jabhoa Hamar,235.0,1,Munna Nepali - Ban Jabhoa Hamar.mp3,nepali,3593,Badnam Bhai,Swaroop Raj Acharya,66.7,72.0,weak
munna nepali|chape sletar dhake hamaro bhatar,Munna Nepali,Chape Sletar Dhake Hamaro Bhatar,217.0,1,Munna Nepali - Chape Sletar Dhake Hamaro Bhatar.mp3,nepali,3260,Chalechha Batas Sustari,Shambhu Rai,61.8,72.0,none
munna nepali|holiya me baigan chalawta kam,Munna Nepali,Holiya Me Baigan Chalawta Kam,243.0,1,Munna Nepali - Holiya Me Baigan Chalawta Kam.mp3,nepali,1697,Kaha Hola Ghara Bara,Karma Band,61.2,72.0,none
munna nepali|holiya me maja le le hole hole,Munna Nepali,Holiya Me Maja Le Le Hole Hole,211.0,1,Munna Nepali - Holiya Me Maja Le Le Hole Hole.mp3,nepali,3420,Maya Le Boleko Boli Mitho Bho,Sugam Pokharel and Nikita Thapa from Nepali Movie KARKHANA,66.7,72.0,weak
munna nepali|ke dilet kari na ji,Munna Nepali,2020 Ke Dilet Kari Na Ji,233.0,1,Munna Nepali - 2020 Ke Dilet Kari Na Ji.mp3,nepali,195,Gari Khana Deu,Albatross,60.6,72.0,none
munna nepali|lalki chunariya chadhe lagal,Munna Nepali,Lalki Chunariya Chadhe Lagal,246.0,1,Munna Nepali - Lalki Chunariya Chadhe Lagal.mp3,nepali,2853,Chari Le Ta Chadera Gaigayo,Ram Krishna Dhakal,65.5,72.0,weak
munna nepali|mangani khana ta marel biya saat barni,Munna Nepali,Mangani Khana Ta Marel Biya Saat Barni,245.0,1,Munna Nepali - Mangani Khana Ta Marel Biya Saat Barni.mp3,nepali,,,,58.0,72.0,none
munna nepali|mare bhatara upara se humach ke,Munna Nepali,Mare Bhatara Upara Se Humach Ke,257.0,1,Munna Nepali - Mare Bhatara Upara Se Humach Ke.mp3,nepali,,,,59.3,72.0,none
munna nepali|sun draiver mor balamuwa,Munna Nepali,Sun Draiver Mor Balamuwa,269.0,1,Munna Nepali - Sun Draiver Mor Balamuwa.mp3,nepali,1892,Rap Sun Tero Bau Ko,Mahesh Dong,60.5,72.0,none
music king nepal|yama buddha allarey thita,Music King Nepal,Yama Buddha Allarey Thita,0.0,1,Yama Buddha Allarey Thita.m4a,Yama Buddha,792,Allarey Maya,Bipul Chettry,73.7,71.4,weak
music king nepal|yama buddha sapana,Music King Nepal,Yama Buddha Sapana,0.0,1,Yama Buddha Sapana.m4a,Yama Buddha,816,Sapana,Bishesh Silwal,100.0,71.4,weak
music lover|brick city nepali street rap anonymous who aid ray yama buddha nishan,Music Lover,Brick City // Nepali Street Rap // Anonymous Who // Aid Ray // Yama Buddha // Nishan,140.0,1,Brick City ⧸⧸ Nepali Street Rap ⧸⧸ Anonymous Who ⧸⧸ Aid Ray ⧸⧸ Yama Buddha ⧸⧸ Nishan.m4a,Aidray Nepali rap,207,Nepali,Albatross,100.0,71.4,weak
music memory|resham firiri_रेशम फिरीरी_hill boys,Music & Memory,Resham Firiri_रेशम फिरीरी_Hill Boys,376.0,1,Resham Firiri_रेशम फिरीरी_Hill Boys.m4a,Resham Firiri,2394,Resham,Nepathya,100.0,71.4,weak
music nepal dohori|झल्को लाली ओठको new nepali dohori milan lama vs ibsal sanjyal,Music nepal Live dohori,झल्को लाली ओठको // new nepali live dohori // milan lama vs ibsal sanjyal,181.0,1,झल्को लाली ओठको ⧸⧸ new nepali live dohori ⧸⧸ milan lama vs ibsal sanjyal.m4a,Jhalko Lali Othako,207,Nepali,Albatross,100.0,71.4,weak
music nepal|basanta nai basna khojchha,Music Nepal,Basanta Nai Basna Khojchha | Asha Bhosle | Maitighar | Nepali Movie Song,354.0,1,Basanta Nai Basna Khojchha ｜ Asha Bhosle ｜ Maitighar ｜ Nepali Movie Song.m4a,Maiti Ghar,509,Basanta Nai Basna Khojchha,Asha Bhosle,100.0,80.0,probable
music nepal|cycle chadhera,Music Nepal,Cycle chadhera,418.0,1,Cycle chadhera.m4a,Jhalko Lali Othako,2065,Dherai Dherai Maya Cha,Mira Rana,69.0,80.0,weak
music nepal|gurasai fulyo banaima गुराँसै फुल्यो वनैमा,Music Nepal,"Gurasai Fulyo Banaima ""गुराँसै फुल्यो वनैमा"" | 1974 AD | Lyrical Video With Guitar Chords",317.0,1,Gurasai Fulyo Banaima ＂गुराँसै फुल्यो वनैमा＂ ｜ 1974 AD ｜ Lyrical Video With Guitar Chords.m4a,Resham Firiri,44,Gurasai Fulyo,1974 AD,100.0,80.0,probable
music nepal|laaj ko lali,Music Nepal,Laaj Ko Lali | Udit Narayan | Namrata Shrestha | S.P Koirala | Alokshree | Romantic Nepali Song,335.0,1,Laaj Ko Lali ｜ Udit Narayan ｜ Namrata Shrestha ｜ S.P Koirala ｜ Alokshree ｜ Romantic Nepali Song.m4a,Jhalko Lali Othako,3870,Laajko Laali,Udit Narayan,75.0,80.0,weak
music nepal|ma prem ma she is the bomb dj raju,Music Nepal,Ma Prem Ma (She is the Bomb) - DJ Raju | Kranti & The Unity | Superhit Nepali Song,257.0,1,Ma Prem Ma (She is the Bomb) - DJ Raju ｜ Kranti & The Unity ｜ Superhit Nepali Song.m4a,Aidray Nepali rap,1778,Ma Prem Ma (She is the Bomb),Kranti Ale,100.0,80.0,probable
music nepal|paani khayo baghaile khadga garbuja,Music Nepal,Paani Khayo Baghaile - Khadga Garbuja | Nepali Song | Music Nepal Official,395.0,1,Paani Khayo Baghaile - Khadga Garbuja ｜ Nepali Song ｜ Music Nepal Official.m4a,Salaijo,,,,58.8,80.0,none
music nepal|pahilo maya asif featuirng the unity,Music Nepal,Pahilo Maya - Asif Featuirng The Unity | Nepali Superhit Song,234.0,1,Pahilo Maya - Asif Featuirng The Unity ｜ Nepali Superhit Song.m4a,Aidray Nepali rap,526,Maya,Ashutosh KC,100.0,80.0,probable
music nepal|salai jo balram pun krishna gurung bima kumari,Music Nepal,"Salai Jo - Balram Pun, Krishna Gurung, Bima Kumari",272.0,1,"Salai Jo - Balram Pun, Krishna Gurung, Bima Kumari.m4a",Salaijo,,,,53.1,80.0,none
music nepal|मन साईली man saili prashant tamang,Music Nepal,"""मन साईली"" Man Saili - Prashant Tamang | Keki Adhikari | Official Music Video | Nepali Song",246.0,1,＂मन साईली＂ Man Saili - Prashant Tamang ｜ Keki Adhikari ｜ Official Music Video ｜ Nepali Song.m4a,Sailo Ma Charghare,1494,Saili,Hemanta Rana,100.0,80.0,probable
music p ry an|sherpa,MUSIC P & RY.AN,Sherpa,387.0,1,MUSIC P & RY.AN - Sherpa.mp3,SHERPA,1339,Fuba Tamang - Vagera kaha Feat. Finjo Sherpa,Genius Romanizations,100.0,72.7,weak
music z|resham firiri vocal,Music Z,Resham Firiri (Vocal),337.0,1,Resham Firiri (Vocal).m4a,Resham Firiri,1650,Resham Firiri,Kali Prasad Baskota,100.0,83.3,probable
musicnme|chha gajal ji gajal classic newari song by fatte man rajbhandari,MUSICnMe,"Chha Gajal, Ji Gajal (Classic Newari Song) By Fatte Man Rajbhandari",0.0,1,"Chha Gajal, Ji Gajal (Classic Newari Song) By Fatte Man Rajbhandari.mp3",Fatteman Rajbhandari,3163,Pir Song,Samjhana Bhandari,66.7,60.0,weak
mysansar|gumba ko kasam tibetan,mysansar,Gumba Ko Kasam Tibetan,0.0,1,Gumba Ko Kasam Tibetan.m4a,Danda Ko Gumba,3437,Kasam Kasam,Sugam Pokhrel,100.0,61.5,weak
naasa band nepal|naasa maitighar,Naasa: Band Nepal,Naasa Maitighar cover,0.0,1,Naasa Maitighar cover.mp3,Maiti Ghar,1156,Mana Namana,Dixita Karki,61.5,76.9,none
nabin k bhattarai nepal|aaja pheri,"Nabin k Bhattarai, nepali song, nepal",Aaja pheri,245.0,1,"Nabin k Bhattarai, nepali song, nepal - Aaja pheri.mp3",nepali song,144,Aaja,Adrian Pradhan,100.0,100.0,strong
nabin k bhattarai|aai aai ya,Nabin K Bhattarai,Aai Aai Ya,152.0,1,Nabin K Bhattarai - Aai Aai Ya.mp3,Nabin K Bhattarai,370,Jaaniya,Ankit Tiwari,76.9,100.0,weak
nabin k bhattarai|aankhama,Nabin K Bhattarai,Aankhama,321.0,1,Nabin K Bhattarai - Aankhama.mp3,Nabin K Bhattarai,2964,Aankhama,Rohit John Chettri,100.0,100.0,strong
nabin k bhattarai|aankhama herain,Nabin K. Bhattarai,Aankhama Herain,195.0,1,Nabin K. Bhattarai - Aankhama Herain.mp3,Nabin K Bhattarai,2964,Aankhama,Rohit John Chettri,100.0,100.0,strong
nabin k bhattarai|aankhama timi lai,Nabin K Bhattarai,Aankhama Timi Lai,318.0,1,Nabin K Bhattarai - Aankhama Timi Lai.mp3,Nabin K Bhattarai,752,Timi,Binit Shrestha,100.0,100.0,strong
nabin k bhattarai|bachnalai sandhai,Nabin K Bhattarai,Bachnalai Sandhai,258.0,1,Nabin K Bhattarai - Bachnalai Sandhai.mp3,Nabin K Bhattarai,132,sadhai bhari,abhaya and the steam injuns & abhaya subba,75.9,100.0,weak
nabin k bhattarai|badnam bhayechhu ma,Nabin K. Bhattarai,Badnam Bhayechhu Ma,317.0,1,Nabin K. Bhattarai - Badnam Bhayechhu Ma.mp3,Nabin K Bhattarai,3773,Ma,The Shadows 'Nepal',100.0,100.0,strong
nabin k bhattarai|bajauda bajaudai,Nabin K Bhattarai,Bajauda Bajaudai,216.0,1,Nabin K Bhattarai - Bajauda Bajaudai.mp3,Nabin K Bhattarai,502,Udi Jau Bhane,Aruna Lama,62.1,100.0,weak
nabin k bhattarai|bajaunda bajaunda,Nabin K Bhattarai,Bajaunda Bajaunda,221.0,1,Nabin K Bhattarai - Bajaunda Bajaunda.mp3,Nabin K Bhattarai,1905,Basana,Manas Ghale,71.4,100.0,weak
nabin k bhattarai|banchnalai sadhain,Nabin K Bhattarai,Banchnalai Sadhain,258.0,1,Nabin K Bhattarai - Banchnalai Sadhain.mp3,Nabin K Bhattarai,2021,Sakdina Ma Bachna,Melina Rai,74.3,100.0,weak
nabin k bhattarai|bhetna man lagyo,Nabin K Bhattarai,Bhetna Man Lagyo,155.0,1,Nabin K Bhattarai - Bhetna Man Lagyo.mp3,Nabin K Bhattarai,986,Bhetna Man Lagcha Timilai,Dambar Nepali,76.9,100.0,weak
nabin k bhattarai|bhijeko najarle,Nabin K Bhattarai,Bhijeko Najarle,343.0,1,Nabin K Bhattarai - Bhijeko Najarle.mp3,Nabin K Bhattarai,3444,Mayale Boleko,Sugam Pokhrel,64.3,100.0,weak
nabin k bhattarai|bhujeko najar,Nabin K Bhattarai,Bhujeko Najar,341.0,1,Nabin K Bhattarai - Bhujeko Najar.mp3,Nabin K Bhattarai,1521,Lovi Najar,"Hukke X Urgen Dong, Deepika Bayambu Ft Sanjana Gurung & Sarmila Tamang",66.7,100.0,weak
nabin k bhattarai|bihani kiran,Nabin K Bhattarai,Bihani Kiran,134.0,1,Nabin K Bhattarai - Bihani Kiran.mp3,Nabin K Bhattarai,2132,Bihaniko Kiran Sangai,Nabin K Bhattarai,72.7,100.0,weak
nabin k bhattarai|biteka pal,Nabin K. Bhattarai,Biteka Pal,235.0,1,Nabin K. Bhattarai - Biteka Pal.mp3,Nabin K Bhattarai,139,Biteka Kurale,"Acoustic - Rocken Music, Deep Shrestha",78.3,100.0,probable
nabin k bhattarai|biteka ti pal haru,Nabin K Bhattarai,Biteka Ti Pal Haru,238.0,1,Nabin K Bhattarai - Biteka Ti Pal Haru.mp3,Nabin K Bhattarai,3927,Ti Mitha Pal,Uglyz,73.3,100.0,weak
nabin k bhattarai|chahana hoina,Nabin K Bhattarai,Chahana Hoina,157.0,1,Nabin K Bhattarai - Chahana Hoina.mp3,Nabin K Bhattarai,2921,Chahana,Ray Mec,100.0,100.0,strong
nabin k bhattarai|chhaina joon kina,Nabin K Bhattarai,Chhaina Joon Kina,225.0,1,Nabin K Bhattarai - Chhaina Joon Kina.mp3,Nabin K Bhattarai,194,Chhaina,Albatross,100.0,100.0,strong
nabin k bhattarai|dar namannu,Nabin K. Bhattarai,Dar Namannu,210.0,1,Nabin K. Bhattarai - Dar Namannu.mp3,Nabin K Bhattarai,1111,Aadha Mann,Dhoje,66.7,100.0,weak
nabin k bhattarai|darr na mannu,Nabin K Bhattarai,Darr Na Mannu,213.0,1,Nabin K Bhattarai - Darr Na Mannu.mp3,Nabin K Bhattarai,206,Manav Nai Danav,Albatross,64.3,100.0,weak
nabin k bhattarai|dherai dherai,Nabin K Bhattarai,Dherai Dherai,182.0,1,Nabin K Bhattarai - Dherai Dherai.mp3,Nabin K Bhattarai,2061,Dherai Dherai,Mingma Sherpa,100.0,100.0,strong
nabin k bhattarai|din bityo hera,Nabin k Bhattarai,Din bityo hera,151.0,1,Nabin k Bhattarai - Din bityo hera.mp3,Nabin K Bhattarai,419,Din,Anuprastha,100.0,100.0,strong
nabin k bhattarai|din hos ya raat,Nabin K Bhattarai,Din Hos Ya Raat,183.0,1,Nabin K Bhattarai - Din Hos Ya Raat.mp3,Nabin K Bhattarai,419,Din,Anuprastha,100.0,100.0,strong
nabin k bhattarai|dobato,Nabin K. Bhattarai,Dobato,243.0,1,Nabin K. Bhattarai - Dobato.mp3,Nabin K Bhattarai,2857,Daiba Tero,Ram Krishna Dhakal,62.5,100.0,weak
nabin k bhattarai|eakantama,Nabin K Bhattarai,Eakantama,182.0,1,Nabin K Bhattarai - Eakantama.mp3,Nabin K Bhattarai,1693,Ekantama,Karma Band,94.1,100.0,strong
nabin k bhattarai|fikka fikka cha,Nabin K. Bhattarai,Fikka Fikka Cha,199.0,1,Nabin K. Bhattarai - Fikka Fikka Cha.mp3,Nabin K Bhattarai,2109,Akkha Cha,Mr. D,77.8,100.0,weak
nabin k bhattarai|g major,Nabin K Bhattarai,G Major,253.0,1,Nabin K Bhattarai - G Major.mp3,Nabin K Bhattarai,,,,55.6,100.0,weak
nabin k bhattarai|har din kasaiko,Nabin K Bhattarai,Har Din Kasaiko,282.0,1,Nabin K Bhattarai - Har Din Kasaiko.mp3,Nabin K Bhattarai,419,Din,Anuprastha,100.0,100.0,strong
nabin k bhattarai|har ghadi jiskirahanchhu,Nabin K Bhattarai,Har Ghadi Jiskirahanchhu,163.0,1,Nabin K Bhattarai - Har Ghadi Jiskirahanchhu.mp3,Nabin K Bhattarai,1979,Ghadi,Mc Flo,100.0,100.0,strong
nabin k bhattarai|har ghadi jiskirahanchu,Nabin K Bhattarai,Har Ghadi Jiskirahanchu,327.0,1,Nabin K Bhattarai - Har Ghadi Jiskirahanchu (2).mp3,Nabin K Bhattarai,1979,Ghadi,Mc Flo,100.0,100.0,strong
nabin k bhattarai|jalnu jati,Nabin K Bhattarai,Jalnu Jati,269.0,1,Nabin K Bhattarai - Jalnu Jati.mp3,Nabin K Bhattarai,1433,Gajalu Ti,Gulam Ali Khan,73.7,100.0,weak
nabin k bhattarai|je bho,Nabin K Bhattarai,Je Bho,331.0,1,Nabin K Bhattarai - Je Bho.mp3,Nabin K Bhattarai,1210,Juinalai Garo Bho,Edge Band,66.7,100.0,weak
nabin k bhattarai|jeevanma khusi,Nabin K Bhattarai,Jeevanma Khusi,141.0,1,Nabin K Bhattarai - Jeevanma Khusi.mp3,Nabin K Bhattarai,500,Udash Mero Jeevan,Aruna Lama,64.5,100.0,weak
nabin k bhattarai|jindagi bageko khola,Nabin K Bhattarai,Jindagi Bageko Khola,164.0,1,Nabin K Bhattarai - Jindagi Bageko Khola.mp3,Nabin K Bhattarai,85,Yo Jindagi,1974ad,82.4,100.0,probable
nabin k bhattarai|joonma hunchhou timi,Nabin K. Bhattarai,Joonma Hunchhou Timi,311.0,1,Nabin K. Bhattarai - Joonma Hunchhou Timi.mp3,Nabin K Bhattarai,752,Timi,Binit Shrestha,100.0,100.0,strong
nabin k bhattarai|kamana,Nabin K Bhattarai,Kamana,273.0,1,Nabin K Bhattarai - Kamana.mp3,Nabin K Bhattarai,4029,Kaamanaa,Yabesh Thapa,85.7,100.0,probable
nabin k bhattarai|kasto rahecha bato,Nabin K Bhattarai,Kasto Rahecha Bato,270.0,1,Nabin K Bhattarai - Kasto Rahecha Bato.mp3,Nabin K Bhattarai,1017,Kasto Rahecha Jiwan Mero,Deep Shrestha,83.9,100.0,probable
nabin k bhattarai|khushi umanga,Nabin K Bhattarai,Khushi Umanga,206.0,1,Nabin K Bhattarai - Khushi Umanga (2).mp3,Nabin K Bhattarai,4159,Sara Khushi,सारा खुशी Adrian Pradhan,75.0,100.0,weak
nabin k bhattarai|khushiyali ajhaie,Nabin K. Bhattarai,Khushiyali Ajhaie,319.0,1,Nabin K. Bhattarai - Khushiyali Ajhaie.mp3,Nabin K Bhattarai,4050,Khusiyali Chayo,Yam Baral,75.0,100.0,weak
nabin k bhattarai|ma maya laudina,Nabin k Bhattarai,Ma maya laudina,218.0,1,Nabin k Bhattarai - Ma maya laudina.mp3,Nabin K Bhattarai,2138,Ma Maya Laudina,Nabin K Bhattarai,100.0,100.0,strong
nabin k bhattarai|ma maya laundina,Nabin K. Bhattarai,Ma Maya Laundina,219.0,1,Nabin K. Bhattarai - Ma Maya Laundina.mp3,Nabin K Bhattarai,12,Maya Ma,,100.0,100.0,strong
nabin k bhattarai|ma roun kasari,Nabin K Bhattarai,Ma Roun Kasari,201.0,1,Nabin K Bhattarai - Ma Roun Kasari.mp3,Nabin K Bhattarai,3773,Ma,The Shadows 'Nepal',100.0,100.0,strong
nabin k bhattarai|ma ta jiudai chu,Nabin K Bhattarai,Ma Ta Jiudai Chu,200.0,1,Nabin K Bhattarai - Ma Ta Jiudai Chu.mp3,Nabin K Bhattarai,3773,Ma,The Shadows 'Nepal',100.0,100.0,strong
nabin k bhattarai|maila timilai chahera,Nabin K Bhattarai,Maila Timilai Chahera,184.0,1,Nabin K Bhattarai - Maila Timilai Chahera.mp3,Nabin K Bhattarai,1555,Timilai,James Shrestha,100.0,100.0,strong
nabin k bhattarai|maun hunchhu timilai dekhada,Nabin K. Bhattarai,Maun Hunchhu Timilai Dekhada,201.0,1,Nabin K. Bhattarai - Maun Hunchhu Timilai Dekhada.mp3,Nabin K Bhattarai,1555,Timilai,James Shrestha,100.0,100.0,strong
nabin k bhattarai|mayako kura,Nabin K Bhattarai,Mayako Kura,290.0,1,Nabin K Bhattarai - Mayako Kura.mp3,Nabin K Bhattarai,2472,Kura,Oasis Thapa,100.0,100.0,strong
nabin k bhattarai|mayako teko,Nabin K Bhattarai,Mayako Teko,197.0,1,Nabin K Bhattarai - Mayako Teko.mp3,Nabin K Bhattarai,136,Mayako Suruwat,"Abhinaya Yadav, Anju Panta",70.6,100.0,weak
nabin k bhattarai|mero kathmandu,Nabin K. Bhattarai,Mero Kathmandu,256.0,1,Nabin K. Bhattarai - Mero Kathmandu (2).mp3,Nabin K Bhattarai,880,Kathmandu,Catch 22,100.0,100.0,strong
nabin k bhattarai|mero lagi,Nabin K Bhattarai,Mero Lagi,195.0,1,Nabin K Bhattarai - Mero Lagi.mp3,Nabin K Bhattarai,948,Mero Lagi,Cobweb,100.0,100.0,strong
nabin k bhattarai|mero saath,Nabin K Bhattarai,Mero Saath,227.0,1,Nabin K Bhattarai - Mero Saath.mp3,Nabin K Bhattarai,3446,Mero Sansar,Sugam Pokhrel,76.2,100.0,weak
nabin k bhattarai|million faces,Nabin K. Bhattarai,Million Faces,190.0,1,Nabin K. Bhattarai - Million Faces (2).mp3,Nabin K Bhattarai,,,,57.1,100.0,weak
nabin k bhattarai|pet michi michi,Nabin K Bhattarai,Pet Michi Michi,175.0,1,Nabin K Bhattarai - Pet Michi Michi.mp3,Nabin K Bhattarai,,,,58.8,100.0,weak
nabin k bhattarai|prayatna,Nabin K. Bhattarai,Prayatna,274.0,1,Nabin K. Bhattarai - Prayatna.mp3,Nabin K Bhattarai,402,PARAANA,"Anmol KC, Suhana Thapa",80.0,100.0,probable
nabin k bhattarai|preet ka geet,Nabin K Bhattarai,Preet Ka Geet,312.0,1,Nabin K Bhattarai - Preet Ka Geet.mp3,Nabin K Bhattarai,2449,Hit Geet,Nischal Basnet,66.7,100.0,weak
nabin k bhattarai|pritka,Nabin K. Bhattarai,Pritka,312.0,1,Nabin K. Bhattarai - Pritka.mp3,Nabin K Bhattarai,1043,Priya,Deepak Bajracharya,72.7,100.0,weak
nabin k bhattarai|pritko geet,Nabin k Bhattarai,Pritko geet,206.0,1,Nabin k Bhattarai - Pritko geet.mp3,Nabin K Bhattarai,2449,Hit Geet,Nischal Basnet,73.7,100.0,weak
nabin k bhattarai|raat bityo,Nabin K. Bhattarai,Raat Bityo,155.0,1,Nabin K. Bhattarai - Raat Bityo.mp3,Nabin K Bhattarai,2141,Raat bityo,Nabin K Bhattarai,100.0,100.0,strong
nabin k bhattarai|raharai raharama,Nabin K Bhattarai,Raharai Raharama,327.0,1,Nabin K Bhattarai - Raharai Raharama.mp3,Nabin K Bhattarai,2142,Raharai Rahar Ma,Nabin K Bhattarai,81.2,100.0,probable
nabin k bhattarai|raharai raharma,Nabin K Bhattarai,Raharai Raharma,191.0,1,Nabin K Bhattarai - Raharai Raharma.mp3,Nabin K Bhattarai,2142,Raharai Rahar Ma,Nabin K Bhattarai,83.9,100.0,probable
nabin k bhattarai|rakhi deu hai,Nabin K Bhattarai,Rakhi Deu Hai,260.0,1,Nabin K Bhattarai - Rakhi Deu Hai.mp3,Nabin K Bhattarai,1639,Heri Rahana Deu,Kali Prasad Baskota,71.4,100.0,weak
nabin k bhattarai|rakhnu galti,Nabin K Bhattarai,Rakhnu Galti,180.0,1,Nabin K Bhattarai - Rakhnu Galti.mp3,Nabin K Bhattarai,893,Galti,Chhewang Lama,100.0,100.0,strong
nabin k bhattarai|ramjham shanjhama,Nabin K. Bhattarai,Ramjham Shanjhama,245.0,1,Nabin K. Bhattarai - Ramjham Shanjhama.mp3,Nabin K Bhattarai,2144,sanjha pakha,nabin k bhattarai,69.0,100.0,weak
nabin k bhattarai|rojeko timilai,Nabin K Bhattarai,Rojeko Timilai,166.0,1,Nabin K Bhattarai - Rojeko Timilai.mp3,Nabin K Bhattarai,1555,Timilai,James Shrestha,100.0,100.0,strong
nabin k bhattarai|saayad,Nabin K Bhattarai,Saayad,274.0,1,Nabin K Bhattarai - Saayad.mp3,Nabin K Bhattarai,3778,Saayad,The Shadows 'Nepal',100.0,100.0,strong
nabin k bhattarai|sabhya chau timi,Nabin K Bhattarai,Sabhya Chau Timi,171.0,1,Nabin K Bhattarai - Sabhya Chau Timi.mp3,Nabin K Bhattarai,752,Timi,Binit Shrestha,100.0,100.0,strong
nabin k bhattarai|sacho kura,Nabin K Bhattarai,Sacho Kura,182.0,1,Nabin K Bhattarai - Sacho Kura.mp3,Nabin K Bhattarai,2472,Kura,Oasis Thapa,100.0,100.0,strong
nabin k bhattarai|sagarko gahirai,Nabin K Bhattarai,Sagarko Gahirai,292.0,1,Nabin K Bhattarai - Sagarko Gahirai.mp3,Nabin K Bhattarai,3507,Sagar Jhai Gahiro,Sunil Upreti,81.2,100.0,probable
nabin k bhattarai|samjhana timro,Nabin K Bhattarai,Samjhana Timro,203.0,1,Nabin K Bhattarai - Samjhana Timro.mp3,Nabin K Bhattarai,903,Samjhana Timro,Chhewang Lama,100.0,100.0,strong
nabin k bhattarai|sanjha dhaldaichha,Nabin K Bhattarai,Sanjha Dhaldaichha,219.0,1,Nabin K Bhattarai - Sanjha Dhaldaichha.mp3,Nabin K Bhattarai,2133,Din Dhalcha Sanjha Parcha,Nabin K Bhattarai,74.4,100.0,weak
nabin k bhattarai|tan diye mann diye,Nabin K. Bhattarai,Tan Diye Mann Diye,174.0,1,Nabin K. Bhattarai - Tan Diye Mann Diye.mp3,Nabin K Bhattarai,772,Mann,Bipul Chettri,100.0,100.0,strong
nabin k bhattarai|timi hau,Nabin K Bhattarai,Timi Hau,265.0,1,Nabin K Bhattarai - Timi Hau.mp3,Nabin K Bhattarai,140,Timi Nai Hau,"Acoustic - Rocken Music, Sabin Rai",100.0,100.0,strong
nabin k bhattarai|timi malai,Nabin K Bhattarai,Timi Malai,207.0,1,Nabin K Bhattarai - Timi Malai.mp3,Nabin K Bhattarai,113,Timi Aaunu Malai Bhetna,Aastha Band,100.0,100.0,strong
nabin k bhattarai|timilai bhetne,Nabin K Bhattarai,Timilai Bhetne,185.0,1,Nabin K Bhattarai - Timilai Bhetne.mp3,Nabin K Bhattarai,1555,Timilai,James Shrestha,100.0,100.0,strong
nabin k bhattarai|timile herda,Nabin K Bhattarai,Timile Herda,207.0,1,Nabin K Bhattarai - Timile Herda.mp3,Nabin K Bhattarai,2147,Timile herda kasailai,Nabin K Bhattarai,100.0,100.0,strong
nabin k bhattarai|timro mayale,Nabin K Bhattarai,Timro Mayale,284.0,1,Nabin K Bhattarai - Timro Mayale.mp3,Nabin K Bhattarai,1833,Timro Mayale,Kunti Moktan,100.0,100.0,strong
nabin k bhattarai|timro nasha,Nabin K Bhattarai,Timro Nasha,215.0,1,Nabin K Bhattarai - Timro Nasha.mp3,Nabin K Bhattarai,906,Timro Naam,Chhewang Lama,85.7,100.0,probable
nabin k bhattarai|yaad aauncha timro,Nabin K Bhattarai,Yaad Aauncha Timro,260.0,1,Nabin K Bhattarai - Yaad Aauncha Timro.mp3,Nabin K Bhattarai,907,Timro Yaad,Chhewang Lama,100.0,100.0,strong
nabin k bhattarai|yaad le timro,Nabin K Bhattarai,Yaad Le Timro,202.0,1,Nabin K Bhattarai - Yaad Le Timro.mp3,Nabin K Bhattarai,329,Satauchha Timro Yaad Le,Anju Panta,100.0,100.0,strong
nabin k bhattarai|yaddle timro malai satauchha,Nabin k Bhattarai,yaddle timro malai satauchha,191.0,1,Nabin k Bhattarai - yaddle timro malai satauchha.mp3,Nabin K Bhattarai,329,Satauchha Timro Yaad Le,Anju Panta,82.4,100.0,probable
nabin k bhattarai|yadi maile guitar,Nabin K Bhattarai,Yadi Maile Guitar,294.0,1,Nabin K Bhattarai - Yadi Maile Guitar.mp3,Nabin K Bhattarai,1139,Maile Maya Garna,Dipak Limbu,72.7,100.0,weak
nabin k bhattarai|ye jhari,Nabin K Bhattarai,Ye Jhari,347.0,1,Nabin K Bhattarai - Ye Jhari.mp3,Nabin K Bhattarai,1985,Jhari,Mc Flo,100.0,100.0,strong
nabin k bhattarai|yedi maile guitar,Nabin K. Bhattarai,Yedi Maile Guitar,292.0,1,Nabin K. Bhattarai - Yedi Maile Guitar.mp3,Nabin K Bhattarai,2539,Yedi,Piroo x Shike x Elvin,100.0,100.0,strong
nabin k bhattarai|yeti dherai maya nabin k bha,Nabin k Bhattarai,Yeti Dherai Maya [Nabin K. Bha,265.0,1,Nabin k Bhattarai - Yeti Dherai Maya [Nabin K. Bha.mp3,Nabin K Bhattarai,526,Maya,Ashutosh KC,100.0,100.0,strong
nabin k bhattarai|yo lamo raat,Nabin K Bhattarai,Yo Lamo Raat,216.0,1,Nabin K Bhattarai - Yo Lamo Raat.mp3,Nabin K Bhattarai,2152,Yo Laamo Raat,Nabin K Bhattarai,96.0,100.0,strong
nabin luitel|amber gurung final report nabin luitel radio sagrmatha 02 25 mp3,Nabin Luitel,"Amber Gurung Final Report , Nabin Luitel @radio Sagrmatha 02 - 25.MP3",0.0,1,"Amber Gurung Final Report , Nabin Luitel @radio Sagrmatha 02 - 25.MP3.mp3",Ambar Gurung,,,,50.0,66.7,none
nacional records|ana tijoux sacar la voz feat jorge drexler,Nacional Records,Ana Tijoux - Sacar La Voz (feat. Jorge Drexler),0.0,1,Ana Tijoux - Sacar La Voz (feat. Jorge Drexler).m4a,Sacar,840,La La La La,Bluesss,100.0,51.9,weak
nadeem haider|changa sajjan,Nadeem Haider,Changa Sajjan,243.0,1,Nadeem Haider - Changa Sajjan.mp3,Sajjan,1286,Sujan Chapagain,Gala Pukka - Ma Fakauchu Bhanera Hola,71.4,55.2,weak
nakkali nani|rajesh lama feat mala limbunew nepali pop song,Nakkali Nani,Rajesh Lama Feat. Mala LimbuNew Nepali Pop Song,333.0,1,Nakkali Nani - Rajesh Lama Feat. Mala LimbuNew Nepali Pop Song.mp3,nepali pop song,207,Nepali,Albatross,100.0,66.7,weak
nango manchay|fractal sunrise original mix,Nango Manchay,Fractal Sunrise (Original Mix),296.0,1,Nango Manchay - Fractal Sunrise (Original Mix).mp3,Nango Manchay,,,,52.8,61.5,none
nar bahadur nepali bindu sharma|oi sajani,"Nar Bahadur Nepali, Bindu Sharma",Oi Sajani,323.0,1,"Nar Bahadur Nepali, Bindu Sharma - Oi Sajani.mp3",Nar Bahadur Nepali,68,Saani Ko,1974 AD,82.4,100.0,probable
nar bahadur nepali|kaha jai tho,Nar Bahadur Nepali,Kaha Jai Tho,207.0,1,Nar Bahadur Nepali - Kaha Jai Tho.mp3,nepali,1696,Kaha Hola Ghar,Karma Band,69.2,68.6,weak
narayan gopal aasha bhosle|maya ta maya,"Narayan Gopal, Aasha Bhosle",Maya ta Maya,310.0,1,"Narayan Gopal, Aasha Bhosle - Maya ta Maya.mp3",Narayan Gopal,13,Maya ta yesto hosh,,100.0,100.0,strong
narayan gopal aasha bhosle|mohani laglahai,"Narayan Gopal, Aasha Bhosle",Mohani Laglahai,317.0,1,"Narayan Gopal, Aasha Bhosle - Mohani Laglahai.mp3",Narayan Gopal,1864,Mohani,Lil Buddha & Milan,100.0,100.0,strong
narayan gopal aasha bhosle|pahadako mathi mathi,"Narayan Gopal, Aasha Bhosle",Pahadako Mathi Mathi,303.0,1,"Narayan Gopal, Aasha Bhosle - Pahadako Mathi Mathi.mp3",Narayan Gopal,2270,Pahadko Mathi Mathi,"Narayan Gopal, Asha Bhosle",96.3,100.0,strong
narayan gopal aasha bhosle|pahadko maathi maathi,"Narayan Gopal, Aasha Bhosle",Pahadko Maathi Maathi,303.0,1,"Narayan Gopal, Aasha Bhosle - Pahadko Maathi Maathi.mp3",Narayan Gopal,2270,Pahadko Mathi Mathi,"Narayan Gopal, Asha Bhosle",96.3,100.0,strong
narayan gopal aruna lama|jeevanko harek modama,"Narayan Gopal, Aruna Lama",Jeevanko Harek Modama,192.0,1,"Narayan Gopal, Aruna Lama - Jeevanko Harek Modama.mp3",Narayan Gopal,2268,Jiwanko Harek Modama,"Narayan Gopal, Aruna Lama",87.8,100.0,probable
narayan gopal asha bhosle|mohani lagla hai,"Narayan Gopal, Asha Bhosle",Mohani lagla hai,336.0,1,"Narayan Gopal, Asha Bhosle - Mohani lagla hai.mp3",Narayan Gopal,2223,Mohani Lagla Hai,Narayan Gopal,100.0,100.0,strong
narayan gopal asha bhosle|pahad ko mathi mat,Narayan Gopal & Asha Bhosle,Pahad Ko Mathi Mat..,312.0,1,Narayan Gopal & Asha Bhosle - Pahad Ko Mathi Mat.mp3,Narayan Gopal,2270,Pahadko Mathi Mathi,"Narayan Gopal, Asha Bhosle",71.0,100.0,weak
narayan gopal feat meera rana|mero jovan,Narayan Gopal Feat. Meera Rana,Mero Jovan,165.0,1,Narayan Gopal Feat. Meera Rana - Mero Jovan.mp3,Narayan Gopal,87,Mero Jiwan,2024,80.0,100.0,probable
narayan gopal gyanu rana|manchheko maya,"Narayan Gopal, Gyanu Rana",Manchheko Maya,191.0,1,"Narayan Gopal, Gyanu Rana - Manchheko Maya.mp3",Narayan Gopal,526,Maya,Ashutosh KC,100.0,100.0,strong
narayan gopal meera rana|aankhaima kasaiko,"Narayan Gopal, Meera Rana",Aankhaima Kasaiko,350.0,1,"Narayan Gopal, Meera Rana - Aankhaima Kasaiko.mp3",Narayan Gopal,485,Ma Aankhaima,Aruna Lama,85.7,100.0,probable
narayan gopal meera rana|aankham kasaka,"Narayan Gopal, Meera Rana",Aankham Kasaka,350.0,1,"Narayan Gopal, Meera Rana - Aankham Kasaka.mp3",Narayan Gopal,2129,Aankha maa,Nabin K Bhattarai,75.0,100.0,weak
narayan gopal meera rana|timi deu ya nadeu,"Narayan Gopal, Meera Rana",Timi Deu Ya Nadeu,186.0,1,"Narayan Gopal, Meera Rana - Timi Deu Ya Nadeu.mp3",Narayan Gopal,2242,Timi Deu Ya Nadeu,Narayan Gopal,100.0,100.0,strong
narayan gopal mira rana|aankhaima kasaiko,"Narayan Gopal, Mira Rana",Aankhaima Kasaiko,346.0,1,"Narayan Gopal, Mira Rana - Aankhaima Kasaiko.mp3",Narayan Gopal,485,Ma Aankhaima,Aruna Lama,85.7,100.0,probable
narayan gopal nepal|auta manche ko mayale ne,"narayan gopal, nepal","auta manche ko mayale ..., nepali song, ne",330.0,1,"narayan gopal, nepal - auta manche ko mayale ..., nepali song, ne.mp3",nepali song,1988,Manche,Mc Flo,100.0,100.0,strong
narayan gopal tara devi|aaja yoban,"Narayan Gopal, Tara Devi",Aaja Yoban,276.0,1,"Narayan Gopal, Tara Devi - Aaja Yoban.mp3",Narayan Gopal,144,Aaja,Adrian Pradhan,100.0,100.0,strong
narayan gopal tara devi|e kanchha thattaima,"Narayan Gopal, Tara Devi",E Kanchha Thattaima,212.0,1,"Narayan Gopal, Tara Devi - E Kanchha Thattaima.mp3",Narayan Gopal,2273,Eh Kancha Thattaima,"Narayan Gopal, Tara Devi",94.7,100.0,strong
narayan gopal timi deu ya nadeu duet|नारायणगोपाल टिमिदेउयानदेउडुएट,NARAYAN GOPAL 'TIMI DEU YA NADEU DUET',नारायणगोपाल 'टिमिदेउयानदेउडुएट',185.0,1,NARAYAN GOPAL 'TIMI DEU YA NADEU DUET' - नारायणगोपाल 'टिमिदेउयानदेउडुएट'.mp3,Narayan Gopal,,,,36.0,100.0,weak
narayan gopal|aaja ra rati,Narayan Gopal,Aaja Ra Rati,175.0,1,Narayan Gopal - Aaja Ra Rati.mp3,Narayan Gopal,2159,Aaja Ra Rati,Narayan Gopal,100.0,100.0,strong
narayan gopal|aajabholi harek sanjha,Narayan Gopal,Aajabholi Harek Sanjha,327.0,1,Narayan Gopal - Aajabholi Harek Sanjha.mp3,Narayan Gopal,2158,Aaja Bholi Harek Sanjh,Narayan Gopal,95.5,100.0,strong
narayan gopal|aakha chopee narou,Narayan Gopal,Aakha Chopee Narou,258.0,1,Narayan Gopal - Aakha Chopee Narou.mp3,Narayan Gopal,2163,Aankha Chhopi Narou Bhani,Narayan Gopal,74.4,100.0,weak
narayan gopal|aakha judhe ko kati bhyo,Narayan Gopal,Aakha Judhe Ko Kati Bhyo,290.0,1,Narayan Gopal - Aakha Judhe Ko Kati Bhyo.mp3,Narayan Gopal,1918,Kati Ho Kati,Manila Sotang,72.7,100.0,weak
narayan gopal|aakha ma aashu,Narayan Gopal,Aakha Ma Aashu,205.0,1,Narayan Gopal - Aakha Ma Aashu.mp3,Narayan Gopal,3773,Ma,The Shadows 'Nepal',100.0,100.0,strong
narayan gopal|aankha chhopi narou,Narayan Gopal,Aankha Chhopi Narou,336.0,1,Narayan Gopal - Aankha Chhopi Narou (2).mp3,Narayan Gopal,2163,Aankha Chhopi Narou Bhani,Narayan Gopal,100.0,100.0,strong
narayan gopal|aankhako bhaaka,Narayan Gopal,Aankhako Bhaaka,161.0,1,Narayan Gopal - Aankhako Bhaaka.mp3,Narayan Gopal,588,Aakhako Bato,B-8eight,74.1,100.0,weak
narayan gopal|badaliyo aakash,Narayan Gopal,Badaliyo Aakash,284.0,1,Narayan Gopal - Badaliyo Aakash.mp3,Narayan Gopal,1937,Aakash,Mantra Band,100.0,100.0,strong
narayan gopal|biratako chino,Narayan Gopal,Biratako Chino,322.0,1,Narayan Gopal - Biratako Chino (2).mp3,Narayan Gopal,2172,Biratako Chino,Narayan Gopal,100.0,100.0,strong
narayan gopal|birsera feri malaai,Narayan Gopal,Birsera Feri Malaai,208.0,1,Narayan Gopal - Birsera Feri Malaai.mp3,Narayan Gopal,145,Birsera malai,Adrian Pradhan,81.2,100.0,probable
narayan gopal|birsera feri malaya,Narayan Gopal,Birsera Feri Malaya,187.0,1,Narayan Gopal - Birsera Feri Malaya.mp3,Narayan Gopal,145,Birsera malai,Adrian Pradhan,75.0,100.0,weak
narayan gopal|chhekera chhekinan,Narayan Gopal,Chhekera Chhekinan,287.0,1,Narayan Gopal - Chhekera Chhekinan.mp3,Narayan Gopal,3850,Chura Kina,Uday Sotang,64.3,100.0,weak
narayan gopal|chhori ko janma,Narayan Gopal,Chhori Ko Janma,294.0,1,Narayan Gopal - Chhori Ko Janma.mp3,Narayan Gopal,199,Jhhari ko Raat,Albatross,69.0,100.0,weak
narayan gopal|chinari hamro,Narayan Gopal,Chinari Hamro,204.0,1,Narayan Gopal - Chinari Hamro.mp3,Narayan Gopal,2173,Chinari Hamro,Narayan Gopal,100.0,100.0,strong
narayan gopal|dueta phul deuralima,Narayan Gopal,Dueta Phul Deuralima,269.0,1,Narayan Gopal - Dueta Phul Deuralima.mp3,Narayan Gopal,2175,Duita Phool Deurali Ma,Narayan Gopal,76.2,100.0,weak
narayan gopal|duita phool deurali ma,Narayan Gopal,Duita Phool Deurali Ma,270.0,1,Narayan Gopal - Duita Phool Deurali Ma.mp3,Narayan Gopal,2175,Duita Phool Deurali Ma,Narayan Gopal,100.0,100.0,strong
narayan gopal|eauta manchheko,Narayan Gopal,Eauta Manchheko,334.0,1,Narayan Gopal - Eauta Manchheko (2).mp3,Narayan Gopal,2259,Yeuta Manchheko,Narayan Gopal,93.3,100.0,strong
narayan gopal|euta manchhe ko mayale,Narayan Gopal,Euta Manchhe Ko Mayale,333.0,1,Narayan Gopal - Euta Manchhe Ko Mayale.mp3,Narayan Gopal,2272,Manchhe Ko Maya,"Narayan Gopal, Gyanu Rana",81.1,100.0,probable
narayan gopal|euta manchheko maya,Narayan Gopal,Euta Manchheko Maya,333.0,1,Narayan Gopal - Euta Manchheko Maya.mp3,Narayan Gopal,526,Maya,Ashutosh KC,100.0,100.0,strong
narayan gopal|gahirai ma dubdai naduba,Narayan Gopal,Gahirai Ma Dubdai Naduba,271.0,1,Narayan Gopal - Gahirai Ma Dubdai Naduba.mp3,Narayan Gopal,3773,Ma,The Shadows 'Nepal',100.0,100.0,strong
narayan gopal|galti hajar,Narayan Gopal,Galti Hajar,182.0,1,Narayan Gopal - Galti Hajar.mp3,Narayan Gopal,2179,Galti Hajar,Narayan Gopal,100.0,100.0,strong
narayan gopal|janmera kokhama,Narayan Gopal,Janmera Kokhama,323.0,1,Narayan Gopal - Janmera Kokhama.mp3,Narayan Gopal,1135,Ma Jalera Kharani,Dipak Limbu,68.8,100.0,weak
narayan gopal|jeevan ko harek mod ma,NARAYAN GOPAL,JEEVAN KO HAREK MOD MA,190.0,1,NARAYAN GOPAL - JEEVAN KO HAREK MOD MA.mp3,Narayan Gopal,1155,Jeevan,Dixita Karki,100.0,100.0,strong
narayan gopal|jhareko paatjhain,Narayan Gopal,Jhareko Paatjhain,284.0,1,Narayan Gopal - Jhareko Paatjhain.mp3,Narayan Gopal,2182,Jhareko Paatjhain,Narayan Gopal,100.0,100.0,strong
narayan gopal|jharyo gindagi,Narayan Gopal,Jharyo Gindagi,227.0,1,Narayan Gopal - Jharyo Gindagi.mp3,Narayan Gopal,2184,Jharyo Jindagi,Narayan Gopal,92.9,100.0,strong
narayan gopal|jharyo jindagi,Narayan Gopal,Jharyo Jindagi,231.0,1,Narayan Gopal - Jharyo Jindagi.mp3,Narayan Gopal,2184,Jharyo Jindagi,Narayan Gopal,100.0,100.0,strong
narayan gopal|jun phool maile,Narayan Gopal,Jun Phool Maile,208.0,1,Narayan Gopal - Jun Phool Maile.mp3,Narayan Gopal,2186,Jun Phool Maile,Narayan Gopal,100.0,100.0,strong
narayan gopal|kahile kahin ma,Narayan Gopal,Kahile Kahin Ma,220.0,1,Narayan Gopal - Kahile Kahin Ma.mp3,Narayan Gopal,52,Kahile Kahile,1974 AD,100.0,100.0,strong
narayan gopal|kasari ma bhule,Narayan Gopal,Kasari Ma Bhule,267.0,1,Narayan Gopal - Kasari Ma Bhule.mp3,Narayan Gopal,2188,Kasari Ma Bhule,Narayan Gopal,100.0,100.0,strong
narayan gopal|kehi metho bat gara,Narayan Gopal,Kehi Metho Bat Gara,347.0,1,Narayan Gopal - Kehi Metho Bat Gara.mp3,Narayan Gopal,2192,Kehi Mitho Baat Gara,Narayan Gopal,92.3,100.0,strong
narayan gopal|kehi mitho baat gara,Narayan Gopal,Kehi Mitho Baat Gara,338.0,1,Narayan Gopal - Kehi Mitho Baat Gara (2).mp3,Narayan Gopal,2192,Kehi Mitho Baat Gara,Narayan Gopal,100.0,100.0,strong
narayan gopal|kehi mitho batagara,Narayan Gopal,Kehi Mitho Batagara,345.0,1,Narayan Gopal - Kehi Mitho Batagara.mp3,Narayan Gopal,1006,Mitho Mitho,Debanjali B Joshi and Saurabh Das From Nepali Movie Harry Ki Pyari,100.0,100.0,strong
narayan gopal|kulchera gayau sara,Narayan Gopal,Kulchera Gayau Sara,275.0,1,Narayan Gopal - Kulchera Gayau Sara.mp3,Narayan Gopal,,,,59.5,100.0,weak
narayan gopal|lau suna ma bhanchhu,Narayan Gopal,Lau Suna Ma Bhanchhu,162.0,1,Narayan Gopal - Lau Suna Ma Bhanchhu.mp3,Narayan Gopal,2290,Suna,Naren Limbu,100.0,100.0,strong
narayan gopal|ma kashari bhanu,Narayan Gopal,Ma Kashari Bhanu,194.0,1,Narayan Gopal - Ma Kashari Bhanu.mp3,Narayan Gopal,3773,Ma,The Shadows 'Nepal',100.0,100.0,strong
narayan gopal|maile punya man parayan,Narayan Gopal,Maile Punya Man Parayan,182.0,1,Narayan Gopal - Maile Punya Man Parayan.mp3,Narayan Gopal,2198,Maile Punya Man Paraye,Narayan Gopal,93.3,100.0,strong
narayan gopal|malai chhodi mero maya,Narayan Gopal,Malai Chhodi Mero Maya,279.0,1,Narayan Gopal - Malai Chhodi Mero Maya (3).mp3,Narayan Gopal,526,Maya,Ashutosh KC,100.0,100.0,strong
narayan gopal|malai jindagi yo lagchha,Narayan Gopal,Malai Jindagi Yo Lagchha,208.0,1,Narayan Gopal - Malai Jindagi Yo Lagchha.mp3,Narayan Gopal,85,Yo Jindagi,1974ad,100.0,100.0,strong
narayan gopal|malai maph garideu,Narayan Gopal,Malai Maph Garideu,177.0,1,Narayan Gopal - Malai Maph Garideu.mp3,Narayan Gopal,2203,Malai Maaf Garideu,Narayan Gopal,88.9,100.0,probable
narayan gopal|mandirma chhaki,Narayan Gopal,Mandirma Chhaki,377.0,1,Narayan Gopal - Mandirma Chhaki.mp3,Narayan Gopal,2208,Mandirma Cha Ki,Narayan Gopal,93.3,100.0,strong
narayan gopal|mata laliguras bhaye,Narayan Gopal,Mata Laliguras Bhaye,256.0,1,Narayan Gopal - Mata Laliguras Bhaye.mp3,Narayan Gopal,2209,Mata Laligurash Bhayechu,Narayan Gopal,90.9,100.0,strong
narayan gopal|maya garneko,Narayan Gopal,Maya Garneko,333.0,1,Narayan Gopal - Maya Garneko.mp3,Narayan Gopal,2210,Maya Garneko,Narayan Gopal,100.0,100.0,strong
narayan gopal|maya ko aadharma,Narayan Gopal,Maya Ko Aadharma,252.0,1,Narayan Gopal - Maya Ko Aadharma.mp3,Narayan Gopal,526,Maya,Ashutosh KC,100.0,100.0,strong
narayan gopal|mayako aadhar,Narayan Gopal,Mayako Aadhar,252.0,1,Narayan Gopal - Mayako Aadhar.mp3,Narayan Gopal,403,Aaha Maya,Annu Chaudhary,81.8,100.0,probable
narayan gopal|mera sabai raatharu,Narayan Gopal,Mera Sabai Raatharu,269.0,1,Narayan Gopal - Mera Sabai Raatharu.mp3,Narayan Gopal,2212,Mera Sabai Raat Aba,Narayan Gopal,78.9,100.0,probable
narayan gopal|mero aankhama,Narayan Gopal,Mero Aankhama,164.0,1,Narayan Gopal - Mero Aankhama.mp3,Narayan Gopal,2215,Mero Aankhama,Narayan Gopal,100.0,100.0,strong
narayan gopal|mero ankhalai rakhne fulbaari,Narayan Gopal,Mero Ankhalai Rakhne Fulbaari,171.0,1,Narayan Gopal - Mero Ankhalai Rakhne Fulbaari.mp3,Narayan Gopal,2217,Mero Ankha lai Rakhne fulbari chaina,Narayan Gopal,83.1,100.0,probable
narayan gopal|mero behoshi,Narayan Gopal,Mero Behoshi,247.0,1,Narayan Gopal - Mero Behoshi.mp3,Narayan Gopal,958,Behoshi,COD,100.0,100.0,strong
narayan gopal|mero behosi aaja,Narayan Gopal,Mero Behosi Aaja,254.0,1,Narayan Gopal - Mero Behosi Aaja.mp3,Narayan Gopal,2218,Mero Behosi Aaja,Narayan Gopal,100.0,100.0,strong
narayan gopal|mero geet,Narayan Gopal,Mero Geet,180.0,1,Narayan Gopal - Mero Geet.mp3,Narayan Gopal,2219,Mero Geet Merai Paratibimba Hoina,Narayan Gopal,100.0,100.0,strong
narayan gopal|mero yo geetma,Narayan Gopal,Mero Yo Geetma,174.0,1,Narayan Gopal - Mero Yo Geetma.mp3,Narayan Gopal,507,Yo Man Mero,Aruna Lama,80.0,100.0,probable
narayan gopal|music,Narayan Gopal,Music,279.0,1,Narayan Gopal - Music.mp3,Narayan Gopal,373,Musafir,Ankit Tiwari,66.7,100.0,weak
narayan gopal|narayan gopalyesai gari bitai dinchu,Narayan Gopal,Narayan gopalYesai Gari Bitai Dinchu,207.0,1,Narayan Gopal - Narayan gopalYesai Gari Bitai Dinchu.mp3,Narayan Gopal,1265,Yesai Gari Bitai Dinchu,Evergreen Nepali Song,85.0,100.0,probable
narayan gopal|parkhi base aaulaa bhani,Narayan Gopal,Parkhi Base Aaulaa Bhani,295.0,1,Narayan Gopal - Parkhi Base Aaulaa Bhani.mp3,Narayan Gopal,2224,Parkhi Base,Narayan Gopal,100.0,100.0,strong
narayan gopal|parkhi basen,Narayan Gopal,Parkhi Basen,286.0,1,Narayan Gopal - Parkhi Basen.mp3,Narayan Gopal,2226,Parkhi Basen Aaula Bhani,Narayan Gopal,100.0,100.0,strong
narayan gopal|piunda piundai,Narayan Gopal,Piunda Piundai,156.0,1,Narayan Gopal - Piunda Piundai.mp3,Narayan Gopal,49,Hinda Hindai,1974 AD,76.9,100.0,weak
narayan gopal|pokhiyera ghamko,Narayan Gopal,Pokhiyera Ghamko,239.0,1,Narayan Gopal - Pokhiyera Ghamko.mp3,Narayan Gopal,2229,Pokhiyera Gham Ko Jhulka,Narayan Gopal,80.0,100.0,probable
narayan gopal|priyashi ka yaad haru,Narayan Gopal,Priyashi ka yaad haru,264.0,1,Narayan Gopal - Priyashi ka yaad haru.mp3,Narayan Gopal,2231,Priyeshi Ka Yaad Haru,Narayan Gopal,95.2,100.0,strong
narayan gopal|sanai hurima,Narayan Gopal,Sanai Hurima,280.0,1,Narayan Gopal - Sanai Hurima.mp3,Narayan Gopal,2235,Sanai Hurima,Narayan Gopal,100.0,100.0,strong
narayan gopal|sandhai mai ma,Narayan Gopal,Sandhai Mai Ma,322.0,1,Narayan Gopal - Sandhai Mai Ma.mp3,Narayan Gopal,3773,Ma,The Shadows 'Nepal',100.0,100.0,strong
narayan gopal|sangaala ghumto haru,Narayan Gopal,Sangaala Ghumto Haru,301.0,1,Narayan Gopal - Sangaala Ghumto Haru.mp3,Narayan Gopal,2236,Sangaala Ghumto Haru,Narayan Gopal,100.0,100.0,strong
narayan gopal|saunko jhari bani,Narayan Gopal,Saunko Jhari Bani,363.0,1,Narayan Gopal - Saunko Jhari Bani.mp3,Narayan Gopal,2237,Saunko Jhari Bani,Narayan Gopal,100.0,100.0,strong
narayan gopal|sero ra fero,Narayan Gopal,Sero Ra Fero,173.0,1,Narayan Gopal - Sero Ra Fero.mp3,Narayan Gopal,2906,Sero Fero Salam Chaa mero,Ram Thapa,85.7,100.0,probable
narayan gopal|shikhar bhane kahan,Narayan Gopal,Shikhar Bhane Kahan,171.0,1,Narayan Gopal - Shikhar Bhane Kahan.mp3,Narayan Gopal,2239,Shikhara Bhane Kaha,Narayan Gopal,94.7,100.0,strong
narayan gopal|swargaki rani,Narayan Gopal,Swargaki Rani,188.0,1,Narayan Gopal - Swargaki Rani.mp3,Narayan Gopal,4097,Bihani Saberai,Yodda,66.7,100.0,weak
narayan gopal|timi jun raharle,Narayan Gopal,Timi Jun Raharle,256.0,1,Narayan Gopal - Timi Jun Raharle (2).mp3,Narayan Gopal,2244,Timi Jun Raharle,Narayan Gopal,100.0,100.0,strong
narayan gopal|timilai bhulda,Narayan Gopal,Timilai Bhulda,284.0,1,Narayan Gopal - Timilai Bhulda.mp3,Narayan Gopal,1555,Timilai,James Shrestha,100.0,100.0,strong
narayan gopal|timilai ma ke bhanu,Narayan Gopal,Timilai Ma Ke Bhanu,264.0,1,Narayan Gopal - Timilai Ma Ke Bhanu.mp3,Narayan Gopal,2249,Timilai Ma Ke Bhanu,Narayan Gopal,100.0,100.0,strong
narayan gopal|timilai maa ke bhanu,Narayan Gopal,Timilai Maa Ke Bhanu,271.0,1,Narayan Gopal - Timilai Maa Ke Bhanu.mp3,Narayan Gopal,205,Maa,Albatross,100.0,100.0,strong
narayan gopal|timile bhneka,Narayan Gopal,Timile Bhneka,290.0,1,Narayan Gopal - Timile Bhneka.mp3,Narayan Gopal,3567,Timile,Sushant KC,100.0,100.0,strong
narayan gopal|timile pani ma jastai,Narayan Gopal,Timile Pani Ma Jastai,274.0,1,Narayan Gopal - Timile Pani Ma Jastai.mp3,Narayan Gopal,2252,Timile Pani Ma Jastai,Narayan Gopal,100.0,100.0,strong
narayan gopal|timro jasto mutu,Narayan Gopal,Timro Jasto Mutu,191.0,1,Narayan Gopal - Timro Jasto Mutu.mp3,Narayan Gopal,2253,Timro Jasto Mutu,Narayan Gopal,100.0,100.0,strong
narayan gopal|track 10,NARAYAN GOPAL,Track 10,174.0,1,NARAYAN GOPAL - Track 10.mp3,Narayan Gopal,3782,Rojdai Chu - Bonus Track,The Uglyz,76.9,100.0,weak
narayan gopal|yasaigari bitaidinchhu,Narayan Gopal,Yasaigari Bitaidinchhu,203.0,1,Narayan Gopal - Yasaigari Bitaidinchhu.mp3,Narayan Gopal,1265,Yesai Gari Bitai Dinchu,Evergreen Nepali Song,71.1,100.0,weak
narayan gopal|yati chokho yati,Narayan Gopal,Yati Chokho Yati,179.0,1,Narayan Gopal - Yati Chokho Yati.mp3,Narayan Gopal,2996,Chokho Maya,Rupak Dotel,81.8,100.0,probable
narayan gopal|ye malai maya,Narayan Gopal,Ye Malai Maya,192.0,1,Narayan Gopal - Ye Malai Maya.mp3,Narayan Gopal,526,Maya,Ashutosh KC,100.0,100.0,strong
narayan gopal|yesai gari bitaidinchhu,Narayan Gopal,Yesai Gari Bitaidinchhu,203.0,1,Narayan Gopal - Yesai Gari Bitaidinchhu (2).mp3,Narayan Gopal,1265,Yesai Gari Bitai Dinchu,Evergreen Nepali Song,95.7,100.0,strong
narayan gopal|yeti chokho yati,Narayan Gopal,Yeti Chokho Yati,175.0,1,Narayan Gopal - Yeti Chokho Yati.mp3,Narayan Gopal,18,Yeti Chokho Yeti Mitho - Paan Ko Pat,,81.5,100.0,probable
narayan gopal|yeti dherai maya,Narayan Gopal,Yeti Dherai Maya,241.0,1,Narayan Gopal - Yeti Dherai Maya (2).mp3,Narayan Gopal,526,Maya,Ashutosh KC,100.0,100.0,strong
narayan gopal|yetidherai maya diee,Narayan Gopal,Yetidherai Maya Diee,239.0,1,Narayan Gopal - Yetidherai Maya Diee (2).mp3,Narayan Gopal,506,Yetidherai,Aruna Lama,100.0,100.0,strong
narayan gopal|yeuta manchheko,Narayan Gopal,Yeuta Manchheko,386.0,1,Narayan Gopal - Yeuta Manchheko.mp3,Narayan Gopal,2259,Yeuta Manchheko,Narayan Gopal,100.0,100.0,strong
narayan gopal|yo bhagyale katro,Narayan Gopal,Yo Bhagyale Katro,241.0,1,Narayan Gopal - Yo Bhagyale Katro.mp3,Narayan Gopal,2260,Yo Bhagyele Kasto,Narayan Gopal,88.2,100.0,probable
narayan gopal|yo kasto byetha ho,Narayan Gopal,Yo Kasto Byetha Ho,165.0,1,Narayan Gopal - Yo Kasto Byetha Ho.mp3,Narayan Gopal,3581,Kasto Ho Yo,Swapnil Sharma,100.0,100.0,strong
narayan gopal|yo mausham yo hariyali,Narayan Gopal,Yo Mausham Yo Hariyali,175.0,1,Narayan Gopal - Yo Mausham Yo Hariyali (2).mp3,Narayan Gopal,2264,Yo Samjhine Man chaa,Narayan Gopal,61.5,100.0,weak
narayan gopal|yo samjhine maan chha,Narayan Gopal,Yo Samjhine Maan Chha,322.0,1,Narayan Gopal - Yo Samjhine Maan Chha.mp3,Narayan Gopal,3819,Yo Maan,Trishala Gurung,100.0,100.0,strong
narayan gopal|yo samjhine man chha,Narayan Gopal,Yo Samjhine Man Chha,305.0,1,Narayan Gopal - Yo Samjhine Man Chha (2).mp3,Narayan Gopal,2265,Yo Samjhine Man Chha,Narayan Gopal,100.0,100.0,strong
narayan rayamajhi|jaula relaima sarara,Narayan Rayamajhi,Jaula Relaima Sarara | Narayan Rayamajhi | Gorkha Paltan | Prasant Tamang & Anju Panta | 4K,324.0,1,Jaula Relaima Sarara ｜ Narayan Rayamajhi ｜ Gorkha Paltan ｜ Prasant Tamang & Anju Panta ｜ 4K.m4a,Salaijo,904,Sarara,Chhewang Lama,100.0,100.0,strong
narayan rayamajhi|sannani le jhukkayo malai,Narayan Rayamajhi,Sannani Le Jhukkayo Malai | Gorkha Paltan | Prashant Tamang | Narayan Rayamajhi | Devi Gharti,334.0,1,Sannani Le Jhukkayo Malai ｜ Gorkha Paltan ｜ Prashant Tamang ｜ Narayan Rayamajhi ｜ Devi Gharti.m4a,Salaijo,528,SANNANI,Ashutosh KC,100.0,100.0,strong
narendra pyasi anju panta|jaam kyare udera,"Narendra Pyasi, Anju Panta",Jaam Kyare Udera,306.0,1,"Narendra Pyasi, Anju Panta - Jaam Kyare Udera.mp3",Anju Panta,2165,Aljhecha Kyare,Narayan Gopal,60.0,100.0,weak
naseem begum hazeen qadri ghulam ahmed chishti|beiman sajjan nu kon moray,"Naseem Begum, Hazeen Qadri, Ghulam Ahmed Chishti",Beiman Sajjan Nu Kon Moray,206.0,1,"Naseem Begum, Hazeen Qadri, Ghulam Ahmed Chishti - Beiman Sajjan Nu Kon Moray.mp3",Sajjan,,,,59.6,75.0,none
navneet kaur|bartan chori krdi hoi budhi,Navneet Kaur,Bartan chori krdi hoi budhi,146.0,1,Bartan chori krdi hoi budhi.m4a,Chhori Budhi,3058,CHORI CHORI चोरी चोरी,Sadeekshya Kattel,66.7,57.1,weak
nazia kanwal|sajjan badal gaye,Nazia Kanwal,Sajjan Badal Gaye,268.0,1,Nazia Kanwal - Sajjan Badal Gaye.mp3,Sajjan,3589,Badal Sari,"Swar, John Chamling Rai",66.7,60.9,weak
nazia kanwal|wichhre sajjan,Nazia Kanwal,Wichhre Sajjan,303.0,1,Nazia Kanwal - Wichhre Sajjan.mp3,Sajjan,1366,Sajjan Raj Vaidya - Chitthi Bhitra,Genius Romanizations,60.0,60.9,none
nazoon fox|ma hoon yatri yama buddha ft nazoon fox,Nazoon fox,Ma Hoon Yatri - Yama Buddha ft Nazoon Fox,0.0,1,Ma Hoon Yatri - Yama Buddha ft Nazoon Fox.mp3,Yama Buddha,3773,Ma,The Shadows 'Nepal',100.0,55.6,weak
neelam raj neelu rajesh kumar nepali|bhent hui bara jila,"Neelam Raj Neelu, Rajesh Kumar Nepali",Bhent Hui Bara Jila,175.0,1,"Neelam Raj Neelu, Rajesh Kumar Nepali - Bhent Hui Bara Jila.mp3",nepali,,,,58.8,66.7,none
neelatamang|urli aayo saune jhari उर्लिआयो साउने झरी,neelatamang,Urli Aayo Saune Jhari (उर्लिआयो साउने झरी),0.0,1,Urli Aayo Saune Jhari (उर्लिआयो साउने झरी).mp3,Fatteman Rajbhandari,1985,Jhari,Mc Flo,100.0,70.6,weak
neeru budha magar|lahure 3 female,Neeru Budha Magar,Lahure 3 Female Cover | Chewang Lama |   Neeru Budha|  Veta na hola | Kancha Kancha,227.0,1,Lahure 3 Female Cover ｜ Chewang Lama ｜   Neeru Budha｜  Veta na hola ｜ Kancha Kancha.m4a,Lahure Ko Katha,899,Lahure,Chhewang Lama,100.0,62.5,weak
nepal tharu|baby doll durgesh thapa nepali,Nepal Tharu,Baby Doll Durgesh Thapa ( Nepali ),0.0,1,Baby Doll Durgesh Thapa ( Nepali ).mp3,Durgesh Thapa,207,Nepali,Albatross,100.0,73.7,weak
nepal the edge band|timro yaad,Nepal - The Edge Band,Timro Yaad,294.0,1,Nepal - The Edge Band - Timro Yaad.mp3,The Edge Band,1224,Timro Yaad,Edge Band,100.0,100.0,strong
nepalbuzz|maya ko fan by durgesh thapa arushi magar ft subash karki mahendra shahi,NepalBuzz,New Nepali Song Maya Ko Fan By  Durgesh Thapa Arushi Magar Ft. Subash Karki Mahendra Shahi,0.0,1,New Nepali Song Maya Ko Fan By  Durgesh Thapa Arushi Magar Ft. Subash Karki Mahendra Shahi.m4a,Durgesh Thapa,526,Maya,Ashutosh KC,100.0,66.7,weak
nepali babu aaisha raj|jannat ke pari,"Nepali Babu, Aaisha Raj",Jannat Ke Pari,228.0,1,"Nepali Babu, Aaisha Raj - Jannat Ke Pari.mp3",nepali,270,Pari,Anil Singh,100.0,63.2,weak
nepali babu aaisha raj|muni ke nach hoi,"Nepali Babu, Aaisha Raj",Muni Ke Nach Hoi,195.0,1,"Nepali Babu, Aaisha Raj - Muni Ke Nach Hoi.mp3",Nepali Babu,3899,Ke Bho Launa Ni,"Udit Narayan, Deepa Jha",64.5,63.2,none
nepali babu aaisha raj|suti na kora suna dihi lori,"Nepali Babu, Aaisha Raj",Suti Na Kora Suna Dihi Lori,179.0,1,"Nepali Babu, Aaisha Raj - Suti Na Kora Suna Dihi Lori.mp3",nepali,2290,Suna,Naren Limbu,100.0,63.2,weak
nepali babu antra singh priyanka|a ho barati raja maja lete raha,"Nepali Babu, Antra Singh Priyanka",A Ho Barati Raja Maja Lete Raha,189.0,1,"Nepali Babu, Antra Singh Priyanka - A Ho Barati Raja Maja Lete Raha.mp3",Nepali Babu,2457,Mal Mal Raja,Nishan Bhattarai and Asmita Adhikari,66.7,66.7,weak
nepali babu antra singh priyanka|joban se ka dem fayer piya,"Nepali Babu, Antra Singh Priyanka",Joban Se Ka Dem Fayer Piya,246.0,1,"Nepali Babu, Antra Singh Priyanka - Joban Se Ka Dem Fayer Piya.mp3",Nepali Babu,,,,58.8,66.7,none
nepali babu kumari nitu|saiya ke 2 inch badh jaye,"Nepali Babu, Kumari Nitu",Saiya Ke 2 Inch Badh Jaye,221.0,1,"Nepali Babu, Kumari Nitu - Saiya Ke 2 Inch Badh Jaye.mp3",Nepali Babu,,,,58.5,63.2,none
nepali babu nandani dixit|bola ka bhav ba amrudhi ke,"Nepali Babu, Nandani Dixit",Bola Ka Bhav Ba Amrudhi Ke,213.0,1,"Nepali Babu, Nandani Dixit - Bola Ka Bhav Ba Amrudhi Ke.mp3",nepali,2277,Bola Maya,"Narayan Rayamajhi, Shanti Shree Pariyar, Prakash Saput",61.5,63.2,none
nepali babu nandani dixit|gud gud ke dawai,"Nepali Babu, Nandani dixit",Gud Gud Ke Dawai,212.0,1,"Nepali Babu, Nandani dixit - Gud Gud Ke Dawai.mp3",nepali,105,Aai Deu,Aastha Band,63.2,63.2,none
nepali babu nandani dixit|mar dehab goli,"Nepali Babu, Nandani Dixit",Mar Dehab Goli,210.0,1,"Nepali Babu, Nandani Dixit - Mar Dehab Goli.mp3","Nepali Babu, Nandani dixit",,,,59.3,63.2,none
nepali babu nandani dixit|rajai me bajai raja ji,"Nepali Babu, Nandani Dixit",Rajai Me Bajai Raja Ji,159.0,1,"Nepali Babu, Nandani Dixit - Rajai Me Bajai Raja Ji.mp3","Nepali Babu, Nandani dixit",2457,Mal Mal Raja,Nishan Bhattarai and Asmita Adhikari,66.7,63.2,weak
nepali babu neha raj|nachniya,"Nepali Babu, Neha Raj",Nachniya,230.0,1,"Nepali Babu, Neha Raj - Nachniya.mp3",Nepali Babu,370,Jaaniya,Ankit Tiwari,66.7,66.7,weak
nepali babu partima arya|aaili duwari maiya bhawani,"Nepali Babu, Partima Arya",Aaili Duwari Maiya Bhawani,216.0,1,"Nepali Babu, Partima Arya - Aaili Duwari Maiya Bhawani.mp3",nepali,2820,Bhawana Ma Bahakine,Raju Lama,62.2,63.2,none
nepali babu pratima arya|chhuwala se 600 re nihurla se 900,"Nepali Babu, Pratima Arya",Chhuwala Se 600 Re Nihurla Se 900,189.0,1,"Nepali Babu, Pratima Arya - Chhuwala Se 600 Re Nihurla Se 900.mp3",Nepali Babu,,,,50.0,64.0,none
nepali babu sarita sargam|mai tohar papa hamar,"Nepali Babu, Sarita Sargam",Mai Tohar Papa Hamar,200.0,1,"Nepali Babu, Sarita Sargam - Mai Tohar Papa Hamar.mp3",nepali,1480,THAPANA THAPA HATAIMA,Hemant Sharma,63.4,75.0,none
nepali babu|a mai tani hit karwadi,Nepali Babu,A Mai Tani Hit Karwadi,241.0,1,Nepali Babu - A Mai Tani Hit Karwadi.mp3,Nepali Babu,1807,A Mai Re,Kuma Sagar Hawa Ko Lahar Sangai,76.9,75.0,weak
nepali babu|bada nepal main khilal baate namva,Nepali Babu,Bada Nepal Main Khilal Baate Namva,199.0,1,Nepali Babu - Bada Nepal Main Khilal Baate Namva.mp3,Nepali Babu,2944,Nepal Nepal,Robin Tamang,100.0,75.0,probable
nepali babu|bahin hamar rowat hoi,Nepali Babu,Bahin Hamar Rowat Hoi,323.0,1,Nepali Babu - Bahin Hamar Rowat Hoi.mp3,Nepali Babu,,,,57.9,75.0,none
nepali babu|chelwa ke chilamiya phor dele ba,Nepali Babu,Chelwa Ke Chilamiya Phor Dele Ba,230.0,1,Nepali Babu - Chelwa Ke Chilamiya Phor Dele Ba.mp3,Nepali Babu,,,,56.2,75.0,none
nepali babu|dhodhi me chai piyba,Nepali Babu,Dhodhi Me Chai Piyba,170.0,1,Nepali Babu - Dhodhi Me Chai Piyba.mp3,Nepali Babu,2065,Dherai Dherai Maya Cha,Mira Rana,62.9,75.0,none
nepali babu|dudh piyala shala,Nepali Babu,Dudh Piyala Shala,245.0,1,Nepali Babu - Dudh Piyala Shala.mp3,Nepali Babu,1852,Ho Piya Rajai,Laxmi Neupane,60.0,75.0,none
nepali babu|fukai hamar las ghar ke tora pas,Nepali Babu,Fukai Hamar Las Ghar Ke Tora Pas,171.0,1,Nepali Babu - Fukai Hamar Las Ghar Ke Tora Pas.mp3,nepali,2206,Malai Nasodha kaha dukhcha ghau,Narayan Gopal,60.3,75.0,none
nepali babu|ganga ji ke terae ugi,Nepali Babu,Ganga ji Ke Terae Ugi,205.0,1,Nepali Babu - Ganga ji Ke Terae Ugi.mp3,Nepali Babu,2367,Gandaki ko Teraima,Nepathya,66.7,75.0,weak
nepali babu|ghaat par nachali dhaniya,Nepali Babu,Ghaat Par Nachali Dhaniya,210.0,1,Nepali Babu - Ghaat Par Nachali Dhaniya.mp3,Nepali Babu,1191,Badha Parun Jati nai,Dwarika Lal Joshi,62.2,75.0,none
nepali babu|ham hi banab bhatar,Nepali Babu,Ham Hi Banab Bhatar,194.0,1,Nepali Babu - Ham Hi Banab Bhatar.mp3,nepali,3630,Chati Bhari Bhala Ropi,Sworup Raj Acharya,63.4,75.0,none
nepali babu|holi me ghare aawta bhatar,Nepali Babu,Holi Me Ghare Aawta Bhatar,235.0,1,Nepali Babu - Holi Me Ghare Aawta Bhatar.mp3,nepali,,,,57.8,75.0,none
nepali babu|jhijhiya satrangi,Nepali Babu,Jhijhiya Satrangi,290.0,1,Nepali Babu - Jhijhiya Satrangi.mp3,Nepali Babu,1916,Bhijyo Sirani,Manila Sotang,66.7,75.0,weak
nepali babu|kajrwa kariya,Nepali Babu,Kajrwa Kariya,237.0,1,Nepali Babu - Kajrwa Kariya.mp3,nepali,1018,Kati Kamjor,Deep Shrestha,66.7,75.0,weak
nepali babu|kelva ke paat par,Nepali Babu,Kelva Ke Paat Par,259.0,1,Nepali Babu - Kelva Ke Paat Par.mp3,Nepali Babu,1449,Paan Ko Paat,"Gyanu Rana, Bam Bahadur Karki",62.1,75.0,none
nepali babu|mathva pe daura,Nepali Babu,Mathva Pe Daura,236.0,1,Nepali Babu - Mathva Pe Daura.mp3,Nepali Babu,2922,Mitha Mitha Kura,Ray Mec,64.0,75.0,none
nepali babu|pagal,Nepali Babu,Pagal,361.0,1,Nepali Babu - Pagal.mp3,Nepali Babu,3574,Pagal,Sushant KC | OST From Karma Movie,100.0,75.0,probable
nepali babu|pardeshiya balam,Nepali Babu,Pardeshiya Balam,187.0,1,Nepali Babu - Pardeshiya Balam.mp3,nepali,1924,Pardeshi Nabhana,Manish Dhakal,75.0,75.0,weak
nepali babu|piya patna chale gaye,Nepali Babu,Piya Patna Chale Gaye,193.0,1,Nepali Babu - Piya Patna Chale Gaye.mp3,Nepali Babu,1772,Piya Aaye Na,"KK, Tulsi Kumar",72.7,75.0,weak
nepali babu|piyatani kasturi,Nepali Babu,Piyatani Kasturi,181.0,1,Nepali Babu - Piyatani Kasturi.mp3,Nepali Babu,1016,Kahi Katai,Deep Shrestha,61.5,75.0,none
nepali babu|rukina balam ji kawan dhali ham ji,Nepali Babu,Rukina Balam Ji Kawan Dhali Ham Ji,245.0,1,Nepali Babu - Rukina Balam Ji Kawan Dhali Ham Ji.mp3,Nepali Babu,2322,Hamro Kahani (Ballad Version),Neetesh Jung Kunwar,62.1,75.0,none
nepali babu|saiya hamar sukwar,Nepali Babu,Saiya Hamar Sukwar,175.0,1,Nepali Babu - Saiya Hamar Sukwar.mp3,Nepali Babu,3224,Sagar Baru Sukera,Sapana Shree,62.9,75.0,none
nepali babu|sateje pe ketna nachelu,Nepali Babu,Sateje Pe Ketna Nachelu,226.0,1,Nepali Babu - Sateje Pe Ketna Nachelu.mp3,Nepali Babu,,,,54.5,75.0,none
nepali babu|tikuli lal satle ba,Nepali Babu,Tikuli Lal Satle Ba,211.0,1,Nepali Babu - Tikuli Lal Satle Ba.mp3,Nepali Babu,77,Timilai piratile badhula,1974 AD,65.1,75.0,weak
nepali babu|videshiya balam,Nepali Babu,Videshiya Balam,216.0,1,Nepali Babu - Videshiya Balam.mp3,nepali,2336,Om Nama Shivaya,Neetesh Jung Kunwar,60.0,75.0,none
nepali babu|पछाड़ रंगलेबा देवरा,Nepali Babu,पछाड़ रंगलेबा देवरा,251.0,1,Nepali Babu - पछाड़ रंगलेबा देवरा.mp3,nepali,,,,37.2,75.0,none
nepali bhajan sangit|fulko mala tyo timro galama नेपाली किृष्ण भजन फूलको माला त्यो तिम्रो गलामा,Nepali Bhajan Sangit,Fulko mala tyo timro galama नेपाली किृष्ण भजन फूलको माला त्यो तिम्रो गलामा,231.0,1,Fulko mala tyo timro galama नेपाली किृष्ण भजन फूलको माला त्यो तिम्रो गलामा.m4a,Phool Ko Mala,956,Timro Tyo,Cobweb,100.0,100.0,strong
nepali bishnu|aayo gorkhali nepali national song by gopal yonjan,nepali.bishnu,Aayo Gorkhali Nepali national song by Gopal Yonjan,0.0,1,Aayo Gorkhali Nepali national song by Gopal Yonjan.m4a,Gopal Yonjan,207,Nepali,Albatross,100.0,72.0,weak
nepali bishnu|birata ko chino narayan gopal lahure youtube,nepali.bishnu,Birata Ko Chino Narayan Gopal Lahure YouTube,0.0,1,Birata Ko Chino Narayan Gopal Lahure YouTube.m4a,Lahure Ko Katha,899,Lahure,Chhewang Lama,100.0,72.0,weak
nepali boy|jaga tu mo jibana,Nepali Boy,Jaga Tu Mo Jibana,257.0,1,Nepali Boy - Jaga Tu Mo Jibana.mp3,nepali,1261,Timi Aayou Mero Jivanama,ETHOS,63.4,75.0,none
nepali content studio|sailo ma charghare rock version साईलो म चारघरे nepali lok pop song nepali blues,Nepali Content Studio,Sailo Ma Charghare - Rock Version - साईलो म चारघरे Nepali Lok Pop Song 2026 - Nepali Blues Cover,216.0,1,Sailo Ma Charghare - Rock Version - साईलो म चारघरे Nepali Lok Pop Song 2026 - Nepali Blues Cover.m4a,Sailo Ma Charghare,207,Nepali,Albatross,100.0,63.2,weak
nepali folk musician|simsime panima,Nepali Folk Musician,Simsime Panima,303.0,1,Nepali Folk Musician - Simsime Panima.mp3,nepali,2926,Sim Sime Panima,Rekha Shah,96.6,63.2,weak
nepali folk song|resam firirir w vocals,Nepali folk song,Resam Firirir w/ Vocals,348.0,1,Nepali folk song - Resam Firirir w_ Vocals.mp3,nepali folk song,1650,Resham Firiri,Kali Prasad Baskota,68.6,81.2,weak
nepali hip pop|antim maya,nepali hip pop,antim maya,174.0,1,nepali hip pop - antim maya.mp3,nepali,2284,Antim Maya,Naren Limbu,100.0,83.3,probable
nepali hip pop|g unity madhos,nepali hip pop,"G-unity,,,, madhos",214.0,1,"nepali hip pop - G-unity,,,, madhos.mp3",nepali,,,,56.0,83.3,none
nepali hip pop|grish toyota gaadi,nepali hip pop,Grish toyota gaadi,186.0,1,nepali hip pop - Grish toyota gaadi.mp3,nepali,3797,Adrishya,Trees (Nepal),61.5,83.3,none
nepali lyrics|resham firiri,Nepali Lyrics,Resham Firiri (lyrics) || Nepali Folk song ||,260.0,1,Resham Firiri (lyrics) ｜｜ Nepali Folk song ｜｜.m4a,Resham Firiri,1650,Resham Firiri,Kali Prasad Baskota,100.0,100.0,strong
nepali metal songs ai|resham firiri रेशम फिरिरी metal version nepali metal song black metal ai version,Nepali Metal Songs (AI),"Resham Firiri रेशम फिरिरी (Metal Version) Nepali Metal Song, Black Metal (AI Version)",205.0,1,"Resham Firiri रेशम फिरिरी (Metal Version) Nepali Metal Song, Black Metal (AI Version).m4a",Resham Firiri,207,Nepali,Albatross,100.0,85.7,strong
nepali mix|panchi jasti,Nepali Mix,Panchi Jasti,236.0,1,Nepali Mix - Panchi Jasti.mp3,nepali,644,Ajhai Pani,Bartika Eam Rai,72.7,75.0,weak
nepali modern songs pop r|teej song nepal ko pragati acchamm cha dai by ramesh k s dj fm party song कृपया गित सेयर गरि दिनुहोस,Nepali Modern Songs Pop R,Teej Song Nepal Ko Pragati Acchamm Cha Dai by Ramesh K S DJ FM Party Song कृपया गित सेयर गरि दिनुहोस,0.0,1,Teej Song Nepal Ko Pragati Acchamm Cha Dai by Ramesh K S DJ FM Party Song कृपया गित सेयर गरि दिनुहोस.m4a,teej song,2944,Nepal Nepal,Robin Tamang,100.0,100.0,strong
nepali music laxmi puja song|timi aau timi aau,Nepali music - Laxmi puja song,Timi Aau - Timi Aau,292.0,1,Nepali music - Laxmi puja song - Timi Aau - Timi Aau.mp3,nepali music,752,Timi,Binit Shrestha,100.0,71.4,weak
nepali music|resam firirir w vocals,Nepali music,Resam Firirir w/ Vocals,348.0,1,Nepali music - Resam Firirir w_ Vocals.mp3,nepali music,1650,Resham Firiri,Kali Prasad Baskota,68.6,76.2,weak
nepali new songs|phool ko thunga bagera gayo gangako panima,nepali new songs,Phool Ko Thunga Bagera Gayo Gangako Panima,0.0,1,Phool Ko Thunga Bagera Gayo Gangako Panima.m4a,Phool Ko Mala,3465,Phool,Sujan Chapagain,100.0,85.7,strong
nepali old songs|badal pariko desh bata,nepali old songs,badal pariko desh bata,261.0,1,nepali old songs - badal pariko desh bata.mp3,nepali old song,2817,Baadal Pari Ko Desh,Raju Lama,78.0,87.5,probable
nepali old songs|parkhaima bijeu sirani,nepali old songs,parkhaima bijeu sirani,302.0,1,nepali old songs - parkhaima bijeu sirani.mp3,nepali,2834,Parkhaima Bhijyo Sirani,Raju Lama,88.9,87.5,probable
nepali old songs|tagaroma rumal rakhi,nepali old songs,tagaroma rumal rakhi,280.0,1,nepali old songs - tagaroma rumal rakhi.mp3,nepali old song,1686,Tagaro Ma Rumal,Kandara,80.0,87.5,probable
nepali patriotic songs|hera na saheed haru lai,Nepali patriotic songs,HERA NA SAHEED HARU LAI,251.0,1,Nepali patriotic songs - HERA NA SAHEED HARU LAI.mp3,nepali patriotic song,1746,Lai Lai,Ketan Chhetri,100.0,85.7,strong
nepali patriotic songs|jaga lamka chamka he ram krishna rajesh payal,Nepali patriotic songs,Jaga Lamka Chamka He Ram Krishna & Rajesh Payal,245.0,1,Nepali patriotic songs - Jaga Lamka Chamka He Ram Krishna & Rajesh Payal.mp3,nepali patriotic song,2808,Jaga Lamka Chamka Hai,"Rajesh Payal Rai, Ram Krishna Dhakal",89.5,85.7,probable
nepali patriotic songs|jhukdai na jhukne nepal ko choro lyrics,Nepali patriotic songs,Jhukdai Na Jhukne Nepal Ko Choro-Lyrics,222.0,1,Nepali patriotic songs - Jhukdai Na Jhukne Nepal Ko Choro-Lyrics.mp3,nepali patriotic song,2944,Nepal Nepal,Robin Tamang,100.0,85.7,strong
nepali patriotic songs|ma chahanchhu,Nepali patriotic songs,Ma chahanchhu,348.0,1,Nepali patriotic songs - Ma chahanchhu.mp3,nepali patriotic song,2668,Chahanchhu,Pratap Das,100.0,85.7,strong
nepali patriotic songs|nepal army band 0riginal gorkhali,Nepali patriotic songs,nepal army band ( 0riginal gorkhali),131.0,1,Nepali patriotic songs - nepal army band ( 0riginal gorkhali).mp3,nepali patriotic song,2944,Nepal Nepal,Robin Tamang,100.0,85.7,strong
nepali patriotic songs|rato ra chandra surya by kiran pradhan rabin sharma and sunita subba_with lyrics,Nepali patriotic songs,"Rato ra Chandra Surya By Kiran Pradhan, Rabin Sharma and Sunita Subba_With Lyrics [HD]",229.0,1,"Nepali patriotic songs - Rato ra Chandra Surya By Kiran Pradhan, Rabin Sharma and Sunita Subba_With Lyrics [HD].mp3",nepali patriotic song,1995,Sunita,Mc Flo,100.0,85.7,strong
nepali sarangi tabla|mayur naatsu,Nepali Sarangi & Tabla,Mayur Naatsu,330.0,1,Nepali Sarangi & Tabla - Mayur Naatsu.mp3,nepali sarangi,3154,Mayalu Sunana,Samir Shrestha,64.0,63.2,none
nepali swara sangam|resham firiri lyrical karaoke sing along nepali folk classic,Nepali Swara Sangam,Resham Firiri Lyrical Karaoke Sing Along Nepali Folk Classic,275.0,1,Resham Firiri Lyrical Karaoke Sing Along Nepali Folk Classic.m4a,Resham Firiri,207,Nepali,Albatross,100.0,68.8,weak
nepali tihar songs|axata rap,nepali tihar songs,Axata rap,222.0,1,nepali tihar songs - Axata rap.mp3,nepali tihar song,1664,Aatma Ma,Kamal Khatri,70.6,85.7,weak
nepali tihar songs|makhamalisayapatri f,NEPALI TIHAR SONGS,MAKHAMALISAYAPATRI F,280.0,1,NEPALI TIHAR SONGS - MAKHAMALISAYAPATRI F.mp3,nepali tihar song,3874,Makhamali Maya,Udit Narayan,70.6,85.7,weak
nepali tihar songs|new dasai tihar songs,nepali tihar songs,new dasai tihar songs,291.0,1,nepali tihar songs - new dasai tihar songs.mp3,nepali tihar song,892,Dashain Tihar,Chhewang Lama,70.6,85.7,weak
nepali tihar songs|sugam pohkrel,nepali tihar songs,sugam pohkrel,230.0,1,nepali tihar songs - sugam pohkrel.mp3,nepali tihar song,493,Pohor Saal,Aruna Lama,60.9,85.7,none
nepali trap|simsime pani by vten deleted song,Nepali Trap,Simsime Pani By Vten Deleted Song,0.0,1,Simsime Pani By Vten Deleted Song.m4a,VTEN,433,Simsime Pani,Araj Keshav,100.0,72.7,weak
nepali|song,Nepali,Song,272.0,1,Nepali - Song.mp3,nepali,2,Atal Bacha Gare - Krishna-Leela Movie Song - Paan Ko Pat,,100.0,100.0,strong
nepalone|dam dam dam bajyo hemant sharma priyanka karki durgesh thapa,nepalONE,"DAM DAM DAM BAJYO - nepali song Hemant Sharma,Priyanka Karki & Durgesh Thapa",0.0,1,"DAM DAM DAM BAJYO - nepali song Hemant Sharma,Priyanka Karki & Durgesh Thapa.m4a",Durgesh Thapa,,,,58.8,70.6,none
nepalsounds|nishani 53 shraddhanjali gopal yonjan 9,NepalSounds,Nishani '53 Shraddhanjali - Gopal Yonjan - 9,0.0,1,Nishani '53 Shraddhanjali - Gopal Yonjan - 9.mp3,Gopal Yonjan,,,,50.0,70.0,none
nepalstarmusic tv|uniq poet kaalo 2 0 emiway bantai diss,NEPALSTARMUSIC Tv,UNIQ Poet - kaalo 2.0 ( emiway bantai diss),0.0,1,UNIQ Poet - kaalo 2.0 ( emiway bantai diss).m4a,Uniq Poet,3940,Kaalo,Uniq Poet,100.0,58.8,weak
nepathya amrit gurung|sarumai rani,"Nepathya, Amrit Gurung",Sarumai Rani,278.0,1,"Nepathya, Amrit Gurung - Sarumai Rani.mp3",Nepathya,3139,Sirma Sirbandi,"Samikshya Adhikari, Subash Khattri",69.2,100.0,weak
nepathya feat rabin shrestha|chhekyo chhekyo,Nepathya feat. Rabin Shrestha,Chhekyo Chhekyo,238.0,1,Nepathya feat. Rabin Shrestha - Chhekyo Chhekyo.mp3,Nepathya,2365,Chekyo Chekyo,Nepathya,92.3,100.0,strong
nepathya rabin shrestha|aanganai bhari,"Nepathya, Rabin Shrestha",Aanganai Bhari,290.0,1,"Nepathya, Rabin Shrestha - Aanganai Bhari.mp3",Nepathya,241,Anganai Bhari,Amrit Gurung,96.3,100.0,strong
nepathya rabin shrestha|barsatko mausam,"Nepathya, Rabin Shrestha",Barsatko Mausam,293.0,1,"Nepathya, Rabin Shrestha - Barsatko Mausam.mp3",Nepathya,3576,Mausam,"Sushant KC, Yodda & Cute Boka",100.0,100.0,strong
nepathya rabin shrestha|he lajaune mayalu,"Nepathya, Rabin Shrestha",He Lajaune Mayalu,214.0,1,"Nepathya, Rabin Shrestha - He Lajaune Mayalu.mp3",Nepathya,56,Mayalu Mayalu,1974 AD,100.0,100.0,strong
nepathya rabin shrestha|maitighar chhadi,"Nepathya, Rabin Shrestha",Maitighar Chhadi,349.0,1,"Nepathya, Rabin Shrestha - Maitighar Chhadi.mp3",Nepathya,292,Chhadi Gayau,Anju Panta,66.7,100.0,weak
nepathya rabin shrestha|nakkali kanchhi,"Nepathya, Rabin Shrestha",Nakkali Kanchhi,285.0,1,"Nepathya, Rabin Shrestha - Nakkali Kanchhi.mp3",Nepathya,420,Kanchhi,Anuprastha,100.0,100.0,strong
nepathya|abhab abhab,nepathya,Abhab abhab,235.0,1,nepathya - Abhab abhab.mp3,Nepathya,2360,Abhab Abhabai Bhayo,Nepathya,100.0,100.0,strong
nepathya|abhav abhavai,Nepathya,Abhav Abhavai,256.0,1,Nepathya - Abhav Abhavai.mp3,Nepathya,2360,Abhab Abhabai Bhayo,Nepathya,68.8,100.0,weak
nepathya|aina le rupko,Nepathya,Aina Le Rupko,232.0,1,Nepathya - Aina Le Rupko.mp3,Nepathya,1691,Chaina Maile Timro,Karma Band,64.5,100.0,weak
nepathya|anurodh mero,Nepathya,Anurodh Mero,288.0,1,Nepathya - Anurodh Mero.mp3,Nepathya,3737,Mero Ansu,The edge band,76.2,100.0,weak
nepathya|chekya chekyo,nepathya,chekya chekyo,240.0,1,nepathya - chekya chekyo.mp3,Nepathya,2365,Chekyo Chekyo,Nepathya,100.0,100.0,strong
nepathya|gandakiko tiraima,Nepathya,Gandakiko Tiraima,267.0,1,Nepathya - Gandakiko Tiraima.mp3,Nepathya,2368,Gandakiko Tiraima,Nepathya,100.0,100.0,strong
nepathya|hami nepali mutu chune song,nepathya,hami nepali mutu chune song,240.0,1,nepathya - hami nepali mutu chune song.mp3,Nepathya,207,Nepali,Albatross,100.0,100.0,strong
nepathya|jharile rujheko,Nepathya,Jharile Rujheko,289.0,1,Nepathya - Jharile Rujheko.mp3,Nepathya,1083,Udeko Chari,Devi Gharti and D.R Sujan,69.2,100.0,weak
nepathya|jomsomai bazarma,nepathya,Jomsomai Bazarma,233.0,1,nepathya - Jomsomai Bazarma.mp3,Nepathya,3346,Jomsomai Bazarma,Songs To Sing,100.0,100.0,strong
nepathya|laam paate surati,Nepathya,Laam Paate Surati,322.0,1,Nepathya - Laam Paate Surati.mp3,Nepathya,2382,Lampate Surati,Nepathya,90.3,100.0,strong
nepathya|maya garne bani,Nepathya,Maya Garne Bani,360.0,1,Nepathya - Maya Garne Bani.mp3,Nepathya,2384,Maya Garne Bani,Nepathya,100.0,100.0,strong
nepathya|naramro sapana,Nepathya,Naramro Sapana,310.0,1,Nepathya - Naramro Sapana.mp3,Nepathya,816,Sapana,Bishesh Silwal,100.0,100.0,strong
nepathya|nepathya resham रेशम,Nepathya,Nepathya - Resham (रेशम),268.0,1,Nepathya - Resham (रेशम).m4a,Resham Firiri,2394,Resham,Nepathya,100.0,100.0,strong
nepathya|rangin chara,Nepathya,Rangin Chara,291.0,1,Nepathya - Rangin Chara.mp3,Nepathya,2392,Rangin Chara,Nepathya,100.0,100.0,strong
nepathya|reshamm,Nepathya,Reshamm,290.0,1,Nepathya - Reshamm.mp3,Nepathya,2395,Reshamm,Nepathya,100.0,100.0,strong
nepathya|sa karnali,Nepathya,Sa Karnali,224.0,1,Nepathya - Sa Karnali.mp3,Nepathya,2396,Sa Karnali,Nepathya,100.0,100.0,strong
nepathya|salaijyo,Nepathya,Salaijyo,279.0,1,Salaijyo.m4a,Salaijo,2397,Salaijyo,Nepathya,100.0,100.0,strong
nepathya|samhalidina,Nepathya,Samhalidina,349.0,1,Nepathya - Samhalidina.mp3,Nepathya,2490,Samhala,Oshin Karki,77.8,100.0,weak
nepathya|sano chara,Nepathya,Sano Chara,282.0,1,Nepathya - Sano Chara.mp3,Nepathya,427,Sano,Apurva Tamang,100.0,100.0,strong
nepathya|tal ko pani,Nepathya,Tal Ko Pani,212.0,1,Nepathya - Tal Ko Pani.mp3,Nepathya,2406,Tal Ko Pani,Nepathya,100.0,100.0,strong
nepathya|udayo,nepathya,Udayo,289.0,1,nepathya - Udayo.mp3,Nepathya,1507,Udayo Hawale,Hercules Basnet,100.0,100.0,strong
nepathya|udayo relaile,Nepathya,Udayo Relaile,305.0,1,Nepathya - Udayo Relaile.mp3,Nepathya,1507,Udayo Hawale,Hercules Basnet,72.0,100.0,weak
nepathya|yani maya,Nepathya,Yani Maya,356.0,1,Nepathya - Yani Maya.mp3,Nepathya,1711,Yani Maya,Karma Band,100.0,100.0,strong
nepathya|yo jindagani,Nepathya,Yo Jindagani,299.0,1,Nepathya - Yo Jindagani.mp3,Nepathya,85,Yo Jindagi,1974ad,90.9,100.0,strong
nephop industry|uniq poet killah 03,Nephop Industry,UNIQ POET - Killah 03,0.0,1,UNIQ POET - Killah 03.mp3,Uniq Poet,1295,Uniq Poet - Kaalo 2.0 (English Translation),Genius English Translations,64.3,60.9,none
nephop industry|vten galli sadak,Nephop Industry,VTEN - Galli Sadak,0.0,1,VTEN - Galli Sadak.m4a,VTEN,3980,Galli Sadak,VTEN,100.0,60.9,weak
nephop tv|unik poet stand up ft aid ray,Nephop Tv,Unik Poet Stand Up Ft Aid Ray | Nephop TV |,250.0,1,Unik Poet Stand Up Ft Aid Ray ｜ Nephop TV ｜.m4a,Aidray Nepali rap,171,Stand Up,Adrian Pradhan,100.0,53.8,weak
nepsydaz|pranghatak nepsydaz ft aidray duke,Nepsydaz,Pranghatak-Nepsydaz Ft Aidray & Duke,302.0,1,Pranghatak-Nepsydaz Ft Aidray & Duke.m4a,Aidray Nepali rap,,,,51.7,87.5,none
new nepali lok dohori 2016authi chino chha|dinesh kafle kavya achar,New Nepali Lok Dohori 2073/2016AUTHI CHINO CHHA,Dinesh Kafle & Kavya Achar,323.0,1,New Nepali Lok Dohori 2073_2016AUTHI CHINO CHHA - Dinesh Kafle & Kavya Achar.mp3,nepali lok dohori,1587,Kafle,"Jhuma Limbu, Sujan Chapagain",100.0,63.2,weak
new nepali lok geet 2015sadhai bhari sasural najanu by bishnu sapkota and mina singh|lok suseli,New Nepali Lok Geet 2015Sadhai Bhari Sasural Najanu by Bishnu Sapkota and Mina Singh,Lok Suseli,355.0,1,New Nepali Lok Geet 2015Sadhai Bhari Sasural Najanu by Bishnu Sapkota and Mina Singh - Lok Suseli.mp3,nepali lok geet,3888,Suseli Le Basantalai,Udit Narayan,75.0,70.0,weak
new sherpa song allami hoss by sonam j sherpa|new sherpa song allami hoss by sonam j sherpa,New Sherpa Song 2016/Allami hoss by Sonam J Sherpa,New Sherpa Song 2016/Allami hoss by Sonam J Sherpa,300.0,1,New Sherpa Song 2016_Allami hoss by Sonam J Sherpa - New Sherpa Song 2016_Allami hoss by Sonam J Sherpa.mp3,sherpa song,3163,Pir Song,Samjhana Bhandari,66.7,70.6,weak
nickolarse wright|trap nepal,NickolARSE Wright,Trap nepal,0.0,1,Trap nepal.mp3,Trap Nepal,2944,Nepal Nepal,Robin Tamang,100.0,51.9,weak
nigma sherpa mona galan tek bhr chandra waiba|suna hai maichiyang,"Nigma Sherpa, Mona Galan, Tek Bhr, Chandra Waiba",Suna Hai Maichiyang,317.0,1,"Nigma Sherpa, Mona Galan, Tek Bhr, Chandra Waiba - Suna Hai Maichiyang.mp3",SHERPA,2290,Suna,Naren Limbu,100.0,70.6,weak
nihal bomzon|maya garne chu,Nihal Bomzon,Maya Garne Chu,270.0,1,Nihal Bomzon - Maya Garne Chu.mp3,Maya Garne Chu,526,Maya,Ashutosh KC,100.0,61.5,weak
nika cobweb|jade,NIka Cobweb,Jade,134.0,1,NIka Cobweb - Jade.mp3,Cobweb,1844,Haude,Laure,66.7,100.0,weak
nika cobweb|lynch,NIka Cobweb,Lynch,135.0,1,NIka Cobweb - Lynch.mp3,Cobwebs,,,,54.5,100.0,weak
nika cobweb|stand my ground,NIka Cobweb,Stand My Ground,112.0,1,NIka Cobweb - Stand My Ground.mp3,Cobweb,171,Stand Up,Adrian Pradhan,76.9,100.0,weak
nima rumba anna dewan|aauna sangai nachau,Nima Rumba & Anna Dewan,Aauna Sangai Nachau,312.0,1,Nima Rumba & Anna Dewan - Aauna Sangai Nachau.mp3,Nima Rumba,3230,Sangai,Sareen Deoja,100.0,100.0,strong
nima rumba beby k c|kaslai diun yo joban,Nima Rumba & Beby K C,Kaslai Diun Yo Joban,240.0,1,Nima Rumba & Beby K C - Kaslai Diun Yo Joban.mp3,Nima Rumba,3736,Kasto Yo Din,The Edge Band,62.5,100.0,weak
nima rumba|aafnai desha pyaro,Nima Rumba,Aafnai Desha Pyaro,371.0,1,Nima Rumba - Aafnai Desha Pyaro.mp3,Nima Rumba,2817,Baadal Pari Ko Desh,Raju Lama,64.9,100.0,weak
nima rumba|aau aau na,Nima Rumba,Aau Aau Na,315.0,1,Nima Rumba - Aau Aau Na.mp3,Nima Rumba,182,Na Aau Feri,Akash khadka,100.0,100.0,strong
nima rumba|afnai desh pyaro,Nima Rumba,Afnai Desh Pyaro,371.0,1,Nima Rumba - Afnai Desh Pyaro.mp3,Nima Rumba,3970,Afnai Bato,VTEN,66.7,100.0,weak
nima rumba|bachna gahro,Nima Rumba,Bachna Gahro,357.0,1,Nima Rumba - Bachna Gahro.mp3,Nima Rumba,4085,Garo Chha,Yash Kumar,76.2,100.0,weak
nima rumba|block heel,Nima Rumba,Block heel,258.0,1,Nima Rumba - Block heel.mp3,Nima Rumba,2432,Block Hill,Nima Rumba,80.0,100.0,probable
nima rumba|block heel shoes,Nima Rumba,Block Heel Shoes,256.0,1,Nima Rumba - Block Heel Shoes.mp3,Nima Rumba,2432,Block Hill,Nima Rumba,66.7,100.0,weak
nima rumba|block hill,Nima Rumba,Block Hill,257.0,1,Nima Rumba - Block Hill.mp3,Nima Rumba,2432,Block Hill,Nima Rumba,100.0,100.0,strong
nima rumba|chiso chiso,Nima Rumba,Chiso Chiso,314.0,1,Nima Rumba - Chiso Chiso.mp3,Nima Rumba,859,Chiso Chiso,Brijesh Shrestha & Hakim,100.0,100.0,strong
nima rumba|danda pari,Nima Rumba,Danda pari,326.0,1,Nima Rumba - Danda pari.mp3,Nima Rumba,270,Pari,Anil Singh,100.0,100.0,strong
nima rumba|happy birthday,Nima Rumba,Happy Birthday,356.0,1,Nima Rumba - Happy Birthday (2).mp3,Nima Rumba,,,,59.3,100.0,weak
nima rumba|jadai chu ma hai,Nima Rumba,Jadai chu ma hai,280.0,1,Nima Rumba - Jadai chu ma hai.mp3,Nima Rumba,3773,Ma,The Shadows 'Nepal',100.0,100.0,strong
nima rumba|jeevan bigaryo,Nima Rumba,Jeevan Bigaryo,400.0,1,Nima Rumba - Jeevan Bigaryo.mp3,Nima Rumba,1155,Jeevan,Dixita Karki,100.0,100.0,strong
nima rumba|juneli raat ma,Nima Rumba,Juneli Raat Ma,264.0,1,Nima Rumba - Juneli Raat Ma.mp3,Nima Rumba,3773,Ma,The Shadows 'Nepal',100.0,100.0,strong
nima rumba|lalita,Nima Rumba,Lalita,391.0,1,Nima Rumba - Lalita.mp3,Nima Rumba,1038,Laila,Deepak Bajracharya,72.7,100.0,weak
nima rumba|maya maya,Nima Rumba,Maya maya,354.0,1,Nima Rumba - Maya maya.mp3,Nima Rumba,2438,Maya Maya,Nima Rumba,100.0,100.0,strong
nima rumba|maya priti gansu bhanda,Nima Rumba,Maya Priti Gansu Bhanda,214.0,1,Nima Rumba - Maya Priti Gansu Bhanda.mp3,Nima Rumba,526,Maya,Ashutosh KC,100.0,100.0,strong
nima rumba|meri preyashi,Nima Rumba,Meri Preyashi,287.0,1,Nima Rumba - Meri Preyashi.mp3,Nima Rumba,2439,Meri Priyasi,Nima Rumba,88.0,100.0,probable
nima rumba|my thought,Nima Rumba,My Thought,271.0,1,Nima Rumba - My Thought.mp3,Nima Rumba,,,,53.3,100.0,weak
nima rumba|naya naya,Nima Rumba,Naya Naya,232.0,1,Nima Rumba - Naya Naya.mp3,Nima Rumba,777,Naya Din,Bipul Chettri,100.0,100.0,strong
nima rumba|pagal,Nima Rumba,Pagal,295.0,1,Nima Rumba - Pagal.mp3,Nima Rumba,3574,Pagal,Sushant KC | OST From Karma Movie,100.0,100.0,strong
nima rumba|preeti basyo,Nima Rumba,Preeti Basyo,310.0,1,Nima Rumba - Preeti Basyo.mp3,Nima Rumba,2442,Preeti Basyo,Nima Rumba,100.0,100.0,strong
nima rumba|priti basyo,Nima Rumba,Priti Basyo,306.0,1,Nima Rumba - Priti Basyo.mp3,Nima Rumba,2442,Preeti Basyo,Nima Rumba,87.0,100.0,probable
nima rumba|priyasi,Nima Rumba,Priyasi,283.0,1,Nima Rumba - Priyasi.mp3,Nima Rumba,2439,Meri Priyasi,Nima Rumba,100.0,100.0,strong
nima rumba|ramailo yo sanjha,Nima Rumba,Ramailo yo sanjha,314.0,1,Nima Rumba - Ramailo yo sanjha.mp3,Nima Rumba,163,Ramailo Lagcha,Adrian Pradhan,71.0,100.0,weak
nima rumba|sajha ko jet plane ma,Nima Rumba,Sajha ko jet plane ma,342.0,1,Nima Rumba - Sajha ko jet plane ma.mp3,Nima Rumba,3773,Ma,The Shadows 'Nepal',100.0,100.0,strong
nima rumba|samjhera ti din haru,Nima Rumba,Samjhera ti din haru,384.0,1,Nima Rumba - Samjhera ti din haru.mp3,Nima Rumba,419,Din,Anuprastha,100.0,100.0,strong
nima rumba|samjhera timi,Nima Rumba,Samjhera timi,316.0,1,Nima Rumba - Samjhera timi.mp3,Nima Rumba,752,Timi,Binit Shrestha,100.0,100.0,strong
nima rumba|subarna pur,Nima Rumba,Subarna Pur,346.0,1,Nima Rumba - Subarna Pur.mp3,Nima Rumba,2095,Purbai Tira,Monkey Temple Nepal,63.6,100.0,weak
nima rumba|sundar,Nima Rumba,Sundar,281.0,1,Nima Rumba - Sundar.mp3,Nima Rumba,2403,Sundar Shanta Nepal,Nepathya,100.0,100.0,strong
nima rumba|sweet heart,Nima Rumba,Sweet Heart,340.0,1,Nima Rumba - Sweet Heart (2).mp3,Nima Rumba,808,Way To my Heart Nepali poetry,Birendra Ghimire,62.5,100.0,weak
nima rumba|timilai aankhama,Nima Rumba,Timilai Aankhama,275.0,1,Nima Rumba - Timilai Aankhama.mp3,Nima Rumba,1555,Timilai,James Shrestha,100.0,100.0,strong
nima rumba|timro yaad le,Nima Rumba,Timro Yaad Le,294.0,1,Nima Rumba - Timro Yaad Le.mp3,Nima Rumba,329,Satauchha Timro Yaad Le,Anju Panta,100.0,100.0,strong
nira ranabhat deepak limbu|aau garau piratika,"Nira Ranabhat, Deepak Limbu",Aau Garau Piratika,307.0,1,"Nira Ranabhat, Deepak Limbu - Aau Garau Piratika.mp3",Deepak Limbu,1162,Pratikchya Garna,DM Boots,70.6,100.0,weak
nira ranabhat feat deepak limbu|aau garau pirati,Nira Ranabhat Feat. Deepak Limbu,Aau Garau Pirati,306.0,1,Nira Ranabhat Feat. Deepak Limbu - Aau Garau Pirati.mp3,Deepak Limbu,2159,Aaja Ra Rati,Narayan Gopal,71.4,100.0,weak
nirbachan rai|kanchhi basin,Nirbachan Rai,Kanchhi Basin,265.0,1,Nirbachan Rai - Kanchhi Basin.mp3,Kanchhi,420,Kanchhi,Anuprastha,100.0,69.2,weak
nishan adhikari|mero chahanaa aidray,nishan Adhikari,Mero chahanaa Aidray,53.0,1,Mero chahanaa Aidray.m4a,Aidray Nepali rap,124,Chha Mero Aru Sansaar,Abhaya and the Steam Engines,73.2,100.0,weak
nishan bhattarai feat melina rai|kutu kutu,Nishan Bhattarai feat. Melina Rai,Kutu Kutu,334.0,1,Nishan Bhattarai feat. Melina Rai - Kutu Kutu.mp3,Melina Rai,3142,Kutu Kutu,Samir Acharya and Sudha Ratna From Nepali Movie Kumva Karan,100.0,100.0,strong
nishit malkania|jai shiv shankar bhole nath,Nishit Malkania,Jai Shiv Shankar Bhole Nath,321.0,1,Nishit Malkania - Jai Shiv Shankar Bhole Nath.mp3,Shiv Shankar,1543,Shankar Bhole,Ishwor Krishna Bhurtel,100.0,58.1,weak
nk raja nepali|dhamaka sareaam hojai,Nk Raja Nepali,Dhamaka Sareaam Hojai,228.0,1,Nk Raja Nepali - Dhamaka Sareaam Hojai.mp3,nepali,2808,Jaga Lamka Chamka Hai,"Rajesh Payal Rai, Ram Krishna Dhakal",66.7,74.1,weak
nk raja nepali|dulhin kariya chahai gor hoi,Nk Raja Nepali,Dulhin Kariya Chahai Gor Hoi,383.0,1,Nk Raja Nepali - Dulhin Kariya Chahai Gor Hoi.mp3,nepali,,,,56.6,74.1,none
nomad feat kandara diebaté|badala,Nomad feat. Kandara Diebaté,Badala,353.0,1,Nomad feat. Kandara Diebaté - Badala.mp3,Kandara,2716,Baadal,Purna Rai & Dajubhaiharu,83.3,100.0,probable
nomad feat kandara diebaté|balafola,Nomad feat. Kandara Diebaté,Balafola,376.0,1,Nomad feat. Kandara Diebaté - Balafola.mp3,Kandara,88,Salala,2024,71.4,100.0,weak
nomad feat kandara diebaté|cassamance,Nomad feat. Kandara Diebaté,Cassamance,214.0,1,Nomad feat. Kandara Diebaté - Cassamance.mp3,Kandara,1988,Manche,Mc Flo,62.5,100.0,weak
nomad feat kandara diebaté|confiance en soi,Nomad feat. Kandara Diebaté,Confiance En Soi,292.0,1,Nomad feat. Kandara Diebaté - Confiance En Soi.mp3,Kandara,,,,57.1,100.0,weak
nomad feat kandara diebaté|dugga,Nomad feat. Kandara Diebaté,Dugga,302.0,1,Nomad feat. Kandara Diebaté - Dugga.mp3,Kandara,2969,Dhungale,Rohit John Chettri,61.5,100.0,weak
nomad feat kandara diebaté|fabara,Nomad feat. Kandara Diebaté,Fabara,377.0,1,Nomad feat. Kandara Diebaté - Fabara.mp3,Kandara,822,Abhava,"Bishnu Majhi, Ganesh Adhikari",66.7,100.0,weak
nomad feat kandara diebaté|sokhna si,Nomad feat. Kandara Diebaté,Sokhna Si,403.0,1,Nomad feat. Kandara Diebaté - Sokhna Si.mp3,Kandara,846,Hasi Rakhana,Brijesh Shrestha,66.7,100.0,weak
nomad feat kandara diebaté|xebate,Nomad feat. Kandara Diebaté,Xebate,346.0,1,Nomad feat. Kandara Diebaté - Xebate.mp3,Kandara,4044,Cheater,Yabi The G.O.A.T,61.5,100.0,weak
noor jehan bakhshi wazir tanveer naqvi|sajjan ghairat wala,"Noor Jehan, Bakhshi Wazir, Tanveer Naqvi",Sajjan Ghairat Wala,225.0,1,"Noor Jehan, Bakhshi Wazir, Tanveer Naqvi - Sajjan Ghairat Wala.mp3",Sajjan,1370,Sajjan Raj Vaidya - Parkhaai,Genius Romanizations,66.7,54.0,weak
noor jehan inayat hussain bhatti|ji o sajjan pyariya,"Noor Jehan, Inayat Hussain Bhatti",Ji O Sajjan Pyariya,232.0,1,"Noor Jehan, Inayat Hussain Bhatti - Ji O Sajjan Pyariya.mp3",Sajjan,3246,Sajha Paryo Ali Ali,Satya Raj Acharya,64.7,57.1,none
noor jehan inayat hussain hazeen qadri ghulam ahmed chishti|geo sajjan pyarya,"Noor Jehan, Inayat Hussain, Hazeen Qadri, Ghulam Ahmed Chishti",Geo Sajjan Pyarya,240.0,1,"Noor Jehan, Inayat Hussain, Hazeen Qadri, Ghulam Ahmed Chishti - Geo Sajjan Pyarya.mp3",Sajjan,3246,Sajha Paryo Ali Ali,Satya Raj Acharya,62.5,75.0,none
noor jehan khawaja pervaiz ghulam ahmed chishti|sajjan mull puchhiya a pyar da main kamli hoi,"Noor Jehan, Khawaja Pervaiz, Ghulam Ahmed Chishti",Sajjan Mull Puchhiya A Pyar Da Main Kamli Hoi,210.0,1,"Noor Jehan, Khawaja Pervaiz, Ghulam Ahmed Chishti - Sajjan Mull Puchhiya A Pyar Da Main Kamli Hoi.mp3",Sajjan,,,,52.6,75.0,none
noor jehan khawaja pervaiz wajahat attray|sajjan milya pooray ho geye meray dil day chah,"Noor Jehan, Khawaja Pervaiz, Wajahat Attray",Sajjan Milya Pooray Ho Geye Meray Dil Day Chah,220.0,1,"Noor Jehan, Khawaja Pervaiz, Wajahat Attray - Sajjan Milya Pooray Ho Geye Meray Dil Day Chah.mp3",Sajjan,357,Aye Dil,Ankit Tiwari,60.0,54.5,none
noor jehan mushtaq ali masroor anwar|sajjan russ painday nay,"Noor Jehan, Mushtaq Ali, Masroor Anwar",Sajjan Russ Painday Nay,220.0,1,"Noor Jehan, Mushtaq Ali, Masroor Anwar - Sajjan Russ Painday Nay.mp3",Sajjan,,,,56.6,50.8,none
noor jehan tasleem fazli nisar bazmi|sajjan mere hone wale hain,"Noor Jehan, Tasleem Fazli, Nisar Bazmi",Sajjan Mere Hone Wale Hain,225.0,1,"Noor Jehan, Tasleem Fazli, Nisar Bazmi - Sajjan Mere Hone Wale Hain.mp3",Sajjan,,,,57.1,50.0,none
noor jehan|dil kamla sajjan kamla,Noor Jehan,Dil Kamla Sajjan Kamla,200.0,1,Noor Jehan - Dil Kamla Sajjan Kamla.mp3,Sajjan,2610,Najauna Malai Chhodi,Prakash Shrestha & Sushma Shrestha,61.1,57.1,none
noor jehan|sajjan mull puchhiya ae pyar da,Noor Jehan,Sajjan Mull Puchhiya Ae Pyar Da,203.0,1,Noor Jehan - Sajjan Mull Puchhiya Ae Pyar Da.mp3,Sajjan,,,,55.9,57.1,none
noorul huda nepali|dama dam mast qalandar,Noorul Huda Nepali,Dama Dam Mast Qalandar,365.0,1,Noorul Huda Nepali - Dama Dam Mast Qalandar.mp3,nepali,,,,58.8,64.5,none
noorul huda nepali|nigahe naaz se dil ko,Noorul Huda Nepali,Nigahe Naaz Se Dil KO,249.0,1,Noorul Huda Nepali - Nigahe Naaz Se Dil KO.mp3,nepali,357,Aye Dil,Ankit Tiwari,60.0,64.5,none
nusrat sardol feat qaiser kandara|tasveeran,Nusrat Sardol feat. Qaiser Kandara,Tasveeran,367.0,1,Nusrat Sardol feat. Qaiser Kandara - Tasveeran.mp3,Kandara,4101,Tasvir,Yodda,66.7,100.0,weak
ol dirty bastard|baby c mon,Ol' Dirty Bastard,Baby C'mon,0.0,1,Baby C'mon.m4a,Lil Buddha,1076,Mero Bya Bha Chaina,Deepika Bayambhu Magar,62.1,53.8,none
ol dirty bastard|brooklyn zoo,Ol' Dirty Bastard,Brooklyn Zoo,0.0,1,Brooklyn Zoo.m4a,Lil Buddha,,,,48.0,53.8,none
ol dirty bastard|hippa to da hoppa,Ol' Dirty Bastard,Hippa To Da Hoppa,0.0,1,Hippa To Da Hoppa.m4a,Lil Buddha,2924,Tyo Pari dada,Ray Mec,60.0,53.8,none
ol dirty bastard|raw ride,Ol' Dirty Bastard,Raw Ride,0.0,1,Raw Ride.m4a,Lil Buddha,632,Gorkha Rifle,Balen,60.0,53.8,none
ol dirty bastard|shimmy shimmy ya,Ol' Dirty Bastard,Shimmy Shimmy Ya,0.0,1,Shimmy Shimmy Ya.m4a,Lil Buddha,3983,Himmat,VTEN,66.7,53.8,weak
om prakash nepali|ab ki balen ke jitaiha,Om Prakash Nepali,Ab Ki Balen Ke Jitaiha,229.0,1,Om Prakash Nepali - Ab Ki Balen Ke Jitaiha.mp3,nepali,,,,55.6,73.7,none
om prakash nepali|ab ki banaibai ge maugi balen sarkar ge,Om Prakash Nepali,Ab Ki Banaibai Ge Maugi Balen Sarkar Ge,200.0,1,Om Prakash Nepali - Ab Ki Banaibai Ge Maugi Balen Sarkar Ge.mp3,nepali,,,,54.3,73.7,none
om prakash nepali|bain gelai bhaiya balen sarkar ho,Om Prakash Nepali,Bain Gelai Bhaiya Balen Sarkar Ho,159.0,1,Om Prakash Nepali - Bain Gelai Bhaiya Balen Sarkar Ho.mp3,Om Prakash Nepali,,,,55.2,73.7,none
om prakash nepali|mile aan jange janakpur bihan ge,Om Prakash Nepali,Mile Aan Jange Janakpur Bihan Ge,166.0,1,Om Prakash Nepali - Mile Aan Jange Janakpur Bihan Ge.mp3,nepali,,,,58.6,73.7,none
om prakash nepali|niman kaniya diye debi maiya,Om Prakash Nepali,Niman Kaniya Diye Debi Maiya,181.0,1,Om Prakash Nepali - Niman Kaniya Diye Debi Maiya.mp3,nepali,2012,Ek Kaan Dui Kaan Maidaan,Melina Rai,63.8,73.7,none
om sunar melina rai feat salon basnet|chandrama jhai,"Om Sunar, Melina Rai feat. Salon Basnet",Chandrama Jhai,243.0,1,"Om Sunar, Melina Rai feat. Salon Basnet - Chandrama Jhai.mp3",Melina Rai,649,Chandrama Na'bhako Raatma Pani (Prologue),Bartika Eam Rai,78.3,100.0,probable
omioso|nai malai tehi kt prakash poudel buy,OMIOSO,Nai malai tehi kt--- prakash poudel-nepali rap song (buy=free download),0.0,1,Nai malai tehi kt--- prakash poudel-nepali rap song (buy=free download).m4a,Aidray Nepali rap,35,Baru Malai,1974 AD,66.7,47.1,weak
omprakash nepali mukhiya suman sona|chalna ge jaan kale love marriage hum lebau nai dahej,"omprakash nepali mukhiya, Suman Sona",chalna ge jaan kale love marriage hum lebau nai dahej,173.0,1,"omprakash nepali mukhiya, Suman Sona - chalna ge jaan kale love marriage hum lebau nai dahej.mp3",nepali,901,Love Song,Chhewang Lama,61.5,72.0,none
orange festival of adventure music dambuk|resham firiri nepali folk song,"Orange Festival of Adventure & Music,Dambuk",Resham Firiri ( Nepali Folk Song) | Fiddler's Green | Orange Festival Dambuk,283.0,1,Resham Firiri ( Nepali Folk Song) ｜ Fiddler's Green ｜ Orange Festival Dambuk.m4a,Resham Firiri,207,Nepali,Albatross,100.0,71.4,weak
orchester der kulturen adrian werum feat jay alexander kandara diebate|im wunderschönen monat mai,"Orchester der Kulturen, Adrian Werum feat. Jay Alexander, Kandara Diebate",Im Wunderschönen Monat Mai,306.0,1,"Orchester der Kulturen, Adrian Werum feat. Jay Alexander, Kandara Diebate - Im Wunderschönen Monat Mai.mp3",Kandara,,,,54.5,100.0,weak
orchester der kulturen adrian werum feat kandara diebate oksana voytovich jerusalem ilfu stuttg|für mein neues vaterland,"Orchester der Kulturen, Adrian Werum feat. Kandara Diebate, Oksana Voytovich, Jerusalem Ilfu, Stuttg",Für Mein Neues Vaterland,276.0,1,"Orchester der Kulturen, Adrian Werum feat. Kandara Diebate, Oksana Voytovich, Jerusalem Ilfu, Stuttg - Für Mein Neues Va.mp3",Kandara,,,,51.0,100.0,weak
orchester der kulturen adrian werum feat kandara diebate|kon tiki,"Orchester der Kulturen, Adrian Werum feat. Kandara Diebate",Kon-Tiki,353.0,1,"Orchester der Kulturen, Adrian Werum feat. Kandara Diebate - Kon-Tiki.mp3",Kandara,1167,Oh Timi,Doleck,66.7,100.0,weak
orchester der kulturen feat andreas post kandara diebate|ich liebe dich,"Orchester der Kulturen feat. Andreas Post, Kandara Diebate",Ich liebe Dich,160.0,1,"Orchester der Kulturen feat. Andreas Post, Kandara Diebate - Ich liebe Dich.mp3",Kandara,,,,51.4,100.0,weak
orestis plakidis giorgos milonas|h theia manou,"Orestis Plakidis, Giorgos Milonas",H Theia Manou,167.0,1,"Orestis Plakidis, Giorgos Milonas - H Theia Manou.mp3",Theia,1098,Manai Ta Ho,Dharmendra Sewan,66.7,48.4,weak
oriole|sherpa song,Oriole,Sherpa Song,315.0,1,Oriole - Sherpa Song.mp3,sherpa song,2667,Bihe Pass Song,Pratap Das,72.0,50.0,weak
oshiro|gunung galanda nyanyanyanya shinciros mp3,Oshiro,Gunung Galanda Nyanyanyanya - Shinciros.mp3,0.0,1,Gunung Galanda Nyanyanyanya - Shinciros.mp3.m4a,Ambar Gurung,,,,47.1,61.5,none
osr digital|damphu ko kairan,OSR Digital,"Damphu Ko Kairan || MAITIGHAR Nepali Movie Official Song 2025 || Dhiraj Magar, Upasana Singh",164.0,1,"Damphu Ko Kairan ｜｜ MAITIGHAR Nepali Movie Official Song 2025 ｜｜ Dhiraj Magar, Upasana Singh.m4a",Maiti Ghar,1008,Adhar Ko Muskan,Deep Shrestha,64.5,60.9,none
osr digital|gurasa fulda banai ghamailo nepali movie super star song,OSR Digital,"Gurasa Fulda Banai Ghamailo - Nepali Movie Super Star Song | Susmita KC, Bhuwan KC | Sadhana Sargam",324.0,1,"Gurasa Fulda Banai Ghamailo - Nepali Movie Super Star Song ｜ Susmita KC, Bhuwan KC ｜ Sadhana Sargam.m4a",Maiti Ghar,207,Nepali,Albatross,100.0,60.9,weak
osr digital|maitighar,OSR Digital,"MAITIGHAR || Nepali Movie Official Title Song 2025 || Upasana Singh Thakuri, Shyama Shree Sherpa",318.0,1,"MAITIGHAR ｜｜ Nepali Movie Official Title Song 2025 ｜｜ Upasana Singh Thakuri, Shyama Shree Sherpa.m4a",Maiti Ghar,2655,Maijharo,Prashant Siwakoti,70.6,60.9,weak
osr digital|purbai bata paschimai,OSR Digital,Purbai Bata Paschimai || Nepali Movie NISHANI Song || Latest Nepali Prashant Tamang Song,252.0,1,Purbai Bata Paschimai ｜｜ Nepali Movie NISHANI Song ｜｜ Latest Nepali Prashant Tamang Song.m4a,Salaijo,2095,Purbai Tira,Monkey Temple Nepal,70.6,60.9,weak
osr digital|udaayo mann,OSR Digital,Udaayo Mann | BEHULI from MEGHAULI Nepali Movie Official Song | Swastima Khadka | Simran Khadka,284.0,1,Udaayo Mann ｜ BEHULI from MEGHAULI Nepali Movie Official Song ｜ Swastima Khadka ｜ Simran Khadka.m4a,Maiti Ghar,772,Mann,Bipul Chettri,100.0,60.9,weak
osr movies|narisau mitini jyu,OSR Movies,"Narisau Mitini Jyu || Nepali Movie MITINI Official Title Song || Rekha Thapa, Bipana Thapa",295.0,1,"Narisau Mitini Jyu ｜｜ Nepali Movie MITINI Official Title Song ｜｜ Rekha Thapa, Bipana Thapa.m4a",Maiti Ghar,4006,Narisau Aja,Wangden Sherpa,77.8,55.2,weak
osrdigital|a bataas jaau chhora laai bolau,OSRDigital,"A Bataas Jaau Chhora Laai Bolau || AA BATA AAMA Movie Sad Song || Bipana Thapa, Pradeep, Paul",284.0,1,"A Bataas Jaau Chhora Laai Bolau ｜｜ AA BATA AAMA Movie Sad Song ｜｜ Bipana Thapa, Pradeep, Paul.m4a",channel:OSRDigital,3519,Bolau Ma,Surakshya Malla,76.9,55.6,weak
osrdigital|aakha bhari aansu,OSRDigital,"Aakha Bhari Aansu | GAUTHALI || Movie Sad Song 2026 | Simran Khadka, Madan Krishna Shrestha",300.0,1,"Aakha Bhari Aansu ｜ GAUTHALI ｜｜ Movie Sad Song 2026 ｜ Simran Khadka, Madan Krishna Shrestha.m4a",channel:OSRDigital,3062,Sapanabhai Aankhama,Sadhana Sargam,72.2,55.6,weak
osrdigital|aama,OSRDigital,"Aama || Mithila Sharma, Nimesh Thapa, Ronish Khadka || New Nepali Official Song 2025 / 2082",414.0,1,"Aama ｜｜ Mithila Sharma, Nimesh Thapa, Ronish Khadka ｜｜ New Nepali Official Song 2025 ⧸ 2082.m4a",channel:OSRDigital,1938,Aama,Mantra Band,100.0,55.6,weak
osrdigital|aankha ko tyo nani nani,OSRDigital,"Aankha Ko Tyo Nani Nani || Nepali Movie MARYADA Song || Nikhil Upreti, Sanchita Luitel",339.0,1,"Aankha Ko Tyo Nani Nani ｜｜ Nepali Movie MARYADA Song ｜｜ Nikhil Upreti, Sanchita Luitel.m4a",channel:OSRDigital,2481,Ko Ho Tyo,Om Bikram Bista,80.0,55.6,weak
osrdigital|aau yasto desh banau,OSRDigital,"Aau Yasto Desh Banau || BIGUL Nepali Movie Song 2082 || Benisha Hamal, Naren Khadka, Ramesh, Meera",350.0,1,"Aau Yasto Desh Banau ｜｜ BIGUL Nepali Movie Song 2082 ｜｜ Benisha Hamal, Naren Khadka, Ramesh, Meera.m4a",channel:OSRDigital,2646,Aau Re,Prasanna Dhoj Pradhan,66.7,55.6,weak
osrdigital|aina herera kapal korera,OSRDigital,"Aina Herera Kapal Korera || PENSION PATTA Movie Song 2026 || Manoj Gurung, Anusha Rai",356.0,1,"Aina Herera Kapal Korera ｜｜ PENSION PATTA Movie Song 2026 ｜｜ Manoj Gurung, Anusha Rai.m4a",channel:OSRDigital,1758,Kapalu Korera,"Khem Century, Samjhana Bhandari",64.9,55.6,none
osrdigital|baani a short musical journey,OSRDigital,"Baani (Official Lyrical Video) - A Short Musical Journey || Deenesh Chettri || Ft. Aaryan, Karoona",334.0,1,"Baani (Official Lyrical Video) - A Short Musical Journey ｜｜ Deenesh Chettri ｜｜ Ft. Aaryan, Karoona.m4a",channel:OSRDigital,3367,BAANI,Subani moktan,100.0,55.6,weak
osrdigital|baba ma aaye,OSRDigital,Baba Ma Aaye || AA BATA AAMA Movie || Tribute to Legendary Actor Pradeep Rawat Sir,284.0,1,Baba Ma Aaye ｜｜ AA BATA AAMA Movie ｜｜ Tribute to Legendary Actor Pradeep Rawat Sir.m4a,channel:OSRDigital,3773,Ma,The Shadows 'Nepal',100.0,55.6,weak
osrdigital|bachunjel runa napare,OSRDigital,"Bachunjel Runa Napare || Rajesh Payel Rai, Annu Chaudhary || Surbit Pandit, Gita, Smarika, Suresh",404.0,1,"Bachunjel Runa Napare ｜｜ Rajesh Payel Rai, Annu Chaudhary ｜｜ Surbit Pandit, Gita, Smarika, Suresh.m4a",channel:OSRDigital,1077,Bahun Baje Kina Kaseko,"Deepika Bayambhu Magar, Khem Century",60.5,55.6,none
osrdigital|badnami,OSRDigital,"Badnami || Ft. Kishor Paudel, Jahanwi Basnet, Khagendra Giri || Alone -X || New Nepali Song 2026",311.0,1,"Badnami ｜｜ Ft. Kishor Paudel, Jahanwi Basnet, Khagendra Giri ｜｜ Alone -X ｜｜ New Nepali Song 2026.m4a",channel:OSRDigital,3593,Badnam Bhai,Swaroop Raj Acharya,77.8,55.6,weak
osrdigital|ban ko koili banaima ramayo,OSRDigital,"Ban Ko Koili Banaima Ramayo || BIGUL Nepali Movie 2026 Lok Song || Yasraj Garach, Richa Thapa",269.0,1,"Ban Ko Koili Banaima Ramayo ｜｜ BIGUL Nepali Movie 2026 Lok Song ｜｜ Yasraj Garach, Richa Thapa.m4a",channel:OSRDigital,3283,Nyauli Banaima,"Shanti Shree Pariyar, Prashant Siwakoti | BARISTHA BALARAM",66.7,55.6,weak
osrdigital|banga banga,OSRDigital,"Banga Banga || BALIDAN Nepali Movie Official Song 2025 || Samir Bhatta, Santosh Sen, Sunil Chhetri",307.0,1,"Banga Banga ｜｜ BALIDAN Nepali Movie Official Song 2025 ｜｜ Samir Bhatta, Santosh Sen, Sunil Chhetri.m4a",channel:OSRDigital,16,Ranga,,80.0,55.6,weak
osrdigital|banko baato,OSRDigital,"Banko Baato || Ft. Sudhir Raazz Shrestha, Miss Pabi || New Nepali Song 2026 / 2082",358.0,1,"Banko Baato ｜｜ Ft. Sudhir Raazz Shrestha, Miss Pabi ｜｜ New Nepali Song 2026 ⧸ 2082.m4a",channel:OSRDigital,3518,Railko Bato,Suraj Pandit,72.7,55.6,weak
osrdigital|bato chhekera,OSRDigital,"Bato Chhekera | RAM NAAM SATYA Movie Sad Song 2026 | Biraj Bhatta, Divya Rayamajhi, Sushil Shrestha",373.0,1,"Bato Chhekera ｜ RAM NAAM SATYA Movie Sad Song 2026 ｜ Biraj Bhatta, Divya Rayamajhi, Sushil Shrestha.m4a",channel:OSRDigital,1754,Bato Birinchha,"Khem Century, Kamala Pokharel",66.7,55.6,weak
osrdigital|bhagwan sabai ko hoina ra,OSRDigital,"Bhagwan Sabai Ko Hoina Ra || PARVATI Movie Song 2026 || Neeta Dhungana Adhikari, Ashok Darji",243.0,1,"Bhagwan Sabai Ko Hoina Ra ｜｜ PARVATI Movie Song 2026 ｜｜ Neeta Dhungana Adhikari, Ashok Darji.m4a",channel:OSRDigital,1616,Ko Xa Ra,JOHN & THE LOCALS,76.9,55.6,weak
osrdigital|bhagya,OSRDigital,"Bhagya | I AM JIT BAHADUR Movie Song 2026 (Sad Song) | Jitu Nepal, Priyanka Karki, Barsha Raut",230.0,1,"Bhagya ｜ I AM JIT BAHADUR Movie Song 2026 (Sad Song) ｜ Jitu Nepal, Priyanka Karki, Barsha Raut.m4a",channel:OSRDigital,37,Chaya,1974 AD,72.7,55.6,weak
osrdigital|bhun bhun mahuri,OSRDigital,"Bhun Bhun Mahuri | MITAJYU Nepali Movie Song 2026 | Dayahang Rai, Saugat Malla, Rusha Neupane",357.0,1,"Bhun Bhun Mahuri ｜ MITAJYU Nepali Movie Song 2026 ｜ Dayahang Rai, Saugat Malla, Rusha Neupane.m4a",channel:OSRDigital,920,Bhumari,Chirag Khadka,77.8,55.6,weak
osrdigital|bityo raat samjhida,OSRDigital,"Bityo Raat Samjhida || Ramesh Chhetri, Malaika Basnet || Binay Karki Chhetri, Anjana Saru || Song",320.0,1,"Bityo Raat Samjhida ｜｜ Ramesh Chhetri, Malaika Basnet ｜｜ Binay Karki Chhetri, Anjana Saru ｜｜ Song.m4a",channel:OSRDigital,2141,Raat bityo,Nabin K Bhattarai,100.0,55.6,weak
osrdigital|budaa budi,OSRDigital,"Budaa Budi || Prakash Poudel || Ft. Kamal Singh, Sakshi Lamsal || New Nepali Song 2025",216.0,1,"Budaa Budi ｜｜ Prakash Poudel ｜｜ Ft. Kamal Singh, Sakshi Lamsal ｜｜ New Nepali Song 2025.m4a",channel:OSRDigital,921,Budi,Chirag Khadka,100.0,55.6,weak
osrdigital|changul,OSRDigital,"CHANGUL || Movie Official Title Song 2026 || Ravi Karki, O Negative, Sandesh Poudel, Vikram Karki",240.0,1,"CHANGUL ｜｜ Movie Official Title Song 2026 ｜｜ Ravi Karki, O Negative, Sandesh Poudel, Vikram Karki.m4a",channel:OSRDigital,475,Hanga Hanga,Aruna Lama,66.7,55.6,weak
osrdigital|chassa bari lai,OSRDigital,"Chassa Bari Lai || Melina Rai || Ft. Pooja Adhikari, Ananda Singh || New Nepali Song 2026 / 2083",366.0,1,"Chassa Bari Lai ｜｜ Melina Rai ｜｜ Ft. Pooja Adhikari, Ananda Singh ｜｜ New Nepali Song 2026 ⧸ 2083.m4a",channel:OSRDigital,1746,Lai Lai,Ketan Chhetri,100.0,55.6,weak
osrdigital|chha maya chhapakkai 2,OSRDigital,"CHHA MAYA CHHAPAKKAI 2 || Movie Official Title Song 2026 || Deepak-Deepa, Keki, Sanisha, Rhyaan",290.0,1,"CHHA MAYA CHHAPAKKAI 2 ｜｜ Movie Official Title Song 2026 ｜｜ Deepak-Deepa, Keki, Sanisha, Rhyaan.m4a",channel:OSRDigital,526,Maya,Ashutosh KC,100.0,55.6,weak
osrdigital|chham chhami nachauna,OSRDigital,"Chham Chhami Nachauna || New Teej Song 2083 || Mandabi Tripathi || Monika Tamang, Bina Lopchan",355.0,1,"Chham Chhami Nachauna ｜｜ New Teej Song 2083 ｜｜ Mandabi Tripathi ｜｜ Monika Tamang, Bina Lopchan.m4a",channel:OSRDigital,1981,Hami Sangai Ta chhau ni,MC Flo,63.6,55.6,none
osrdigital|chhuteka sapana,OSRDigital,"Chhuteka Sapana | Aadesh Gurmachhan | Subash Gajurel, Huma Bhandari, Rajesh || New Nepali Song 2026",409.0,1,"Chhuteka Sapana ｜ Aadesh Gurmachhan ｜ Subash Gajurel, Huma Bhandari, Rajesh ｜｜ New Nepali Song 2026.m4a",channel:OSRDigital,816,Sapana,Bishesh Silwal,100.0,55.6,weak
osrdigital|chiso chiso jhari,OSRDigital,"Chiso Chiso Jhari || Aakash Shrestha, Garima Sharma || Pratap Das, Rachana Rimal || Nepali Song",341.0,1,"Chiso Chiso Jhari ｜｜ Aakash Shrestha, Garima Sharma ｜｜ Pratap Das, Rachana Rimal ｜｜ Nepali Song.m4a",channel:OSRDigital,859,Chiso Chiso,Brijesh Shrestha & Hakim,100.0,55.6,weak
osrdigital|chupchaap,OSRDigital,"Chupchaap || Rachana Rimal, Parsu Mishra || Ft. Sushant Dhakal, Divyani Oli || New Nepali Song 2026",366.0,1,"Chupchaap ｜｜ Rachana Rimal, Parsu Mishra ｜｜ Ft. Sushant Dhakal, Divyani Oli ｜｜ New Nepali Song 2026.m4a",channel:OSRDigital,1842,Chup Laag,Laure,66.7,55.6,weak
osrdigital|chwappa moi,OSRDigital,"Chwappa Moi || Bindu Pariyar, Aashman Kc || New Nepali Song 2082 (New Music Video)",220.0,1,"Chwappa Moi ｜｜ Bindu Pariyar, Aashman Kc ｜｜ New Nepali Song 2082 (New Music Video).m4a",channel:OSRDigital,3673,Meri Champa,Tanka Timilsina,72.7,55.6,weak
osrdigital|dhago le bateko,OSRDigital,"Dhago Le Bateko || RAM NAAM SATYA Movie Official Song 2026 || Biraj Bhatta, Supuspa Bhatta",320.0,1,"Dhago Le Bateko ｜｜ RAM NAAM SATYA Movie Official Song 2026 ｜｜ Biraj Bhatta, Supuspa Bhatta.m4a",channel:OSRDigital,1423,Baneko cha paharale,Gopal Yonzan,64.7,55.6,none
osrdigital|dhaka topi daura ra suruwal,OSRDigital,"Dhaka Topi Daura Ra Suruwal || Dj-B || Jaya, Biyanka, Aayushma, Indu, Dikendra, Bibhu || Nepali Song",275.0,1,"Dhaka Topi Daura Ra Suruwal ｜｜ Dj-B ｜｜ Jaya, Biyanka, Aayushma, Indu, Dikendra, Bibhu ｜｜ Nepali Song.m4a",channel:OSRDigital,2307,Dhaka Topi Mailo,Nawaj Ansari,76.9,55.6,weak
osrdigital|dhaka topi siraima,OSRDigital,"Dhaka Topi Siraima || Movie Song “HARI BAHADUR KO JUTTA” || Swastima, Prakash | Hari Bansha Acharya",273.0,1,"Dhaka Topi Siraima ｜｜ Movie Song “HARI BAHADUR KO JUTTA” ｜｜ Swastima, Prakash ｜ Hari Bansha Acharya.m4a",channel:OSRDigital,1934,Sirko Topi Siraima,Manoj Shrestha,80.0,55.6,weak
osrdigital|dhalda lageko ko ghau,OSRDigital,"Dhalda Lageko Ko Ghau || PRABASI JIWAN Movie Song 2026 || Pramod Kharel || Shyam, Angela X, Rabin",234.0,1,"Dhalda Lageko Ko Ghau ｜｜ PRABASI JIWAN Movie Song 2026 ｜｜ Pramod Kharel ｜｜ Shyam, Angela X, Rabin.m4a",channel:OSRDigital,2370,Goreto Gaunko Duldai,Nepathya,68.3,55.6,weak
osrdigital|dhanya dhanya lokeshwor,OSRDigital,Dhanya Dhanya Lokeshwor || JHARI PACHHI KO INDRENI Movie Song || Roj Man Maharjan || Ganesh Upreti,413.0,1,Dhanya Dhanya Lokeshwor ｜｜ JHARI PACHHI KO INDRENI Movie Song ｜｜ Roj Man Maharjan ｜｜ Ganesh Upreti.m4a,channel:OSRDigital,,,,57.1,55.6,none
osrdigital|dharti bhanda pani thulo aama,OSRDigital,"Dharti Bhanda Pani Thulo Aama || JHINGEDAAU 2 Movie Song 2026 || Madan Krishna Shrestha, Mithila S",375.0,1,"Dharti Bhanda Pani Thulo Aama ｜｜ JHINGEDAAU 2 Movie Song 2026 ｜｜ Madan Krishna Shrestha, Mithila S.m4a",channel:OSRDigital,1007,Aama Aama,Deep Shrestha,100.0,55.6,weak
osrdigital|dhaule dhansar,OSRDigital,"Dhaule Dhansar || KINA LAGCHHA MAYA Nepali Movie Song 2026 || Sanjit, Jahanwi, Richa, Miss Pabi",389.0,1,"Dhaule Dhansar ｜｜ KINA LAGCHHA MAYA Nepali Movie Song 2026 ｜｜ Sanjit, Jahanwi, Richa, Miss Pabi.m4a",channel:OSRDigital,2103,Yaadharule,Monkey Temple Nepal,66.7,55.6,weak
osrdigital|dhunga mathi leu,OSRDigital,"Dhunga Mathi Leu || MALATI MANGALE Movie Song 2026 || Bijay Baral, Barsha Raut, Mexam Gaudel",245.0,1,"Dhunga Mathi Leu ｜｜ MALATI MANGALE Movie Song 2026 ｜｜ Bijay Baral, Barsha Raut, Mexam Gaudel.m4a",channel:OSRDigital,3873,Majhi Dai Le,Udit Narayan,71.4,55.6,weak
osrdigital|dilma thau chha,OSRDigital,"Dilma Thau Chha || BEHULI Nepali Movie Song 2026 || Cool Boy (Paras Bam Thakuri), Divya Rayamajhi",301.0,1,"Dilma Thau Chha ｜｜ BEHULI Nepali Movie Song 2026 ｜｜ Cool Boy (Paras Bam Thakuri), Divya Rayamajhi.m4a",channel:OSRDigital,4003,Thaha Chhaian,Vten (Samir Ghising),71.4,55.6,weak
osrdigital|duluwa,OSRDigital,"Duluwa || Himanshu Shrestha || Devendra Raj, Kabindra , Shrena, Shawn || New Nepali Song 2083 / 2026",305.0,1,"Duluwa ｜｜ Himanshu Shrestha ｜｜ Devendra Raj, Kabindra , Shrena, Shawn ｜｜ New Nepali Song 2083 ⧸ 2026.m4a",channel:OSRDigital,3705,Lukna Deu,The Axe,66.7,55.6,weak
osrdigital|fan chalyo gham ko dhupaima,OSRDigital,"Fan Chalyo Gham Ko Dhupaima || Bina Raut, Udaya Raj Giri || Ujjwal Babu, Junu Prasain || Nepali Song",350.0,1,"Fan Chalyo Gham Ko Dhupaima ｜｜ Bina Raut, Udaya Raj Giri ｜｜ Ujjwal Babu, Junu Prasain ｜｜ Nepali Song.m4a",channel:OSRDigital,253,Batas Chalyo,Ani Choying Dolma,66.7,55.6,weak
osrdigital|gantho,OSRDigital,"Gantho || Shiva Pariyar, Milan Newar || Ft. Kishor Khatiwada, Yogita Dahal || New Nepali Song 2026",364.0,1,"Gantho ｜｜ Shiva Pariyar, Milan Newar ｜｜ Ft. Kishor Khatiwada, Yogita Dahal ｜｜ New Nepali Song 2026.m4a",channel:OSRDigital,1834,Gatho,kushal poudel,90.9,55.6,weak
osrdigital|ghampani ghampani,OSRDigital,"Ghampani Ghampani || MAITIGHAR Nepali Movie Official Song 2025 || Prakash Saput, Upasana Singh",287.0,1,"Ghampani Ghampani ｜｜ MAITIGHAR Nepali Movie Official Song 2025 ｜｜ Prakash Saput, Upasana Singh.m4a",channel:OSRDigital,731,Ghampani,Bikki Gurung,100.0,55.6,weak
osrdigital|ghatu nach,OSRDigital,"Ghatu Nach || BAN PHOOL Movie Song 2026 (Gurung Culture Movie) || Mausam Gurung, Jonisha Gurung",262.0,1,"Ghatu Nach ｜｜ BAN PHOOL Movie Song 2026 (Gurung Culture Movie) ｜｜ Mausam Gurung, Jonisha Gurung.m4a",channel:OSRDigital,1180,Nach Nach Bhai Nach,Duregsh Thapa | Rajesh Payal Rai | Vyoma | Barsha Itani,73.7,55.6,weak
osrdigital|gori bhaneni bhana,OSRDigital,"Gori Bhaneni Bhana (Audio Song) || Nepali Movie MAUSAM Song || Aryan Sigdel, Ranjana Sharma",297.0,1,"Gori Bhaneni Bhana (Audio Song) ｜｜ Nepali Movie MAUSAM Song ｜｜ Aryan Sigdel, Ranjana Sharma.m4a",channel:OSRDigital,548,Bhana,Astha Tamang-Maskey,100.0,55.6,weak
osrdigital|gurasa fulda,OSRDigital,"Gurasa Fulda | MASTERNI Movie Song 2026 | Priyanka Karki, Barsha Raut | Ayanka Films | Melina Rai",335.0,1,"Gurasa Fulda ｜ MASTERNI Movie Song 2026 ｜ Priyanka Karki, Barsha Raut ｜ Ayanka Films ｜ Melina Rai.m4a",channel:OSRDigital,44,Gurasai Fulyo,1974 AD,80.0,55.6,weak
osrdigital|hamro nepal maa,OSRDigital,"Hamro Nepal Maa | Kushal Rana Magar, Raj Tiger | Siddhanta Bohara, Dip K.C., Rabina Karki | New Song",247.0,1,"Hamro Nepal Maa ｜ Kushal Rana Magar, Raj Tiger ｜ Siddhanta Bohara, Dip K.C., Rabina Karki ｜ New Song.m4a",channel:OSRDigital,205,Maa,Albatross,100.0,55.6,weak
osrdigital|harayeka sapana haru,OSRDigital,"Harayeka Sapana Haru || Prabesh Dhakal || Ft. Dev Sarkar, Barsha Siwakoti || New Nepali Song 2026",328.0,1,"Harayeka Sapana Haru ｜｜ Prabesh Dhakal ｜｜ Ft. Dev Sarkar, Barsha Siwakoti ｜｜ New Nepali Song 2026.m4a",channel:OSRDigital,816,Sapana,Bishesh Silwal,100.0,55.6,weak
osrdigital|hawa chalyo sirisiri,OSRDigital,"Hawa Chalyo Sirisiri || Ft. CD Vijaya Adhikari, Dipa Shahi || New Nepali Song 2026 (Music Video)",230.0,1,"Hawa Chalyo Sirisiri ｜｜ Ft. CD Vijaya Adhikari, Dipa Shahi ｜｜ New Nepali Song 2026 (Music Video).m4a",channel:OSRDigital,1901,Hawa Chalyo Siriri,"Mahesh Kafle, Melina Rai",94.7,55.6,weak
osrdigital|holi le mero rangayo audio song holi song,OSRDigital,"Holi Le Mero Rangayo - Audio Song (Holi Song) || Nepali Movie ADHIKAR Song || Kristi, Udit, Purnima",308.0,1,"Holi Le Mero Rangayo - Audio Song (Holi Song) ｜｜ Nepali Movie ADHIKAR Song ｜｜ Kristi, Udit, Purnima.m4a",channel:OSRDigital,3163,Pir Song,Samjhana Bhandari,66.7,55.6,weak
osrdigital|i am jit bahadur,OSRDigital,I AM JIT BAHADUR || Movie Official Title Song 2026 || Kailash Kher || Suvendu Ghosh || Jitu Nepal,187.0,1,I AM JIT BAHADUR ｜｜ Movie Official Title Song 2026 ｜｜ Kailash Kher ｜｜ Suvendu Ghosh ｜｜ Jitu Nepal.m4a,channel:OSRDigital,714,Gyan Bahadur Choro,Bidhan Shrestha,60.9,55.6,none
osrdigital|i love you,OSRDigital,"I Love You || Niraj Shah, Shreeyanti Neupane, Simon Shah || New Nepali Song 2025 / 2082 || Suresh",248.0,1,"I Love You ｜｜ Niraj Shah, Shreeyanti Neupane, Simon Shah ｜｜ New Nepali Song 2025 ⧸ 2082 ｜｜ Suresh.m4a",channel:OSRDigital,267,I Love You,Anil Singh,100.0,55.6,weak
osrdigital|jaba farkinchhu ghar,OSRDigital,"Jaba Farkinchhu Ghar || JHARI PACHHI KO INDRENI Movie Lyrical Song 2082 || Ganesh Upreti, Bimoncham",247.0,1,"Jaba Farkinchhu Ghar ｜｜ JHARI PACHHI KO INDRENI Movie Lyrical Song 2082 ｜｜ Ganesh Upreti, Bimoncham.m4a",channel:OSRDigital,617,Jaba sanjha parchha,"Babu Bogati, Prakriti Giri",66.7,55.6,weak
osrdigital|jadaichhu naudanda katera,OSRDigital,"Jadaichhu Naudanda Katera | AA BATA AAMA Movie Sad Song 2026 | Bipana Thapa, Pradeep, Paul, Saigrace",222.0,1,"Jadaichhu Naudanda Katera ｜ AA BATA AAMA Movie Sad Song 2026 ｜ Bipana Thapa, Pradeep, Paul, Saigrace.m4a",channel:OSRDigital,4091,Tadha Tadha Jadaichhu Aaja,Yash Kumar,71.1,55.6,weak
osrdigital|jati maya diye pani,OSRDigital,Jati  Maya Diye Pani | New Nepali Song 2026 (2083) | Thaneshwor Gautam | Official Music Video,283.0,1,Jati  Maya Diye Pani ｜ New Nepali Song 2026 (2083) ｜ Thaneshwor Gautam ｜ Official Music Video.m4a,channel:OSRDigital,24,Jati Maya,1974 A.D,100.0,55.6,weak
osrdigital|jay jay durge mata,OSRDigital,"Jay Jay Durge Mata | Sharad Kumari Shrestha | Gyanu Rana, Narayan Babu, Shishir | Bhajan Song 2026",355.0,1,"Jay Jay Durge Mata ｜ Sharad Kumari Shrestha ｜ Gyanu Rana, Narayan Babu, Shishir ｜ Bhajan Song 2026.m4a",channel:OSRDigital,2874,Ma Ladeko Matra,Ram Krishna Dhakal,62.1,55.6,none
osrdigital|jhuto aarop,OSRDigital,"Jhuto Aarop | MALATI MANGALE Movie Song 2026 || Bijay Baral, Barsha Raut, Mexam Gaudel",299.0,1,"Jhuto Aarop ｜ MALATI MANGALE Movie Song 2026 ｜｜ Bijay Baral, Barsha Raut, Mexam Gaudel.m4a",channel:OSRDigital,848,Jhuto Maya,Brijesh Shrestha,76.2,55.6,weak
osrdigital|jhuto rahechha hey daiva,OSRDigital,"Jhuto Rahechha Hey Daiva || Shiva Pariyar || Ft. Gamvir Bista, Meeraa Pandit || New Nepali Song 2026",420.0,1,"Jhuto Rahechha Hey Daiva ｜｜ Shiva Pariyar ｜｜ Ft. Gamvir Bista, Meeraa Pandit ｜｜ New Nepali Song 2026.m4a",channel:OSRDigital,3954,Mai jhuto,"Urgen Dong, Annu Chaudhary",71.4,55.6,weak
osrdigital|jhyam param,OSRDigital,"Jhyam Param | MALATI MANGALE Movie Song | Bijay Baral, Barsha Raut, Mexam, Sabin Karki,Alisha Sharma",282.0,1,"Jhyam Param ｜ MALATI MANGALE Movie Song ｜ Bijay Baral, Barsha Raut, Mexam, Sabin Karki,Alisha Sharma.m4a",channel:OSRDigital,2897,Jhyaam Param Jhyaam Param,"Ram Krishna Dhakal, Melina Rai",95.7,55.6,weak
osrdigital|jumleli humleli,OSRDigital,"JUMLELI HUMLELI | Basanta Thapa Magar | Ft. Rasmila Tamang, Ashish Shrestha | New Nepali Song 2026",401.0,1,"JUMLELI HUMLELI ｜ Basanta Thapa Magar ｜ Ft. Rasmila Tamang, Ashish Shrestha ｜ New Nepali Song 2026.m4a",channel:OSRDigital,4150,Jhamke Guleli,झम्के गुलेली।,64.3,55.6,none
osrdigital|jun sanga ke dajura,OSRDigital,"Jun Sanga Ke Dajura || Rajesh Payal Rai || New Nepali Song 2082 || Ft. Bhuwan Lohani, Arbisha Thapa",343.0,1,"Jun Sanga Ke Dajura ｜｜ Rajesh Payal Rai ｜｜ New Nepali Song 2082 ｜｜ Ft. Bhuwan Lohani, Arbisha Thapa.m4a",channel:OSRDigital,327,Sangai Jiune Bacha,Anju Panta,70.3,55.6,weak
osrdigital|juni jaala,OSRDigital,"Juni Jaala || PENSION PATTA Movie Song 2026 || Dayahang Rai, Gaumaya Gurung, Buddhi, Wilson Bikram",393.0,1,"Juni Jaala ｜｜ PENSION PATTA Movie Song 2026 ｜｜ Dayahang Rai, Gaumaya Gurung, Buddhi, Wilson Bikram.m4a",channel:OSRDigital,3083,Juni,Sajjan Raj Vaidya,100.0,55.6,weak
osrdigital|jyan bho lattai changa bho mann,OSRDigital,"Jyan Bho Lattai Changa Bho Mann || PRABASI JIWAN Movie Song 2026 || Pratap Das, Shyam, Angela X",182.0,1,"Jyan Bho Lattai Changa Bho Mann ｜｜ PRABASI JIWAN Movie Song 2026 ｜｜ Pratap Das, Shyam, Angela X.m4a",channel:OSRDigital,772,Mann,Bipul Chettri,100.0,55.6,weak
osrdigital|ka kaa ki kii,OSRDigital,"KA KAA KI KII | Movie Title Song 2026 | Arjun Sapkota, Melina Rai, Miss Pabi, Sajina Khanal, Nischal",323.0,1,"KA KAA KI KII ｜ Movie Title Song 2026 ｜ Arjun Sapkota, Melina Rai, Miss Pabi, Sajina Khanal, Nischal.m4a",channel:OSRDigital,1280,K Timi Malai,Fuba Tamang,64.0,55.6,none
osrdigital|kaam jhyap jhyap mr d,OSRDigital,"Kaam Jhyap Jhyap - Mr. D | BARISTHA BALARAAM Movie OST | Dayahang Rai, Bijay Baral, Samriddhi Aryal",188.0,1,"Kaam Jhyap Jhyap - Mr. D ｜ BARISTHA BALARAAM Movie OST ｜ Dayahang Rai, Bijay Baral, Samriddhi Aryal.m4a",channel:OSRDigital,3942,Kaam,Uniq Poet,100.0,55.6,weak
osrdigital|kaha bata lyau baba,OSRDigital,"Kaha Bata Lyau Baba | HALEE Movie Sad Song 2026 | Pramod Deep, Sujata Thapa, Kanchan Dulal",216.0,1,"Kaha Bata Lyau Baba ｜ HALEE Movie Sad Song 2026 ｜ Pramod Deep, Sujata Thapa, Kanchan Dulal.m4a",channel:OSRDigital,2372,Ho Ho Baba Ho Ho,Nepathya,72.7,55.6,weak
osrdigital|kaha sakchhu ma rijhauna,OSRDigital,"Kaha Sakchhu Ma Rijhauna || Milan Timalsina || Avishek Parbate, Sonisha Khadka, Ramesh Ranabhat",251.0,1,"Kaha Sakchhu Ma Rijhauna ｜｜ Milan Timalsina ｜｜ Avishek Parbate, Sonisha Khadka, Ramesh Ranabhat.m4a",channel:OSRDigital,3773,Ma,The Shadows 'Nepal',100.0,55.6,weak
osrdigital|kahile kahi timi,OSRDigital,"Kahile Kahi Timi || Suresh Kohli, Bina Raut || Utsaha Kanta Mainali || New Nepali Song 2026",340.0,1,"Kahile Kahi Timi ｜｜ Suresh Kohli, Bina Raut ｜｜ Utsaha Kanta Mainali ｜｜ New Nepali Song 2026.m4a",channel:OSRDigital,52,Kahile Kahile,1974 AD,100.0,55.6,weak
osrdigital|kali kali,OSRDigital,"Kali Kali || SUNMUNA New Nepali Movie Song 2026 || Buddhi Tamang, Juna Karki, Lalit Golay, Dewraj",313.0,1,"Kali Kali ｜｜ SUNMUNA New Nepali Movie Song 2026 ｜｜ Buddhi Tamang, Juna Karki, Lalit Golay, Dewraj.m4a",channel:OSRDigital,578,Hey Mori Kali Na Gori,Axix Band,100.0,55.6,weak
osrdigital|khoto chha sikka numbari mohar,OSRDigital,"Khoto Chha Sikka Numbari Mohar || MOHAR Movie Sad Song 2025 || Paul Shah, Benisha Hamal, Niti Shah",139.0,1,"Khoto Chha Sikka Numbari Mohar ｜｜ MOHAR Movie Sad Song 2025 ｜｜ Paul Shah, Benisha Hamal, Niti Shah.m4a",channel:OSRDigital,17,Thik Chha,,61.5,55.6,none
osrdigital|lachkiney kammar,OSRDigital,"LACHKINEY KAMMAR || Bishan Magar || Praveen Singh, Bharat Jung Shah, Saigrace Pokharel || Song 2026",205.0,1,"LACHKINEY KAMMAR ｜｜ Bishan Magar ｜｜ Praveen Singh, Bharat Jung Shah, Saigrace Pokharel ｜｜ Song 2026.m4a",channel:OSRDigital,2014,Kammar Mathi,Melina Rai,71.4,55.6,weak
osrdigital|lai bari lai,OSRDigital,"Lai Bari Lai || ACHARYA Movie Song 2026 || Nikhil Upreti, Sajeena Shrestha",222.0,1,"Lai Bari Lai ｜｜ ACHARYA Movie Song 2026 ｜｜ Nikhil Upreti, Sajeena Shrestha.m4a",channel:OSRDigital,1811,Lai Bari Lai,Kumar Basnet,100.0,55.6,weak
osrdigital|laija khabar a hawa,OSRDigital,"Laija Khabar A Hawa || AA BATA AAMA Movie Title Song || Bipana Thapa, Pradeep Rawat, Paul Shah",332.0,1,"Laija Khabar A Hawa ｜｜ AA BATA AAMA Movie Title Song ｜｜ Bipana Thapa, Pradeep Rawat, Paul Shah.m4a",channel:OSRDigital,4120,Laija Chari Mero Khabar,Yogeshwor Amatya,77.4,55.6,weak
osrdigital|ma aafailai chindaichhu,OSRDigital,Ma Aafailai Chindaichhu || Mithila Sharma || Indira Joshi || Sita Simkhada || Govinda Simkhada,266.0,1,Ma Aafailai Chindaichhu ｜｜ Mithila Sharma ｜｜ Indira Joshi ｜｜ Sita Simkhada ｜｜ Govinda Simkhada.m4a,channel:OSRDigital,3773,Ma,The Shadows 'Nepal',100.0,55.6,weak
osrdigital|ma bhaina bhane,OSRDigital,"Ma Bhaina Bhane || BEHULI Nepali Movie Song 2026 || Cool Boy (Paras Bam Thakuri), Divya Rayamajhi",275.0,1,"Ma Bhaina Bhane ｜｜ BEHULI Nepali Movie Song 2026 ｜｜ Cool Boy (Paras Bam Thakuri), Divya Rayamajhi.m4a",channel:OSRDigital,3773,Ma,The Shadows 'Nepal',100.0,55.6,weak
osrdigital|ma farki aaula,OSRDigital,"Ma Farki Aaula || Binod Gazmere, Sanjita Singh || RJ Prabal, Nita Limbu, Aarav Mangar || New Song",408.0,1,"Ma Farki Aaula ｜｜ Binod Gazmere, Sanjita Singh ｜｜ RJ Prabal, Nita Limbu, Aarav Mangar ｜｜ New Song.m4a",channel:OSRDigital,3773,Ma,The Shadows 'Nepal',100.0,55.6,weak
osrdigital|ma udi jaau,OSRDigital,"Ma Udi Jaau || Samipan Rai || Ft. Binod Neupane, Pramila Khanal, Rose Saru Magar || New Nepali Song",232.0,1,"Ma Udi Jaau ｜｜ Samipan Rai ｜｜ Ft. Binod Neupane, Pramila Khanal, Rose Saru Magar ｜｜ New Nepali Song.m4a",channel:OSRDigital,3773,Ma,The Shadows 'Nepal',100.0,55.6,weak
osrdigital|maan ki jun,OSRDigital,"Maan Ki Jun || TIKHE DAAI KO JANTE BAKHRO || Nepali Movie Song 2026 || Ashish, Starsapan",244.0,1,"Maan Ki Jun ｜｜ TIKHE DAAI KO JANTE BAKHRO ｜｜ Nepali Movie Song 2026 ｜｜ Ashish, Starsapan.m4a",channel:OSRDigital,3819,Yo Maan,Trishala Gurung,72.7,55.6,weak
osrdigital|madi gayo gandaki,OSRDigital,"Madi Gayo Gandaki || PENSION PATTA Movie Song 2026 || Dayahang Rai, Gaumaya Gurung",291.0,1,"Madi Gayo Gandaki ｜｜ PENSION PATTA Movie Song 2026 ｜｜ Dayahang Rai, Gaumaya Gurung.m4a",channel:OSRDigital,3542,Gayo Ta Gayo,Sushant KC,72.7,55.6,weak
osrdigital|mahakali,OSRDigital,"MAHAKALI - New Nepali Song | Navyashree, Lomash Sharma | Eleena Chauhan, Shreedhar Adhikari",311.0,1,"MAHAKALI - New Nepali Song ｜ Navyashree, Lomash Sharma ｜ Eleena Chauhan, Shreedhar Adhikari.m4a",channel:OSRDigital,633,Jay Mahakali,Balen,100.0,55.6,weak
osrdigital|mahango maya,OSRDigital,Mahango Maya - Official Music Video 2026 || Ft. Hemantaa Rai || New Nepali Song 2026,250.0,1,Mahango Maya - Official Music Video 2026 ｜｜ Ft. Hemantaa Rai ｜｜ New Nepali Song 2026.m4a,channel:OSRDigital,526,Maya,Ashutosh KC,100.0,55.6,weak
osrdigital|maile hos yaa timile,OSRDigital,"Maile Hos Yaa Timile || Uday Manila Sotang || Ft. Saroj Praja, Kabita Thami || New Nepali Song 2026",365.0,1,"Maile Hos Yaa Timile ｜｜ Uday Manila Sotang ｜｜ Ft. Saroj Praja, Kabita Thami ｜｜ New Nepali Song 2026.m4a",channel:OSRDigital,3567,Timile,Sushant KC,100.0,55.6,weak
osrdigital|mann bhari,OSRDigital,"Mann Bhari || Sagar Khanal, Rosika Shrestha (Durga) || Waroop Raj Acharya || New Nepali Song 2026",322.0,1,"Mann Bhari ｜｜ Sagar Khanal, Rosika Shrestha (Durga) ｜｜ Waroop Raj Acharya ｜｜ New Nepali Song 2026.m4a",channel:OSRDigital,772,Mann,Bipul Chettri,100.0,55.6,weak
osrdigital|marubhumima paani jastai,OSRDigital,"Marubhumima Paani Jastai || BIGUL Nepali Movie Official Song 2082 || Benisha Hamal, Naren Khadka",299.0,1,"Marubhumima Paani Jastai ｜｜ BIGUL Nepali Movie Official Song 2082 ｜｜ Benisha Hamal, Naren Khadka.m4a",channel:OSRDigital,3244,Marubhumi Ma Pani Khojne,Satya Raj Acharya,70.8,55.6,weak
osrdigital|maya birano sad song,OSRDigital,"MAYA BIRANO (Sad Song) || PAHAAD Nepali Movie 2026 || Arun Chhetri, Panchami Ghimirey",318.0,1,"MAYA BIRANO (Sad Song) ｜｜ PAHAAD Nepali Movie 2026 ｜｜ Arun Chhetri, Panchami Ghimirey.m4a",channel:OSRDigital,526,Maya,Ashutosh KC,100.0,55.6,weak
osrdigital|maya maanchhau ra,OSRDigital,"Maya Maanchhau Ra || CHAMELI KO POI Movie Song 2026 || Surakshya Panta, Mukun Bhusal",294.0,1,"Maya Maanchhau Ra ｜｜ CHAMELI KO POI Movie Song 2026 ｜｜ Surakshya Panta, Mukun Bhusal.m4a",channel:OSRDigital,526,Maya,Ashutosh KC,100.0,55.6,weak
osrdigital|meri aama,OSRDigital,Meri Aama | मेरी आमा | Bhupesh Giri | New Nepali Song 2026 | Official Music Video,262.0,1,Meri Aama ｜ मेरी आमा ｜ Bhupesh Giri ｜ New Nepali Song 2026 ｜ Official Music Video.m4a,channel:OSRDigital,867,Meri Aama,Buddha Lama,100.0,55.6,weak
osrdigital|meri didi,OSRDigital,"Meri Didi || PARVATI Movie Official Song 2026 || Neeta Dhungana Adhikari, Ashok Darji || Babul Giri",312.0,1,"Meri Didi ｜｜ PARVATI Movie Official Song 2026 ｜｜ Neeta Dhungana Adhikari, Ashok Darji ｜｜ Babul Giri.m4a",channel:OSRDigital,2334,Meri Ama,Neetesh Jung Kunwar,66.7,55.6,weak
osrdigital|meri maya dui chulthi bateki,OSRDigital,"Meri Maya Dui Chulthi Bateki || Nepali Movie MARYADA Song || Nikhil Upreti, Sanchita Luitel",242.0,1,"Meri Maya Dui Chulthi Bateki ｜｜ Nepali Movie MARYADA Song ｜｜ Nikhil Upreti, Sanchita Luitel.m4a",channel:OSRDigital,157,Meri Maya,Adrian Pradhan,100.0,55.6,weak
osrdigital|meri mayalai chhadke salami,OSRDigital,"Meri Mayalai Chhadke Salami || Ananta Dahal || Bina Raut, Arjun Silwal || New Nepali Song 2026",308.0,1,"Meri Mayalai Chhadke Salami ｜｜ Ananta Dahal ｜｜ Bina Raut, Arjun Silwal ｜｜ New Nepali Song 2026.m4a",channel:OSRDigital,2334,Meri Ama,Neetesh Jung Kunwar,66.7,55.6,weak
osrdigital|mero aafnai sansar,OSRDigital,"Mero Aafnai Sansar || Pramod Kharel || Deependra Sonam, Samiya, Jyotshna, Rashmi, Basanta, Shanker",414.0,1,"Mero Aafnai Sansar ｜｜ Pramod Kharel ｜｜ Deependra Sonam, Samiya, Jyotshna, Rashmi, Basanta, Shanker.m4a",channel:OSRDigital,3446,Mero Sansar,Sugam Pokhrel,100.0,55.6,weak
osrdigital|mero byatha,OSRDigital,"Mero Byatha || HALEE Movie Sad Song || Pramod Deep, Sujata Thapa, Om Prateek (Gurung), Saroj Khanal",243.0,1,"Mero Byatha ｜｜ HALEE Movie Sad Song ｜｜ Pramod Deep, Sujata Thapa, Om Prateek (Gurung), Saroj Khanal.m4a",channel:OSRDigital,1703,Mero Maya Ta,Karma Band,78.3,55.6,weak
osrdigital|mero daai,OSRDigital,Mero Daai || ASTU Nepali Movie Song (Tamang Cultural Movie) || Pabitra Gurung || Abina Gole,277.0,1,Mero Daai ｜｜ ASTU Nepali Movie Song (Tamang Cultural Movie) ｜｜ Pabitra Gurung ｜｜ Abina Gole.m4a,channel:OSRDigital,499,Udas Mero,Aruna Lama,77.8,55.6,weak
osrdigital|mero samjhana,OSRDigital,"Mero Samjhana || DHAAGO Nepali Movie Official Song 2025 || Surakshya Panta, Prabhat Thapa",297.0,1,"Mero Samjhana ｜｜ DHAAGO Nepali Movie Official Song 2025 ｜｜ Surakshya Panta, Prabhat Thapa.m4a",channel:OSRDigital,737,Samjhana,Bikki Gurung,100.0,55.6,weak
osrdigital|mirmire bho,OSRDigital,"Mirmire Bho | MIRMIRE Nepali Movie Title Song 2082 | Dayahang Rai, Prakash Saput, Srijana Ninglekhu",317.0,1,"Mirmire Bho ｜ MIRMIRE Nepali Movie Title Song 2082 ｜ Dayahang Rai, Prakash Saput, Srijana Ninglekhu.m4a",channel:OSRDigital,874,Bihani ko mirmire ma,Buds,77.8,55.6,weak
osrdigital|muskurayera,OSRDigital,"Muskurayera | JANAI HARAYEKO MANCHHE Movie Official Song 2025 | Bijay Baral, Miruna Magar | Prashant",231.0,1,"Muskurayera ｜ JANAI HARAYEKO MANCHHE Movie Official Song 2025 ｜ Bijay Baral, Miruna Magar ｜ Prashant.m4a",channel:OSRDigital,3552,Muskurayera,SUshant KC,100.0,55.6,weak
osrdigital|muya rani,OSRDigital,"Muya Rani || Ram Chandra Kafle, Deepika Bayambu Magar, Kamal Sharma Acharya || Ft. Suresh, Ashwini",274.0,1,"Muya Rani ｜｜ Ram Chandra Kafle, Deepika Bayambu Magar, Kamal Sharma Acharya ｜｜ Ft. Suresh, Ashwini.m4a",channel:OSRDigital,1711,Yani Maya,Karma Band,77.8,55.6,weak
osrdigital|nachauna bari lai teej song,OSRDigital,"Nachauna Bari Lai (Teej Song 2083) || AKSHARA Nepali Movie || Nancy Khadka, Rista Basnet, Samikshya",251.0,1,"Nachauna Bari Lai (Teej Song 2083) ｜｜ AKSHARA Nepali Movie ｜｜ Nancy Khadka, Rista Basnet, Samikshya.m4a",channel:OSRDigital,1746,Lai Lai,Ketan Chhetri,100.0,55.6,weak
osrdigital|nachchhu rodhi gharai ma,OSRDigital,NACHCHHU RODHI GHARAI MA || New Nepali Song || RAJESH HAMAL KARISHMA MANANDHAR || PRATIKSHYA GURUNG,397.0,1,NACHCHHU RODHI GHARAI MA ｜｜ New Nepali Song ｜｜ RAJESH HAMAL KARISHMA MANANDHAR ｜｜ PRATIKSHYA GURUNG.m4a,channel:OSRDigital,3773,Ma,The Shadows 'Nepal',100.0,55.6,weak
osrdigital|nachheki de ye badal,OSRDigital,"Nachheki De Ye Badal || Ft. Razani KC, Sonam Tamang|| Pramod Kumar Pariyar || Nepali Song 2026",312.0,1,"Nachheki De Ye Badal ｜｜ Ft. Razani KC, Sonam Tamang｜｜ Pramod Kumar Pariyar ｜｜ Nepali Song 2026.m4a",channel:OSRDigital,3589,Badal Sari,"Swar, John Chamling Rai",66.7,55.6,weak
osrdigital|nautuna railaima ratyauli,OSRDigital,"Nautuna Railaima (Ratyauli) || PARVATI Movie Song 2026 || Deepa Shree Niraula, Neeta, Anjali, Asha",314.0,1,"Nautuna Railaima (Ratyauli) ｜｜ PARVATI Movie Song 2026 ｜｜ Deepa Shree Niraula, Neeta, Anjali, Asha.m4a",channel:OSRDigital,3283,Nyauli Banaima,"Shanti Shree Pariyar, Prashant Siwakoti | BARISTHA BALARAM",61.5,55.6,none
osrdigital|nayan,OSRDigital,Nayan | Shanti Shree Pariyar | Ft. Sushila Thapa & Tej Giri | SP Koirala | Rimesh Thapa | New MV,330.0,1,Nayan ｜ Shanti Shree Pariyar ｜ Ft. Sushila Thapa & Tej Giri ｜ SP Koirala ｜ Rimesh Thapa ｜ New MV.m4a,channel:OSRDigital,1023,Nashalu Nayan Malai,Deep Shrestha,100.0,55.6,weak
osrdigital|nepal ki chhori,OSRDigital,Nepal Ki Chhori | Ft. Gita Dhungana | Tejwati Joshi | New Nepali Song 2026 (Music Video),307.0,1,Nepal Ki Chhori ｜ Ft. Gita Dhungana ｜ Tejwati Joshi ｜ New Nepali Song 2026 (Music Video).m4a,channel:OSRDigital,2944,Nepal Nepal,Robin Tamang,100.0,55.6,weak
osrdigital|nepal ko jay,OSRDigital,"Nepal Ko Jay || Satyaraj Acharya, Nisha Deshar || Raju Aryal || Suresh Gaire || New Nepali Song 2025",399.0,1,"Nepal Ko Jay ｜｜ Satyaraj Acharya, Nisha Deshar ｜｜ Raju Aryal ｜｜ Suresh Gaire ｜｜ New Nepali Song 2025.m4a",channel:OSRDigital,941,Jay Nepal,Cobweb,100.0,55.6,weak
osrdigital|nepal ko naam le,OSRDigital,Nepal Ko Naam Le || Sumit Khadka || SP Koirala || New Nepali National Song 2026 || Niraj Shrestha,311.0,1,Nepal Ko Naam Le ｜｜ Sumit Khadka ｜｜ SP Koirala ｜｜ New Nepali National Song 2026 ｜｜ Niraj Shrestha.m4a,channel:OSRDigital,2944,Nepal Nepal,Robin Tamang,100.0,55.6,weak
osrdigital|nepal mero pran ho,OSRDigital,"Nepal Mero Pran Ho || Pratap Das || AK Arjun Khadka, Binita Dahal, Arshuram Acharya, Rimesh Adhikari",389.0,1,"Nepal Mero Pran Ho ｜｜ Pratap Das ｜｜ AK Arjun Khadka, Binita Dahal, Arshuram Acharya, Rimesh Adhikari.m4a",channel:OSRDigital,2830,Mero Nepal,Raju Lama,100.0,55.6,weak
osrdigital|nepali movie gobar ganesh official title song,OSRDigital,"Nepali Movie GOBAR GANESH Official Title Song 2082 || Marichman, Barsha Siwakoti, Pujan, Padam",269.0,1,"Nepali Movie GOBAR GANESH Official Title Song 2082 ｜｜ Marichman, Barsha Siwakoti, Pujan, Padam.m4a",channel:OSRDigital,207,Nepali,Albatross,100.0,55.6,weak
osrdigital|nepali shahas नेपाली शाहस nepal cricket anthem,OSRDigital,Nepali Shahas (नेपाली शाहस) – Nepal Cricket Anthem || Nepal Representing the Cricket World Cup 2026,276.0,1,Nepali Shahas (नेपाली शाहस) – Nepal Cricket Anthem ｜｜ Nepal Representing the Cricket World Cup 2026.m4a,channel:OSRDigital,207,Nepali,Albatross,100.0,55.6,weak
osrdigital|nimto supari,OSRDigital,"Nimto Supari || PARAL KO AAGO Movie Song 2026 || Saugat Malla, Suhana Thapa, Prakash Saput, Srijana",334.0,1,"Nimto Supari ｜｜ PARAL KO AAGO Movie Song 2026 ｜｜ Saugat Malla, Suhana Thapa, Prakash Saput, Srijana.m4a",channel:OSRDigital,821,Supari Chamro,Bishnu Majhi & Bimal Raj Chhetri,72.0,55.6,weak
osrdigital|no not again hamro mato hamro desh maagne raja movie song,OSRDigital,"No, Not Again! (Hamro Mato Hamro Desh) - MAAGNE RAJA Movie Song || Kedar Ghimire, Barsha, Aryan",214.0,1,"No, Not Again! (Hamro Mato Hamro Desh) - MAAGNE RAJA Movie Song ｜｜ Kedar Ghimire, Barsha, Aryan.m4a",channel:OSRDigital,440,Hamro Din,Arthur Gunn,71.4,55.6,weak
osrdigital|oii oii chameli,OSRDigital,"Oii Oii Chameli | CHAMELI KO POI Movie Song 2026 | Surakshya Panta, Narayan Tripathi, Wilson Bikram",293.0,1,"Oii Oii Chameli ｜ CHAMELI KO POI Movie Song 2026 ｜ Surakshya Panta, Narayan Tripathi, Wilson Bikram.m4a",channel:OSRDigital,3263,Hamlai Pani,Shambhujeet Baskota,63.6,55.6,none
osrdigital|om namah shivaye,OSRDigital,"Om Namah Shivaye | PAHAAD Movie Song 2026 | Sunil Thapa, Arun Chhetri, Panchami Ghimirey, Renu Nath",279.0,1,"Om Namah Shivaye ｜ PAHAAD Movie Song 2026 ｜ Sunil Thapa, Arun Chhetri, Panchami Ghimirey, Renu Nath.m4a",channel:OSRDigital,2336,Om Nama Shivaya,Neetesh Jung Kunwar,90.3,55.6,weak
osrdigital|pakeko chiuri,OSRDigital,"Pakeko Chiuri || PARIWARTAN Movie Official Song 2082 || Sushil Shrestha, Anjana Baraili, Karishma",258.0,1,"Pakeko Chiuri ｜｜ PARIWARTAN Movie Official Song 2082 ｜｜ Sushil Shrestha, Anjana Baraili, Karishma.m4a",channel:OSRDigital,2118,Chiuri Phool,Mt. 8848,72.0,55.6,weak
osrdigital|pal pal harpal,OSRDigital,"Pal Pal Harpal | BAN PHOOL Nepali Movie Song (Gurung Culture Movie) | Mausam Gurung, Jonisha Gurung",344.0,1,"Pal Pal Harpal ｜ BAN PHOOL Nepali Movie Song (Gurung Culture Movie) ｜ Mausam Gurung, Jonisha Gurung.m4a",channel:OSRDigital,110,Harpal,Aastha Band,100.0,55.6,weak
osrdigital|paraan,OSRDigital,"Paraan || Pratap Das || Ft. Bikash Portel (Mee), Meera Dangol, Rohit Karki || New Nepali Song 2026",328.0,1,"Paraan ｜｜ Pratap Das ｜｜ Ft. Bikash Portel (Mee), Meera Dangol, Rohit Karki ｜｜ New Nepali Song 2026.m4a",channel:OSRDigital,402,PARAANA,"Anmol KC, Suhana Thapa",92.3,55.6,weak
osrdigital|patali,OSRDigital,"Patali | New Nepali Movie BHAGDAUD Song 2026 | Anisha Shrestha, Ghanashyam Joshi, Sarada Rai (Sara)",229.0,1,"Patali ｜ New Nepali Movie BHAGDAUD Song 2026 ｜ Anisha Shrestha, Ghanashyam Joshi, Sarada Rai (Sara).m4a",channel:OSRDigital,517,Putali,Ashish Aviral |Eleena Chauhan,83.3,55.6,weak
osrdigital|phool jastai,OSRDigital,"Phool Jastai || New Nepali Song 2026 || Ft. Shishir Pokhrel, Pranjali Sapkota || Shankar Karki",381.0,1,"Phool Jastai ｜｜ New Nepali Song 2026 ｜｜ Ft. Shishir Pokhrel, Pranjali Sapkota ｜｜ Shankar Karki.m4a",channel:OSRDigital,320,Phool Jastai Bani,Anju Panta,100.0,55.6,weak
osrdigital|phool tipi diyau,OSRDigital,"Phool Tipi Diyau || MAIJHARO Nepali Movie Official Song 2025 || Dhiraj Magar, Miruna Magar",281.0,1,"Phool Tipi Diyau ｜｜ MAIJHARO Nepali Movie Official Song 2025 ｜｜ Dhiraj Magar, Miruna Magar.m4a",channel:OSRDigital,3465,Phool,Sujan Chapagain,100.0,55.6,weak
osrdigital|pokhara ki kaali jiski ranchhe khaali,OSRDigital,"Pokhara Ki Kaali Jiski Ranchhe Khaali | POKHARA KI KAALI Movie Title Song 2025 | Saroj Khanal, Nisha",312.0,1,"Pokhara Ki Kaali Jiski Ranchhe Khaali ｜ POKHARA KI KAALI Movie Title Song 2025 ｜ Saroj Khanal, Nisha.m4a",channel:OSRDigital,556,Khaali,Astha Tamang-Maskey,100.0,55.6,weak
osrdigital|prem ko taj mahal,OSRDigital,"Prem Ko Taj Mahal || Eleena Chauhan || Ft. Shilpa Pokharel, Yasraj Garach || Narayan Kumar Acharya",353.0,1,"Prem Ko Taj Mahal ｜｜ Eleena Chauhan ｜｜ Ft. Shilpa Pokharel, Yasraj Garach ｜｜ Narayan Kumar Acharya.m4a",channel:OSRDigital,1721,Hamro Prem Ko Katha,Karna Das,72.2,55.6,weak
osrdigital|prem yasto hos,OSRDigital,"Prem Yasto Hos || Miss Pabi, Roshan Khadka || Ankit Giri, Rasmi Bishwokarma || New Nepali Song 2026",333.0,1,"Prem Yasto Hos ｜｜ Miss Pabi, Roshan Khadka ｜｜ Ankit Giri, Rasmi Bishwokarma ｜｜ New Nepali Song 2026.m4a",channel:OSRDigital,1721,Hamro Prem Ko Katha,Karna Das,66.7,55.6,weak
osrdigital|purano chha ghar,OSRDigital,"Purano Chha Ghar | JHARI PACHHI KO INDRENI Movie Song | Ganesh Upreti, Ramesh Upreti | Rhythm Kandel",227.0,1,"Purano Chha Ghar ｜ JHARI PACHHI KO INDRENI Movie Song ｜ Ganesh Upreti, Ramesh Upreti ｜ Rhythm Kandel.m4a",channel:OSRDigital,4090,Purano Gau,Yash Kumar,75.0,55.6,weak
osrdigital|purush पुरुष,OSRDigital,"PURUSH - पुरुष || Narrative Movie 2026 || Kaameshwor Chaurasiya, Melina Thakuri, Ramhari Khadka",354.0,1,"PURUSH - पुरुष ｜｜ Narrative Movie 2026 ｜｜ Kaameshwor Chaurasiya, Melina Thakuri, Ramhari Khadka.m4a",channel:OSRDigital,,,,42.9,55.6,none
osrdigital|putali purushottam acharya,OSRDigital,"Putali - Purushottam Acharya || Ft. I.P Acharya, Shreya Acharya || New Nepali Song 2025 / 2082",231.0,1,"Putali - Purushottam Acharya ｜｜ Ft. I.P Acharya, Shreya Acharya ｜｜ New Nepali Song 2025 ⧸ 2082.m4a",channel:OSRDigital,517,Putali,Ashish Aviral |Eleena Chauhan,100.0,55.6,weak
osrdigital|putali udyo,OSRDigital,"Putali Udyo || Prasiddhi Bhurtel || Aditi, Apekshya, Jasmin, Sambriddhi, Sukriti || New Nepali Song",247.0,1,"Putali Udyo ｜｜ Prasiddhi Bhurtel ｜｜ Aditi, Apekshya, Jasmin, Sambriddhi, Sukriti ｜｜ New Nepali Song.m4a",channel:OSRDigital,517,Putali,Ashish Aviral |Eleena Chauhan,100.0,55.6,weak
osrdigital|putpute nach,OSRDigital,"Putpute Nach || BAN PHOOL Movie Song 2026 (Gurung Culture Movie) || Mausam Gurung, Jonisha Gurung",191.0,1,"Putpute Nach ｜｜ BAN PHOOL Movie Song 2026 (Gurung Culture Movie) ｜｜ Mausam Gurung, Jonisha Gurung.m4a",channel:OSRDigital,1180,Nach Nach Bhai Nach,Duregsh Thapa | Rajesh Payal Rai | Vyoma | Barsha Itani,61.5,55.6,none
osrdigital|radhika,OSRDigital,"Radhika || Karan Pariyar, Ganga Sonam || Ft. Badri Prasad Tiwari, Smarika Dhakal || New Nepali Song",399.0,1,"Radhika ｜｜ Karan Pariyar, Ganga Sonam ｜｜ Ft. Badri Prasad Tiwari, Smarika Dhakal ｜｜ New Nepali Song.m4a",channel:OSRDigital,92,Radha,2025 New Song of Swoopna Suman & Abhigya Ghimire,83.3,55.6,weak
osrdigital|rahar chha timi sangai,OSRDigital,"Rahar Chha Timi Sangai | Rachana Rimal, Tek Bc | Milan Acharya, Rabina Bastakoti | New Nepali Song",348.0,1,"Rahar Chha Timi Sangai ｜ Rachana Rimal, Tek Bc ｜ Milan Acharya, Rabina Bastakoti ｜ New Nepali Song.m4a",channel:OSRDigital,347,Rahar Chha Sangai,"Anju Panta, Sugam Pokharel",100.0,55.6,weak
osrdigital|rato pachhyauri,OSRDigital,"Rato Pachhyauri || RL Lama Moktan, Nima Lama Moktan, Rajani KC, Aiman Chhantyal || Smyta, Bishal",417.0,1,"Rato Pachhyauri ｜｜ RL Lama Moktan, Nima Lama Moktan, Rajani KC, Aiman Chhantyal ｜｜ Smyta, Bishal.m4a",channel:OSRDigital,1631,Rato Saari Lakichau,"Juna Bishwokarma, Dona Thapa",70.6,55.6,weak
osrdigital|ready chhu the song of gen z s,OSRDigital,Ready Chhu [The Song of Gen Z's] || Gaurav Jung Rana || Official Music Video 2026,389.0,1,Ready Chhu [The Song of Gen Z's] ｜｜ Gaurav Jung Rana ｜｜ Official Music Video 2026.m4a,channel:OSRDigital,1867,The Sirani Song,LIL Rock Look,69.6,55.6,weak
osrdigital|rn boss new,OSRDigital,"RN BOSS - New Nepali Rap Song 2026 || Rajendra Khadgi, Bina Raut, Bassa, Lopchan, Amrit Thakuri",320.0,1,"RN BOSS - New Nepali Rap Song 2026 ｜｜ Rajendra Khadgi, Bina Raut, Bassa, Lopchan, Amrit Thakuri.m4a",channel:OSRDigital,,,,53.8,55.6,none
osrdigital|sadhai preeti kaur,OSRDigital,"Sadhai - Preeti Kaur || LAALIMAA Movie Official Song 2026 || Roshni Karki, Jiban Bhattarai",242.0,1,"Sadhai - Preeti Kaur ｜｜ LAALIMAA Movie Official Song 2026 ｜｜ Roshni Karki, Jiban Bhattarai.m4a",channel:OSRDigital,129,Sadhai Sadhai,Abhaya and The Steam Injuns,100.0,55.6,weak
osrdigital|sagarmatha musukka haschhin,OSRDigital,Sagarmatha Musukka Haschhin | Nepali National Song | Sumit Khadka | Sarita Ghimire | Shakti Ballav,293.0,1,Sagarmatha Musukka Haschhin ｜ Nepali National Song ｜ Sumit Khadka ｜ Sarita Ghimire ｜ Shakti Ballav.m4a,channel:OSRDigital,,,,58.5,55.6,none
osrdigital|sakchhu sakchhu,OSRDigital,"Sakchhu Sakchhu | JHARI PACHHI KO INDRENI Movie Song | Ganesh Upreti, Ramesh Upreti | Rhythm Kandel",179.0,1,"Sakchhu Sakchhu ｜ JHARI PACHHI KO INDRENI Movie Song ｜ Ganesh Upreti, Ramesh Upreti ｜ Rhythm Kandel.m4a",channel:OSRDigital,15,Na Ta Hasna Nai Sakchhu in Nepali by Sagar Sansar Rai from Nepali Movie Prem Geet 2,,100.0,55.6,weak
osrdigital|samaya,OSRDigital,"SAMAYA - New Nepali Song 2026 || R.P. Panta, Bikash Lamichhane, Lisa Chhetri || Uttam Bhattarai",361.0,1,"SAMAYA - New Nepali Song 2026 ｜｜ R.P. Panta, Bikash Lamichhane, Lisa Chhetri ｜｜ Uttam Bhattarai.m4a",channel:OSRDigital,2425,Samaya,Nikhil Dhami,100.0,55.6,weak
osrdigital|sambandha,OSRDigital,"Sambandha || Ft. Kamal Singh, Shila Gajurel || Chetan Rai || New Nepali Song (Music Video) 2026",306.0,1,"Sambandha ｜｜ Ft. Kamal Singh, Shila Gajurel ｜｜ Chetan Rai ｜｜ New Nepali Song (Music Video) 2026.m4a",channel:OSRDigital,173,Timro Mero Sambandha,Adrian Pradhan,100.0,55.6,weak
osrdigital|sanga sangai bachna pau,OSRDigital,"Sanga Sangai Bachna Pau (Audio Song _ Duet) || Nepali Movie LEKHANTA || Rekha Thapa, Uttam Pradhan",319.0,1,"Sanga Sangai Bachna Pau (Audio Song _ Duet) ｜｜ Nepali Movie LEKHANTA ｜｜ Rekha Thapa, Uttam Pradhan.m4a",channel:OSRDigital,3230,Sangai,Sareen Deoja,100.0,55.6,weak
osrdigital|sapana harayo,OSRDigital,"Sapana Harayo || GAUTHALI Movie Sad Song 2026 || Simran Khadka, Arun Chhetri, Madan Krishna Shrestha",264.0,1,"Sapana Harayo ｜｜ GAUTHALI Movie Sad Song 2026 ｜｜ Simran Khadka, Arun Chhetri, Madan Krishna Shrestha.m4a",channel:OSRDigital,816,Sapana,Bishesh Silwal,100.0,55.6,weak
osrdigital|sapana ko mero mahal,OSRDigital,"Sapana Ko Mero Mahal || Ft. Puspa Khadka, Bimala Khajum Limbu || Kalpana Limbu Rai || Nepali Song",391.0,1,"Sapana Ko Mero Mahal ｜｜ Ft. Puspa Khadka, Bimala Khajum Limbu ｜｜ Kalpana Limbu Rai ｜｜ Nepali Song.m4a",channel:OSRDigital,816,Sapana,Bishesh Silwal,100.0,55.6,weak
osrdigital|sarara udne ho,OSRDigital,"Sarara Udne Ho || Rachana Rimal || Ft. Sankala Gautam, Tyagmurti || Grinsika Gautam, Chirag Bhatta",290.0,1,"Sarara Udne Ho ｜｜ Rachana Rimal ｜｜ Ft. Sankala Gautam, Tyagmurti ｜｜ Grinsika Gautam, Chirag Bhatta.m4a",channel:OSRDigital,904,Sarara,Chhewang Lama,100.0,55.6,weak
osrdigital|sathi maile timilai paaye,OSRDigital,"Sathi Maile Timilai Paaye || Junu Gautam || Saurav Sundas, Shradha Lama || Official Music Video 2026",255.0,1,"Sathi Maile Timilai Paaye ｜｜ Junu Gautam ｜｜ Saurav Sundas, Shradha Lama ｜｜ Official Music Video 2026.m4a",channel:OSRDigital,1555,Timilai,James Shrestha,100.0,55.6,weak
osrdigital|shiraima ribbon,OSRDigital,"Shiraima Ribbon | Ft. Ramesh Chhetri, Bina Raut, Lux Shrestha | Rishi Khadka | New Nepali Song 2026",279.0,1,"Shiraima Ribbon ｜ Ft. Ramesh Chhetri, Bina Raut, Lux Shrestha ｜ Rishi Khadka ｜ New Nepali Song 2026.m4a",channel:OSRDigital,2024,Shiraima Shirbandi,Melina Rai,72.7,55.6,weak
osrdigital|shiva tandav,OSRDigital,"Shiva Tandav || Bhawani Rana, Saraswoti Khatri || Nepali Shiva Bhajan Song || Sur Sudha Surendra",271.0,1,"Shiva Tandav ｜｜ Bhawani Rana, Saraswoti Khatri ｜｜ Nepali Shiva Bhajan Song ｜｜ Sur Sudha Surendra.m4a",channel:OSRDigital,3270,Shiva Tandab Strotam,Shankar Mahadevan,68.8,55.6,weak
osrdigital|soi dhole soi,OSRDigital,"Soi Dhole Soi || PAHICHAN (Ladain Ko) Movie Official Song 2025 || Kishwor Sambahamfe, Sharmila Rai",366.0,1,"Soi Dhole Soi ｜｜ PAHICHAN (Ladain Ko) Movie Official Song 2025 ｜｜ Kishwor Sambahamfe, Sharmila Rai.m4a",channel:OSRDigital,1108,Soi Dhole Soi,Dhiraj Rai,100.0,55.6,weak
osrdigital|soltini prabin bajracharya,OSRDigital,"Soltini - Prabin Bajracharya || Ft. Bina Raut, Geeta Bhujel, Maya (Dog) || New Nepali Song 2026",197.0,1,"Soltini - Prabin Bajracharya ｜｜ Ft. Bina Raut, Geeta Bhujel, Maya (Dog) ｜｜ New Nepali Song 2026.m4a",channel:OSRDigital,1247,PANI PANI- SAMIR ACHARYA,ELEENA CHAUHAN,63.6,55.6,none
osrdigital|suna soltinee,OSRDigital,"Suna Soltinee || SOLTINEE Nepali Movie Official Song 2025 || Prakash Saput, Parikshya Limbu",252.0,1,"Suna Soltinee ｜｜ SOLTINEE Nepali Movie Official Song 2025 ｜｜ Prakash Saput, Parikshya Limbu.m4a",channel:OSRDigital,2290,Suna,Naren Limbu,100.0,55.6,weak
osrdigital|sunai ko juhar,OSRDigital,"Sunai Ko Juhar || Ft. Shree Raj Karki, Smarika Dhakal || New Nepali Song 2025 || Bikash Chaudhary",252.0,1,"Sunai Ko Juhar ｜｜ Ft. Shree Raj Karki, Smarika Dhakal ｜｜ New Nepali Song 2025 ｜｜ Bikash Chaudhary.m4a",channel:OSRDigital,677,Arko Juni,Bekcha,69.6,55.6,weak
osrdigital|sunchhau malai kasam,OSRDigital,"Sunchhau Malai Kasam | Smarika Dhakal, Sandip Osti | Prabin Bedwal, Rajina Rimal | New Nepali Song",392.0,1,"Sunchhau Malai Kasam ｜ Smarika Dhakal, Sandip Osti ｜ Prabin Bedwal, Rajina Rimal ｜ New Nepali Song.m4a",channel:OSRDigital,3437,Kasam Kasam,Sugam Pokhrel,100.0,55.6,weak
osrdigital|suntali mai,OSRDigital,"Suntali Mai || Movie Song “HARI BAHADUR KO JUTTA” || Aryan Sigdel, Barsha Raut, Prakash Saput",284.0,1,"Suntali Mai ｜｜ Movie Song “HARI BAHADUR KO JUTTA” ｜｜ Aryan Sigdel, Barsha Raut, Prakash Saput.m4a",channel:OSRDigital,872,Timi Hamri Suntali,"Buddhi Krishna Lamichhane, Tanka KC, shiva narayan",77.8,55.6,weak
osrdigital|sworga ki pari,OSRDigital,"SWORGA KI PARI || Ramesh Balampaki Magar, Melina Rai || Saroj Praja, Chahana Magar || Nepali Song",305.0,1,"SWORGA KI PARI ｜｜ Ramesh Balampaki Magar, Melina Rai ｜｜ Saroj Praja, Chahana Magar ｜｜ Nepali Song.m4a",channel:OSRDigital,1921,Sworga Ki Pari,Manila Sotang,100.0,55.6,weak
osrdigital|taan bunako jhola,OSRDigital,"Taan Bunako Jhola || GOBAR GANESH Nepali Movie Official Song 2026 || Marichman, Barsha, Padam, Pujan",300.0,1,"Taan Bunako Jhola ｜｜ GOBAR GANESH Nepali Movie Official Song 2026 ｜｜ Marichman, Barsha, Padam, Pujan.m4a",channel:OSRDigital,1773,Bho Mata Auna Paina,Koili Devi,61.1,55.6,none
osrdigital|tan manma volleyball,OSRDigital,"Tan Manma Volleyball || BUKI Nepali Movie Song 2026 || Devendra Bablu, Roshni Karki, Surakshya Panta",233.0,1,"Tan Manma Volleyball ｜｜ BUKI Nepali Movie Song 2026 ｜｜ Devendra Bablu, Roshni Karki, Surakshya Panta.m4a",channel:OSRDigital,599,Timro Manma,B-8eight,62.5,55.6,none
osrdigital|tappa tipi,OSRDigital,"Tappa Tipi || Ft. Ramesh Pun Magar, Riju Ranjit || Prajwal Koirala || New Nepali Song 2025",296.0,1,"Tappa Tipi ｜｜ Ft. Ramesh Pun Magar, Riju Ranjit ｜｜ Prajwal Koirala ｜｜ New Nepali Song 2025.m4a",channel:OSRDigital,2540,Aau Timi,Prabesh Kumar Shrestha,66.7,55.6,weak
osrdigital|the semri,OSRDigital,"The Semri || New Tamang Movie HYANG TAMANG Official Song || Abhi Lama, Anita Gole",339.0,1,"The Semri ｜｜ New Tamang Movie HYANG TAMANG Official Song ｜｜ Abhi Lama, Anita Gole.m4a",channel:OSRDigital,842,Thamel - (Skit),Bluesss,60.0,55.6,none
osrdigital|timi mero sanjeevani,OSRDigital,"Timi Mero Sanjeevani || KAMALA MISS Movie Song 2026 || Basana Timilsina, Aarav Dahal, Shivam Saraf",239.0,1,"Timi Mero Sanjeevani ｜｜ KAMALA MISS Movie Song 2026 ｜｜ Basana Timilsina, Aarav Dahal, Shivam Saraf.m4a",channel:OSRDigital,752,Timi,Binit Shrestha,100.0,55.6,weak
osrdigital|timi nabhaye,OSRDigital,"Timi Nabhaye | I AM JIT BAHADUR Movie Song 2026 (Sad Song) | Jitu Nepal, Priyanka Karki, Barsha Raut",270.0,1,"Timi Nabhaye ｜ I AM JIT BAHADUR Movie Song 2026 (Sad Song) ｜ Jitu Nepal, Priyanka Karki, Barsha Raut.m4a",channel:OSRDigital,3891,Timi Nabhaye,Udit Narayan,100.0,55.6,weak
osrdigital|timi saath huda,OSRDigital,"Timi Saath Huda || Shiva Pariyar || Neer Dahal, Sanju Karki, Manisha Panth || New Nepali Song 2026",391.0,1,"Timi Saath Huda ｜｜ Shiva Pariyar ｜｜ Neer Dahal, Sanju Karki, Manisha Panth ｜｜ New Nepali Song 2026.m4a",channel:OSRDigital,752,Timi,Binit Shrestha,100.0,55.6,weak
osrdigital|timilai hasauchhu,OSRDigital,"Timilai Hasauchhu || BEHULI Movie Sad Song 2026 | Cool Boy (Paras Bam Thakuri), Divya Rayamajhi",285.0,1,"Timilai Hasauchhu ｜｜ BEHULI Movie Sad Song 2026 ｜ Cool Boy (Paras Bam Thakuri), Divya Rayamajhi.m4a",channel:OSRDigital,1555,Timilai,James Shrestha,100.0,55.6,weak
osrdigital|timilai ke thaha sanu,OSRDigital,"Timilai Ke Thaha Sanu || MAIJHARO Nepali Movie Official Song 2025 || Dhiraj Magar, Miruna Magar",188.0,1,"Timilai Ke Thaha Sanu ｜｜ MAIJHARO Nepali Movie Official Song 2025 ｜｜ Dhiraj Magar, Miruna Magar.m4a",channel:OSRDigital,1555,Timilai,James Shrestha,100.0,55.6,weak
osrdigital|timilai maya garchhu hridayale preeti kaur,OSRDigital,"Timilai Maya Garchhu Hridayale - Preeti Kaur || LAALIMAA Movie Official Song 2026 || Roshni, Jiban",187.0,1,"Timilai Maya Garchhu Hridayale - Preeti Kaur ｜｜ LAALIMAA Movie Official Song 2026 ｜｜ Roshni, Jiban.m4a",channel:OSRDigital,526,Maya,Ashutosh KC,100.0,55.6,weak
osrdigital|timro hamro preet,OSRDigital,"Timro Hamro Preet || LOKANTI Nepali Movie Official Song 2082 || Kumar Neupane, Bimala Limbu",308.0,1,"Timro Hamro Preet ｜｜ LOKANTI Nepali Movie Official Song 2082 ｜｜ Kumar Neupane, Bimala Limbu.m4a",channel:OSRDigital,3614,Ma Timro,Swoopna Suman,76.9,55.6,weak
osrdigital|tin pane ko jhadka,OSRDigital,"Tin Pane Ko Jhadka | Ft. Bina Raut, Sagar Banmala | Mahesh Thapa, Pabitra Gurung | New Nepali Song",418.0,1,"Tin Pane Ko Jhadka ｜ Ft. Bina Raut, Sagar Banmala ｜ Mahesh Thapa, Pabitra Gurung ｜ New Nepali Song.m4a",channel:OSRDigital,1930,Pani Ko Foka,Manoj Raj,66.7,55.6,weak
osrdigital|tuna fukechha,OSRDigital,"Tuna Fukechha || NISHABDA - नि:शब्द Movie Song 2026 || Umesh Khadka, Saroj Dahal, Kabita Thami",323.0,1,"Tuna Fukechha ｜｜ NISHABDA - नि：शब्द Movie Song 2026 ｜｜ Umesh Khadka, Saroj Dahal, Kabita Thami.m4a",channel:OSRDigital,2047,Kehi Pauna,Milan Amatya,60.9,55.6,none
osrdigital|tyo dilma,OSRDigital,"Tyo Dilma | Shantishree Pariyar | Ft. Dev Raj Acharya, Pramita Rajghatane, Sushma KC | Nepali Song",386.0,1,"Tyo Dilma ｜ Shantishree Pariyar ｜ Ft. Dev Raj Acharya, Pramita Rajghatane, Sushma KC ｜ Nepali Song.m4a",channel:OSRDigital,280,Dilma Baseko Maya,"Anjita Bishwokarma, Rajesh Adhikari",71.4,55.6,weak
osrdigital|udhumai ramri,OSRDigital,"Udhumai Ramri || Abishek Shrestha, Juna Sundas, SaRoj Praja, Karishma || Kiran Bimali || Nepali Song",328.0,1,"Udhumai Ramri ｜｜ Abishek Shrestha, Juna Sundas, SaRoj Praja, Karishma ｜｜ Kiran Bimali ｜｜ Nepali Song.m4a",channel:OSRDigital,303,Mai Ramri Huna,Anju Panta,81.5,55.6,weak
osrdigital|usle chhode pachhi,OSRDigital,"Usle Chhode Pachhi || Om Tilak Oli, Eleena Chauhan || Sandesh, Anamika, Sajita, Nabin || New Song",364.0,1,"Usle Chhode Pachhi ｜｜ Om Tilak Oli, Eleena Chauhan ｜｜ Sandesh, Anamika, Sajita, Nabin ｜｜ New Song.m4a",channel:OSRDigital,1740,Tes Pachhi K ?,Kavi G,66.7,55.6,weak
osrdigital|yaha kati aaye,OSRDigital,"Yaha Kati Aaye || Utsaha Kant Mainali || Ft. Surbir Pandit, AK Arjun Khadka, Binita Dahal || Song",387.0,1,"Yaha Kati Aaye ｜｜ Utsaha Kant Mainali ｜｜ Ft. Surbir Pandit, AK Arjun Khadka, Binita Dahal ｜｜ Song.m4a",channel:OSRDigital,1918,Kati Ho Kati,Manila Sotang,72.7,55.6,weak
osrdigital|yanglan dharma yanglan kaai,OSRDigital,"Yanglan Dharma Yanglan Kaai || HYANG TAMANG || Tamang Movie Song || Jay, Abhi, Sita Ram, Nirmala",396.0,1,"Yanglan Dharma Yanglan Kaai ｜｜ HYANG TAMANG ｜｜ Tamang Movie Song ｜｜ Jay, Abhi, Sita Ram, Nirmala.m4a",channel:OSRDigital,2113,Kal Dhara,Mr. D | Eleena Chauhan,64.3,55.6,none
osrdigital|ye hoi ketti teej aayo,OSRDigital,"Ye Hoi Ketti Teej Aayo | Meena Bogati | Aashma Bishwokarma, Alisha Sharma, Sajina Limbu | Teej Song",292.0,1,"Ye Hoi Ketti Teej Aayo ｜ Meena Bogati ｜ Aashma Bishwokarma, Alisha Sharma, Sajina Limbu ｜ Teej Song.m4a",channel:OSRDigital,1084,Teej Aayo Lau Khushi Chhaayo,"Devi Gharti Magar, Buddha Putuwar",64.0,55.6,none
osrdigital|ye maya najikai sara dashain song,OSRDigital,"Ye Maya Najikai Sara (Dashain Song) || JHINGEDAAU 2 Movie Song 2083 || Keki, Aanchal, Mahesh, Kushal",316.0,1,"Ye Maya Najikai Sara (Dashain Song) ｜｜ JHINGEDAAU 2 Movie Song 2083 ｜｜ Keki, Aanchal, Mahesh, Kushal.m4a",channel:OSRDigital,526,Maya,Ashutosh KC,100.0,55.6,weak
osrdigital|yi najarle rojyo timilai,OSRDigital,"Yi Najarle Rojyo Timilai || Ft. Dilip Okheda, Sunisha Bajagain || Rachana Rimal, Rajendra Koli (RK)",289.0,1,"Yi Najarle Rojyo Timilai ｜｜ Ft. Dilip Okheda, Sunisha Bajagain ｜｜ Rachana Rimal, Rajendra Koli (RK).m4a",channel:OSRDigital,1555,Timilai,James Shrestha,100.0,55.6,weak
overhead the albatross|miss na kita,"Overhead, The Albatross",Miss Na Kita,222.0,1,"Overhead, The Albatross - Miss Na Kita.mp3",Albatross,3523,I Miss U,Suresh Kumar,70.0,100.0,weak
padam bdr bc sunil nepali|happy birthday shathi,padam bdr bc sunil nepali,Happy Birthday Shathi,208.0,1,padam bdr bc sunil nepali - Happy Birthday Shathi.mp3,nepali,,,,59.5,66.7,none
pahenlo batti muni|aina ra daag,Pahenlo Batti Muni,Aina Ra Daag,312.0,1,Pahenlo Batti Muni - Aina Ra Daag.mp3,Pahenlo Batti Muni,3215,Dara Chhaina,Santosh Lama,75.0,100.0,weak
pahenlo batti muni|bari lai,Pahenlo Batti Muni,Bari Lai,284.0,1,Pahenlo Batti Muni - Bari Lai.mp3,Pahenlo Batti Muni,2493,Bari Lai,Pahenlo Batti Muni,100.0,100.0,strong
pahenlo batti muni|bichitra,Pahenlo Batti Muni,Bichitra,362.0,1,Pahenlo Batti Muni - Bichitra.mp3,Pahenlo Batti Muni,4127,Chitra,Yugal Gurung,85.7,100.0,probable
pahenlo batti muni|gauthali,Pahenlo Batti Muni,Gauthali,344.0,1,Pahenlo Batti Muni - Gauthali.mp3,Pahenlo Batti Muni,2494,Gauthali,Pahenlo Batti Muni,100.0,100.0,strong
pahenlo batti muni|kina,Pahenlo Batti Muni,Kina?,255.0,1,Pahenlo Batti Muni - Kina_.mp3,Pahenlo Batti Muni,862,KINA,Brisk timos,100.0,100.0,strong
pahenlo batti muni|kripaya,Pahenlo Batti Muni,Kripaya,243.0,1,Pahenlo Batti Muni - Kripaya.mp3,Pahenlo Batti Muni,1043,Priya,Deepak Bajracharya,66.7,100.0,weak
pahenlo batti muni|lori,Pahenlo Batti Muni,Lori,415.0,1,Pahenlo Batti Muni - Lori.mp3,Pahenlo Batti Muni,437,Dollor,"Arjan Pandey, Bidhya Tiwari, Mr RJ",60.0,100.0,weak
pahenlo batti muni|ma baato hidejhai,Pahenlo Batti Muni,Ma Baato Hidejhai,273.0,1,Pahenlo Batti Muni - Ma Baato Hidejhai.mp3,Pahenlo Batti Muni,3773,Ma,The Shadows 'Nepal',100.0,100.0,strong
pahenlo batti muni|tatepate bhitta,Pahenlo Batti Muni,Tatepate Bhitta,316.0,1,Pahenlo Batti Muni - Tatepate Bhitta.mp3,Pahenlo Batti Muni,2496,Tatepate,Pahenlo Batti Muni,100.0,100.0,strong
pampy gill|sajjan,Pampy Gill,Sajjan,290.0,1,Pampy Gill - Sajjan.mp3,Sajjan,1366,Sajjan Raj Vaidya - Chitthi Bhitra,Genius Romanizations,100.0,47.6,weak
panda music|nasa ko tal tal g bob,Panda Music,Nasa Ko Tal Tal ( G-BOB ) || ANTF Round-4 || G-BOB Music #antf,237.0,1,Nasa Ko Tal Tal ( G-BOB ) ｜｜ ANTF Round-4 ｜｜ G-BOB Music #antf.m4a,G-BOB Nepali rap,243,Tal Ko Pani,Amrit Gurung,70.6,71.4,weak
pandit gyaneshwari ji|holi khel rahe shiv shankar mata parvati ke sang,Pandit Gyaneshwari Ji,Holi Khel Rahe Shiv Shankar Mata Parvati Ke Sang,249.0,1,Pandit Gyaneshwari Ji - Holi Khel Rahe Shiv Shankar Mata Parvati Ke Sang.mp3,Shiv Shankar,1543,Shankar Bhole,Ishwor Krishna Bhurtel,70.0,66.7,weak
pankaj roy|he shiv shankar bhole,Pankaj Roy,He Shiv Shankar Bhole,376.0,1,Pankaj Roy - He Shiv Shankar Bhole.mp3,Shiv Shankar,1543,Shankar Bhole,Ishwor Krishna Bhurtel,100.0,54.5,weak
paolito feat tito sherpa|kill the beat season 2 e02,Paolito feat. Tito Sherpa,Kill the Beat (Season 2 E02),172.0,1,Paolito feat. Tito Sherpa - Kill the Beat (Season 2 E02).mp3,SHERPA,,,,55.8,70.6,none
parmu jr|chiso chiso pani jharna ko new,parmu jr,Chiso Chiso Pani Jharna Ko - New Nepali Rap Song 2021,0.0,1,Chiso Chiso Pani Jharna Ko - New Nepali Rap Song 2021.m4a,Aidray Nepali rap,859,Chiso Chiso,Brijesh Shrestha & Hakim,100.0,55.6,weak
parmu jr|kaam chaina new,parmu jr,Kaam Chaina - New Nepali Rap Song 2020,0.0,1,Kaam Chaina - New Nepali Rap Song 2020.m4a,Aidray Nepali rap,193,Chaina,Albatross,100.0,55.6,weak
parmu jr|new,parmu jr,New Nepali Rap Song 2020,0.0,1,New Nepali Rap Song 2020.m4a,Aidray Nepali rap,,,,57.1,55.6,none
parmu jr|vten thaa chaina new,parmu jr,VTEN - Thaa Chaina - New Nepali Rap Song 2020,0.0,1,VTEN - Thaa Chaina - New Nepali Rap Song 2020.m4a,VTEN,193,Chaina,Albatross,100.0,55.6,weak
parmu jr|yad haru _ new,parmu jr,Yad Haru _ New nepali rap song 2021,0.0,1,Yad Haru _ New nepali rap song 2021.m4a,Aidray Nepali rap,2230,Preyasi Ka Yaad Haru,Narayan Gopal,64.7,55.6,none
paschimey|10400x29,paschimey,10400X29 (OFFICIAL MUSIC VIDEO) || PASCHIMEY || RAWAN  (PROD. By B-BECK),299.0,1,10400X29 (OFFICIAL MUSIC VIDEO) ｜｜ PASCHIMEY ｜｜ RAWAN  (PROD. By B-BECK).m4a,channel:paschimey,,,,40.0,53.3,none
paschimey|paschimey dope s t,paschimey,PASCHIMEY — DOPE S**T /OFFICIAL  MUSIC VIDEO/Prod. By VIBHOR BEATS,208.0,1,PASCHIMEY — DOPE S＊＊T ⧸OFFICIAL  MUSIC VIDEO⧸Prod. By VIBHOR BEATS.m4a,channel:paschimey,,,,53.3,53.3,none
paschimey|paschimey real shit re,paschimey,PASCHIMEY - REAL SHIT ( Re-Prod. By ZOVED BHATTA),280.0,1,PASCHIMEY - REAL SHIT ( Re-Prod. By ZOVED BHATTA).m4a,channel:paschimey,,,,53.7,53.3,none
paty andrade mantras|phool ko aankha ma,Paty Andrade. Mantras.,Phool Ko Aankha Ma.,0.0,1,Phool Ko Aankha Ma..m4a,Phool Ko Mala,3465,Phool,Sujan Chapagain,100.0,64.5,weak
pawan dagar teena|shiv shankar bholenath aankhiya kholo jara,"Pawan Dagar, Teena",Shiv Shankar Bholenath Aankhiya Kholo Jara,208.0,1,"Pawan Dagar, Teena - Shiv Shankar Bholenath Aankhiya Kholo Jara.mp3",Shiv Shankar,1543,Shankar Bhole,Ishwor Krishna Bhurtel,70.0,58.8,weak
pawan nepali|chumma chikhada,Pawan Nepali,chumma chikhada,217.0,1,Pawan Nepali - chumma chikhada.mp3,nepali,1978,Chill Ma Chu,Mc Flo,66.7,72.0,weak
pawan nepali|dastakiya pe jobana,Pawan Nepali,Dastakiya Pe Jobana,178.0,1,Pawan Nepali - Dastakiya Pe Jobana.mp3,nepali,,,,55.0,72.0,none
pawan nepali|dilwa tutal ba,Pawan Nepali,Dilwa Tutal Ba,159.0,1,Pawan Nepali - Dilwa Tutal Ba.mp3,nepali,392,Bandi Tot,Ankit Tiwari & Nikhita Gandhi,60.9,72.0,none
pawan nepali|hae rangdar rangdari karile,Pawan Nepali,Hae Rangdar Rangdari Karile,172.0,1,Pawan Nepali - Hae Rangdar Rangdari Karile.mp3,nepali,,,,59.1,72.0,none
pawan singh official|chal budhi tu,Pawan Singh Official,Chal Budhi Tu,344.0,1,Chal Budhi Tu.m4a,Chhori Budhi,2073,Haat Bandhi,Mohan Bhusal,66.7,100.0,weak
peeyachdee|yama buddha foothpath mero ghar,PeeYachDee,Yama Buddha - Foothpath Mero Ghar,0.0,1,Yama Buddha - Foothpath Mero Ghar.m4a,Yama Buddha,4065,Footpath Mero Ghar,Yama Buddha,73.5,46.2,weak
pempa thokar|aama babu,Pempa Thokar,Aama babu nepali rap song 2018,0.0,1,Aama babu nepali rap song 2018.m4a,Aidray Nepali rap,1007,Aama Aama,Deep Shrestha,100.0,60.0,weak
peter copperhead165|yama buddha saathi by peter,Peter (copperhead165),Yama Buddha 'Saathi' - cover by Peter,0.0,1,Yama Buddha 'Saathi' - cover by Peter.m4a,Yama Buddha,1184,Saathi,Durgesh Thapa,100.0,45.7,weak
phonk man kz|cobwebs,Phonk man kz,Cobwebs,136.0,1,Phonk man kz - Cobwebs.mp3,Cobwebs,,,,50.0,66.7,none
photo zardari|muhnje sajjan je,Photo Zardari,Muhnje Sajjan Je,234.0,1,Photo Zardari - Muhnje Sajjan Je.mp3,Sajjan,,,,57.1,52.9,none
photo zardari|saaryo saaryo sajjan,Photo Zardari,Saaryo Saaryo Sajjan,234.0,1,Photo Zardari - Saaryo Saaryo Sajjan.mp3,Sajjan,3246,Sajha Paryo Ali Ali,Satya Raj Acharya,71.4,52.9,weak
pooja sharma|shiv shankar bhole nath bana le charno ki dasi,Pooja Sharma,Shiv Shankar Bhole Nath Bana Le Charno Ki Dasi,381.0,1,Pooja Sharma - Shiv Shankar Bhole Nath Bana Le Charno Ki Dasi.mp3,Shiv Shankar,1543,Shankar Bhole,Ishwor Krishna Bhurtel,100.0,72.0,weak
poornima sushma shrestha anu malik|03 oonchi hai building mysinger com,"Poornima - Sushma Shrestha, Anu Malik",03 - Oonchi Hai Building-(MySinger.com),310.0,1,"Poornima - Sushma Shrestha, Anu Malik - 03 - Oonchi Hai Building-(MySinger.com).mp3",Sushma Shrestha,1226,Aa Hai,Ekdev Limbu,66.7,78.9,weak
poornima sushma shrestha|06 nadhin dhinna mr bechara wale com,Poornima Sushma Shrestha,06 - Nadhin Dhinna (Mr. Bechara) (wale.com),293.0,1,Poornima Sushma Shrestha - 06 - Nadhin Dhinna (Mr. Bechara) (wale.com).mp3,Sushma Shrestha,,,,54.3,80.9,none
poornima sushma shrestha|dhik ta na na female laadla,Poornima Sushma Shrestha,Dhik Ta Na Na (female)/Laadla 1994,353.0,1,Poornima Sushma Shrestha - Dhik Ta Na Na (female)_Laadla 1994.mp3,Sushma Shrestha,1489,Maya Lagdaina Aba Female,Hemanta Rana,66.7,80.9,weak
poornima sushma shrestha|yeh aalam yeh mausam,Poornima (Sushma Shrestha),Yeh Aalam Yeh Mausam,380.0,1,Poornima (Sushma Shrestha) - Yeh Aalam Yeh Mausam.mp3,Sushma Shrestha,3576,Mausam,"Sushant KC, Yodda & Cute Boka",100.0,80.9,probable
powernix|nephop ko yama buddha powernix,POWERNIX,NepHop Ko Yama Buddha - POWERNIX,0.0,1,NepHop Ko Yama Buddha - POWERNIX.m4a,Yama Buddha,1847,NepHop Ko Bato,Laure,78.3,58.8,weak
prabal thapa|6 lahure ko relimai,prabal thapa,6.lahure ko relimai,0.0,1,6.lahure ko relimai.mp3,Lahure Ko Katha,899,Lahure,Chhewang Lama,100.0,78.3,probable
prabesh_op|heaven uniq poet,Prabesh_Op,Heaven Cover  Uniq Poet,0.0,1,Heaven Cover  Uniq Poet.mp3,Uniq Poet,1295,Uniq Poet - Kaalo 2.0 (English Translation),Genius English Translations,72.0,54.5,weak
prabhu raj dhakal lochan rijal sanup paudel nabin k bhattarai ankit babu adhikari rohit john ch|kalapani jalai halyo bairile,"Prabhu Raj Dhakal, Lochan Rijal, Sanup Paudel, Nabin K Bhattarai, Ankit Babu Adhikari, Rohit John Ch",KalaPani (Jalai Halyo Bairile),316.0,1,"Prabhu Raj Dhakal, Lochan Rijal, Sanup Paudel, Nabin K Bhattarai, Ankit Babu Adhikari, Rohit John Ch - KalaPani (Jalai H.mp3",Nabin K Bhattarai,716,Kalapani Ma,Bidhan Shrestha,84.2,100.0,probable
prakash mali|shiv shankar bholenath,Prakash Mali,Shiv Shankar Bholenath,404.0,1,Prakash Mali - Shiv Shankar Bholenath.mp3,Shiv Shankar,1543,Shankar Bhole,Ishwor Krishna Bhurtel,74.3,75.9,weak
prakash saput kumari gurung|oye lahure,"Prakash Saput, kumari gurung",Oye Lahure,56.0,1,"Prakash Saput, kumari gurung - Oye Lahure.mp3",Prakash Saput,899,Lahure,Chhewang Lama,100.0,100.0,strong
prakash saput|mero pani haina ra yo desh,Prakash Saput,Mero Pani Haina Ra Yo Desh,360.0,1,Prakash Saput - Mero Pani Haina Ra Yo Desh.mp3,Prakash Saput,2156,Pani Pani,Nalina Chitrakar,100.0,100.0,strong
prakash saput|milanko kabita,Prakash Saput,Milanko Kabita,89.0,1,Prakash Saput - Milanko Kabita.mp3,Prakash Saput,3066,Kasto Mileko,"Sahima Shrestha, Jwala Rai",69.2,100.0,weak
prakash saput|namaskar,Prakash Saput,Namaskar,337.0,1,Prakash Saput - Namaskar.mp3,Prakash Saput,785,Samsara,Bipul Chettri,66.7,100.0,weak
prakash shrestha bimala rai|kanchhi he kanchhi,"Prakash Shrestha, Bimala Rai",Kanchhi He Kanchhi,384.0,1,"Prakash Shrestha, Bimala Rai - Kanchhi He Kanchhi.mp3",Prakash Shrestha,420,Kanchhi,Anuprastha,100.0,100.0,strong
prakash shrestha bimala rai|tyo nayan ko,"Prakash Shrestha, Bimala Rai",Tyo Nayan Ko,279.0,1,"Prakash Shrestha, Bimala Rai - Tyo Nayan Ko.mp3",Prakash Shrestha,2481,Ko Ho Tyo,Om Bikram Bista,80.0,100.0,probable
prakash shrestha deepa jha|nachne koho ni maya,"Prakash Shrestha, Deepa Jha",Nachne Koho Ni Maya,299.0,1,"Prakash Shrestha, Deepa Jha - Nachne Koho Ni Maya.mp3",Prakash Shrestha,526,Maya,Ashutosh KC,100.0,100.0,strong
prakash shrestha deepa jha|ye kanchhi,"Prakash Shrestha, Deepa jha",Ye Kanchhi,305.0,1,"Prakash Shrestha, Deepa jha - Ye Kanchhi.mp3",Prakash Shrestha,420,Kanchhi,Anuprastha,100.0,100.0,strong
prakash shrestha deepa jha|yesari nai timi malai maya gardai,"Prakash Shrestha, Deepa Jha",Yesari Nai Timi Malai Maya Gardai,335.0,1,"Prakash Shrestha, Deepa Jha - Yesari Nai Timi Malai Maya Gardai.mp3",Prakash Shrestha,526,Maya,Ashutosh KC,100.0,100.0,strong
prakash shrestha feat sadhana sargam|paila hamro kura,Prakash Shrestha feat. Sadhana Sargam,Paila Hamro Kura,286.0,1,Prakash Shrestha feat. Sadhana Sargam - Paila Hamro Kura.mp3,Prakash Shrestha,2472,Kura,Oasis Thapa,100.0,100.0,strong
prakash shrestha kiran pradhan yogendra singh|hami tin trikat,"Prakash Shrestha, Kiran Pradhan, Yogendra Singh",Hami Tin Trikat,290.0,1,"Prakash Shrestha, Kiran Pradhan, Yogendra Singh - Hami Tin Trikat (2).mp3",Prakash Shrestha,2569,Hami,Prajina,100.0,100.0,strong
prakash shrestha kiran pradhan yogendra singh|hara hara,"Prakash Shrestha, Kiran Pradhan, Yogendra Singh",Hara Hara,300.0,1,"Prakash Shrestha, Kiran Pradhan, Yogendra Singh - Hara Hara.mp3",Prakash Shrestha,110,Harpal,Aastha Band,80.0,100.0,probable
prakash shrestha kumar basnet bimala rai sukmit gurung|dekhe pachhi,"Prakash Shrestha, Kumar Basnet, Bimala Rai, Sukmit Gurung",Dekhe Pachhi,257.0,1,"Prakash Shrestha, Kumar Basnet, Bimala Rai, Sukmit Gurung - Dekhe Pachhi.mp3",Prakash Shrestha,1740,Tes Pachhi K ?,Kavi G,75.0,100.0,weak
prakash shrestha lochan bhattarai|luki luki chori chori,"Prakash Shrestha, Lochan Bhattarai",Luki Luki Chori Chori,302.0,1,"Prakash Shrestha, Lochan Bhattarai - Luki Luki Chori Chori.mp3",Prakash Shrestha,1105,Luki Luki,Dhiraj Rai,100.0,100.0,strong
prakash shrestha lochan bhattarai|ranikhola ko paani,"Prakash Shrestha, Lochan Bhattarai",Ranikhola Ko Paani,295.0,1,"Prakash Shrestha, Lochan Bhattarai - Ranikhola Ko Paani.mp3",Prakash Shrestha,243,Tal Ko Pani,Amrit Gurung,69.0,100.0,weak
prakash shrestha lochan bhattarai|sarara sarara,"Prakash Shrestha, Lochan Bhattarai",Sarara Sarara,246.0,1,"Prakash Shrestha, Lochan Bhattarai - Sarara Sarara.mp3",Prakash Shrestha,904,Sarara,Chhewang Lama,100.0,100.0,strong
prakash shrestha lochhan bhattarai|chahe geet sunau,Prakash Shrestha & Lochhan Bhattarai,Chahe Geet Sunau,189.0,1,Prakash Shrestha & Lochhan Bhattarai - Chahe Geet Sunau.mp3,Prakash Shrestha,1001,Suna Katha Yuta Geet,Danny Denzongpa,72.2,100.0,weak
prakash shrestha shakti ballav|ke bharosa jeevan ko,"Prakash Shrestha, Shakti Ballav",Ke Bharosa Jeevan Ko,74.0,1,"Prakash Shrestha, Shakti Ballav - Ke Bharosa Jeevan Ko.mp3",Prakash Shrestha,1155,Jeevan,Dixita Karki,100.0,100.0,strong
prakash shrestha sukmit gurung|chumera sugandhi,"Prakash Shrestha, Sukmit Gurung",Chumera Sugandhi,321.0,1,"Prakash Shrestha, Sukmit Gurung - Chumera Sugandhi.mp3",Prakash Shrestha,4104,Mayako Sugandha,"Yogesh Kaji, Sarika Ghimire",64.5,100.0,weak
prakash shrestha sukmit gurung|ka kha ga gha,"Prakash Shrestha, Sukmit Gurung",Ka Kha Ga Gha,255.0,1,"Prakash Shrestha, Sukmit Gurung - Ka Kha Ga Gha.mp3",Prakash Shrestha,3084,Ka Kha Ga,Sajjan Raj Vaidya,100.0,100.0,strong
prakash shrestha sunita subba|timi mana ya,Prakash Shrestha & Sunita Subba,Timi Mana Ya,332.0,1,Prakash Shrestha & Sunita Subba - Timi Mana Ya.mp3,Prakash Shrestha,752,Timi,Binit Shrestha,100.0,100.0,strong
prakash shrestha sunita subba|timi mana ya namana,"Prakash Shrestha, Sunita subba",Timi Mana Ya Namana,333.0,1,"Prakash Shrestha, Sunita subba - Timi Mana Ya Namana.mp3",Prakash Shrestha,752,Timi,Binit Shrestha,100.0,100.0,strong
prakash shrestha thupden bhutiya|hami dui sathi,"Prakash Shrestha, Thupden Bhutiya",Hami Dui Sathi,300.0,1,"Prakash Shrestha, Thupden Bhutiya - Hami Dui Sathi.mp3",Prakash Shrestha,2569,Hami,Prajina,100.0,100.0,strong
prakash shrestha|aama gara karuna,Prakash Shrestha,Aama Gara Karuna,349.0,1,Prakash Shrestha - Aama Gara Karuna.mp3,Prakash Shrestha,1007,Aama Aama,Deep Shrestha,100.0,100.0,strong
prakash shrestha|bagaidiyau,Prakash Shrestha,Bagaidiyau,248.0,1,Prakash Shrestha - Bagaidiyau.mp3,Prakash Shrestha,1788,Bagaicha,Kta Haru,66.7,100.0,weak
prakash shrestha|baiguni nirmaya,Prakash Shrestha,Baiguni Nirmaya,303.0,1,Prakash Shrestha - Baiguni Nirmaya.mp3,Prakash Shrestha,712,Baiguni,Bibash Jk,100.0,100.0,strong
prakash shrestha|bistarai bistarai,Prakash Shrestha,Bistarai Bistarai,300.0,1,Prakash Shrestha - Bistarai Bistarai.mp3,Prakash Shrestha,2968,Bistarai Bistarai,Rohit John Chettri,100.0,100.0,strong
prakash shrestha|bolana maya,Prakash Shrestha,Bolana Maya,234.0,1,Prakash Shrestha - Bolana Maya.mp3,Prakash Shrestha,526,Maya,Ashutosh KC,100.0,100.0,strong
prakash shrestha|chahe geet sunau,Prakash Shrestha,Chahe Geet Sunau,190.0,1,Prakash Shrestha - Chahe Geet Sunau.mp3,Prakash Shrestha,1001,Suna Katha Yuta Geet,Danny Denzongpa,72.2,100.0,weak
prakash shrestha|dui hat milchhan jaba,Prakash Shrestha,Dui Hat Milchhan Jaba,237.0,1,Prakash Shrestha - Dui Hat Milchhan Jaba.mp3,Prakash Shrestha,3435,Jaba Din Dhalcha,Sugam Pokhrel,70.3,100.0,weak
prakash shrestha|gahirai ma dubdai naduba,Prakash Shrestha,Gahirai Ma Dubdai Naduba,275.0,1,Prakash Shrestha - Gahirai Ma Dubdai Naduba.mp3,Prakash Shrestha,3773,Ma,The Shadows 'Nepal',100.0,100.0,strong
prakash shrestha|gahiraima,Prakash Shrestha,Gahiraima,263.0,1,Prakash Shrestha - Gahiraima.mp3,Prakash Shrestha,2597,Gahiraima Dubdai Naduba,Prakash Shrestha,100.0,100.0,strong
prakash shrestha|garibko sewa garnu,Prakash Shrestha,Garibko Sewa Garnu,239.0,1,Prakash Shrestha - Garibko Sewa Garnu.mp3,Prakash Shrestha,,,,58.1,100.0,weak
prakash shrestha|hari nai puja,Prakash Shrestha,Hari Nai Puja,239.0,1,Prakash Shrestha - Hari Nai Puja.mp3,Prakash Shrestha,1457,Hamri Aama Sarai nai Bathi Hari Bansa Acharya,HARI BANSA ACHARYA,76.2,100.0,weak
prakash shrestha|harilai khusi,Prakash Shrestha,Harilai Khusi,354.0,1,Prakash Shrestha - Harilai Khusi.mp3,Prakash Shrestha,90,Juni Juni Bharilai,2025 Nepali Movie Dukhi Aatma,76.9,100.0,weak
prakash shrestha|he laxmi,Prakash Shrestha,He Laxmi,308.0,1,Prakash Shrestha - He Laxmi.mp3,Prakash Shrestha,2569,Hami,Prajina,66.7,100.0,weak
prakash shrestha|hijo rati,Prakash Shrestha,Hijo Rati,361.0,1,Prakash Shrestha - Hijo Rati.mp3,Prakash Shrestha,1918,Kati Ho Kati,Manila Sotang,75.0,100.0,weak
prakash shrestha|jalirahechha,Prakash Shrestha,Jalirahechha,237.0,1,Prakash Shrestha - Jalirahechha.mp3,Prakash Shrestha,698,Mutu Jalirahecha,Bhakta Raj Acharya,78.6,100.0,probable
prakash shrestha|janeharu nalagau,Prakash Shrestha,Janeharu Nalagau,267.0,1,Prakash Shrestha - Janeharu Nalagau.mp3,Prakash Shrestha,200,Kaha Janchau,Albatross,64.3,100.0,weak
prakash shrestha|jaya jaya shankar,Prakash Shrestha,Jaya Jaya Shankar,310.0,1,Prakash Shrestha - Jaya Jaya Shankar.mp3,Prakash Shrestha,2067,Om Jaya Shiva Shankar,"Mira Rana, Dwarika Lal Joshi",100.0,100.0,strong
prakash shrestha|kati pyar chha,Prakash Shrestha,Kati Pyar Chha,315.0,1,Prakash Shrestha - Kati Pyar Chha.mp3,Prakash Shrestha,3333,Chihan Ki Pari,Sirish Khadka,78.6,100.0,probable
prakash shrestha|ke ke sochen,Prakash Shrestha,Ke Ke Sochen,295.0,1,Prakash Shrestha - Ke Ke Sochen.mp3,Prakash Shrestha,2741,Soch,Rachana Dahal,61.5,100.0,weak
prakash shrestha|ke sochen,Prakash Shrestha,Ke Sochen,292.0,1,Prakash Shrestha - Ke Sochen.mp3,Prakash Shrestha,2741,Soch,Rachana Dahal,61.5,100.0,weak
prakash shrestha|khuldaina talcha,Prakash Shrestha,Khuldaina Talcha,267.0,1,Prakash Shrestha - Khuldaina Talcha.mp3,Prakash Shrestha,1223,Thaha Chaina,Edge Band,71.4,100.0,weak
prakash shrestha|kunai bela maile pani,Prakash Shrestha,Kunai Bela Maile Pani,299.0,1,Prakash Shrestha - Kunai Bela Maile Pani.mp3,Prakash Shrestha,2156,Pani Pani,Nalina Chitrakar,100.0,100.0,strong
prakash shrestha|lai bari lai,Prakash Shrestha,Lai Bari Lai,317.0,1,Prakash Shrestha - Lai Bari Lai.mp3,Prakash Shrestha,3726,Lai Bari Lai,The Cartoonz Crew,100.0,100.0,strong
prakash shrestha|maanish ko chola,Prakash Shrestha,Maanish Ko Chola,287.0,1,Prakash Shrestha - Maanish Ko Chola.mp3,Prakash Shrestha,4105,Josh Chha Jawani Ko,Yogesh Kaji Shah and Sarika Ghimire from Nepali Movie Timro Mero,74.3,100.0,weak
prakash shrestha|maryo tyo,Prakash Shrestha,Maryo Tyo,229.0,1,Prakash Shrestha - Maryo Tyo.mp3,Prakash Shrestha,1701,Maryo,Karma Band,100.0,100.0,strong
prakash shrestha|maya timilai,Prakash Shrestha,Maya Timilai,255.0,1,Prakash Shrestha - Maya Timilai.mp3,Prakash Shrestha,3023,Maya Timilai,Sabin Rai,100.0,100.0,strong
prakash shrestha|mero maya manai bhari,Prakash Shrestha,Mero Maya Manai Bhari,243.0,1,Prakash Shrestha - Mero Maya Manai Bhari.mp3,Prakash Shrestha,526,Maya,Ashutosh KC,100.0,100.0,strong
prakash shrestha|om bhur bhuba swaha,Prakash Shrestha,Om Bhur Bhuba Swaha,332.0,1,Prakash Shrestha - Om Bhur Bhuba Swaha.mp3,Prakash Shrestha,,,,58.1,100.0,weak
prakash shrestha|om namo shivaya,Prakash Shrestha,Om Namo Shivaya,340.0,1,Prakash Shrestha - Om Namo Shivaya.mp3,Prakash Shrestha,2336,Om Nama Shivaya,Neetesh Jung Kunwar,93.3,100.0,strong
prakash shrestha|pardeshma,Prakash Shrestha,Pardeshma,300.0,1,Prakash Shrestha - Pardeshma.mp3,Prakash Shrestha,1994,Sparsha,Mc Flo,75.0,100.0,weak
prakash shrestha|parkhada parkhadai,Prakash Shrestha,Parkhada Parkhadai,158.0,1,Prakash Shrestha - Parkhada Parkhadai.mp3,Prakash Shrestha,246,Parda Pachhadi,Ananda Karki,68.8,100.0,weak
prakash shrestha|prabhuko lila,Prakash Shrestha,Prabhuko Lila,221.0,1,Prakash Shrestha - Prabhuko Lila.mp3,Prakash Shrestha,,,,56.2,100.0,weak
prakash shrestha|prem ko mulya nasodha,Prakash Shrestha,Prem Ko Mulya Nasodha,249.0,1,Prakash Shrestha - Prem Ko Mulya Nasodha.mp3,Prakash Shrestha,2019,Nasodha Malai,Melina Rai,70.0,100.0,weak
prakash shrestha|raat royo joon royo,Prakash Shrestha,Raat Royo Joon Royo,324.0,1,Prakash Shrestha - Raat Royo Joon Royo.mp3,Prakash Shrestha,78,Tyo Raat Ko,1974 AD,72.0,100.0,weak
prakash shrestha|rastra dev,Prakash Shrestha,Rastra Dev,259.0,1,Prakash Shrestha - Rastra Dev.mp3,Prakash Shrestha,439,Ek Yatra,Arthur Gunn,66.7,100.0,weak
prakash shrestha|ruchaye timilai,Prakash Shrestha,Ruchaye Timilai,336.0,1,Prakash Shrestha - Ruchaye Timilai.mp3,Prakash Shrestha,1555,Timilai,James Shrestha,100.0,100.0,strong
prakash shrestha|salleri dandaima,Prakash Shrestha,Salleri Dandaima,302.0,1,Prakash Shrestha - Salleri Dandaima.mp3,Prakash Shrestha,3708,Pallo Dadama,The Axe,71.4,100.0,weak
prakash shrestha|saphal timro,Prakash Shrestha,Saphal Timro,282.0,1,Prakash Shrestha - Saphal Timro.mp3,Prakash Shrestha,2602,Safal Timro,Prakash Shrestha,87.0,100.0,probable
prakash shrestha|saphal tmro,Prakash Shrestha,Saphal Tmro,277.0,1,Prakash Shrestha - Saphal Tmro.mp3,Prakash Shrestha,2602,Safal Timro,Prakash Shrestha,81.8,100.0,probable
prakash shrestha|sara shresti,Prakash Shrestha,Sara Shresti,350.0,1,Prakash Shrestha - Sara Shresti.mp3,Prakash Shrestha,4159,Sara Khushi,सारा खुशी Adrian Pradhan,69.6,100.0,weak
prakash shrestha|sarara hawa,Prakash Shrestha,Sarara Hawa,227.0,1,Prakash Shrestha - Sarara Hawa.mp3,Prakash Shrestha,904,Sarara,Chhewang Lama,100.0,100.0,strong
prakash shrestha|subha kamanaa,Prakash Shrestha,Subha Kamanaa,240.0,1,Prakash Shrestha - Subha Kamanaa.mp3,Prakash Shrestha,3612,Kramasha,Swoopna Suman,66.7,100.0,weak
prakash shrestha|sunna feri yehi deshma,Prakash Shrestha,Sunna Feri Yehi Deshma,272.0,1,Prakash Shrestha - Sunna Feri Yehi Deshma.mp3,Prakash Shrestha,2475,Sunna,Oasis Thapa,100.0,100.0,strong
prakash shrestha|timi lai gurans,Prakash Shrestha,Timi Lai Gurans,244.0,1,Prakash Shrestha - Timi Lai Gurans.mp3,Prakash Shrestha,752,Timi,Binit Shrestha,100.0,100.0,strong
prakash shrestha|timilai ke naam,Prakash Shrestha,Timilai Ke Naam,226.0,1,Prakash Shrestha - Timilai Ke Naam.mp3,Prakash Shrestha,1555,Timilai,James Shrestha,100.0,100.0,strong
prakash shrestha|timisanga dungama,Prakash Shrestha,Timisanga Dungama,364.0,1,Prakash Shrestha - Timisanga Dungama.mp3,Prakash Shrestha,2604,Timi Sanga Dunga Ma,Prakash Shrestha,72.2,100.0,weak
prakash shrestha|timro aankhako sagarma,Prakash Shrestha,Timro Aankhako Sagarma,345.0,1,Prakash Shrestha - Timro Aankhako Sagarma.mp3,Prakash Shrestha,2605,Timro Aakha Ko Sagar Ma,Prakash Shrestha,84.4,100.0,probable
prakash shrestha|timro muskan,Prakash Shrestha,Timro Muskan,253.0,1,Prakash Shrestha - Timro Muskan.mp3,Prakash Shrestha,1241,Timro Muskan,Ekdev Limbu | Samir Shrestha,100.0,100.0,strong
prakash shrestha|timro shirma mirmireko,Prakash Shrestha,Timro Shirma Mirmireko,276.0,1,Prakash Shrestha - Timro Shirma Mirmireko.mp3,Prakash Shrestha,3614,Ma Timro,Swoopna Suman,76.9,100.0,weak
prakash shrestha|trishna ko suseli,Prakash Shrestha,Trishna Ko Suseli,247.0,1,Prakash Shrestha - Trishna Ko Suseli.mp3,Prakash Shrestha,19,Yo katha ho Trishna mero । यो कथा हो तृष्णा मेरो - Paan Ko Pat,,74.1,100.0,weak
prakash shrestha|yeti dherai maya diyou,Prakash Shrestha,Yeti dherai maya diyou,297.0,1,Prakash Shrestha - Yeti dherai maya diyou.mp3,Prakash Shrestha,526,Maya,Ashutosh KC,100.0,100.0,strong
prakash shrestha|yo sanjh rangai rahu,Prakash Shrestha,Yo Sanjh Rangai Rahu,270.0,1,Prakash Shrestha - Yo Sanjh Rangai Rahu.mp3,Prakash Shrestha,2974,Kalo Sanjh,Rohit John Chettri,66.7,100.0,weak
prakiti by shadows|prakriti nepali rock song,prakiti by shadows,prakriti : nepali rock song,299.0,1,prakiti by shadows - prakriti _ nepali rock song.mp3,nepali rock song,207,Nepali,Albatross,100.0,62.9,weak
pramod kharel anjana gurung|aafno manchhe afno hunchha,"Pramod Kharel, Anjana Gurung",Aafno Manchhe Afno Hunchha,287.0,1,"Pramod Kharel, Anjana Gurung - Aafno Manchhe Afno Hunchha.mp3",Pramod Kharel,3969,Aafno,VTEN,100.0,100.0,strong
pramod kharel anju panta|timro mero dilko bas,"Pramod Kharel, Anju Panta",Timro Mero Dilko Bas,356.0,1,"Pramod Kharel, Anju Panta - Timro Mero Dilko Bas (3).mp3","Pramod Kharel, Anju Panta",1178,Timro Mero Bhet,Dr Pilot,80.0,100.0,probable
pramod kharel eknarayan bhandari|timrai mutu bhitrai,"Pramod Kharel, Eknarayan Bhandari",Timrai Mutu Bhitrai,304.0,1,"Pramod Kharel, Eknarayan Bhandari - Timrai Mutu Bhitrai.mp3",Pramod Kharel,3198,Mutu Bhitra Timro,Sanjeep Pradhan,88.9,100.0,probable
pramod kharel melina rai|jire khursani,"Pramod Kharel, Melina Rai",Jire Khursani,258.0,1,"Pramod Kharel, Melina Rai - Jire Khursani.mp3",Melina Rai,3643,Sangai Juine,Sworup Raj Acharya,64.0,100.0,weak
pramod kharel melina rai|ohh kanchhi,"Pramod Kharel, Melina Rai",Ohh Kanchhi,230.0,1,"Pramod Kharel, Melina Rai - Ohh Kanchhi.mp3",Melina Rai,420,Kanchhi,Anuprastha,100.0,100.0,strong
pramod kharel melina rai|sano thimi,"Pramod Kharel, Melina Rai",Sano Thimi,291.0,1,"Pramod Kharel, Melina Rai - Sano Thimi.mp3",Melina Rai,427,Sano,Apurva Tamang,100.0,100.0,strong
pramod kharel neetu ghimire|maya meri,"Pramod Kharel, Neetu Ghimire",Maya Meri,302.0,1,"Pramod Kharel, Neetu Ghimire - Maya Meri.mp3",Pramod Kharel,157,Meri Maya,Adrian Pradhan,100.0,100.0,strong
pramod kharel purnima lama|phool kamal,"Pramod Kharel, Purnima Lama",Phool Kamal,263.0,1,"Pramod Kharel, Purnima Lama - Phool Kamal.mp3",Pramod Kharel,3465,Phool,Sujan Chapagain,100.0,100.0,strong
pramod kharel santosh shrestha prabal bista|timrai jeetko charcha,"Pramod Kharel, Santosh Shrestha, Prabal Bista",Timrai Jeetko Charcha,392.0,1,"Pramod Kharel, Santosh Shrestha, Prabal Bista - Timrai Jeetko Charcha.mp3",Pramod Kharel,1634,Timrai hu,KAAL - 69,80.0,100.0,probable
pramod kharel|aagole jastai,Pramod Kharel,Aagole Jastai,288.0,1,Pramod Kharel - Aagole Jastai.mp3,Pramod Kharel,1594,Hawa Jastai,John Chamling Rai,75.0,100.0,weak
pramod kharel|adhuro,Pramod Kharel,Adhuro,291.0,1,Pramod Kharel - Adhuro.mp3,Pramod Kharel,2541,Adhuro,Prabesh Kumar Shrestha,100.0,100.0,strong
pramod kharel|anta maya lako bhaye,Pramod Kharel,Anta Maya Lako Bhaye,317.0,1,Pramod Kharel - Anta Maya Lako Bhaye.mp3,Pramod Kharel,526,Maya,Ashutosh KC,100.0,100.0,strong
pramod kharel|apurai bho timi sangai,Pramod Kharel,Apurai Bho Timi Sangai,368.0,1,Pramod Kharel - Apurai Bho Timi Sangai.mp3,Pramod Kharel,429,Timi Sangai,Apurva Tamang,100.0,100.0,strong
pramod kharel|arkai lai rojdai,Pramod Kharel,Arkai Lai Rojdai,338.0,1,Pramod Kharel - Arkai Lai Rojdai.mp3,Pramod Kharel,1746,Lai Lai,Ketan Chhetri,100.0,100.0,strong
pramod kharel|arko junima,Pramod Kharel,Arko Junima,327.0,1,Pramod Kharel - Arko Junima.mp3,Pramod Kharel,677,Arko Juni,Bekcha,90.0,100.0,strong
pramod kharel|arulai maya,Pramod Kharel,Arulai Maya,325.0,1,Pramod Kharel - Arulai Maya (2).mp3,Pramod Kharel,526,Maya,Ashutosh KC,100.0,100.0,strong
pramod kharel|aukat,Pramod Kharel,Aukat,263.0,1,Pramod Kharel - Aukat.mp3,Pramod Kharel,590,Alikati,B-8eight,66.7,100.0,weak
pramod kharel|baru mara,Pramod Kharel,Baru Mara,305.0,1,Pramod Kharel - Baru Mara.mp3,Pramod Kharel,2516,Marna baru,Phatteman,94.7,100.0,strong
pramod kharel|bhuli sara yadharu,Pramod Kharel,Bhuli Sara Yadharu,237.0,1,Pramod Kharel - Bhuli Sara Yadharu.mp3,Pramod Kharel,652,Ghar Yaadharu,Bartika Eam Rai,71.0,100.0,weak
pramod kharel|bhupu maya 3,Pramod Kharel,Bhupu Maya 3,325.0,1,Pramod Kharel - Bhupu Maya 3.mp3,Pramod Kharel,526,Maya,Ashutosh KC,100.0,100.0,strong
pramod kharel|birsera bachna,Pramod Kharel,Birsera Bachna,316.0,1,Pramod Kharel - Birsera Bachna.mp3,Pramod Kharel,145,Birsera malai,Adrian Pradhan,74.1,100.0,weak
pramod kharel|chhadi gayau nisthuri le,Pramod Kharel,Chhadi Gayau Nisthuri Le,302.0,1,Pramod Kharel - Chhadi Gayau Nisthuri Le.mp3,Pramod Kharel,292,Chhadi Gayau,Anju Panta,100.0,100.0,strong
pramod kharel|chhadi gayeu nisthuri le,Pramod Kharel,Chhadi Gayeu Nisthuri Le,302.0,1,Pramod Kharel - Chhadi Gayeu Nisthuri Le.mp3,Pramod Kharel,2335,Nisthuri Mori,Neetesh Jung Kunwar,76.2,100.0,weak
pramod kharel|chhati chiri mannko ghau,Pramod Kharel,Chhati Chiri Mannko Ghau,311.0,1,Pramod Kharel - Chhati Chiri Mannko Ghau.mp3,Pramod Kharel,,,,59.5,100.0,weak
pramod kharel|chhinmai haschhu,Pramod Kharel,Chhinmai Haschhu,285.0,1,Pramod Kharel - Chhinmai Haschhu.mp3,Pramod Kharel,2668,Chahanchhu,Pratap Das,69.2,100.0,weak
pramod kharel|chokho maya,Pramod Kharel,Chokho Maya,288.0,1,Pramod Kharel - Chokho Maya.mp3,Pramod Kharel,2996,Chokho Maya,Rupak Dotel,100.0,100.0,strong
pramod kharel|daar lagchha,Pramod Kharel,Daar Lagchha,252.0,1,Pramod Kharel - Daar Lagchha.mp3,Pramod Kharel,2458,K Maya Lagchha Ra,Nishan Bhattarai & Eleena Chauhan,75.9,100.0,weak
pramod kharel|daibale,Pramod Kharel,DAIBALE,345.0,1,Pramod Kharel - DAIBALE.mp3,Pramod Kharel,3220,Daiba Hey,Sanup Poudel,75.0,100.0,weak
pramod kharel|deuta mardainan,Pramod Kharel,Deuta Mardainan,325.0,1,Pramod Kharel - Deuta Mardainan.mp3,Pramod Kharel,3605,Harauna Deu,Swoopna Suman,69.2,100.0,weak
pramod kharel|dhartiko chiso,Pramod Kharel,Dhartiko Chiso,368.0,1,Pramod Kharel - Dhartiko Chiso.mp3,Pramod Kharel,859,Chiso Chiso,Brijesh Shrestha & Hakim,100.0,100.0,strong
pramod kharel|doshi,Pramod Kharel,Doshi,281.0,1,Pramod Kharel - Doshi.mp3,Pramod Kharel,108,Dosh,Aastha Band,88.9,100.0,probable
pramod kharel|euta sano,Pramod Kharel,Euta Sano,245.0,1,Pramod Kharel - Euta Sano.mp3,Pramod Kharel,427,Sano,Apurva Tamang,100.0,100.0,strong
pramod kharel|garible garne maya,Pramod Kharel,Garible Garne Maya,363.0,1,Pramod Kharel - Garible Garne Maya.mp3,Pramod Kharel,526,Maya,Ashutosh KC,100.0,100.0,strong
pramod kharel|ghoshana,Pramod Kharel,Ghoshana,227.0,1,Pramod Kharel - Ghoshana.mp3,Pramod Kharel,194,Chhaina,Albatross,66.7,100.0,weak
pramod kharel|harayeko mero manchhe,Pramod Kharel,Harayeko Mero Manchhe,356.0,1,Pramod Kharel - Harayeko Mero Manchhe.mp3,Pramod Kharel,3309,Harayeko Maya,ShreeGo,76.2,100.0,weak
pramod kharel|jatan gari sajai rakha,Pramod Kharel,Jatan Gari Sajai Rakha,285.0,1,Pramod Kharel - Jatan Gari Sajai Rakha.mp3,Pramod Kharel,767,Ghar Salkay Ko Katha,Bipul Chettri,61.9,100.0,weak
pramod kharel|jhupadi,Pramod Kharel,Jhupadi,318.0,1,Pramod Kharel - Jhupadi.mp3,Pramod Kharel,3547,Jhandai,Sushant Kc,71.4,100.0,weak
pramod kharel|jindagi ruthisi,Pramod Kharel,Jindagi Ruthisi,322.0,1,Pramod Kharel - Jindagi Ruthisi.mp3,Pramod Kharel,85,Yo Jindagi,1974ad,82.4,100.0,probable
pramod kharel|kasari afno,Pramod Kharel,Kasari Afno,359.0,1,Pramod Kharel - Kasari Afno.mp3,Pramod Kharel,4030,Kasari,Yabesh Thapa,100.0,100.0,strong
pramod kharel|kina boldinau,Pramod Kharel,Kina Boldinau,287.0,1,Pramod Kharel - Kina Boldinau.mp3,Pramod Kharel,834,Timi aja bholi kina boldinau,Blog,100.0,100.0,strong
pramod kharel|kina marina ma everest gallery,Pramod Kharel,Kina Marina Ma- Everest Gallery,287.0,1,Pramod Kharel - Kina Marina Ma- Everest Gallery.mp3,Pramod Kharel,862,KINA,Brisk timos,100.0,100.0,strong
pramod kharel|ma bina ni bachna,Pramod Kharel,Ma Bina Ni Bachna,282.0,1,Pramod Kharel - Ma Bina Ni Bachna.mp3,Pramod Kharel,3773,Ma,The Shadows 'Nepal',100.0,100.0,strong
pramod kharel|ma yo dharti ko,Pramod Kharel,Ma Yo Dharti Ko,373.0,1,Pramod Kharel - Ma Yo Dharti Ko.mp3,Pramod Kharel,3773,Ma,The Shadows 'Nepal',100.0,100.0,strong
pramod kharel|malai sunam sunam,Pramod Kharel,Malai Sunam Sunam,342.0,1,Pramod Kharel - Malai Sunam Sunam.mp3,Pramod Kharel,256,Huncha Malai,Ani Choying Dolma,78.3,100.0,probable
pramod kharel|man jalera,Pramod Kharel,Man Jalera,286.0,1,Pramod Kharel - Man Jalera.mp3,Pramod Kharel,1135,Ma Jalera Kharani,Dipak Limbu,75.0,100.0,weak
pramod kharel|mann paraunu,Pramod Kharel,Mann Paraunu,311.0,1,Pramod Kharel - Mann Paraunu.mp3,Pramod Kharel,772,Mann,Bipul Chettri,100.0,100.0,strong
pramod kharel|maya k ho,Pramod Kharel,Maya K Ho,359.0,1,Pramod Kharel - Maya K Ho.mp3,Pramod Kharel,2538,Maya k ho?,Piroo Rana,100.0,100.0,strong
pramod kharel|mayako ghar,Pramod Kharel,Mayako Ghar,287.0,1,Pramod Kharel - Mayako Ghar (2).mp3,Pramod Kharel,1980,Ghar Ko Maya,Mc Flo,78.3,100.0,probable
pramod kharel|mayako karobar,Pramod Kharel,Mayako Karobar,280.0,1,Pramod Kharel - Mayako Karobar.mp3,Pramod Kharel,4037,Mayako Katha,Yabesh Thapa,76.9,100.0,weak
pramod kharel|mero aafno bhannu,Pramod Kharel,Mero Aafno Bhannu,262.0,1,Pramod Kharel - Mero Aafno Bhannu.mp3,Pramod Kharel,3969,Aafno,VTEN,100.0,100.0,strong
pramod kharel|mero desh pyaro nepal,Pramod Kharel,Mero Desh Pyaro Nepal,345.0,1,Pramod Kharel - Mero Desh Pyaro Nepal.mp3,Pramod Kharel,2385,Mero Desh,Nepathya,100.0,100.0,strong
pramod kharel|mrityu ko purba suchana,Pramod Kharel,Mrityu Ko Purba Suchana,354.0,1,Pramod Kharel - Mrityu Ko Purba Suchana.mp3,Pramod Kharel,213,Suchana! Suchana!! Suchana!!!,Albatross,100.0,100.0,strong
pramod kharel|mutu jhiker,Pramod Kharel,Mutu Jhiker,294.0,1,Pramod Kharel - Mutu Jhiker.mp3,Pramod Kharel,1222,Samjhine Mutu,Edge Band,75.0,100.0,weak
pramod kharel|pardeshilai rahar,Pramod Kharel,Pardeshilai Rahar,352.0,1,Pramod Kharel - Pardeshilai Rahar.mp3,Pramod Kharel,1199,Sacar Padhikari,Ease is Easy,68.8,100.0,weak
pramod kharel|phool jhai oili jadai chhu,Pramod Kharel,Phool Jhai Oili Jadai Chhu,303.0,1,Pramod Kharel - Phool Jhai Oili Jadai Chhu.mp3,Pramod Kharel,3465,Phool,Sujan Chapagain,100.0,100.0,strong
pramod kharel|reshami ghumto,Pramod Kharel,Reshami Ghumto,306.0,1,Pramod Kharel - Reshami Ghumto.mp3,Pramod Kharel,2234,Sajau Ghumto Haru,Narayan Gopal,64.5,100.0,weak
pramod kharel|rojeko paidaina khojeko chahidaina,Pramod Kharel,Rojeko Paidaina Khojeko Chahidaina,318.0,1,Pramod Kharel - Rojeko Paidaina Khojeko Chahidaina.mp3,Pramod Kharel,2632,Rojeko Paidaina,Pramod Kharel,100.0,100.0,strong
pramod kharel|roknu khachu,Pramod Kharel,Roknu Khachu,256.0,1,Pramod Kharel - Roknu Khachu.mp3,Pramod Kharel,2792,Birsu Bhanchu,Rajesh Payal Rai,64.0,100.0,weak
pramod kharel|sajilo kaha chha ra,Pramod Kharel,Sajilo Kaha Chha Ra,282.0,1,Pramod Kharel - Sajilo Kaha Chha Ra.mp3,Pramod Kharel,2672,Ke Nai Chha Ra,Pratap Das,72.7,100.0,weak
pramod kharel|sani beimani,Pramod Kharel,Sani beimani,326.0,1,Pramod Kharel - Sani beimani.mp3,Pramod Kharel,3422,Aba Man Sangai Man,"Sugam Pokharel, Anju Panta",69.2,100.0,weak
pramod kharel|sushma,Pramod Kharel,Sushma,288.0,1,Pramod Kharel - Sushma.mp3,Pramod Kharel,2313,Ashma,Neetesh Jung Kunwar,72.7,100.0,weak
pramod kharel|tamam ti,Pramod Kharel,Tamam Ti,223.0,1,Pramod Kharel - Tamam Ti.mp3,Pramod Kharel,646,Anumati,Bartika Eam Rai,66.7,100.0,weak
pramod kharel|timi jasto huna nasakepani,Pramod Kharel,Timi Jasto Huna Nasakepani.,314.0,1,Pramod Kharel - Timi Jasto Huna Nasakepani.mp3,Pramod Kharel,752,Timi,Binit Shrestha,100.0,100.0,strong
pramod kharel|timi sundar phool hau,Pramod Kharel,Timi Sundar Phool Hau,268.0,1,Pramod Kharel - Timi Sundar Phool Hau.mp3,Pramod Kharel,752,Timi,Binit Shrestha,100.0,100.0,strong
pramod kharel|timilai maya,Pramod Kharel,Timilai Maya,313.0,1,Pramod Kharel - Timilai Maya.mp3,Pramod Kharel,526,Maya,Ashutosh KC,100.0,100.0,strong
pramod kharel|timrai mayako sath chahinchha,Pramod Kharel,Timrai Mayako Sath Chahinchha,336.0,1,Pramod Kharel - Timrai Mayako Sath Chahinchha.mp3,Pramod Kharel,688,Sath,Beyond & Barsha Karmacharya,100.0,100.0,strong
pramod kharel|timro siudo,Pramod Kharel,Timro Siudo,274.0,1,Pramod Kharel - Timro Siudo.mp3,Pramod Kharel,3614,Ma Timro,Swoopna Suman,76.9,100.0,weak
pramod kharel|upahar,Pramod Kharel,Upahar,288.0,1,Pramod Kharel - Upahar.mp3,Pramod Kharel,3096,Pahaar,Sajjan Raj Vaidya,83.3,100.0,probable
pramod kharel|usle jati maya timlai pt 1,Pramod Kharel,"Usle Jati Maya Timlai, Pt. 1",276.0,1,"Pramod Kharel - Usle Jati Maya Timlai, Pt. 1.mp3",Pramod Kharel,24,Jati Maya,1974 A.D,100.0,100.0,strong
pramod kharel|usle pani maya garos,Pramod Kharel,Usle Pani Maya Garos,317.0,1,Pramod Kharel - Usle Pani Maya Garos.mp3,Pramod Kharel,526,Maya,Ashutosh KC,100.0,100.0,strong
pramod kharel|ye maya,Pramod Kharel,Ye Maya,313.0,1,Pramod Kharel - Ye Maya.mp3,Pramod Kharel,526,Maya,Ashutosh KC,100.0,100.0,strong
pramod kharel|yo bhagya maa khot chha 2,Pramod Kharel,Yo Bhagya Maa Khot Chha 2,282.0,1,Pramod Kharel - Yo Bhagya Maa Khot Chha 2.mp3,Pramod Kharel,205,Maa,Albatross,100.0,100.0,strong
pramod kharel|yo manle rojyo timilai,Pramod Kharel,Yo Manle Rojyo Timilai,305.0,1,Pramod Kharel - Yo Manle Rojyo Timilai.mp3,Pramod Kharel,1555,Timilai,James Shrestha,100.0,100.0,strong
pramod suman|gorkhi nepali,Pramod Suman,Gorkhi Nepali,199.0,1,Pramod Suman - Gorkhi Nepali.mp3,nepali,207,Nepali,Albatross,100.0,69.2,weak
prasad shrestha bimala rai p|kanchi_hey_kanchi,"Prasad Shrestha, Bimala Rai, P",kanchi_hey_kanchi,384.0,1,"Prasad Shrestha, Bimala Rai, P - kanchi_hey_kanchi.mp3",Bimala Rai,744,Kanchi Hey Kanchi,Bimala Rai & Prakash Shrestha,66.7,87.3,weak
prashant tamang deepak limbu bishnu chemjong|batasai sarara,"Prashant Tamang, Deepak Limbu, Bishnu Chemjong",Batasai Sarara,240.0,1,"Prashant Tamang, Deepak Limbu, Bishnu Chemjong - Batasai Sarara.mp3",Deepak Limbu,904,Sarara,Chhewang Lama,100.0,100.0,strong
pratap das melina rai|is it love,"Pratap Das, Melina Rai",Is It Love,238.0,1,"Pratap Das, Melina Rai - Is It Love.mp3",Melina Rai,2679,Is it a love,"Pratap Das, Melina Rai",100.0,100.0,strong
pratap das melina rai|kasari,"Pratap Das, Melina Rai",Kasari,273.0,1,"Pratap Das, Melina Rai - Kasari.mp3",Melina Rai,4030,Kasari,Yabesh Thapa,100.0,100.0,strong
pratap jung rai|raktim adhar chha timro_phatteman raj bhandari,Pratap Jung Rai,Raktim Adhar Chha Timro_Phatteman Raj Bhandari,0.0,1,Raktim Adhar Chha Timro_Phatteman Raj Bhandari.mp3,Phatteman Rajbhandari,186,Adhar,Albatross,100.0,80.0,probable
preet parminder|sajjan,Preet Parminder,Sajjan,292.0,1,Preet Parminder - Sajjan.mp3,Sajjan,1366,Sajjan Raj Vaidya - Chitthi Bhitra,Genius Romanizations,100.0,66.7,weak
preetamatrix|nepali music kancha,Preetamatrix,Nepali Music - Kancha,193.0,1,Preetamatrix - Nepali Music - Kancha.mp3,nepali,207,Nepali,Albatross,100.0,58.3,weak
preeti choudhary|shiv shankar bhole bhandari dukh pawe teri gora pyari,Preeti Choudhary,Shiv Shankar Bhole Bhandari Dukh Pawe Teri Gora Pyari,396.0,1,Preeti Choudhary - Shiv Shankar Bhole Bhandari Dukh Pawe Teri Gora Pyari.mp3,Shiv Shankar,1543,Shankar Bhole,Ishwor Krishna Bhurtel,100.0,66.7,weak
preeti sagar sushma shrestha|hum nahin bhoolenge female version,"Preeti Sagar, Sushma Shrestha",Hum Nahin Bhoolenge (Female Version),351.0,1,"Preeti Sagar, Sushma Shrestha - Hum Nahin Bhoolenge (Female Version).mp3",Sushma Shrestha,1245,Dhokebaj Hau Timi(Female Version),Eleena Chauhan,69.7,78.9,weak
preeti sharma sunil chauhan|de nasha chhod bhole shiv shankar bhandari,"Preeti Sharma, Sunil Chauhan",De Nasha Chhod Bhole Shiv Shankar Bhandari,198.0,1,"Preeti Sharma, Sunil Chauhan - De Nasha Chhod Bhole Shiv Shankar Bhandari.mp3",Shiv Shankar,1543,Shankar Bhole,Ishwor Krishna Bhurtel,100.0,66.7,weak
prem bahadur nepali|jhyamre,Prem Bahadur Nepali,Jhyamre,64.0,1,Prem Bahadur Nepali - Jhyamre.mp3,nepali,1790,Jham Jham,Kta Haru,72.7,63.2,weak
prem ghimire|meri kanchhi,Prem Ghimire,Meri Kanchhi,215.0,1,Prem Ghimire - Meri Kanchhi.mp3,Kanchhi,420,Kanchhi,Anuprastha,100.0,74.1,weak
prem prakash oli melina rai|halla nagara,"Prem Prakash Oli, Melina Rai",Halla Nagara,309.0,1,"Prem Prakash Oli, Melina Rai - Halla Nagara.mp3",Melina Rai,3627,Bho Aba Halla Nagara,Sworup Raj Acharya,100.0,100.0,strong
premdhoj pradhan kunti moktan|kalejima,"Premdhoj Pradhan, Kunti Moktan",Kalejima,372.0,1,"Premdhoj Pradhan, Kunti Moktan - Kalejima.mp3",Kunti Moktan,2729,Kali,Pushpan Pradhan,66.7,100.0,weak
premdhoj pradhan topic|namana laz yasari,Premdhoj Pradhan - Topic,Namana Laz Yasari,261.0,1,Namana Laz Yasari.m4a,Maiti Ghar,2690,Namana Laaja Yestari,Prem Dhoj Pradhan,81.1,73.7,weak
premi nepali anjali bharti|chumma le lebo chap ke,"Premi Nepali, Anjali Bharti",Chumma Le Lebo Chap Ke,218.0,1,"Premi Nepali, Anjali Bharti - Chumma Le Lebo Chap Ke.mp3",nepali,3335,Mero Ex Ko Chhamma,"Sirjana Khatri aka ""Haudemaya"" featuring Mr. RJ.",60.0,63.2,none
prince amjad|jind layi cha sajjan tere nawen,Prince Amjad,Jind Layi Cha Sajjan Tere Nawen,278.0,1,Prince Amjad - Jind Layi Cha Sajjan Tere Nawen.mp3,Sajjan,,,,55.6,66.7,none
prince dogra|sajjan pardese da,Prince Dogra,Sajjan Pardese Da,372.0,1,Prince Dogra - Sajjan Pardese Da.mp3,Sajjan,3246,Sajha Paryo Ali Ali,Satya Raj Acharya,62.5,66.7,none
prince e robinson feat kamal gurung|mera tu hi sahara hai nepali,Prince E. Robinson feat. Kamal Gurung,Mera Tu Hi Sahara Hai (Nepali),299.0,1,Prince E. Robinson feat. Kamal Gurung - Mera Tu Hi Sahara Hai (Nepali).mp3,nepali,207,Nepali,Albatross,100.0,71.4,weak
prithivi thakuri|jamesy amsterdam,Prithivi Thakuri,JAMESY - AMSTERDAM (OFFICIAL M-V),0.0,1,JAMESY - AMSTERDAM (OFFICIAL M-V).m4a,Jamesy,1556,Amsterdam,Jamesy,100.0,61.1,weak
prithivi thakuri|lil jhola jamesy rajnigandha ft yogeshbeats lil jhola 1754924845338 mp3,Prithivi Thakuri,Lil Jhola  Jamesy   Rajnigandha ft Yogeshbeats-Lil Jhola-1754924845338.mp3,0.0,1,Lil Jhola  Jamesy   Rajnigandha ft Yogeshbeats-Lil Jhola-1754924845338.mp3.m4a,Lil Jhola,,,,40.9,61.1,none
prithivi thakuri|lil jhola maya jalaima ft krizn yabithegoat,Prithivi Thakuri,Lil Jhola - Maya Jalaima ft @KRIZN @YABITheGOAT,0.0,1,Lil Jhola - Maya Jalaima ft @KRIZN @YABITheGOAT.m4a,Lil Jhola,526,Maya,Ashutosh KC,100.0,61.1,weak
prithivi thakuri|sailo ma charghare bishwo dong,Prithivi Thakuri,Sailo Ma Charghare-  Bishwo Dong,0.0,1,Sailo Ma Charghare-  Bishwo Dong.m4a,Sailo Ma Charghare,828,Sailo Ma Charghare,Bishwo Dong,100.0,61.1,weak
priyanka singh sumit baba|bola jai shiv shankar,"Priyanka Singh, Sumit Baba",Bola Jai Shiv Shankar,265.0,1,"Priyanka Singh, Sumit Baba - Bola Jai Shiv Shankar.mp3",Shiv Shankar,2510,Jai Shiva Bhola,"Pashupati Sharma, Sunita Buda Magar",72.2,66.7,weak
przemysław strączek marcin kaletka kandara diebate|imaginarium,"PRZEMYSŁAW STRĄCZEK, Marcin Kaletka, KANDARA DIEBATE",Imaginarium,380.0,1,"PRZEMYSŁAW STRĄCZEK, Marcin Kaletka, KANDARA DIEBATE - Imaginarium.mp3",Kandara,3909,Muglin Pari,"Udit Narayan, Deepa Narayan Jha",63.6,100.0,weak
psymal nforsoven|resham firiri_ _rap_ _psymal nforsoven mp3,Psymal NFORSOVEN,RESHAM FIRIRI_-_Rap_-_Psymal NFORSOVEN.mp3,0.0,1,RESHAM FIRIRI_-_Rap_-_Psymal NFORSOVEN.mp3.mp3,Resham Firiri,2394,Resham,Nepathya,100.0,53.3,weak
pujan aryal|aviyukta the unity nephop,Pujan Aryal,Aviyukta - The Unity (NEPHOP),352.0,1,Aviyukta - The Unity (NEPHOP).m4a,Aidray Nepali rap,3938,God Of Nephop,Uniq Poet,63.2,72.7,none
pulkit arora|sajjan,Pulkit Arora,Sajjan,158.0,1,Pulkit Arora - Sajjan.mp3,Sajjan,1366,Sajjan Raj Vaidya - Chitthi Bhitra,Genius Romanizations,100.0,58.3,weak
purna karki|gopal_yonjan_मेरो_टोपी_कैलाशको_शिर_जस्तो mp3,Purna Karki,Gopal_Yonjan_मेरो_टोपी_कैलाशको_शिर_जस्तो.mp3,0.0,1,Gopal_Yonjan_मेरो_टोपी_कैलाशको_शिर_जस्तो.mp3.mp3,Gopal Yonjan,,,,29.4,80.0,none
purna prasad serchan|nepali love song,Purna Prasad Serchan,Nepali Love Song,113.0,1,Purna Prasad Serchan - Nepali Love Song (2).mp3,nepali love song,207,Nepali,Albatross,100.0,71.4,weak
purple and young gwala|control purple ft gwala,PURPLE  and Young Gwala,CONTROL - PURPLE Ft.GWALA (OFFICIAL VISUALIZER) PROD BY. 4z,216.0,1,CONTROL - PURPLE Ft.GWALA (OFFICIAL VISUALIZER) PROD BY. 4z.m4a,Yoku B.I.G,,,,55.0,54.5,none
puskar bhandari|yama buddha saathi by puskar bhandari,Puskar Bhandari,Yama Buddha Saathi Cover By Puskar Bhandari,0.0,1,Yama Buddha Saathi Cover By Puskar Bhandari.m4a,Yama Buddha,1184,Saathi,Durgesh Thapa,100.0,72.7,weak
putitonthebeam|no play thing feat lil devin buddha putitonthebeam,#PUTITONTHEBEAM,NO PLAY THING FEAT LIL DEVIN - BUDDHA - #PUTITONTHEBEAM,0.0,1,NO PLAY THING FEAT LIL DEVIN - BUDDHA - #PUTITONTHEBEAM.m4a,Lil Buddha,3051,Lil Buddha Interlude,SACAR aka Lil Buddha,66.7,51.9,weak
qaiser kandara aqsa daniel sandhu raza bhatti feat michael javed navishta patras sitara adil|aik tara,"Qaiser Kandara, Aqsa Daniel Sandhu, Raza Bhatti feat. Michael Javed, Navishta Patras, Sitara Adil",Aik Tara,228.0,1,"Qaiser Kandara, Aqsa Daniel Sandhu, Raza Bhatti feat. Michael Javed, Navishta Patras, Sitara Adil - Aik Tara.mp3",Kandara,2299,Euta Tara,Nati Kaji,70.6,100.0,weak
qaiser kandara raza bhatti feat raza fida|sada v pakistan aa,"Qaiser Kandara, Raza Bhatti feat. Raza Fida",Sada V Pakistan Aa,250.0,1,"Qaiser Kandara, Raza Bhatti feat. Raza Fida - Sada V Pakistan Aa.mp3",Kandara,3307,Samba Sada Shiv Samba Sada Shiv,"Shiva shankar, Tara Devi, Phatteman Rajbhandari",60.6,100.0,weak
qurban ali sajjan|lala walrey peer diyan,Qurban Ali Sajjan,Lala Walrey Peer Diyan,273.0,1,Qurban Ali Sajjan - Lala Walrey Peer Diyan.mp3,Sajjan,,,,55.0,59.3,none
qurban sajjan|lalan wala peer,Qurban Sajjan,Lalan Wala Peer,316.0,1,Qurban Sajjan - Lalan Wala Peer.mp3,Sajjan,,,,58.3,63.6,none
r black artist|new bob marley ko fan mata,R-Black Artist,New Nepali Rap song Bob Marley Ko Fan Mata,0.0,1,New Nepali Rap song Bob Marley Ko Fan Mata.mp3,G-BOB Nepali rap,,,,57.1,60.0,none
rabi shrestha|phulchoki ko dada muni फुल्चोकिको डाडा मुनि,Rabi Shrestha,Phulchoki ko dada muni  (फुल्चोकिको डाडा मुनि),298.0,1,Phulchoki ko dada muni  (फुल्चोकिको डाडा मुनि).m4a,Danda Ko Gumba,,,,56.0,96.3,weak
rabin sharma bimala rai|gham chhayan ko jindagima,"Rabin Sharma, Bimala Rai",Gham Chhayan Ko Jindagima,235.0,1,"Rabin Sharma, Bimala Rai - Gham Chhayan Ko Jindagima.mp3",Bimala Rai,1744,Jindagi Ko K Cha Ra Bhara,Ketan Chhetri,72.0,100.0,weak
rachana dahal rose daisy|sapana ko raja,"Rachana Dahal, Rose, Daisy",Sapana Ko Raja,268.0,1,"Rachana Dahal, Rose, Daisy - Sapana Ko Raja.mp3",Rachana Dahal,816,Sapana,Bishesh Silwal,100.0,100.0,strong
rachana dahal|bhumari,Rachana Dahal,Bhumari,254.0,1,Rachana Dahal - Bhumari.mp3,Rachana Dahal,2739,Bhumari,Rachana Dahal,100.0,100.0,strong
rachana dahal|brahmanda,Rachana Dahal,Brahmanda,399.0,1,Rachana Dahal - Brahmanda.mp3,Rachana Dahal,548,Bhana,Astha Tamang-Maskey,71.4,100.0,weak
rachana dahal|daagbatti,Rachana Dahal,Daagbatti,251.0,1,Rachana Dahal - Daagbatti.mp3,Rachana Dahal,2740,Daagbatti,Rachana Dahal,100.0,100.0,strong
rachana dahal|hey bhagwan,Rachana Dahal,Hey Bhagwan,288.0,1,Rachana Dahal - Hey Bhagwan.mp3,Rachana Dahal,254,Bhagwan Kaha Ma Jaun,Ani Choying Dolma,77.8,100.0,weak
rachana devi|aail bani tohare duariya,Rachana Devi,Aail Bani Tohare Duariya,296.0,1,Rachana Devi - Aail Bani Tohare Duariya.mp3,Rachana Devi,,,,59.6,73.7,none
rachana devi|aail subh sehara bahar banake,Rachana Devi,Aail Subh Sehara Bahar Banake,343.0,1,Rachana Devi - Aail Subh Sehara Bahar Banake.mp3,Rachana Devi,33,Baancha Ani Baachna Deu [SATABDI],1974 AD,60.0,73.7,none
rachana devi|chutaki bhar senura udhar mangatani,Rachana Devi,Chutaki Bhar Senura Udhar Mangatani,287.0,1,Rachana Devi - Chutaki Bhar Senura Udhar Mangatani.mp3,Rachana Devi,,,,56.7,73.7,none
rachana devi|ek sunder phool khilaya,Rachana Devi,Ek Sunder Phool Khilaya,309.0,1,Rachana Devi - Ek Sunder Phool Khilaya.mp3,Rachana Devi,3465,Phool,Sujan Chapagain,100.0,73.7,weak
rachana devi|jekara ke khoje jahanawa,Rachana Devi,Jekara Ke Khoje Jahanawa,212.0,1,Rachana Devi - Jekara Ke Khoje Jahanawa.mp3,Rachana Devi,,,,55.8,73.7,none
rachana devi|lahare tiranga,Rachana Devi,Lahare Tiranga,255.0,1,Rachana Devi - Lahare Tiranga.mp3,Rachana Devi,481,Jibanako Harek,Aruna Lama,64.3,73.7,none
rachana devi|maa baap se badhkar,Rachana Devi,Maa Baap Se Badhkar,418.0,1,Rachana Devi - Maa Baap Se Badhkar.mp3,Rachana Devi,205,Maa,Albatross,100.0,73.7,weak
rachana devi|mai rachana teri rachanahar tu hai,Rachana Devi,Mai Rachana Teri Rachanahar Tu Hai,266.0,1,Rachana Devi - Mai Rachana Teri Rachanahar Tu Hai.mp3,Rachana Devi,1226,Aa Hai,Ekdev Limbu,66.7,73.7,weak
rachana devi|nirankari nepali geet,Rachana Devi,Nirankari Nepali Geet,200.0,1,Rachana Devi - Nirankari Nepali Geet.mp3,nepali,207,Nepali,Albatross,100.0,73.7,weak
rachana devi|ram sabme hai sabse pyaar kare,Rachana Devi,Ram Sabme Hai Sabse Pyaar Kare,307.0,1,Rachana Devi - Ram Sabme Hai Sabse Pyaar Kare.mp3,Rachana Devi,1226,Aa Hai,Ekdev Limbu,66.7,73.7,weak
rachana devi|sabkar jhumela manwa,Rachana Devi,Sabkar Jhumela Manwa,322.0,1,Rachana Devi - Sabkar Jhumela Manwa.mp3,Rachana Devi,2936,Manka Sabai Boja Haru,Robin Sharma,63.4,73.7,none
rachana devi|sunala kahani bharal ba paani,Rachana Devi,Sunala Kahani Bharal Ba Paani,311.0,1,Rachana Devi - Sunala Kahani Bharal Ba Paani.mp3,Rachana Devi,1653,SUNA BAATULI Kali Prasad Baskota,Kali Prasad Baskota,62.3,73.7,none
radiokhabardari|rato ra chandra gopal yonjan,RadioKhabardari,Rato Ra Chandra-Gopal Yonjan,0.0,1,Rato Ra Chandra-Gopal Yonjan.mp3,Gopal Yonjan,2393,Rato Ra Chandra Surya,Nepathya,83.3,57.1,weak
rahul podiya vijay chhajpur aala|shiv shankar,"Rahul Podiya, Vijay chhajpur aala",Shiv Shankar,174.0,1,"Rahul Podiya, Vijay chhajpur aala - Shiv Shankar.mp3",Shiv Shankar,1543,Shankar Bhole,Ishwor Krishna Bhurtel,73.7,58.8,weak
rai budo|reverb dust sleep feat uniq poet chogo mp3,Rai Budo,Reverb Dust  SLEEP feat Uniq Poet  Chogo.mp3,0.0,1,Reverb Dust  SLEEP feat Uniq Poet  Chogo.mp3.m4a,Uniq Poet,,,,51.4,63.2,none
raila roka beatsbyhype vten|nepali ho,"Raila Roka, beatsbyhype, VTEN",Nepali Ho,261.0,1,"Raila Roka, beatsbyhype, VTEN - Nepali Ho.mp3",Vten,2761,Nepali Ho,Raila Roka,100.0,100.0,strong
raj k dhimal|din rat piunai parne lat baseko xa sarabi gajal nepali,Raj K. Dhimal,Din Rat Piunai Parne Lat Baseko xa Sarabi Gajal NEpali,240.0,1,Raj K. Dhimal - Din Rat Piunai Parne Lat Baseko xa Sarabi Gajal NEpali.mp3,nepali,207,Nepali,Albatross,100.0,66.7,weak
raj kumar joshi|ye kanchhi lai lai,Raj Kumar Joshi,Ye Kanchhi Lai Lai,316.0,1,Raj Kumar Joshi - Ye Kanchhi Lai Lai (2).mp3,Kanchhi,420,Kanchhi,Anuprastha,100.0,75.0,probable
raj sigdel anju panta|yo ke bhako,"Raj Sigdel, Anju Panta",Yo Ke Bhako,276.0,1,"Raj Sigdel, Anju Panta - Yo Ke Bhako (2).mp3","Raj Sigdel, Anju Panta",523,Yo Ke Bhayo,Ashmita Adhikari and Manish Dhakal from Nepali Movie December Falls.,90.9,100.0,strong
raj thillaiyampalam feat melina rai sanup paudel|jhajhalko,"Raj Thillaiyampalam feat. Melina Rai, Sanup Paudel",Jhajhalko,256.0,1,"Raj Thillaiyampalam feat. Melina Rai, Sanup Paudel - Jhajhalko.mp3",Melina Rai,512,Jhajhalko Liyera Aayecha,Asha Bhosle,100.0,100.0,strong
raja sherpa|jhuto,RAJA SHERPA,Jhuto,187.0,1,RAJA SHERPA - Jhuto.mp3,SHERPA,409,Urgen Dong - Ma Jhuto,Annu Chaudhary,100.0,70.6,weak
raja thakur shiv nepali|apna yarwa se badh ragdar hae,"Raja Thakur, Shiv Nepali",Apna Yarwa Se Badh Ragdar Hae,158.0,1,"Raja Thakur, Shiv Nepali - Apna Yarwa Se Badh Ragdar Hae.mp3",nepali,,,,57.8,63.2,none
rajan raj shiwakoti anju panta|company mala,"Rajan Raj Shiwakoti, Anju Panta",Company Mala,259.0,1,"Rajan Raj Shiwakoti, Anju Panta - Company Mala.mp3",Rajan Raj Shiwakoti,865,China Company,BroSis Band,73.7,100.0,weak
rajan raj shiwakoti melina rai|silky silky baal,"Rajan Raj Shiwakoti, Melina Rai",Silky Silky Baal,216.0,1,"Rajan Raj Shiwakoti, Melina Rai - Silky Silky Baal.mp3",Rajan Raj Shiwakoti,2784,Silki Silky Bal,"Rajan Raj Siwakoti, Melina Rai",72.0,100.0,weak
rajan raj shiwakoti milan newar|sanglo,"Rajan Raj Shiwakoti, Milan Newar",Sanglo,275.0,1,"Rajan Raj Shiwakoti, Milan Newar - Sanglo.mp3",Rajan Raj Shiwakoti,711,Angalo,Bibash Jk,83.3,100.0,probable
rajan raj shiwakoti|mayalu aaune jaane,Rajan Raj Shiwakoti,Mayalu Aaune Jaane,219.0,1,Rajan Raj Shiwakoti - Mayalu Aaune Jaane.mp3,Rajan Raj Shiwakoti,56,Mayalu Mayalu,1974 AD,100.0,100.0,strong
rajan raj shiwakoti|meri aama,Rajan Raj Shiwakoti,Meri Aama,299.0,1,Rajan Raj Shiwakoti - Meri Aama.mp3,Rajan Raj Shiwakoti,867,Meri Aama,Buddha Lama,100.0,100.0,strong
rajan raj shiwakoti|phool kumari,Rajan Raj Shiwakoti,Phool Kumari,230.0,1,Rajan Raj Shiwakoti - Phool Kumari.mp3,Rajan Raj Shiwakoti,3465,Phool,Sujan Chapagain,100.0,100.0,strong
rajeev bhujel|vten,Rajeev Bhujel,vten,0.0,1,vten.m4a,VTEN,1331,Bluesss - La La La La (Remix) (ft. Lil Buddha & VTEN),Genius Romanizations,100.0,63.4,weak
rajesh payal rai anjana gurung|timro angalo ma,"Rajesh Payal Rai, Anjana Gurung",Timro Angalo Ma,304.0,1,"Rajesh Payal Rai, Anjana Gurung - Timro Angalo Ma (2).mp3","Rajesh Payal Rai, Anjana Gurung",711,Angalo,Bibash Jk,100.0,100.0,strong
rajesh payal rai anju panta badal limbu|maya timi bina from ram saili,"Rajesh Payal Rai, Anju Panta, Badal Limbu","Maya Timi Bina (From ""Ram Saili"")",269.0,1,"Rajesh Payal Rai, Anju Panta, Badal Limbu - Maya Timi Bina (From _Ram Saili_) (4).mp3","Rajesh Payal Rai, Anju Panta, Badal Limbu",526,Maya,Ashutosh KC,100.0,100.0,strong
rajesh payal rai anju panta lok poudel sumnima ingnam|chitikkai parera aaichheu original motion picture soundtrack,"Rajesh Payal Rai, Anju Panta, Lok Poudel, Sumnima Ingnam",Chitikkai Parera Aaichheu (Original Motion Picture Soundtrack),287.0,1,"Rajesh Payal Rai, Anju Panta, Lok Poudel, Sumnima Ingnam - Chitikkai Parera Aaichheu (Original Motion Picture Soundtrack.mp3","Rajesh Payal Rai, Anju Panta",3328,Chitikkai Bha Chhu Re,Sindhu Malla,60.0,100.0,weak
rajesh payal rai anju panta|dhuk dhukiko saasma,"Rajesh Payal Rai, Anju Panta",Dhuk Dhukiko Saasma,281.0,1,"Rajesh Payal Rai, Anju Panta - Dhuk Dhukiko Saasma (2).mp3",Rajesh Payal Rai & Anju Panta,314,Mero Mann Ko Dhukdhukima,Anju Panta,65.1,100.0,weak
rajesh payal rai anju panta|hare hare hare naran,"Rajesh Payal Rai, Anju Panta",Hare Hare Hare Naran,367.0,1,"Rajesh Payal Rai, Anju Panta - Hare Hare Hare Naran.mp3",Rajesh Payal Rai & Anju Panta,444,Nyano Ghar,Arthur Gunn,70.0,100.0,weak
rajesh payal rai anju panta|jati chot diye pani,"Rajesh Payal Rai, Anju Panta",Jati Chot Diye Pani,270.0,1,"Rajesh Payal Rai, Anju Panta - Jati Chot Diye Pani (2).mp3",Rajesh Payal Rai & Anju Panta,2156,Pani Pani,Nalina Chitrakar,100.0,100.0,strong
rajesh payal rai anju panta|jeevan sathi,"Rajesh Payal Rai, Anju Panta",Jeevan Sathi,363.0,1,"Rajesh Payal Rai, Anju Panta - Jeevan Sathi (2).mp3",Rajesh Payal Rai & Anju Panta,1155,Jeevan,Dixita Karki,100.0,100.0,strong
rajesh payal rai anju panta|khahare jhai,"Rajesh Payal Rai, Anju Panta",Khahare Jhai,251.0,1,"Rajesh Payal Rai, Anju Panta - Khahare Jhai.mp3",Rajesh Payal Rai & Anju Panta,20,Aaja Kaha,1974 A.D,66.7,100.0,weak
rajesh payal rai anju panta|kohi chhau ki risaune,"Rajesh Payal Rai, Anju Panta",Kohi Chhau Ki Risaune,284.0,1,"Rajesh Payal Rai, Anju Panta - Kohi Chhau Ki Risaune.mp3","Rajesh Payal Rai, Anju Panta",4069,Kohi,Yama Buddha,100.0,100.0,strong
rajesh payal rai anju panta|mata maya garne bhanchhu,"Rajesh Payal Rai, Anju Panta",Mata Maya Garne Bhanchhu,279.0,1,"Rajesh Payal Rai, Anju Panta - Mata Maya Garne Bhanchhu.mp3",Rajesh Payal Rai & Anju Panta,526,Maya,Ashutosh KC,100.0,100.0,strong
rajesh payal rai anju panta|maya deu,"Rajesh Payal Rai, Anju Panta",Maya Deu,368.0,1,"Rajesh Payal Rai, Anju Panta - Maya Deu.mp3",Rajesh Payal Rai & Anju Panta,526,Maya,Ashutosh KC,100.0,100.0,strong
rajesh payal rai anju panta|mutu ko mel maya,"Rajesh Payal Rai, Anju Panta",Mutu Ko Mel Maya,261.0,1,"Rajesh Payal Rai, Anju Panta - Mutu Ko Mel Maya.mp3",Rajesh Payal Rai & Anju Panta,526,Maya,Ashutosh KC,100.0,100.0,strong
rajesh payal rai anju panta|rupai ramro,"Rajesh Payal Rai, Anju Panta",Rupai Ramro,379.0,1,"Rajesh Payal Rai, Anju Panta - Rupai Ramro (2).mp3",Rajesh Payal Rai & Anju Panta,821,Supari Chamro,Bishnu Majhi & Bimal Raj Chhetri,75.0,100.0,weak
rajesh payal rai anju panta|sunaina sunaina,"Rajesh Payal Rai, Anju Panta",Sunaina Sunaina,227.0,1,"Rajesh Payal Rai, Anju Panta - Sunaina Sunaina.mp3",Rajesh Payal Rai & Anju Panta,2475,Sunna,Oasis Thapa,83.3,100.0,probable
rajesh payal rai anju panta|yo manchhe bhanda jati,"Rajesh Payal Rai, Anju Panta",Yo Manchhe Bhanda Jati,307.0,1,"Rajesh Payal Rai, Anju Panta - Yo Manchhe Bhanda Jati (2).mp3",Rajesh Payal Rai,3262,Yo Man Bhancha,Shambhu Rai,66.7,100.0,weak
rajesh payal rai anju pant|malai phool mann parchha,"Rajesh Payal Rai, Anju Pant",Malai Phool Mann Parchha,287.0,1,"Rajesh Payal Rai, Anju Pant - Malai Phool Mann Parchha (2).mp3","Rajesh Payal Rai, Anju Pant",772,Mann,Bipul Chettri,100.0,100.0,strong
rajesh payal rai astha raut|basma chhaina yo mann,"Rajesh Payal Rai, Astha Raut",Basma Chhaina Yo Mann,292.0,1,"Rajesh Payal Rai, Astha Raut - Basma Chhaina Yo Mann.mp3",Astha Raut,194,Chhaina,Albatross,100.0,100.0,strong
rajesh payal rai binod khumbu|pirati ma bhayo,"Rajesh Payal Rai, Binod Khumbu",Pirati Ma Bhayo,236.0,1,"Rajesh Payal Rai, Binod Khumbu - Pirati Ma Bhayo.mp3","Rajesh Payal Rai, Binod Khumbu",3773,Ma,The Shadows 'Nepal',100.0,100.0,strong
rajesh payal rai david ramdam manisha rai ramila gyangmi magar prem kumar shahi|pariwartan,"RAJESH PAYAL RAI, David Ramdam, Manisha Rai, Ramila Gyangmi Magar, Prem Kumar Shahi",Pariwartan,289.0,1,"RAJESH PAYAL RAI, David Ramdam, Manisha Rai, Ramila Gyangmi Magar, Prem Kumar Shahi - Pariwartan.mp3",Rajesh Payal Rai,1125,Pariwartan,Dibya Subba,100.0,100.0,strong
rajesh payal rai loreto singh|majhi dai ko jalai ma,"Rajesh payal rai, Loreto Singh",Majhi Dai Ko Jalai Ma,279.0,1,"Rajesh payal rai, Loreto Singh - Majhi Dai Ko Jalai Ma.mp3","Rajesh payal rai, Loreto Singh",3773,Ma,The Shadows 'Nepal',100.0,100.0,strong
rajesh payal rai mallika karki|joon ma maga,"Rajesh Payal Rai, Mallika Karki",Joon Ma Maga,275.0,1,"Rajesh Payal Rai, Mallika Karki - Joon Ma Maga.mp3",Rajesh Payal Rai,3773,Ma,The Shadows 'Nepal',100.0,100.0,strong
rajesh payal rai mandabi tripathi|lmg ko goli jasto chha,"Rajesh Payal Rai, Mandabi Tripathi",Lmg Ko Goli Jasto Chha,247.0,1,"Rajesh Payal Rai, Mandabi Tripathi - Lmg Ko Goli Jasto Chha (2).mp3","Rajesh Payal Rai, Mandabi Tripathi",17,Thik Chha,,61.5,100.0,weak
rajesh payal rai mandabi tripathi|tipera sirai ma,"Rajesh Payal Rai, Mandabi Tripathi",Tipera Sirai Ma,353.0,1,"Rajesh Payal Rai, Mandabi Tripathi - Tipera Sirai Ma (2).mp3","Rajesh Payal Rai, Mandabi Tripathi",3773,Ma,The Shadows 'Nepal',100.0,100.0,strong
rajesh payal rai mandavi tripathi|maile chaheko kura,"Rajesh Payal Rai, Mandavi Tripathi",Maile Chaheko Kura,310.0,1,"Rajesh Payal Rai, Mandavi Tripathi - Maile Chaheko Kura (2).mp3","Rajesh Payal Rai, Mandavi Tripathi",2472,Kura,Oasis Thapa,100.0,100.0,strong
rajesh payal rai mandavi tripathi|saune jhari,"Rajesh Payal Rai, Mandavi Tripathi",Saune Jhari,299.0,1,"Rajesh Payal Rai, Mandavi Tripathi - Saune Jhari (3).mp3",Rajesh Payal Rai,1985,Jhari,Mc Flo,100.0,100.0,strong
rajesh payal rai mandavi tripathi|timro pauma,"Rajesh Payal Rai, Mandavi Tripathi",Timro Pauma,367.0,1,"Rajesh Payal Rai, Mandavi Tripathi - Timro Pauma.mp3","Rajesh Payal Rai, Mandavi Tripathi",1429,Mero Pauma,"Gopal Yonzon, Mira Rana",85.7,100.0,probable
rajesh payal rai manisha pokharel|dashain aayo,"Rajesh Payal Rai, Manisha Pokharel",Dashain Aayo,351.0,1,"Rajesh Payal Rai, Manisha Pokharel - Dashain Aayo (2).mp3","Rajesh Payal Rai, Manisha Pokharel",3396,Dashain Aayo,Sugam Pokharel,100.0,100.0,strong
rajesh payal rai manisha pokharel|nidharma achhtya,"Rajesh Payal Rai, Manisha Pokharel",Nidharma Achhtya,351.0,1,"Rajesh Payal Rai, Manisha Pokharel - Nidharma Achhtya (2).mp3","Rajesh Payal Rai, Manisha Pokharel",3930,Rato Tika Nidharma,"Umesh Pandey, Ramana Shrestha",70.6,100.0,weak
rajesh payal rai melina rai|duichulto,"Rajesh Payal Rai, Melina Rai",Duichulto,247.0,1,"Rajesh Payal Rai, Melina Rai - Duichulto.mp3",Rajesh Payal Rai Melina Rai,1005,Dubo Phulyo,"Dayahang Rai, Upasana Singh, Karma, Wilson",60.0,100.0,weak
rajesh payal rai melina rai|nakaima phooli,"Rajesh Payal Rai, Melina Rai",Nakaima Phooli,263.0,1,"Rajesh Payal Rai, Melina Rai - Nakaima Phooli.mp3",Rajesh Payal Rai Melina Rai,118,Nakaima Fuli,Aastha Raut,76.9,100.0,weak
rajesh payal rai pabitra gurung|yo junima bachunjel pt 2,"Rajesh Payal Rai, Pabitra Gurung","Yo Junima Bachunjel, Pt. 2",333.0,1,"Rajesh Payal Rai, Pabitra Gurung - Yo Junima Bachunjel, Pt. 2.mp3","Rajesh Payal Rai, Pabitra Gurung",2051,Yo Junima,Milan Amatya,100.0,100.0,strong
rajesh payal rai pushpa paudel|pari gaunko sandhele,"Rajesh Payal Rai, Pushpa Paudel",Pari Gaunko Sandhele,296.0,1,"Rajesh Payal Rai, Pushpa Paudel - Pari Gaunko Sandhele.mp3",Rajesh Payal Rai,270,Pari,Anil Singh,100.0,100.0,strong
rajesh payal rai ramana shrestha harka sampang rai dilli phombo shiva lamichane cwaz prashna sh|hiking song ghumna jaau,"Rajesh Payal Rai, Ramana Shrestha, Harka Sampang Rai, Dilli Phombo, Shiva Lamichane Cwaz, Prashna Sh",Hiking Song (Ghumna Jaau),283.0,1,"Rajesh Payal Rai, Ramana Shrestha, Harka Sampang Rai, Dilli Phombo, Shiva Lamichane Cwaz, Prashna Sh - Hiking Song (Ghum.mp3",Rajesh Payal Rai,3163,Pir Song,Samjhana Bhandari,66.7,100.0,weak
rajesh payal rai reema gurung|hatai katyo,"Rajesh Payal Rai, Reema Gurung",Hatai Katyo,311.0,1,"Rajesh Payal Rai, Reema Gurung - Hatai Katyo.mp3","Rajesh Payal Rai, Reema Gurung",795,Kaha Ma Katyo,Bipul Chettry,75.0,100.0,weak
rajesh payal rai reema gurung|mutu bhitra,"Rajesh Payal Rai, Reema Gurung",Mutu Bhitra,264.0,1,"Rajesh Payal Rai, Reema Gurung - Mutu Bhitra.mp3","Rajesh Payal Rai, Reema Gurung",3198,Mutu Bhitra Timro,Sanjeep Pradhan,100.0,100.0,strong
rajesh payal rai sangeeta rana|yo ratai ramailo,"Rajesh Payal Rai, Sangeeta Rana",Yo Ratai Ramailo,299.0,1,"Rajesh Payal Rai, Sangeeta Rana - Yo Ratai Ramailo.mp3",Rajesh Payal Rai,1289,Purbai Ramailo,"Gaurav Darpan, Shristy Hingmang",73.3,100.0,weak
rajesh payal rai sangita rana|kati pyaro manche,"Rajesh Payal Rai, Sangita Rana",Kati Pyaro Manche,278.0,1,"Rajesh Payal Rai, Sangita Rana - Kati Pyaro Manche (2).mp3",Rajesh Payal Rai & Sangita Rana,1988,Manche,Mc Flo,100.0,100.0,strong
rajesh payal rai sindhu malla|gamala phool bhaye pani hune,"Rajesh Payal Rai, Sindhu Malla",Gamala Phool Bhaye Pani Hune,254.0,1,"Rajesh Payal Rai, Sindhu Malla - Gamala Phool Bhaye Pani Hune.mp3","Rajesh Payal Rai, Sindhu Malla",2156,Pani Pani,Nalina Chitrakar,100.0,100.0,strong
rajesh payal rai sindhu malla|laideu laideu,"Rajesh Payal Rai, Sindhu Malla",Laideu Laideu,303.0,1,"Rajesh Payal Rai, Sindhu Malla - Laideu Laideu.mp3","Rajesh Payal Rai, Sindhu Malla",3121,Laideu Maya,Sambhujeet Baskota & Devika Pradhan,100.0,100.0,strong
rajesh payal rai sindhu malla|maya gari kinidiye,"Rajesh Payal Rai, Sindhu Malla",Maya Gari Kinidiye,281.0,1,"Rajesh Payal Rai, Sindhu Malla - Maya Gari Kinidiye.mp3","Rajesh Payal Rai, Sindhu Malla",526,Maya,Ashutosh KC,100.0,100.0,strong
rajesh payal rai sindhu malla|sairam,"Rajesh Payal Rai, Sindhu Malla",SaiRam,309.0,1,"Rajesh Payal Rai, Sindhu Malla - SaiRam.mp3",Rajesh Payal Rai,2717,Biram,Purna Rai & Dajubhaiharu,72.7,100.0,weak
rajesh payal rai|aaj roye jindagima,Rajesh Payal Rai,Aaj Roye Jindagima,297.0,1,Rajesh Payal Rai - Aaj Roye Jindagima.mp3,Rajesh Payal Rai,317,Pal Pal Roye Jindagima,Anju Panta,88.9,100.0,probable
rajesh payal rai|ae mero bhai,Rajesh Payal Rai,Ae Mero Bhai,241.0,1,Rajesh Payal Rai - Ae Mero Bhai.mp3,Rajesh Payal Rai,3377,Mero Bhale Kha,Sudhan Gurung,76.9,100.0,weak
rajesh payal rai|alchi lage balchi khelaula,Rajesh Payal Rai,Alchi Lage Balchi Khelaula,239.0,1,Rajesh Payal Rai - Alchi Lage Balchi Khelaula.mp3,Rajesh Payal Rai,2823,Halla Chalecha,Raju Lama,60.0,100.0,weak
rajesh payal rai|apuro chhu ma,Rajesh Payal Rai,Apuro Chhu Ma,175.0,1,Rajesh Payal Rai - Apuro Chhu Ma.mp3,Rajesh Payal Rai,3773,Ma,The Shadows 'Nepal',100.0,100.0,strong
rajesh payal rai|badalko fero,Rajesh Payal Rai,Badalko Fero,304.0,1,Rajesh Payal Rai - Badalko Fero.mp3,Rajesh Payal Rai,1009,Badal Haruho,Deep Shrestha,66.7,100.0,weak
rajesh payal rai|baiguni raichau mayalu,Rajesh Payal Rai,Baiguni Raichau Mayalu,197.0,1,Rajesh Payal Rai - Baiguni Raichau Mayalu.mp3,Rajesh Payal Rai,56,Mayalu Mayalu,1974 AD,100.0,100.0,strong
rajesh payal rai|balla bhet bho aadangbe,Rajesh Payal Rai,Balla Bhet Bho Aadangbe,305.0,1,Rajesh Payal Rai - Balla Bhet Bho Aadangbe.mp3,Rajesh Payal Rai,,,,58.3,100.0,weak
rajesh payal rai|bigunile,Rajesh Payal Rai,Bigunile,302.0,1,Rajesh Payal Rai - Bigunile.mp3,Rajesh Payal Rai,712,Baiguni,Bibash Jk,80.0,100.0,probable
rajesh payal rai|budhasaubba goldcup song,Rajesh Payal Rai,Budhasaubba Goldcup Song,169.0,1,Rajesh Payal Rai - Budhasaubba Goldcup Song.mp3,Rajesh Payal Rai,3163,Pir Song,Samjhana Bhandari,66.7,100.0,weak
rajesh payal rai|chadi jane nirmohiko,Rajesh Payal Rai,Chadi Jane Nirmohiko,160.0,1,Rajesh Payal Rai - Chadi Jane Nirmohiko.mp3,Rajesh Payal Rai,4105,Josh Chha Jawani Ko,Yogesh Kaji Shah and Sarika Ghimire from Nepali Movie Timro Mero,61.5,100.0,weak
rajesh payal rai|chanchal chanchal,Rajesh Payal Rai,Chanchal Chanchal,261.0,1,Rajesh Payal Rai - Chanchal Chanchal.mp3,Rajesh Payal Rai,3428,Chanchal Chanchal,Sugam Pokhrel,100.0,100.0,strong
rajesh payal rai|daiba tero,Rajesh Payal Rai,Daiba Tero,341.0,1,Rajesh Payal Rai - Daiba Tero.mp3,Rajesh Payal Rai,2857,Daiba Tero,Ram Krishna Dhakal,100.0,100.0,strong
rajesh payal rai|deurali,Rajesh Payal Rai,Deurali,329.0,1,Rajesh Payal Rai - Deurali.mp3,Rajesh Payal Rai,2285,Deurali,Naren Limbu,100.0,100.0,strong
rajesh payal rai|dhungako bhar matolai huncha,Rajesh Payal Rai,Dhungako Bhar Matolai Huncha,215.0,1,Rajesh Payal Rai - Dhungako Bhar Matolai Huncha.mp3,Rajesh Payal Rai,1767,Deurali Banechha Dhungako,"Khemraj Gurung, Reema Gurung Hoda From Nepali Movie Dada Ko",71.7,100.0,weak
rajesh payal rai|dil kholi,Rajesh Payal Rai,Dil Kholi,314.0,1,Rajesh Payal Rai - Dil Kholi.mp3,Rajesh Payal Rai,1515,"Bageko Kholi Farkinchhu bhanchha, A Hora maya",Himal Sagar and Anu Chaudhary.,71.4,100.0,weak
rajesh payal rai|driver dai,Rajesh Payal Rai,Driver Dai,261.0,1,Rajesh Payal Rai - Driver Dai.mp3,Rajesh Payal Rai,3714,Dherai Dheraile,The Axe (Nepal),64.0,100.0,weak
rajesh payal rai|failiyo maya dubo sari,Rajesh Payal Rai,Failiyo Maya Dubo Sari,171.0,1,Rajesh Payal Rai - Failiyo Maya Dubo Sari.mp3,Rajesh Payal Rai,2796,Failiyo Maya Dubo Sari,Rajesh Payal Rai,100.0,100.0,strong
rajesh payal rai|gaunbesima fulai fulyo,Rajesh Payal Rai,Gaunbesima Fulai Fulyo,270.0,1,Rajesh Payal Rai - Gaunbesima Fulai Fulyo.mp3,Rajesh Payal Rai,1498,Dubo Fulyo,"Hemanta Rana, Hritika Shrestha",66.7,100.0,weak
rajesh payal rai|ghama ra raat ko,Rajesh Payal Rai,Ghama Ra Raat Ko,316.0,1,Rajesh Payal Rai - Ghama Ra Raat Ko.mp3,Rajesh Payal Rai,2703,Aaja ko Raat,Prince shrestha,78.6,100.0,probable
rajesh payal rai|ghumna jaau dharan,Rajesh Payal Rai,Ghumna Jaau Dharan,262.0,1,Rajesh Payal Rai - Ghumna Jaau Dharan.mp3,Rajesh Payal Rai,2305,Ma Dherai Maya Garchhu,Nattu,65.0,100.0,weak
rajesh payal rai|hero hero,Rajesh Payal Rai,Hero Hero,238.0,1,Rajesh Payal Rai - Hero Hero.mp3,Rajesh Payal Rai,858,Kori Hera,Brijesh Shrestha & Beyond (Nepal),61.5,100.0,weak
rajesh payal rai|hey harka,Rajesh Payal Rai,Hey Harka,251.0,1,Rajesh Payal Rai - Hey Harka.mp3,Rajesh Payal Rai,1175,Hey Hajur,Dr Pilot,77.8,100.0,weak
rajesh payal rai|jahele pani,Rajesh Payal Rai,Jahele Pani,270.0,1,Rajesh Payal Rai - Jahele Pani.mp3,Rajesh Payal Rai,2156,Pani Pani,Nalina Chitrakar,100.0,100.0,strong
rajesh payal rai|jahile dekhi,Rajesh Payal Rai,Jahile Dekhi,247.0,1,Rajesh Payal Rai - Jahile Dekhi.mp3,Rajesh Payal Rai,770,Kahile Kahi,Bipul Chettri,78.3,100.0,probable
rajesh payal rai|jalkumbhi,Rajesh Payal Rai,Jalkumbhi,286.0,1,Rajesh Payal Rai - Jalkumbhi.mp3,Rajesh Payal Rai,405,Lumbini,Annu Chaudhary,62.5,100.0,weak
rajesh payal rai|jay nepal,Rajesh Payal Rai,Jay Nepal,238.0,1,Rajesh Payal Rai - Jay Nepal.mp3,Rajesh Payal Rai,941,Jay Nepal,Cobweb,100.0,100.0,strong
rajesh payal rai|ke dekhethe,Rajesh Payal Rai,Ke Dekhethe,179.0,1,Rajesh Payal Rai - Ke Dekhethe.mp3,Rajesh Payal Rai,2941,Keta Keti,Robin Tamang,60.0,100.0,weak
rajesh payal rai|khali pet,Rajesh Payal Rai,Khali Pet,308.0,1,Rajesh Payal Rai - Khali Pet.mp3,Rajesh Payal Rai,734,Khali,Bikki Gurung,100.0,100.0,strong
rajesh payal rai|ko rudaina hola,Rajesh Payal Rai,Ko Rudaina Hola,284.0,1,Rajesh Payal Rai - Ko Rudaina Hola.mp3,Rajesh Payal Rai,3498,Ko Hola Tyo,Sunil Giri,77.8,100.0,weak
rajesh payal rai|kuku chari,Rajesh Payal Rai,Kuku Chari,244.0,1,Rajesh Payal Rai - Kuku Chari.mp3,Rajesh Payal Rai,1083,Udeko Chari,Devi Gharti and D.R Sujan,76.2,100.0,weak
rajesh payal rai|ma ta timrai,Rajesh Payal Rai,Ma TA Timrai,295.0,1,Rajesh Payal Rai - Ma TA Timrai.mp3,Rajesh Payal Rai,3773,Ma,The Shadows 'Nepal',100.0,100.0,strong
rajesh payal rai|malai kina,Rajesh Payal Rai,Malai Kina,247.0,1,Rajesh Payal Rai - Malai Kina.mp3,Rajesh Payal Rai,862,KINA,Brisk timos,100.0,100.0,strong
rajesh payal rai|mann jalaune,Rajesh Payal Rai,Mann Jalaune,314.0,1,Rajesh Payal Rai - Mann Jalaune.mp3,Rajesh Payal Rai,772,Mann,Bipul Chettri,100.0,100.0,strong
rajesh payal rai|mayako ghar,Rajesh Payal Rai,Mayako Ghar,213.0,1,Rajesh Payal Rai - Mayako Ghar.mp3,Rajesh Payal Rai,1980,Ghar Ko Maya,Mc Flo,78.3,100.0,probable
rajesh payal rai|namaga ma sanga sahara namag,Rajesh Payal Rai,Namaga Ma Sanga Sahara Namag,284.0,1,Rajesh Payal Rai - Namaga Ma Sanga Sahara Namag.mp3,Rajesh Payal Rai,2959,Sahara,Rockheads Nepal,100.0,100.0,strong
rajesh payal rai|naniko chanchale,Rajesh Payal Rai,Naniko Chanchale,245.0,1,Rajesh Payal Rai - Naniko Chanchale.mp3,Rajesh Payal Rai,2799,Nani ko Chanchale Bani,Rajesh Payal Rai,78.9,100.0,probable
rajesh payal rai|nasha deu malai,Rajesh Payal Rai,Nasha Deu Malai,305.0,1,Rajesh Payal Rai - Nasha Deu Malai.mp3,Rajesh Payal Rai,1529,Pankha Deu Malai,Indira Joshi,83.9,100.0,probable
rajesh payal rai|nirmaya,Rajesh Payal Rai,Nirmaya,318.0,1,Rajesh Payal Rai - Nirmaya.mp3,Rajesh Payal Rai,2274,Nirmaya Thuli,"Narayan Rayamajhi, Kamala Pokharel",100.0,100.0,strong
rajesh payal rai|nisturi mayale ruyayo,Rajesh Payal Rai,Nisturi Mayale Ruyayo,314.0,1,Rajesh Payal Rai - Nisturi Mayale Ruyayo.mp3,Rajesh Payal Rai,2453,Jani Mayale,Nisha ranpal,70.6,100.0,weak
rajesh payal rai|nyauli royo tyo pari banma,Rajesh Payal Rai,Nyauli Royo Tyo Pari Banma,200.0,1,Rajesh Payal Rai - Nyauli Royo Tyo Pari Banma.mp3,Rajesh Payal Rai,270,Pari,Anil Singh,100.0,100.0,strong
rajesh payal rai|pahad chadai,Rajesh Payal Rai,Pahad Chadai,253.0,1,Rajesh Payal Rai - Pahad Chadai.mp3,Rajesh Payal Rai,3390,Chadai Aau,Sudip Gurung,81.8,100.0,probable
rajesh payal rai|phool bhanda,Rajesh Payal Rai,Phool Bhanda,251.0,1,Rajesh Payal Rai - Phool Bhanda.mp3,Rajesh Payal Rai,3465,Phool,Sujan Chapagain,100.0,100.0,strong
rajesh payal rai|preeti phulne phulbari,Rajesh Payal Rai,Preeti Phulne Phulbari,300.0,1,Rajesh Payal Rai - Preeti Phulne Phulbari.mp3,Rajesh Payal Rai,2442,Preeti Basyo,Nima Rumba,66.7,100.0,weak
rajesh payal rai|priti fulne,Rajesh Payal Rai,Priti Fulne,300.0,1,Rajesh Payal Rai - Priti Fulne.mp3,Rajesh Payal Rai,3909,Muglin Pari,"Udit Narayan, Deepa Narayan Jha",63.6,100.0,weak
rajesh payal rai|purwai dharan,Rajesh Payal Rai,Purwai Dharan,220.0,1,Rajesh Payal Rai - Purwai Dharan.mp3,Rajesh Payal Rai,2806,Dharan Dhankuta,"Rajesh Payal Rai, Baishali Subba",64.3,100.0,weak
rajesh payal rai|sirisiri chiso hawa,Rajesh Payal Rai,Sirisiri Chiso Hawa,278.0,1,Rajesh Payal Rai - Sirisiri Chiso Hawa.mp3,Rajesh Payal Rai,859,Chiso Chiso,Brijesh Shrestha & Hakim,100.0,100.0,strong
rajesh payal rai|tara jharyo mirmirema,Rajesh Payal Rai,Tara Jharyo Mirmirema,297.0,1,Rajesh Payal Rai - Tara Jharyo Mirmirema.mp3,Rajesh Payal Rai,3723,Bihaniko Mirmirema,The Buds,66.7,100.0,weak
rajesh payal rai|timilai dekhe,Rajesh Payal Rai,Timilai Dekhe,260.0,1,Rajesh Payal Rai - Timilai Dekhe.mp3,Rajesh Payal Rai,1555,Timilai,James Shrestha,100.0,100.0,strong
rajesh payal rai|timilai roje,Rajesh Payal Rai,Timilai Roje,309.0,1,Rajesh Payal Rai - Timilai Roje.mp3,Rajesh Payal Rai,1555,Timilai,James Shrestha,100.0,100.0,strong
rajesh payal rai|timlai khoje,Rajesh Payal Rai,Timlai Khoje,254.0,1,Rajesh Payal Rai - Timlai Khoje.mp3,Rajesh Payal Rai,3713,Dekhe Timilai,The Axe (Nepal),80.0,100.0,probable
rajesh payal rai|timro khushiko lagi,Rajesh Payal Rai,Timro Khushiko Lagi,249.0,1,Rajesh Payal Rai - Timro Khushiko Lagi.mp3,Rajesh Payal Rai,131,Timro Lagi,Abhaya and The Steam Injuns,100.0,100.0,strong
rajesh payal rai|tyahi dunga mathi,Rajesh Payal Rai,Tyahi Dunga Mathi,297.0,1,Rajesh Payal Rai - Tyahi Dunga Mathi.mp3,Rajesh Payal Rai,1090,Hariyo Dada Mathi,Dharmaraj Thapa,64.7,100.0,weak
rajesh payal rai|udai rahun,Rajesh Payal Rai,Udai Rahun,358.0,1,Rajesh Payal Rai - Udai Rahun.mp3,Rajesh Payal Rai,3848,Ali Ali Puidai Chu,Uday Sotang,66.7,100.0,weak
rajesh payal rai|udharo,Rajesh Payal Rai,Udharo,176.0,1,Rajesh Payal Rai - Udharo.mp3,Rajesh Payal Rai,186,Adhar,Albatross,72.7,100.0,weak
rajesh payal rai|yo dharti,Rajesh Payal Rai,Yo Dharti,319.0,1,Rajesh Payal Rai - Yo Dharti.mp3,Rajesh Payal Rai,2574,Yo Sahar,Prajina,70.6,100.0,weak
rajesh payal rai|yo jindagi,Rajesh Payal Rai,Yo Jindagi,255.0,1,Rajesh Payal Rai - Yo Jindagi.mp3,Rajesh Payal Rai,85,Yo Jindagi,1974ad,100.0,100.0,strong
rajesh payal rai|yo manlai,Rajesh Payal Rai,Yo Manlai,240.0,1,Rajesh Payal Rai - Yo Manlai.mp3,Rajesh Payal Rai,3819,Yo Maan,Trishala Gurung,75.0,100.0,weak
rajesh payal rai|yo mann tyasai rundo raichha,Rajesh Payal Rai,Yo Mann Tyasai Rundo Raichha,255.0,1,Rajesh Payal Rai - Yo Mann Tyasai Rundo Raichha.mp3,Rajesh Payal Rai,772,Mann,Bipul Chettri,100.0,100.0,strong
rajesh payal rai|yo naniko,Rajesh Payal Rai,Yo Naniko,306.0,1,Rajesh Payal Rai - Yo Naniko.mp3,Rajesh Payal Rai,719,Yo Naniko Siraima,Bidhan Shrestha,100.0,100.0,strong
rajesh payel rai ram krishna dhakal|jaaga lamka chamka,"Rajesh Payel Rai, Ram Krishna Dhakal",Jaaga Lamka Chamka,254.0,1,"Rajesh Payel Rai, Ram Krishna Dhakal - Jaaga Lamka Chamka.mp3","Rajesh Payel Rai, Ram Krishna Dhakal",2866,Jaaga Lamka Chamka,Ram Krishna Dhakal,100.0,100.0,strong
rajesh yadav shilpa singh|bam bhole shiv shankar ke,"Rajesh Yadav, Shilpa Singh",Bam Bhole Shiv Shankar Ke,225.0,1,"Rajesh Yadav, Shilpa Singh - Bam Bhole Shiv Shankar Ke.mp3",Shiv Shankar,1543,Shankar Bhole,Ishwor Krishna Bhurtel,100.0,66.7,weak
rajeshpayal rai feat melina rai|sarangiko dhun,Rajeshpayal Rai feat. Melina Rai,Sarangiko Dhun,380.0,1,Rajeshpayal Rai feat. Melina Rai - Sarangiko Dhun.mp3,Melina Rai,2955,Dhun,Rockheads Nepal,100.0,100.0,strong
rajkumar thapa|म दुर भएर के भो। tribute to late legend ambar gurung,Rajkumar Thapa,म दुर भएर के भो। -Tribute to late Legend Ambar Gurung,0.0,1,म दुर भएर के भो। -Tribute to late Legend Ambar Gurung.mp3,Ambar Gurung,3293,म.,Shashwot Khadka,100.0,78.3,probable
raju dangal feat melina rai|madalai bajyo feat melina rai,Raju Dangal feat. Melina Rai,Madalai Bajyo (feat. Melina Rai),256.0,1,Raju Dangal feat. Melina Rai - Madalai Bajyo (feat. Melina Rai).mp3,Melina Rai,1349,Mahesh Kafle (Feat. Melina Rai) - Nacha Firiri,Genius Romanizations,68.2,100.0,weak
raju gurung|jata herepani salaijo raju gurung sharmila gurung,Raju Gurung,Jata Herepani Salaijo - Raju Gurung & Sharmila Gurung | Old Nepali Salaijo Song,368.0,1,Jata Herepani Salaijo - Raju Gurung & Sharmila Gurung ｜ Old Nepali Salaijo Song.m4a,Salaijo,,,,55.7,100.0,weak
raju lama kunti moktan|lochhar mela,"Raju Lama, Kunti Moktan",Lochhar Mela,274.0,1,"Raju Lama, Kunti Moktan - Lochhar Mela.mp3",Kunti Moktan,1804,Launchha Maya,"Kulendra Bishwakarma, Sarita Karki",64.0,100.0,weak
raju lama mongolian hearts mamata dipbim tara thapa ananda karki kunti moktan|gaucha geet nepali,"Raju Lama (Mongolian Hearts), Mamata Dipbim, Tara Thapa, Ananda Karki, Kunti Moktan",Gaucha Geet Nepali,312.0,1,"Raju Lama (Mongolian Hearts), Mamata Dipbim, Tara Thapa, Ananda Karki, Kunti Moktan - Gaucha Geet Nepali.mp3",Kunti Moktan,207,Nepali,Albatross,100.0,100.0,strong
raju singh nepali susila thapa|bana beta gaunya,"Raju Singh Nepali, Susila Thapa",Bana Beta Gaunya,414.0,1,"Raju Singh Nepali, Susila Thapa - Bana Beta Gaunya.mp3",nepali,2298,Aau Bhane Gaun,Nati Kaji,66.7,71.4,weak
raju singh nepali susila thapa|pahadaka jilla,"Raju Singh Nepali, Susila Thapa",Pahadaka Jilla,412.0,1,"Raju Singh Nepali, Susila Thapa - Pahadaka Jilla.mp3","Raju Singh Nepali, Susila Thapa",633,Jay Mahakali,Balen,61.5,71.4,none
rakesh kala chetna|phool tumhe shradha ke arpan hai shiv shankar kripurari,"Rakesh Kala, Chetna",Phool Tumhe Shradha ke Arpan Hai Shiv Shankar Kripurari,305.0,1,"Rakesh Kala, Chetna - Phool Tumhe Shradha ke Arpan Hai Shiv Shankar Kripurari.mp3",Shiv Shankar,3465,Phool,Sujan Chapagain,100.0,63.4,weak
ram krishna dhakal anju panta|badal fatyo,"Ram Krishna Dhakal, Anju Panta",Badal Fatyo,283.0,1,"Ram Krishna Dhakal, Anju Panta - Badal Fatyo.mp3","Ram Krishna Dhakal, Anju Panta",1009,Badal Haruho,Deep Shrestha,69.6,100.0,weak
ram krishna dhakal asmita nepal|nepal hanse,"Ram Krishna Dhakal, Asmita Nepal",Nepal Hanse,350.0,1,"Ram Krishna Dhakal, Asmita Nepal - Nepal Hanse (2).mp3","Ram Krishna Dhakal, Asmita Nepal",2944,Nepal Nepal,Robin Tamang,100.0,100.0,strong
ram krishna dhakal kushma mahara pragati|kaha chha swarga bhana timi,"Ram Krishna Dhakal, Kushma Mahara Pragati",Kaha Chha Swarga Bhana Timi,323.0,1,"Ram Krishna Dhakal, Kushma Mahara Pragati - Kaha Chha Swarga Bhana Timi.mp3",Ram Krishna Dhakal,215,Timi Kaha,Alex Dware,100.0,100.0,strong
ram krishna dhakal lata mangeskar|bachunjelilai,"Ram Krishna Dhakal, Lata Mangeskar",Bachunjelilai,332.0,1,"Ram Krishna Dhakal, Lata Mangeskar - Bachunjelilai (3).mp3","Ram Krishna Dhakal, Lata Mangeskar",1839,Bachunjelilai,"Lata Mangeshkar, Ram Krishna Dhakal",100.0,100.0,strong
ram krishna dhakal shakuntala pradhan gyanu rana|chandra surya,"Ram Krishna Dhakal, Shakuntala Pradhan, Gyanu Rana",Chandra Surya,224.0,1,"Ram Krishna Dhakal, Shakuntala Pradhan, Gyanu Rana - Chandra Surya (3).mp3","Ram Krishna Dhakal, Shakuntala Pradhan, Gyanu Rana",2393,Rato Ra Chandra Surya,Nepathya,100.0,100.0,strong
ram krishna dhakal sharmila bardewa|yi nasalu aankha,"Ram Krishna Dhakal, Sharmila Bardewa",Yi Nasalu Aankha,300.0,1,"Ram Krishna Dhakal, Sharmila Bardewa - Yi Nasalu Aankha.mp3","Ram Krishna Dhakal, Sharmila Bardewa",2129,Aankha maa,Nabin K Bhattarai,75.0,100.0,weak
ram krishna dhakal|aachanolai,Ram Krishna Dhakal,Aachanolai,345.0,1,Ram Krishna Dhakal - Aachanolai.mp3,Ram Krishna Dhakal,2788,Aaithan Hola,Rajesh Payal Rai,72.7,100.0,weak
ram krishna dhakal|aaja bholi,Ram Krishna Dhakal,Aaja Bholi,273.0,1,Ram Krishna Dhakal - Aaja Bholi.mp3,Ram Krishna Dhakal,30,Aaja Bholi,1974 AD,100.0,100.0,strong
ram krishna dhakal|aama,Ram Krishna Dhakal,Aama,303.0,1,Ram Krishna Dhakal - Aama.mp3,Ram Krishna Dhakal,4058,Aama,Yama Buddha,100.0,100.0,strong
ram krishna dhakal|aaphno bhagye,Ram Krishna Dhakal,Aaphno Bhagye,272.0,1,Ram Krishna Dhakal - Aaphno Bhagye.mp3,Ram Krishna Dhakal,3600,Baacha Bhayo,Swoopna Suman,64.0,100.0,weak
ram krishna dhakal|aauchu bhani papinile,Ram Krishna Dhakal,Aauchu Bhani Papinile,275.0,1,Ram Krishna Dhakal - Aauchu Bhani Papinile.mp3,Ram Krishna Dhakal,2843,Aauchu Bhani Papini Le,Ram Krishna Dhakal,88.4,100.0,probable
ram krishna dhakal|bacha kasam,Ram Krishna Dhakal,Bacha Kasam,268.0,1,Ram Krishna Dhakal - Bacha Kasam.mp3,Ram Krishna Dhakal,2007,Bacha Kasam,Melina Rai,100.0,100.0,strong
ram krishna dhakal|badhina lagda,Ram Krishna Dhakal,Badhina Lagda,180.0,1,Ram Krishna Dhakal - Badhina Lagda.mp3,Ram Krishna Dhakal,2073,Haat Bandhi,Mohan Bhusal,66.7,100.0,weak
ram krishna dhakal|bandhan pani tutyo,Ram Krishna Dhakal,Bandhan Pani Tutyo,338.0,1,Ram Krishna Dhakal - Bandhan Pani Tutyo.mp3,Ram Krishna Dhakal,2156,Pani Pani,Nalina Chitrakar,100.0,100.0,strong
ram krishna dhakal|bhaja mann jeevan dhan nadanandan,Ram Krishna Dhakal,Bhaja Mann Jeevan Dhan Nadanandan,413.0,1,Ram Krishna Dhakal - Bhaja Mann Jeevan Dhan Nadanandan.mp3,Ram Krishna Dhakal,772,Mann,Bipul Chettri,100.0,100.0,strong
ram krishna dhakal|bihana utthne bittikai,Ram Krishna Dhakal,Bihana Utthne Bittikai,347.0,1,Ram Krishna Dhakal - Bihana Utthne Bittikai (2).mp3,Ram Krishna Dhakal,2851,Bihana Uthne Bittikai,Ram Krishna Dhakal,97.7,100.0,strong
ram krishna dhakal|bihani ko gham ko jhulko,Ram Krishna Dhakal,Bihani Ko Gham Ko Jhulko,248.0,1,Ram Krishna Dhakal - Bihani Ko Gham Ko Jhulko.mp3,Ram Krishna Dhakal,3325,Naulo Bihani,Simma Rai,66.7,100.0,weak
ram krishna dhakal|charile ta,Ram Krishna Dhakal,Charile Ta,275.0,1,Ram Krishna Dhakal - Charile Ta.mp3,Ram Krishna Dhakal,2895,Charile Ta Chhadera Gaigayo,Ram Krishna Dhakal from Album Aagraha,100.0,100.0,strong
ram krishna dhakal|chheumai base,Ram Krishna Dhakal,Chheumai Base,193.0,1,Ram Krishna Dhakal - Chheumai Base.mp3,Ram Krishna Dhakal,2560,Pipal Chheuma Bar,"Prabisha Adhikari, Roshan Singh",73.3,100.0,weak
ram krishna dhakal|chhura chalai rakha pt 1,Ram Krishna Dhakal,"Chhura Chalai Rakha, Pt. 1",288.0,1,"Ram Krishna Dhakal - Chhura Chalai Rakha, Pt. 1.mp3",Ram Krishna Dhakal,2844,Achanolai Thaha Hola,Ram Krishna Dhakal,63.6,100.0,weak
ram krishna dhakal|dherai danda,Ram Krishna Dhakal,Dherai Danda,355.0,1,Ram Krishna Dhakal - Dherai Danda.mp3,Ram Krishna Dhakal,2061,Dherai Dherai,Mingma Sherpa,100.0,100.0,strong
ram krishna dhakal|ekaichinko chutai pani,RAM KRISHNA DHAKAL,Ekaichinko Chutai Pani,322.0,1,RAM KRISHNA DHAKAL - Ekaichinko Chutai Pani.mp3,Ram Krishna Dhakal,2156,Pani Pani,Nalina Chitrakar,100.0,100.0,strong
ram krishna dhakal|geet mera haray,Ram Krishna Dhakal,Geet Mera Haray,281.0,1,Ram Krishna Dhakal - Geet Mera Haray.mp3,Ram Krishna Dhakal,2088,Hamro Geet,Monkey Temple Nepal,72.0,100.0,weak
ram krishna dhakal|gitaima roye,Ram Krishna Dhakal,Gitaima Roye,235.0,1,Ram Krishna Dhakal - Gitaima Roye.mp3,Ram Krishna Dhakal,317,Pal Pal Roye Jindagima,Anju Panta,66.7,100.0,weak
ram krishna dhakal|hajari phool,Ram Krishna Dhakal,Hajari Phool,273.0,1,Ram Krishna Dhakal - Hajari Phool.mp3,Ram Krishna Dhakal,3465,Phool,Sujan Chapagain,100.0,100.0,strong
ram krishna dhakal|hansu kati ma,Ram Krishna Dhakal,Hansu Kati Ma,219.0,1,Ram Krishna Dhakal - Hansu Kati Ma (2).mp3,Ram Krishna Dhakal,3773,Ma,The Shadows 'Nepal',100.0,100.0,strong
ram krishna dhakal|har raat kaile royera,Ram Krishna Dhakal,Har Raat Kaile Royera,327.0,1,Ram Krishna Dhakal - Har Raat Kaile Royera.mp3,Ram Krishna Dhakal,198,Jhari Ko Raat,Albatross,64.7,100.0,weak
ram krishna dhakal|harraat kahile,Ram Krishna Dhakal,Harraat Kahile,315.0,1,Ram Krishna Dhakal - Harraat Kahile (2).mp3,Ram Krishna Dhakal,52,Kahile Kahile,1974 AD,100.0,100.0,strong
ram krishna dhakal|hiuchulima,Ram Krishna Dhakal,Hiuchulima,246.0,1,Ram Krishna Dhakal - Hiuchulima.mp3,Ram Krishna Dhakal,3204,Chulesima,Sanjeev Singh,73.7,100.0,weak
ram krishna dhakal|instrumental 2,Ram Krishna Dhakal,Instrumental 2,283.0,1,Ram Krishna Dhakal - Instrumental 2.mp3,Ram Krishna Dhakal,,,,54.5,100.0,weak
ram krishna dhakal|instrumental 3,Ram Krishna Dhakal,Instrumental 3,255.0,1,Ram Krishna Dhakal - Instrumental 3.mp3,Ram Krishna Dhakal,,,,53.3,100.0,weak
ram krishna dhakal|jadaichhu ma,Ram Krishna Dhakal,Jadaichhu Ma,266.0,1,Ram Krishna Dhakal - Jadaichhu Ma.mp3,Ram Krishna Dhakal,3773,Ma,The Shadows 'Nepal',100.0,100.0,strong
ram krishna dhakal|jane le ta,Ram Krishna Dhakal,Jane Le Ta,364.0,1,Ram Krishna Dhakal - Jane Le Ta.mp3,Ram Krishna Dhakal,3237,Ekdin Ta Jane Ho,Sashan Kandel,82.4,100.0,probable
ram krishna dhakal|jane pani anjan bani,Ram Krishna Dhakal,Jane Pani Anjan Bani,274.0,1,Ram Krishna Dhakal - Jane Pani Anjan Bani.mp3,Ram Krishna Dhakal,2156,Pani Pani,Nalina Chitrakar,100.0,100.0,strong
ram krishna dhakal|jhuth ko,Ram Krishna Dhakal,Jhuth Ko,321.0,1,Ram Krishna Dhakal - Jhuth Ko.mp3,Ram Krishna Dhakal,2868,Jhuth Ko Sansar,Ram Krishna Dhakal,100.0,100.0,strong
ram krishna dhakal|juneli bho,Ram Krishna Dhakal,Juneli Bho,298.0,1,Ram Krishna Dhakal - Juneli Bho.mp3,Ram Krishna Dhakal,1070,Juneli Raatko Shital,Deepesh Kishor Bhattarai,75.0,100.0,weak
ram krishna dhakal|kahan gayo,Ram Krishna Dhakal,Kahan Gayo,323.0,1,Ram Krishna Dhakal - Kahan Gayo (2).mp3,Ram Krishna Dhakal,602,Gayo Gayo Jawani Gayo,Babin Pradhan,76.2,100.0,weak
ram krishna dhakal|kina malai aajbholi,RAM KRISHNA DHAKAL,Kina Malai Aajbholi,307.0,1,RAM KRISHNA DHAKAL - Kina Malai Aajbholi.mp3,Ram Krishna Dhakal,862,KINA,Brisk timos,100.0,100.0,strong
ram krishna dhakal|kun hurile,Ram Krishna Dhakal,Kun Hurile,309.0,1,Ram Krishna Dhakal - Kun Hurile.mp3,Ram Krishna Dhakal,2870,Kun Hurali,Ram Krishna Dhakal,80.0,100.0,probable
ram krishna dhakal|maile hare,Ram Krishna Dhakal,Maile Hare,299.0,1,Ram Krishna Dhakal - Maile Hare.mp3,Ram Krishna Dhakal,1690,Chaina Maile,Karma Band,72.7,100.0,weak
ram krishna dhakal|malai timi,Ram Krishna Dhakal,Malai Timi,352.0,1,Ram Krishna Dhakal - Malai Timi.mp3,Ram Krishna Dhakal,113,Timi Aaunu Malai Bhetna,Aastha Band,100.0,100.0,strong
ram krishna dhakal|manma bolun bolun,Ram Krishna Dhakal,Manma Bolun Bolun,319.0,1,Ram Krishna Dhakal - Manma Bolun Bolun.mp3,Ram Krishna Dhakal,3519,Bolau Ma,Surakshya Malla,73.7,100.0,weak
ram krishna dhakal|maya garneko,Ram Krishna Dhakal,Maya Garneko,380.0,1,Ram Krishna Dhakal - Maya Garneko.mp3,Ram Krishna Dhakal,2210,Maya Garneko,Narayan Gopal,100.0,100.0,strong
ram krishna dhakal|maya mitho,Ram Krishna Dhakal,Maya Mitho,270.0,1,Ram Krishna Dhakal - Maya Mitho.mp3,Ram Krishna Dhakal,526,Maya,Ashutosh KC,100.0,100.0,strong
ram krishna dhakal|maya rahechha,Ram Krishna Dhakal,Maya Rahechha,332.0,1,Ram Krishna Dhakal - Maya Rahechha.mp3,Ram Krishna Dhakal,526,Maya,Ashutosh KC,100.0,100.0,strong
ram krishna dhakal|mera saya,Ram Krishna Dhakal,Mera Saya,330.0,1,Ram Krishna Dhakal - Mera Saya.mp3,Ram Krishna Dhakal,3134,Maya Marera,"Samikshya Adhikari, Naresh Khati",80.0,100.0,probable
ram krishna dhakal|meri manu,Ram Krishna Dhakal,Meri Manu,304.0,1,Ram Krishna Dhakal - Meri Manu.mp3,Ram Krishna Dhakal,2878,Meri Manu,Ram Krishna Dhakal,100.0,100.0,strong
ram krishna dhakal|mero geet nai upahar,Ram Krishna Dhakal,Mero Geet Nai Upahar,298.0,1,Ram Krishna Dhakal - Mero Geet Nai Upahar.mp3,Ram Krishna Dhakal,3032,Timi Nai Mero,Sabin Rai,76.2,100.0,weak
ram krishna dhakal|music track,Ram Krishna Dhakal,Music Track,212.0,1,Ram Krishna Dhakal - Music Track.mp3,Ram Krishna Dhakal,3782,Rojdai Chu - Bonus Track,The Uglyz,62.5,100.0,weak
ram krishna dhakal|mutu phute,Ram Krishna Dhakal,Mutu Phute,313.0,1,Ram Krishna Dhakal - Mutu Phute.mp3,Ram Krishna Dhakal,2619,Ghaite Mutu,Pramod Kharel,76.2,100.0,weak
ram krishna dhakal|najik na aaunuma,Ram Krishna Dhakal,Najik Na Aaunuma,228.0,1,Ram Krishna Dhakal - Najik Na Aaunuma.mp3,Ram Krishna Dhakal,2430,Aauna Sangai Naachau,Nima Rumba,66.7,100.0,weak
ram krishna dhakal|ore moer mann radhka raman,Ram Krishna Dhakal,"Ore Moer Mann, Radhka Raman",297.0,1,"Ram Krishna Dhakal - Ore Moer Mann, Radhka Raman.mp3",Ram Krishna Dhakal,772,Mann,Bipul Chettri,100.0,100.0,strong
ram krishna dhakal|parkhi basa,Ram Krishna Dhakal,Parkhi Basa,302.0,1,Ram Krishna Dhakal - Parkhi Basa.mp3,Ram Krishna Dhakal,2224,Parkhi Base,Narayan Gopal,90.9,100.0,strong
ram krishna dhakal|rato rani,Ram Krishna Dhakal,Rato Rani,243.0,1,Ram Krishna Dhakal - Rato Rani.mp3,Ram Krishna Dhakal,3352,Rato Rani,Songs To Sing,100.0,100.0,strong
ram krishna dhakal|royerai basau ki,Ram Krishna Dhakal,Royerai Basau Ki,331.0,1,Ram Krishna Dhakal - Royerai Basau Ki.mp3,Ram Krishna Dhakal,1267,Herai Basai,Extended - Yabesh Thapa,74.1,100.0,weak
ram krishna dhakal|sadhaibhari,Ram Krishna Dhakal,Sadhaibhari,274.0,1,Ram Krishna Dhakal - Sadhaibhari.mp3,Ram Krishna Dhakal,129,Sadhai Sadhai,Abhaya and The Steam Injuns,70.6,100.0,weak
ram krishna dhakal|sarangi ko tara,Ram Krishna Dhakal,Sarangi Ko Tara,271.0,1,Ram Krishna Dhakal - Sarangi Ko Tara.mp3,Ram Krishna Dhakal,3558,Sarangi,SUshant KC,100.0,100.0,strong
ram krishna dhakal|taap ko raap ma,Ram Krishna Dhakal,Taap Ko Raap Ma,240.0,1,Ram Krishna Dhakal - Taap Ko Raap Ma.mp3,Ram Krishna Dhakal,3773,Ma,The Shadows 'Nepal',100.0,100.0,strong
ram krishna dhakal|thorai thorai ris,Ram Krishna Dhakal,Thorai Thorai Ris,336.0,1,Ram Krishna Dhakal - Thorai Thorai Ris.mp3,Ram Krishna Dhakal,3793,Thorai Najik,Topi Band,75.0,100.0,weak
ram krishna dhakal|timrai ta yeuta,Ram Krishna Dhakal,Timrai ta Yeuta,294.0,1,Ram Krishna Dhakal - Timrai ta Yeuta.mp3,Ram Krishna Dhakal,1634,Timrai hu,KAAL - 69,80.0,100.0,probable
ram krishna dhakal|timro lagi jyan,Ram Krishna Dhakal,Timro Lagi Jyan,293.0,1,Ram Krishna Dhakal - Timro Lagi Jyan.mp3,Ram Krishna Dhakal,131,Timro Lagi,Abhaya and The Steam Injuns,100.0,100.0,strong
ram krishna dhakal|timro maya,Ram Krishna Dhakal,Timro Maya,294.0,1,Ram Krishna Dhakal - Timro Maya.mp3,Ram Krishna Dhakal,3568,Timro Maya,SUshant KC,100.0,100.0,strong
ram krishna dhakal|udayo sapana,Ram Krishna Dhakal,Udayo Sapana,278.0,1,Ram Krishna Dhakal - Udayo Sapana.mp3,Ram Krishna Dhakal,816,Sapana,Bishesh Silwal,100.0,100.0,strong
ram krishna dhakal|ukalima,Ram Krishna Dhakal,Ukalima,299.0,1,Ram Krishna Dhakal - Ukalima.mp3,Ram Krishna Dhakal,3896,Ukalima Pachi Pachi,Udit Narayan,100.0,100.0,strong
ram krishna dhakal|yatra rahecha jindagi,Ram Krishna Dhakal,Yatra Rahecha Jindagi,313.0,1,Ram Krishna Dhakal - Yatra Rahecha Jindagi.mp3,Ram Krishna Dhakal,2707,Yatra,Puja Kepcheki Magar,100.0,100.0,strong
ram krishna dhakal|yehi manlai,Ram Krishna Dhakal,Yehi Manlai,312.0,1,Ram Krishna Dhakal - Yehi Manlai.mp3,Ram Krishna Dhakal,738,Yehi Nai Ho K Maya,Bikki Gurung,69.0,100.0,weak
ram krishna dhakal|yo aankhako yenabhitra,Ram Krishna Dhakal,Yo Aankhako Yenabhitra,289.0,1,Ram Krishna Dhakal - Yo Aankhako Yenabhitra.mp3,Ram Krishna Dhakal,588,Aakhako Bato,B-8eight,64.7,100.0,weak
ram krishna dhakal|yo euta sadak ko,Ram Krishna Dhakal,Yo Euta Sadak Ko,263.0,1,Ram Krishna Dhakal - Yo Euta Sadak Ko.mp3,Ram Krishna Dhakal,3389,Yo Esto Euta,Sudip Giri,73.7,100.0,weak
ram krishna dhakal|yo jingagi,Ram Krishna Dhakal,Yo Jingagi,268.0,1,Ram Krishna Dhakal - Yo Jingagi.mp3,Ram Krishna Dhakal,85,Yo Jindagi,1974ad,90.0,100.0,strong
ram saran nepali|jumli kandara ko,Ram Saran Nepali,Jumli Kandara Ko,417.0,1,Ram Saran Nepali - Jumli Kandara Ko.mp3,Kandara,1062,Yo Karma Bhumi,Deepak Kharel,66.7,76.9,weak
ram saran nepali|sarangi ra aru baja,Ram Saran Nepali,Sarangi Ra Aru Baja,195.0,1,Ram Saran Nepali - Sarangi Ra Aru Baja.mp3,nepali,3558,Sarangi,SUshant KC,100.0,76.9,probable
ram saran nepali|sorathi purano,Ram Saran Nepali,Sorathi - Purano,312.0,1,Ram Saran Nepali - Sorathi - Purano.mp3,nepali sorathi,4090,Purano Gau,Yash Kumar,75.0,76.9,weak
ram thapa kumar basnet|chhoribhanda aama,"Ram Thapa, Kumar Basnet",Chhoribhanda Aama,241.0,1,"Ram Thapa, Kumar Basnet - Chhoribhanda Aama.mp3",Kumar Basnet,1007,Aama Aama,Deep Shrestha,100.0,100.0,strong
ram thapa laxmi basnet|makhamali phool,"Ram Thapa, Laxmi Basnet",Makhamali Phool,336.0,1,"Ram Thapa, Laxmi Basnet - Makhamali Phool.mp3",Ram Thapa,3465,Phool,Sujan Chapagain,100.0,100.0,strong
ram thapa mausami gurung|bankali mai,"Ram Thapa, Mausami Gurung",Bankali Mai,199.0,1,"Ram Thapa, Mausami Gurung - Bankali Mai.mp3",Ram Thapa,2997,Banki Chari,"Rupak Dotel, Anju Panta",72.7,100.0,weak
ram thapa mira rana|chepang laya,"Ram Thapa, Mira Rana",Chepang Laya,314.0,1,"Ram Thapa, Mira Rana - Chepang Laya.mp3",Ram Thapa,1644,Lappan Chappan,Kali Prasad Baskota,69.2,100.0,weak
ram thapa mira rana|kaga karaundai,"Ram Thapa, Mira Rana",Kaga Karaundai,233.0,1,"Ram Thapa, Mira Rana - Kaga Karaundai.mp3",Ram Thapa,3086,Kuraakaani,Sajjan Raj Vaidya,66.7,100.0,weak
ram thapa premraja mahat rajani thapa bina shrestha sunita subba|arye bhanjhyang,"Ram Thapa, Premraja Mahat, Rajani Thapa, Bina Shrestha, Sunita Subba",Arye Bhanjhyang,261.0,1,"Ram Thapa, Premraja Mahat, Rajani Thapa, Bina Shrestha, Sunita Subba - Arye Bhanjhyang.mp3",Ram Thapa,601,Aye Maya,Babin Pradhan,60.9,100.0,weak
ram thapa rajani thapa|sero fero salam chha,"Ram Thapa, Rajani Thapa",Sero Fero Salam Chha,298.0,1,"Ram Thapa, Rajani Thapa - Sero Fero Salam Chha.mp3",Ram Thapa,2906,Sero Fero Salam Chaa mero,Ram Thapa,85.7,100.0,probable
ram thapa shishir geeta devi bishwori devi|mayalai samjhera,"Ram Thapa Shishir, Geeta Devi, Bishwori Devi",Mayalai Samjhera,287.0,1,"Ram Thapa Shishir, Geeta Devi, Bishwori Devi - Mayalai Samjhera.mp3",Ram Thapa,1202,Malai Mera Ma,Easy Is Easy,75.9,100.0,weak
ram thapa sunita subba|takdirma chhaina,"Ram Thapa, Sunita Subba",Takdirma Chhaina,229.0,1,"Ram Thapa, Sunita Subba - Takdirma Chhaina.mp3",Ram Thapa,194,Chhaina,Albatross,100.0,100.0,strong
ram thapa tara thapa|sasu jwain,"Ram Thapa, Tara Thapa",Sasu Jwain,272.0,1,"Ram Thapa, Tara Thapa - Sasu Jwain.mp3",Ram Thapa,1673,Satau Janma,Kamal Khatri,66.7,100.0,weak
ram thapa tika bhandari|rinke bungko,"Ram Thapa, Tika Bhandari",Rinke Bungko,286.0,1,"Ram Thapa, Tika Bhandari - Rinke Bungko.mp3",Ram Thapa,,,,56.0,100.0,weak
ram thapa|barko chhaya pipalu,Ram Thapa,Barko Chhaya Pipalu,250.0,1,Ram Thapa - Barko Chhaya Pipalu.mp3,Ram Thapa,2560,Pipal Chheuma Bar,"Prabisha Adhikari, Roshan Singh",77.8,100.0,weak
ram thapa|chautarima bar,Ram Thapa,Chautarima Bar,310.0,1,Ram Thapa - Chautarima Bar.mp3,Ram Thapa,470,Chautarima,Aruna Lama,100.0,100.0,strong
ram thapa|chiso bataas,Ram Thapa,Chiso Bataas,287.0,1,Ram Thapa - Chiso Bataas.mp3,Ram Thapa,859,Chiso Chiso,Brijesh Shrestha & Hakim,100.0,100.0,strong
ram thapa|damfuko talma,Ram Thapa,Damfuko Talma,220.0,1,Ram Thapa - Damfuko Talma.mp3,Ram Thapa,3070,A Hoi Damfuko Taalma,"Sajan Rai, Radha Rai, Pawan Rai",78.8,100.0,probable
ram thapa|dhintin nakadhin jormadal,Ram Thapa,Dhintin Nakadhin Jormadal,188.0,1,Ram Thapa - Dhintin Nakadhin Jormadal.mp3,Ram Thapa,,,,53.7,100.0,weak
ram thapa|joor joor madal,Ram Thapa,Joor Joor Madal,312.0,1,Ram Thapa - Joor Joor Madal.mp3,Ram Thapa,493,Pohor Saal,Aruna Lama,70.0,100.0,weak
ram thapa|kancho suntala,Ram Thapa,Kancho Suntala,296.0,1,Ram Thapa - Kancho Suntala.mp3,Ram Thapa,3110,Suna Kaanchi,Sajjan Raj Vaidya,76.9,100.0,weak
ram thapa|kasti baiguni,Ram Thapa,Kasti Baiguni,303.0,1,Ram Thapa - Kasti Baiguni.mp3,Ram Thapa,712,Baiguni,Bibash Jk,100.0,100.0,strong
ram thapa|lekali ho,Ram Thapa,Lekali Ho Remix,303.0,1,Ram Thapa - Lekali Ho Remix.mp3,Ram Thapa,1469,Lekali Hey Choyako Doko,Harish Mathema,80.0,100.0,probable
ram thapa|maya timi,Ram Thapa,Maya Timi,211.0,1,Ram Thapa - Maya Timi.mp3,Ram Thapa,141,Sathi Ho Timi Maya,Aditi Paul,100.0,100.0,strong
ram thapa|mutu mero,Ram Thapa,Mutu Mero,288.0,1,Ram Thapa - Mutu Mero.mp3,Ram Thapa,722,Khali Chhaina Mero Mutu,Bihe Pass,100.0,100.0,strong
ram thapa|nakkali kanchi,Ram Thapa,Nakkali Kanchi,277.0,1,Ram Thapa - Nakkali Kanchi.mp3,Ram Thapa,1559,Kanchi,Jay Author,100.0,100.0,strong
ram thapa|o mayalu,Ram Thapa,O Mayalu,258.0,1,Ram Thapa - O Mayalu.mp3,Ram Thapa,56,Mayalu Mayalu,1974 AD,100.0,100.0,strong
ram thapa|priya timilai,Ram Thapa,Priya Timilai,240.0,1,Ram Thapa - Priya Timilai.mp3,Ram Thapa,1043,Priya,Deepak Bajracharya,100.0,100.0,strong
ram thapa|priyesi,Ram Thapa,Priyesi,325.0,1,Ram Thapa - Priyesi.mp3,Ram Thapa,1951,Priyesi,Mantra Band,100.0,100.0,strong
rambabu raja|birgaunj ko keta kanchhi hensom hola,Rambabu Raja,Birgaunj Ko Keta Kanchhi Hensom Hola,206.0,1,Rambabu Raja - Birgaunj Ko Keta Kanchhi Hensom Hola.mp3,Kanchhi,420,Kanchhi,Anuprastha,100.0,72.7,weak
rambabu raja|kanchhi mero ghar birgunj parsa jila chh,Rambabu Raja,Kanchhi Mero Ghar Birgunj Parsa Jila Chh,166.0,1,Rambabu Raja - Kanchhi Mero Ghar Birgunj Parsa Jila Chh.mp3,Kanchhi,420,Kanchhi,Anuprastha,100.0,72.7,weak
rambabu raja|timi nighti ma kanchhi sexsi hot lage ko,Rambabu Raja,Timi Nighti Ma Kanchhi Sexsi Hot Lage Ko,179.0,1,Rambabu Raja - Timi Nighti Ma Kanchhi Sexsi Hot Lage Ko.mp3,Kanchhi,420,Kanchhi,Anuprastha,100.0,72.7,weak
ramesh beatzs|galli sadak vten offical song,Ramesh Beatzs,Galli Sadak VTEN Offical song,0.0,1,Galli Sadak VTEN Offical song.m4a,VTEN,3980,Galli Sadak,VTEN,100.0,63.2,weak
ramesh beatzs|vten crmnl samir ghising,Ramesh Beatzs,VTEN - CRMNL (OFFICIAL SONG) SAMIR GHISING,0.0,1,VTEN - CRMNL (OFFICIAL SONG) SAMIR GHISING.m4a,VTEN,1391,VTEN - CRMNL,Genius Romanizations,100.0,63.2,weak
ramesh kadel melina rai|selfi photo babal cha,"Ramesh Kadel, Melina Rai",Selfi Photo Babal Cha,278.0,1,"Ramesh Kadel, Melina Rai - Selfi Photo Babal Cha.mp3",Melina Rai,2402,Siran Ma Photo Cha,Nepathya,71.8,100.0,weak
ramesh pathak melina rai|k garne k garne,"Ramesh Pathak, Melina Rai",K Garne K Garne,79.0,1,"Ramesh Pathak, Melina Rai - K Garne K Garne.mp3",Melina Rai,922,K Garne Life Ma,Chirag Khadka,100.0,100.0,strong
ramilu97|othako rato lali chahidena,ramilu97,Othako Rato Lali Chahidena,250.0,1,Othako Rato Lali Chahidena.m4a,Jhalko Lali Othako,1133,Khulaudai Othama Lali,Dipak Limbu,63.8,44.4,none
ramkumar singh|bhan deu kanchhi i love you,Ramkumar Singh,Bhan Deu Kanchhi I Love You,202.0,1,Ramkumar Singh - Bhan Deu Kanchhi I Love You.mp3,Kanchhi,267,I Love You,Anil Singh,100.0,69.0,weak
ramsharan nepali|beli ra chameli,Ramsharan Nepali,Beli Ra Chameli,300.0,1,Ramsharan Nepali - Beli Ra Chameli.mp3,nepali,3329,Jhili Ra Mili,Sindhu Malla,64.3,75.9,none
rana partab|sajjan kaale dil de,Rana Partab,Sajjan Kaale Dil De,286.0,1,Rana Partab - Sajjan Kaale Dil De.mp3,Sajjan,357,Aye Dil,Ankit Tiwari,60.0,70.0,none
ranjan rashik sahani dilip|bhasan ka aanand lijiy,"Ranjan Rashik, Sahani Dilip",Bhasan Ka Aanand Lijiy,207.0,1,"Ranjan Rashik, Sahani Dilip - Bhasan Ka Aanand Lijiy.mp3",Sahani Dilip,100,Nakkali Nabhana Malai,Aarati Khadka,60.5,59.6,none
ranjit kumar melina rai|mero man choreu ni,"Ranjit Kumar, Melina Rai",Mero Man Choreu Ni,214.0,1,"Ranjit Kumar, Melina Rai - Mero Man Choreu Ni.mp3",Melina Rai,507,Yo Man Mero,Aruna Lama,84.2,100.0,probable
ranjit nepali|namari 500 ke,Ranjit Nepali,Namari 500 Ke,159.0,1,Ranjit Nepali - Namari 500 Ke.mp3,nepali,,,,56.0,71.4,none
rap k|sley ft bob g taxi mp3cut net,rap.k,"Sley..ft Bob - G, Taxi (mp3cut.net)",0.0,1,"Sley..ft Bob - G, Taxi (mp3cut.net).mp3",G-BOB Nepali rap,,,,50.0,57.1,none
rashmi yogini|he shiv shankar kaha chhupe ho,Rashmi Yogini,He Shiv Shankar Kaha Chhupe Ho,303.0,1,Rashmi Yogini - He Shiv Shankar Kaha Chhupe Ho.mp3,Shiv Shankar,1543,Shankar Bhole,Ishwor Krishna Bhurtel,70.0,64.0,weak
rasleen kaur bahadur singh eknoor kaur|deho daras man chao rasleen kaur,"Rasleen Kaur, Bahadur Singh, Eknoor Kaur",Deho Daras Man Chao - Rasleen Kaur,0.0,1,Deho Daras Man Chao - Rasleen Kaur.m4a,Man Bahadur Gandarbha,,,,58.8,66.7,none
ravi kasana|mere shiv shankar bholenath,Ravi Kasana,Mere Shiv Shankar Bholenath,252.0,1,Ravi Kasana - Mere Shiv Shankar Bholenath.mp3,Shiv Shankar,1543,Shankar Bhole,Ishwor Krishna Bhurtel,70.0,66.7,weak
ravi kasana|shiv shankar bhole bandari,Ravi Kasana,Shiv Shankar Bhole Bandari,163.0,1,Ravi Kasana - Shiv Shankar Bhole Bandari.mp3,Shiv Shankar,1543,Shankar Bhole,Ishwor Krishna Bhurtel,100.0,66.7,weak
ravi mhrz|phool ko aankhama aani choying dolma,Ravi Mhrz,Phool Ko Aankhama - Aani Choying Dolma,0.0,1,Phool Ko Aankhama - Aani Choying Dolma.mp3,Phool Ko Mala,259,Phool Ko Aankhama,Ani Choying Dolma,100.0,63.2,weak
ravi mhrz|phool ko ankhama track,Ravi Mhrz,Phool Ko Ankhama Track,0.0,1,Phool Ko Ankhama Track.m4a,Phool Ko Mala,3465,Phool,Sujan Chapagain,100.0,63.2,weak
ravi prakash ji gautam babu|mati kore gelo ham khetwa ke orwa,"Ravi Prakash Ji, Gautam Babu",Mati Kore Gelo Ham Khetwa Ke Orwa,290.0,1,"Ravi Prakash Ji, Gautam Babu - Mati Kore Gelo Ham Khetwa Ke Orwa.mp3",Gautam Babu,,,,56.5,73.7,none
ravindra bhatt|shiv shankar bhole,Ravindra Bhatt,SHIV SHANKAR BHOLE,404.0,1,Ravindra Bhatt - SHIV SHANKAR BHOLE.mp3,Shiv Shankar,1543,Shankar Bhole,Ishwor Krishna Bhurtel,100.0,76.2,probable
raza bhatti qaiser kandara feat raza fida|sada v pakistan aa 2 0,"Raza Bhatti, Qaiser Kandara feat. Raza Fida",Sada V Pakistan Aa 2.0,269.0,1,"Raza Bhatti, Qaiser Kandara feat. Raza Fida - Sada V Pakistan Aa 2.0.mp3",Kandara,,,,54.1,100.0,weak
raza|mantra of avalokiteshvara,Raza,Mantra of Avalokiteshvara,352.0,1,Raza - Mantra of Avalokiteshvara.mp3,Mantra Of Avalokiteshvara,1545,Mantra,Jacob Tillberg,100.0,72.7,weak
rdc nagpuri|nagpuri songs jharkhand,RDC Nagpuri,Nagpuri Songs Jharkhand 2015 | Sun Ge Budhi Mama | Hamar Bahu Khoj De | Nagpuri Khortha Songs,310.0,1,Nagpuri Songs Jharkhand 2015 ｜ Sun Ge Budhi Mama ｜ Hamar Bahu Khoj De ｜ Nagpuri Khortha Songs.m4a,Chhori Budhi,,,,54.5,56.0,none
realzyanigh|zyanigh river man ft everton bahadur young,RealZyanigh,Zyanigh - River Man ft Everton Bahadur Young,0.0,1,Zyanigh - River Man ft Everton Bahadur Young.mp3,Man Bahadur Gandarbha,,,,56.0,53.8,none
rebel entertainment|maitighar anju pant ft hema shrestha,Rebel Entertainment,Maitighar - Anju Pant ft. Hema Shrestha,255.0,1,Maitighar - Anju Pant ft. Hema Shrestha.m4a,Maiti Ghar,,,,57.1,53.3,none
rekha garg|shiv shankar bhole tera damru bole,Rekha Garg,Shiv Shankar Bhole Tera Damru Bole,306.0,1,Rekha Garg - Shiv Shankar Bhole Tera Damru Bole.mp3,Shiv Shankar,1543,Shankar Bhole,Ishwor Krishna Bhurtel,100.0,70.0,weak
release topic|aviyukta,Release - Topic,Aviyukta,362.0,1,Aviyukta.m4a,Aidray Nepali rap,,,,57.1,77.8,none
release topic|finally bhetiyo,Release - Topic,Finally Bhetiyo,239.0,1,Finally Bhetiyo.m4a,G-BOB Nepali rap,1912,Viral Bhaidiyo,Manas Raj,62.1,77.8,none
release topic|milena level tero bau bola,Release - Topic,Milena Level Tero Bau Bola (Live),212.0,1,Milena Level Tero Bau Bola (Live).m4a,G-BOB Nepali rap,2858,Daiba Tero Maya ko Khola le,Ram Krishna Dhakal,64.2,77.8,none
reshami nepali|nepal ke shan,Reshami Nepali,Nepal Ke Shan,219.0,1,Reshami Nepali - Nepal Ke Shan.mp3,nepali,2944,Nepal Nepal,Robin Tamang,100.0,72.0,weak
rigden nadik yabesh thapa|kina pawtauchau,"RIGDEN NADIK, Yabesh Thapa",Kina Pawtauchau?,150.0,1,"RIGDEN NADIK, Yabesh Thapa - Kina Pawtauchau_.mp3",Yabesh Thapa,862,KINA,Brisk timos,100.0,100.0,strong
rizal singh melina rai|muskurau,"Rizal Singh, Melina rai",Muskurau,289.0,1,"Rizal Singh, Melina rai - Muskurau.mp3",Melina Rai,560,Muskuraye,Astha Tamang-Maskey,82.4,100.0,probable
rizky akbar|ws rendra burung kondor jhon the bronx 3gpp,Rizky Akbar,WS Rendra - Burung Kondor (Jhon The Bronx Cover).3gpp,0.0,1,WS Rendra - Burung Kondor (Jhon The Bronx Cover).3gpp.mp3,Ambar Gurung,,,,49.2,63.6,none
rizwan sohna|lajpal sajjan,Rizwan Sohna,Lajpal Sajjan,236.0,1,Rizwan Sohna - Lajpal Sajjan.mp3,Sajjan,1658,Lajalu Muskaan le,Kalind,66.7,63.6,weak
rj official rj official|mere gaon mein hai ek meri budhi man army,RJ official RJ official,🇮🇳mere gaon mein hai ek Meri budhi man army🇮🇳,146.0,1,🇮🇳mere gaon mein hai ek Meri budhi man army🇮🇳.m4a,Chhori Budhi,1226,Aa Hai,Ekdev Limbu,66.7,100.0,weak
rn music official|ful ma ful mauri rn music official m v,RN music official,"(FUL MA FUL MAURI)- RN MUSIC official m/v 2025 prod,@dizzlad-beats-instrumentals",254.0,1,"(FUL MA FUL MAURI)- RN MUSIC official m⧸v 2025 prod,@dizzlad-beats-instrumentals.m4a",Fulbari rapper,3773,Ma,The Shadows 'Nepal',100.0,100.0,strong
robin and the new revolution|freedom and liberty,Robin and the New Revolution,Freedom and Liberty,235.0,1,Robin and the New Revolution - Freedom and Liberty.mp3,Robin and the New Revolution,,,,48.6,60.0,none
robin and the new revolution|jawaaf,Robin And The New Revolution,Jawaaf,249.0,1,Robin And The New Revolution - Jawaaf.mp3,Robin and the New Revolution,191,Bhawana,Albatross,61.5,60.0,none
robin and the new revolution|muglan,Robin And The New Revolution,Muglan,252.0,1,Robin And The New Revolution - Muglan.mp3,Robin and the New Revolution,3207,Muglan,Sanjeev Singh,100.0,60.0,weak
robin and the new revolution|parisian girl,Robin And The New Revolution,Parisian Girl,240.0,1,Robin And The New Revolution - Parisian Girl.mp3,Robin and the New Revolution,3200,Pari Ki Rani,Sanjeep Pradhan,64.0,60.0,none
robin and the new revolution|shine on me,Robin And The New Revolution,Shine On Me,370.0,1,Robin And The New Revolution - Shine On Me.mp3,Robin and the New Revolution,668,Si Ma Na,Bartika Eam Rai,63.2,60.0,none
robin and the new revolution|swantantra jiwan,Robin And The New Revolution,Swantantra Jiwan,246.0,1,Robin And The New Revolution - Swantantra Jiwan.mp3,Robin and the New Revolution,8,Jiwan,,100.0,60.0,weak
robin and the new revolution|timro din,Robin And The New Revolution,Timro Din,230.0,1,Robin And The New Revolution - Timro Din.mp3,Robin and the New Revolution,419,Din,Anuprastha,100.0,60.0,weak
robin and the new revolution|usa,Robin And The New Revolution,USA,237.0,1,Robin And The New Revolution - USA.mp3,Robin and the New Revolution,258,Muskan,Ani Choying Dolma,66.7,60.0,weak
robin wagle|robin wagle trio maathi gumba,Robin Wagle,Robin Wagle Trio : Maathi Gumba,417.0,1,Robin Wagle Trio ： Maathi Gumba.m4a,Danda Ko Gumba,,,,59.6,69.6,none
robinson kansakar|phool ko aankhama phoolai sansara,Robinson Kansakar,Phool ko Aankhama phoolai sansara,0.0,1,Phool ko Aankhama phoolai sansara.mp3,Phool Ko Mala,259,Phool Ko Aankhama,Ani Choying Dolma,100.0,60.0,weak
rohan production|hatsingimari to fulbari rap song____ please subscribe my channel__ rohan production__,Rohan Production,Hatsingimari to Fulbari Rap Song____! ! Please Subscribe my channel__ Rohan Production__!,201.0,1,Hatsingimari to Fulbari Rap Song____! ! Please Subscribe my channel__ Rohan Production__!.m4a,Fulbari rapper,,,,46.3,61.5,none
rohit bhandari|shiv shankar chale kailash,Rohit Bhandari,Shiv Shankar Chale Kailash,275.0,1,Rohit Bhandari - Shiv Shankar Chale Kailash.mp3,Shiv Shankar,1543,Shankar Bhole,Ishwor Krishna Bhurtel,70.0,92.9,weak
rohit shakya sajjan raj vaidya|mellow,"Rohit Shakya, Sajjan Raj Vaidya",Mellow,216.0,1,"Rohit Shakya, Sajjan Raj Vaidya - Mellow.mp3",Sajjan Raj Vaidya,2989,Mellow,Rohit Shakya & Sajjan Raj Vaidya,100.0,100.0,strong
rohit tiwari baba|shiv shankar damru wale,Rohit Tiwari Baba,Shiv Shankar Damru Wale,259.0,1,Rohit Tiwari Baba - Shiv Shankar Damru Wale.mp3,Shiv Shankar,2067,Om Jaya Shiva Shankar,"Mira Rana, Dwarika Lal Joshi",72.7,70.6,weak
roj moktan|dadama gumba chautari,Roj Moktan,Dadama Gumba Chautari,276.0,1,Dadama Gumba Chautari.m4a,Danda Ko Gumba,2746,Chautari,Rachana Rimal,100.0,75.0,probable
ronmessrajukandel|uniq poet mero desh birami,Ronmessrajukandel,Uniq Poet - Mero Desh Birami (Prod. By Reverb Dust) (1080p),0.0,1,Uniq Poet - Mero Desh Birami (Prod. By Reverb Dust) (1080p).m4a,Uniq Poet,1387,Uniq Poet - Mero Desh Birami,Genius Romanizations,100.0,46.7,weak
ronmessrajukandel|uth aghi badh kavi g uniq poet brhymin m4a,Ronmessrajukandel,"Uth Aghi Badh - Kavi G, Uniq Poet, Brhymin.m4a",0.0,1,"Uth Aghi Badh - Kavi G, Uniq Poet, Brhymin.m4a.mp3",Uniq Poet,,,,52.9,46.7,none
ronnyj tha god|chirag singh khadka aka 5 55 haasa instrumental,RonnyJ-Tha God,Chirag Singh Khadka Aka. 5:55 - Haasa - Instrumental ( Prod. RollerX ). ( Remake. Avishek ).,0.0,1,Chirag Singh Khadka Aka. 5_55 - Haasa - Instrumental ( Prod. RollerX ). ( Remake. Avishek )..m4a,Chirag Khadka,914,5:55 Haasa,Chirag Khadka,100.0,58.3,weak
roshan raut|bhatar ha nepali sakhi phune na kare,Roshan Raut,Bhatar Ha Nepali Sakhi Phune Na Kare,235.0,1,Roshan Raut - Bhatar Ha Nepali Sakhi Phune Na Kare.mp3,nepali,207,Nepali,Albatross,100.0,76.2,probable
roslynamiss|resham firiri by natraj,roslynamiss,Resham Firiri by Natraj,0.0,1,Resham Firiri by Natraj.m4a,Resham Firiri,1650,Resham Firiri,Kali Prasad Baskota,100.0,52.2,weak
rowsanoffical|ng maan new nepz guru,Rowsanoffical,NG - Maan   New Nepali Rap Song   Nepz Guru,0.0,1,NG - Maan   New Nepali Rap Song   Nepz Guru.mp3,G-BOB Nepali rap,3819,Yo Maan,Trishala Gurung,72.7,66.7,weak
rowsanoffical|uni s by ng rap,Rowsanoffical,'Uni 'Nepali Songs By NG(2016 Rap ),0.0,1,'Uni 'Nepali Songs By NG(2016 Rap ).mp3,G-BOB Nepali rap,,,,58.8,66.7,none
ruaf sajjan|yaar layyah da,Ruaf Sajjan,Yaar Layyah Da,320.0,1,Ruaf Sajjan - Yaar Layyah Da.mp3,Sajjan,3788,Yadai Yad Ma,"Tika Pun, Ramji Khand",61.5,70.6,none
rubin kumar shrestha ralph thomas pramod upadhyaya shyam nepali sylvia patricia|alvorada,"Rubin Kumar Shrestha, Ralph Thomas, Pramod Upadhyaya, Shyam Nepali & Sylvia Patricia",Alvorada,280.0,1,"Rubin Kumar Shrestha, Ralph Thomas, Pramod Upadhyaya, Shyam Nepali & Sylvia Patricia - Alvorada.mp3",nepali,2457,Mal Mal Raja,Nishan Bhattarai and Asmita Adhikari,62.5,77.8,none
rupak khadka|yama buddha paisa,RuPak Khadka,Yama Buddha  Paisa Prod By Nasty [Album Khatra],0.0,1,Yama Buddha  Paisa Prod By Nasty [Album Khatra].m4a,Yama Buddha,4076,Paisa,Yama Buddha,100.0,75.0,probable
rupinder aujla|sajjan,Rupinder Aujla,Sajjan,221.0,1,Rupinder Aujla - Sajjan.mp3,Sajjan,1366,Sajjan Raj Vaidya - Chitthi Bhitra,Genius Romanizations,100.0,59.3,weak
s collection|salaijo macchapuchhre sirai ma fewa tal by tilak bom malla,Nepali Songs Collection,Salaijo : Macchapuchhre Sirai ma fewa tal by Tilak bom Malla,0.0,1,Salaijo ： Macchapuchhre Sirai ma fewa tal by Tilak bom Malla.m4a,Salaijo,3773,Ma,The Shadows 'Nepal',100.0,54.5,weak
s d yogi melina rai|curly curly kapal,S.D. Yogi & Melina Rai,Curly Curly Kapal,200.0,1,S.D. Yogi & Melina Rai - Curly Curly Kapal.mp3,Melina Rai,2035,Curly Curly Kapal,"Melina Rai, SD Yogi",100.0,100.0,strong
s2 production|mustange nani bishwo dong,S2 PRODUCTION,Mustange Nani - Bishwo Dong | Tamang Selo | New Nepali Song | Official Music Video,279.0,1,Mustange Nani - Bishwo Dong ｜ Tamang Selo ｜ New Nepali Song ｜ Official Music Video.m4a,Sailo Ma Charghare,,,,59.1,48.0,none
saayen beats|vten ft gbob khel,Saayen Beats,VTEN Ft. GBOB - Khel (Music Video) || Prod. By Sik Music ||,162.0,1,VTEN Ft. GBOB - Khel (Music Video) ｜｜ Prod. By Sik Music ｜｜.m4a,G-BOB Nepali rap,,,,58.3,58.3,none
sabi singh|sajjan,Sabi Singh,Sajjan,194.0,1,Sabi Singh - Sajjan.mp3,Sajjan,1366,Sajjan Raj Vaidya - Chitthi Bhitra,Genius Romanizations,100.0,80.0,probable
sabin rai the pharaoh|dhanyavaad,"Sabin Rai, The Pharaoh",Dhanyavaad,258.0,1,"Sabin Rai, The Pharaoh - Dhanyavaad.mp3",Sabin Rai,3033,Dhanyavaad,Sabin Rai & The Pharaoh,100.0,100.0,strong
sabin rai the pharaoh|nilo chata,"Sabin Rai, The Pharaoh",Nilo Chata,310.0,1,"Sabin Rai, The Pharaoh - Nilo Chata.mp3",Sabin Rai,3036,Nilo Chata,Sabin Rai & The Pharaoh,100.0,100.0,strong
sabin rai the pharaoh|paisa,"Sabin Rai, The Pharaoh",Paisa,186.0,1,"Sabin Rai, The Pharaoh - Paisa.mp3",Sabin Rai,4076,Paisa,Yama Buddha,100.0,100.0,strong
sabin rai the pharaoh|raftaar,"Sabin Rai, The Pharaoh",Raftaar,262.0,1,"Sabin Rai, The Pharaoh - Raftaar.mp3",Sabin Rai,3364,Rapstar,ST MAN,71.4,100.0,weak
sabin rai the pharaoh|samarpan,"Sabin Rai, The Pharaoh",Samarpan,227.0,1,"Sabin Rai, The Pharaoh - Samarpan.mp3",Sabin Rai,3026,Samarpan,Sabin Rai,100.0,100.0,strong
sabin rai the pharaoh|samjhanchu,"Sabin Rai, The Pharaoh",Samjhanchu,274.0,1,"Sabin Rai, The Pharaoh - Samjhanchu.mp3",Sabin Rai,3028,Samjhanchu Ajhai Ma,Sabin Rai,100.0,100.0,strong
sabin rai the pharaoh|sutukka,"Sabin Rai, The Pharaoh",Sutukka,284.0,1,"Sabin Rai, The Pharaoh - Sutukka.mp3",Sabin Rai,1995,Sunita,Mc Flo,61.5,100.0,weak
sabin rai|05samjhana haru lai,sabin rai,05samjhana haru lai,310.0,1,sabin rai - 05samjhana haru lai.mp3,Sabin Rai,1746,Lai Lai,Ketan Chhetri,100.0,100.0,strong
sabin rai|akorinchhu,Sabin Rai,Akorinchhu,270.0,1,Sabin Rai - Akorinchhu.mp3,Sabin Rai,1441,Maridinchu,GXSOUL,70.0,100.0,weak
sabin rai|budhasaubba goldcup song,Sabin Rai,Budhasaubba Goldcup Song,339.0,1,Sabin Rai - Budhasaubba Goldcup Song.mp3,Sabin Rai,3163,Pir Song,Samjhana Bhandari,66.7,100.0,weak
sabin rai|chapali height,Sabin Rai,Chapali Height,223.0,1,Sabin Rai - Chapali Height.mp3,Sabin Rai,226,Changa Chet,Almoda Rana Uprety,64.0,100.0,weak
sabin rai|daya baya,Sabin Rai,Daya Baya,235.0,1,Sabin Rai - Daya Baya.mp3,Sabin Rai,601,Aye Maya,Babin Pradhan,70.6,100.0,weak
sabin rai|due thunga,Sabin Rai,Due Thunga,285.0,1,Sabin Rai - Due Thunga.mp3,Sabin Rai,3008,Dui Thunga,Sabin Rai,90.0,100.0,strong
sabin rai|guranshko fed muni,SABIN RAI,Guranshko Fed Muni,280.0,1,SABIN RAI - Guranshko Fed Muni.mp3,Sabin Rai,3011,Gurash Ko Fed Muni,Sabin Rai,94.4,100.0,strong
sabin rai|guras ko fed muni,Sabin Rai,Guras Ko Fed Muni,371.0,1,Sabin Rai - Guras Ko Fed Muni.mp3,Sabin Rai,3011,Gurash Ko Fed Muni,Sabin Rai,97.1,100.0,strong
sabin rai|guras ko phed muni,Sabin Rai,Guras ko phed muni,297.0,1,Sabin Rai - Guras ko phed muni.mp3,Sabin Rai,3011,Gurash Ko Fed Muni,Sabin Rai,77.8,100.0,weak
sabin rai|gurasha ko feda muni,Sabin Rai,Gurasha Ko Feda Muni,274.0,1,Sabin Rai - Gurasha Ko Feda Muni.mp3,Sabin Rai,4145,Gurasha ko fed muni,गुराँस को फेद मुनि,97.4,100.0,strong
sabin rai|jasma ma ramauchhu,Sabin Rai,Jasma Ma Ramauchhu,198.0,1,Sabin Rai - Jasma Ma Ramauchhu.mp3,Sabin Rai,3773,Ma,The Shadows 'Nepal',100.0,100.0,strong
sabin rai|jau ki basu,Sabin Rai,Jau Ki Basu,335.0,1,Sabin Rai - Jau Ki Basu.mp3,Sabin Rai,3014,Jau ki Basu,Sabin Rai,100.0,100.0,strong
sabin rai|kahan dekhi kahan samma,Sabin Rai,Kahan Dekhi Kahan Samma,275.0,1,Sabin Rai - Kahan Dekhi Kahan Samma.mp3,Sabin Rai,3235,Ooth Dekhi Ooth Samma,Saroj Dutta,81.5,100.0,probable
sabin rai|kalo kalo raat ko,Sabin Rai,Kalo kalo raat ko,287.0,1,Sabin Rai - Kalo kalo raat ko.mp3,Sabin Rai,3804,Kalo,Tribal Rain,100.0,100.0,strong
sabin rai|komal tyo timro,Sabin Rai,Komal Tyo Timro,296.0,1,Sabin Rai - Komal Tyo Timro (2).mp3,Sabin Rai,3017,Komal Tyo Timro,Sabin Rai,100.0,100.0,strong
sabin rai|ma sansar jitne,Sabin Rai,Ma sansar jitne,256.0,1,Sabin Rai - Ma sansar jitne.mp3,Sabin Rai,3018,Ma Sansar Jitne,Sabin Rai,100.0,100.0,strong
sabin rai|malai angali deu,Sabin Rai,Malai Angali Deu,220.0,1,Sabin Rai - Malai Angali Deu.mp3,Sabin Rai,3020,Malai Angali Deu,Sabin Rai,100.0,100.0,strong
sabin rai|maya jalaima,Sabin Rai,Maya Jalaima,201.0,1,Sabin Rai - Maya Jalaima.mp3,Sabin Rai,3021,Maya Jalaima,Sabin Rai,100.0,100.0,strong
sabin rai|mero jiwan,Sabin Rai,Mero Jiwan,330.0,1,Sabin Rai - Mero Jiwan.mp3,Sabin Rai,87,Mero Jiwan,2024,100.0,100.0,strong
sabin rai|samjhana haru lai,Sabin Rai,Samjhana Haru Lai,314.0,1,Sabin Rai - Samjhana Haru Lai.mp3,Sabin Rai,737,Samjhana,Bikki Gurung,100.0,100.0,strong
sabin rai|samjhana haru lie,sabin rai,samjhana haru lie,313.0,1,sabin rai - samjhana haru lie.mp3,Sabin Rai,737,Samjhana,Bikki Gurung,100.0,100.0,strong
sabin rai|sundarta ko,Sabin Rai,Sundarta ko,224.0,1,Sabin Rai - Sundarta ko.mp3,Sabin Rai,3029,Sundarta Ko Timi- Sabin Rai Official,Sabin Rai,100.0,100.0,strong
sabin rai|sundarta ko timi,Sabin Rai,Sundarta Ko Timi,225.0,1,Sabin Rai - Sundarta Ko Timi.mp3,Sabin Rai,752,Timi,Binit Shrestha,100.0,100.0,strong
sabin rai|superhit,Sabin Rai,Superhit,255.0,1,Sabin Rai - Superhit.mp3,Sabin Rai,3996,Superstar,VTEN,70.6,100.0,weak
sabin rai|suruwat,Sabin Rai,Suruwat,294.0,1,Sabin Rai - Suruwat.mp3,Sabin Rai,3580,Suruwat,Suvash Sundas,100.0,100.0,strong
sabin rai|timi nai hau,Sabin Rai,Timi Nai Hau,191.0,1,Sabin Rai - Timi Nai Hau.mp3,Sabin Rai,140,Timi Nai Hau,"Acoustic - Rocken Music, Sabin Rai",100.0,100.0,strong
sabin rai|timro,Sabin Rai,Timro,159.0,1,Sabin Rai - Timro.mp3,Sabin Rai,38,Chhudaina Timro Mayale,1974 AD,100.0,100.0,strong
sabin rai|timro lagi ma,Sabin Rai,Timro Lagi Ma,325.0,1,Sabin Rai - Timro Lagi Ma.mp3,Sabin Rai,131,Timro Lagi,Abhaya and The Steam Injuns,100.0,100.0,strong
sabin rai|yo nepal,Sabin Rai,Yo Nepal,159.0,1,Sabin Rai - Yo Nepal.mp3,Sabin Rai,2944,Nepal Nepal,Robin Tamang,100.0,100.0,strong
sabinajoshi|marna baru phatteman rajbhandari song,sabinajoshi,Marna Baru (Phatteman Rajbhandari Cover Song),0.0,1,Marna Baru (Phatteman Rajbhandari Cover Song).mp3,Phatteman Rajbhandari,2516,Marna baru,Phatteman,100.0,69.6,weak
sac feat shyam nepali|himalaya,Sac feat. Shyam Nepali,Himalaya,309.0,1,Sac feat. Shyam Nepali - Himalaya.mp3,nepali,3957,Maaya,Varsha Thapa,76.9,72.7,weak
sac feat shyam nepali|love of nature,Sac feat. Shyam Nepali,Love of Nature,359.0,1,Sac feat. Shyam Nepali - Love of Nature.mp3,nepali,901,Love Song,Chhewang Lama,61.5,72.7,none
sac feat shyam nepali|once a time,Sac feat. Shyam Nepali,Once a Time,271.0,1,Sac feat. Shyam Nepali - Once a Time (2).mp3,Sac feat. Shyam Nepali,214,Timi Bhane,Albatross,66.7,72.7,weak
sac feat shyam nepali|sarangi soul,Sac feat. Shyam Nepali,Sarangi & Soul,262.0,1,Sac feat. Shyam Nepali - Sarangi & Soul.mp3,nepali sarangi,3558,Sarangi,SUshant KC,100.0,72.7,weak
sachin kandara|ambala,Sachin Kandara,AMBALA,111.0,1,Sachin Kandara - AMBALA.mp3,Kandara,2490,Samhala,Oshin Karki,76.9,100.0,weak
sachin kandara|himmat,Sachin Kandara,Himmat,100.0,1,Sachin Kandara - Himmat.mp3,Kandara,3983,Himmat,VTEN,100.0,100.0,strong
saddam hussain qadri|sajjan tur gaye ronaq tur gai,Saddam Hussain Qadri,Sajjan Tur Gaye Ronaq Tur Gai,359.0,1,Saddam Hussain Qadri - Sajjan Tur Gaye Ronaq Tur Gai.mp3,Sajjan,,,,59.1,54.1,none
sadhana sargam prakash shrestha|kina timi aaja yesto,"Sadhana Sargam, Prakash Shrestha",Kina Timi Aaja Yesto,333.0,1,"Sadhana Sargam, Prakash Shrestha - Kina Timi Aaja Yesto.mp3",Prakash Shrestha,144,Aaja,Adrian Pradhan,100.0,100.0,strong
safalta shrestha|ma hu nepali,SAFALTA SHRESTHA,Ma Hu Nepali,243.0,1,SAFALTA SHRESTHA - Ma Hu Nepali.mp3,nepali,207,Nepali,Albatross,100.0,81.2,probable
safalta shrestha|maya deshlai,SAFALTA SHRESTHA,Maya Deshlai,250.0,1,SAFALTA SHRESTHA - Maya Deshlai.mp3,SAFALTA SHRESTHA,526,Maya,Ashutosh KC,100.0,81.2,probable
safic official|walking firiri gorkhali takma band hd,Safic Official,WALKING FIRIRI - GORKHALI TAKMA BAND (OFFICIAL MUSIC VIDEO) HD,243.0,1,WALKING FIRIRI - GORKHALI TAKMA BAND (OFFICIAL MUSIC VIDEO) HD.m4a,Resham Firiri,1430,Walking Firiri,Gorkhali Takma,100.0,100.0,strong
sagar dahal|sagar x aidray x royal flo bhulna khoje official audio,Sagar Dahal,"SAGAR X AIDRAY X ROYAL FLO' ""BHULNA KHOJE""[ OFFICIAL AUDIO] 2016",251.0,1,SAGAR X AIDRAY X ROYAL FLO' ＂BHULNA KHOJE＂[ OFFICIAL AUDIO] 2016.m4a,Aidray Nepali rap,210,Sagar,Albatross,100.0,81.8,probable
sagar katwal|chirag khadka x juice wrld type beat 1,Sagar Katwal,chirag khadka x juice wrld type beat 1,0.0,1,chirag khadka x juice wrld type beat 1.mp3,Chirag Khadka,1335,Chirag Khadka - Samadhi,Genius Romanizations,76.5,72.7,weak
saghir ali khan|soon na dendi yaad sajjan di,Saghir Ali Khan,Soon Na Dendi Yaad Sajjan Di,291.0,1,Saghir Ali Khan - Soon Na Dendi Yaad Sajjan Di.mp3,Sajjan,2487,Yaad Gara,Om Bikram Bista,61.5,72.7,none
sahani dilip madhuri yadav|dekhao tani dhoriya ughar ke,"Sahani Dilip, Madhuri Yadav",Dekhao Tani Dhoriya Ughar Ke,173.0,1,"Sahani Dilip, Madhuri Yadav - Dekhao Tani Dhoriya Ughar Ke.mp3",Sahani Dilip,,,,57.7,54.8,none
sahani dilip ranjan rashik|coaching me aili sarswati mai,"Sahani Dilip, Ranjan Rashik",Coaching Me Aili Sarswati Mai,152.0,1,"Sahani Dilip, Ranjan Rashik - Coaching Me Aili Sarswati Mai.mp3",Sahani Dilip,,,,58.3,59.6,none
sahani dilip|aaj aavtare nandosiya,Sahani Dilip,Aaj Aavtare Nandosiya,282.0,1,Sahani Dilip - Aaj Aavtare Nandosiya.mp3,Sahani Dilip,,,,56.4,64.0,none
sahani dilip|bhangiya dhatura chadhaibo baba,Sahani Dilip,Bhangiya Dhatura Chadhaibo Baba,194.0,1,Sahani Dilip - Bhangiya Dhatura Chadhaibo Baba.mp3,Sahani Dilip,2372,Ho Ho Baba Ho Ho,Nepathya,72.7,64.0,weak
sahani dilip|binna chumma lele piyava deuti nahi jale re,Sahani Dilip,Binna Chumma Lele Piyava Deuti Nahi Jale Re,214.0,1,Sahani Dilip - Binna Chumma Lele Piyava Deuti Nahi Jale Re.mp3,Sahani Dilip,,,,53.3,64.0,none
sahani dilip|bole ke sikha da nepali,Sahani Dilip,Bole Ke Sikha Da Nepali,182.0,1,Sahani Dilip - Bole Ke Sikha Da Nepali.mp3,nepali,207,Nepali,Albatross,100.0,64.0,weak
sahani dilip|chal jayebu apna piya ke duyara,Sahani Dilip,Chal Jayebu Apna Piya Ke Duyara,207.0,1,Sahani Dilip - Chal Jayebu Apna Piya Ke Duyara.mp3,Sahani Dilip,,,,55.6,64.0,none
sahani dilip|google bata da maal mare ke tarika,Sahani Dilip,Google Bata Da Maal Mare Ke Tarika,214.0,1,Sahani Dilip - Google Bata Da Maal Mare Ke Tarika.mp3,Sahani Dilip,619,Yo Honi Tarika,"Babul Giri, Junu Rijal Kafle",60.0,64.0,none
sahani dilip|he bhole dani chahi sunar janani,Sahani Dilip,He Bhole Dani Chahi Sunar Janani,193.0,1,Sahani Dilip - He Bhole Dani Chahi Sunar Janani.mp3,Sahani Dilip,3427,Chahi Sake,Sugam Pokhrel,66.7,64.0,weak
sahani dilip|lahaga me lagave skal,Sahani Dilip,Lahaga Me Lagave Skal,250.0,1,Sahani Dilip - Lahaga Me Lagave Skal.mp3,Sahani Dilip,,,,57.1,64.0,none
sahani dilip|laika kara da jawa ho,Sahani Dilip,Laika Kara Da Jawa Ho,216.0,1,Sahani Dilip - Laika Kara Da Jawa Ho.mp3,Sahani Dilip,,,,57.9,64.0,none
sahani dilip|motihari ke laika se dhodhi chatvale,Sahani Dilip,Motihari Ke Laika Se Dhodhi Chatvale,203.0,1,Sahani Dilip - Motihari Ke Laika Se Dhodhi Chatvale.mp3,Sahani Dilip,,,,57.1,64.0,none
sahani dilip|mujjafar pur ke nichi 2,Sahani Dilip,Mujjafar Pur Ke Nichi 2,216.0,1,Sahani Dilip - Mujjafar Pur Ke Nichi 2.mp3,Sahani Dilip,,,,53.7,64.0,none
sahani dilip|ranga ta dewara dhodi ke,Sahani Dilip,Ranga Ta Dewara Dhodi Ke,188.0,1,Sahani Dilip - Ranga Ta Dewara Dhodi Ke.mp3,Sahani Dilip,16,Ranga,,100.0,64.0,weak
sahani dilip|rangdar ke sardar hai,Sahani Dilip,Rangdar Ke Sardar Hai,198.0,1,Sahani Dilip - Rangdar Ke Sardar Hai.mp3,Sahani Dilip,1226,Aa Hai,Ekdev Limbu,66.7,64.0,weak
sahani dilip|tohara kajra me hamar dil,Sahani Dilip,Tohara Kajra Me Hamar Dil,205.0,1,Sahani Dilip - Tohara Kajra Me Hamar Dil.mp3,Sahani Dilip,3490,Thara Dinchhau Ra?,Suman Thapa Magar,61.9,64.0,none
sain saaqi|dilri luti tein yaar sajjan,Sain Saaqi,Dilri Luti Tein Yaar Sajjan,376.0,1,Sain Saaqi - Dilri Luti Tein Yaar Sajjan.mp3,Sajjan,,,,58.6,73.7,none
sain saaqi|udeek sajjan di,Sain Saaqi,Udeek Sajjan Di,295.0,1,Sain Saaqi - Udeek Sajjan Di.mp3,Sajjan,,,,57.1,73.7,none
sajan sanjeev singh mamta singh|phon karabo bhore bhore bajariya ghurabo taare jore,"Sajan Sanjeev singh, MAMTA SINGH",Phon Karabo Bhore Bhore Bajariya Ghurabo Taare Jore,216.0,1,"Sajan Sanjeev singh, MAMTA SINGH - Phon Karabo Bhore Bhore Bajariya Ghurabo Taare Jore.mp3",Sanjeev Singh,,,,50.7,100.0,weak
sajjan adeeb deol harman|tu mere layi,"Sajjan Adeeb, Deol Harman",Tu Mere Layi,196.0,1,"Sajjan Adeeb, Deol Harman - Tu Mere Layi.mp3",Sajjan,948,Mero Lagi,Cobweb,66.7,58.8,weak
sajjan adeeb feat happy raikoti|wang da bhaar,Sajjan Adeeb feat. Happy Raikoti,Wang Da Bhaar,211.0,1,Sajjan Adeeb feat. Happy Raikoti - Wang Da Bhaar.mp3,Sajjan,401,Babari Rang,Anmol Gurung & Ashmita Adhikari,66.7,57.7,weak
sajjan adeeb gill raunta|surm salayi,"Sajjan Adeeb, Gill Raunta",Surm Salayi,146.0,1,"Sajjan Adeeb, Gill Raunta - Surm Salayi.mp3",Sajjan,1538,Sikau Malai,Ishan Onta,63.6,58.5,none
sajjan adeeb mannat noor|ikko jehe,"Sajjan Adeeb, Mannat Noor",Ikko Jehe,192.0,1,"Sajjan Adeeb, Mannat Noor - Ikko Jehe.mp3",Sajjan,,,,57.1,54.5,none
sajjan adeeb marshal|challa tan ni mudeya,"Sajjan Adeeb, Marshal",Challa Tan Ni Mudeya,244.0,1,"Sajjan Adeeb, Marshal - Challa Tan Ni Mudeya.mp3",Sajjan,700,Tan Man Bachan Le,Bhakta Raj Acharya,64.9,60.0,none
sajjan adeeb mixsingh mannat noor|channa ve channa,"Sajjan Adeeb, MixSingh, Mannat Noor",Channa Ve Channa,199.0,1,"Sajjan Adeeb, MixSingh, Mannat Noor - Channa Ve Channa.mp3",Sajjan,226,Changa Chet,Almoda Rana Uprety,70.0,52.2,weak
sajjan adeeb mxrci shayar sadeek|self made,"Sajjan Adeeb, Mxrci, Shayar Sadeek",Self Made,214.0,1,"Sajjan Adeeb, Mxrci, Shayar Sadeek - Self Made.mp3",Sajjan,4140,Almost Made It,ZEROO,61.5,61.3,none
sajjan adeeb shayar sadeek tren d|thank you god,"Sajjan Adeeb, Shayar Sadeek, Tren D",Thank You God,147.0,1,"Sajjan Adeeb, Shayar Sadeek, Tren D - Thank You God.mp3",Sajjan,2412,Shake Your Body,Nepsydez,71.4,54.0,weak
sajjan adeeb tren d singhjeet|naina da kehna,"Sajjan Adeeb, Tren D, Singhjeet",Naina Da Kehna,152.0,1,"Sajjan Adeeb, Tren D, Singhjeet - Naina Da Kehna.mp3",Sajjan,389,Taake Naina,Ankit Tiwari & Jyotica Tangri,72.0,52.2,weak
sajjan adeeb|brown eyes,Sajjan Adeeb,Brown Eyes,177.0,1,Sajjan Adeeb - Brown Eyes.mp3,Sajjan,,,,55.2,66.7,none
sajjan adeeb|challa,Sajjan Adeeb,Challa,145.0,1,Sajjan Adeeb - Challa.mp3,Sajjan,37,Chaya,1974 AD,72.7,66.7,weak
sajjan adeeb|challa tan ni mudeya,Sajjan Adeeb,Challa Tan Ni Mudeya,244.0,1,Sajjan Adeeb - Challa Tan Ni Mudeya.mp3,Sajjan,700,Tan Man Bachan Le,Bhakta Raj Acharya,64.9,66.7,none
sajjan adeeb|gabru badam warga,Sajjan Adeeb,Gabru Badam Warga,157.0,1,Sajjan Adeeb - Gabru Badam Warga.mp3,Sajjan,2062,Kina Garyou Badnam,Mingma Sherpa,68.6,66.7,weak
sajjan adeeb|gori gori,Sajjan Adeeb,Gori Gori,150.0,1,Sajjan Adeeb - Gori Gori.mp3,Sajjan,578,Hey Mori Kali Na Gori,Axix Band,100.0,66.7,weak
sajjan adeeb|jodi jachdi,Sajjan Adeeb,Jodi Jachdi,145.0,1,Sajjan Adeeb - Jodi Jachdi.mp3,Sajjan,1154,Hijo Aja,Dixita Karki,63.2,66.7,none
sajjan adeeb|sade meach da,Sajjan Adeeb,Sade Meach Da,211.0,1,Sajjan Adeeb - Sade Meach Da.mp3,Sajjan,4014,Sadiyeu Dekhi,X-Mantra,61.5,66.7,none
sajjan akbarpuri|ghar gareba de ah maa,Sajjan Akbarpuri,Ghar Gareba De Ah Maa,225.0,1,Sajjan Akbarpuri - Ghar Gareba De Ah Maa.mp3,Sajjan,205,Maa,Albatross,100.0,61.5,weak
sajjan akbarpuri|paawan nagri ayodhya,Sajjan Akbarpuri,Paawan Nagri Ayodhya,218.0,1,Sajjan Akbarpuri - Paawan Nagri Ayodhya.mp3,Sajjan,1191,Badha Parun Jati nai,Dwarika Lal Joshi,60.0,61.5,none
sajjan dhami|churot salkaune,Sajjan Dhami,Churot Salkaune,263.0,1,Sajjan Dhami - Churot Salkaune.mp3,Sajjan,3974,Churot,VTEN,100.0,72.7,weak
sajjan gadi|khudgharzi nahi,Sajjan Gadi,Khudgharzi Nahi,318.0,1,Sajjan Gadi - Khudgharzi Nahi.mp3,Sajjan,1093,Dherai Nai,Dharmendra Sewan,64.0,70.6,none
sajjan gadi|tedi te sadi yari,Sajjan Gadi,Tedi Te Sadi Yari,345.0,1,Sajjan Gadi - Tedi Te Sadi Yari.mp3,Sajjan,2433,Dui Dine Maya,Nima Rumba,60.0,70.6,none
sajjan khan|dil cheer ke dikha du sanam,Sajjan Khan,Dil Cheer Ke Dikha Du Sanam,279.0,1,Sajjan Khan - Dil Cheer Ke Dikha Du Sanam.mp3,Sajjan,357,Aye Dil,Ankit Tiwari,60.0,72.7,none
sajjan khan|jaad ke jogad,Sajjan Khan,Jaad Ke Jogad,142.0,1,Sajjan Khan - Jaad Ke Jogad.mp3,Sajjan,,,,56.2,72.7,none
sajjan khan|motaka gajarawa,Sajjan Khan,Motaka Gajarawa,243.0,1,Sajjan Khan - Motaka Gajarawa.mp3,Sajjan,2415,Lakhau Hajarau (Remix),Nepz Flo',62.1,72.7,none
sajjan kumar jagveer rathi|comentry version 4 version 4,"Sajjan Kumar, Jagveer Rathi",Comentry (Version 4) (Version 4),359.0,1,"Sajjan Kumar, Jagveer Rathi - Comentry (Version 4) (Version 4).mp3",Sajjan,1656,Nira (Rap version),"Kali Prasad Baskota, Mr D",60.9,66.7,none
sajjan kumar jagveer rathi|kon chota,"Sajjan Kumar, Jagveer Rathi",Kon Chota,314.0,1,"Sajjan Kumar, Jagveer Rathi - Kon Chota.mp3",Sajjan,573,Ek Choti,AXIX,70.6,66.7,weak
sajjan kumar jagveer rathi|kunti ne chali,"Sajjan Kumar, Jagveer Rathi",Kunti Ne Chali,279.0,1,"Sajjan Kumar, Jagveer Rathi - Kunti Ne Chali.mp3",Sajjan,2870,Kun Hurali,Ram Krishna Dhakal,66.7,66.7,weak
sajjan kumar jagveer rathi|teri murgayi,"Sajjan Kumar, Jagveer Rathi",Teri Murgayi,366.0,1,"Sajjan Kumar, Jagveer Rathi - Teri Murgayi.mp3",Sajjan,157,Meri Maya,Adrian Pradhan,66.7,66.7,weak
sajjan kumar jagveer rathi|tu kit ki version 1 version 1,"Sajjan Kumar, Jagveer Rathi",Tu Kit Ki (Version 1) (Version 1),186.0,1,"Sajjan Kumar, Jagveer Rathi - Tu Kit Ki (Version 1) (Version 1).mp3",Sajjan,1656,Nira (Rap version),"Kali Prasad Baskota, Mr D",60.9,66.7,none
sajjan premi|balam ji jada me,Sajjan Premi,Balam Ji Jada Me,238.0,1,Sajjan Premi - Balam Ji Jada Me.mp3,Sajjan,743,Timi Bata Ma Tadha,Bimal Dangi,64.7,66.7,none
sajjan premi|dj wale babu jara gana bajai,Sajjan Premi,DJ Wale Babu Jara Gana Bajai,204.0,1,Sajjan Premi - DJ Wale Babu Jara Gana Bajai.mp3,Sajjan,2867,Jharana Jhain Jhardai Aau,Ram Krishna Dhakal,60.4,66.7,none
sajjan premi|gori satelu tikuliya,Sajjan Premi,Gori Satelu Tikuliya,230.0,1,Sajjan Premi - Gori Satelu Tikuliya.mp3,Sajjan,,,,56.2,66.7,none
sajjan premi|laika sahelan kasala,Sajjan Premi,Laika Sahelan Kasala,292.0,1,Sajjan Premi - Laika Sahelan Kasala.mp3,Sajjan,260,Shanti Lukau Kaha,"Ani Choying Dolma, Ram Krishna Dhakal, Yogeshwar Amatya",64.9,66.7,none
sajjan premi|sari ratiya yad aavai balmuaa,Sajjan Premi,Sari Ratiya Yad Aavai Balmuaa,275.0,1,Sajjan Premi - Sari Ratiya Yad Aavai Balmuaa.mp3,Sajjan,2149,Yaad Sachi Kati Basu,Nabin K Bhattarai,61.2,66.7,none
sajjan premi|sas boli bolay,Sajjan Premi,Sas Boli Bolay,310.0,1,Sajjan Premi - Sas Boli Bolay.mp3,Sajjan,824,Mayalu Ko Boli,"Bishnu Majhi,Ramji Khand & Manu Jugjali",64.3,66.7,none
sajjan premi|semari se piyri rang ke sari,Sajjan Premi,Semari Se Piyri Rang Ke Sari,236.0,1,Sajjan Premi - Semari Se Piyri Rang Ke Sari.mp3,Sajjan,854,Rang,Brijesh Shrestha,100.0,66.7,weak
sajjan premi|tora nam ke shikariy,Sajjan Premi,Tora Nam Ke Shikariy,215.0,1,Sajjan Premi - Tora Nam Ke Shikariy.mp3,Sajjan,300,Ke Bhanau Ra Mero Hajur,Anju Panta,60.5,66.7,none
sajjan raj|yaad hai mujhe aaj bhi,Sajjan Raj,Yaad Hai Mujhe Aaj Bhi,193.0,1,Sajjan Raj - Yaad Hai Mujhe Aaj Bhi.mp3,Sajjan,2485,Mero Yaad Ajhai,Om Bikram Bista,70.3,100.0,weak
sajjan shergill|dheeyan,Sajjan Shergill,Dheeyan,367.0,1,Sajjan Shergill - Dheeyan.mp3,Sajjan,1155,Jeevan,Dixita Karki,61.5,59.3,none
sajjan surwase|amba shukrachi chandani,Sajjan Surwase,Amba Shukrachi Chandani,237.0,1,Sajjan Surwase - Amba Shukrachi Chandani.mp3,Sajjan,1458,Hamri Ama Sarai Nai,Hari Bansha Acharya,66.7,61.5,weak
sajjan sweet|dabdaba bana ba up me,Sajjan Sweet,Dabdaba Bana Ba UP Me,178.0,1,Sajjan Sweet - Dabdaba Bana Ba UP Me.mp3,Sajjan,1049,Badal Banai Deu,Deepak Kharel,61.1,66.7,none
sajjan sweet|gajra lagavelu,Sajjan Sweet,Gajra Lagavelu,186.0,1,Sajjan Sweet - Gajra Lagavelu.mp3,Sajjan,2415,Lakhau Hajarau (Remix),Nepz Flo',64.3,66.7,none
sajjan sweet|gav ka bigda ladika,Sajjan Sweet,Gav Ka Bigda Ladika,191.0,1,Sajjan Sweet - Gav Ka Bigda Ladika.mp3,Sajjan,,,,57.9,66.7,none
sajjan sweet|jhooth rahal sab rona dhona,Sajjan Sweet,Jhooth Rahal Sab Rona Dhona,237.0,1,Sajjan Sweet - Jhooth Rahal Sab Rona Dhona.mp3,Sajjan,,,,56.5,66.7,none
sajjan sweet|pyar mein dhokha kar gailu,Sajjan Sweet,Pyar Mein Dhokha Kar Gailu,210.0,1,Sajjan Sweet - Pyar Mein Dhokha Kar Gailu.mp3,Sajjan,3732,Dhokha,The edge band,100.0,66.7,weak
sajjan thakur|chadhlai jahiya san ashin mahina,Sajjan Thakur,Chadhlai Jahiya San Ashin Mahina,327.0,1,Sajjan Thakur - Chadhlai Jahiya San Ashin Mahina.mp3,Sajjan,1417,Hami Dherai Sana Chau,Girish N Pranil,60.4,63.2,none
sajjan|25,Sajjan,25,231.0,1,Sajjan - 25.mp3,Sajjan,,,,25.0,100.0,weak
sajjan|dakke firde,Sajjan,Dakke Firde,192.0,1,Sajjan - Dakke Firde.mp3,Sajjan,2316,First Date,Neetesh Jung Kunwar,66.7,100.0,weak
sakhawat hussain|sajjan de berukhi,Sakhawat Hussain,Sajjan De Berukhi,393.0,1,Sakhawat Hussain - Sajjan De Berukhi.mp3,Sajjan,1370,Sajjan Raj Vaidya - Parkhaai,Genius Romanizations,60.5,64.3,none
sakshi choudhary|shiv shankar chale kailash,Sakshi Choudhary,Shiv Shankar Chale Kailash,219.0,1,Sakshi Choudhary - Shiv Shankar Chale Kailash.mp3,Shiv Shankar,1543,Shankar Bhole,Ishwor Krishna Bhurtel,70.0,64.5,weak
sakshi choudhary|ye saari duniya kehti hai shiv shankar bhola bhala hai,Sakshi Choudhary,Ye Saari Duniya Kehti Hai Shiv Shankar Bhola Bhala Hai,221.0,1,Sakshi Choudhary - Ye Saari Duniya Kehti Hai Shiv Shankar Bhola Bhala Hai.mp3,Shiv Shankar,1543,Shankar Bhole,Ishwor Krishna Bhurtel,70.0,64.5,weak
salar_rapper|cold water 2_salar,Salar_Rapper,Cold water 2_Salar,0.0,1,Cold water 2_Salar.mp3,Sacar rapper,,,,55.2,52.2,none
salar_rapper|love yourself_salar,Salar_Rapper,Love yourself_Salar,0.0,1,Love yourself_Salar.mp3,Sacar rapper,901,Love Song,Chhewang Lama,61.5,52.2,none
sam popat shaman|karma kandara deep mix deep mix,"Sam Popat, Shaman",Karma Kandara (Deep Mix) (Deep Mix),291.0,1,"Sam Popat, Shaman - Karma Kandara (Deep Mix) (Deep Mix).mp3",Kandara,,,,57.1,64.3,none
sambhu nepali|he kanchhi timro maya ma pagal bhaye,Sambhu Nepali,He Kanchhi Timro Maya Ma Pagal Bhaye,283.0,1,Sambhu Nepali - He Kanchhi Timro Maya Ma Pagal Bhaye.mp3,Kanchhi,12,Maya Ma,,100.0,76.9,probable
sambhu rai feat kunti moktan|dherai dherai sutyau hami,Sambhu Rai feat. Kunti Moktan,Dherai Dherai Sutyau Hami,312.0,1,Sambhu Rai feat. Kunti Moktan - Dherai Dherai Sutyau Hami.mp3,Kunti Moktan,2061,Dherai Dherai,Mingma Sherpa,100.0,100.0,strong
samhey|,SAMHEY Live 2017,Nepali song,187.0,1,SAMHEY Live 2017 - Nepali song.mp3,nepali,3040,2022,SACAR aka Lil Buddha,0.0,66.7,none
samjhera malai|anuprastha new song,Samjhera Malai,Anuprastha new song 2021,265.0,1,Samjhera Malai - Anuprastha new song 2021.mp3,Anuprastha,3163,Pir Song,Samjhana Bhandari,66.7,64.5,weak
samjhera malai|anuprastha original new song,Samjhera Malai,Anuprastha Original new song 2021,265.0,1,Samjhera Malai - Anuprastha Original new song 2021.mp3,Anuprastha,3163,Pir Song,Samjhana Bhandari,66.7,64.5,weak
sampanna bhatta|chirag_khadka_5_55___topendra_2_0__lyrics,sampanna bhatta,#chirag_khadka_5_55___Topendra_2_0__Lyrics(360p),0.0,1,#chirag_khadka_5_55___Topendra_2_0__Lyrics(360p).mp3,Chirag Khadka,,,,48.5,74.1,none
sample science|kutumba planet nepal sample from dj werd,Sample Science,Kutumba - Planet Nepal(Sample From DJ Werd),71.0,1,Sample Science - Kutumba - Planet Nepal(Sample From DJ Werd).mp3,Kutumba,2944,Nepal Nepal,Robin Tamang,100.0,53.8,weak
samyangphung films|ख्याली,Samyangphung Films,ख्याली ||New Limbu Khyali 2020 || Limbu Traditional Song || का:ईचेङ्गमा ख्याली,238.0,1,ख्याली ｜｜New Limbu Khyali 2020 ｜｜ Limbu Traditional Song ｜｜ का：ईचेङ्गमा ख्याली.m4a,Khyali,,,,40.0,59.3,none
sandhiya waiba nigma sherpa shekhar bal sikhar moktan|appa ra aasiyang,"Sandhiya Waiba, Nigma Sherpa, Shekhar Bal, Sikhar Moktan",Appa Ra Aasiyang,239.0,1,"Sandhiya Waiba, Nigma Sherpa, Shekhar Bal, Sikhar Moktan - Appa Ra Aasiyang.mp3",SHERPA,1389,Varsha Thapa - Maaya,Genius Romanizations,64.7,70.6,none
sangam music|sangam lama fulbari lyrics video,Sangam Music,SANGAM LAMA -  [ FULBARI ].. LYRICS.VIDEO..,216.0,1,SANGAM LAMA -  [ FULBARI ].. LYRICS.VIDEO...m4a,Fulbari rapper,,,,55.9,71.4,none
sangeeta bhola thakur|mere shiv shankar bhole,Sangeeta Bhola Thakur,Mere Shiv Shankar Bhole,271.0,1,Sangeeta Bhola Thakur - Mere Shiv Shankar Bhole.mp3,Shiv Shankar,1543,Shankar Bhole,Ishwor Krishna Bhurtel,100.0,61.9,weak
sangeev gunners|pokhara matepani gumba,Sangeev Gunners,Pokhara Matepani Gumba,246.0,1,Pokhara Matepani Gumba.m4a,Danda Ko Gumba,2651,Sannani Jam Pokhara,Prashant Poudel.,68.3,53.3,weak
sangi संगी|resham firiri original song,Sangi संगी,Resham firiri original song,300.0,1,Resham firiri original song.m4a,Resham Firiri,1650,Resham Firiri,Kali Prasad Baskota,100.0,47.6,weak
sangit sargam|argha darbar films pvt preseent basant lamsal sirjana pokhrel new teej gee,Sangit Sargam,Argha Darbar films pvt preseent Basant lamsal & sirjana pokhrel new teej gee www.sangitsargam.com,0.0,1,Argha Darbar films pvt preseent Basant lamsal & sirjana pokhrel new teej gee www.sangitsargam.com.mp3,teej song,,,,46.0,75.0,none
sangit sargam|argha darbar films pvt preseent basant lamsal sirjana pokhrel new teej geet,Sangit Sargam,Argha Darbar Films Pvt Preseent Basant Lamsal & Sirjana Pokhrel New Teej Geet,0.0,1,Argha Darbar Films Pvt Preseent Basant Lamsal & Sirjana Pokhrel New Teej Geet.ogg,teej song,2449,Hit Geet,Nischal Basnet,66.7,75.0,weak
sangita shastri|shiv shankar jodu hath mama moye lala ke darshan karayede,Sangita Shastri,Shiv Shankar Jodu Hath Mama Moye Lala Ke Darshan Karayede,368.0,1,Sangita Shastri - Shiv Shankar Jodu Hath Mama Moye Lala Ke Darshan Karayede.mp3,Shiv Shankar,890,DARSHAN SALAM,CHHAKKA PANJA 4 Movie Song,70.0,62.1,weak
sanjay kumar|budhi lugai masti fagun main,sanjay kumar,Budhi lugai Masti fagun main,381.0,1,Budhi lugai Masti fagun main.m4a,Chhori Budhi,2725,Maiti Dhani Hudai Gae,"Purnakala BC, Pashupati Sharma",61.2,81.8,none
sanjay shrestha uddav kc sapana thapa|baisale mateko,"Sanjay Shrestha, Uddav KC, Sapana Thapa",Baisale Mateko,321.0,1,"Sanjay Shrestha, Uddav KC, Sapana Thapa - Baisale Mateko.mp3",Sanjay Shrestha,1799,Mayale Mulbato,Kuber Rai,64.3,100.0,weak
sanjay shrestha|aakashko joon,Sanjay Shrestha,Aakashko Joon,313.0,1,Sanjay Shrestha - Aakashko Joon.mp3,Sanjay Shrestha,1025,Timi Aakash Ko Joon,Deep Shrestha,81.2,100.0,probable
sanjay shrestha|chadi janey mayalu,Sanjay Shrestha,Chadi Janey Mayalu,315.0,1,Sanjay Shrestha - Chadi Janey Mayalu.mp3,Sanjay Shrestha,56,Mayalu Mayalu,1974 AD,100.0,100.0,strong
sanjay shrestha|choera bhanchu yo mutulai,Sanjay Shrestha,Choera Bhanchu Yo Mutulai,313.0,1,Sanjay Shrestha - Choera Bhanchu Yo Mutulai.mp3,Sanjay Shrestha,3425,Bhanchu Ma,Sugam Pokhrel,82.4,100.0,probable
sanjay shrestha|euta gaun thiyo,Sanjay Shrestha,Euta Gaun Thiyo,313.0,1,Sanjay Shrestha - Euta Gaun Thiyo.mp3,Sanjay Shrestha,3186,Euta Gau Thiyo,Sanjay Shrestha,96.6,100.0,strong
sanjay shrestha|let s rock mayalu,Sanjay Shrestha,Let's rock mayalu,261.0,1,Sanjay Shrestha - Let's rock mayalu.mp3,Sanjay Shrestha,3187,Let's Rock Mayalu,Sanjay Shrestha,100.0,100.0,strong
sanjay shrestha|maya meri maya unplugged,Sanjay Shrestha,Maya Meri Maya Unplugged,343.0,1,Sanjay Shrestha - Maya Meri Maya Unplugged.mp3,Sanjay Shrestha,157,Meri Maya,Adrian Pradhan,100.0,100.0,strong
sanjay shrestha|pahadko manchhe,Sanjay Shrestha,Pahadko Manchhe,285.0,1,Sanjay Shrestha - Pahadko Manchhe.mp3,Sanjay Shrestha,2270,Pahadko Mathi Mathi,"Narayan Gopal, Asha Bhosle",78.6,100.0,probable
sanjay shrestha|tadha najaideu timi,Sanjay Shrestha,Tadha Najaideu Timi,266.0,1,Sanjay Shrestha - Tadha Najaideu Timi.mp3,Sanjay Shrestha,623,Tadha tadha,Bachhu Kailash,100.0,100.0,strong
sanjay shrestha|timro jarurat,Sanjay Shrestha,Timro Jarurat,327.0,1,Sanjay Shrestha - Timro Jarurat.mp3,Sanjay Shrestha,3614,Ma Timro,Swoopna Suman,76.9,100.0,weak
sanjay shrestha|timro yaadle,Sanjay Shrestha,Timro Yaadle,307.0,1,Sanjay Shrestha - Timro Yaadle.mp3,Sanjay Shrestha,907,Timro Yaad,Chhewang Lama,90.9,100.0,strong
sanjay shrestha|veronica,Sanjay Shrestha,Veronica,231.0,1,Sanjay Shrestha - Veronica.mp3,Sanjay Shrestha,,,,57.1,100.0,weak
sanjay shrestha|yo ankhama,Sanjay Shrestha,Yo Ankhama,384.0,1,Sanjay Shrestha - Yo Ankhama.mp3,Sanjay Shrestha,1207,Banda Ankhama,Edge Band,82.4,100.0,probable
sanjeep pradhan sanjay shrestha harish mathema|ma bhakta hu,"Sanjeep Pradhan, Sanjay Shrestha, Harish Mathema",Ma Bhakta Hu,268.0,1,"Sanjeep Pradhan, Sanjay Shrestha, Harish Mathema - Ma Bhakta Hu (2).mp3",Sanjay Shrestha,3773,Ma,The Shadows 'Nepal',100.0,100.0,strong
sanjeev singh antra singh priyanka|balam ji devghar ghumadi,"Sanjeev Singh, Antra Singh Priyanka",Balam Ji Devghar Ghumadi,272.0,1,"Sanjeev Singh, Antra Singh Priyanka - Balam Ji Devghar Ghumadi.mp3",Sanjeev Singh,3630,Chati Bhari Bhala Ropi,Sworup Raj Acharya,60.9,100.0,weak
sanjeev singh antra singh priyanka|baurahwa bar ae mena mai,"Sanjeev Singh, Antra Singh Priyanka",Baurahwa Bar Ae Mena Mai,187.0,1,"Sanjeev Singh, Antra Singh Priyanka - Baurahwa Bar Ae Mena Mai.mp3",Sanjeev Singh,,,,59.6,100.0,weak
sanjeev singh antra singh priyanka|khela bhail ba palang p,"Sanjeev Singh, Antra Singh Priyanka",Khela Bhail Ba Palang P,220.0,1,"Sanjeev Singh, Antra Singh Priyanka - Khela Bhail Ba Palang P.mp3",Sanjeev Singh,2560,Pipal Chheuma Bar,"Prabisha Adhikari, Roshan Singh",60.0,100.0,weak
sanjeev singh bagh byas|hasal khelal sab band ho jaai,"Sanjeev Singh, Bagh Byas",Hasal Khelal Sab Band Ho Jaai,273.0,1,"Sanjeev Singh, Bagh Byas - Hasal Khelal Sab Band Ho Jaai.mp3",Sanjeev Singh,,,,57.1,100.0,weak
sanjeev singh bhagat|darshan payenge,Sanjeev Singh Bhagat,Darshan Payenge,275.0,1,Sanjeev Singh Bhagat - Darshan Payenge.mp3,Sanjeev Singh,890,DARSHAN SALAM,CHHAKKA PANJA 4 Movie Song,70.0,100.0,weak
sanjeev singh chandel|bharat desh hamara,Sanjeev Singh Chandel,Bharat Desh Hamara,134.0,1,Sanjeev Singh Chandel - Bharat Desh Hamara.mp3,Sanjeev Singh,3158,Thamana Haat,Samir Shrestha,66.7,100.0,weak
sanjeev singh goldi yadav|mahoul badal di majanua,"Sanjeev Singh, Goldi Yadav",Mahoul Badal Di Majanua,230.0,1,"Sanjeev Singh, Goldi Yadav - Mahoul Badal Di Majanua.mp3",Sanjeev Singh,3589,Badal Sari,"Swar, John Chamling Rai",66.7,100.0,weak
sanjeev singh harivanshi|bum bum bhole,Sanjeev Singh Harivanshi,Bum Bum Bhole,250.0,1,Sanjeev Singh Harivanshi - Bum Bum Bhole.mp3,Sanjeev Singh,1543,Shankar Bhole,Ishwor Krishna Bhurtel,71.4,100.0,weak
sanjeev singh khushi kakkar|mal naya sal me,"Sanjeev Singh, Khushi Kakkar",Mal Naya Sal Me,164.0,1,"Sanjeev Singh, Khushi Kakkar - Mal Naya Sal Me.mp3",Sanjeev Singh,1281,Maya Ma Yestai,Fuba Tamang,69.0,100.0,weak
sanjeev singh sanehi|hay mata,Sanjeev Singh Sanehi,Hay Mata,352.0,1,Sanjeev Singh Sanehi - Hay Mata.mp3,Sanjeev Singh,601,Aye Maya,Babin Pradhan,75.0,100.0,weak
sanjeev singh shilpi raj|faguaa ke puaa bhatar nahi chuwa,"Sanjeev Singh, Shilpi Raj",Faguaa Ke Puaa Bhatar Nahi Chuwa,218.0,1,"Sanjeev Singh, Shilpi Raj - Faguaa Ke Puaa Bhatar Nahi Chuwa.mp3",Sanjeev Singh,,,,58.6,100.0,weak
sanjeev singh shilpi raj|labhar ke sarkar,"Sanjeev Singh, Shilpi Raj",Labhar Ke Sarkar,186.0,1,"Sanjeev Singh, Shilpi Raj - Labhar Ke Sarkar.mp3",Sanjeev Singh,1779,Sarkari Jagir,Kranti Ale,62.1,100.0,weak
sanjeev singh shilpi raj|nachniya,"Sanjeev Singh, Shilpi Raj",Nachniya,193.0,1,"Sanjeev Singh, Shilpi Raj - Nachniya.mp3",Sanjeev Singh,370,Jaaniya,Ankit Tiwari,66.7,100.0,weak
sanjeev singh shilpi raj|raja ji ke chhual dehiya,"Sanjeev Singh, Shilpi Raj",Raja Ji Ke Chhual Dehiya,232.0,1,"Sanjeev Singh, Shilpi Raj - Raja Ji Ke Chhual Dehiya.mp3",Sanjeev Singh,2672,Ke Nai Chha Ra,Pratap Das,68.4,100.0,weak
sanjeev singh shivani singh|dali na ae jijaji,"Sanjeev Singh, Shivani Singh",Dali Na Ae Jijaji,190.0,1,"Sanjeev Singh, Shivani Singh - Dali Na Ae Jijaji.mp3",Sanjeev Singh,2319,Gedai Jasto Jindagi,Neetesh Jung Kunwar,61.1,100.0,weak
sanjeev singh shivani singh|holiya me chhod delas mal,"Sanjeev Singh, Shivani Singh",Holiya Me Chhod Delas Mal,168.0,1,"Sanjeev Singh, Shivani Singh - Holiya Me Chhod Delas Mal.mp3",Sanjeev Singh,,,,59.6,100.0,weak
sanjeev singh shivani singh|khatra,"Sanjeev Singh, Shivani Singh",Khatra,187.0,1,"Sanjeev Singh, Shivani Singh - Khatra.mp3",Sanjeev Singh,4103,YODDA - Khatra Barz,YODDA,100.0,100.0,strong
sanjeev singh srishti bharti|cigarette,"Sanjeev Singh, Srishti Bharti",Cigarette,199.0,1,"Sanjeev Singh, Srishti Bharti - Cigarette.mp3",Sanjeev Singh,,,,58.8,100.0,weak
sanjeev singh|aaja ko yo din,Sanjeev Singh,Aaja Ko Yo Din,258.0,1,Sanjeev Singh - Aaja Ko Yo Din.mp3,Sanjeev Singh,144,Aaja,Adrian Pradhan,100.0,100.0,strong
sanjeev singh|aankhama timi,Sanjeev Singh,Aankhama Timi,234.0,1,Sanjeev Singh - Aankhama Timi.mp3,Sanjeev Singh,752,Timi,Binit Shrestha,100.0,100.0,strong
sanjeev singh|ae ho kareja,Sanjeev Singh,Ae Ho Kareja,246.0,1,Sanjeev Singh - Ae Ho Kareja.mp3,Sanjeev Singh,3127,Man Parerai Ho,Samikshya Adhikari,69.2,100.0,weak
sanjeev singh|aisan sundar maiya mori lageli,Sanjeev Singh,Aisan Sundar Maiya Mori Lageli,319.0,1,Sanjeev Singh - Aisan Sundar Maiya Mori Lageli.mp3,Sanjeev Singh,1161,Nazar Dine Meri Mayalu,DM Boots,61.5,100.0,weak
sanjeev singh|antai maya,Sanjeev Singh,Antai Maya,302.0,1,Sanjeev Singh - Antai Maya.mp3,Sanjeev Singh,526,Maya,Ashutosh KC,100.0,100.0,strong
sanjeev singh|ashirwad banawle rakhiya maai,Sanjeev Singh,Ashirwad Banawle Rakhiya Maai,246.0,1,Sanjeev Singh - Ashirwad Banawle Rakhiya Maai.mp3,Sanjeev Singh,2865,Hira Katne Hirai Ma Rakhera,Ram Krishna Dhakal,64.3,100.0,weak
sanjeev singh|baadu khiladi ladkaiya ke,Sanjeev Singh,Baadu Khiladi Ladkaiya Ke,299.0,1,Sanjeev Singh - Baadu Khiladi Ladkaiya Ke.mp3,Sanjeev Singh,474,Eklai Basda Sadhai Malai,Aruna Lama,61.2,100.0,weak
sanjeev singh|babuan,Sanjeev Singh,Babuan,182.0,1,Sanjeev Singh - Babuan.mp3,Sanjeev Singh,3367,BAANI,Subani moktan,72.7,100.0,weak
sanjeev singh|barbaad,Sanjeev Singh,Barbaad,242.0,1,Sanjeev Singh - Barbaad.mp3,Sanjeev Singh,3560,Sarangi / Mero Din Barbaad Bho,SUshant KC,100.0,100.0,strong
sanjeev singh|bawara,Sanjeev Singh,Bawara,216.0,1,Sanjeev Singh - Bawara.mp3,Sanjeev Singh,191,Bhawana,Albatross,76.9,100.0,weak
sanjeev singh|bhatar ke rang iyaar ke sang,Sanjeev Singh,Bhatar Ke Rang Iyaar Ke Sang,189.0,1,Sanjeev Singh - Bhatar Ke Rang Iyaar Ke Sang.mp3,Sanjeev Singh,854,Rang,Brijesh Shrestha,100.0,100.0,strong
sanjeev singh|bishwas todera,Sanjeev Singh,Bishwas Todera,305.0,1,Sanjeev Singh - Bishwas Todera.mp3,Sanjeev Singh,895,Ishara,Chhewang Lama.,60.0,100.0,weak
sanjeev singh|bus stand,Sanjeev Singh,Bus Stand,285.0,1,Sanjeev Singh - Bus Stand.mp3,Sanjeev Singh,171,Stand Up,Adrian Pradhan,82.4,100.0,probable
sanjeev singh|chadhal dashahara,SANJEEV SINGH,Chadhal Dashahara,313.0,1,SANJEEV SINGH - Chadhal Dashahara.mp3,Sanjeev Singh,1736,Chhaal Haru,Kavi G,64.3,100.0,weak
sanjeev singh|chahe bhor dupahar chahe sanjh,Sanjeev Singh,Chahe Bhor Dupahar Chahe Sanjh,378.0,1,Sanjeev Singh - Chahe Bhor Dupahar Chahe Sanjh (2).mp3,Sanjeev Singh,2974,Kalo Sanjh,Rohit John Chettri,66.7,100.0,weak
sanjeev singh|chali a aama ji aaju maai ke,Sanjeev Singh,Chali A Aama Ji Aaju Maai Ke,346.0,1,Sanjeev Singh - Chali A Aama Ji Aaju Maai Ke.mp3,Sanjeev Singh,1007,Aama Aama,Deep Shrestha,100.0,100.0,strong
sanjeev singh|chali a aama ji aaju maai ke darbar me,Sanjeev Singh,Chali A Aama Ji Aaju Maai Ke Darbar Me,347.0,1,Sanjeev Singh - Chali A Aama Ji Aaju Maai Ke Darbar Me.mp3,Sanjeev Singh,1007,Aama Aama,Deep Shrestha,100.0,100.0,strong
sanjeev singh|chatani kaaran marle baa lasar ke,Sanjeev Singh,Chatani Kaaran Marle Baa Lasar Ke,298.0,1,Sanjeev Singh - Chatani Kaaran Marle Baa Lasar Ke.mp3,Sanjeev Singh,2927,Baa,Rhythm kandel From Nepali Movie Mahapurush. Written by Nawaraj Parajuli.,100.0,100.0,strong
sanjeev singh|chheka padte bolawe lagal,Sanjeev Singh,Chheka Padte Bolawe Lagal,214.0,1,Sanjeev Singh - Chheka Padte Bolawe Lagal.mp3,Sanjeev Singh,,,,55.3,100.0,weak
sanjeev singh|chulesima,Sanjeev Singh,Chulesima,265.0,1,Sanjeev Singh - Chulesima (2).mp3,Sanjeev Singh,3204,Chulesima,Sanjeev Singh,100.0,100.0,strong
sanjeev singh|chunai le aawa,SANJEEV SINGH,Chunai Le Aawa,361.0,1,SANJEEV SINGH - Chunai Le Aawa.mp3,Sanjeev Singh,462,Aakha Haru Le,Aruna Lama,66.7,100.0,weak
sanjeev singh|dev bhumi brahampur,Sanjeev Singh,Dev Bhumi Brahampur,309.0,1,Sanjeev Singh - Dev Bhumi Brahampur (3).mp3,Sanjeev Singh,1989,Matri Bhumi,Mc Flo,62.5,100.0,weak
sanjeev singh|devghar abki jayib nando,Sanjeev Singh,Devghar Abki Jayib Nando,248.0,1,Sanjeev Singh - Devghar Abki Jayib Nando.mp3,Sanjeev Singh,,,,55.3,100.0,weak
sanjeev singh|devghar jaiab ae nando,Sanjeev Singh,Devghar Jaiab Ae Nando,248.0,1,Sanjeev Singh - Devghar Jaiab Ae Nando.mp3,Sanjeev Singh,,,,57.8,100.0,weak
sanjeev singh|devra ke dalal colour,Sanjeev Singh,Devra Ke Dalal Colour,240.0,1,Sanjeev Singh - Devra Ke Dalal Colour.mp3,Sanjeev Singh,,,,55.0,100.0,weak
sanjeev singh|didiya ke laika khelawe,Sanjeev Singh,Didiya Ke Laika Khelawe,268.0,1,Sanjeev Singh - Didiya Ke Laika Khelawe (2).mp3,Sanjeev Singh,,,,57.1,100.0,weak
sanjeev singh|dukh dur kari he chhathi maai,Sanjeev Singh,Dukh Dur Kari He Chhathi Maai,313.0,1,Sanjeev Singh - Dukh Dur Kari He Chhathi Maai.mp3,Sanjeev Singh,,,,59.1,100.0,weak
sanjeev singh|fauji saiya,Sanjeev Singh,Fauji Saiya,319.0,1,Sanjeev Singh - Fauji Saiya.mp3,Sanjeev Singh,2812,Sayau Juni,"Rajina Rimal, Jagdish Samal",66.7,100.0,weak
sanjeev singh|galiya rangha tu humar,Sanjeev Singh,Galiya Rangha Tu Humar,189.0,1,Sanjeev Singh - Galiya Rangha Tu Humar.mp3,Sanjeev Singh,2443,Rangau Ki Ma,Nima Rumba,64.7,100.0,weak
sanjeev singh|geruaa rang ke sadi,Sanjeev Singh,Geruaa Rang Ke Sadi,186.0,1,Sanjeev Singh - Geruaa Rang Ke Sadi.mp3,Sanjeev Singh,854,Rang,Brijesh Shrestha,100.0,100.0,strong
sanjeev singh|godiya saal bhar me bhar delas,Sanjeev Singh,Godiya Saal Bhar Me Bhar Delas,215.0,1,Sanjeev Singh - Godiya Saal Bhar Me Bhar Delas.mp3,Sanjeev Singh,1488,Maya Lagdaina Aba,Hemanta Rana,61.9,100.0,weak
sanjeev singh|godiya saale bhar me bhar delash,Sanjeev Singh,Godiya Saale Bhar Me Bhar Delash,215.0,1,Sanjeev Singh - Godiya Saale Bhar Me Bhar Delash.mp3,Sanjeev Singh,,,,59.1,100.0,weak
sanjeev singh|hamar pagli barat karele,Sanjeev Singh,Hamar Pagli Barat Karele,185.0,1,Sanjeev Singh - Hamar Pagli Barat Karele.mp3,Sanjeev Singh,,,,59.5,100.0,weak
sanjeev singh|hamar piya piyakkar ba,Sanjeev Singh,Hamar Piya Piyakkar Ba,336.0,1,Sanjeev Singh - Hamar Piya Piyakkar Ba.mp3,Sanjeev Singh,,,,56.5,100.0,weak
sanjeev singh|hazaribagh hospitalwa,Sanjeev Singh,Hazaribagh Hospitalwa,224.0,1,Sanjeev Singh - Hazaribagh Hospitalwa.mp3,Sanjeev Singh,,,,58.8,100.0,weak
sanjeev singh|holi me lahanga lal karihe,Sanjeev Singh,Holi Me Lahanga Lal Karihe,228.0,1,Sanjeev Singh - Holi Me Lahanga Lal Karihe.mp3,Sanjeev Singh,3061,Lahana Le Jurayo Ki,Sadhana Sargam,62.2,100.0,weak
sanjeev singh|iyaar sathe holi me,Sanjeev Singh,Iyaar Sathe Holi Me,240.0,1,Sanjeev Singh - Iyaar Sathe Holi Me.mp3,Sanjeev Singh,606,Mero Sathi Haru Ko Maajh,Babin Pradhan,60.5,100.0,weak
sanjeev singh|jandaichhau aaja,Sanjeev Singh,Jandaichhau Aaja,253.0,1,Sanjeev Singh - Jandaichhau Aaja.mp3,Sanjeev Singh,144,Aaja,Adrian Pradhan,100.0,100.0,strong
sanjeev singh|kaise chhui charaniya,Sanjeev Singh,Kaise Chhui Charaniya,353.0,1,Sanjeev Singh - Kaise Chhui Charaniya.mp3,Sanjeev Singh,2200,Malai Chodi Mero Chaya,Narayan Gopal,60.5,100.0,weak
sanjeev singh|kaise chhui charaniya baghwe se darwa lage,Sanjeev Singh,Kaise Chhui Charaniya Baghwe Se Darwa Lage,353.0,1,Sanjeev Singh - Kaise Chhui Charaniya Baghwe Se Darwa Lage.mp3,Sanjeev Singh,,,,55.7,100.0,weak
sanjeev singh|khela bhail ba palang pa,Sanjeev Singh,Khela Bhail Ba Palang Pa,218.0,1,Sanjeev Singh - Khela Bhail Ba Palang Pa.mp3,Sanjeev Singh,,,,59.1,100.0,weak
sanjeev singh|khela bhayil ba palang pe,Sanjeev Singh,Khela Bhayil Ba Palang Pe,221.0,1,Sanjeev Singh - Khela Bhayil Ba Palang Pe.mp3,Sanjeev Singh,,,,57.8,100.0,weak
sanjeev singh|kholem jhula,Sanjeev Singh,Kholem Jhula,179.0,1,Sanjeev Singh - Kholem Jhula.mp3,Sanjeev Singh,1148,Kahile Hola,Dipen KC and Sumina Lo,69.6,100.0,weak
sanjeev singh|kiss bina fees ke,Sanjeev Singh,Kiss Bina Fees Ke,257.0,1,Sanjeev Singh - Kiss Bina Fees Ke.mp3,Sanjeev Singh,565,Timi Bina,Astha Tamang Maskey,61.5,100.0,weak
sanjeev singh|lalanwa kahiya debu nu ho,Sanjeev Singh,Lalanwa Kahiya Debu Nu Ho,339.0,1,Sanjeev Singh - Lalanwa Kahiya Debu Nu Ho.mp3,Sanjeev Singh,3899,Ke Bho Launa Ni,"Udit Narayan, Deepa Jha",60.0,100.0,weak
sanjeev singh|lets celebrate new year,Sanjeev Singh,Lets Celebrate New Year 2019,178.0,1,Sanjeev Singh - Lets Celebrate New Year 2019.mp3,Sanjeev Singh,,,,47.6,100.0,weak
sanjeev singh|maiya ke bhakti me ho ke magan,Sanjeev Singh,Maiya Ke Bhakti Me Ho Ke Magan,258.0,1,Sanjeev Singh - Maiya Ke Bhakti Me Ho Ke Magan.mp3,Sanjeev Singh,1039,Man Magan,Deepak Bajracharya,71.4,100.0,weak
sanjeev singh|maiya rani ho,SANJEEV SINGH,Maiya Rani Ho,300.0,1,SANJEEV SINGH - Maiya Rani Ho.mp3,Sanjeev Singh,2092,Maya Nai Ho,Monkey Temple Nepal,83.3,100.0,probable
sanjeev singh|maja mare ke aaj rati me,Sanjeev Singh,Maja Mare Ke Aaj Rati Me,271.0,1,Sanjeev Singh - Maja Mare Ke Aaj Rati Me.mp3,Sanjeev Singh,300,Ke Bhanau Ra Mero Hajur,Anju Panta,63.8,100.0,weak
sanjeev singh|manwa ba matwala ho,Sanjeev Singh,Manwa Ba Matwala Ho,232.0,1,Sanjeev Singh - Manwa Ba Matwala Ho.mp3,Sanjeev Singh,1098,Manai Ta Ho,Dharmendra Sewan,66.7,100.0,weak
sanjeev singh|mehandi se likhaka nam,Sanjeev Singh,Mehandi Se Likhaka Nam,275.0,1,Sanjeev Singh - Mehandi Se Likhaka Nam.mp3,Sanjeev Singh,,,,56.4,100.0,weak
sanjeev singh|muglan hera jadai,Sanjeev Singh,Muglan Hera Jadai,273.0,1,Sanjeev Singh - Muglan Hera Jadai.mp3,Sanjeev Singh,3206,Muglan Hera Jadai Chu,Sanjeev Singh,100.0,100.0,strong
sanjeev singh|na aile sajanwa holi me,Sanjeev Singh,Na Aile Sajanwa Holi Me,310.0,1,Sanjeev Singh - Na Aile Sajanwa Holi Me.mp3,Sanjeev Singh,3413,SAMJHANA MA NA AAU,Sugam Pokharel,63.4,100.0,weak
sanjeev singh|nidaunai sakina,Sanjeev Singh,Nidaunai Sakina,203.0,1,Sanjeev Singh - Nidaunai Sakina.mp3,Sanjeev Singh,107,Birsana Sakina,Aastha Band,75.9,100.0,weak
sanjeev singh|nirmaya,Sanjeev Singh,Nirmaya,180.0,1,Sanjeev Singh - Nirmaya.mp3,Sanjeev Singh,2274,Nirmaya Thuli,"Narayan Rayamajhi, Kamala Pokharel",100.0,100.0,strong
sanjeev singh|paharawali mai,SANJEEV SINGH,Paharawali Mai,266.0,1,SANJEEV SINGH - Paharawali Mai.mp3,Sanjeev Singh,639,Jay Mahakaali,"Balen | Swapnil, Chronic Beatz, Foeseal",66.7,100.0,weak
sanjeev singh|palani raur chuwata,Sanjeev Singh,Palani Raur Chuwata,227.0,1,Sanjeev Singh - Palani Raur Chuwata.mp3,Sanjeev Singh,1247,PANI PANI- SAMIR ACHARYA,ELEENA CHAUHAN,64.9,100.0,weak
sanjeev singh|priyasi bhani,Sanjeev Singh,Priyasi Bhani,246.0,1,Sanjeev Singh - Priyasi Bhani.mp3,Sanjeev Singh,2439,Meri Priyasi,Nima Rumba,73.7,100.0,weak
sanjeev singh|pujariya aail,SANJEEV SINGH,Pujariya Aail,323.0,1,SANJEEV SINGH - Pujariya Aail.mp3,Sanjeev Singh,3677,Kali Pari,Tara Devi,63.6,100.0,weak
sanjeev singh|putt punjab de,Sanjeev Singh,Putt Punjab De,175.0,1,Sanjeev Singh - Putt Punjab De.mp3,Sanjeev Singh,,,,57.1,100.0,weak
sanjeev singh|sadhai sadhai,Sanjeev Singh,Sadhai Sadhai,336.0,1,Sanjeev Singh - Sadhai Sadhai.mp3,Sanjeev Singh,855,Sadhai Sadhai,Brijesh Shrestha,100.0,100.0,strong
sanjeev singh|saiya mange bar bar,Sanjeev Singh,Saiya Mange Bar Bar,198.0,1,Sanjeev Singh - Saiya Mange Bar Bar.mp3,Sanjeev Singh,3828,Maya Maan Bhari,Trishna Gurung,73.3,100.0,weak
sanjeev singh|saiyan nahi aya sakhi,Sanjeev Singh,Saiyan Nahi Aya Sakhi,232.0,1,Sanjeev Singh - Saiyan Nahi Aya Sakhi.mp3,Sanjeev Singh,3640,Maya Antai Sara,Sworup Raj Acharya,61.1,100.0,weak
sanjeev singh|sararara udayo,Sanjeev Singh,Sararara Udayo,309.0,1,Sanjeev Singh - Sararara Udayo.mp3,Sanjeev Singh,2574,Yo Sahar,Prajina,63.6,100.0,weak
sanjeev singh|satai fanko,Sanjeev Singh,Satai Fanko,321.0,1,Sanjeev Singh - Satai Fanko.mp3,Sanjeev Singh,68,Saani Ko,1974 AD,73.7,100.0,weak
sanjeev singh|sharda bhawani,Sanjeev Singh,Sharda Bhawani,224.0,1,Sanjeev Singh - Sharda Bhawani.mp3,Sanjeev Singh,4099,Kharab Baani,Yodda,76.9,100.0,weak
sanjeev singh|shitali maiya,Sanjeev Singh,Shitali Maiya,233.0,1,Sanjeev Singh - Shitali Maiya.mp3,Sanjeev Singh,1281,Maya Ma Yestai,Fuba Tamang,66.7,100.0,weak
sanjeev singh|shiv jogiya ke manala a bam,Sanjeev Singh,Shiv Jogiya Ke Manala A Bam,195.0,1,Sanjeev Singh - Shiv Jogiya Ke Manala A Bam.mp3,Sanjeev Singh,,,,57.8,100.0,weak
sanjeev singh|sila fulmati sali lage hene aai,Sanjeev Singh,Sila Fulmati Sali Lage Hene Aai,331.0,1,Sanjeev Singh - Sila Fulmati Sali Lage Hene Aai.mp3,Sanjeev Singh,105,Aai Deu,Aastha Band,60.0,100.0,weak
sanjeev singh|sochi sochi aawe maa rowai,Sanjeev Singh,Sochi Sochi Aawe Maa Rowai,373.0,1,Sanjeev Singh - Sochi Sochi Aawe Maa Rowai.mp3,Sanjeev Singh,205,Maa,Albatross,100.0,100.0,strong
sanjeev singh|suhagwali ratiya,Sanjeev Singh,Suhagwali Ratiya,211.0,1,Sanjeev Singh - Suhagwali Ratiya.mp3,Sanjeev Singh,,,,59.3,100.0,weak
sanjeev singh|timro pratibimba,Sanjeev Singh,Timro Pratibimba,271.0,1,Sanjeev Singh - Timro Pratibimba.mp3,Sanjeev Singh,3258,Timro Pratiksa,Shallum Lama,80.0,100.0,probable
sanjeevani bhelande|maitighar title song from maitighar,Sanjeevani Bhelande,"Maitighar Title Song (From ""Maitighar"")",312.0,1,Maitighar Title Song (From ＂Maitighar＂).m4a,Maiti Ghar,3163,Pir Song,Samjhana Bhandari,66.7,100.0,weak
sanjeevani feat deepak limbu|anaayashai,Sanjeevani feat. Deepak Limbu,Anaayashai,286.0,1,Sanjeevani feat. Deepak Limbu - Anaayashai.mp3,Deepak Limbu,3396,Dashain Aayo,Sugam Pokharel,72.7,100.0,weak
sanwal ali khan|ek sajjan hunda si,Sanwal Ali Khan,Ek Sajjan Hunda Si,224.0,1,Sanwal Ali Khan - Ek Sajjan Hunda Si.mp3,Sajjan,1367,Sajjan Raj Vaidya - Ek Sarvanaam,Genius Romanizations,66.7,72.7,weak
sanwari baai sugana baai sajan singh sajjan kumar|banna mhari banni ne samjhave,"Sanwari Baai, Sugana Baai, Sajan Singh, Sajjan Kumar",Banna Mhari Banni Ne Samjhave,315.0,1,"Sanwari Baai, Sugana Baai, Sajan Singh, Sajjan Kumar - Banna Mhari Banni Ne Samjhave.mp3",Sajjan,3903,Banmarale Banai Khayo,"Udit Narayan, Deepa Narayan Jha",60.0,66.7,none
sanyukta shrestha|pokhiyera ghamko jhulko पोखिएर घामको झुल्को,Sanyukta Shrestha,Pokhiyera GhamKo Jhulko - पोखिएर घामको झुल्को | Narayan Gopal Guruvacharya (Cover),0.0,1,Pokhiyera GhamKo Jhulko - पोखिएर घामको झुल्को ｜ Narayan Gopal Guruvacharya (Cover).mp3,Ambar Gurung,2660,Ghamko Maya,Prashant Tamang,70.6,83.9,weak
sanyukta shrestha|यस्तो पनि हुँदो रैछ,Sanyukta Shrestha,यस्तो पनि हुँदो रैछ | Yesto Pani Hudo Raichha | Fatteman Rajbhandari (Cover),0.0,1,यस्तो पनि हुँदो रैछ ｜ Yesto Pani Hudo Raichha ｜ Fatteman Rajbhandari (Cover).mp3,Fatteman Rajbhandari,,,,42.1,83.9,none
sanyukta shrestha|सान्नानीको गालैमा कालो कोठी रैछ a tribute to fatteman rajbhandari,Sanyukta Shrestha,सान्नानीको गालैमा कालो कोठी रैछ - A tribute to Fatteman Rajbhandari,0.0,1,सान्नानीको गालैमा कालो कोठी रैछ - A tribute to Fatteman Rajbhandari.mp3,Fatteman Rajbhandari,,,,55.6,83.9,none
sapana shree pariyar prakash shrestha|k sainole bolaun,"Sapana Shree (Pariyar), Prakash Shrestha",K Sainole Bolaun,338.0,1,"Sapana Shree (Pariyar), Prakash Shrestha - K Sainole Bolaun.mp3",Prakash Shrestha,707,Iisarale Bolaunu,Bhupinder Singh & Deepa Jha,68.8,100.0,weak
sapna shree|chitthi nepali love song,Sapna Shree,Chitthi-Nepali Love Song,244.0,1,Sapna Shree - Chitthi-Nepali Love Song.mp3,nepali,207,Nepali,Albatross,100.0,95.7,strong
saransh shukla|g bob free verse milena level tero bau bola yeh antf nepal rap battle,SARANSH SHUKLA,G-BOB - Free verse (Milena Level Tero Bau Bola Yeh)  // ANTF NEPAL // RAP BATTLE // 2022,205.0,1,G-BOB - Free verse (Milena Level Tero Bau Bola Yeh)  ⧸⧸ ANTF NEPAL ⧸⧸ RAP BATTLE ⧸⧸ 2022.m4a,G-BOB Nepali rap,2944,Nepal Nepal,Robin Tamang,100.0,64.3,weak
sardar solangi|tuhinjon galhyoon sajjan,Sardar Solangi,Tuhinjon Galhyoon Sajjan,358.0,1,Sardar Solangi - Tuhinjon Galhyoon Sajjan.mp3,Sajjan,,,,55.0,66.7,none
sarfraz iftikhar ali|dilri lutti yaar sajjan,Sarfraz Iftikhar Ali,Dilri Lutti Yaar Sajjan,220.0,1,Sarfraz Iftikhar Ali - Dilri Lutti Yaar Sajjan.mp3,Sajjan,,,,59.3,51.4,none
sargam nepali|chote chote dele baru,Sargam Nepali,Chote Chote Dele Baru,255.0,1,Sargam Nepali - Chote Chote Dele Baru.mp3,nepali,,,,57.1,100.0,weak
saroj koirala melina rai|bhakarima dhaan,"Saroj Koirala, Melina Rai",Bhakarima Dhaan,300.0,1,"Saroj Koirala, Melina Rai - Bhakarima Dhaan.mp3",Melina Rai,3692,Bhakari Ma Dhaan Chha Baadure,"Tara Thapa, Kul bahadur Oli, Raj Kumar Oli",68.2,100.0,weak
saroj oli melina rai|machhile khane kholi ko leu,"Saroj Oli, Melina Rai",Machhile Khane Kholi Ko Leu,232.0,1,"Saroj Oli, Melina Rai - Machhile Khane Kholi Ko Leu.mp3",Melina Rai,1256,Kura Katne Manchhele,"Eleena Chauhan, Subhash Puri",63.8,100.0,weak
sasi rawal deepak limbu|juuneli ujyalo ma,"Sasi Rawal, Deepak Limbu",Juuneli Ujyalo Ma,252.0,1,"Sasi Rawal, Deepak Limbu - Juuneli Ujyalo Ma.mp3",Deepak Limbu,3773,Ma,The Shadows 'Nepal',100.0,100.0,strong
sawan khan|aj sajjan muh eid kai,Sawan Khan,Aj Sajjan Muh Eid Kai,321.0,1,Sawan Khan - Aj Sajjan Muh Eid Kai.mp3,Sajjan,3028,Samjhanchu Ajhai Ma,Sabin Rai,60.0,69.6,none
scratch mix|iraj chingy ft tony t neha kakkar yama buddha smokio nachna scratch mix 95 bpm,Scratch Mix,"Iraj & Chingy Ft. Tony T, Neha Kakkar,Yama Buddha & Smokio - Nachna (Scratch Mix) 95 BPM",0.0,1,"Iraj & Chingy Ft. Tony T, Neha Kakkar,Yama Buddha & Smokio - Nachna (Scratch Mix) 95 BPM.m4a",Yama Buddha,4079,Saathi साथी Yama Buddha,Yama Buddha,64.7,63.2,none
seaikh|hosiyar_ambar gurung,Seaikh,Hosiyar_Ambar Gurung,0.0,1,Hosiyar_Ambar Gurung.mp3,Ambar Gurung,,,,57.9,61.5,none
seema subarna|malai bolayo nepali christian dance song,Seema subarna,Malai Bolayo . Nepali Christian Dance Song 2021,212.0,1,Seema subarna - Malai Bolayo . Nepali Christian Dance Song 2021.mp3,nepali,207,Nepali,Albatross,100.0,61.5,weak
sejutafilm kita|8 ball ft ninja turtles rapper sabar,Sejutafilm Kita,8 Ball Ft. Ninja Turtles Rapper - Sabar,0.0,1,8 Ball Ft. Ninja Turtles Rapper - Sabar.m4a,Sacar rapper,,,,48.5,57.1,none
sequenz23|nepali folk song salaijo,sEQuenz23,Nepali Folk Song 'Salaijo',187.0,1,Nepali Folk Song 'Salaijo'.m4a,Salaijo,207,Nepali,Albatross,100.0,42.9,weak
shaban jani|nawein nawein sajjan,Shaban Jani,Nawein Nawein Sajjan,315.0,1,Shaban Jani - Nawein Nawein Sajjan.mp3,Sajjan,1366,Sajjan Raj Vaidya - Chitthi Bhitra,Genius Romanizations,63.2,72.7,none
shaban jani|nawey nawey sajjan,Shaban Jani,Nawey Nawey Sajjan,315.0,1,Shaban Jani - Nawey Nawey Sajjan.mp3,Sajjan,3880,Naya Naya Sajau,Udit Narayan,72.7,72.7,weak
shahid ali parwaz|koi nahi sajjan gareeban daa,Shahid Ali Parwaz,Koi Nahi Sajjan Gareeban Daa,329.0,1,Shahid Ali Parwaz - Koi Nahi Sajjan Gareeban Daa.mp3,Sajjan,,,,59.6,57.1,none
shahid ali parwaz|sade sajjan,Shahid Ali Parwaz,Sade Sajjan,372.0,1,Shahid Ali Parwaz - Sade Sajjan.mp3,Sajjan,376,Saajan,Ankit Tiwari,70.6,57.1,weak
shahid khan|be wafa sajjan,Shahid Khan,Be Wafa Sajjan,329.0,1,Shahid Khan - Be Wafa Sajjan.mp3,Sajjan,3078,Ek Sarvanaam,Sajjan Raj Vaidya,61.5,76.2,none
shahraiz ali|uniq poet bluesss straight outta kathmandu ft mc dave,Shahraiz ali,UNIQ POET & BLUESSS - STRAIGHT OUTTA KATHMANDU (ft. MC DAVE) Official Music Video,0.0,1,UNIQ POET & BLUESSS - STRAIGHT OUTTA KATHMANDU (ft. MC DAVE) Official Music Video.m4a,Uniq Poet,880,Kathmandu,Catch 22,100.0,72.0,weak
shahzad ali|inj kar de nai sajjan pyare,Shahzad Ali,Inj Kar De Nai Sajjan Pyare,336.0,1,Shahzad Ali - Inj Kar De Nai Sajjan Pyare.mp3,Sajjan,1367,Sajjan Raj Vaidya - Ek Sarvanaam,Genius Romanizations,63.2,70.0,none
shailesh raj sajjan|tohara dil se saiyan ho,Shailesh Raj Sajjan,Tohara Dil Se Saiyan Ho,226.0,1,Shailesh Raj Sajjan - Tohara Dil Se Saiyan Ho.mp3,Sajjan,3237,Ekdin Ta Jane Ho,Sashan Kandel,61.5,74.1,none
shaize ali feat qaiser kandara|jatt zimidaar,Shaize Ali feat. Qaiser Kandara,Jatt Zimidaar,192.0,1,Shaize Ali feat. Qaiser Kandara - Jatt Zimidaar.mp3,Kandara,2463,Antim Bidaai,Oasis Thapa,64.0,100.0,weak
shaize ali feat qaiser kandara|sadqay pakistan,Shaize Ali feat. Qaiser Kandara,SADQAY PAKISTAN,209.0,1,Shaize Ali feat. Qaiser Kandara - SADQAY PAKISTAN.mp3,Kandara,,,,59.3,100.0,weak
shakeel anjum|mere sajjan naraz hin,Shakeel Anjum,Mere Sajjan Naraz Hin,250.0,1,Shakeel Anjum - Mere Sajjan Naraz Hin.mp3,Sajjan,,,,59.6,61.5,none
shaman sam popat|karma kandara,"shaMan, Sam Popat",Karma Kandara,291.0,1,"shaMan, Sam Popat - Karma Kandara.mp3",Kandara,1683,Hongkong Pokhara by Kandara Band,Kandara,70.0,64.3,weak
shaman|karma kandara,ShaMan,Karma Kandara,227.0,1,ShaMan - Karma Kandara (2).mp3,Kandara,1683,Hongkong Pokhara by Kandara Band,Kandara,70.0,66.7,weak
shambhu rai kunti moktan|besareko batai,"Shambhu Rai, Kunti Moktan",Besareko Batai,338.0,1,"Shambhu Rai, Kunti Moktan - Besareko Batai.mp3",Kunti Moktan,34,Bagdai Gareko,1974 AD,74.1,100.0,weak
shambhu rai kunti moktan|besarekoi batai,"Shambhu Rai, Kunti Moktan",Besarekoi Batai,341.0,1,"Shambhu Rai, Kunti Moktan - Besarekoi Batai.mp3",Kunti Moktan,2008,BADHA BESARI,Melina Rai,74.1,100.0,weak
shambhu rai kunti moktan|maya timi,"Shambhu Rai, Kunti Moktan",Maya Timi,266.0,1,"Shambhu Rai, Kunti Moktan - Maya Timi.mp3",Kunti Moktan,141,Sathi Ho Timi Maya,Aditi Paul,100.0,100.0,strong
shambhujeet baskota|kanchhi a meri jhuma,Shambhujeet Baskota,Kanchhi A Meri Jhuma,308.0,1,Shambhujeet Baskota - Kanchhi A Meri Jhuma.mp3,Kanchhi,420,Kanchhi,Anuprastha,100.0,100.0,strong
shandilya banerjee|fulbari,Shandilya Banerjee,Fulbari,103.0,1,Fulbari.m4a,Fulbari rapper,2217,Mero Ankha lai Rakhne fulbari chaina,Narayan Gopal,100.0,57.1,weak
shandilya banerjee|shandilya x rxyam fulbari,Shandilya Banerjee,Shandilya x Rxyam - Fulbari | Prod. Saint Mike | Bangla Rap,101.0,1,Shandilya x Rxyam - Fulbari ｜ Prod. Saint Mike ｜ Bangla Rap.m4a,Fulbari rapper,,,,57.1,57.1,none
shankar thapa melina rai|jani na jani,"Shankar Thapa, Melina Rai",Jani Na Jani,303.0,1,"Shankar Thapa, Melina Rai - Jani Na Jani.mp3",Melina Rai,2469,Jani na Jani,Oasis Thapa,100.0,100.0,strong
sharmila bardewa sanjay shrestha|bishakh ma,"Sharmila Bardewa, Sanjay Shrestha",Bishakh Ma,321.0,1,"Sharmila Bardewa, Sanjay Shrestha - Bishakh Ma.mp3",Sanjay Shrestha,3773,Ma,The Shadows 'Nepal',100.0,100.0,strong
shekh tabrej|shiv shankar bholenath,Shekh Tabrej,Shiv Shankar Bholenath,176.0,1,Shekh Tabrej - Shiv Shankar Bholenath.mp3,Shiv Shankar,1543,Shankar Bhole,Ishwor Krishna Bhurtel,74.3,53.8,weak
shelly b|vairy sajjan,Shelly B,Vairy Sajjan,187.0,1,Shelly B - Vairy Sajjan.mp3,Sajjan,1366,Sajjan Raj Vaidya - Chitthi Bhitra,Genius Romanizations,66.7,54.5,weak
sherbaz siyal|sajjan chore wasen,Sherbaz Siyal,Sajjan Chore Wasen,383.0,1,Sherbaz Siyal - Sajjan Chore Wasen.mp3,Sajjan,,,,58.8,59.3,none
sherpa fm incontrol|you got me voodoo feat louis armstrong,௵ Sherpa FM & Incontrol,You Got Me Voodoo feat. Louis Armstrong,373.0,1,௵ Sherpa FM & Incontrol - You Got Me Voodoo feat. Louis Armstrong.mp3,SHERPA,,,,52.2,70.6,none
sherpa fm|dance,Sherpa Fm,Dance,278.0,1,Sherpa Fm - Dance.mp3,SHERPA,1523,Slow Dance Karachi,Humeysha,100.0,80.0,probable
sherpa song हिन्सी हिन्सी|song,SHERPA SONG (हिन्सी हिन्सी,SONG,278.0,1,SHERPA SONG (हिन्सी हिन्सी - SONG.mp3,sherpa song,2,Atal Bacha Gare - Krishna-Leela Movie Song - Paan Ko Pat,,100.0,75.9,probable
sherpa songs 2|chhuwikaowa,sherpa songs 2,chhuwikaowa,381.0,1,sherpa songs 2 - chhuwikaowa.mp3,sherpa song,4128,Kaha Chau,Yugal Gurung,60.0,72.0,none
sherpa sánchez|bésame despacito,Sherpa Sánchez,Bésame Despacito,181.0,1,Sherpa Sánchez - Bésame Despacito.mp3,SHERPA,,,,55.6,70.6,none
sherpa sánchez|honey,Sherpa Sánchez,Honey,173.0,1,Sherpa Sánchez - Honey.mp3,SHERPA,1343,Honey Budhathoki - This is Lit,Genius Romanizations,100.0,70.6,weak
sherpa|ariadne sister of inanna,Sherpa,"Ariadne, Sister of Inanna",164.0,1,"Sherpa - Ariadne, Sister of Inanna.mp3",SHERPA,,,,59.1,100.0,weak
sherpa|song,SHERPA,SONG,278.0,1,SHERPA - SONG.mp3,sherpa song,2,Atal Bacha Gare - Krishna-Leela Movie Song - Paan Ko Pat,,100.0,100.0,strong
shila bahadur moktan sheetal moktan subani moktan kunti moktan|geet mero nepal ho,"shila Bahadur Moktan, Sheetal Moktan, Subani Moktan, Kunti Moktan",Geet Mero Nepal Ho,289.0,1,"shila Bahadur Moktan, Sheetal Moktan, Subani Moktan, Kunti Moktan - Geet Mero Nepal Ho.mp3",Kunti Moktan,2830,Mero Nepal,Raju Lama,100.0,100.0,strong
shilpa pokharel s new nepali song 2074dj w|chakra bamft mr r,Shilpa Pokharel s New Nepali Remix Song 2074DJ W,Chakra BamFt.Mr.R,293.0,1,Shilpa Pokharel s New Nepali Remix Song 2074DJ W - Chakra BamFt.Mr.R.mp3,nepali remix song,2767,Basma chhaina mero man,Rajan Ishan,61.5,72.7,none
shilpi raj nepali babu|chand banke aailu,"Shilpi Raj, Nepali Babu",Chand Banke Aailu,291.0,1,"Shilpi Raj, Nepali Babu - Chand Banke Aailu.mp3",Nepali Babu,2298,Aau Bhane Gaun,Nati Kaji,71.0,63.2,weak
shilpi raj nepali babu|lal odhani,"Shilpi Raj, Nepali Babu",Lal Odhani,238.0,1,"Shilpi Raj, Nepali Babu - Lal Odhani.mp3",Nepali Babu,607,Mohani Layo,Babin Pradhan,76.2,63.2,weak
shilpi raj nepali babu|pyar ho gail,"Shilpi Raj, Nepali Babu",Pyar Ho Gail,206.0,1,"Shilpi Raj, Nepali Babu - Pyar Ho Gail.mp3",Nepali Babu,3826,Khani ho Yamu,Trishna Gurung,64.0,63.2,none
shital thakur|nache shiv shankar bhola,Shital Thakur,Nache Shiv Shankar Bhola,281.0,1,Shital Thakur - Nache Shiv Shankar Bhola.mp3,Shiv Shankar,1543,Shankar Bhole,Ishwor Krishna Bhurtel,70.3,61.5,weak
shiv shankar pandit nandani dixit|hathiyar chahi badka,"Shiv Shankar Pandit, Nandani Dixit",Hathiyar Chahi Badka,187.0,1,"Shiv Shankar Pandit, Nandani Dixit - Hathiyar Chahi Badka.mp3",Shiv Shankar,3427,Chahi Sake,Sugam Pokhrel,66.7,66.7,weak
shiv shankar pandit|aaw ye raja le liha maja,Shiv Shankar Pandit,Aaw Ye Raja Le Liha Maja,190.0,1,Shiv Shankar Pandit - Aaw Ye Raja Le Liha Maja.mp3,Shiv Shankar,2457,Mal Mal Raja,Nishan Bhattarai and Asmita Adhikari,66.7,70.6,weak
shiv shankar saahil feat amit kushwaha|bata de mujhko,Shiv Shankar Saahil feat. Amit Kushwaha,Bata De Mujhko,359.0,1,Shiv Shankar Saahil feat. Amit Kushwaha - Bata De Mujhko.mp3,Shiv Shankar,936,Samjhayeko Matra Priye,Ciney Gurung,61.1,63.6,none
shiv shankar saahil feat priyanka korche|faasla ghazal,Shiv Shankar Saahil feat. Priyanka Korche,Faasla (Ghazal),331.0,1,Shiv Shankar Saahil feat. Priyanka Korche - Faasla (Ghazal).mp3,Shiv Shankar,,,,58.3,63.6,none
shiv shankar saahil|april,Shiv Shankar Saahil,April,105.0,1,Shiv Shankar Saahil - April.mp3,Shiv Shankar,270,Pari,Anil Singh,66.7,64.7,weak
shiv shankar yadav|bhabhi bhi nachegi,Shiv Shankar Yadav,Bhabhi Bhi Nachegi,248.0,1,Shiv Shankar Yadav - Bhabhi Bhi Nachegi.mp3,Shiv Shankar,1180,Nach Nach Bhai Nach,Duregsh Thapa | Rajesh Payal Rai | Vyoma | Barsha Itani,66.7,68.6,weak
shiv shankar yadav|fan sanjay yaduvanshi ke hai,Shiv Shankar Yadav,Fan Sanjay Yaduvanshi Ke Hai,187.0,1,Shiv Shankar Yadav - Fan Sanjay Yaduvanshi Ke Hai.mp3,Shiv Shankar,1226,Aa Hai,Ekdev Limbu,66.7,68.6,weak
shiv shankar yadav|rakt ahir ke ba,Shiv Shankar Yadav,Rakt Ahir Ke Ba,181.0,1,Shiv Shankar Yadav - Rakt Ahir Ke Ba.mp3,Shiv Shankar,2672,Ke Nai Chha Ra,Pratap Das,62.1,68.6,none
shiv shankar yadav|saukh hathiyar ke hawe,Shiv Shankar Yadav,Saukh Hathiyar Ke Hawe,187.0,1,Shiv Shankar Yadav - Saukh Hathiyar Ke Hawe.mp3,Shiv Shankar,,,,57.1,68.6,none
shiv shankar|devghar kawar utha ke jaeb,Shiv Shankar,Devghar Kawar Utha Ke Jaeb,372.0,1,Shiv Shankar - Devghar Kawar Utha Ke Jaeb.mp3,Shiv Shankar,,,,55.0,74.1,none
shiva pariyar anju panta|duri jati,"Shiva Pariyar, Anju Panta",Duri Jati,267.0,1,"Shiva Pariyar, Anju Panta - Duri Jati.mp3","Shiva Pariyar, Anju Panta",3724,Kati Dherai,The Buds,70.0,100.0,weak
shiva pariyar anju panta|holi holi,"Shiva Pariyar, Anju Panta",Holi Holi,263.0,1,"Shiva Pariyar, Anju Panta - Holi Holi.mp3","Shiva Pariyar, Anju Panta",728,Bholi,Bikki Gurung,88.9,100.0,probable
shivansh aditi|jai shiv shankar jai bhole baba,Shivansh & Aditi,Jai Shiv Shankar Jai Bhole Baba,396.0,1,Shivansh & Aditi - Jai Shiv Shankar Jai Bhole Baba.mp3,Shiv Shankar,1543,Shankar Bhole,Ishwor Krishna Bhurtel,100.0,66.7,weak
shivansh aditi|shiv shankar beda paar karo,Shivansh & Aditi,Shiv Shankar Beda Paar Karo,304.0,1,Shivansh & Aditi - Shiv Shankar Beda Paar Karo.mp3,Shiv Shankar,1543,Shankar Bhole,Ishwor Krishna Bhurtel,70.0,66.7,weak
shree ram paudel|sr musician ambar gurung passed away jestha 25 6 45am bulletin,Shree Ram Paudel,Sr. Musician Ambar Gurung Passed Away 2073 Jestha 25. 6.45AM Bulletin,0.0,1,Sr. Musician Ambar Gurung Passed Away 2073 Jestha 25. 6.45AM Bulletin.mp3,Ambar Gurung,,,,50.0,66.7,none
shreya rai rajesh payal rai|khoje jasto,"Shreya Rai, Rajesh Payal Rai",Khoje Jasto,253.0,1,"Shreya Rai, Rajesh Payal Rai - Khoje Jasto.mp3",Rajesh Payal Rai,868,Herirahu Jasto,Buddha Lama and Mamta Gurung,64.0,100.0,weak
shubh music official|teeja mane bar तिजा माने बर cg song shruti pandey akanksha banjare champa nishad manisha kashyap,shubh music official,TEEJA MANE BAR  तिजा माने बर CG. SONG SHRUTI PANDEY AKANKSHA BANJARE CHAMPA NISHAD MANISHA KASHYAP,277.0,1,TEEJA MANE BAR  तिजा माने बर CG. SONG SHRUTI PANDEY AKANKSHA BANJARE CHAMPA NISHAD MANISHA KASHYAP.m4a,teej song,3165,Akanksha,Samriddhi Rai,100.0,100.0,strong
shyam nepali|bonus track 1,Shyam Nepali,Bonus Track 1,308.0,1,Shyam Nepali - Bonus Track 1.mp3,nepali,3782,Rojdai Chu - Bonus Track,The Uglyz,91.7,100.0,strong
shyam nepali|colors of spring,Shyam Nepali,Colors of Spring,354.0,1,Shyam Nepali - Colors of Spring (2).mp3,nepali,,,,55.2,100.0,weak
shyam nepali|dark and light,Shyam Nepali,Dark and Light,365.0,1,Shyam Nepali - Dark and Light.mp3,nepali,4141,Black And White,ZEROO,62.1,100.0,weak
shyam nepali|gawe kawariya shiv ke bhajanma,Shyam Nepali,Gawe Kawariya Shiv Ke Bhajanma,336.0,1,Shyam Nepali - Gawe Kawariya Shiv Ke Bhajanma.mp3,nepali,4012,Kasailai Bhannu Cha Kei?,Wondergods,60.4,100.0,weak
shyam nepali|himalayan sounds,Shyam Nepali,Himalayan Sounds,279.0,1,Shyam Nepali - Himalayan Sounds.mp3,nepali,2919,Shital Shital a Himalayan Love Story,Ravi Sharma and Asmita Adhikari,72.0,100.0,weak
shyam nepali|illusions,Shyam Nepali,Illusions,188.0,1,Shyam Nepali - Illusions.mp3,nepali,,,,55.6,100.0,weak
shyam nepali|knot of energy,Shyam Nepali,Knot of Energy,262.0,1,Shyam Nepali - Knot of Energy.mp3,Shyam Nepali,,,,57.1,100.0,weak
shyam nepali|morning mist,Shyam Nepali,Morning Mist,276.0,1,Shyam Nepali - Morning Mist.mp3,nepali,3379,Up In The Morning,Sudhan Gurung,73.7,100.0,weak
shyam nepali|sundar dehiya ba anmol,Shyam Nepali,Sundar Dehiya Ba Anmol,249.0,1,Shyam Nepali - Sundar Dehiya Ba Anmol.mp3,nepali,2864,Hamro Sundar Sansar thiyo,Ram Krishna Dhakal,68.1,100.0,weak
shyam nepali|tears of everest,Shyam Nepali,Tears of Everest,324.0,1,Shyam Nepali - Tears of Everest.mp3,nepali,1997,Tears,Mc Flo,100.0,100.0,strong
shyam nepali|time and passion,Shyam Nepali,Time and Passion,173.0,1,Shyam Nepali - Time and Passion.mp3,nepali,2368,Gandakiko Tiraima,Nepathya,60.6,100.0,weak
silke hunger77|little buddha,Silke.hunger77,Little Buddha,0.0,1,Little Buddha.m4a,Lil Buddha,3051,Lil Buddha Interlude,SACAR aka Lil Buddha,66.7,55.2,weak
silke hunger77|little buddha 1,Silke.hunger77,Little Buddha 1,0.0,1,Little Buddha 1.m4a,Lil Buddha,3051,Lil Buddha Interlude,SACAR aka Lil Buddha,62.9,55.2,none
silver tips|k yai ho new,Silver Tips,K Yai Ho - New Nepali Rap Song 2017,0.0,1,K Yai Ho - New Nepali Rap Song 2017.m4a,Aidray Nepali rap,25,Nepali Ho,1974 A.D,66.7,52.2,weak
silver tips|naam kamaunu xa new,Silver Tips,Naam Kamaunu Xa - New Nepali Rap Song 2017,0.0,1,Naam Kamaunu Xa - New Nepali Rap Song 2017.m4a,Aidray Nepali rap,3830,Naam K Ho,Trishna Gurung,61.5,52.2,none
simran rathore|shiv shankar bhole bhale bhasmi ramane wale,Simran Rathore,Shiv Shankar Bhole Bhale Bhasmi Ramane Wale,401.0,1,Simran Rathore - Shiv Shankar Bhole Bhale Bhasmi Ramane Wale.mp3,Shiv Shankar,1543,Shankar Bhole,Ishwor Krishna Bhurtel,100.0,60.9,weak
simran rathore|uncha mandir neeche ganga dekho ri shiv shankar ka mela,Simran Rathore,Uncha Mandir Neeche Ganga Dekho Ri Shiv Shankar Ka Mela,338.0,1,Simran Rathore - Uncha Mandir Neeche Ganga Dekho Ri Shiv Shankar Ka Mela.mp3,Shiv Shankar,1543,Shankar Bhole,Ishwor Krishna Bhurtel,70.0,60.9,weak
skeuly|nekfeu x nepal love trap type beat heroin,Skeuly,"Nekfeu x Nepal Love Trap Type Beat - ""Heroin""",0.0,1,Nekfeu x Nepal Love Trap Type Beat - ＂Heroin＂.m4a,Trap Nepal,2944,Nepal Nepal,Robin Tamang,100.0,54.5,weak
sky lyrics|mayale vane bisaima ni pidiula lyrics,Sky Lyrics,Mayale vane bisaima ni pidiula lyrics || sailo ma charghare lyrics || Bishwo Dong||,281.0,1,Mayale vane bisaima ni pidiula lyrics ｜｜ sailo ma charghare lyrics ｜｜ Bishwo Dong｜｜.m4a,Sailo Ma Charghare,2453,Jani Mayale,Nisha ranpal,70.6,75.0,weak
smart psycho studios|matrip mac mero khabar call from uniq poet,Smart Psycho Studios,MATRIP MAC - Mero  Khabar (Call From Uniq Poet),0.0,1,MATRIP MAC - Mero  Khabar (Call From Uniq Poet).m4a,Uniq Poet,1387,Uniq Poet - Mero Desh Birami,Genius Romanizations,70.0,51.2,weak
smita sneha entertainment|musukkai hasana lau pirati gasana basanta thapa samikshya adhikari sunil chhetri new lok dohori,Smita Sneha Entertainment,Musukkai Hasana - Lau Pirati Gasana Basanta Thapa Samikshya Adhikari Sunil Chhetri New Lok Dohori,385.0,1,Musukkai Hasana - Lau Pirati Gasana Basanta Thapa Samikshya Adhikari Sunil Chhetri New Lok Dohori.m4a,Phool Ko Mala,1626,Basanta,JPT Rockerz,100.0,53.6,weak
smriti shahi feat ram krishna dhakal|jindagi ko,Smriti Shahi feat. Ram Krishna Dhakal,Jindagi ko,344.0,1,Smriti Shahi feat. Ram Krishna Dhakal - Jindagi ko (2).mp3,Smriti Shahi feat. Ram Krishna Dhakal,7,Jindagi Ko K Bharosha - Karna Das,,100.0,100.0,strong
society of ksitigarbha studies usa|my pledge,"Society of Ksitigarbha Studies, USA",My Pledge,0.0,1,My Pledge.mp3,Yama Buddha,,,,52.6,46.8,none
society of ksitigarbha studies usa|prayer before reading the sutra of ksitigarbha s fundamental vows,"Society of Ksitigarbha Studies, USA",Prayer before Reading The Sutra of Ksitigarbha's Fundamental Vows,0.0,1,Prayer before Reading The Sutra of Ksitigarbha's Fundamental Vows.mp3,Yama Buddha,,,,54.5,46.8,none
society of ksitigarbha studies usa|prayer for the dying and newly deceased,"Society of Ksitigarbha Studies, USA",Prayer for the Dying and Newly Deceased,0.0,1,Prayer for the Dying and Newly Deceased.mp3,Yama Buddha,,,,57.6,46.8,none
society of ksitigarbha studies usa|preface,"Society of Ksitigarbha Studies, USA",Preface,0.0,1,Preface.mp3,Yama Buddha,,,,54.5,46.8,none
society of ksitigarbha studies usa|the four grand vows opening prayer before reading a sutra,"Society of Ksitigarbha Studies, USA",The Four Grand Vows & Opening Prayer before Reading a Sutra,0.0,1,The Four Grand Vows & Opening Prayer before Reading a Sutra.mp3,Yama Buddha,,,,49.0,46.8,none
sohail abbasi|sajjan sath wen chade,Sohail Abbasi,Sajjan Sath Wen Chade,350.0,1,Sohail Abbasi - Sajjan Sath Wen Chade.mp3,Sajjan,688,Sath,Beyond & Barsha Karmacharya,100.0,63.6,weak
song naasam lemu by sonam j sherpa|song naasam lemu by sonam j sherpa,song Naasam Lemu By Sonam J. Sherpa,song Naasam Lemu By Sonam J. Sherpa,298.0,1,song Naasam Lemu By Sonam J. Sherpa - song Naasam Lemu By Sonam J. Sherpa.mp3,sherpa song,3163,Pir Song,Samjhana Bhandari,66.7,70.6,weak
song soongla riku yo by sonam j sherpa sona|new sherpa song soongla riku yo by sonam j s,song 2016/Soongla riku yo by Sonam J. Sherpa (SONA,New Sherpa song 2016/Soongla riku yo by Sonam J. S,389.0,1,song 2016_Soongla riku yo by Sonam J. Sherpa (SONA - New Sherpa song 2016_Soongla riku yo by Sonam J. S.mp3,sherpa song,3163,Pir Song,Samjhana Bhandari,66.7,70.6,weak
songsnepal|danda ko gumba hawal ngarden new nepali tamang lok selo song,SongsNepal,Danda Ko Gumba - Hawal Ngarden (New Nepali Tamang Lok Selo Song 2014),239.0,1,Danda Ko Gumba - Hawal Ngarden (New Nepali Tamang Lok Selo Song 2014).m4a,Danda Ko Gumba,207,Nepali,Albatross,100.0,58.8,weak
songsnepal|ek balak abinash chaulagain sagar dhimal,SongsNepal,EK BALAK - Abinash Chaulagain & Sagar Dhimal | New Nepali Rap Song 2020,250.0,1,EK BALAK - Abinash Chaulagain & Sagar Dhimal ｜ New Nepali Rap Song 2020.m4a,channel:SongsNepal,210,Sagar,Albatross,100.0,58.8,weak
songsnepal|galti kailash rai and lil chain,SongsNepal,GALTI - Kailash Rai and Lil Chain | New Nepali R&B Song 2020,277.0,1,GALTI - Kailash Rai and Lil Chain ｜ New Nepali R&B Song 2020.m4a,channel:SongsNepal,893,Galti,Chhewang Lama,100.0,58.8,weak
songsnepal|hami sangai anrig sahyog rai,SongsNepal,Hami Sangai - Anrig & Sahyog Rai | New Nepali R&B Song 2020,216.0,1,Hami Sangai - Anrig & Sahyog Rai ｜ New Nepali R&B Song 2020.m4a,channel:SongsNepal,2569,Hami,Prajina,100.0,58.8,weak
songsnepal|samarpan john the new wave,SongsNepal,SAMARPAN - John & The New Wave | New Nepali Pop Song 2020,313.0,1,SAMARPAN - John & The New Wave ｜ New Nepali Pop Song 2020.m4a,channel:SongsNepal,805,Wave,Bipul Dahal Janam Rana,100.0,58.8,weak
songsnepal|sparsha 2 prashant myst ft teena sherpa,SongsNepal,SPARSHA 2 - Prashant Myst Ft. Teena Sherpa | New Nepali Pop Song 2021,324.0,1,SPARSHA 2 - Prashant Myst Ft. Teena Sherpa ｜ New Nepali Pop Song 2021.m4a,channel:SongsNepal,1994,Sparsha,Mc Flo,100.0,58.8,weak
songsnepal|sunana prakash neupane x aidray,SongsNepal,Sunana - Prakash Neupane X Aidray | Brijesh Shrestha | New Nepali R&B Pop Song 2017,235.0,1,Sunana - Prakash Neupane X Aidray ｜ Brijesh Shrestha ｜ New Nepali R&B Pop Song 2017.m4a,Aidray Nepali rap,3154,Mayalu Sunana,Samir Shrestha,63.2,58.8,none
sonu satrangi anu raj|aashiq chilam gaja ke,"Sonu Satrangi, Anu Raj",Aashiq Chilam Gaja Ke,223.0,1,"Sonu Satrangi, Anu Raj - Aashiq Chilam Gaja Ke.mp3",sonu satrangi,1420,Akashai Ma Chil Udyo,Gloomy Guys,63.4,61.5,none
sonu satrangi feat sanjana saksena|dhori pa bhatar likh ke tattoo banali ka,Sonu Satrangi feat. Sanjana Saksena,Dhori Pa Bhatar Likh Ke Tattoo Banali Ka,227.0,1,Sonu Satrangi feat. Sanjana Saksena - Dhori Pa Bhatar Likh Ke Tattoo Banali Ka.mp3,sonu satrangi,,,,55.7,60.9,none
sonu satrangi feat sanjana saxena|mauriya jee ke jhanda 2,Sonu Satrangi feat. Sanjana Saxena,Mauriya Jee Ke Jhanda 2,206.0,1,Sonu Satrangi feat. Sanjana Saxena - Mauriya Jee Ke Jhanda 2.mp3,sonu satrangi,,,,57.1,60.9,none
sonu satrangi karan pandey|siwan mor jilwa me,"Sonu Satrangi, Karan Pandey",Siwan Mor Jilwa Me,216.0,1,"Sonu Satrangi, Karan Pandey - Siwan Mor Jilwa Me.mp3",sonu satrangi,748,A Meri Suwa,Bindu Pariyar,62.1,66.7,none
sonu satrangi nandani dixit|jara fir se dona,"Sonu Satrangi, Nandani Dixit",Jara Fir Se Dona,164.0,1,"Sonu Satrangi, Nandani Dixit - Jara Fir Se Dona.mp3",sonu satrangi,,,,57.1,57.1,none
sonu satrangi nandani dixit|senura mangiya me saja ke koiran bana leti,"Sonu Satrangi, Nandani Dixit",Senura Mangiya Me Saja ke Koiran Bana Leti,199.0,1,"Sonu Satrangi, Nandani Dixit - Senura Mangiya Me Saja ke Koiran Bana Leti.mp3",sonu satrangi,,,,55.9,57.1,none
sonu satrangi nandni dixit|basuriya mar kake ughare,"Sonu Satrangi, Nandni Dixit",Basuriya Mar Kake Ughare,232.0,1,"Sonu Satrangi, Nandni Dixit - Basuriya Mar Kake Ughare.mp3",sonu satrangi,,,,57.8,57.1,none
sonu satrangi sanjana saxsena|jawan patawe na di,"Sonu Satrangi, Sanjana Saxsena",Jawan Patawe Na Di,207.0,1,"Sonu Satrangi, Sanjana Saxsena - Jawan Patawe Na Di.mp3",sonu satrangi,620,Lakka Jawan,"Babul Giri, Meena Niraula",62.5,60.9,none
sonu satrangi|aawo nepal ke pari tu khola ham chadhi,sonu satrangi,Aawo Nepal Ke Pari Tu Khola Ham Chadhi,205.0,1,sonu satrangi - Aawo Nepal Ke Pari Tu Khola Ham Chadhi.mp3,sonu satrangi,270,Pari,Anil Singh,100.0,60.9,weak
sonu satrangi|chhati mai ho kuchle biya dil godhan me,Sonu Satrangi,Chhati Mai ho Kuchle Biya Dil Godhan Me,179.0,1,Sonu Satrangi - Chhati Mai ho Kuchle Biya Dil Godhan Me.mp3,sonu satrangi,357,Aye Dil,Ankit Tiwari,60.0,60.9,none
sonu satrangi|chote saman bhail kuwa,Sonu Satrangi,Chote Saman Bhail Kuwa,289.0,1,Sonu Satrangi - Chote Saman Bhail Kuwa.mp3,sonu satrangi,1437,Man Bhitra K Chha,Gulam Ali Khan,61.5,60.9,none
sonu satrangi|dihalu 64 gb ke gam,Sonu Satrangi,Dihalu 64 Gb Ke Gam,194.0,1,Sonu Satrangi - Dihalu 64 Gb Ke Gam.mp3,sonu satrangi,,,,56.2,60.9,none
sonu satrangi|hamare chusal tor bhatara chusi,Sonu Satrangi,Hamare Chusal Tor Bhatara Chusi,184.0,1,Sonu Satrangi - Hamare Chusal Tor Bhatara Chusi.mp3,sonu satrangi,,,,59.3,60.9,none
sonu satrangi|hamare jilla ke pila h,Sonu Satrangi,Hamare Jilla Ke pila h,157.0,1,Sonu Satrangi - Hamare Jilla Ke pila h.mp3,sonu satrangi,,,,58.5,60.9,none
sonu satrangi|jahar judai ke piya dena ge jaan,Sonu Satrangi,Jahar Judai Ke Piya Dena Ge jaan,258.0,1,Sonu Satrangi - Jahar Judai Ke Piya Dena Ge jaan.mp3,sonu satrangi,,,,55.2,60.9,none
sonu satrangi|janu jahar diha piyai,Sonu Satrangi,Janu Jahar Diha Piyai,212.0,1,Sonu Satrangi - Janu Jahar Diha Piyai.mp3,sonu satrangi,347,Rahar Chha Sangai,"Anju Panta, Sugam Pokharel",63.2,60.9,none
sonu satrangi|jaymala p goli chalaile ba,Sonu Satrangi,Jaymala P Goli Chalaile Ba,200.0,1,Sonu Satrangi - Jaymala P Goli Chalaile Ba.mp3,sonu satrangi,,,,57.1,60.9,none
sonu satrangi|kuch gyan deda bidya ke dani hau ho,Sonu Satrangi,Kuch Gyan Deda Bidya Ke Dani Hau Ho,209.0,1,Sonu Satrangi - Kuch Gyan Deda Bidya Ke Dani Hau Ho.mp3,sonu satrangi,,,,49.1,60.9,none
sonu satrangi|lele ba chaura chawara me,Sonu Satrangi,Lele Ba Chaura Chawara Me,217.0,1,Sonu Satrangi - Lele Ba Chaura Chawara Me.mp3,sonu satrangi,,,,59.1,60.9,none
sonu satrangi|lele jaiha dilwa sinhora me,Sonu Satrangi,Lele Jaiha Dilwa Sinhora Me,222.0,1,Sonu Satrangi - Lele Jaiha Dilwa Sinhora Me.mp3,sonu satrangi,,,,55.3,60.9,none
sonu satrangi|mai bina ke gohariha ho,Sonu Satrangi,Mai Bina Ke Gohariha Ho,220.0,1,Sonu Satrangi - Mai Bina Ke Gohariha Ho.mp3,sonu satrangi,1697,Kaha Hola Ghara Bara,Karma Band,65.1,60.9,weak
sonu satrangi|marile san beta re nepali san ke gher ke,sonu satrangi,MARILE SAN BETA RE NEPALI SAN KE GHER KE,161.0,1,sonu satrangi - MARILE SAN BETA RE NEPALI SAN KE GHER KE.mp3,nepali,207,Nepali,Albatross,100.0,60.9,weak
sonu satrangi|morya ji ke jhanda,Sonu Satrangi,Morya Ji Ke Jhanda,206.0,1,Sonu Satrangi - Morya Ji Ke Jhanda.mp3,sonu satrangi,2672,Ke Nai Chha Ra,Pratap Das,68.8,60.9,weak
sonu satrangi|nepal ke lokal hiye bihari ke thokal hiye,sonu satrangi,Nepal Ke Lokal Hiye Bihari Ke Thokal Hiye,169.0,1,sonu satrangi - Nepal Ke Lokal Hiye Bihari Ke Thokal Hiye.mp3,sonu satrangi,2944,Nepal Nepal,Robin Tamang,100.0,60.9,weak
sonu satrangi|nepal wali bhauji re 300 me hau di re,sonu satrangi,Nepal Wali Bhauji Re 300 Me Hau Di re,169.0,1,sonu satrangi - Nepal Wali Bhauji Re 300 Me Hau Di re.mp3,sonu satrangi,2944,Nepal Nepal,Robin Tamang,100.0,60.9,weak
sonu satrangi|payar na karila rangdari kari re,Sonu Satrangi,Payar Na Karila Rangdari Kari Re,174.0,1,Sonu Satrangi - Payar Na Karila Rangdari Kari Re.mp3,sonu satrangi,,,,56.0,60.9,none
sonu satrangi|rani ho tohara godiya me,Sonu Satrangi,Rani Ho Tohara Godiya Me,201.0,1,Sonu Satrangi - Rani Ho Tohara Godiya Me.mp3,sonu satrangi,3063,Raja rani,"Sagar Ale Magar, Sadikshya Kattel",61.5,60.9,none
sonu satrangi|saman tor far dem,Sonu Satrangi,Saman Tor Far Dem,183.0,1,Sonu Satrangi - Saman Tor Far Dem.mp3,sonu satrangi,521,Tyo mann ma,Ashit Ryee sikkimese,64.3,60.9,none
sonu satrangi|sas damad pe lubha gail,Sonu Satrangi,Sas Damad Pe Lubha Gail,200.0,1,Sonu Satrangi - Sas Damad Pe Lubha Gail.mp3,sonu satrangi,,,,56.4,60.9,none
sonu satrangi|siwan lagi mari ta bolaibi 112,sonu satrangi,Siwan Lagi Mari Ta Bolaibi 112,196.0,1,sonu satrangi - Siwan Lagi Mari Ta Bolaibi 112.mp3,sonu satrangi,2643,Lagi Lagi,Pramod Kharel & Yogita Moktan,100.0,60.9,weak
soonam sherpa|ma barbad,Soonam Sherpa,Ma Barbad,273.0,1,Soonam Sherpa - Ma Barbad.mp3,SHERPA,3773,Ma,The Shadows 'Nepal',100.0,70.6,weak
sounds of himalayas|durgesh thapa x james hype jane bhaye jau maya tech house edit,Sounds Of Himalayas,(FREE DOWNLOAD) DURGESH THAPA X JAMES HYPE ( JANE BHAYE JAU MAYA) TECH HOUSE EDIT,0.0,1,(FREE DOWNLOAD) DURGESH THAPA X JAMES HYPE ( JANE BHAYE JAU MAYA) TECH HOUSE EDIT.m4a,Durgesh Thapa,526,Maya,Ashutosh KC,100.0,54.5,weak
srikrishna bhattarai|new teej song by sahima,Srikrishna Bhattarai,New teej song by sahima,0.0,1,New teej song by sahima.mp3,teej song,3163,Pir Song,Samjhana Bhandari,66.7,77.8,weak
srishti bharti sanjeev singh|kala suit,"Srishti Bharti, Sanjeev Singh",Kala Suit,189.0,1,"Srishti Bharti, Sanjeev Singh - Kala Suit.mp3",Sanjeev Singh,750,Ekal Srot,Binit Shrestha,66.7,100.0,weak
steel man|sathi yama buddha female,Steel Man,sathi yama buddha female cover,0.0,1,sathi yama buddha female cover.m4a,Yama Buddha,3562,Sathi,SUshant KC,100.0,80.0,probable
striven|shiv shankar parvati,striven,Shiv Shankar Parvati,152.0,1,striven - Shiv Shankar Parvati.mp3,Shiv Shankar,2067,Om Jaya Shiva Shankar,"Mira Rana, Dwarika Lal Joshi",73.2,54.5,weak
studio iox|asheek bhool new nepali rap,Studio iOX,Asheek- BHOOL (New Nepali Rap 2019),0.0,1,Asheek- BHOOL (New Nepali Rap 2019).m4a,Aidray Nepali rap,192,Bhool,Albatross,100.0,60.0,weak
studio soundtrack kids|रेशम फिरिरी।resham firiri,Studio SoundTrack Kids,रेशम फिरिरी।Resham Firiri || Nivriti Sharma|| 2020dec,192.0,1,रेशम फिरिरी।Resham Firiri ｜｜ Nivriti Sharma｜｜ 2020dec.m4a,Resham Firiri,1650,Resham Firiri,Kali Prasad Baskota,68.4,48.8,weak
subash thebe limbu|tara eh kancha malai sunko tara feat shreya rai variation ii,subash thebe limbu,TARA (eh kancha) malai sunko tara feat. SHREYA RAI (variation II),0.0,1,TARA (eh kancha) malai sunko tara feat. SHREYA RAI (variation II).mp3,Ambar Gurung,472,Eh Kancha,Aruna Lama,100.0,66.7,weak
subodhabishoyi|budha budhi khelile batti,subodhabishoyi,BUDHA BUDHI KHELILE BATTI,301.0,1,BUDHA BUDHI KHELILE BATTI.m4a,Chhori Budhi,1991,Sadak Batti,Mc Flo,62.5,53.8,none
sudan gaire melina rai|udi jana rel,"Sudan Gaire, Melina Rai",Udi Jana Rel,227.0,1,"Sudan Gaire, Melina Rai - Udi Jana Rel.mp3",Melina Rai,3203,Udi Jane Rumal,Sanjeep Pradhan,76.9,100.0,weak
sugam pokharel anamika malla|timro mero preet,"Sugam Pokharel, Anamika Malla",Timro mero Preet,217.0,1,"Sugam Pokharel, Anamika Malla - Timro mero Preet.mp3",Sugam Pokharel,1178,Timro Mero Bhet,Dr Pilot,83.9,100.0,probable
sugam pokharel anju panta|kunai din,"Sugam Pokharel, Anju Panta",Kunai Din,261.0,1,"Sugam Pokharel, Anju Panta - Kunai Din.mp3",Sugam Pokharel,419,Din,Anuprastha,100.0,100.0,strong
sugam pokharel anju panta|maya baschha ki ke ho,"Sugam Pokharel, Anju Panta",Maya Baschha Ki Ke Ho,269.0,1,"Sugam Pokharel, Anju Panta - Maya Baschha Ki Ke Ho.mp3",Sugam Pokharel,526,Maya,Ashutosh KC,100.0,100.0,strong
sugam pokharel anju panta|rahar chha sangai,Sugam Pokharel & Anju Panta,Rahar Chha Sangai,262.0,1,Sugam Pokharel & Anju Panta - Rahar Chha Sangai.mp3,Sugam Pokharel,347,Rahar Chha Sangai,"Anju Panta, Sugam Pokharel",100.0,100.0,strong
sugam pokharel anju panta|yesto saathi,Sugam Pokharel & Anju Panta,Yesto Saathi,251.0,1,Sugam Pokharel & Anju Panta - Yesto Saathi.mp3,Sugam Pokharel,1184,Saathi,Durgesh Thapa,100.0,100.0,strong
sugam pokharel anju pant|aaye ma timro chheu,"Sugam Pokharel, Anju Pant",Aaye Ma Timro Chheu,240.0,1,"Sugam Pokharel, Anju Pant - Aaye Ma Timro Chheu.mp3",Sugam Pokharel,3614,Ma Timro,Swoopna Suman,100.0,100.0,strong
sugam pokharel anju pant|timro lagi ma,"Sugam Pokharel, Anju Pant",Timro Lagi Ma,239.0,1,"Sugam Pokharel, Anju Pant - Timro Lagi Ma.mp3",Sugam Pokharel,131,Timro Lagi,Abhaya and The Steam Injuns,100.0,100.0,strong
sugam pokharel babu bogati prashna shakya|timrai lagi,"Sugam Pokharel, Babu Bogati, Prashna Shakya",Timrai Lagi,268.0,1,"Sugam Pokharel, Babu Bogati, Prashna Shakya - Timrai Lagi.mp3",Sugam Pokharel,2643,Lagi Lagi,Pramod Kharel & Yogita Moktan,100.0,100.0,strong
sugam pokharel durga kharel|doli sajai,"Sugam Pokharel, Durga Kharel",Doli Sajai,227.0,1,"Sugam Pokharel, Durga Kharel - Doli Sajai.mp3",Sugam Pokharel,68,Saani Ko,1974 AD,66.7,100.0,weak
sugam pokharel melina rai|aakha ugharera herda,"Sugam Pokharel, Melina Rai",Aakha Ugharera Herda,274.0,1,"Sugam Pokharel, Melina Rai - Aakha Ugharera Herda.mp3",Sugam Pokharel,873,Herda Ramro Machhapuchhre,Buddhi Pariyar,66.7,100.0,weak
sugam pokharel prabisha adhikari|maya garideuna,"Sugam Pokharel, Prabisha Adhikari",Maya Garideuna,231.0,1,"Sugam Pokharel, Prabisha Adhikari - Maya Garideuna.mp3",Sugam Pokharel,526,Maya,Ashutosh KC,100.0,100.0,strong
sugam pokharel reshma pun|gham joon chahidaina,"Sugam Pokharel, Reshma pun",Gham Joon Chahidaina,259.0,1,"Sugam Pokharel, Reshma pun - Gham Joon Chahidaina.mp3",Sugam Pokharel,264,Chahidaina Satai Juni,Anil Singh,66.7,100.0,weak
sugam pokharel shristi singh thakuri|jeevan hamro,"Sugam Pokharel, Shristi Singh Thakuri",Jeevan Hamro,258.0,1,"Sugam Pokharel, Shristi Singh Thakuri - Jeevan Hamro.mp3",Sugam Pokharel,1155,Jeevan,Dixita Karki,100.0,100.0,strong
sugam pokharel sudin pokharel|panchhi,"Sugam Pokharel, Sudin Pokharel",Panchhi,266.0,1,"Sugam Pokharel, Sudin Pokharel - Panchhi.mp3",Sugam Pokharel,318,Panchhi Bani Timro,Anju Panta,100.0,100.0,strong
sugam pokharel|aaja mero,Sugam Pokharel,Aaja Mero,285.0,1,Sugam Pokharel - Aaja Mero.mp3,Sugam Pokharel,144,Aaja,Adrian Pradhan,100.0,100.0,strong
sugam pokharel|aakash aaja roirahechha,Sugam Pokharel,Aakash Aaja Roirahechha,200.0,1,Sugam Pokharel - Aakash Aaja Roirahechha.mp3,Sugam Pokharel,144,Aaja,Adrian Pradhan,100.0,100.0,strong
sugam pokharel|aja feri,Sugam Pokharel,Aja Feri,282.0,1,Sugam Pokharel - Aja Feri.mp3,Sugam Pokharel,3598,Aaja Feri,Swoopna Suman,94.1,100.0,strong
sugam pokharel|bhanekai hun mailey,Sugam Pokharel,Bhanekai Hun Mailey,198.0,1,Sugam Pokharel - Bhanekai Hun Mailey.mp3,Sugam Pokharel,3426,Bhanekai Hu Maile,Sugam Pokhrel,94.4,100.0,strong
sugam pokharel|bhar sangeet ko,Sugam Pokharel,Bhar Sangeet Ko,281.0,1,Sugam Pokharel - Bhar Sangeet Ko.mp3,Sugam Pokharel,1008,Adhar Ko Muskan,Deep Shrestha,66.7,100.0,weak
sugam pokharel|biteka yaad,Sugam Pokharel,Biteka Yaad,264.0,1,Sugam Pokharel - Biteka Yaad.mp3,Sugam Pokharel,3254,Biteka Timra Yaad harule,Seasons,100.0,100.0,strong
sugam pokharel|buwa,Sugam Pokharel,Buwa,273.0,1,Sugam Pokharel - Buwa.mp3,Sugam Pokharel,91,Buwa Lai Gali Nagara,2025 New Song of Dixita Karki,100.0,100.0,strong
sugam pokharel|chhaina kohi,Sugam Pokharel,Chhaina Kohi,257.0,1,Sugam Pokharel - Chhaina Kohi.mp3,Sugam Pokharel,194,Chhaina,Albatross,100.0,100.0,strong
sugam pokharel|dashain aayo,Sugam Pokharel,Dashain Aayo,231.0,1,Sugam Pokharel - Dashain Aayo.mp3,Sugam Pokharel,3396,Dashain Aayo,Sugam Pokharel,100.0,100.0,strong
sugam pokharel|dashain tihar,Sugam Pokharel,Dashain Tihar,238.0,1,Sugam Pokharel - Dashain Tihar.mp3,Sugam Pokharel,3397,Dashain Tihar,Sugam Pokharel,100.0,100.0,strong
sugam pokharel|eauta manchhe,Sugam Pokharel,Eauta Manchhe,290.0,1,Sugam Pokharel - Eauta Manchhe.mp3,Sugam Pokharel,2178,Euta Mancheko,Narayan Gopal,84.6,100.0,probable
sugam pokharel|ekantama,Sugam Pokharel,Ekantama,240.0,1,Sugam Pokharel - Ekantama.mp3,Sugam Pokharel,3432,Ekantama,Sugam Pokhrel,100.0,100.0,strong
sugam pokharel|ekantamaa,Sugam Pokharel,Ekantamaa,246.0,1,Sugam Pokharel - Ekantamaa.mp3,Sugam Pokharel,1693,Ekantama,Karma Band,94.1,100.0,strong
sugam pokharel|hasda uni,Sugam Pokharel,Hasda Uni,265.0,1,Sugam Pokharel - Hasda Uni.mp3,Sugam Pokharel,4055,Timi Hasda Tyo,Yam Baral,71.4,100.0,weak
sugam pokharel|holi,Sugam Pokharel,Holi,314.0,1,Sugam Pokharel - Holi.mp3,Sugam Pokharel,728,Bholi,Bikki Gurung,88.9,100.0,probable
sugam pokharel|jaba din,Sugam Pokharel,Jaba Din,290.0,1,Sugam Pokharel - Jaba Din.mp3,Sugam Pokharel,419,Din,Anuprastha,100.0,100.0,strong
sugam pokharel|jaba raat,Sugam Pokharel,Jaba Raat,264.0,1,Sugam Pokharel - Jaba Raat.mp3,Sugam Pokharel,2126,Aaja Rati,Nabin Gahatraj,66.7,100.0,weak
sugam pokharel|jeuna chahanchhu,Sugam Pokharel,Jeuna Chahanchhu,305.0,1,Sugam Pokharel - Jeuna Chahanchhu.mp3,Sugam Pokharel,2668,Chahanchhu,Pratap Das,100.0,100.0,strong
sugam pokharel|k yehi prem ho,Sugam Pokharel,K Yehi Prem Ho,309.0,1,Sugam Pokharel - K Yehi Prem Ho.mp3,Sugam Pokharel,738,Yehi Nai Ho K Maya,Bikki Gurung,78.3,100.0,probable
sugam pokharel|kasari bhanu timilai,Sugam Pokharel,Kasari Bhanu Timilai,219.0,1,Sugam Pokharel - Kasari Bhanu Timilai.mp3,Sugam Pokharel,3402,Kasari Bhanu Timilai,Sugam Pokharel,100.0,100.0,strong
sugam pokharel|kasto nasha yo,Sugam Pokharel,Kasto Nasha Yo,321.0,1,Sugam Pokharel - Kasto Nasha Yo.mp3,Sugam Pokharel,3581,Kasto Ho Yo,Swapnil Sharma,84.2,100.0,probable
sugam pokharel|kati din bite,Sugam Pokharel,Kati Din Bite,262.0,1,Sugam Pokharel - Kati Din Bite.mp3,Sugam Pokharel,3438,Kati Din Bite,Sugam Pokhrel,100.0,100.0,strong
sugam pokharel|lagchha malai,Sugam Pokharel,Lagchha Malai,281.0,1,Sugam Pokharel - Lagchha Malai.mp3,Sugam Pokharel,3035,Malai Thacha,Sabin Rai & The Pharaoh,80.0,100.0,probable
sugam pokharel|malai,Sugam Pokharel,Malai,290.0,1,Sugam Pokharel - Malai.mp3,Sugam Pokharel,10,LAIJAU MALAI - Abhaya and The Steam Engines,,100.0,100.0,strong
sugam pokharel|malai nasamjha,Sugam Pokharel,Malai Nasamjha,215.0,1,Sugam Pokharel - Malai Nasamjha.mp3,Sugam Pokharel,160,Nasamjha,Adrian Pradhan,100.0,100.0,strong
sugam pokharel|maya baidame,Sugam Pokharel,Maya Baidame,247.0,1,Sugam Pokharel - Maya Baidame.mp3,Sugam Pokharel,526,Maya,Ashutosh KC,100.0,100.0,strong
sugam pokharel|maya ko bato,Sugam Pokharel,Maya Ko Bato,273.0,1,Sugam Pokharel - Maya Ko Bato.mp3,Sugam Pokharel,3443,Maya Ko Bato,Sugam Pokhrel,100.0,100.0,strong
sugam pokharel|maya yo,Sugam Pokharel,Maya Yo,270.0,1,Sugam Pokharel - Maya Yo.mp3,Sugam Pokharel,336,Yo Maya Bhanne Cheej Kasto,Anju Panta,100.0,100.0,strong
sugam pokharel|melanko,Sugam Pokharel,Melanko,216.0,1,Sugam Pokharel - Melanko.mp3,Sugam Pokharel,2989,Mellow,Rohit Shakya & Sajjan Raj Vaidya,61.5,100.0,weak
sugam pokharel|mero mann,Sugam Pokharel,Mero Mann,213.0,1,Sugam Pokharel - Mero Mann.mp3,Sugam Pokharel,2093,Mero Mann,Monkey Temple Nepal,100.0,100.0,strong
sugam pokharel|mero sansar,Sugam Pokharel,Mero Sansar,282.0,1,Sugam Pokharel - Mero Sansar.mp3,Sugam Pokharel,3446,Mero Sansar,Sugam Pokhrel,100.0,100.0,strong
sugam pokharel|mero yo dil,Sugam Pokharel,Mero Yo Dil,257.0,1,Sugam Pokharel - Mero Yo Dil.mp3,Sugam Pokharel,1225,Yo Dil Mero,Edge Band,100.0,100.0,strong
sugam pokharel|pheri tyo din,Sugam Pokharel,Pheri Tyo Din,220.0,1,Sugam Pokharel - Pheri Tyo Din.mp3,Sugam Pokharel,3410,Pheri tyo din,Sugam Pokharel,100.0,100.0,strong
sugam pokharel|sakdina kina ho,Sugam Pokharel,Sakdina Kina Ho,266.0,1,Sugam Pokharel - Sakdina Kina Ho.mp3,Sugam Pokharel,130,Sakdina,Abhaya and The Steam Injuns,100.0,100.0,strong
sugam pokharel|samjhana ma,Sugam Pokharel,Samjhana Ma,289.0,1,Sugam Pokharel - Samjhana Ma.mp3,Sugam Pokharel,168,Samjhana Ma,Adrian Pradhan,100.0,100.0,strong
sugam pokharel|sancheko maya,Sugam Pokharel,Sancheko Maya,282.0,1,Sugam Pokharel - Sancheko Maya.mp3,Sugam Pokharel,526,Maya,Ashutosh KC,100.0,100.0,strong
sugam pokharel|sathi ho,Sugam Pokharel,Sathi Ho,266.0,1,Sugam Pokharel - Sathi Ho.mp3,Sugam Pokharel,1848,Sathi Ho,Laure,100.0,100.0,strong
sugam pokharel|satya rahechha,Sugam Pokharel,Satya Rahechha,240.0,1,Sugam Pokharel - Satya Rahechha.mp3,Sugam Pokharel,1087,Yestai Rahecha,Devika Bandana,78.6,100.0,probable
sugam pokharel|satya satya,Sugam Pokharel,Satya Satya,200.0,1,Sugam Pokharel - Satya Satya.mp3,Sugam Pokharel,555,Jhuto Satya,Astha Tamang-Maskey,100.0,100.0,strong
sugam pokharel|suruwaat,Sugam Pokharel,Suruwaat,247.0,1,Sugam Pokharel - Suruwaat.mp3,Sugam Pokharel,3030,Suruwaat By Sabin Rai,Sabin Rai,100.0,100.0,strong
sugam pokharel|timi jitna,Sugam Pokharel,Timi Jitna,215.0,1,Sugam Pokharel - Timi Jitna.mp3,Sugam Pokharel,752,Timi,Binit Shrestha,100.0,100.0,strong
sugam pokharel|timi lai,Sugam Pokharel,Timi Lai,316.0,1,Sugam Pokharel - Timi Lai.mp3,Sugam Pokharel,752,Timi,Binit Shrestha,100.0,100.0,strong
sugam pokharel|timi nabhaye,Sugam Pokharel,Timi Nabhaye,283.0,1,Sugam Pokharel - Timi Nabhaye.mp3,Sugam Pokharel,3452,Timi Nabhaye,Sugam Pokhrel,100.0,100.0,strong
sugam pokharel|timro muhar ma,Sugam Pokharel,Timro muhar Ma,270.0,1,Sugam Pokharel - Timro muhar Ma.mp3,Sugam Pokharel,3614,Ma Timro,Swoopna Suman,100.0,100.0,strong
sugam pokharel|yasari,Sugam Pokharel,Yasari,268.0,1,Sugam Pokharel - Yasari.mp3,Sugam Pokharel,1713,Yastai,Karma Band,83.3,100.0,probable
sugam pokharel|yestai rahechha yo maya,Sugam Pokharel,Yestai Rahechha Yo Maya,137.0,1,Sugam Pokharel - Yestai Rahechha Yo Maya.mp3,Sugam Pokharel,526,Maya,Ashutosh KC,100.0,100.0,strong
sugam pokharel|yo sanjh,Sugam Pokharel,Yo Sanjh,204.0,1,Sugam Pokharel - Yo Sanjh.mp3,Sugam Pokharel,434,Yo Saanjh,Araj Keshav,94.1,100.0,strong
sugam pokhrel anju pant melina rai|bahar sangai udyo maan,"Sugam Pokhrel, Anju Pant, Melina Rai",Bahar Sangai Udyo Maan,188.0,1,"Sugam Pokhrel, Anju Pant, Melina Rai - Bahar Sangai Udyo Maan (2).mp3",Melina Rai,3230,Sangai,Sareen Deoja,100.0,100.0,strong
sugam pokhrel anju pant melina rai|timi royeko pal,"Sugam Pokhrel, Anju Pant, Melina Rai",Timi Royeko Pal,316.0,1,"Sugam Pokhrel, Anju Pant, Melina Rai - Timi Royeko Pal.mp3",Melina Rai,752,Timi,Binit Shrestha,100.0,100.0,strong
sujan rasaili melina rai|timile bhanda dherai maya garchhu,"Sujan Rasaili, Melina Rai",Timile Bhanda Dherai Maya Garchhu,291.0,1,"Sujan Rasaili, Melina Rai - Timile Bhanda Dherai Maya Garchhu.mp3",Melina Rai,526,Maya,Ashutosh KC,100.0,100.0,strong
sujan tigela limbu feat melina rai|harpe ma ghiu feat melina rai,Sujan Tigela Limbu feat. Melina Rai,Harpe Ma Ghiu (feat. Melina Rai),277.0,1,Sujan Tigela Limbu feat. Melina Rai - Harpe Ma Ghiu (feat. Melina Rai).mp3,Melina Rai,3773,Ma,The Shadows 'Nepal',100.0,100.0,strong
sujan tigela limbu feat melina rai|timi bhitra feat melina rai,Sujan Tigela Limbu feat. Melina Rai,Timi Bhitra (feat. Melina Rai),304.0,1,Sujan Tigela Limbu feat. Melina Rai - Timi Bhitra (feat. Melina Rai).mp3,Melina Rai,752,Timi,Binit Shrestha,100.0,100.0,strong
sukmit gurung bimala rai|maile maya,"Sukmit Gurung, Bimala Rai",Maile Maya,204.0,1,"Sukmit Gurung, Bimala Rai - Maile Maya.mp3",Bimala Rai,526,Maya,Ashutosh KC,100.0,100.0,strong
sukmit gurung prakash shrestha|chumera sugandhi phool,"Sukmit Gurung, Prakash Shrestha",Chumera Sugandhi Phool,346.0,1,"Sukmit Gurung, Prakash Shrestha - Chumera Sugandhi Phool.mp3",Prakash Shrestha,3465,Phool,Sujan Chapagain,100.0,100.0,strong
sukmit gurung prakash shrestha|naya naya,"Sukmit Gurung, Prakash Shrestha",Naya Naya,260.0,1,"Sukmit Gurung, Prakash Shrestha - Naya Naya.mp3",Prakash Shrestha,777,Naya Din,Bipul Chettri,100.0,100.0,strong
sukmit gurung prakash shrestha|timi bhaye dekhi,"Sukmit Gurung, Prakash Shrestha",Timi Bhaye Dekhi,251.0,1,"Sukmit Gurung, Prakash Shrestha - Timi Bhaye Dekhi.mp3",Prakash Shrestha,752,Timi,Binit Shrestha,100.0,100.0,strong
sukru sani|sama e kot a kutumba,Sukru Sani,Sama E Kot A Kutumba,412.0,1,Sukru Sani - Sama E Kot A Kutumba.mp3,Kutumba,3177,Samaj Ko Kura,Samriddhi Rai,66.7,63.6,weak
suman kc feat melina rai|dilma sajaula,Suman KC feat. Melina Rai,Dilma Sajaula,289.0,1,Suman KC feat. Melina Rai - Dilma Sajaula.mp3,Melina Rai,168,Samjhana Ma,Adrian Pradhan,66.7,100.0,weak
suman kc melina rai|makhamali choli,"Suman KC, Melina Rai",Makhamali Choli,248.0,1,"Suman KC, Melina Rai - Makhamali Choli.mp3",Melina Rai,3473,Makhamali,"Sujan Chapagain, Sunita Thegim",100.0,100.0,strong
suman sona bhogendra nepali|lal suit mein bullet lagechhi,"Suman Sona, Bhogendra Nepali",Lal Suit Mein Bullet Lagechhi,177.0,1,"Suman Sona, Bhogendra Nepali - Lal Suit Mein Bullet Lagechhi.mp3",nepali,2348,Mera Suit,Neha Kakkar | Tony Kakkar | Junior,61.5,63.2,none
sumina nepali|mero sorhai shringarma,Sumina Nepali,Mero Sorhai Shringarma,339.0,1,Sumina Nepali - Mero Sorhai Shringarma.mp3,nepali,499,Udas Mero,Aruna Lama,61.5,72.7,none
sunil giri suman gurung|timi aayou,"Sunil Giri, Suman Gurung",Timi Aayou,262.0,1,"Sunil Giri, Suman Gurung - Timi Aayou.mp3",Sunil Giri,1047,Timi Aayou,Deepak Gurung,100.0,100.0,strong
sunil giri|dasain aayo farkiyo lahure,Sunil Giri,Dasain Aayo Farkiyo Lahure,240.0,1,Sunil Giri - Dasain Aayo Farkiyo Lahure.mp3,Sunil Giri,899,Lahure,Chhewang Lama,100.0,100.0,strong
sunil giri|dashain ayo,Sunil Giri,Dashain Ayo,236.0,1,Sunil Giri - Dashain Ayo.mp3,Sunil Giri,3904,Dashain Ayo,"Udit Narayan, Deepa Narayan Jha",100.0,100.0,strong
sunil giri|deurali,Sunil Giri,Deurali,185.0,1,Sunil Giri - Deurali.mp3,Sunil Giri,2285,Deurali,Naren Limbu,100.0,100.0,strong
sunil giri|deurali bhanjyang,Sunil Giri,Deurali Bhanjyang,207.0,1,Sunil Giri - Deurali Bhanjyang.mp3,Sunil Giri,43,Deurali Bhanjyang,1974 AD,100.0,100.0,strong
sunil giri|gharwali,Sunil Giri,Gharwali,245.0,1,Sunil Giri - Gharwali.mp3,Sunil Giri,110,Harpal,Aastha Band,71.4,100.0,weak
sunil giri|hami chau ni aama,Sunil Giri,Hami Chau Ni Aama,237.0,1,Sunil Giri - Hami Chau Ni Aama.mp3,Sunil Giri,1007,Aama Aama,Deep Shrestha,100.0,100.0,strong
sunil giri|jeevan yo rahe samma,Sunil Giri,Jeevan Yo Rahe Samma,285.0,1,Sunil Giri - Jeevan Yo Rahe Samma.mp3,Sunil Giri,1155,Jeevan,Dixita Karki,100.0,100.0,strong
sunil giri|kailas tabah re,Sunil Giri,KAILAS TABAH RE,189.0,1,Sunil Giri - KAILAS TABAH RE.mp3,Sunil Giri,1152,Maachi Kadaile,Diwas Gurung,62.1,100.0,weak
sunil giri|ko hola tyo,Sunil Giri,Ko Hola Tyo,282.0,1,Sunil Giri - Ko Hola Tyo.mp3,Sunil Giri,3498,Ko Hola Tyo,Sunil Giri,100.0,100.0,strong
sunil giri|mix tape deuralima ko hola,Sunil Giri,Mix Tape • Deuralima Ko Hola,384.0,1,Sunil Giri - Mix Tape • Deuralima Ko Hola.mp3,Sunil Giri,3498,Ko Hola Tyo,Sunil Giri,77.8,100.0,weak
sunil giri|na manem tor bat,Sunil Giri,Na Manem Tor Bat,249.0,1,Sunil Giri - Na Manem Tor Bat.mp3,Sunil Giri,521,Tyo mann ma,Ashit Ryee sikkimese,66.7,100.0,weak
sunil giri|nacho joram jor ji,Sunil Giri,Nacho Joram Jor Ji,247.0,1,Sunil Giri - Nacho Joram Jor Ji.mp3,Sunil Giri,,,,53.3,100.0,weak
sunil giri|niman na lage piya,Sunil Giri,Niman Na Lage Piya,152.0,1,Sunil Giri - Niman Na Lage Piya.mp3,Sunil Giri,1772,Piya Aaye Na,"KK, Tulsi Kumar",73.7,100.0,weak
sunil giri|nind na aawe akela,Sunil Giri,Nind Na Aawe Akela,241.0,1,Sunil Giri - Nind Na Aawe Akela.mp3,Sunil Giri,1582,Allare Nani Keshi,Jhalak Man Gandarbha,62.9,100.0,weak
sunil giri|okahri me kute dhanawa,Sunil Giri,Okahri Me Kute Dhanawa,148.0,1,Sunil Giri - Okahri Me Kute Dhanawa.mp3,Sunil Giri,2015,Kutu Ma Kutu Supadi Dana,Melina Rai,63.4,100.0,weak
sunil giri|othlali badi chamake,Sunil Giri,Othlali Badi Chamake,246.0,1,Sunil Giri - Othlali Badi Chamake.mp3,Sunil Giri,1263,Tolai Baschu Ma,ETHOS,62.9,100.0,weak
sunil giri|pakad lele bade,Sunil Giri,Pakad Lele Bade,197.0,1,Sunil Giri - Pakad Lele Bade.mp3,Sunil Giri,,,,58.1,100.0,weak
sunil giri|pani barase lagal,Sunil Giri,Pani Barase Lagal,275.0,1,Sunil Giri - Pani Barase Lagal.mp3,Sunil Giri,2156,Pani Pani,Nalina Chitrakar,100.0,100.0,strong
sunil giri|pee lelas daru,Sunil Giri,Pee Lelas Daru,205.0,1,Sunil Giri - Pee Lelas Daru.mp3,Sunil Giri,,,,55.2,100.0,weak
sunil giri|pyar na karela ho,Sunil Giri,Pyar Na Karela Ho,208.0,1,Sunil Giri - Pyar Na Karela Ho.mp3,Sunil Giri,738,Yehi Nai Ho K Maya,Bikki Gurung,62.9,100.0,weak
sunil giri|raatko sannata,Sunil Giri,Raatko Sannata,278.0,1,Sunil Giri - Raatko Sannata.mp3,Sunil Giri,3385,Sannani Ko,Sudip Giri,66.7,100.0,weak
sunil giri|rakhale bade u,Sunil Giri,Rakhale Bade U,218.0,1,Sunil Giri - Rakhale Bade U.mp3,Sunil Giri,275,Sakchau Bhane,Anil Singh,66.7,100.0,weak
sunil giri|rang khula me dalem,Sunil Giri,Rang Khula Me Dalem,176.0,1,Sunil Giri - Rang Khula Me Dalem.mp3,Sunil Giri,854,Rang,Brijesh Shrestha,100.0,100.0,strong
sunil giri|timi aauchauki bhani ko hola tyo 2,Sunil Giri,Timi Aauchauki Bhani (Ko Hola Tyo 2),288.0,1,Sunil Giri - Timi Aauchauki Bhani (Ko Hola Tyo 2).mp3,Sunil Giri,752,Timi,Binit Shrestha,100.0,100.0,strong
sunil giri|timi auchau,Sunil Giri,Timi Auchau,286.0,1,Sunil Giri - Timi Auchau.mp3,Sunil Giri,752,Timi,Binit Shrestha,100.0,100.0,strong
sunil giri|timro maya,Sunil Giri,Timro Maya,219.0,1,Sunil Giri - Timro Maya.mp3,Sunil Giri,3568,Timro Maya,SUshant KC,100.0,100.0,strong
sunil giri|timro rupaiko,Sunil Giri,Timro Rupaiko,231.0,1,Sunil Giri - Timro Rupaiko (2).mp3,Sunil Giri,3614,Ma Timro,Swoopna Suman,76.9,100.0,weak
sunil giri|uthat naikhe piyawa,Sunil Giri,Uthat Naikhe Piyawa,141.0,1,Sunil Giri - Uthat Naikhe Piyawa.mp3,Sunil Giri,,,,56.4,100.0,weak
sunimayan indraman serchan govindman serchan|nepali love song,"Sunimayan, Indraman Serchan, Govindman Serchan",Nepali Love Song,179.0,1,"Sunimayan, Indraman Serchan, Govindman Serchan - Nepali Love Song.mp3",nepali love song,207,Nepali,Albatross,100.0,57.6,weak
sunimayan|nepali love song,Sunimayan,Nepali Love Song,181.0,1,Sunimayan - Nepali Love Song.mp3,nepali love song,207,Nepali,Albatross,100.0,60.9,weak
sunita thegim melina rai|ningwa pongsinglo,"Sunita Thegim, Melina Rai",Ningwa Pongsinglo,228.0,1,"Sunita Thegim, Melina Rai - Ningwa Pongsinglo.mp3",Melina Rai,,,,53.3,100.0,weak
sunny ahirwar|shiv shankar maar de mantar,Sunny Ahirwar,Shiv Shankar Maar De Mantar,304.0,1,Sunny Ahirwar - Shiv Shankar Maar De Mantar.mp3,Shiv Shankar,2067,Om Jaya Shiva Shankar,"Mira Rana, Dwarika Lal Joshi",70.8,59.3,weak
suraj|bluesss ft lil buddha vten la la la la new rap song,suraj,"Bluesss ft - Lil Buddha, VTEN La la La La (new rap song)",0.0,1,"Bluesss ft - Lil Buddha, VTEN La la La La (new rap song).m4a",Lil Buddha,840,La La La La,Bluesss,100.0,100.0,strong
surazz xharma|yama buddha jutta ma ekadesh,SurAzz XhaRma,Yama Buddha-Jutta Ma (Ekadesh),0.0,1,Yama Buddha-Jutta Ma (Ekadesh).m4a,Yama Buddha,3773,Ma,The Shadows 'Nepal',100.0,64.0,weak
suren malla|bakemomo gurung salaijo_by_praveen_gurung 128k mp3,suren malla,bakemomo gurung Salaijo_By_Praveen_Gurung(128k).mp3,0.0,1,bakemomo gurung Salaijo_By_Praveen_Gurung(128k).mp3.m4a,Salaijo,,,,50.0,69.6,none
suresh wadkar|krupalu sajjan,Suresh Wadkar,Krupalu Sajjan,316.0,1,Suresh Wadkar - Krupalu Sajjan.mp3,Sajjan,2400,Sano Kura,Nepathya,60.9,80.0,none
sureshtmg 55|deusi bhailo ma museko chhora song fulbari guys,Sureshtmg 55,Deusi bhailo ma MUSEKO CHHORA live song fulbari guys 🤟,67.0,1,Deusi bhailo ma MUSEKO CHHORA live song fulbari guys 🤟.m4a,Fulbari rapper,2350,Deusi,Nepali Lyrics,100.0,60.9,weak
sushant kc bluesss|thik,"Sushant KC, Bluesss",Thik,246.0,1,"Sushant KC, Bluesss - Thik.mp3",Sushant KC,17,Thik Chha,,100.0,100.0,strong
sushant kc brijesh shrestha|yaad,"Sushant KC, Brijesh Shrestha",Yaad,212.0,1,"Sushant KC, Brijesh Shrestha - Yaad.mp3",Sushant KC,114,Yaad Nadeu,Aastha Band,100.0,100.0,strong
sushant kc feat the bangers|behos,Sushant KC feat. The Bangers,Behos,367.0,1,Sushant KC feat. The Bangers - Behos.mp3,Sushant KC,3536,Behos,SUshant KC,100.0,100.0,strong
sushant kc foeseal|dhanyabad,"Sushant KC, Foeseal",Dhanyabad,167.0,1,"Sushant KC, Foeseal - Dhanyabad.mp3",Sushant KC,1737,DHANYABAD,Kavi G,100.0,100.0,strong
sushant kc ruslan studio feat the bangers|behos,"Sushant KC, Ruslan Studio feat. The Bangers",Behos,367.0,1,"Sushant KC, Ruslan Studio feat. The Bangers - Behos.mp3",Sushant KC,3536,Behos,SUshant KC,100.0,100.0,strong
sushant kc utsav|kheladi,"Sushant KC, Utsav",Kheladi,255.0,1,"Sushant KC, Utsav - Kheladi.mp3",Sushant KC,3771,Kheladi,The Shadows 'Nepal',100.0,100.0,strong
sushant kc yashaswi khadka asmick khawash|tabahi,"Sushant KC, Yashaswi Khadka, Asmick Khawash",Tabahi,178.0,1,"Sushant KC, Yashaswi Khadka, Asmick Khawash - Tabahi.mp3",Sushant KC,1184,Saathi,Durgesh Thapa,66.7,100.0,weak
sushant kc yodda|plan b,"Sushant KC, Yodda",Plan B,255.0,1,"Sushant KC, Yodda - Plan B.mp3",Sushant KC,447,Pralaya 'B',Arthur Gunn,66.7,100.0,weak
sushant kc|aasha,Sushant KC,Aasha,168.0,1,Sushant KC - Aasha.mp3,Sushant KC,3532,Aasha,Sushant KC,100.0,100.0,strong
sushant kc|atteri,Sushant KC,Atteri,266.0,1,Sushant KC - Atteri.mp3,Sushant KC,3533,Atteri,Sushant KC,100.0,100.0,strong
sushant kc|baimani,Sushant KC,Baimani,330.0,1,Sushant KC - Baimani.mp3,Sushant KC,3534,Baimani,Sushant KC,100.0,100.0,strong
sushant kc|bardali,Sushant KC,Bardali,216.0,1,Sushant KC - Bardali.mp3,Sushant KC,3535,Bardali,Sushant KC,100.0,100.0,strong
sushant kc|bela bela,Sushant KC,Bela Bela,224.0,1,Sushant KC - Bela Bela.mp3,Sushant KC,3538,Bela Bela,Sushant KC,100.0,100.0,strong
sushant kc|bhayena,Sushant KC,Bhayena,193.0,1,Sushant KC - Bhayena.mp3,Sushant KC,407,THAHAI BHAYENA,Annu Chaudhary,100.0,100.0,strong
sushant kc|estai raicha,Sushant KC,Estai Raicha,286.0,1,Sushant KC - Estai Raicha.mp3,Sushant KC,3539,Estai Raicha II,Sushant Kc,100.0,100.0,strong
sushant kc|fakauna ma,Sushant KC,Fakauna Ma,238.0,1,Sushant KC - Fakauna Ma.mp3,Sushant KC,3540,Fakauna Ma,Sushant KC,100.0,100.0,strong
sushant kc|gajalu,Sushant KC,Gajalu,274.0,1,Sushant KC - Gajalu.mp3,Sushant KC,1411,Gajalu Ti Thula Thula Ankha,Ghulam Ali,100.0,100.0,strong
sushant kc|gayo ta gayo,Sushant KC,Gayo Ta Gayo,184.0,1,Sushant KC - Gayo Ta Gayo.mp3,Sushant KC,3542,Gayo Ta Gayo,Sushant KC,100.0,100.0,strong
sushant kc|hawa le,Sushant KC,Hawa Le,207.0,1,Sushant KC - Hawa Le.mp3,Sushant KC,3545,Hawa Le,Sushant KC,100.0,100.0,strong
sushant kc|jhandai,Sushant KC,Jhandai,238.0,1,Sushant KC - Jhandai.mp3,Sushant KC,3547,Jhandai,Sushant Kc,100.0,100.0,strong
sushant kc|jhyal bata,Sushant KC,Jhyal Bata,228.0,1,Sushant KC - Jhyal Bata (2).mp3,Sushant KC,3548,Jhyal Bata,Sushant KC,100.0,100.0,strong
sushant kc|ji chanta matina,Sushant KC,Ji Chanta Matina,179.0,1,Sushant KC - Ji Chanta Matina.mp3,Sushant KC,3549,Ji Chanta Matina,Sushant KC,100.0,100.0,strong
sushant kc|kheladi,Sushant KC,Kheladi,255.0,1,Sushant KC - Kheladi.mp3,Sushant KC,3771,Kheladi,The Shadows 'Nepal',100.0,100.0,strong
sushant kc|kya kardiya,Sushant KC,Kya Kardiya,206.0,1,Sushant KC - Kya Kardiya.mp3,Sushant KC,3550,Kya Kardiya,Sushant KC,100.0,100.0,strong
sushant kc|pagal,Sushant KC,Pagal,214.0,1,Sushant KC - Pagal.mp3,Sushant KC,3574,Pagal,Sushant KC | OST From Karma Movie,100.0,100.0,strong
sushant kc|pahuna,Sushant KC,Pahuna,183.0,1,Sushant KC - Pahuna.mp3,Sushant KC,3554,Pahuna,Sushant Kc,100.0,100.0,strong
sushant kc|parkha na,Sushant KC,Parkha Na,242.0,1,Sushant KC - Parkha Na.mp3,Sushant KC,3569,पर्ख न Parkha Na,Sushant KC,100.0,100.0,strong
sushant kc|risaune bhaye,Sushant KC,Risaune Bhaye,197.0,1,Sushant KC - Risaune Bhaye.mp3,Sushant KC,3557,Risaune Bhaye,SUshant KC,100.0,100.0,strong
sushant kc|sarangi,Sushant KC,Sarangi,288.0,1,Sushant KC - Sarangi.mp3,Sushant KC,3558,Sarangi,SUshant KC,100.0,100.0,strong
sushant kc|timro maya,Sushant KC,Timro Maya,240.0,1,Sushant KC - Timro Maya.mp3,Sushant KC,3568,Timro Maya,SUshant KC,100.0,100.0,strong
sushma shrestha chorus deepa jha|dhiki chyau dhiki chyau,"Sushma Shrestha, Chorus, Deepa jha",Dhiki Chyau Dhiki Chyau,253.0,1,"Sushma Shrestha, Chorus, Deepa jha - Dhiki Chyau Dhiki Chyau.mp3",Sushma Shrestha,881,Kina Dukhi Chau,Catch 22,76.9,100.0,weak
sushma shrestha english babu desi mem|bharatpur lut gaya,"Sushma Shrestha, English Babu Desi Mem",Bharatpur Lut Gaya,245.0,1,"Sushma Shrestha, English Babu Desi Mem - Bharatpur Lut Gaya.mp3",Sushma Shrestha,1197,Haraayau,Ease is Easy,61.5,78.9,none
sushma shrestha poornima kishore kumar|tera mujhse,Sushma Shrestha Poornima & Kishore Kumar,Tera Mujhse,253.0,1,Sushma Shrestha Poornima & Kishore Kumar - Tera Mujhse.mp3,Sushma Shrestha,202,Khaseka Tara,Albatross,60.9,78.9,none
sushma shrestha poornima|chan chana chan maxin,Sushma Shrestha (Poornima),Chan Chana Chan(MaxIn),269.0,1,Sushma Shrestha (Poornima) - Chan Chana Chan(MaxIn).mp3,Sushma Shrestha,3921,Chahanna Ma,Uglyz,74.1,80.9,weak
sushma shrestha shatrugan sinha|ek baat suni hai from naram garam,"Sushma Shrestha, Shatrugan Sinha","Ek Baat Suni Hai (From ""Naram Garam"")",220.0,1,"Sushma Shrestha, Shatrugan Sinha - Ek Baat Suni Hai (From _Naram Garam_).mp3",Sushma Shrestha,1226,Aa Hai,Ekdev Limbu,66.7,78.9,weak
sushma shrestha|tera mujh se hai,Sushma Shrestha,Tera Mujh Se Hai,112.0,1,Sushma Shrestha - Tera Mujh Se Hai.mp3,Sushma Shrestha,1226,Aa Hai,Ekdev Limbu,66.7,100.0,weak
sushma shrestha|to priyakar majha kuthe aahe,Sushma Shrestha,To Priyakar Majha Kuthe Aahe,345.0,1,Sushma Shrestha - To Priyakar Majha Kuthe Aahe.mp3,Sushma Shrestha,,,,58.8,100.0,weak
susila kansakar|newari song,Susila Kansakar,Newari Song,160.0,1,Susila Kansakar - Newari Song.mp3,newari song,2462,Anaadi Song,Oasis Thapa,72.7,69.0,weak
susma rai|nepali ko aankhaile,Susma Rai,Nepali Ko Aankhaile,305.0,1,Susma Rai - Nepali Ko Aankhaile.mp3,nepali,207,Nepali,Albatross,100.0,77.8,probable
swag king artist|nepali gali scene,Swag King Artist,Nepali Gali Scene,122.0,1,Swag King Artist - Nepali Gali Scene.mp3,nepali,207,Nepali,Albatross,100.0,66.7,weak
swopnil thapa|fulbari yabesh thapa,Swopnil Thapa,Fulbari - Yabesh Thapa(Cover),123.0,1,Fulbari - Yabesh Thapa(Cover).m4a,Fulbari rapper,1401,Yabesh Thapa - Jhari,Genius Romanizations,84.2,71.4,weak
syga beats|free uniq poet type beat dukha produced by mustang muzic,Syga Beats,"[FREE] Uniq Poet Type Beat - ""Dukha""  [Produced by MUSTANG MUZIC]",0.0,1,[FREE] Uniq Poet Type Beat - ＂Dukha＂  [Produced by MUSTANG MUZIC].mp3,Uniq Poet,,,,58.8,58.8,none
s|aatma ma timro aatma ma,nepali songs,aatma..ma timro aatma.ma,278.0,1,nepali songs - aatma..ma timro aatma.ma.mp3,nepali,104,Aatma,Aastha,100.0,100.0,strong
s|baby i wanna love,nepali songs,baby i wanna love,273.0,1,nepali songs - baby i wanna love.mp3,nepali song,1063,Baby I Love You,Deepak Limbu,84.6,100.0,probable
s|derai maya pramod kharel,NEPALI SONGS,DERAI MAYA- PRAMOD KHAREL,338.0,1,NEPALI SONGS - DERAI MAYA- PRAMOD KHAREL.mp3,nepali,526,Maya,Ashutosh KC,100.0,100.0,strong
s|dherai lai badhda phramod kharel,nepali songs,dherai lai badhda phramod kharel,269.0,1,nepali songs - dherai lai badhda phramod kharel.mp3,nepali song,1746,Lai Lai,Ketan Chhetri,100.0,100.0,strong
s|euta bhool yubraj karki,Nepali songs,Euta bhool- yubraj karki,269.0,1,Nepali songs - Euta bhool- yubraj karki.mp3,nepali song,192,Bhool,Albatross,100.0,100.0,strong
s|hey dj,nepali songs,HEY dj,270.0,1,nepali songs - HEY dj.mp3,nepali song,133,Hey Sailaa,Abhaya & The Steam Engines,66.7,100.0,weak
s|jhyalai ma ethos band,NEPALI SONGS,JHYALAI MA ETHOS BAND,290.0,1,NEPALI SONGS - JHYALAI MA ETHOS BAND.mp3,nepali song,3773,Ma,The Shadows 'Nepal',100.0,100.0,strong
s|jibana yo gama chaya song,nepali songs,jibana yo gama chaya...cover song,170.0,1,nepali songs - jibana yo gama chaya...cover song.mp3,nepali song,37,Chaya,1974 AD,100.0,100.0,strong
s|karma band yadi,nepali songs,KARMA BAND- YADI,207.0,1,nepali songs - KARMA BAND- YADI.mp3,nepali song,418,Maya Ka Baadal,Anupam Sharma,69.0,100.0,weak
s|maya timilai garchhu ma,NEPALI SONGS,MAYA TIMILAI GARCHHU MA,242.0,1,NEPALI SONGS - MAYA TIMILAI GARCHHU MA.mp3,nepali song,12,Maya Ma,,100.0,100.0,strong
s|maya timilai garchu ma,NEPALI SONGS,MAYA TIMILAI GARCHU MA...,242.0,1,NEPALI SONGS - MAYA TIMILAI GARCHU MA.mp3,nepali,12,Maya Ma,,100.0,100.0,strong
s|medley maya ko dddd,nepali songs,Medley- maya ko dddd,328.0,1,nepali songs - Medley- maya ko dddd.mp3,nepali song,526,Maya,Ashutosh KC,100.0,100.0,strong
s|mohoni lagla hai songs,nepali songs,mohoni lagla hai ...cover songs,264.0,1,nepali songs - mohoni lagla hai ...cover songs.mp3,nepali song,2223,Mohani Lagla Hai,Narayan Gopal,78.9,100.0,probable
s|muglana hera jadai xu songs,nepali songs,muglana hera jadai xu cover songs,197.0,1,nepali songs - muglana hera jadai xu cover songs.mp3,nepali song,3152,Hera Na,Samir Shrestha,72.7,100.0,weak
s|nachhanaa,Nepali songs,nachhanaa,259.0,1,Nepali songs - nachhanaa.mp3,nepali song,194,Chhaina,Albatross,75.0,100.0,weak
s|nai nabhanu laa 3 kammar mathi patukii,nepali songs,Nai Nabhanu laa 3{ kammar mathi patukii.....,325.0,1,nepali songs - Nai Nabhanu laa 3{ kammar mathi patukii.mp3,nepali song,2014,Kammar Mathi,Melina Rai,100.0,100.0,strong
s|naren limbu suna,NEPALI SONGS,NAREN LIMBU - SUNA,220.0,1,NEPALI SONGS - NAREN LIMBU - SUNA.mp3,nepali,2279,Suna - Naren Limbu,Naren Limbhu,100.0,100.0,strong
s|ooh sana mero jana,nepali songs,ooh sana mero jana,234.0,1,nepali songs - ooh sana mero jana.mp3,nepali song,158,Nabhana Mero,Adrian Pradhan,73.3,100.0,weak
s|ritu haruma timi songs,nepali songs,ritu haruma timi ....cover songs,200.0,1,nepali songs - ritu haruma timi ....cover songs.mp3,nepali song,457,Ritu Haruma Timi,Arun Thapa,100.0,100.0,strong
s|sajha ko bela,Nepali songs,Sajha Ko Bela,229.0,1,Nepali songs - Sajha Ko Bela.mp3,nepali song,3833,Sajha Ko Bela,Trishna Gurung,100.0,100.0,strong
s|satayera timilai,nepali songs,satayera timilai,249.0,1,nepali songs - satayera timilai.mp3,nepali song,1444,Satayera,GXSOUL,100.0,100.0,strong
s|timilai ma k banautimro barema songs,nepali songs,timilai ma k banautimro barema...cover songs,305.0,1,nepali songs - timilai ma k banautimro barema...cover songs.mp3,nepali song,1555,Timilai,James Shrestha,100.0,100.0,strong
s|timro muskanle,nepali songs,timro muskanle...,305.0,1,nepali songs - timro muskanle.mp3,nepali song,1241,Timro Muskan,Ekdev Limbu | Samir Shrestha,92.3,100.0,strong
s|track 9,nepali songs,Track 9,280.0,1,nepali songs - Track 9.mp3,nepali song,3782,Rojdai Chu - Bonus Track,The Uglyz,83.3,100.0,probable
takeshi hasegawa albatross|02 yuuyakeiro ni,Takeshi Hasegawa & Albatross,02. Yuuyakeiro ni,239.0,1,Takeshi Hasegawa & Albatross - 02. Yuuyakeiro ni.mp3,Albatross,,,,50.0,100.0,weak
takeshi hasegawa albatross|05 sky blue,Takeshi Hasegawa & Albatross,05. Sky Blue,333.0,1,Takeshi Hasegawa & Albatross - 05. Sky Blue.mp3,Albatross,,,,53.3,100.0,weak
taluboss|gumba danda sculpture park a short tour,TALUBOSS,Gumba Danda Sculpture Park: A short tour.,391.0,1,Gumba Danda Sculpture Park： A short tour..m4a,Danda Ko Gumba,,,,55.6,70.6,none
tamang kind|sailo ma charghare r bishwo dong ii lyrics song ii nepali,Tamang Kind,Sailo Ma CharGhare R BISHWO DONG II Lyrics Song II Nepali ..,289.0,1,Sailo Ma CharGhare R BISHWO DONG II Lyrics Song II Nepali ...m4a,Sailo Ma Charghare,207,Nepali,Albatross,100.0,100.0,strong
tanka budathoki melina rai|kasari kasari 3,"Tanka Budathoki, Melina Rai",Kasari Kasari 3,275.0,1,"Tanka Budathoki, Melina Rai - Kasari Kasari 3.mp3",Melina Rai,4030,Kasari,Yabesh Thapa,100.0,100.0,strong
tanti production|budhi nani domkoich song tema chengi video adivasi domkoich song by karan tanti sunita bonia,TANTI Production,Budhi Nani Domkoich Song ! Tema Chengi Video ! Adivasi Domkoich Song by Karan Tanti & Sunita Bonia,266.0,1,Budhi Nani Domkoich Song ! Tema Chengi Video ! Adivasi Domkoich Song by Karan Tanti & Sunita Bonia.m4a,Chhori Budhi,1995,Sunita,Mc Flo,100.0,57.1,weak
taquitoprod|no te puedo sacar,TaquitoProd,No Te Puedo Sacar,0.0,1,No Te Puedo Sacar.m4a,Sacar,,,,52.9,47.6,none
tara devi|baru paththarko,Tara Devi,Baru Paththarko,311.0,1,Tara Devi - Baru Paththarko.mp3,Tara Devi,1648,Piratiko Barko,Kali Prasad Baskota,62.1,100.0,weak
tara devi|foolko thunga,Tara Devi,Foolko Thunga.,241.0,1,Tara Devi - Foolko Thunga.mp3,Tara Devi,3680,Phoolako Thunga,Tara Devi,85.7,100.0,probable
tara devi|maile timilai,Tara Devi,Maile Timilai,198.0,1,Tara Devi - Maile Timilai.mp3,Tara Devi,306,Maile Timilai Chahera,Anju Panta,100.0,100.0,strong
tara devi|timile diyeka,Tara Devi,Timile Diyeka,345.0,1,Tara Devi - Timile Diyeka.mp3,Tara Devi,3567,Timile,Sushant KC,100.0,100.0,strong
tara devi|timro pau haruma,Tara Devi,Timro Pau Haruma,208.0,1,Tara Devi - Timro Pau Haruma.mp3,Tara Devi,3684,Timra Pau Haruma,Tara Devi,93.8,100.0,strong
tara devi|usko maya le maryo,Tara Devi,Usko Maya Le Maryo,234.0,1,Tara Devi - Usko Maya Le Maryo.mp3,Tara Devi,526,Maya,Ashutosh KC,100.0,100.0,strong
tara devi|yeti thulo sansarma,Tara Devi,Yeti Thulo Sansarma,359.0,1,Tara Devi - Yeti Thulo Sansarma.mp3,Tara Devi,3686,Yeti Thulo Sansar ma Chadani Saha,Tara Devi,69.0,100.0,weak
tara jee|ya sajjan randen ya ghar randan,Tara jee,Ya Sajjan Randen Ya Ghar Randan,217.0,1,Tara jee - Ya Sajjan Randen Ya Ghar Randan.mp3,Sajjan,1370,Sajjan Raj Vaidya - Parkhaai,Genius Romanizations,63.0,70.6,none
tastenepsmusic|trap nepal uniq poet,TasteNepsMusic,Trap Nepal-uniq poet,0.0,1,Trap Nepal-uniq poet.mp3,Uniq Poet,2944,Nepal Nepal,Robin Tamang,100.0,56.0,weak
tasveer khanam|na sajjan tou mok lokaa,Tasveer khanam,Na Sajjan Tou Mok Lokaa,180.0,1,Tasveer khanam - Na Sajjan Tou Mok Lokaa.mp3,Sajjan,3413,SAMJHANA MA NA AAU,Sugam Pokharel,63.4,53.8,none
tatopani|tatopani,Tatopani,Tatopani,381.0,1,Tatopani - Tatopani.mp3,Tatopani,2156,Pani Pani,Nalina Chitrakar,66.7,58.8,weak
tek bc melina rai|mayale maryo,"Tek BC, Melina Rai",Mayale Maryo,317.0,1,"Tek BC, Melina Rai - Mayale Maryo.mp3",Melina Rai,1701,Maryo,Karma Band,100.0,100.0,strong
tekendra shah melina rai|lau gori,"Tekendra Shah, Melina Rai",Lau Gori,222.0,1,"Tekendra Shah, Melina Rai - Lau Gori.mp3",Melina Rai,578,Hey Mori Kali Na Gori,Axix Band,66.7,100.0,weak
teo mazet|nepali forest,Teo Mazet,Nepali Forest,328.0,1,Teo Mazet - Nepali Forest.mp3,nepali,207,Nepali,Albatross,100.0,62.5,weak
thakuri beats|vten x emotional piano type beat fulbari l sad rap instrumental,Thakuri Beats,Vten x Emotional Piano Type Beat - ''Fulbari'' l Sad Rap Instrumental,152.0,1,Vten x Emotional Piano Type Beat - ''Fulbari'' l Sad Rap Instrumental.m4a,Fulbari rapper,,,,57.1,70.0,none
the act feat kiran nepali|prashna,THE ACT feat. Kiran Nepali,Prashna,274.0,1,THE ACT feat. Kiran Nepali - Prashna.mp3,nepali,2094,Prashna,Monkey Temple Nepal,100.0,64.9,weak
the author|rohit shakya x the underdogs uniq poet symfamous grizzle menace evening session wondergods,The Author,"Rohit Shakya x The Underdogs (Uniq Poet, Symfamous, Grizzle, Menace) :Evening Session: Wondergods",0.0,1,"Rohit Shakya x The Underdogs (Uniq Poet, Symfamous, Grizzle, Menace) ：Evening Session： Wondergods.m4a",Uniq Poet,,,,51.4,75.0,none
the axe band|01 lukna deu,The Axe Band,01 LUKNA DEU,279.0,1,The Axe Band - 01 LUKNA DEU.mp3,The Axe Band,3705,Lukna Deu,The Axe,100.0,100.0,strong
the axe band|02 chiya bari ma,The Axe Band,02 CHIYA BARI MA,273.0,1,The Axe Band - 02 CHIYA BARI MA.mp3,The Axe Band,3773,Ma,The Shadows 'Nepal',100.0,100.0,strong
the axe band|04 thadho jane ukalo,The Axe Band,04 THADHO JANE UKALO,235.0,1,The Axe Band - 04 THADHO JANE UKALO.mp3,The Axe Band,3711,Thado Jane Ukali,The Axe,83.3,100.0,probable
the axe band|05 ma aaudaichhu,The Axe Band,05 MA AAUDAICHHU,264.0,1,The Axe Band - 05 MA AAUDAICHHU.mp3,The Axe Band,3719,Ma Aaudaichhu,The Axe (Nepal),100.0,100.0,strong
the axe band|12 pardesh gaye,The Axe Band,12 PARDESH GAYE,243.0,1,The Axe Band - 12 PARDESH GAYE.mp3,The Axe Band,1728,Pardesh Bata Choro,Karna Das,63.6,100.0,weak
the axe band|17_timi_aakashko_joon,The Axe Band,17_TIMI_AAKASHKO_JOON,266.0,1,The Axe Band - 17_TIMI_AAKASHKO_JOON.mp3,The Axe Band,,,,51.6,100.0,weak
the axe band|lukna deu,The Axe Band,Lukna Deu,374.0,1,The Axe Band - Lukna Deu.mp3,The Axe Band,3705,Lukna Deu,The Axe,100.0,100.0,strong
the band of the brigade of gurkhas|men of the hills zorba the greek yo nepali,The Band of the Brigade of Gurkhas,Men of the Hills / Zorba the Greek / Yo Nepali,187.0,1,The Band of the Brigade of Gurkhas - Men of the Hills _ Zorba the Greek _ Yo Nepali.mp3,nepali,207,Nepali,Albatross,100.0,76.2,probable
the bomjans|pallo danda ma chisapani tour,The Bomjans,Pallo danda ma (chisapani tour 2014),352.0,1,Pallo danda ma (chisapani tour 2014).m4a,Danda Ko Gumba,3773,Ma,The Shadows 'Nepal',100.0,63.2,weak
the edge band|laayo timiley mayalu,The Edge Band,Laayo Timiley Mayalu,247.0,1,The Edge Band - Laayo Timiley Mayalu.mp3,The Edge Band,56,Mayalu Mayalu,1974 AD,100.0,100.0,strong
the edge band|nachahe ko hoina,The Edge Band,Nachahe Ko Hoina,327.0,1,The Edge Band - Nachahe Ko Hoina.mp3,The Edge Band,3749,Nachahe Ko Hoina,The Edge Band Nepal | Jeewan Gurung,100.0,100.0,strong
the edge band|nachaheko hoina old version,The Edge Band,Nachaheko Hoina Old Version,387.0,1,The Edge Band - Nachaheko Hoina Old Version.mp3,The Edge Band,3738,Nachaheko Hoina Timilai,The edge band,78.9,100.0,probable
the edge band|nachaheko hoina timilai,The Edge Band,Nachaheko Hoina Timilai,329.0,1,The Edge Band - Nachaheko Hoina Timilai.mp3,The Edge Band,3738,Nachaheko Hoina Timilai,The edge band,100.0,100.0,strong
the edge band|nachodnu yo saath,The Edge Band,Nachodnu Yo Saath,275.0,1,The Edge Band - Nachodnu Yo Saath.mp3,The Edge Band,1219,Nachodnu Yo Saath,Edge Band,100.0,100.0,strong
the edge band|prayas,The Edge Band,Prayas,260.0,1,The Edge Band - Prayas.mp3,The Edge Band,3176,Prayas,Samriddhi Rai,100.0,100.0,strong
the edge band|samjhine mutu,The Edge Band,Samjhine Mutu,270.0,1,The Edge Band - Samjhine Mutu.mp3,The Edge Band,1222,Samjhine Mutu,Edge Band,100.0,100.0,strong
the edge band|thaha chaina,The Edge Band,Thaha Chaina,346.0,1,The Edge Band - Thaha Chaina.mp3,The Edge Band,1223,Thaha Chaina,Edge Band,100.0,100.0,strong
the edge band|traash,The Edge Band,Traash,232.0,1,The Edge Band - Traash.mp3,The Edge Band,2281,Aash,Naren Limbu,80.0,100.0,probable
the edge band|yo dil mero,The Edge Band,Yo Dil Mero,248.0,1,The Edge Band - Yo Dil Mero.mp3,The Edge Band,1225,Yo Dil Mero,Edge Band,100.0,100.0,strong
the electronic commode|cobweb,The Electronic Commode,Cobweb,176.0,1,The Electronic Commode - Cobweb.mp3,Cobweb,,,,42.9,60.0,none
the gurung sisters|maitighar,The Gurung Sisters,MAITIGHAR || Nepali Movie Official Title Song 2025 | Upasana Singh Thakuri| Maiti Ghar Dance cover||,147.0,1,MAITIGHAR ｜｜ Nepali Movie Official Title Song 2025 ｜ Upasana Singh Thakuri｜ Maiti Ghar Dance cover｜｜.m4a,Maiti Ghar,2655,Maijharo,Prashant Siwakoti,70.6,71.0,weak
the king star|fulbari place rap song,The King Star,"Fulbari place rap song [Full Song] | Bibek Khan, Sk Oidul | Hip Hop Rap Song | 2024 Latest Song #2m",121.0,1,"Fulbari place rap song [Full Song] ｜ Bibek Khan, Sk Oidul ｜ Hip Hop Rap Song ｜ 2024 Latest Song #2m.m4a",Fulbari rapper,3163,Pir Song,Samjhana Bhandari,66.7,64.5,weak
the next team|jaalma resham filili the next choreography,The Next Team,Jaalma (RESHAM FILILI) The Next Choreography,335.0,1,Jaalma (RESHAM FILILI) The Next Choreography.m4a,Resham Firiri,2394,Resham,Nepathya,100.0,61.5,weak
the stern records|kanxi resham firiri a win,The Stern Records,Kanxi (Resham Firiri)- A Win| Resham Firiri Rap Version| New Nepali Rap Song| The Stern Records,317.0,1,Kanxi (Resham Firiri)- A Win｜ Resham Firiri Rap Version｜ New Nepali Rap Song｜ The Stern Records.m4a,Resham Firiri,1650,Resham Firiri,Kali Prasad Baskota,100.0,60.0,weak
the voice of nepal|coach song resham firiri,The Voice of Nepal,"Coach Song  ""Resham Firiri"" | The Voice of Nepal Season 7 -2025",285.0,1,Coach Song  ＂Resham Firiri＂ ｜ The Voice of Nepal Season 7 -2025.m4a,Resham Firiri,1650,Resham Firiri,Kali Prasad Baskota,100.0,81.8,probable
then_dope711|yama buddha sathi,Then_dope711,Yama buddha : sathi,0.0,1,Yama buddha ： sathi.m4a,Yama Buddha,3562,Sathi,SUshant KC,100.0,38.5,weak
therazyv|phool ko hatya garey by rajiv,therazyv,phool ko hatya garey... cover by rajiv,0.0,1,phool ko hatya garey... cover by rajiv.mp3,Phool Ko Mala,3465,Phool,Sujan Chapagain,100.0,55.6,weak
tiki devi|,Tiki Devi,Nepali Song,58.0,1,Tiki Devi - Nepali Song.mp3,nepali song,3934,1994,Uniq Poet,0.0,73.7,none
times music spiritual and 2 more|parvati,Times Music Spiritual and 2 more,Parvati - Full Song | Hanuman Ansh | Sadhu Tiwari | Shobhinaw Satyaa | In Cinemas Now,286.0,1,Parvati - Full Song ｜ Hanuman Ansh ｜ Sadhu Tiwari ｜ Shobhinaw Satyaa ｜ In Cinemas Now.m4a,teej song,270,Pari,Anil Singh,72.7,71.4,weak
timro neno aagalo ko maya|nepali old songs,timro neno aagalo ko maya ...,nepali old songs,279.0,1,timro neno aagalo ko maya ... - nepali old songs.mp3,nepali old song,207,Nepali,Albatross,100.0,54.2,weak
timro yek muskanma sara khusi r lama|nepali pop songs,timro yek muskanma sara khusi r lama,nepali pop songs,216.0,1,timro yek muskanma sara khusi r lama - nepali pop songs.mp3,nepali pop song,207,Nepali,Albatross,100.0,61.5,weak
tipical nepali folk songs|cha bhane maya,Tipical Nepali Folk Songs,cha bhane maya,310.0,1,Tipical Nepali Folk Songs - cha bhane maya.mp3,nepali,526,Maya,Ashutosh KC,100.0,85.7,strong
tipical nepali folk songs|phool ko mala,Tipical Nepali Folk Songs,phool ko mala,336.0,1,Tipical Nepali Folk Songs - phool ko mala.mp3,nepali folk song,3465,Phool,Sujan Chapagain,100.0,85.7,strong
tmplct|tara devi phool ko thunga by tmplct anjali luitel,Tmplct,Tara Devi - Phool Ko Thunga (cover by TMPLCT & Anjali Luitel),0.0,1,Tara Devi - Phool Ko Thunga (cover by TMPLCT & Anjali Luitel).mp3,Phool Ko Mala,3465,Phool,Sujan Chapagain,100.0,46.2,weak
todiyo todiyo by rajesh rainew nepali pop song 2|by rajesh rainew nepali pop song 2015official,Todiyo Todiyo by Rajesh Rainew nepali pop song 2,by Rajesh Rainew nepali pop song 2015official,234.0,1,Todiyo Todiyo by Rajesh Rainew nepali pop song 2 - by Rajesh Rainew nepali pop song 2015official.mp3,nepali pop song,207,Nepali,Albatross,100.0,76.9,probable
toofan raja|phulbairpatair_toofan raja mela new rap video,Toofan Raja,PhulBairPatair_toofan Raja Mela///new Rap video 2022\\,165.0,1,PhulBairPatair_toofan Raja Mela⧸⧸⧸new Rap video 2022⧹⧹.m4a,Fulbari rapper,2457,Mal Mal Raja,Nishan Bhattarai and Asmita Adhikari,66.7,60.0,weak
top 4 dohori tukka दोहोरि टुक्का|कर्णालीको स्याउ खान रहर लागेको मिलन लामा लाइ लादै छिन इब्सल ले,TOP 4 DOHORI TUKKA (दोहोरि टुक्का),कर्णालीको स्याउ खान रहर लागेको मिलन लामा लाइ लादै छिन इब्सल ले,63.0,1,कर्णालीको स्याउ खान रहर लागेको मिलन लामा लाइ लादै छिन इब्सल ले.m4a,Jhalko Lali Othako,,,,38.4,36.4,none
top hidden facts|sapne me budhi aurat dekhna,Top Hidden Facts,Sapne me Budhi Aurat dekhna || Seeing Old Lady in dream || Budhi Aurat ka Sapna dekhna,150.0,1,Sapne me Budhi Aurat dekhna ｜｜ Seeing Old Lady in dream ｜｜ Budhi Aurat ka Sapna dekhna.m4a,Chhori Budhi,,,,59.1,48.0,none
trap nepal|goli nachi deu,Trap Nepal,GOLi - Nachi Deu,0.0,1,GOLi - Nachi Deu.m4a,Trap Nepal,586,bida nai deu,azad dhungana,69.2,76.2,weak
trap nepal|hype x uniq x tenpah malai jaastai,Trap Nepal,Hype x Uniq x Tenpah- Malai Jaastai,0.0,1,Hype x Uniq x Tenpah- Malai Jaastai.m4a,Trap Nepal,35,Baru Malai,1974 AD,66.7,76.2,weak
trap nepal|mana shrestha goldstar jutta,Trap Nepal,Mana Shrestha- Goldstar Jutta,0.0,1,Mana Shrestha- Goldstar Jutta.mp3,Trap Nepal,4068,Jutta Maa,Yama Buddha,71.4,76.2,weak
trap nepal|symfamous naya nepal,Trap Nepal,Symfamous - Naya Nepal,0.0,1,Symfamous - Naya Nepal.mp3,Trap Nepal,2944,Nepal Nepal,Robin Tamang,100.0,76.2,probable
trap nepal|uniq poet tamaso,Trap Nepal,UNIQ POET - Tamaso,0.0,1,UNIQ POET - Tamaso.m4a,Uniq Poet,3946,Tamaso,Uniq Poet,100.0,76.2,probable
trap nepal|vten laure ko fashion,Trap Nepal,VTEN - Laure Ko Fashion ( Prod. @BeatsByHype ),110.0,1,VTEN - Laure Ko Fashion ( Prod. @BeatsByHype ).m4a,Lahure Ko Katha,1568,Fashion Show,Jems Pradhan,73.7,76.2,weak
trap rap|ela quer viver no pantanal famoso ímã o poderoso chatão part mc poze do rodo e mc leozinho zs,TRAP & RAP | BRAZIL,Ela Quer Viver no Pantanal - Famoso Ímã - O Poderoso Chatão ( part. MC Poze do Rodo e MC Leozinho ZS ),0.0,1,Ela Quer Viver no Pantanal - Famoso Ímã - O Poderoso Chatão ( part. MC Poze do Rodo e MC Leozinho ZS ).m4a,Sacar,,,,41.0,70.6,none
trap sounds|return of jah by lil buddha,Trap Sounds,Return Of Jah by Lil Buddha,0.0,1,Return Of Jah by Lil Buddha.m4a,Lil Buddha,3051,Lil Buddha Interlude,SACAR aka Lil Buddha,66.7,58.3,weak
tribal rain sikkim|bhrama instrumental,Tribal Rain Sikkim,Bhrama (Instrumental),204.0,1,Tribal Rain Sikkim - Bhrama (Instrumental).mp3,Tribal Rain,2502,Haatma Rumal,Parivesh (Tilak Bam Malla),64.5,100.0,weak
tribal rain sikkim|devi deuta,Tribal Rain Sikkim,Devi Deuta,221.0,1,Tribal Rain Sikkim - Devi Deuta.mp3,Tribal Rain,3801,Devi Deuta,Tribal Rain,100.0,100.0,strong
tribal rain sikkim|juneli raat,Tribal Rain Sikkim,Juneli Raat,220.0,1,Tribal Rain Sikkim - Juneli Raat.mp3,Tribal Rain,2765,Adhi Raat Thiyo Juneli,Raj Sigdel,100.0,100.0,strong
tribal rain sikkim|khola,Tribal Rain Sikkim,Khola,238.0,1,Tribal Rain Sikkim - Khola.mp3,Tribal Rain,330,Saune Khola Urlera Aauda,Anju Panta,100.0,100.0,strong
tribal rain sikkim|sangai,Tribal Rain Sikkim,Sangai,168.0,1,Tribal Rain Sikkim - Sangai.mp3,Tribal Rain,3230,Sangai,Sareen Deoja,100.0,100.0,strong
tribal rain sikkim|sunideu,Tribal Rain Sikkim,Sunideu,243.0,1,Tribal Rain Sikkim - Sunideu.mp3,Tribal Rain,428,Sunideu,Apurva Tamang,100.0,100.0,strong
tribal rain sikkim|swarga,Tribal Rain Sikkim,Swarga,266.0,1,Tribal Rain Sikkim - Swarga.mp3,Tribal Rain,210,Sagar,Albatross,72.7,100.0,weak
tribal rain|bhanai,Tribal Rain,Bhanai,229.0,1,Tribal Rain - Bhanai.mp3,Tribal Rain,3798,Bhanai,Tribal Rain,100.0,100.0,strong
tribal rain|devi deuta,Tribal Rain,Devi Deuta,221.0,1,Tribal Rain - Devi Deuta.mp3,Tribal Rain,3801,Devi Deuta,Tribal Rain,100.0,100.0,strong
tribal rain|devi devta,Tribal Rain,Devi Devta,102.0,1,Tribal Rain - Devi Devta.mp3,Tribal Rain,3801,Devi Deuta,Tribal Rain,90.0,100.0,strong
tribal rain|how long we can wait,Tribal Rain,How Long We Can Wait,182.0,1,Tribal Rain - How Long We Can Wait.mp3,Tribal Rain,,,,54.1,100.0,weak
tribal rain|it s ok,Tribal Rain,It's Ok,223.0,1,Tribal Rain - It's Ok.mp3,Tribal Rain,154,Let's Rock,Adrian Pradhan,70.6,100.0,weak
tribal rain|sahara,Tribal Rain,Sahara,206.0,1,Tribal Rain - Sahara.mp3,Tribal Rain,3810,Sahara,Tribal Rain,100.0,100.0,strong
tribal rain|swarga,Tribal Rain,Swarga,303.0,1,Tribal Rain - Swarga.mp3,Tribal Rain,210,Sagar,Albatross,72.7,100.0,weak
trotsky experience band|albatross,Trotsky Experience Band,Albatross,220.0,1,Trotsky Experience Band - Albatross.mp3,Albatross,1303,Albatross - Bhool,Genius Romanizations,100.0,61.5,weak
twinnservn|sacar,twinnservn,Sacar,0.0,1,Sacar.m4a,Sacar,1199,Sacar Padhikari,Ease is Easy,100.0,48.0,weak
type b|old school trap type beat,Type B,Old School Trap Type Beat | Alpha Wann x Nepal - Revenge,0.0,1,Old School Trap Type Beat ｜ Alpha Wann x Nepal - Revenge.m4a,Trap Nepal,969,School,Cool Pokhrel,100.0,66.7,weak
uchies|lil osama x buddha1k atmk,uchies👹,lil osama x buddha1k - ATMK,0.0,1,lil osama x buddha1k - ATMK.m4a,Lil Buddha,,,,56.0,53.3,none
uckvzqfq0eivvb0r2s3yataa|aaja kina nepsydaz,UCKvZqfQ0eIVvB0r2s3yaTaA,Aaja kina-Nepsydaz,184.0,1,Aaja kina-Nepsydaz.m4a,channel:UCKvZqfQ0eIVvB0r2s3yaTaA,144,Aaja,Adrian Pradhan,100.0,37.5,weak
uckvzqfq0eivvb0r2s3yataa|ankha le herera mistah k x prakash kharel offical patal rec australia,UCKvZqfQ0eIVvB0r2s3yaTaA,Ankha Le Herera -MistaH K x Prakash Kharel (Offical Music Video) Patal Rec Australia,220.0,1,Ankha Le Herera -MistaH K x Prakash Kharel (Offical Music Video) Patal Rec Australia.m4a,channel:UCKvZqfQ0eIVvB0r2s3yaTaA,2985,Timra Dui Ankha Le,Rohit John Chettry,61.5,37.5,none
uckvzqfq0eivvb0r2s3yataa|aundai chu mistah k nepsydaz prayom,UCKvZqfQ0eIVvB0r2s3yaTaA,Aundai chu -MistaH K (Nepsydaz)& Prayom Official Music Video,194.0,1,Aundai chu -MistaH K (Nepsydaz)& Prayom Official Music Video.m4a,channel:UCKvZqfQ0eIVvB0r2s3yaTaA,,,,58.2,37.5,none
uckvzqfq0eivvb0r2s3yataa|fabulous advert mistah k x preeti kaur,UCKvZqfQ0eIVvB0r2s3yaTaA,Fabulous advert -Mistah k x Preeti kaur,88.0,1,Fabulous advert -Mistah k x Preeti kaur.m4a,channel:UCKvZqfQ0eIVvB0r2s3yaTaA,2442,Preeti Basyo,Nima Rumba,66.7,37.5,weak
uckvzqfq0eivvb0r2s3yataa|i m coming home,UCKvZqfQ0eIVvB0r2s3yaTaA,I'm Coming Home |Prayom|MistaH K|,177.0,1,I'm Coming Home ｜Prayom｜MistaH K｜.m4a,channel:UCKvZqfQ0eIVvB0r2s3yaTaA,,,,54.5,37.5,none
uckvzqfq0eivvb0r2s3yataa|maya english version nepsydaz,UCKvZqfQ0eIVvB0r2s3yaTaA,Maya English Version -Nepsydaz,216.0,1,Maya English Version -Nepsydaz.m4a,channel:UCKvZqfQ0eIVvB0r2s3yaTaA,526,Maya,Ashutosh KC,100.0,37.5,weak
uckvzqfq0eivvb0r2s3yataa|maya oh maya nepsydaz,UCKvZqfQ0eIVvB0r2s3yaTaA,Maya oh Maya -Nepsydaz,218.0,1,Maya oh Maya -Nepsydaz.m4a,channel:UCKvZqfQ0eIVvB0r2s3yaTaA,526,Maya,Ashutosh KC,100.0,37.5,weak
uckvzqfq0eivvb0r2s3yataa|nepsydaz she s my girl,UCKvZqfQ0eIVvB0r2s3yaTaA,Nepsydaz -She's my girl,225.0,1,Nepsydaz -She's my girl.m4a,channel:UCKvZqfQ0eIVvB0r2s3yaTaA,,,,51.1,37.5,none
uckvzqfq0eivvb0r2s3yataa|newari nepsydaz,UCKvZqfQ0eIVvB0r2s3yaTaA,Newari- Nepsydaz,196.0,1,Newari- Nepsydaz.m4a,channel:UCKvZqfQ0eIVvB0r2s3yaTaA,,,,56.0,37.5,none
uckvzqfq0eivvb0r2s3yataa|one love,UCKvZqfQ0eIVvB0r2s3yaTaA,One Love |Nepsydaz|,220.0,1,One Love ｜Nepsydaz｜.m4a,channel:UCKvZqfQ0eIVvB0r2s3yaTaA,901,Love Song,Chhewang Lama,82.4,37.5,weak
uckvzqfq0eivvb0r2s3yataa|paisa nepsydaz,UCKvZqfQ0eIVvB0r2s3yaTaA,Paisa Nepsydaz,225.0,1,Paisa Nepsydaz.m4a,channel:UCKvZqfQ0eIVvB0r2s3yaTaA,4076,Paisa,Yama Buddha,100.0,37.5,weak
uckvzqfq0eivvb0r2s3yataa|she s my girl nepsydaz ft pooja grg dj gorkhali,UCKvZqfQ0eIVvB0r2s3yaTaA,She's My girl -Nepsydaz ft Pooja Grg & Dj Gorkhali,226.0,1,She's My girl -Nepsydaz ft Pooja Grg & Dj Gorkhali.m4a,channel:UCKvZqfQ0eIVvB0r2s3yaTaA,1941,Bir Gorkhali,Mantra Band,80.0,37.5,weak
uckvzqfq0eivvb0r2s3yataa|timro kassam nepsydaz ft dibya subba,UCKvZqfQ0eIVvB0r2s3yaTaA,Timro Kassam -Nepsydaz ft Dibya Subba (Lyrics Video),279.0,1,Timro Kassam -Nepsydaz ft Dibya Subba (Lyrics Video).m4a,channel:UCKvZqfQ0eIVvB0r2s3yaTaA,3614,Ma Timro,Swoopna Suman,76.9,37.5,weak
uckvzqfq0eivvb0r2s3yataa|turn the lights off mistah k ft yamabuddha duke bigshake,UCKvZqfQ0eIVvB0r2s3yaTaA,Turn the lights off -MistaH K Ft Yamabuddha Duke & Bigshake,259.0,1,Turn the lights off -MistaH K Ft Yamabuddha Duke & Bigshake.m4a,channel:UCKvZqfQ0eIVvB0r2s3yaTaA,,,,48.8,37.5,none
ucmeknbv_spqqwjrafqlacwa|i h 12 baje pachi,UCMEkNBv_SPQQwjrafqlAcWA,I$H~12 baje pachi,215.0,1,I$H~12 baje pachi.m4a,channel:UCMEkNBv_SPQQwjrafqlAcWA,3856,Adhi Bato Hide Pachi,"Uday Sotang, Manila Sotang",64.9,37.8,none
ucmeknbv_spqqwjrafqlacwa|i h dami dami dami,UCMEkNBv_SPQQwjrafqlAcWA,I$H~dami dami dami,119.0,1,I$H~dami dami dami.m4a,channel:UCMEkNBv_SPQQwjrafqlAcWA,1279,Dami,Fuba Tamang,100.0,37.8,weak
ucmeknbv_spqqwjrafqlacwa|i h gaidey club,UCMEkNBv_SPQQwjrafqlAcWA,I$H ~ Gaidey Club,146.0,1,I$H ~ Gaidey Club.m4a,channel:UCMEkNBv_SPQQwjrafqlAcWA,3975,Club Skit,VTEN,61.5,37.8,none
ucmeknbv_spqqwjrafqlacwa|i h jhapali keto,UCMEkNBv_SPQQwjrafqlAcWA,I$H ~ JHAPALI KETO (Prod. by Shuka4Beats),180.0,1,I$H ~ JHAPALI KETO (Prod. by Shuka4Beats).m4a,channel:UCMEkNBv_SPQQwjrafqlAcWA,,,,59.5,37.8,none
ucmeknbv_spqqwjrafqlacwa|i h keta keti sabai maal,UCMEkNBv_SPQQwjrafqlAcWA,I$H~ Keta keti sabai maal,200.0,1,I$H~ Keta keti sabai maal.m4a,channel:UCMEkNBv_SPQQwjrafqlAcWA,2941,Keta Keti,Robin Tamang,100.0,37.8,weak
ucmeknbv_spqqwjrafqlacwa|i h lipu lekh vs nepali the end,UCMEkNBv_SPQQwjrafqlAcWA,I$H~ (Lipu lekh vs Nepali) the End,286.0,1,I$H~ (Lipu lekh vs Nepali) the End.m4a,channel:UCMEkNBv_SPQQwjrafqlAcWA,207,Nepali,Albatross,100.0,37.8,weak
ucmeknbv_spqqwjrafqlacwa|i h manche boling kando poling,UCMEkNBv_SPQQwjrafqlAcWA,I$H~ Manche boling kando poling,150.0,1,I$H~ Manche boling kando poling.m4a,channel:UCMEkNBv_SPQQwjrafqlAcWA,1988,Manche,Mc Flo,100.0,37.8,weak
ucmeknbv_spqqwjrafqlacwa|i h saathi vai feat ku h official lv,UCMEkNBv_SPQQwjrafqlAcWA,I$H~SAATHI VAI (FEAT. KU$H) OFFICIAL LV,163.0,1,I$H~SAATHI VAI (FEAT. KU$H) OFFICIAL LV.m4a,channel:UCMEkNBv_SPQQwjrafqlAcWA,1184,Saathi,Durgesh Thapa,100.0,37.8,weak
ucmeknbv_spqqwjrafqlacwa|i h sadey 3,UCMEkNBv_SPQQwjrafqlAcWA,I$H~Sadey 3,184.0,1,I$H~Sadey 3.m4a,channel:UCMEkNBv_SPQQwjrafqlAcWA,3716,Kadkey Herai,The Axe (Nepal),60.9,37.8,none
ucmeknbv_spqqwjrafqlacwa|i h tension vayo,UCMEkNBv_SPQQwjrafqlAcWA,I$H~ Tension vayo,201.0,1,I$H~ Tension vayo.m4a,channel:UCMEkNBv_SPQQwjrafqlAcWA,,,,57.1,37.8,none
ucmeknbv_spqqwjrafqlacwa|i h vada molne hami,UCMEkNBv_SPQQwjrafqlAcWA,I$H~ Vada molne hami???,235.0,1,I$H~ Vada molne hami？？？.m4a,channel:UCMEkNBv_SPQQwjrafqlAcWA,2569,Hami,Prajina,100.0,37.8,weak
ucmeknbv_spqqwjrafqlacwa|k vako,UCMEkNBv_SPQQwjrafqlAcWA,k vako?,156.0,1,k vako？.m4a,channel:UCMEkNBv_SPQQwjrafqlAcWA,2286,K Saro Vako,Naren Limbu,100.0,37.8,weak
ucmeknbv_spqqwjrafqlacwa|le le vai jhapalish,UCMEkNBv_SPQQwjrafqlAcWA,Le Le Vai~ JHAPALISH,235.0,1,Le Le Vai~ JHAPALISH.m4a,channel:UCMEkNBv_SPQQwjrafqlAcWA,,,,57.1,37.8,none
ucmeknbv_spqqwjrafqlacwa|ma neta vaye vane i h,UCMEkNBv_SPQQwjrafqlAcWA,Ma Neta Vaye Vane~I$H,154.0,1,Ma Neta Vaye Vane~I$H.m4a,channel:UCMEkNBv_SPQQwjrafqlAcWA,3773,Ma,The Shadows 'Nepal',100.0,37.8,weak
ucmeknbv_spqqwjrafqlacwa|mero ex maros,UCMEkNBv_SPQQwjrafqlAcWA,Mero Ex Maros,193.0,1,Mero Ex Maros.m4a,channel:UCMEkNBv_SPQQwjrafqlAcWA,1178,Timro Mero Bhet,Dr Pilot,71.4,37.8,weak
ucmeknbv_spqqwjrafqlacwa|wakkai lagisakyo i h,UCMEkNBv_SPQQwjrafqlAcWA,Wakkai lagisakyo~I$H,69.0,1,Wakkai lagisakyo~I$H.m4a,channel:UCMEkNBv_SPQQwjrafqlAcWA,,,,59.5,37.8,none
ucp8ecqbe2qn8gmw_nafudrq|czr x vzn farkera aideu,UCp8ecQbe2Qn8Gmw_nAFuDRQ,CZR X VZN - FARKERA AIDEU (MUSIC VIDEO),141.0,1,CZR X VZN - FARKERA AIDEU (MUSIC VIDEO).m4a,channel:UCp8ecQbe2Qn8Gmw_nAFuDRQ,218,Farkeara na aau,Alish Nepking,63.2,37.8,none
ucp8ecqbe2qn8gmw_nafudrq|vzn,UCp8ecQbe2Qn8Gmw_nAFuDRQ,VZN & prodbyfrancis - Kanchi Cha Ki (feat. Sushishery),113.0,1,VZN & prodbyfrancis - Kanchi Cha Ki (feat. Sushishery).m4a,channel:UCp8ecQbe2Qn8Gmw_nAFuDRQ,,,,50.0,37.8,none
ucp8ecqbe2qn8gmw_nafudrq|vzn basanti heartbreaker,UCp8ecQbe2Qn8Gmw_nAFuDRQ,VZN - BASANTI / HEARTBREAKER,325.0,1,VZN - BASANTI ⧸ HEARTBREAKER.m4a,channel:UCp8ecQbe2Qn8Gmw_nAFuDRQ,,,,57.1,37.8,none
ucp8ecqbe2qn8gmw_nafudrq|vzn vinci caeserboii raksheesh feat lemonstand boys,UCp8ecQbe2Qn8Gmw_nAFuDRQ,"VZN, Vinci & Caeserboii - RAKSHEESH (feat. Lemonstand Boys)",131.0,1,"VZN, Vinci & Caeserboii - RAKSHEESH (feat. Lemonstand Boys).m4a",channel:UCp8ecQbe2Qn8Gmw_nAFuDRQ,,,,47.8,37.8,none
ucp8ecqbe2qn8gmw_nafudrq|vzn x czr udi jala samaye,UCp8ecQbe2Qn8Gmw_nAFuDRQ,VZN X CZR - UDI JALA SAMAYE,211.0,1,VZN X CZR - UDI JALA SAMAYE.m4a,channel:UCp8ecQbe2Qn8Gmw_nAFuDRQ,,,,54.5,37.8,none
ucp8ecqbe2qn8gmw_nafudrq|vzn x jamesy jhyap huda feri,UCp8ecQbe2Qn8Gmw_nAFuDRQ,VZN X JAMESY - JHYAP HUDA FERI,291.0,1,VZN X JAMESY - JHYAP HUDA FERI.m4a,channel:UCp8ecQbe2Qn8Gmw_nAFuDRQ,3598,Aaja Feri,Swoopna Suman,61.5,37.8,none
udit narayan jha bimala rai|mero aankha ramro,"Udit Narayan Jha, Bimala Rai",Mero Aankha Ramro,299.0,1,"Udit Narayan Jha, Bimala Rai - Mero Aankha Ramro.mp3",Bimala Rai,490,Mero Aankhama,Aruna Lama,80.0,100.0,probable
udit narayan poornima sushma shrestha|05 ooiiyan ooiiyan,"Udit Narayan, Poornima - Sushma Shrestha",05 - Ooiiyan Ooiiyan,356.0,1,"Udit Narayan, Poornima - Sushma Shrestha - 05 - Ooiiyan Ooiiyan.mp3",Sushma Shrestha,,,,50.0,100.0,weak
uk rapi boy|yama buddha saathi,Uk rapi boy,Yama buddha - Saathi | Cover | indian fan | Uk rapi boy | Nepali rap song 2015,0.0,1,Yama buddha - Saathi ｜ Cover ｜ indian fan ｜ Uk rapi boy ｜ Nepali rap song 2015.m4a,Yama Buddha,1184,Saathi,Durgesh Thapa,100.0,63.6,weak
uma shanti|uma little buddha,Uma Shanti,Uma - Little Buddha,0.0,1,Uma - Little Buddha.m4a,Lil Buddha,3051,Lil Buddha Interlude,SACAR aka Lil Buddha,64.9,75.0,none
underneath the cobweb|me and the people,Underneath the cobweb,Me and the people,265.0,1,Underneath the cobweb - Me and the people.mp3,Cobwebs,2923,People,Ray Mec,100.0,100.0,strong
underneath the cobweb|pefka,Underneath the cobweb,Pefka,315.0,1,Underneath the cobweb - Pefka.mp3,Cobweb,3649,Eklai,Symfamous,60.0,100.0,weak
uniq poet|dreamer,Uniq Poet,Dreamer - prod.Unik poet,0.0,1,Dreamer - prod.Unik poet.m4a,Uniq Poet,2385,Mero Desh,Nepathya,62.5,100.0,weak
uniq poet|freeverse 23,Uniq Poet,Freeverse 23,0.0,1,Freeverse 23.mp3,Uniq Poet,3650,Free Verse,Symfamous,81.8,100.0,probable
uniq poet|happy mothers day,Uniq Poet,Happy Mothers Day,0.0,1,Happy Mothers Day.m4a,Uniq Poet,,,,58.8,100.0,weak
uniq poet|love yourz,Uniq Poet,Love Yourz,0.0,1,Love Yourz.m4a,Uniq Poet,267,I Love You,Anil Singh,80.0,100.0,probable
uniq poet|sunday morning instrumental,Uniq Poet,Sunday morning instrumental,0.0,1,Sunday morning instrumental.mp3,Uniq Poet,3379,Up In The Morning,Sudhan Gurung,63.6,100.0,weak
uniq poet|u n i q freeverse love,Uniq Poet,U.n.i.Q freeverse love,0.0,1,U.n.i.Q freeverse love.m4a,Uniq Poet,267,I Love You,Anil Singh,75.0,100.0,weak
uniq poet|uniq breaking point,Uniq Poet,Uniq Breaking Point,0.0,1,Uniq Breaking Point.mp3,Uniq Poet,1159,City Breathing,DJ Bishow,60.6,100.0,weak
uniq poet|uniq kaam,Uniq Poet,Uniq - Kaam (Prod. by Bluesss),0.0,1,Uniq - Kaam (Prod. by Bluesss).m4a,Uniq Poet,1386,Uniq Poet - Kaam (Romanzation),Genius Romanizations,100.0,100.0,strong
uniq poet|uniq poet kaalo purple melody,Uniq Poet,UNIQ POET - KAALO (Purple Melody Remix),0.0,1,UNIQ POET - KAALO (Purple Melody Remix).m4a,Uniq Poet,3940,Kaalo,Uniq Poet,100.0,100.0,strong
unknown_soldier|nepali rap biswash,Unknown_soldier,Nepali Rap  biswash,0.0,1,Nepali Rap  biswash.m4a,Aidray Nepali rap,207,Nepali,Albatross,100.0,48.3,weak
upendra nepali|mile aaib gori ham chori chori,Upendra Nepali,Mile Aaib Gori Ham Chori Chori,227.0,1,Upendra Nepali - Mile Aaib Gori Ham Chori Chori.mp3,nepali,3058,CHORI CHORI चोरी चोरी,Sadeekshya Kattel,66.7,69.6,weak
uptowne buddha|01 banter,Uptowne Buddha,01 Banter,0.0,1,01 Banter.mp3,Lil Buddha,,,,53.3,75.0,none
uptowne buddha|02 first move,Uptowne Buddha,02 First Move,0.0,1,02 First Move.mp3,Lil Buddha,2316,First Date,Neetesh Jung Kunwar,66.7,75.0,weak
uptowne buddha|03 she cold,Uptowne Buddha,03 She Cold,0.0,1,03 She Cold.mp3,Lil Buddha,,,,53.8,75.0,none
ushakiran adhikari kumar basnet|dhankutta hile,"UshaKiran Adhikari, Kumar Basnet",Dhankutta Hile,357.0,1,"UshaKiran Adhikari, Kumar Basnet - Dhankutta Hile.mp3",Kumar Basnet,2806,Dharan Dhankuta,"Rajesh Payal Rai, Baishali Subba",69.0,100.0,weak
ustad sakhawat khan|sajjan di be rukhai a kiya krejy,Ustad Sakhawat Khan,Sajjan Di Be Rukhai A Kiya Krejy,381.0,1,Ustad Sakhawat Khan - Sajjan Di Be Rukhai A Kiya Krejy.mp3,Sajjan,,,,55.2,58.1,none
utsarga adhikari|topendra 2 0 lyrics chirag khadka by tmusic,Utsarga Adhikari,Topendra 2.0 Lyrics   Chirag Khadka   Lyrical Video By TMusic,0.0,1,Topendra 2.0 Lyrics   Chirag Khadka   Lyrical Video By TMusic.m4a,Chirag Khadka,1335,Chirag Khadka - Samadhi,Genius Romanizations,76.5,76.2,weak
uttam thapa magar ud rajan raj shiwakoti melina rai|mitho mitho,"Uttam Thapa Magar UD, Rajan Raj Shiwakoti, Melina Rai",Mitho Mitho,232.0,1,"Uttam Thapa Magar UD, Rajan Raj Shiwakoti, Melina Rai - Mitho Mitho.mp3",Rajan Raj Shiwakoti,1006,Mitho Mitho,Debanjali B Joshi and Saurabh Das From Nepali Movie Harry Ki Pyari,100.0,100.0,strong
various artists|dance of the sugar plum faeries,Various Artists,Dance of the Sugar Plum Faeries,0.0,1,Dance of the Sugar Plum Faeries.mp3,Lil Buddha,,,,58.8,55.2,none
various artists|god rest ye merry gentlemen,Various Artists,God Rest Ye Merry Gentlemen,0.0,1,God Rest Ye Merry Gentlemen.mp3,Lil Buddha,,,,50.0,55.2,none
various artists|joy to the world,Various Artists,Joy to the world,0.0,1,Joy to the world.mp3,Lil Buddha,4135,End of the world,Zac Rai,75.0,55.2,weak
various artists|little drummer fetus,Various Artists,Little Drummer Fetus,0.0,1,Little Drummer Fetus.mp3,Lil Buddha,,,,48.6,55.2,none
various artists|sleigh ride,Various Artists,Sleigh Ride,0.0,1,Sleigh Ride.mp3,Lil Buddha,,,,55.6,55.2,none
various artists|the night before bit mess,Various Artists,The Night Before Bit Mess,0.0,1,The Night Before Bit Mess.mp3,Lil Buddha,,,,55.0,55.2,none
vijay toppo|phool ko ankhama,Vijay Toppo,Phool ko ankhama,0.0,1,Phool ko ankhama.m4a,Phool Ko Mala,3465,Phool,Sujan Chapagain,100.0,57.1,weak
vikash raja aisa raj|daiya daiya re khube leh leba saiya re,"Vikash Raja, Aisa Raj",Daiya daiya re khube Leh leba saiya re,194.0,1,"Vikash Raja, Aisa Raj - Daiya daiya re khube Leh leba saiya re.mp3",Vikash Raja,,,,57.1,64.9,none
vikash raja anita shiwani|docter sahab dekhi na bhukhar lagal ba ka,"Vikash Raja, Anita Shiwani",Docter Sahab Dekhi Na Bhukhar Lagal Ba Ka,203.0,1,"Vikash Raja, Anita Shiwani - Docter Sahab Dekhi Na Bhukhar Lagal Ba Ka.mp3",Vikash Raja,,,,55.6,60.7,none
vikash raja kumari neetu|maar ye saiya taang utha le bani,"Vikash Raja, Kumari Neetu",Maar Ye Saiya Taang Utha Le Bani,209.0,1,"Vikash Raja, Kumari Neetu - Maar Ye Saiya Taang Utha Le Bani.mp3",Vikash Raja,1338,Fuba Tamang - Maya Ma Yestai,Genius Romanizations,62.1,60.4,none
vikash raja kumari neetu|saat fero ke sato vachan,"Vikash Raja, Kumari Neetu",Saat fero ke sato Vachan,192.0,1,"Vikash Raja, Kumari Neetu - Saat fero ke sato Vachan.mp3",Vikash Raja,,,,54.5,60.4,none
vikash raja naina yadav|suru kar saiya ji sej pa ladai,"Vikash Raja, Naina Yadav",Suru Kar Saiya Ji Sej Pa Ladai,204.0,1,"Vikash Raja, Naina Yadav - Suru Kar Saiya Ji Sej Pa Ladai.mp3",Vikash Raja,,,,54.0,62.5,none
vikash raja|bagal vali hamse pat jaye,Vikash Raja,Bagal Vali Hamse Pat Jaye,178.0,1,Vikash Raja - Bagal Vali Hamse Pat Jaye.mp3,Vikash Raja,746,Jai Bhola Nath (Nepali Bhajan),Bindu,60.4,66.7,none
vikash raja|bhole baba piyatani ho ganja,Vikash Raja,Bhole Baba Piyatani Ho Ganja,238.0,1,Vikash Raja - Bhole Baba Piyatani Ho Ganja.mp3,Vikash Raja,2372,Ho Ho Baba Ho Ho,Nepathya,100.0,66.7,weak
vikash raja|chal ge chhaudi gaya shahariya,Vikash Raja,Chal Ge Chhaudi Gaya Shahariya,385.0,1,Vikash Raja - Chal Ge Chhaudi Gaya Shahariya.mp3,Vikash Raja,,,,59.6,66.7,none
vikash raja|chhane chhane badle tohro mijaj chhaudi randibaj chhaudi,Vikash Raja,Chhane Chhane Badle Tohro Mijaj Chhaudi Randibaj Chhaudi,219.0,1,Vikash Raja - Chhane Chhane Badle Tohro Mijaj Chhaudi Randibaj Chhaudi.mp3,Vikash Raja,,,,56.0,66.7,none
vikash raja|chhauri hippi wali,Vikash Raja,Chhauri Hippi Wali,224.0,1,Vikash Raja - Chhauri Hippi Wali.mp3,Vikash Raja,2371,Himal Chuchure,Nepathya,62.5,66.7,none
vikash raja|chot khate khate jindgi pathar ban gai,Vikash Raja,CHOT KHATE KHATE JINDGI PATHAR BAN GAI,203.0,1,Vikash Raja - CHOT KHATE KHATE JINDGI PATHAR BAN GAI.mp3,Vikash Raja,2519,Jindagi Ko Pana Bhari,Phatteman Rajbhandari,64.2,66.7,none
vikash raja|dele ba kavan lalaki farak re,Vikash Raja,Dele Ba Kavan Lalaki Farak Re,243.0,1,Vikash Raja - Dele Ba Kavan Lalaki Farak Re.mp3,Vikash Raja,,,,54.5,66.7,none
vikash raja|hai rate ekdam 130 ba,Vikash Raja,Hai Rate Ekdam 130 Ba,165.0,1,Vikash Raja - Hai Rate Ekdam 130 Ba.mp3,Vikash Raja,1226,Aa Hai,Ekdev Limbu,66.7,66.7,weak
vikash raja|hai shiv ke pujari ho,Vikash Raja,Hai Shiv Ke Pujari Ho,180.0,1,Vikash Raja - Hai Shiv Ke Pujari Ho.mp3,Vikash Raja,1226,Aa Hai,Ekdev Limbu,66.7,66.7,weak
vikash raja|jara me mor hota donga,Vikash Raja,Jara Me Mor Hota Donga,156.0,1,Vikash Raja - Jara Me Mor Hota Donga.mp3,Vikash Raja,,,,58.5,66.7,none
vikash raja|jawani sakhi palang pa roy,Vikash Raja,Jawani Sakhi Palang Pa Roy,210.0,1,Vikash Raja - Jawani Sakhi Palang Pa Roy (2).mp3,Vikash Raja,602,Gayo Gayo Jawani Gayo,Babin Pradhan,70.6,66.7,weak
vikash raja|karab pujai sarswati mai ke,Vikash Raja,Karab Pujai Sarswati Mai Ke,208.0,1,Vikash Raja - Karab Pujai Sarswati Mai Ke.mp3,Vikash Raja,1458,Hamri Ama Sarai Nai,Hari Bansha Acharya,60.9,66.7,none
vikash raja|milanwa mai labhar se hoi,Vikash Raja,milanwa mai labhar se hoi,298.0,1,Vikash Raja - milanwa mai labhar se hoi.mp3,Vikash Raja,2630,MAYA MA BYAPAR BHO,Pramod Kharel,60.5,66.7,none
vikash raja|patna ke mela,Vikash Raja,Patna Ke Mela,216.0,1,Vikash Raja - Patna Ke Mela.mp3,Vikash Raja,559,Ma Ek Sapana,Astha Tamang-Maskey,72.0,66.7,weak
vikash raja|pudina ke pawar kawar mein ba,Vikash Raja,Pudina Ke Pawar kawar mein Ba,161.0,1,Vikash Raja - Pudina Ke Pawar kawar mein Ba.mp3,Vikash Raja,,,,54.9,66.7,none
vikash raja|rangdari kare bihari,Vikash Raja,Rangdari Kare Bihari,198.0,1,Vikash Raja - Rangdari Kare Bihari.mp3,Vikash Raja,2132,Bihaniko Kiran Sangai,Nabin K Bhattarai,68.3,66.7,weak
vikash raja|vina ke bajaiya,Vikash Raja,Vina ke Bajaiya,275.0,1,Vikash Raja - Vina ke Bajaiya.mp3,Vikash Raja,1939,Aja Kina,Mantra Band,69.6,66.7,weak
vikram shehzada|sajjan gawa bewengi,Vikram Shehzada,Sajjan Gawa Bewengi,321.0,1,Vikram Shehzada - Sajjan Gawa Bewengi.mp3,Sajjan,,,,57.1,59.3,none
vinay nepali neha kushwaha|laila majanu,"Vinay Nepali, Neha Kushwaha",Laila Majanu,248.0,1,"Vinay Nepali, Neha Kushwaha - Laila Majanu.mp3",Vinay Nepali,1038,Laila,Deepak Bajracharya,100.0,63.2,weak
vinay nepali|ghiuwa ke deyawa,Vinay Nepali,Ghiuwa Ke Deyawa,176.0,1,Vinay Nepali - Ghiuwa Ke Deyawa.mp3,nepali,,,,55.2,66.7,none
vinay nepali|sachchi dosti,Vinay Nepali,Sachchi Dosti,229.0,1,Vinay Nepali - Sachchi Dosti.mp3,Vinay Nepali,,,,57.1,66.7,none
vipin ggn|sajjan daultabad,Vipin Ggn,Sajjan Daultabad,171.0,1,Vipin Ggn - Sajjan Daultabad (2).mp3,Sajjan,460,Sapana Haru Sabai,Arun Thapa,60.6,53.3,none
visentito2002 aka visenteshawty|no te puedo sacar,visentito2002 aka visenteshawty,no te puedo sacar prod.visente,0.0,1,no te puedo sacar prod.visente.m4a,Sacar,,,,52.9,46.8,none
vivek nepali|rangdari chalela khandani,Vivek Nepali,Rangdari Chalela Khandani,157.0,1,Vivek Nepali - Rangdari Chalela Khandani.mp3,nepali,1135,Ma Jalera Kharani,Dipak Limbu,61.9,66.7,none
vivek sherpa|timi mero shikhar,Vivek Sherpa,Timi Mero Shikhar,177.0,1,Vivek Sherpa - Timi Mero Shikhar.mp3,SHERPA,752,Timi,Binit Shrestha,100.0,70.6,weak
vlad dj nepali feat jarique|are you in team 2night mix by vlad dj nepali jarique,Vlad & dj nePali feat. Jarique,Are you in team? (2night mix by Vlad & dj nePali & Jarique),178.0,1,Vlad & dj nePali feat. Jarique - Are you in team_ (2night mix by Vlad & dj nePali & Jarique).mp3,nepali,207,Nepali,Albatross,100.0,63.2,weak
vten beatsbyhype|haalkhabar,"VTEN, beatsbyhype",Haalkhabar,253.0,1,"VTEN, beatsbyhype - Haalkhabar.mp3",Vten,3981,Halkhabar,VTEN,94.7,100.0,strong
vten beatsbyhype|himmat,"VTEN, beatsbyhype",Himmat,203.0,1,"VTEN, beatsbyhype - Himmat.mp3",Vten,3983,Himmat,VTEN,100.0,100.0,strong
vten beatsbyhype|manchhe khattam,"VTEN, beatsbyhype",Manchhe Khattam,244.0,1,"VTEN, beatsbyhype - Manchhe Khattam.mp3",Vten,3989,Manchhe Khattam,VTEN,100.0,100.0,strong
vten beatsbyhype|on my way,"VTEN, beatsbyhype",On My Way,189.0,1,"VTEN, beatsbyhype - On My Way.mp3",Vten,808,Way To my Heart Nepali poetry,Birendra Ghimire,80.0,100.0,probable
vten bluesss beatsbyhype|yestai ta ho ni bro,"VTEN, Bluesss, beatsbyhype",Yestai Ta Ho Ni Bro,271.0,1,"VTEN, Bluesss, beatsbyhype - Yestai Ta Ho Ni Bro.mp3",Vten,4001,Yestai Ta Ho Ni Bro,"VTEN, Bluesss & BeatsByHype",100.0,100.0,strong
vten mana shrestha beatsbyhype|ma pa se,"VTEN, Mana Shrestha, beatsbyhype",Ma Pa Se,195.0,1,"VTEN, Mana Shrestha, beatsbyhype - Ma Pa Se.mp3",Vten,3987,MA PA SE,VTEN,100.0,100.0,strong
vten|aafno,VTEN,Aafno,0.0,1,Aafno.m4a,VTEN,3969,Aafno,VTEN,100.0,100.0,strong
vten|afnai bato,VTEN,Afnai Bato,0.0,1,Afnai Bato.m4a,VTEN,3970,Afnai Bato,VTEN,100.0,100.0,strong
vten|bujhideu,VTEN,Bujhideu,0.0,1,Bujhideu.m4a,VTEN,3149,Bujhideu,Samir Shrestha,100.0,100.0,strong
vten|crmnl,VTEN,CRMNL,0.0,1,CRMNL.m4a,VTEN,3977,CRMNL,VTEN,100.0,100.0,strong
vten|cypher,VTEN,Cypher,182.0,1,VTEN - Cypher.mp3,Vten,3978,CYPHER,VTEN,100.0,100.0,strong
vten|dolla bill ft young lama,VTEN,Dolla Bill ft. Young Lama,0.0,1,Dolla Bill ft. Young Lama.m4a,VTEN,1393,VTEN ft. Young Lama - Dolla Bill,Genius Romanizations,100.0,100.0,strong
vten|galli sadak,VTEN,Galli Sadak,206.0,1,VTEN - Galli Sadak (2).mp3,Vten,3980,Galli Sadak,VTEN,100.0,100.0,strong
vten|haalkhabar,VTEN,Haalkhabar,254.0,1,VTEN - Haalkhabar.mp3,Vten,3981,Halkhabar,VTEN,94.7,100.0,strong
vten|hindai chu ma,VTEN,Hindai Chu Ma,0.0,1,Hindai Chu Ma.m4a,VTEN,3773,Ma,The Shadows 'Nepal',100.0,100.0,strong
vten|maanchhe khattam,VTEN,Maanchhe Khattam,245.0,1,VTEN - Maanchhe Khattam.mp3,Vten,3989,Manchhe Khattam,VTEN,96.8,100.0,strong
vten|paaraa,VTEN,PAARAA,166.0,1,VTEN - PAARAA.mp3,Vten,3991,Paaraa,VTEN,100.0,100.0,strong
vten|simsime paani rev,VTEN,Simsime Paani Rev,197.0,1,VTEN - Simsime Paani Rev.mp3,Vten,3993,Simsime Paani,VTEN,100.0,100.0,strong
vten|superstar ft ruthless,VTEN,Superstar ft. Ruthless,0.0,1,Superstar ft. Ruthless.m4a,VTEN,3996,Superstar,VTEN,100.0,100.0,strong
vten|thaa chaina,VTEN,Thaa Chaina,0.0,1,Thaa Chaina.m4a,VTEN,3998,Thaa Chaina,VTEN,100.0,100.0,strong
vyoma official|aakraman vyoma,Vyoma Official,"""AAKRAMAN"" - VYOMA | Official Music Video | Beat Prod : Vipax34",162.0,1,＂AAKRAMAN＂ - VYOMA ｜ Official Music Video ｜ Beat Prod ： Vipax34.m4a,Fulbari rapper,485,Ma Aankhaima,Aruna Lama,69.2,100.0,weak
waheed nawaz|dil me natho den sajjan,Waheed Nawaz,Dil Me Natho Den Sajjan,286.0,1,Waheed Nawaz - Dil Me Natho Den Sajjan.mp3,Sajjan,357,Aye Dil,Ankit Tiwari,60.0,52.2,none
waheed nawaz|muqadar kiyo sajjan,Waheed Nawaz,Muqadar Kiyo Sajjan,357.0,1,Waheed Nawaz - Muqadar Kiyo Sajjan.mp3,Sajjan,3752,Sapana Ko Mayalu,The Elements,62.9,52.2,none
wisp|neetesh jung kunwar rebirth feat uniq poet wisp,WISP,Neetesh Jung Kunwar - REBIRTH Feat Uniq Poet (WISP Remix),0.0,1,Neetesh Jung Kunwar - REBIRTH Feat Uniq Poet (WISP Remix).m4a,Uniq Poet,1359,Neetesh Jung Kunwar - Prashna,Genius Romanizations,82.6,44.4,weak
wisp|vten strain wisp,WISP,VTEN - STRAIN (WISP REMIX),0.0,1,VTEN - STRAIN (WISP REMIX).m4a,VTEN,3994,Strain,VTEN,100.0,44.4,weak
x3 music and 2 more|fulkumari,x3 Music and 2 more,FULKUMARI OFFICIAL MUSIC VIDEO Prodby@KleinBeats,177.0,1,FULKUMARI OFFICIAL MUSIC VIDEO Prodby@KleinBeats.m4a,Fulbari rapper,3087,Lukaamaari,Sajjan Raj Vaidya,63.2,71.4,none
xandon|bhutanese song nepali rap in bhutanese nepali way,XanDon,Bhutanese song (nepali rap in bhutanese nepali way),0.0,1,Bhutanese song (nepali rap in bhutanese nepali way).m4a,Aidray Nepali rap,207,Nepali,Albatross,100.0,53.3,weak
yabesh thapa|jhari,Yabesh Thapa,Jhari,276.0,1,Yabesh Thapa - Jhari.mp3,Yabesh Thapa,4028,Jhari,Yabesh Thapa,100.0,100.0,strong
yabesh thapa|kamana कामना,Yabesh Thapa,Kamana (कामना),193.0,1,Yabesh Thapa - Kamana (कामना).mp3,Yabesh Thapa,1231,Bahana बहाना,Ekdev Limbu,66.7,100.0,weak
yabesh thapa|kasari कसरी,Yabesh Thapa,Kasari (कसरी),252.0,1,Yabesh Thapa - Kasari (कसरी).mp3,Yabesh Thapa,4031,Kasari / कसरी,Yabesh Thapa,100.0,100.0,strong
yabesh thapa|prayas,Yabesh Thapa,Prayas,243.0,1,Yabesh Thapa - Prayas.mp3,Yabesh Thapa,3176,Prayas,Samriddhi Rai,100.0,100.0,strong
yabithegoat|goat things,yabithegoat,GOAT THINGS | Official Music Video I Prod.by @RUTHLESSBEATZOFFICAL @LOCOLIZE2025,242.0,1,GOAT THINGS ｜ Official Music Video I Prod.by @RUTHLESSBEATZOFFICAL @LOCOLIZE2025.m4a,channel:yabithegoat,,,,55.2,53.3,none
yabithegoat|parani,yabithegoat,PARANI | YABI X @Romeo_o_oo | OFFICIAL MUSIC VIDEO,201.0,1,PARANI ｜ YABI X @Romeo_o_oo ｜ OFFICIAL MUSIC VIDEO.m4a,channel:yabithegoat,270,Pari,Anil Singh,80.0,53.3,weak
yabithegoat|yabi raila ft nawaj ansari,yabithegoat,YABI- RAILA ft. Nawaj ansari ( prod. by sik007 music  ),218.0,1,YABI- RAILA ft. Nawaj ansari ( prod. by sik007 music  ).m4a,channel:yabithegoat,,,,57.7,53.3,none
yabithegoat|yabi vagwan,yabithegoat,YABI - Vagwan ( Official Music Video ) Prod. by - Saint6,251.0,1,YABI - Vagwan ( Official Music Video ) Prod. by - Saint6.m4a,channel:yabithegoat,4045,Vagwan,YABI The G.O.A.T,100.0,53.3,weak
yabithegoat|yabi x karan,yabithegoat,YABI x KARAN | BHANA | Prod. by Anup Kunwar | Official Music Video,212.0,1,YABI x KARAN ｜ BHANA ｜ Prod. by Anup Kunwar ｜ Official Music Video.m4a,channel:yabithegoat,3401,Karnali,Sugam Pokharel,63.2,53.3,none
yabithegoat|yabi x paschimey maaude title song,yabithegoat,YABI X PASCHIMEY - MAAUDE ( title song ) prod. by Black Rose Beatz,192.0,1,YABI X PASCHIMEY - MAAUDE ( title song ) prod. by Black Rose Beatz.m4a,channel:yabithegoat,3163,Pir Song,Samjhana Bhandari,66.7,53.3,weak
yabithegoat|yabi x paschimey x qaidi audaixa her,yabithegoat,YABI X PASCHIMEY X QAIDI - Audaixa her ( Official  Music VIdeo ),229.0,1,YABI X PASCHIMEY X QAIDI - Audaixa her ( Official  Music VIdeo ).m4a,channel:yabithegoat,,,,51.5,53.3,none
yabithegoat|yabi x purplemusic111 x young_gwala weeeeee,yabithegoat,YABI x @purplemusic111  x @Young_Gwala  - WEEEEEE ( OFFICIAL MUSIC VIDEO ) | Prod. by K-pass,199.0,1,YABI x @purplemusic111  x @Young_Gwala  - WEEEEEE ( OFFICIAL MUSIC VIDEO ) ｜ Prod. by K-pass.m4a,channel:yabithegoat,,,,36.9,53.3,none
yabithegoat|yabi x sarkaar x bella najaau,yabithegoat,YABI x SARKAAR x BELLA - NAJAAU | Official Audio,250.0,1,YABI x SARKAAR x BELLA - NAJAAU ｜ Official Audio.m4a,channel:yabithegoat,,,,55.3,53.3,none
yadu ram kc|phatteman_rajbhandari marna baru garo hunna,Yadu Ram KC,Phatteman_Rajbhandari  marna baru garo hunna,0.0,1,Phatteman_Rajbhandari  marna baru garo hunna.mp3,Phatteman Rajbhandari,2516,Marna baru,Phatteman,100.0,55.6,weak
yadu ram kc|phatteman_rajbhandari yesto pani hudo raicha,Yadu Ram KC,Phatteman_Rajbhandari yesto pani  hudo raicha,0.0,1,Phatteman_Rajbhandari yesto pani  hudo raicha.m4a,Phatteman Rajbhandari,2156,Pani Pani,Nalina Chitrakar,100.0,55.6,weak
yagyaraj upadhyaya kunti moktan|dhalkidi kanki bali,"Yagyaraj Upadhyaya, Kunti Moktan",Dhalkidi Kanki Bali,392.0,1,"Yagyaraj Upadhyaya, Kunti Moktan - Dhalkidi Kanki Bali.mp3",Kunti Moktan,1919,Manko Badhlai,Manila Sotang,62.5,100.0,weak
yakubbeatz|gbob kalakaar official audio,YakubBeatZ,GBOB - Kalakaar Official Audio (Prod. YakubBeatz),175.0,1,GBOB - Kalakaar Official Audio (Prod. YakubBeatz).m4a,G-BOB Nepali rap,2774,Kutu Ma Kutu Official,Rajan Raj Shiwakoti,66.7,57.1,weak
yakuv tamang|alone nepali rap beat instrumental,Yakuv Tamang,"""Alone"" Nepali Rap Beat Instrumental 2019 | Nepali Rap Song | ( Prod. By: Yakub Tamang )",0.0,1,＂Alone＂ Nepali Rap Beat Instrumental 2019 ｜ Nepali Rap Song ｜ ( Prod. By： Yakub Tamang ).mp3,Aidray Nepali rap,207,Nepali,Albatross,100.0,100.0,strong
yakuv tamang|guffadi neeta yakub tamang,Yakuv Tamang,Guffadi Neeta - Yakub Tamang || New Nepali Rap Song 2019 ||,0.0,1,Guffadi Neeta - Yakub Tamang ｜｜ New Nepali Rap Song 2019 ｜｜.m4a,Aidray Nepali rap,,,,54.9,100.0,weak
yam baral anju panta|timi meri meri hau,"Yam Baral, Anju Panta",Timi Meri Meri Hau,259.0,1,"Yam Baral, Anju Panta - Timi Meri Meri Hau.mp3",Yam Baral,752,Timi,Binit Shrestha,100.0,100.0,strong
yam baral devika pradhan|aaja hamro bihe,"Yam Baral, Devika Pradhan",Aaja Hamro Bihe,242.0,1,"Yam Baral, Devika Pradhan - Aaja Hamro Bihe.mp3",Yam Baral,144,Aaja,Adrian Pradhan,100.0,100.0,strong
yam baral devika pradhan|sagar tyasai bandaina,"Yam Baral, Devika Pradhan",Sagar Tyasai Bandaina,293.0,1,"Yam Baral, Devika Pradhan - Sagar Tyasai Bandaina.mp3",Yam Baral,210,Sagar,Albatross,100.0,100.0,strong
yam baral feat anju panta|bardhan,Yam Baral feat. Anju Panta,Bardhan,309.0,1,Yam Baral feat. Anju Panta - Bardhan (2).mp3,Yam Baral,631,Balidan,Balen,71.4,100.0,weak
yam baral feat anju panta|buddam saranam,Yam Baral feat. Anju Panta,Buddam Saranam,355.0,1,Yam Baral feat. Anju Panta - Buddam Saranam.mp3,Yam Baral,3078,Ek Sarvanaam,Sajjan Raj Vaidya,61.5,100.0,weak
yam baral feat anju panta|buddha,Yam Baral feat. Anju Panta,Buddha,355.0,1,Yam Baral feat. Anju Panta - Buddha.mp3,Yam Baral,696,Jaha Chan Buddha ka ankha,Bhakta Raj Acharya,100.0,100.0,strong
yam baral feat anju panta|jun khola ko,Yam Baral feat. Anju Panta,Jun Khola ko,317.0,1,Yam Baral feat. Anju Panta - Jun Khola ko.mp3,Yam Baral,2858,Daiba Tero Maya ko Khola le,Ram Krishna Dhakal,80.0,100.0,probable
yam baral feat anju panta|timro roop,Yam Baral feat. Anju Panta,Timro Roop,244.0,1,Yam Baral feat. Anju Panta - Timro Roop.mp3,Yam Baral,3614,Ma Timro,Swoopna Suman,76.9,100.0,weak
yam baral feat komal oli|mari lanu kya chha ra,Yam Baral feat. Komal Oli,Mari Lanu Kya Chha Ra,272.0,1,Yam Baral feat. Komal Oli - Mari Lanu Kya Chha Ra (2).mp3,Yam Baral,2672,Ke Nai Chha Ra,Pratap Das,74.3,100.0,weak
yam baral feat rekha thapa|bhuiko maya chat,Yam Baral feat. Rekha Thapa,Bhuiko Maya Chat,266.0,1,Yam Baral feat. Rekha Thapa - Bhuiko Maya Chat.mp3,Yam Baral,526,Maya,Ashutosh KC,100.0,100.0,strong
yam baral feat sapana shree|ma matiyeko bela,Yam Baral feat. Sapana Shree,Ma Matiyeko Bela,281.0,1,Yam Baral feat. Sapana Shree - Ma Matiyeko Bela.mp3,Yam Baral,3538,Bela Bela,Sushant KC,100.0,100.0,strong
yam baral lochan bhatarai|muri muri samjhana,"Yam Baral, Lochan Bhatarai",Muri Muri Samjhana,293.0,1,"Yam Baral, Lochan Bhatarai - Muri Muri Samjhana.mp3",Yam Baral,737,Samjhana,Bikki Gurung,100.0,100.0,strong
yam baral mandavi tripathi|ye janu,"Yam Baral, Mandavi Tripathi",Ye Janu,386.0,1,"Yam Baral, Mandavi Tripathi - Ye Janu.mp3",Yam Baral,621,Tada Tada Janu Cha Sathi,Bacchu Kailash,72.7,100.0,weak
yam baral pushpa poudel|mirganayan ma,"Yam Baral, Pushpa Poudel",Mirganayan Ma,303.0,1,"Yam Baral, Pushpa Poudel - Mirganayan Ma.mp3",Yam Baral,3773,Ma,The Shadows 'Nepal',100.0,100.0,strong
yam baral sangit sakya|mero maya nau muri,"Yam Baral, Sangit Sakya",Mero Maya Nau Muri,289.0,1,"Yam Baral, Sangit Sakya - Mero Maya Nau Muri.mp3",Yam Baral,526,Maya,Ashutosh KC,100.0,100.0,strong
yam baral sanjeevani|haina ra maya chhaina ra,"Yam Baral, Sanjeevani",Haina Ra Maya Chhaina Ra,140.0,1,"Yam Baral, Sanjeevani - Haina Ra Maya Chhaina Ra.mp3",Yam Baral,194,Chhaina,Albatross,100.0,100.0,strong
yam baral sapana shree pariyar|naau mero pachi pachi,"Yam Baral, Sapana Shree (Pariyar)",Naau Mero Pachi Pachi,330.0,1,"Yam Baral, Sapana Shree (Pariyar) - Naau Mero Pachi Pachi.mp3",Yam Baral,158,Nabhana Mero,Adrian Pradhan,66.7,100.0,weak
yam baral sapana shree|dui jodi aankha,"Yam Baral, Sapana Shree",Dui Jodi Aankha,291.0,1,"Yam Baral, Sapana Shree - Dui Jodi Aankha.mp3",Yam Baral,2129,Aankha maa,Nabin K Bhattarai,75.0,100.0,weak
yam baral sapana shree|sano hamro sansarma,"Yam Baral, Sapana Shree",Sano hamro Sansarma,260.0,1,"Yam Baral, Sapana Shree - Sano hamro Sansarma.mp3",Yam Baral,427,Sano,Apurva Tamang,100.0,100.0,strong
yam baral sapana shree|uddaichhau ki basyau,"Yam Baral, Sapana Shree",Uddaichhau Ki Basyau,309.0,1,"Yam Baral, Sapana Shree - Uddaichhau Ki Basyau.mp3",Yam Baral,3014,Jau ki Basu,Sabin Rai,64.5,100.0,weak
yam baral sapana shree|yeti ramri maya aaj,"Yam Baral, Sapana Shree",Yeti Ramri Maya Aaj,315.0,1,"Yam Baral, Sapana Shree - Yeti Ramri Maya Aaj.mp3",Yam Baral,526,Maya,Ashutosh KC,100.0,100.0,strong
yam baral sarmila bardiwa|jaba hunchha timro sath,"Yam Baral, Sarmila Bardiwa",Jaba Hunchha Timro Sath,306.0,1,"Yam Baral, Sarmila Bardiwa - Jaba Hunchha Timro Sath.mp3",Yam Baral,688,Sath,Beyond & Barsha Karmacharya,100.0,100.0,strong
yam baral shila bista|je parla parla,"Yam Baral, Shila Bista",Je Parla Parla !,242.0,1,"Yam Baral, Shila Bista - Je Parla Parla !.mp3",Yam Baral,282,Chhutyau Bhane Runu Parla,"Anju Pant(F), Swaroop Raj Acharya(M)",76.9,100.0,weak
yam baral sindhu malla|ma timlai man parauchu,"Yam Baral, Sindhu Malla",Ma Timlai Man Parauchu,219.0,1,"Yam Baral, Sindhu Malla - Ma Timlai Man Parauchu.mp3",Yam Baral,3773,Ma,The Shadows 'Nepal',100.0,100.0,strong
yam baral sindhu rana|muluk khatir,"Yam Baral, Sindhu Rana",Muluk Khatir,296.0,1,"Yam Baral, Sindhu Rana - Muluk Khatir.mp3",Yam Baral,59,Mutu Bhari,1974 AD,63.6,100.0,weak
yam baral sukmeet gurung|mutu bhari timro maya,"Yam Baral, Sukmeet Gurung",Mutu Bhari Timro Maya,314.0,1,"Yam Baral, Sukmeet Gurung - Mutu Bhari Timro Maya.mp3",Yam Baral,59,Mutu Bhari,1974 AD,100.0,100.0,strong
yam baral sukmit gurung|manaibhari pairo gayo,Yam Baral & Sukmit Gurung,Manaibhari Pairo Gayo,378.0,1,Yam Baral & Sukmit Gurung - Manaibhari Pairo Gayo.mp3,Yam Baral,3542,Gayo Ta Gayo,Sushant KC,72.7,100.0,weak
yam baral sukmit gurung|mannaibhari paihro,"Yam Baral, Sukmit Gurung",Mannaibhari Paihro,379.0,1,"Yam Baral, Sukmit Gurung - Mannaibhari Paihro.mp3",Yam Baral,241,Anganai Bhari,Amrit Gurung,64.5,100.0,weak
yam baral sunita subba|yekantama,"Yam Baral, Sunita subba",Yekantama,389.0,1,"Yam Baral, Sunita subba - Yekantama.mp3",Yam Baral,1693,Ekantama,Karma Band,94.1,100.0,strong
yam baral|a suna,Yam Baral,A Suna,242.0,1,Yam Baral - A Suna.mp3,Yam Baral,338,A Sathi Suna,Anju Panta and Kiran Bhujel From Nepali Movie Ye Sathi Suna,100.0,100.0,strong
yam baral|aaba ta bhannu ke,Yam Baral,Aaba Ta Bhannu Ke,250.0,1,Yam Baral - Aaba Ta Bhannu Ke.mp3,Yam Baral,1976,Bhaun ta ke bhanum ?,Mc Flo,74.3,100.0,weak
yam baral|aafailai sodhe khoje,Yam Baral,Aafailai Sodhe Khoje,308.0,1,Yam Baral - Aafailai Sodhe Khoje.mp3,Yam Baral,491,Phool Lai Sodhe,Aruna Lama,68.6,100.0,weak
yam baral|aaja kamaiyako,Yam Baral,Aaja Kamaiyako,334.0,1,Yam Baral - Aaja Kamaiyako.mp3,Yam Baral,144,Aaja,Adrian Pradhan,100.0,100.0,strong
yam baral|aakhabhari,Yam Baral,Aakhabhari,339.0,1,Yam Baral - Aakhabhari (2).mp3,Yam Baral,4125,Akash Bhari,Yugal Gurung,76.2,100.0,weak
yam baral|aaudaichhu ma,Yam Baral,Aaudaichhu Ma,297.0,1,Yam Baral - Aaudaichhu Ma.mp3,Yam Baral,3719,Ma Aaudaichhu,The Axe (Nepal),100.0,100.0,strong
yam baral|aba chot harule piroldaina malai,Yam Baral,Aba Chot Harule Piroldaina Malai,353.0,1,Yam Baral - Aba Chot Harule Piroldaina Malai.mp3,Yam Baral,1403,Yam Baral - Aba Chot Harule Piroldaina Malai,Genius Romanizations,100.0,100.0,strong
yam baral|aba malai,Yam Baral,Aba Malai,258.0,1,Yam Baral - Aba Malai.mp3,Yam Baral,1403,Yam Baral - Aba Chot Harule Piroldaina Malai,Genius Romanizations,100.0,100.0,strong
yam baral|arulai haneko teer,Yam Baral,Arulai Haneko Teer,306.0,1,Yam Baral - Arulai Haneko Teer.mp3,Yam Baral,465,Arule Haneko,Aruna Lama,80.0,100.0,probable
yam baral|badaluko ghumtole,Yam Baral,Badaluko Ghumtole,287.0,1,Yam Baral - Badaluko Ghumtole.mp3,Yam Baral,4048,Badaluko Ghumtole,Yam Baral,100.0,100.0,strong
yam baral|basa tanama,Yam Baral,Basa Tanama,255.0,1,Yam Baral - Basa Tanama.mp3,Yam Baral,1627,Basantaa,Jpt Rockerz,73.7,100.0,weak
yam baral|basantko,Yam Baral,Basantko,284.0,1,Yam Baral - Basantko.mp3,Yam Baral,1626,Basanta,JPT Rockerz,80.0,100.0,probable
yam baral|bhari mano,Yam Baral,Bhari Mano,322.0,1,Yam Baral - Bhari Mano (3).mp3,Yam Baral,1919,Manko Badhlai,Manila Sotang,78.3,100.0,probable
yam baral|bidhatale kina yesto,Yam Baral,Bidhatale Kina Yesto,297.0,1,Yam Baral - Bidhatale Kina Yesto.mp3,Yam Baral,862,KINA,Brisk timos,100.0,100.0,strong
yam baral|birano lagyo tyo timro shahar,Yam Baral,Birano Lagyo Tyo Timro Shahar,323.0,1,Yam Baral - Birano Lagyo Tyo Timro Shahar.mp3,Yam Baral,564,Shahar,Astha Tamang-Maskey,100.0,100.0,strong
yam baral|birano thaubata,Yam Baral,Birano Thaubata,288.0,1,Yam Baral - Birano Thaubata.mp3,Yam Baral,1115,Birano,Dibesh Pokharel,100.0,100.0,strong
yam baral|birsiyara aafailai,Yam Baral,Birsiyara Aafailai,313.0,1,Yam Baral - Birsiyara Aafailai.mp3,Yam Baral,344,Aadhi Khola Urliyara,Anju Panta from Nepali Movie Samjhi Rakha Hai. Aandhi Khola,63.2,100.0,weak
yam baral|bot bhari ful,Yam Baral,Bot Bhari Ful,265.0,1,Yam Baral - Bot Bhari Ful.mp3,Yam Baral,2497,Babari Fulko Bot,"Pandav Sunuwar, Basudev Munal",82.8,100.0,probable
yam baral|buddam saranam,Yam Baral,Buddam Saranam,350.0,1,Yam Baral - Buddam Saranam.mp3,Yam Baral,3078,Ek Sarvanaam,Sajjan Raj Vaidya,61.5,100.0,weak
yam baral|campus bhari mela,Yam Baral,Campus Bhari Mela,217.0,1,Yam Baral - Campus Bhari Mela.mp3,Yam Baral,3760,Man Bhari Maya Cha,The Firantee,68.6,100.0,weak
yam baral|chanchal timro,Yam Baral,Chanchal Timro,339.0,1,Yam Baral - Chanchal Timro.mp3,Yam Baral,3428,Chanchal Chanchal,Sugam Pokhrel,100.0,100.0,strong
yam baral|chandra surya,Yam Baral,Chandra Surya,221.0,1,Yam Baral - Chandra Surya.mp3,Yam Baral,2393,Rato Ra Chandra Surya,Nepathya,100.0,100.0,strong
yam baral|chari jhai udyo,Yam Baral,Chari Jhai Udyo,294.0,1,Yam Baral - Chari Jhai Udyo.mp3,Yam Baral,4147,Chari udyo Badal Chuna lai,चारी उड्यो Sadrose Band,80.0,100.0,probable
yam baral|chirera hera,Yam Baral,Chirera Hera,323.0,1,Yam Baral - Chirera Hera.mp3,Yam Baral,2825,Herda Herdai,Raju Lama,75.0,100.0,weak
yam baral|chita mathi las mero,Yam Baral,Chita Mathi Las Mero,303.0,1,Yam Baral - Chita Mathi Las Mero.mp3,Yam Baral,4049,Chita Mathi Laas,Yam Baral,83.3,100.0,probable
yam baral|chori lagyo,Yam Baral,Chori Lagyo,291.0,1,Yam Baral - Chori Lagyo.mp3,Yam Baral,1689,Eco Ni Lagyo,Karishma Bista,78.3,100.0,probable
yam baral|chup chap heru katti,Yam Baral,Chup Chap Heru Katti,282.0,1,Yam Baral - Chup Chap Heru Katti.mp3,Yam Baral,487,Ma Ta Chup Chap,Aruna Lama,75.0,100.0,weak
yam baral|chyatiyera dhuja dhuja,Yam Baral,Chyatiyera Dhuja Dhuja,353.0,1,Yam Baral - Chyatiyera Dhuja Dhuja (2).mp3,Yam Baral,238,Ma Dur Bhayera,Ambar Gurung,66.7,100.0,weak
yam baral|deurali dandaima,Yam Baral,Deurali Dandaima,309.0,1,Yam Baral - Deurali Dandaima.mp3,Yam Baral,2285,Deurali,Naren Limbu,100.0,100.0,strong
yam baral|dhuwaa dhuwaa nabhaijau,Yam Baral,Dhuwaa Dhuwaa Nabhaijau,324.0,1,Yam Baral - Dhuwaa Dhuwaa Nabhaijau.mp3,Yam Baral,1869,Tada Tada Nabhaijau,Lochan Bhattarai,80.0,100.0,probable
yam baral|din dinai,Yam Baral,Din Dinai,288.0,1,Yam Baral - Din Dinai.mp3,Yam Baral,419,Din,Anuprastha,100.0,100.0,strong
yam baral|din ke ho raat ke ho,Yam Baral,Din Ke Ho Raat Ke Ho,286.0,1,Yam Baral - Din Ke Ho Raat Ke Ho.mp3,Yam Baral,419,Din,Anuprastha,100.0,100.0,strong
yam baral|dui panchhi,Yam Baral,Dui Panchhi,256.0,1,Yam Baral - Dui Panchhi.mp3,Yam Baral,318,Panchhi Bani Timro,Anju Panta,77.8,100.0,weak
yam baral|dukha pani ropeyo,Yam Baral,Dukha Pani Ropeyo,251.0,1,Yam Baral - Dukha Pani Ropeyo.mp3,Yam Baral,2156,Pani Pani,Nalina Chitrakar,100.0,100.0,strong
yam baral|gahiroko,Yam Baral,Gahiroko,332.0,1,Yam Baral - Gahiroko.mp3,Yam Baral,766,Gahiro Gahiro,Bipul Chettri,85.7,100.0,probable
yam baral|garmi bhayo,Yam Baral,Garmi Bhayo,342.0,1,Yam Baral - Garmi Bhayo (2).mp3,Yam Baral,4,Chari Basyo,,72.7,100.0,weak
yam baral|gaule ho ma gaule,Yam Baral,Gaule Ho Ma Gaule,306.0,1,Yam Baral - Gaule Ho Ma Gaule.mp3,Yam Baral,3773,Ma,The Shadows 'Nepal',100.0,100.0,strong
yam baral|gham joon jastai,Yam Baral,Gham-Joon Jastai,336.0,1,Yam Baral - Gham-Joon Jastai.mp3,Yam Baral,3356,GHAM RA JUN JASTAI,Sonia sen pokhrel,82.4,100.0,probable
yam baral|hajur ko ta,Yam Baral,Hajur Ko Ta,264.0,1,Yam Baral - Hajur Ko Ta.mp3,Yam Baral,2537,Ko Hau Timi,Piroo Rana,72.7,100.0,weak
yam baral|har chij chha jiwan ma,Yam Baral,Har Chij Chha Jiwan Ma,319.0,1,Yam Baral - Har Chij Chha Jiwan Ma.mp3,Yam Baral,8,Jiwan,,100.0,100.0,strong
yam baral|hasihasi,Yam Baral,Hasihasi,321.0,1,Yam Baral - Hasihasi (2).mp3,Yam Baral,3166,Asha,Samriddhi Rai,66.7,100.0,weak
yam baral|hasnalai ta,Yam Baral,Hasnalai Ta,347.0,1,Yam Baral - Hasnalai Ta (2).mp3,Yam Baral,1098,Manai Ta Ho,Dharmendra Sewan,72.7,100.0,weak
yam baral|hidnai nasakine,Yam Baral,Hidnai Nasakine,352.0,1,Yam Baral - Hidnai Nasakine.mp3,Yam Baral,3786,Nasakine Vo,"Tika Prasain, Lekh Raj Gurung",84.2,100.0,probable
yam baral|hidnai naskane bhiralo bato,Yam Baral,Hidnai Naskane Bhiralo Bato,352.0,1,Yam Baral - Hidnai Naskane Bhiralo Bato.mp3,Yam Baral,1931,Sanu Dadai Chill Basyo,"Manoj Sewa, Anju Panta",61.2,100.0,weak
yam baral|himali chhora,Yam Baral,Himali Chhora,295.0,1,Yam Baral - Himali Chhora.mp3,Yam Baral,2371,Himal Chuchure,Nepathya,74.1,100.0,weak
yam baral|hittale chhanera,Yam Baral,Hittale Chhanera,280.0,1,Yam Baral - Hittale Chhanera.mp3,Yam Baral,2999,Mera Mitha Chhyan,Rupesh Man,72.7,100.0,weak
yam baral|instrumental 1,Yam Baral,Instrumental 1,310.0,1,Yam Baral - Instrumental 1 (2).mp3,Yam Baral,,,,53.3,100.0,weak
yam baral|instrumental 2,Yam Baral,Instrumental 2,361.0,1,Yam Baral - Instrumental 2.mp3,Yam Baral,,,,54.5,100.0,weak
yam baral|jaba hunchha timro satha,Yam Baral,Jaba Hunchha Timro Satha,306.0,1,Yam Baral - Jaba Hunchha Timro Satha.mp3,Yam Baral,3614,Ma Timro,Swoopna Suman,76.9,100.0,weak
yam baral|jaba jhari parna thalchha,Yam Baral,Jaba Jhari Parna Thalchha,267.0,1,Yam Baral - Jaba Jhari Parna Thalchha.mp3,Yam Baral,1985,Jhari,Mc Flo,100.0,100.0,strong
yam baral|jane bela,Yam Baral,Jane Bela,277.0,1,Yam Baral - Jane Bela.mp3,Yam Baral,3538,Bela Bela,Sushant KC,100.0,100.0,strong
yam baral|jati bhogchhu aafailai,Yam Baral,Jati Bhogchhu Aafailai,289.0,1,Yam Baral - Jati Bhogchhu Aafailai.mp3,Yam Baral,24,Jati Maya,1974 A.D,61.5,100.0,weak
yam baral|jaun sangee,Yam Baral,Jaun Sangee,284.0,1,Yam Baral - Jaun Sangee.mp3,Yam Baral,3643,Sangai Juine,Sworup Raj Acharya,69.6,100.0,weak
yam baral|jaun sangi,Yam Baral,Jaun Sangi,268.0,1,Yam Baral - Jaun Sangi (2).mp3,Yam Baral,3304,Sangi,Shiva Pariyar,100.0,100.0,strong
yam baral|jindagi bata,Yam Baral,Jindagi Bata,254.0,1,Yam Baral - Jindagi Bata (2).mp3,Yam Baral,85,Yo Jindagi,1974ad,82.4,100.0,probable
yam baral|jindagi bharilai,Yam Baral,Jindagi Bharilai,312.0,1,Yam Baral - Jindagi Bharilai (2).mp3,Yam Baral,90,Juni Juni Bharilai,2025 Nepali Movie Dukhi Aatma,82.8,100.0,probable
yam baral|joonko kirana,Yam Baral,Joonko Kirana,236.0,1,Yam Baral - Joonko Kirana.mp3,Yam Baral,3596,Joon Tara,Swaroop Raj Acharya,63.6,100.0,weak
yam baral|jun ko kiran,Yam Baral,Jun Ko Kiran,236.0,1,Yam Baral - Jun Ko Kiran.mp3,Yam Baral,459,Saanjha Ko Jun Sangai,Arun Thapa,66.7,100.0,weak
yam baral|kahile jeevan kandama,Yam Baral,Kahile Jeevan Kandama,354.0,1,Yam Baral - Kahile Jeevan Kandama.mp3,Yam Baral,52,Kahile Kahile,1974 AD,100.0,100.0,strong
yam baral|kaiyau rahar asta hunchhan,Yam Baral,Kaiyau Rahar Asta Hunchhan,254.0,1,Yam Baral - Kaiyau Rahar Asta Hunchhan.mp3,Yam Baral,1112,Mayalu Hajar Hunchan,Dhruba KC,65.2,100.0,weak
yam baral|kasto hola,Yam Baral,Kasto Hola,361.0,1,Yam Baral - Kasto Hola.mp3,Yam Baral,3498,Ko Hola Tyo,Sunil Giri,76.2,100.0,weak
yam baral|ke bhayo khai kunni,Yam Baral,Ke Bhayo Khai Kunni,229.0,1,Yam Baral - Ke Bhayo Khai Kunni.mp3,Yam Baral,659,Khai,Bartika Eam Rai,100.0,100.0,strong
yam baral|kina futyo man,Yam Baral,Kina Futyo Man,318.0,1,Yam Baral - Kina Futyo Man.mp3,Yam Baral,862,KINA,Brisk timos,100.0,100.0,strong
yam baral|kohi bhaye aakash chhune,Yam Baral,Kohi Bhaye Aakash Chhune,326.0,1,Yam Baral - Kohi Bhaye Aakash Chhune.mp3,Yam Baral,1937,Aakash,Mantra Band,100.0,100.0,strong
yam baral|kolte feri feri,Yam Baral,Kolte Feri Feri,267.0,1,Yam Baral - Kolte Feri Feri.mp3,Yam Baral,3598,Aaja Feri,Swoopna Suman,61.5,100.0,weak
yam baral|krishna kishor mohan murari,Yam Baral,Krishna Kishor Mohan Murari,245.0,1,Yam Baral - Krishna Kishor Mohan Murari.mp3,Yam Baral,2920,Shree Krishna Govind Hare Murari,Ravindra Jain,68.3,100.0,weak
yam baral|kun ritu bhanu timilai,Yam Baral,Kun Ritu Bhanu Timilai,240.0,1,Yam Baral - Kun Ritu Bhanu Timilai.mp3,Yam Baral,1555,Timilai,James Shrestha,100.0,100.0,strong
yam baral|mahalma timi haasi rahauli,Yam Baral,Mahalma Timi Haasi Rahauli,327.0,1,Yam Baral - Mahalma Timi Haasi Rahauli (2).mp3,Yam Baral,752,Timi,Binit Shrestha,100.0,100.0,strong
yam baral|malai kanda bijhda,Yam Baral,Malai Kanda Bijhda,307.0,1,Yam Baral - Malai Kanda Bijhda.mp3,Yam Baral,3197,Malai Birsera Jana,Sanjeep Pradhan,72.2,100.0,weak
yam baral|mann herne gurase gaala,Yam Baral,Mann Herne Gurase Gaala,281.0,1,Yam Baral - Mann Herne Gurase Gaala.mp3,Yam Baral,772,Mann,Bipul Chettri,100.0,100.0,strong
yam baral|mann rahe po,Yam Baral,Mann Rahe Po,200.0,1,Yam Baral - Mann Rahe Po.mp3,Yam Baral,772,Mann,Bipul Chettri,100.0,100.0,strong
yam baral|mathi tara bhir,Yam Baral,Mathi Tara Bhir,302.0,1,Yam Baral - Mathi Tara Bhir.mp3,Yam Baral,2696,Tara Matra Hoina,Prem Dhoj Pradhan,71.0,100.0,weak
yam baral|maya garnu bhool hoina,Yam Baral,Maya Garnu Bhool Hoina,290.0,1,Yam Baral - Maya Garnu Bhool Hoina.mp3,Yam Baral,192,Bhool,Albatross,100.0,100.0,strong
yam baral|mayako,Yam Baral,Mayako,321.0,1,Yam Baral - Mayako (2).mp3,Yam Baral,136,Mayako Suruwat,"Abhinaya Yadav, Anju Panta",100.0,100.0,strong
yam baral|mero badanm,Yam Baral,Mero Badanm,316.0,1,Yam Baral - Mero Badanm (2).mp3,Yam Baral,490,Mero Aankhama,Aruna Lama,75.0,100.0,weak
yam baral|mero maya fula,Yam Baral,Mero Maya Fula,294.0,1,Yam Baral - Mero Maya Fula.mp3,Yam Baral,526,Maya,Ashutosh KC,100.0,100.0,strong
yam baral|mulukkhatir,Yam Baral,Mulukkhatir,296.0,1,Yam Baral - Mulukkhatir.mp3,Yam Baral,1241,Timro Muskan,Ekdev Limbu | Samir Shrestha,60.9,100.0,weak
yam baral|nachoyera pani choye,Yam Baral,Nachoyera Pani Choye,285.0,1,Yam Baral - Nachoyera Pani Choye.mp3,Yam Baral,2156,Pani Pani,Nalina Chitrakar,100.0,100.0,strong
yam baral|namloma khapi,Yam Baral,Namloma Khapi,338.0,1,Yam Baral - Namloma Khapi.mp3,Yam Baral,3325,Naulo Bihani,Simma Rai,64.0,100.0,weak
yam baral|nata kunai,Yam Baral,Nata Kunai,263.0,1,Yam Baral - Nata Kunai.mp3,Yam Baral,1016,Kahi Katai,Deep Shrestha,70.0,100.0,weak
yam baral|nidharama rato mato,Yam Baral,Nidharama Rato Mato,306.0,1,Yam Baral - Nidharama Rato Mato (2).mp3,Yam Baral,3881,Nidharma Rato Mato Sirma Topi Rakhe,Udit Narayan,70.4,100.0,weak
yam baral|nirmaya ko samjhana,Yam Baral,Nirmaya Ko Samjhana,240.0,1,Yam Baral - Nirmaya Ko Samjhana.mp3,Yam Baral,737,Samjhana,Bikki Gurung,100.0,100.0,strong
yam baral|nisthurile chhadera,Yam Baral,Nisthurile Chhadera,286.0,1,Yam Baral - Nisthurile Chhadera (2).mp3,Yam Baral,4054,Nisturile Chadera Gai Hali,Yam Baral,75.6,100.0,weak
yam baral|pahilo pahilo,Yam Baral,Pahilo Pahilo,253.0,1,Yam Baral - Pahilo Pahilo.mp3,Yam Baral,26,Pahilo Junima,1974 A.D,100.0,100.0,strong
yam baral|pallo ghar ko,Yam Baral,Pallo Ghar Ko,251.0,1,Yam Baral - Pallo Ghar Ko.mp3,Yam Baral,2389,Palla Ghar Ka,Nepathya,84.6,100.0,probable
yam baral|phool ko thunga sat naran puja,Yam Baral,Phool ko Thunga Sat Naran Puja,310.0,1,Yam Baral - Phool ko Thunga Sat Naran Puja.mp3,Yam Baral,3465,Phool,Sujan Chapagain,100.0,100.0,strong
yam baral|piratile khelyo,Yam Baral,Piratile Khelyo,293.0,1,Yam Baral - Piratile Khelyo (2).mp3,Yam Baral,2383,Maryo Piratile,Nepathya,75.9,100.0,weak
yam baral|pithyaun ma shyaula ko,Yam Baral,Pithyaun Ma Shyaula Ko,419.0,1,Yam Baral - Pithyaun Ma Shyaula Ko.mp3,Yam Baral,3773,Ma,The Shadows 'Nepal',100.0,100.0,strong
yam baral|piundai napiune manchhe,Yam Baral,Piundai Napiune Manchhe,302.0,1,Yam Baral - Piundai Napiune Manchhe (2).mp3,Yam Baral,2272,Manchhe Ko Maya,"Narayan Gopal, Gyanu Rana",63.6,100.0,weak
yam baral|premko panchhi,Yam Baral,Premko Panchhi,293.0,1,Yam Baral - Premko Panchhi (2).mp3,Yam Baral,438,Paani Pareko,Arjun sapkota,76.9,100.0,weak
yam baral|ritto manchhe,Yam Baral,Ritto Manchhe,290.0,1,Yam Baral - Ritto Manchhe.mp3,Yam Baral,3989,Manchhe Khattam,VTEN,71.4,100.0,weak
yam baral|sadhai sadhai chhati,Yam Baral,Sadhai Sadhai Chhati,257.0,1,Yam Baral - Sadhai Sadhai Chhati.mp3,Yam Baral,129,Sadhai Sadhai,Abhaya and The Steam Injuns,100.0,100.0,strong
yam baral|sagar bichko moti,Yam Baral,Sagar Bichko Moti,310.0,1,Yam Baral - Sagar Bichko Moti.mp3,Yam Baral,210,Sagar,Albatross,100.0,100.0,strong
yam baral|sagar ki pari,Yam Baral,Sagar Ki Pari,253.0,1,Yam Baral - Sagar Ki Pari.mp3,Yam Baral,210,Sagar,Albatross,100.0,100.0,strong
yam baral|samudrako chhal,Yam Baral,Samudrako Chhal,264.0,1,Yam Baral - Samudrako Chhal.mp3,Yam Baral,4085,Garo Chha,Yash Kumar,66.7,100.0,weak
yam baral|saptarangi indreni,Yam Baral,Saptarangi Indreni,319.0,1,Yam Baral - Saptarangi Indreni.mp3,Yam Baral,3643,Sangai Juine,Sworup Raj Acharya,60.0,100.0,weak
yam baral|saptarangi ko dhunma,Yam Baral,Saptarangi Ko Dhunma,387.0,1,Yam Baral - Saptarangi Ko Dhunma.mp3,Yam Baral,3597,Samjhana Ko Sarangi Yo,Swaroop Raj Acharya from Nepali Movie Sanrakshan.,66.7,100.0,weak
yam baral|sarangima sahili rimai,Yam Baral,Sarangima Sahili Rimai,296.0,1,Yam Baral - Sarangima Sahili Rimai.mp3,Yam Baral,1830,Mathi Mathi Sailungema,Kunti Moktan,63.2,100.0,weak
yam baral|sayau jhut bolnu parchha,Yam Baral,Sayau Jhut Bolnu Parchha,303.0,1,Yam Baral - Sayau Jhut Bolnu Parchha.mp3,Yam Baral,2812,Sayau Juni,"Rajina Rimal, Jagdish Samal",66.7,100.0,weak
yam baral|sheetal chha joon,Yam Baral,Sheetal Chha Joon,275.0,1,Yam Baral - Sheetal Chha Joon.mp3,Yam Baral,2366,Chhoto Geet,Nepathya,64.3,100.0,weak
yam baral|sidhai herna bhanda hajur,Yam Baral,Sidhai Herna Bhanda Hajur,235.0,1,Yam Baral - Sidhai Herna Bhanda Hajur.mp3,Yam Baral,1175,Hey Hajur,Dr Pilot,71.4,100.0,weak
yam baral|sirma topi dhalkaune,Yam Baral,Sirma Topi Dhalkaune,237.0,1,Yam Baral - Sirma Topi Dhalkaune.mp3,Yam Baral,2307,Dhaka Topi Mailo,Nawaj Ansari,72.2,100.0,weak
yam baral|suna ho ki chadi maya,Yam Baral,Suna Ho Ki Chadi Maya,311.0,1,Yam Baral - Suna Ho Ki Chadi Maya.mp3,Yam Baral,526,Maya,Ashutosh KC,100.0,100.0,strong
yam baral|sundar rahecha,Yam Baral,Sundar Rahecha,310.0,1,Yam Baral - Sundar Rahecha.mp3,Yam Baral,1087,Yestai Rahecha,Devika Bandana,71.4,100.0,weak
yam baral|timi hasda tyo,Yam Baral,Timi Hasda Tyo,300.0,1,Yam Baral - Timi Hasda Tyo.mp3,Yam Baral,4055,Timi Hasda Tyo,Yam Baral,100.0,100.0,strong
yam baral|timi mero,Yam Baral,Timi Mero,254.0,1,Yam Baral - Timi Mero.mp3,Yam Baral,74,Timi Mero Ma Timro,1974 AD,100.0,100.0,strong
yam baral|timi mero kohi,Yam Baral,Timi Mero Kohi,315.0,1,Yam Baral - Timi Mero Kohi.mp3,Yam Baral,752,Timi,Binit Shrestha,100.0,100.0,strong
yam baral|timilai baatobhari,Yam Baral,Timilai Baatobhari,277.0,1,Yam Baral - Timilai Baatobhari.mp3,Yam Baral,1555,Timilai,James Shrestha,100.0,100.0,strong
yam baral|timisanga,Yam Baral,Timisanga,320.0,1,Yam Baral - Timisanga.mp3,Yam Baral,3230,Sangai,Sareen Deoja,66.7,100.0,weak
yam baral|timro samjhanale,Yam Baral,Timro Samjhanale,361.0,1,Yam Baral - Timro Samjhanale (2).mp3,Yam Baral,903,Samjhana Timro,Chhewang Lama,93.3,100.0,strong
yam baral|unka kura,Yam Baral,Unka Kura,274.0,1,Yam Baral - Unka Kura.mp3,Yam Baral,2472,Kura,Oasis Thapa,100.0,100.0,strong
yam baral|yaadle satayo,Yam Baral,Yaadle Satayo,257.0,1,Yam Baral - Yaadle Satayo.mp3,Yam Baral,2487,Yaad Gara,Om Bikram Bista,63.6,100.0,weak
yam baral|yata uta charai dishama,Yam Baral,Yata Uta Charai Dishama,265.0,1,Yam Baral - Yata Uta Charai Dishama.mp3,Yam Baral,3760,Man Bhari Maya Cha,The Firantee,63.4,100.0,weak
yam baral|yata uta charaidisha,Yam Baral,Yata Uta Charaidisha,266.0,1,Yam Baral - Yata Uta Charaidisha.mp3,Yam Baral,264,Chahidaina Satai Juni,Anil Singh,63.4,100.0,weak
yam baral|yo kanchhi ko aanshu,Yam Baral,Yo Kanchhi Ko Aanshu,251.0,1,Yam Baral - Yo Kanchhi Ko Aanshu (2).mp3,Yam Baral,420,Kanchhi,Anuprastha,100.0,100.0,strong
yama buddha saathinew|saathinew,Yama Buddha - SaathiNew Nepali Rap Song 2015,SaathiNew Nepali Rap Song 2015,237.0,1,Yama Buddha - SaathiNew Nepali Rap Song 2015 - SaathiNew Nepali Rap Song 2015.mp3,nepali rap song,1184,Saathi,Durgesh Thapa,80.0,100.0,probable
yama buddha|yama buddha kohi ft aidray nattu,Yama Buddha,Yama Buddha- Kohi ft. Aidray & Nattu,223.0,1,Yama Buddha- Kohi ft. Aidray & Nattu.m4a,Aidray Nepali rap,4069,Kohi,Yama Buddha,100.0,100.0,strong
yama buddha|yama buddha real freeverse,Yama Buddha,Yama Buddha - Real (FreeVerse),0.0,1,Yama Buddha - Real (FreeVerse).m4a,Yama Buddha,4079,Saathi साथी Yama Buddha,Yama Buddha,64.7,100.0,weak
yannimal|free népal x nekfeu chill type beat 𝕄𝕖𝕝𝕠𝕕𝕪,Yannimal,"[FREE] Népal x Nekfeu Chill Type Beat ""𝕄𝕖𝕝𝕠𝕕𝕪"" | Rap/Trap Instrumental",0.0,1,[FREE] Népal x Nekfeu Chill Type Beat ＂𝕄𝕖𝕝𝕠𝕕𝕪＂ ｜ Rap⧸Trap Instrumental.m4a,Trap Nepal,,,,58.8,60.0,none
yashashree bhave|bhola hai bhola hai shiv shankar bada bhola hai,Yashashree Bhave,Bhola Hai Bhola Hai Shiv Shankar Bada Bhola Hai,387.0,1,Yashashree Bhave - Bhola Hai Bhola Hai Shiv Shankar Bada Bhola Hai.mp3,Shiv Shankar,2067,Om Jaya Shiva Shankar,"Mira Rana, Dwarika Lal Joshi",70.8,61.1,weak
yashi music world|video,Yashi Music World,Video | जिही जबले रही सुहागन हो | Teej Special Song | #Amrapali Dubey | Priyanka Singh | Teej Song,219.0,1,Video ｜ जिही जबले रही सुहागन हो ｜ Teej Special Song ｜ #Amrapali Dubey ｜ Priyanka Singh ｜ Teej Song.m4a,teej song,,,,50.0,71.4,none
yeti studio|resham रेशम rock,Yeti Studio,Resham(रेशम) - Rock Cover || Nepathya,178.0,1,Resham(रेशम) - Rock Cover ｜｜ Nepathya.m4a,Resham Firiri,2394,Resham,Nepathya,100.0,60.9,weak
yo maya ho|melina rai and mabindra rainew nepali pop song,Yo Maya Ho,Melina Rai and Mabindra RaiNew Nepali Pop Song,280.0,1,Yo Maya Ho - Melina Rai and Mabindra RaiNew Nepali Pop Song.mp3,nepali pop song,207,Nepali,Albatross,100.0,57.1,weak
yo yo deepak|yama_buddha_ _taaj_ prod_by_nasty__alexx,yo yo deepak,Yama_Buddha_-_Taaj_(Prod_by_Nasty__Alexx),0.0,1,Yama_Buddha_-_Taaj_(Prod_by_Nasty__Alexx).m4a,Yama Buddha,,,,43.6,80.0,none
yogidev nath ji karan shergill|shiv shankar bhole,"Yogidev Nath ji, Karan shergill",Shiv Shankar Bhole,169.0,1,"Yogidev Nath ji, Karan shergill - Shiv Shankar Bhole.mp3",Shiv Shankar,1543,Shankar Bhole,Ishwor Krishna Bhurtel,100.0,58.8,weak
young billionaires tv|milan jhalko lali oth ko sunshine sessions,Young Billionaires TV,Milan - Jhalko Lali Oth Ko (Sunshine Sessions),160.0,1,Milan - Jhalko Lali Oth Ko (Sunshine Sessions).m4a,Jhalko Lali Othako,2521,Milan Pani,Phatteman Rajbhandari,66.7,51.3,weak
young khaling|g bob_ _ level _milen_level_tero_bau_bola_a_ antf_ roller_x2022_rap_song_ st m4a,YOUNG KHALING,G-BOB_-_(LEVEL)_MILEN_LEVEL_TERO_BAU_BOLA_A_@ANTF_@Roller_X2022_Rap_Song_@St.m4a,0.0,1,G-BOB_-_(LEVEL)_MILEN_LEVEL_TERO_BAU_BOLA_A_@ANTF_@Roller_X2022_Rap_Song_@St.m4a.m4a,G-BOB Nepali rap,,,,37.9,60.0,none
young khaling|la_la_la_ _bluesss_ft _lil_buddha_and_vten_ mp3,YOUNG KHALING,LA_LA_LA_-_Bluesss_ft._Lil_Buddha_And_VTEN_(Lyrics).mp3,0.0,1,LA_LA_LA_-_Bluesss_ft._Lil_Buddha_And_VTEN_(Lyrics).mp3.m4a,Lil Buddha,,,,55.3,60.0,none
young minji|little buddha picture,Young Minji,Little Buddha Picture,0.0,1,Little Buddha Picture.m4a,Lil Buddha,3051,Lil Buddha Interlude,SACAR aka Lil Buddha,63.4,58.3,none
youngboyj|hola bih youngboyj lil chef young drako,YoungBoyJ,Hola Bih ( YoungBoyJ & Lil Chef & YOUNG DRAKO ),0.0,1,Hola Bih ( YoungBoyJ & Lil Chef & YOUNG DRAKO ).m4a,Lil Jhola,877,Kina Hola,C.O.D. (Crew On Destiny),61.5,46.2,none
youngbright beats|free ajna x népal type beat ombre,YoungBright Beats,[FREE] Ajna x Népal Type Beat - OMBRE | Instru Triste Chill Sad Piano Trap Freestyle,0.0,1,[FREE] Ajna x Népal Type Beat - OMBRE ｜ Instru Triste Chill Sad Piano Trap Freestyle.m4a,Trap Nepal,,,,57.1,54.5,none
youth unite|nepali ko betha,Youth Unite,Nepali Ko Betha,85.0,1,Youth Unite - Nepali Ko Betha.mp3,nepali,207,Nepali,Albatross,100.0,58.3,weak
yuveen sherpa|atihsin prelude,Yuveen Sherpa,ATIHSIN Prelude,132.0,1,Yuveen Sherpa - ATIHSIN Prelude.mp3,SHERPA,,,,53.8,70.6,none
yuveen sherpa|laijau malai,Yuveen Sherpa,Laijau Malai,164.0,1,Yuveen Sherpa - Laijau Malai.mp3,SHERPA,3813,2025 Laijau Malai,Tribal Rain Band From The Hills Sikkim,100.0,70.6,weak
yvng22|yvng 22 wena ft sashaforthebabies samzen sa,yvng22,YvnG 22 - Wena (ft SashaForTheBabies & Samzen SA),402.0,1,YvnG 22 - Wena (ft SashaForTheBabies & Samzen SA).m4a,channel:yvng22,,,,47.2,40.0,none
zaigham abbas dard|sajjan taan honde km de shaiya,Zaigham Abbas Dard,Sajjan Taan Honde Km De Shaiya,325.0,1,Zaigham Abbas Dard - Sajjan Taan Honde Km De Shaiya.mp3,Sajjan,,,,57.1,52.4,none
zillay hasnain|sajjan pardesia,Zillay Hasnain,Sajjan Pardesia,332.0,1,Zillay Hasnain - Sajjan Pardesia.mp3,Sajjan,1199,Sacar Padhikari,Ease is Easy,60.0,61.5,none
zurely vdoz|resham firiri रेशम फिरिरी with lyric by buddhi pariyar,Zurely Vdoz,"Resham Firiri, रेशम फिरिरी Official Music Video 1969 with lyric by buddhi pariyar",290.0,1,"Resham Firiri, रेशम फिरिरी Official Music Video 1969 with lyric by buddhi pariyar.m4a",Resham Firiri,1650,Resham Firiri,Kali Prasad Baskota,100.0,57.1,weak
|ke yo maya ho,Nepali song,Ke yo maya ho,230.0,1,Nepali song - Ke yo maya ho.mp3,nepali,526,Maya,Ashutosh KC,100.0,0.0,strong
|mero maya jutho baye,nepali song,mero maya jutho baye,315.0,1,nepali song - mero maya jutho baye.mp3,nepali song,526,Maya,Ashutosh KC,100.0,0.0,strong
|pokhara ma sasurali kathmandu ma ghar new teej song _ vocal tika pun and krishna reule laye sabda_ krishna reule prbt_60457440 utl_54612340 market_ myagdeli digital_,www.newnepaligeet.com,"pokhara ma sasurali kathmandu ma ghar ( new teej song 2072)_ vocal, tika pun and krishna reule, laye- sabda_ krishna reule, prbt_60457440, utl_54612340, market_ myagdeli digital_www.newnepaligeet.com",0.0,1,"pokhara ma sasurali kathmandu ma ghar ( new teej song 2072)_ vocal, tika pun and krishna reule, laye- sabda_ krishna reu.mp3",teej song,880,Kathmandu,Catch 22,100.0,0.0,strong
|resham firiri,Nepali song,Resham Firiri,301.0,1,Nepali song - Resham Firiri.mp3,nepali song,1650,Resham Firiri,Kali Prasad Baskota,100.0,0.0,strong
|sarangi ta rete pani,nepali song,sarangi ta rete pani,347.0,1,nepali song - sarangi ta rete pani.mp3,nepali song,2156,Pani Pani,Nalina Chitrakar,100.0,0.0,strong
|timi nai mero zindagiko pahilo ani antim maya ho,Nepali Song,Timi Nai Mero Zindagiko Pahilo Ani Antim Maya Ho,334.0,1,Nepali Song - Timi Nai Mero Zindagiko Pahilo Ani Antim Maya Ho.mp3,nepali song,526,Maya,Ashutosh KC,100.0,0.0,strong
הנודד|resham firiri,הנודד | Hanoded,Resham Firiri | Nepali Folk Song | Eng Sub,293.0,1,Resham Firiri ｜ Nepali Folk Song ｜ Eng Sub.m4a,Resham Firiri,1650,Resham Firiri,Kali Prasad Baskota,100.0,0.0,weak
अज्ञात|best nepali pop song,अज्ञात,best nepali pop song,233.0,1,अज्ञात - best nepali pop song.mp3,nepali pop song,207,Nepali,Albatross,100.0,25.0,weak
तिम्रो सम्झनामा|maitighar basanta nai basna kutumba band instrumental,तिम्रो सम्झनामा,Maitighar - Basanta Nai Basna - Kutumba Band Instrumental,0.0,1,Maitighar - Basanta Nai Basna - Kutumba Band Instrumental.m4a,Maiti Ghar,1626,Basanta,JPT Rockerz,100.0,38.1,weak
हाँस्ने ठाउँ|maila manxe kalo kanma jalo lyrice song maila vs g bob rap battle lyrice video,हाँस्ने ठाउँ,maila - manxe kalo kanma jalo lyrice song // maila vs g bob rap battle lyrice video,133.0,1,maila - manxe kalo kanma jalo lyrice song ⧸⧸ maila vs g bob rap battle lyrice video.m4a,G-BOB Nepali rap,3804,Kalo,Tribal Rain,100.0,41.7,weak
র ক ব|resham firiri,রাকিব,Resham Firiri | रेशम फिरिरी | Nepali Folk,0.0,1,Resham Firiri ｜ रेशम फिरिरी ｜ Nepali Folk.m4a,Resham Firiri,1650,Resham Firiri,Kali Prasad Baskota,100.0,30.8,weak
