audio_name,audio_relpath,track_key,artist,title,metadata_match,cand_song_id,match_song_id,new_id,match_basis
!YO !YO Durgesh Thapa Mudda No.420  मेरो दिल चोर्नेलाई मुद्दा हाल्दिन्छु.m4a,!YO !YO Durgesh Thapa Mudda No.420  मेरो दिल चोर्नेलाई मुद्दा हाल्दिन्छु.m4a,himal|yo yo durgesh thapa mudda no 420 मेरो दिल चोर्नेलाई मुद्दा हाल्दिन्छु,himal,!YO !YO Durgesh Thapa Mudda No.420  मेरो दिल चोर्नेलाई मुद्दा हाल्दिन्छु,weak,1841,,,metadata_candidate
#chirag_khadka_5_55___Topendra_2_0__Lyrics(360p).mp3,#chirag_khadka_5_55___Topendra_2_0__Lyrics(360p).mp3,sampanna bhatta|chirag_khadka_5_55___topendra_2_0__lyrics,sampanna bhatta,#chirag_khadka_5_55___Topendra_2_0__Lyrics(360p),none,,,,no_lyrics
#Video ｜ #Karma Geet ｜ कौन भईया लाई अलकाई नदिया पर के मटीया ｜ #Kajal Raj #Karma Jhumar Geet 2026.m4a,#Video ｜ #Karma Geet ｜ कौन भईया लाई अलकाई नदिया पर के मटीया ｜ #Kajal Raj #Karma Jhumar Geet 2026.m4a,kajal raj official|video,Kajal Raj Official,#Video | #Karma Geet | कौन भईया लाई अलकाई नदिया पर के मटीया | #Kajal Raj #Karma Jhumar Geet 2026,weak,,,,no_lyrics
'GOAT' - JIVANTHEG  ( OFFICIAL MUSIC ) Bprod. @osmvexi ｜ New Nepali rap song ｜ 2026.m4a,'GOAT' - JIVANTHEG  ( OFFICIAL MUSIC ) Bprod. @osmvexi ｜ New Nepali rap song ｜ 2026.m4a,jivantheg|goat jivantheg official music bprod osmvexi,JivantheG,'GOAT' - JIVANTHEG  ( OFFICIAL MUSIC ) Bprod. @osmvexi | New Nepali rap song | 2026,weak,2774,,,metadata_candidate
'Uni 'Nepali Songs By NG(2016 Rap ).mp3,'Uni 'Nepali Songs By NG(2016 Rap ).mp3,rowsanoffical|uni s by ng rap,Rowsanoffical,'Uni 'Nepali Songs By NG(2016 Rap ),none,,,,no_lyrics
(FREE DOWNLOAD) DURGESH THAPA X JAMES HYPE ( JANE BHAYE JAU MAYA) TECH HOUSE EDIT.m4a,(FREE DOWNLOAD) DURGESH THAPA X JAMES HYPE ( JANE BHAYE JAU MAYA) TECH HOUSE EDIT.m4a,sounds of himalayas|durgesh thapa x james hype jane bhaye jau maya tech house edit,Sounds Of Himalayas,(FREE DOWNLOAD) DURGESH THAPA X JAMES HYPE ( JANE BHAYE JAU MAYA) TECH HOUSE EDIT,weak,526,,,metadata_candidate
"(FUL MA FUL MAURI)- RN MUSIC official m⧸v 2025 prod,@dizzlad-beats-instrumentals.m4a","(FUL MA FUL MAURI)- RN MUSIC official m⧸v 2025 prod,@dizzlad-beats-instrumentals.m4a",rn music official|ful ma ful mauri rn music official m v,RN music official,"(FUL MA FUL MAURI)- RN MUSIC official m/v 2025 prod,@dizzlad-beats-instrumentals",strong,3773,3773,,metadata_only
01  Durgesh Thapa Jane Bhaye Jam Maya DJ CHHETRI Rework.m4a,01  Durgesh Thapa Jane Bhaye Jam Maya DJ CHHETRI Rework.m4a,dj anjan chhetri npl|01 durgesh thapa jane bhaye jam maya dj chhetri rework,DJ  ANJAN CHHETRI NPL,01  Durgesh Thapa Jane Bhaye Jam Maya DJ CHHETRI Rework,weak,526,,,metadata_candidate
01 Banter.mp3,01 Banter.mp3,uptowne buddha|01 banter,Uptowne Buddha,01 Banter,none,,,,new_lyrics_too_short
01 Durgesh Thapa  Dushman herai ko herai DJ Chhetri House Rework.m4a,01 Durgesh Thapa  Dushman herai ko herai DJ Chhetri House Rework.m4a,dj anjan chhetri npl|01 durgesh thapa dushman herai ko herai dj chhetri house rework,DJ  ANJAN CHHETRI NPL,01 Durgesh Thapa  Dushman herai ko herai DJ Chhetri House Rework,none,1267,,,metadata_candidate
01 Nba Youngboy - Kick Yo Door [Prod. By Dj Swift].mp3,01 Nba Youngboy - Kick Yo Door [Prod. By Dj Swift].mp3,archive org|01 nba youngboy kick yo door,archive.org,01 Nba Youngboy - Kick Yo Door [Prod. By Dj Swift],none,,,,no_lyrics
01.AKOTI PAKOTIMA BANJARA TEEJ SONG 2023 ( REMIX ) DJ SONU SK & DJ RAHUL RK & DJ SONU SDNR.m4a,01.AKOTI PAKOTIMA BANJARA TEEJ SONG 2023 ( REMIX ) DJ SONU SK & DJ RAHUL RK & DJ SONU SDNR.m4a,dj sonu sk 09|01 akoti pakotima banjara teej song dj sonu sk dj rahul rk dj sonu sdnr,Dj Sonu Sk 09,01.AKOTI PAKOTIMA BANJARA TEEJ SONG 2023 ( REMIX ) DJ SONU SK & DJ RAHUL RK & DJ SONU SDNR,weak,3163,,,metadata_candidate
01064505.ogg,01064505.ogg,lil buddha aka xxplicit 1|01064505,Lil Buddha .:aKa:.  XxpliciT-1,01064505,weak,,,,no_lyrics
02 Black O Feat. Jr. Boss - Unstoppable [Prod. By Jetson Made].mp3,02 Black O Feat. Jr. Boss - Unstoppable [Prod. By Jetson Made].mp3,archive org|02 black o feat jr boss unstoppable,archive.org,02 Black O Feat. Jr. Boss - Unstoppable [Prod. By Jetson Made],none,,,,no_lyrics
02 First Move.mp3,02 First Move.mp3,uptowne buddha|02 first move,Uptowne Buddha,02 First Move,weak,2316,,,metadata_candidate
02 Ynw Melly & Foolie - Maserati [Prod. By 12Hunna].mp3,02 Ynw Melly & Foolie - Maserati [Prod. By 12Hunna].mp3,archive org|02 ynw melly foolie maserati,archive.org,02 Ynw Melly & Foolie - Maserati [Prod. By 12Hunna],none,,,,no_lyrics
02-Virenaa Bheneana Balaala 2020 Banjara Teej Song (Remix)-Dj Sonu Sk.m4a,02-Virenaa Bheneana Balaala 2020 Banjara Teej Song (Remix)-Dj Sonu Sk.m4a,dj sonu sk 2|02 virenaa bheneana balaala banjara teej song dj sonu sk,Dj Sonu Sk 2,02-Virenaa Bheneana Balaala 2020 Banjara Teej Song (Remix)-Dj Sonu Sk,weak,3163,,,metadata_candidate
02.mp3,02.mp3,classwar karaoke|02,Classwar Karaoke,02,none,,,,no_lyrics
02.VIJE KHAVERI VEERA VAJAVAJERI BANJARA TEEJ SONG ( REMIX ) DJ SONU SK & DJ SONU SDNR.m4a,02.VIJE KHAVERI VEERA VAJAVAJERI BANJARA TEEJ SONG ( REMIX ) DJ SONU SK & DJ SONU SDNR.m4a,dj sonu sk 09|02 vije khaveri veera vajavajeri banjara teej song dj sonu sk dj sonu sdnr,Dj Sonu Sk 09,02.VIJE KHAVERI VEERA VAJAVAJERI BANJARA TEEJ SONG ( REMIX ) DJ SONU SK & DJ SONU SDNR,weak,3163,,,metadata_candidate
03 Black O - Work [Prod. By Jetson Made].mp3,03 Black O - Work [Prod. By Jetson Made].mp3,archive org|03 black o work,archive.org,03 Black O - Work [Prod. By Jetson Made],none,,,,no_lyrics
03 Lil Gotit Feat. Zack Slime - I Told Em [Prod. By Turbo].mp3,03 Lil Gotit Feat. Zack Slime - I Told Em [Prod. By Turbo].mp3,archive org|03 lil gotit feat zack slime i told em,archive.org,03 Lil Gotit Feat. Zack Slime - I Told Em [Prod. By Turbo],none,,,,no_lyrics
03 Maitighar.mp3,03 Maitighar.mp3,chanchal maharjan|03 maitighar,Chanchal Maharjan,03 Maitighar,none,2655,,,metadata_candidate
03 She Cold.mp3,03 She Cold.mp3,uptowne buddha|03 she cold,Uptowne Buddha,03 She Cold,none,,,,no_lyrics
03 The Hell of Retribution and Justice.mp3,03 The Hell of Retribution and Justice.mp3,ahad despera|03 the hell of retribution and justice,AHAD & DESPERA,03 The Hell of Retribution and Justice,none,,,,no_lyrics
03.DHIMI DHIMI NACHE BANJARA TEEJ SONG ( REMIX ) DJ SONU SK & DJ SONU SDNR.m4a,03.DHIMI DHIMI NACHE BANJARA TEEJ SONG ( REMIX ) DJ SONU SK & DJ SONU SDNR.m4a,dj sonu sk 09|03 dhimi dhimi nache banjara teej song dj sonu sk dj sonu sdnr,Dj Sonu Sk 09,03.DHIMI DHIMI NACHE BANJARA TEEJ SONG ( REMIX ) DJ SONU SK & DJ SONU SDNR,weak,3163,,,metadata_candidate
04.BHIYA BHANER BANJARA TEEJ SONG 2023 ( REMIX ) DJ SONU SK & DJ RAHUL RK & DJ SONU SDNR.m4a,04.BHIYA BHANER BANJARA TEEJ SONG 2023 ( REMIX ) DJ SONU SK & DJ RAHUL RK & DJ SONU SDNR.m4a,dj sonu sk 09|04 bhiya bhaner banjara teej song dj sonu sk dj rahul rk dj sonu sdnr,Dj Sonu Sk 09,04.BHIYA BHANER BANJARA TEEJ SONG 2023 ( REMIX ) DJ SONU SK & DJ RAHUL RK & DJ SONU SDNR,weak,3163,,,metadata_candidate
05.DHIMI DHIMI NACHE BANJARA TEEJ SONG ( REMIX ) DJ SONU SK & DJ SONU SDNR.m4a,05.DHIMI DHIMI NACHE BANJARA TEEJ SONG ( REMIX ) DJ SONU SK & DJ SONU SDNR.m4a,dj sonu sk 06|05 dhimi dhimi nache banjara teej song dj sonu sk dj sonu sdnr,Dj Sonu Sk 06,05.DHIMI DHIMI NACHE BANJARA TEEJ SONG ( REMIX ) DJ SONU SK & DJ SONU SDNR,weak,3163,,,metadata_candidate
05_Elements_-_01_-_02.ogg,05_Elements_-_01_-_02.ogg,classwar karaoke|05_elements_ _01_ _02,Classwar Karaoke,05_Elements_-_01_-_02,none,,,,no_lyrics
08.JAGA JAGA JANKANU BANJARA TEEJ SONG 2023 ( REMIX ) DJ SONU SK & DJ RAHUL RK & DJ SONU SDNR.m4a,08.JAGA JAGA JANKANU BANJARA TEEJ SONG 2023 ( REMIX ) DJ SONU SK & DJ RAHUL RK & DJ SONU SDNR.m4a,dj sonu sk 09|08 jaga jaga jankanu banjara teej song dj sonu sk dj rahul rk dj sonu sdnr,Dj Sonu Sk 09,08.JAGA JAGA JANKANU BANJARA TEEJ SONG 2023 ( REMIX ) DJ SONU SK & DJ RAHUL RK & DJ SONU SDNR,weak,3163,,,metadata_candidate
08.Nayakera Gare Munag Teej Bori Bai Song - ( Remix ) - Dj Sonu Sk & Dj Sonu Sdnr.m4a,08.Nayakera Gare Munag Teej Bori Bai Song - ( Remix ) - Dj Sonu Sk & Dj Sonu Sdnr.m4a,dj sonu sk 05|08 nayakera gare munag teej bori bai song dj sonu sk dj sonu sdnr,Dj Sonu Sk 05,08.Nayakera Gare Munag Teej Bori Bai Song - ( Remix ) - Dj Sonu Sk & Dj Sonu Sdnr,weak,3163,,,metadata_candidate
10400X29 (OFFICIAL MUSIC VIDEO) ｜｜ PASCHIMEY ｜｜ RAWAN  (PROD. By B-BECK).m4a,10400X29 (OFFICIAL MUSIC VIDEO) ｜｜ PASCHIMEY ｜｜ RAWAN  (PROD. By B-BECK).m4a,paschimey|10400x29,paschimey,10400X29 (OFFICIAL MUSIC VIDEO) || PASCHIMEY || RAWAN  (PROD. By B-BECK),none,,,,no_lyrics
12.RAJA THONA DHEKANA NEW TEEJ SONG REMIX BY  DJ RAM SDNR & DEEJ LUCKY SDNR.mp3.m4a,12.RAJA THONA DHEKANA NEW TEEJ SONG REMIX BY  DJ RAM SDNR & DEEJ LUCKY SDNR.mp3.m4a,deej ram sdnr|12 raja thona dhekana new teej song by dj ram sdnr deej lucky sdnr mp3,DEEJ RAM SDNR,12.RAJA THONA DHEKANA NEW TEEJ SONG REMIX BY  DJ RAM SDNR & DEEJ LUCKY SDNR.mp3,weak,2457,,,metadata_candidate
14-PARAL-LEL_-_02_-_Nr14.ogg,14-PARAL-LEL_-_02_-_Nr14.ogg,classwar karaoke|14 paral lel_ _02_ _nr14,Classwar Karaoke,14-PARAL-LEL_-_02_-_Nr14,none,,,,no_lyrics
15 Resham Firiri - Sur Sudha.mp3,15 Resham Firiri - Sur Sudha.mp3,cultural treks expedition pvt ltd|15 resham firiri sur sudha,Cultural Treks & Expedition Pvt. Ltd.,15 Resham Firiri - Sur Sudha,weak,1650,,,metadata_candidate
15-PARAL-LEL_-_03_-_Nr15.ogg,15-PARAL-LEL_-_03_-_Nr15.ogg,classwar karaoke|15 paral lel_ _03_ _nr15,Classwar Karaoke,15-PARAL-LEL_-_03_-_Nr15,none,,,,no_lyrics
"1974 Ad feat. Subani Moktan, Kutumba, Aid Ray, Mukti - Nepali Ho (2010 Version).mp3","1974 Ad feat. Subani Moktan, Kutumba, Aid Ray, Mukti - Nepali Ho (2010 Version).mp3",ad feat subani moktan kutumba aid ray mukti|nepali ho version,"1974 Ad feat. Subani Moktan, Kutumba, Aid Ray, Mukti",Nepali Ho (2010 Version),strong,25,25,,metadata_only
"1HXSX, Dj Caat, wnorg17 - REVENGE FUNK 8D.mp3","1HXSX, Dj Caat, wnorg17 - REVENGE FUNK 8D.mp3",1hxsx dj caat wnorg17|revenge funk 8d,"1HXSX, Dj Caat, wnorg17",REVENGE FUNK 8D,none,,,,no_lyrics
"1HXSX, Dj Caat, wnorg17 - REVENGE FUNK.mp3","1HXSX, Dj Caat, wnorg17 - REVENGE FUNK.mp3",1hxsx dj caat wnorg17|revenge funk,"1HXSX, Dj Caat, wnorg17",REVENGE FUNK,none,,,,no_lyrics
2 Resham Firiri.mp3,2 Resham Firiri.mp3,everestsherpa|2 resham firiri,EverestSherpa,2 Resham Firiri,weak,1650,,,metadata_candidate
3 Maitighar.m4a,3 Maitighar.m4a,everestsherpa|3 maitighar,EverestSherpa,3 Maitighar,none,2655,,,metadata_candidate
3. Bhiya Sureshare Teej Song Remix Dj Ram X Dj Lucky.mp3.m4a,3. Bhiya Sureshare Teej Song Remix Dj Ram X Dj Lucky.mp3.m4a,deej ram sdnr|3 bhiya sureshare teej song dj ram x dj lucky mp3,DEEJ RAM SDNR,3. Bhiya Sureshare Teej Song Remix Dj Ram X Dj Lucky.mp3,weak,3163,,,metadata_candidate
3.BHIYARE GUGARI JODI TEEJ SONG REMIX BY DJ RAM SDNR & DJ LUCKY SDNR.mp3.mp3,3.BHIYARE GUGARI JODI TEEJ SONG REMIX BY DJ RAM SDNR & DJ LUCKY SDNR.mp3.mp3,deej sanju|3 bhiyare gugari jodi teej song by dj ram sdnr dj lucky sdnr mp3,Deej Sanju,3.BHIYARE GUGARI JODI TEEJ SONG REMIX BY DJ RAM SDNR & DJ LUCKY SDNR.mp3,weak,3163,,,metadata_candidate
555 -Topendra 20 Official Lyrical VideoChirag Singh Khadka 555 topendra 2 lyrics Lyrical Song - Lyri.m4a,555 -Topendra 20 Official Lyrical VideoChirag Singh Khadka 555 topendra 2 lyrics Lyrical Song - Lyri.m4a,fuu js|555 topendra 20 official chirag singh khadka 555 topendra 2 lyrics lyrical song lyri,Fuu Js,555 -Topendra 20 Official Lyrical VideoChirag Singh Khadka 555 topendra 2 lyrics Lyrical Song - Lyri,weak,1335,,,metadata_candidate
5_55 - Budi (Official Music Video).m4a,5_55 - Budi (Official Music Video).m4a,chirag khadka 5 55|5 55 budi,Chirag Khadka (5:55),5:55 - Budi (Official Music Video),strong,921,921,,metadata_only
6.lahure ko relimai.mp3,6.lahure ko relimai.mp3,prabal thapa|6 lahure ko relimai,prabal thapa,6.lahure ko relimai,probable,899,,,metadata_candidate
60447820.mp3,60447820.mp3,archive org|60447820,archive.org,60447820,none,,,,no_lyrics
8 Ball Ft. Ninja Turtles Rapper - Sabar.m4a,8 Ball Ft. Ninja Turtles Rapper - Sabar.m4a,sejutafilm kita|8 ball ft ninja turtles rapper sabar,Sejutafilm Kita,8 Ball Ft. Ninja Turtles Rapper - Sabar,none,,,,no_lyrics
8 Ball Ft. Ninja Turtles Rapper - Sabar.mp3,8 Ball Ft. Ninja Turtles Rapper - Sabar.mp3,egy gisa|8 ball ft ninja turtles rapper sabar,egy(gisa),8 Ball Ft. Ninja Turtles Rapper - Sabar,none,,,,no_lyrics
[ FREE ] RAP HIPHOP BEATS DARK-NIGHT PROD G H O S T BEATZ.mp3,[ FREE ] RAP HIPHOP BEATS DARK-NIGHT PROD G H O S T BEATZ.mp3,bob ghostbtz|free rap hiphop beats dark night,BOB GHOSTBTZ,[ FREE ] RAP HIPHOP BEATS DARK-NIGHT PROD G H O S T BEATZ,none,,,,no_lyrics
[FREE] Ajna x Népal Type Beat - OMBRE ｜ Instru Triste Chill Sad Piano Trap Freestyle.m4a,[FREE] Ajna x Népal Type Beat - OMBRE ｜ Instru Triste Chill Sad Piano Trap Freestyle.m4a,youngbright beats|free ajna x népal type beat ombre,YoungBright Beats,[FREE] Ajna x Népal Type Beat - OMBRE | Instru Triste Chill Sad Piano Trap Freestyle,none,,,,no_lyrics
[FREE] HOP RAP VOCALS BEAT PROD G H O S T BEATZ.mp3,[FREE] HOP RAP VOCALS BEAT PROD G H O S T BEATZ.mp3,bob ghostbtz|free hop rap vocals beat,BOB GHOSTBTZ,[FREE] HOP RAP VOCALS BEAT PROD G H O S T BEATZ,none,,,,no_lyrics
[FREE] Népal x Nekfeu Chill Type Beat ＂𝕄𝕖𝕝𝕠𝕕𝕪＂ ｜ Rap⧸Trap Instrumental.m4a,[FREE] Népal x Nekfeu Chill Type Beat ＂𝕄𝕖𝕝𝕠𝕕𝕪＂ ｜ Rap⧸Trap Instrumental.m4a,yannimal|free népal x nekfeu chill type beat 𝕄𝕖𝕝𝕠𝕕𝕪,Yannimal,"[FREE] Népal x Nekfeu Chill Type Beat ""𝕄𝕖𝕝𝕠𝕕𝕪"" | Rap/Trap Instrumental",none,,,,no_lyrics
[FREE] RAP BEAT ＂ VIKINGS ＂ PROD BY G H O S T BEATZ.mp3,[FREE] RAP BEAT ＂ VIKINGS ＂ PROD BY G H O S T BEATZ.mp3,bob ghostbtz|free rap beat vikings,BOB GHOSTBTZ,"[FREE] RAP BEAT "" VIKINGS "" PROD BY G H O S T BEATZ",none,,,,no_lyrics
[FREE] SpongeBob Type Beat Kelpy G Meme Rap Type Beat Prod. By ShyGuy.mp3,[FREE] SpongeBob Type Beat Kelpy G Meme Rap Type Beat Prod. By ShyGuy.mp3,blessed|free spongebob type beat kelpy g meme rap type beat,Blessed,[FREE] SpongeBob Type Beat Kelpy G Meme Rap Type Beat Prod. By ShyGuy,none,,,,no_lyrics
[FREE] Uniq Poet Type Beat - ＂Dukha＂  [Produced by MUSTANG MUZIC].mp3,[FREE] Uniq Poet Type Beat - ＂Dukha＂  [Produced by MUSTANG MUZIC].mp3,syga beats|free uniq poet type beat dukha produced by mustang muzic,Syga Beats,"[FREE] Uniq Poet Type Beat - ""Dukha""  [Produced by MUSTANG MUZIC]",none,,,,no_lyrics
"A Bataas Jaau Chhora Laai Bolau ｜｜ AA BATA AAMA Movie Sad Song ｜｜ Bipana Thapa, Pradeep, Paul.m4a","A Bataas Jaau Chhora Laai Bolau ｜｜ AA BATA AAMA Movie Sad Song ｜｜ Bipana Thapa, Pradeep, Paul.m4a",osrdigital|a bataas jaau chhora laai bolau,OSRDigital,"A Bataas Jaau Chhora Laai Bolau || AA BATA AAMA Movie Sad Song || Bipana Thapa, Pradeep, Paul",weak,3519,,,metadata_candidate
A.S Bedi - Ki Samjhawan Sajjan.mp3,A.S Bedi - Ki Samjhawan Sajjan.mp3,a s bedi|ki samjhawan sajjan,A.S Bedi,Ki Samjhawan Sajjan,weak,3694,,,metadata_candidate
Aafno.m4a,Aafno.m4a,vten|aafno,VTEN,Aafno,strong,3969,3969,,metadata_only
Aaja kina-Nepsydaz.m4a,Aaja kina-Nepsydaz.m4a,uckvzqfq0eivvb0r2s3yataa|aaja kina nepsydaz,UCKvZqfQ0eIVvB0r2s3yaTaA,Aaja kina-Nepsydaz,weak,144,,,metadata_candidate
"Aakha Bhari Aansu ｜ GAUTHALI ｜｜ Movie Sad Song 2026 ｜ Simran Khadka, Madan Krishna Shrestha.m4a","Aakha Bhari Aansu ｜ GAUTHALI ｜｜ Movie Sad Song 2026 ｜ Simran Khadka, Madan Krishna Shrestha.m4a",osrdigital|aakha bhari aansu,OSRDigital,"Aakha Bhari Aansu | GAUTHALI || Movie Sad Song 2026 | Simran Khadka, Madan Krishna Shrestha",weak,3062,,,metadata_candidate
Aakhri Soz Ali - Cho Sajjan Aj Kandh Jhukayo Wetho Aaheen.mp3,Aakhri Soz Ali - Cho Sajjan Aj Kandh Jhukayo Wetho Aaheen.mp3,aakhri soz ali|cho sajjan aj kandh jhukayo wetho aaheen,Aakhri Soz Ali,Cho Sajjan Aj Kandh Jhukayo Wetho Aaheen,none,,,,no_lyrics
Aako Ma Ta Mayalai Bhetna Lai Nepali Slowed Reverb Lofi Lyrics Song By Biswo Dong.m4a,Aako Ma Ta Mayalai Bhetna Lai Nepali Slowed Reverb Lofi Lyrics Song By Biswo Dong.m4a,lyrical creation 2 0|aako ma ta mayalai bhetna lai nepali slowed reverb lofi lyrics song by biswo dong,LYRICAL CREATION 2.0,Aako Ma Ta Mayalai Bhetna Lai Nepali Slowed Reverb Lofi Lyrics Song By Biswo Dong,weak,207,,,metadata_candidate
Aama babu nepali rap song 2018.m4a,Aama babu nepali rap song 2018.m4a,pempa thokar|aama babu,Pempa Thokar,Aama babu nepali rap song 2018,weak,1007,,,metadata_candidate
"Aama ｜｜ Mithila Sharma, Nimesh Thapa, Ronish Khadka ｜｜ New Nepali Official Song 2025 ⧸ 2082.m4a","Aama ｜｜ Mithila Sharma, Nimesh Thapa, Ronish Khadka ｜｜ New Nepali Official Song 2025 ⧸ 2082.m4a",osrdigital|aama,OSRDigital,"Aama || Mithila Sharma, Nimesh Thapa, Ronish Khadka || New Nepali Official Song 2025 / 2082",weak,1938,,,metadata_candidate
AAMA-CHORA  ｜ Nepali Rap Song 2019.m4a,AAMA-CHORA  ｜ Nepali Rap Song 2019.m4a,flo newa|aama chora,flo newa,AAMA-CHORA  | Nepali Rap Song 2019,probable,1007,,,metadata_candidate
AAMA.m4a,AAMA.m4a,gbob music|aama,GBOB MUSIC,AAMA,strong,3531,3531,,metadata_only
AAMAA - YAMA BUDDHA ft. MISTAH K (NEPSYD.mp3,AAMAA - YAMA BUDDHA ft. MISTAH K (NEPSYD.mp3,archive org|aamaa yama buddha ft mistah k nepsyd,archive.org,AAMAA - YAMA BUDDHA ft. MISTAH K (NEPSYD,weak,4059,,,metadata_candidate
AAMAA - YAMA BUDDHA ft. MISTAH K (NEPSYDAZ).m4a,AAMAA - YAMA BUDDHA ft. MISTAH K (NEPSYDAZ).m4a,kcflow|aamaa yama buddha ft mistah k nepsydaz,KCFLOW,AAMAA - YAMA BUDDHA ft. MISTAH K (NEPSYDAZ),weak,4059,,,metadata_candidate
"Aanand Karki, Bimala Rai, Shambhujeet Baskota - A ni lai lai o ni lai lai.mp3","Aanand Karki, Bimala Rai, Shambhujeet Baskota - A ni lai lai o ni lai lai.mp3",aanand karki bimala rai shambhujeet baskota|a ni lai lai o ni lai lai,"Aanand Karki, Bimala Rai, Shambhujeet Baskota",A ni lai lai o ni lai lai,strong,1746,1746,,metadata_only
"Aananda Karki, Yam Baral, Reema Gurung, Susmita Thapa - Gajabai Bhayo Sathi.mp3","Aananda Karki, Yam Baral, Reema Gurung, Susmita Thapa - Gajabai Bhayo Sathi.mp3",aananda karki yam baral reema gurung susmita thapa|gajabai bhayo sathi,"Aananda Karki, Yam Baral, Reema Gurung, Susmita Thapa",Gajabai Bhayo Sathi,strong,3562,3562,,metadata_only
"Aankha Ko Tyo Nani Nani ｜｜ Nepali Movie MARYADA Song ｜｜ Nikhil Upreti, Sanchita Luitel.m4a","Aankha Ko Tyo Nani Nani ｜｜ Nepali Movie MARYADA Song ｜｜ Nikhil Upreti, Sanchita Luitel.m4a",osrdigital|aankha ko tyo nani nani,OSRDigital,"Aankha Ko Tyo Nani Nani || Nepali Movie MARYADA Song || Nikhil Upreti, Sanchita Luitel",weak,2481,,,metadata_candidate
Aarohan Band - Sajjan Raazi X Ikko Mikke.mp3,Aarohan Band - Sajjan Raazi X Ikko Mikke.mp3,aarohan band|sajjan raazi x ikko mikke,Aarohan Band,Sajjan Raazi X Ikko Mikke,none,,,,no_lyrics
Aashik Sunil - Ak Nepali 100 Par Bhari.mp3,Aashik Sunil - Ak Nepali 100 Par Bhari.mp3,aashik sunil|ak nepali 100 par bhari,Aashik Sunil,Ak Nepali 100 Par Bhari,weak,207,,,metadata_candidate
Aatmaghati (DONG) NEPALI RAP SONG.m4a,Aatmaghati (DONG) NEPALI RAP SONG.m4a,dip|aatmaghati dong,Dip,Aatmaghati (DONG) NEPALI RAP SONG,probable,1885,,,metadata_candidate
"Aau Yasto Desh Banau ｜｜ BIGUL Nepali Movie Song 2082 ｜｜ Benisha Hamal, Naren Khadka, Ramesh, Meera.m4a","Aau Yasto Desh Banau ｜｜ BIGUL Nepali Movie Song 2082 ｜｜ Benisha Hamal, Naren Khadka, Ramesh, Meera.m4a",osrdigital|aau yasto desh banau,OSRDigital,"Aau Yasto Desh Banau || BIGUL Nepali Movie Song 2082 || Benisha Hamal, Naren Khadka, Ramesh, Meera",weak,2646,,,metadata_candidate
Aaudai Chu Ma- Yama Buddha [ Talakjung Vs Tulke ].m4a,Aaudai Chu Ma- Yama Buddha [ Talakjung Vs Tulke ].m4a,inep|aaudai chu ma yama buddha talakjung vs tulke,iNep,Aaudai Chu Ma- Yama Buddha [ Talakjung Vs Tulke ],weak,3773,,,metadata_candidate
Aaudai xu ma (yama Buddha).mp3,Aaudai xu ma (yama Buddha).mp3,avi kharga|aaudai xu ma yama buddha,avi kharga,Aaudai xu ma (yama Buddha),weak,3773,,,metadata_candidate
aaudi maya gareki maile - nepali pop songs.mp3,aaudi maya gareki maile - nepali pop songs.mp3,aaudi maya gareki maile|nepali pop songs,aaudi maya gareki maile,nepali pop songs,weak,207,,,metadata_candidate
AAVO AAVO VIRA BANJARA TEEJ SONG ( REMIX ) DJ SONU SK & DJ SONU SDNR.m4a,AAVO AAVO VIRA BANJARA TEEJ SONG ( REMIX ) DJ SONU SK & DJ SONU SDNR.m4a,dj sonu sk 09|aavo aavo vira banjara teej song dj sonu sk dj sonu sdnr,Dj Sonu Sk 09,AAVO AAVO VIRA BANJARA TEEJ SONG ( REMIX ) DJ SONU SK & DJ SONU SDNR,weak,3163,,,metadata_candidate
AAVO VIRA BANJRA TEEJ SONG REMIX BY DJ SHIVA & DJ RAHUL & DJ BABLU MBNR.mp3.m4a,AAVO VIRA BANJRA TEEJ SONG REMIX BY DJ SHIVA & DJ RAHUL & DJ BABLU MBNR.mp3.m4a,dj bablu from mbnr|aavo vira banjra teej song by dj shiva dj rahul dj bablu mbnr mp3,DJ BABLU FROM MBNR,AAVO VIRA BANJRA TEEJ SONG REMIX BY DJ SHIVA & DJ RAHUL & DJ BABLU MBNR.mp3,weak,3163,,,metadata_candidate
Aaye Ma Ta｜｜आएँ म त खैंजडिको तालै सुनेर ｜｜ कौडा Movie Song प्रतिबिम्ब PRATIBIMBA ｜｜Bindabasini Music.m4a,Aaye Ma Ta｜｜आएँ म त खैंजडिको तालै सुनेर ｜｜ कौडा Movie Song प्रतिबिम्ब PRATIBIMBA ｜｜Bindabasini Music.m4a,bindabasini music|aaye ma ta,Bindabasini Music,Aaye Ma Ta||आएँ म त खैंजडिको तालै सुनेर || कौडा Movie Song प्रतिबिम्ब PRATIBIMBA ||Bindabasini Music,weak,1020,,,metadata_candidate
Aayo Gorkhali Nepali national song by Gopal Yonjan.m4a,Aayo Gorkhali Nepali national song by Gopal Yonjan.m4a,nepali bishnu|aayo gorkhali nepali national song by gopal yonjan,nepali.bishnu,Aayo Gorkhali Nepali national song by Gopal Yonjan,weak,207,,,metadata_candidate
AAYO TEEJAKO LAHAR ｜ Official Teej Song 2021｜ Melina Rai Ft.Prisma & Princy Khatiwada (Twinny Girls).m4a,AAYO TEEJAKO LAHAR ｜ Official Teej Song 2021｜ Melina Rai Ft.Prisma & Princy Khatiwada (Twinny Girls).m4a,kendra motion pictures|aayo teejako lahar,Kendra Motion Pictures,AAYO TEEJAKO LAHAR | Official Teej Song 2021| Melina Rai Ft.Prisma & Princy Khatiwada (Twinny Girls),weak,2005,,,metadata_candidate
Abdul Rauf Magsi - Raat Muhnjo Sajjan Ayho Pan Hali.mp3,Abdul Rauf Magsi - Raat Muhnjo Sajjan Ayho Pan Hali.mp3,abdul rauf magsi|raat muhnjo sajjan ayho pan hali,Abdul Rauf Magsi,Raat Muhnjo Sajjan Ayho Pan Hali,none,,,,no_lyrics
"Abhijeet Bhattacharya, Sapna Mukherjee, Sushma Shrestha - Samose Mein Aaloo - MySinger.net.mp3","Abhijeet Bhattacharya, Sapna Mukherjee, Sushma Shrestha - Samose Mein Aaloo - MySinger.net.mp3",abhijeet bhattacharya sapna mukherjee sushma shrestha|samose mein aaloo mysinger net,"Abhijeet Bhattacharya, Sapna Mukherjee, Sushma Shrestha",Samose Mein Aaloo - MySinger.net,none,,,,no_lyrics
"Abhijeet Bhattacharya, Sushma Shrestha - Mujhko Ek Pappi Chahiye (2).mp3","Abhijeet Bhattacharya, Sushma Shrestha - Mujhko Ek Pappi Chahiye (2).mp3",abhijeet bhattacharya sushma shrestha|mujhko ek pappi chahiye,"Abhijeet Bhattacharya, Sushma Shrestha",Mujhko Ek Pappi Chahiye,none,2828,,,metadata_candidate
"Abhijeet Bhattacharya, Sushma Shrestha - Neend Aati Nahin.mp3","Abhijeet Bhattacharya, Sushma Shrestha - Neend Aati Nahin.mp3",abhijeet bhattacharya sushma shrestha|neend aati nahin,"Abhijeet Bhattacharya, Sushma Shrestha",Neend Aati Nahin,none,,,,no_lyrics
Abhishek Soni - Aa Gaye Shiv Shankar.mp3,Abhishek Soni - Aa Gaye Shiv Shankar.mp3,abhishek soni|aa gaye shiv shankar,Abhishek Soni,Aa Gaye Shiv Shankar,weak,2067,,,metadata_candidate
Abhishesh Kr Jha - Hey Shiv Shankar Shambhu Bhola.mp3,Abhishesh Kr Jha - Hey Shiv Shankar Shambhu Bhola.mp3,abhishesh kr jha|hey shiv shankar shambhu bhola,Abhishesh Kr Jha,Hey Shiv Shankar Shambhu Bhola,weak,1543,,,metadata_candidate
Achmad Albar (Godbless) - Burung Putih (prod. Fariz RM).mp3,Achmad Albar (Godbless) - Burung Putih (prod. Fariz RM).mp3,flz|achmad albar godbless burung putih,FLZ//,Achmad Albar (Godbless) - Burung Putih (prod. Fariz RM),none,,,,no_lyrics
Afnai Bato.m4a,Afnai Bato.m4a,vten|afnai bato,VTEN,Afnai Bato,strong,3970,3970,,metadata_only
"Afshan, Hazin Qadri feat. Taranum Naz - Sajjan Dur.mp3","Afshan, Hazin Qadri feat. Taranum Naz - Sajjan Dur.mp3",afshan hazin qadri feat taranum naz|sajjan dur,"Afshan, Hazin Qadri feat. Taranum Naz",Sajjan Dur,weak,1366,,,metadata_candidate
Ahsan Sakhirani - Sajjan Dadhu Warando Aa.mp3,Ahsan Sakhirani - Sajjan Dadhu Warando Aa.mp3,ahsan sakhirani|sajjan dadhu warando aa,Ahsan Sakhirani,Sajjan Dadhu Warando Aa,none,3450,,,metadata_candidate
Ahtsham Afzal Qadri - Arsh Ty Muhnjo Sajjan.mp3,Ahtsham Afzal Qadri - Arsh Ty Muhnjo Sajjan.mp3,ahtsham afzal qadri|arsh ty muhnjo sajjan,Ahtsham Afzal Qadri,Arsh Ty Muhnjo Sajjan,none,,,,no_lyrics
Aidray - Beat & Rhyme (Prod. B.E.A.S.T).m4a,Aidray - Beat & Rhyme (Prod. B.E.A.S.T).m4a,geet haru|aidray beat rhyme,Geet Haru.,Aidray - Beat & Rhyme (Prod. B.E.A.S.T),none,,,,no_lyrics
Aidray - SoulGroove (Prod. B.E.A.S.T).m4a,Aidray - SoulGroove (Prod. B.E.A.S.T).m4a,aid ray|aidray soulgroove,Aid Ray,Aidray - SoulGroove (Prod. B.E.A.S.T),none,,,,no_lyrics
"Aina Herera Kapal Korera ｜｜ PENSION PATTA Movie Song 2026 ｜｜ Manoj Gurung, Anusha Rai.m4a","Aina Herera Kapal Korera ｜｜ PENSION PATTA Movie Song 2026 ｜｜ Manoj Gurung, Anusha Rai.m4a",osrdigital|aina herera kapal korera,OSRDigital,"Aina Herera Kapal Korera || PENSION PATTA Movie Song 2026 || Manoj Gurung, Anusha Rai",none,1758,,,metadata_candidate
Ajay Nepali - Maiya Aali Duaar Par.mp3,Ajay Nepali - Maiya Aali Duaar Par.mp3,ajay nepali|maiya aali duaar par,Ajay Nepali,Maiya Aali Duaar Par,none,348,,,metadata_candidate
AJK - Paisa - [Nepali Rap Song 2020].m4a,AJK - Paisa - [Nepali Rap Song 2020].m4a,ajkrealmusic|ajk paisa,AJKRealMusic,AJK - Paisa - [Nepali Rap Song 2020],weak,4076,,,metadata_candidate
Albatross - Cannot Be Found (2).mp3,Albatross - Cannot Be Found (2).mp3,albatross|cannot be found,Albatross,Cannot Be Found,weak,,,,no_lyrics
albatross - Carnival No Yoru.mp3,albatross - Carnival No Yoru.mp3,albatross|carnival no yoru,albatross,Carnival No Yoru,weak,,,,no_lyrics
Albatross - Come Together.mp3,Albatross - Come Together.mp3,albatross|come together,Albatross,Come Together,weak,3779,,,metadata_candidate
Albatross - Nepali.mp3,Albatross - Nepali.mp3,albatross|nepali,Albatross,Nepali,strong,207,207,,metadata_only
ALBATROSS - Serdtze - (Birchpunk Original Motion Picture Sound).mp3,ALBATROSS - Serdtze - (Birchpunk Original Motion Picture Sound).mp3,albatross|serdtze birchpunk original motion picture sound,ALBATROSS,Serdtze - (Birchpunk Original Motion Picture Sound),weak,,,,no_lyrics
Albatross - Something Ought To Be Down.mp3,Albatross - Something Ought To Be Down.mp3,albatross|something ought to be down,Albatross,Something Ought To Be Down,weak,,,,no_lyrics
Albatross Overdrive - Get Fucked.mp3,Albatross Overdrive - Get Fucked.mp3,albatross overdrive|get fucked,Albatross Overdrive,Get Fucked,weak,3662,,,metadata_candidate
All nepali songs - Jati maya laye pani.mp3,All nepali songs - Jati maya laye pani.mp3,all s|jati maya laye pani,All nepali songs,Jati maya laye pani,weak,454,,,metadata_candidate
"Allah Ditta Panchi, Faryal Tara - Sajjan Purany.mp3","Allah Ditta Panchi, Faryal Tara - Sajjan Purany.mp3",allah ditta panchi faryal tara|sajjan purany,"Allah Ditta Panchi, Faryal Tara",Sajjan Purany,none,2400,,,metadata_candidate
Ama Coverr  (Yama Buddha).m4a,Ama Coverr  (Yama Buddha).m4a,bijay illusion lama|ama coverr yama buddha,Bijay Illusion Lama,Ama Coverr  (Yama Buddha),weak,4073,,,metadata_candidate
Aman.singh - Sajjan.mp3,Aman.singh - Sajjan.mp3,aman singh|sajjan,Aman.singh,Sajjan,probable,1366,,,metadata_candidate
Amanullah Sunani - O Vichhniya Po Sajjan Tarafaan.mp3,Amanullah Sunani - O Vichhniya Po Sajjan Tarafaan.mp3,amanullah sunani|o vichhniya po sajjan tarafaan,Amanullah Sunani,O Vichhniya Po Sajjan Tarafaan,none,1370,,,metadata_candidate
Amar Arshi - Sajjan.mp3,Amar Arshi - Sajjan.mp3,amar arshi|sajjan,Amar Arshi,Sajjan,weak,1366,,,metadata_candidate
Ambar Gurung - Timi Bhoolma Paryau.mp3,Ambar Gurung - Timi Bhoolma Paryau.mp3,classicnepalisongs|ambar gurung timi bhoolma paryau,ClassicNepaliSongs,Ambar Gurung - Timi Bhoolma Paryau,weak,752,,,metadata_candidate
"Amber Gurung Final Report , Nabin Luitel @radio Sagrmatha 02 - 25.MP3.mp3","Amber Gurung Final Report , Nabin Luitel @radio Sagrmatha 02 - 25.MP3.mp3",nabin luitel|amber gurung final report nabin luitel radio sagrmatha 02 25 mp3,Nabin Luitel,"Amber Gurung Final Report , Nabin Luitel @radio Sagrmatha 02 - 25.MP3",none,,,,no_lyrics
AMG EBK - JAILE BAHIRA (SHOT BY NEWJAL).m4a,AMG EBK - JAILE BAHIRA (SHOT BY NEWJAL).m4a,amg ebk|amg ebk jaile bahira shot by newjal,AMG EBK,AMG EBK - JAILE BAHIRA (SHOT BY NEWJAL),none,,,,no_lyrics
"Amman Kaamboj, Archana Sharma - Shiv Shankar Bhole Bhale.mp3","Amman Kaamboj, Archana Sharma - Shiv Shankar Bhole Bhale.mp3",amman kaamboj archana sharma|shiv shankar bhole bhale,"Amman Kaamboj, Archana Sharma",Shiv Shankar Bhole Bhale,weak,1543,,,metadata_candidate
Amrinder Gill & Sajjan Adeeb feat. Intense - Darshan Mehnge (From _Laiye Je Yaarian_ Soundtrack).mp3,Amrinder Gill & Sajjan Adeeb feat. Intense - Darshan Mehnge (From _Laiye Je Yaarian_ Soundtrack).mp3,amrinder gill sajjan adeeb feat intense|darshan mehnge from laiye je yaarian soundtrack,Amrinder Gill & Sajjan Adeeb feat. Intense,"Darshan Mehnge (From ""Laiye Je Yaarian"" Soundtrack)",weak,890,,,metadata_candidate
"Amrit Bhandari, Pramod Kharel feat. Mahesh Khadka - Nabhannu Hai Chokho Maya (feat. Mahesh Khadka).mp3","Amrit Bhandari, Pramod Kharel feat. Mahesh Khadka - Nabhannu Hai Chokho Maya (feat. Mahesh Khadka).mp3",amrit bhandari pramod kharel feat mahesh khadka|nabhannu hai chokho maya feat mahesh khadka,"Amrit Bhandari, Pramod Kharel feat. Mahesh Khadka",Nabhannu Hai Chokho Maya (feat. Mahesh Khadka),strong,526,526,,metadata_only
Amrit Gurung - Dhak Dhak.mp3,Amrit Gurung - Dhak Dhak.mp3,amrit gurung|dhak dhak,Amrit Gurung,Dhak Dhak,strong,1290,1290,,metadata_only
Amrit Gurung - He Maya.mp3,Amrit Gurung - He Maya.mp3,amrit gurung|he maya,Amrit Gurung,He Maya,strong,526,526,,metadata_only
Amrit Gurung - Himal Chuchure.mp3,Amrit Gurung - Himal Chuchure.mp3,amrit gurung|himal chuchure,Amrit Gurung,Himal Chuchure,strong,2371,2371,,metadata_only
Amrit Gurung - Lampate Surati (3).mp3,Amrit Gurung - Lampate Surati (3).mp3,amrit gurung|lampate surati,Amrit Gurung,Lampate Surati,strong,2382,2382,,metadata_only
Amrit Gurung - Lampati Surati.mp3,Amrit Gurung - Lampati Surati.mp3,amrit gurung|lampati surati,Amrit Gurung,Lampati Surati,strong,2382,2382,,metadata_only
Amrit Gurung - Mai Nache Cham Chamti.mp3,Amrit Gurung - Mai Nache Cham Chamti.mp3,amrit gurung|mai nache cham chamti,Amrit Gurung,Mai Nache Cham Chamti,strong,2060,2060,,metadata_only
Amrit Gurung - Meri Sapani Hau.mp3,Amrit Gurung - Meri Sapani Hau.mp3,amrit gurung|meri sapani hau,Amrit Gurung,Meri Sapani Hau,probable,2979,,,metadata_candidate
Amrit Gurung - Resham.mp3,Amrit Gurung - Resham.mp3,amrit gurung|resham,Amrit Gurung,Resham,strong,2394,2394,,metadata_only
Amrit Gurung - Taalko Paani Machhile Khani.mp3,Amrit Gurung - Taalko Paani Machhile Khani.mp3,amrit gurung|taalko paani machhile khani,Amrit Gurung,Taalko Paani Machhile Khani,weak,2706,,,metadata_candidate
Amrit Gurung - Timro Aagamanko.mp3,Amrit Gurung - Timro Aagamanko.mp3,amrit gurung|timro aagamanko,Amrit Gurung,Timro Aagamanko,weak,3614,,,metadata_candidate
Amrit Gurung - Udayo Relaile.mp3,Amrit Gurung - Udayo Relaile.mp3,amrit gurung|udayo relaile,Amrit Gurung,Udayo Relaile,weak,1507,,,metadata_candidate
Amrit Gurung - Udda Uddai.mp3,Amrit Gurung - Udda Uddai.mp3,amrit gurung|udda uddai,Amrit Gurung,Udda Uddai,weak,46,,,metadata_candidate
Amrit Gurung - Ukali Orali.mp3,Amrit Gurung - Ukali Orali.mp3,amrit gurung|ukali orali,Amrit Gurung,Ukali Orali,strong,2407,2407,,metadata_only
"Amrita Limbu, Rajesh Payal Rai - Lukera Heryeu.mp3","Amrita Limbu, Rajesh Payal Rai - Lukera Heryeu.mp3",amrita limbu rajesh payal rai|lukera heryeu,"Amrita Limbu, Rajesh Payal Rai",Lukera Heryeu,weak,3665,,,metadata_candidate
Amritesh Raghuvanshi - Har Har Shiv Shankar Bhole.mp3,Amritesh Raghuvanshi - Har Har Shiv Shankar Bhole.mp3,amritesh raghuvanshi|har har shiv shankar bhole,Amritesh Raghuvanshi,Har Har Shiv Shankar Bhole,weak,1543,,,metadata_candidate
Ana Tijoux - Sacar La Voz (feat. Jorge Drexler).m4a,Ana Tijoux - Sacar La Voz (feat. Jorge Drexler).m4a,nacional records|ana tijoux sacar la voz feat jorge drexler,Nacional Records,Ana Tijoux - Sacar La Voz (feat. Jorge Drexler),weak,840,,,metadata_candidate
"Anand Karki, Bimala Rai - Eaklai Harauna.mp3","Anand Karki, Bimala Rai - Eaklai Harauna.mp3",anand karki bimala rai|eaklai harauna,"Anand Karki, Bimala Rai",Eaklai Harauna,weak,3605,,,metadata_candidate
"Ananda Karki, Bimala Rai - Najarma Najar.mp3","Ananda Karki, Bimala Rai - Najarma Najar.mp3",ananda karki bimala rai|najarma najar,"Ananda Karki, Bimala Rai",Najarma Najar,weak,2957,,,metadata_candidate
"Ananda Karki, Mamata Dipbim, Kunti Moktan, Raju Lama (Mongolian Hearts) - Panchima Ramro.mp3","Ananda Karki, Mamata Dipbim, Kunti Moktan, Raju Lama (Mongolian Hearts) - Panchima Ramro.mp3",ananda karki mamata dipbim kunti moktan raju lama mongolian hearts|panchima ramro,"Ananda Karki, Mamata Dipbim, Kunti Moktan, Raju Lama (Mongolian Hearts)",Panchima Ramro,weak,1824,,,metadata_candidate
Andho Bahiro Ani Lato Mero Sahar - Thujey (B-8EIGHT).m4a,Andho Bahiro Ani Lato Mero Sahar - Thujey (B-8EIGHT).m4a,b8eight|andho bahiro ani lato mero sahar thujey b 8eight,b8eight,Andho Bahiro Ani Lato Mero Sahar - Thujey (B-8EIGHT),weak,2574,,,metadata_candidate
Andre Antunes - Nepali Gen Z Goes Metal [Jai Nepal Protest Song].mp3,Andre Antunes - Nepali Gen Z Goes Metal [Jai Nepal Protest Song].mp3,andre antunes|nepali gen z goes metal jai nepal protest song,Andre Antunes,Nepali Gen Z Goes Metal [Jai Nepal Protest Song],weak,207,,,metadata_candidate
Angreji Sikchha.mp3,Angreji Sikchha.mp3,man bahadur rai|angreji sikchha,Man Bahadur Rai,Angreji Sikchha,weak,3094,,,metadata_candidate
Ani Choying Dolma - Om Tare Tuttare Ture Soha.mp3,Ani Choying Dolma - Om Tare Tuttare Ture Soha.mp3,ani choying dolma|om tare tuttare ture soha,Ani Choying Dolma,Om Tare Tuttare Ture Soha,weak,,,,no_lyrics
Ani Choying Dolma - Omuni Muni.mp3,Ani Choying Dolma - Omuni Muni.mp3,ani choying dolma|omuni muni,Ani Choying Dolma,Omuni Muni,weak,,,,no_lyrics
Ani Choying Drolma - Kheldai Thiye.mp3,Ani Choying Drolma - Kheldai Thiye.mp3,ani choying drolma|kheldai thiye,Ani Choying Drolma,Kheldai Thiye,weak,1831,,,metadata_candidate
Ani Choying Drolma - Manaina Ho.mp3,Ani Choying Drolma - Manaina Ho.mp3,ani choying drolma|manaina ho,Ani Choying Drolma,Manaina Ho,probable,1098,,,metadata_candidate
Ani Choying Drolma - Om Tare Tutare.mp3,Ani Choying Drolma - Om Tare Tutare.mp3,ani choying drolma|om tare tutare,Ani Choying Drolma,Om Tare Tutare,weak,1669,,,metadata_candidate
Ani Choying Drolma - Phoolko Aankhama [Official Lyrical Video].m4a,Ani Choying Drolma - Phoolko Aankhama [Official Lyrical Video].m4a,ani choying drolma|ani choying drolma phoolko aankhama,Ani Choying Drolma,Ani Choying Drolma - Phoolko Aankhama [Official Lyrical Video],strong,261,261,,metadata_only
Ani Choying Drolma - Tri Ratna.mp3,Ani Choying Drolma - Tri Ratna.mp3,ani choying drolma|tri ratna,Ani Choying Drolma,Tri Ratna,weak,3063,,,metadata_candidate
"Ani Choying Drolma, Sina Vodjani - Malu semchen.mp3","Ani Choying Drolma, Sina Vodjani - Malu semchen.mp3",ani choying drolma sina vodjani|malu semchen,"Ani Choying Drolma, Sina Vodjani",Malu semchen,weak,168,,,metadata_candidate
"Ani Choying Drolma, Sina Vodjani - Tara mantra.mp3","Ani Choying Drolma, Sina Vodjani - Tara mantra.mp3",ani choying drolma sina vodjani|tara mantra,"Ani Choying Drolma, Sina Vodjani",Tara mantra,strong,1545,1545,,metadata_only
Anila Rai feat. Deepak Limbu - Timi Bahek.mp3,Anila Rai feat. Deepak Limbu - Timi Bahek.mp3,anila rai feat deepak limbu|timi bahek,Anila Rai feat. Deepak Limbu,Timi Bahek,strong,752,752,,metadata_only
"Anjalee Tiwari, Nepali Nirahuwa - Mehar Hau Ki Mirachai.mp3","Anjalee Tiwari, Nepali Nirahuwa - Mehar Hau Ki Mirachai.mp3",anjalee tiwari nepali nirahuwa|mehar hau ki mirachai,"Anjalee Tiwari, Nepali Nirahuwa",Mehar Hau Ki Mirachai,weak,2247,,,metadata_candidate
Anjan Dutta - Nepali (2).mp3,Anjan Dutta - Nepali (2).mp3,anjan dutta|nepali,Anjan Dutta,Nepali,weak,207,,,metadata_candidate
Anju Pant & Deepak Limbu - ‎Bhuinko Phool.mp3,Anju Pant & Deepak Limbu - ‎Bhuinko Phool.mp3,anju pant deepak limbu|bhuinko phool,Anju Pant & Deepak Limbu,‎Bhuinko Phool,strong,3465,3465,,metadata_only
Anju Pant - Maitighar.m4a,Anju Pant - Maitighar.m4a,mk97|anju pant maitighar,MK97,Anju Pant - Maitighar,none,,,,no_lyrics
Anju Pant - Maitighar.mp3,Anju Pant - Maitighar.mp3,geewhiz|anju pant maitighar,geewhiz,Anju Pant - Maitighar,none,,,,no_lyrics
Anju Panta & Deepak Limbu - Timilai Dekhu Dekhu.mp3,Anju Panta & Deepak Limbu - Timilai Dekhu Dekhu.mp3,anju panta deepak limbu|timilai dekhu dekhu,Anju Panta & Deepak Limbu,Timilai Dekhu Dekhu,strong,1555,1555,,metadata_only
Anju Panta - Aaija Nidari.mp3,Anju Panta - Aaija Nidari.mp3,anju panta|aaija nidari,Anju Panta,Aaija Nidari,strong,2357,2357,,metadata_only
Anju Panta - Aanshu Di Baiguni Le.mp3,Anju Panta - Aanshu Di Baiguni Le.mp3,anju panta|aanshu di baiguni le,Anju Panta,Aanshu Di Baiguni Le,strong,712,712,,metadata_only
Anju Panta - Badal Pariko Desh Ma.mp3,Anju Panta - Badal Pariko Desh Ma.mp3,anju panta|badal pariko desh ma,Anju Panta,Badal Pariko Desh Ma,strong,3773,3773,,metadata_only
Anju Panta - Basanti Rang Bhari.mp3,Anju Panta - Basanti Rang Bhari.mp3,anju panta|basanti rang bhari,Anju Panta,Basanti Rang Bhari,strong,854,854,,metadata_only
Anju Panta - Bhetiyeu Timi-Priya Timi Bina.mp3,Anju Panta - Bhetiyeu Timi-Priya Timi Bina.mp3,anju panta|bhetiyeu timi priya timi bina,Anju Panta,Bhetiyeu Timi-Priya Timi Bina.,strong,565,565,,metadata_only
Anju Panta - Bujheko Chhu.mp3,Anju Panta - Bujheko Chhu.mp3,anju panta|bujheko chhu,Anju Panta,Bujheko Chhu,weak,2009,,,metadata_candidate
Anju Panta - Chanchale Hawale.mp3,Anju Panta - Chanchale Hawale.mp3,anju panta|chanchale hawale,Anju Panta,Chanchale Hawale,weak,1462,,,metadata_candidate
Anju Panta - Chatima Haat Rakhera.mp3,Anju Panta - Chatima Haat Rakhera.mp3,anju panta|chatima haat rakhera,Anju Panta,Chatima Haat Rakhera,weak,2865,,,metadata_candidate
Anju Panta - Chhadi Jane Nisthuri Ko.mp3,Anju Panta - Chhadi Jane Nisthuri Ko.mp3,anju panta|chhadi jane nisthuri ko,Anju Panta,Chhadi Jane Nisthuri Ko,weak,2335,,,metadata_candidate
Anju Panta - Dharti Dhakera.mp3,Anju Panta - Dharti Dhakera.mp3,anju panta|dharti dhakera,Anju Panta,Dharti Dhakera,probable,4004,,,metadata_candidate
Anju Panta - Dherai Maya.mp3,Anju Panta - Dherai Maya.mp3,anju panta|dherai maya,Anju Panta,Dherai Maya,strong,217,217,,metadata_only
Anju Panta - Hajurlai Chhati Bhitra.mp3,Anju Panta - Hajurlai Chhati Bhitra.mp3,anju panta|hajurlai chhati bhitra,Anju Panta,Hajurlai Chhati Bhitra,strong,2514,2514,,metadata_only
Anju Panta - Har Chij Ramro Lagchha.mp3,Anju Panta - Har Chij Ramro Lagchha.mp3,anju panta|har chij ramro lagchha,Anju Panta,Har Chij Ramro Lagchha,weak,152,,,metadata_candidate
Anju Panta - Jawan Pardeshama.mp3,Anju Panta - Jawan Pardeshama.mp3,anju panta|jawan pardeshama,Anju Panta,Jawan Pardeshama,weak,1924,,,metadata_candidate
Anju Panta - Jeliyeko Manko Dhago.mp3,Anju Panta - Jeliyeko Manko Dhago.mp3,anju panta|jeliyeko manko dhago,Anju Panta,Jeliyeko Manko Dhago,weak,1828,,,metadata_candidate
Anju Panta - Jhalko.mp3,Anju Panta - Jhalko.mp3,anju panta|jhalko,Anju Panta,Jhalko,strong,3316,3316,,metadata_only
Anju Panta - Jindagile Aafailai Chhalda Kheri.mp3,Anju Panta - Jindagile Aafailai Chhalda Kheri.mp3,anju panta|jindagile aafailai chhalda kheri,Anju Panta,Jindagile Aafailai Chhalda Kheri,weak,3877,,,metadata_candidate
Anju Panta - Jo Bina Ekpal.mp3,Anju Panta - Jo Bina Ekpal.mp3,anju panta|jo bina ekpal,Anju Panta,Jo Bina Ekpal,weak,1940,,,metadata_candidate
Anju Panta - Kaha Kohi.mp3,Anju Panta - Kaha Kohi.mp3,anju panta|kaha kohi,Anju Panta,Kaha Kohi,strong,4069,4069,,metadata_only
Anju Panta - Kaleji Ma Baseu.mp3,Anju Panta - Kaleji Ma Baseu.mp3,anju panta|kaleji ma baseu,Anju Panta,Kaleji Ma Baseu,strong,3773,3773,,metadata_only
Anju Panta - Kalle Lane Ho.mp3,Anju Panta - Kalle Lane Ho.mp3,anju panta|kalle lane ho,Anju Panta,Kalle Lane Ho,weak,3899,,,metadata_candidate
Anju Panta - Kati Sapana.mp3,Anju Panta - Kati Sapana.mp3,anju panta|kati sapana,Anju Panta,Kati Sapana,strong,816,816,,metadata_only
Anju Panta - Khai Ke Hola Ra Aausadhi.mp3,Anju Panta - Khai Ke Hola Ra Aausadhi.mp3,anju panta|khai ke hola ra aausadhi,Anju Panta,Khai Ke Hola Ra Aausadhi,strong,659,659,,metadata_only
Anju Panta - Kun Mayako Mandir.mp3,Anju Panta - Kun Mayako Mandir.mp3,anju panta|kun mayako mandir,Anju Panta,Kun Mayako Mandir,weak,1818,,,metadata_candidate
Anju Panta - Lagyo Barai Mayako.mp3,Anju Panta - Lagyo Barai Mayako.mp3,anju panta|lagyo barai mayako,Anju Panta,Lagyo Barai Mayako,weak,1590,,,metadata_candidate
Anju Panta - Laija Paran.mp3,Anju Panta - Laija Paran.mp3,anju panta|laija paran,Anju Panta,Laija Paran,weak,1486,,,metadata_candidate
Anju Panta - Lau Aba.mp3,Anju Panta - Lau Aba.mp3,anju panta|lau aba,Anju Panta,Lau Aba,strong,1575,1575,,metadata_only
Anju Panta - Maile Herda.mp3,Anju Panta - Maile Herda.mp3,anju panta|maile herda,Anju Panta,Maile Herda,weak,3034,,,metadata_candidate
Anju Panta - Makhamali.mp3,Anju Panta - Makhamali.mp3,anju panta|makhamali,Anju Panta,Makhamali,strong,3761,3761,,metadata_only
Anju Panta - Malai Man Paraune.mp3,Anju Panta - Malai Man Paraune.mp3,anju panta|malai man paraune,Anju Panta,Malai Man Paraune,probable,204,,,metadata_candidate
Anju Panta - Maya Maya (2).mp3,Anju Panta - Maya Maya (2).mp3,anju panta|maya maya,Anju Panta,Maya Maya,strong,2438,2438,,metadata_only
Anju Panta - Maya Ta Maya.mp3,Anju Panta - Maya Ta Maya.mp3,anju panta|maya ta maya,Anju Panta,Maya Ta Maya,strong,13,13,,metadata_only
Anju Panta - Mayama Mero.mp3,Anju Panta - Mayama Mero.mp3,anju panta|mayama mero,Anju Panta,Mayama Mero,strong,773,773,,metadata_only
Anju Panta - Nasodha.mp3,Anju Panta - Nasodha.mp3,anju panta|nasodha,Anju Panta,Nasodha,strong,2019,2019,,metadata_only
Anju Panta - Om Ghrini.mp3,Anju Panta - Om Ghrini.mp3,anju panta|om ghrini,Anju Panta,Om Ghrini,weak,2872,,,metadata_candidate
Anju Panta - Pal Pal Roye Jindagima.mp3,Anju Panta - Pal Pal Roye Jindagima.mp3,anju panta|pal pal roye jindagima,Anju Panta,Pal Pal Roye Jindagima,strong,317,317,,metadata_only
Anju Panta - Pal Pal Timrai Nai Yaad.mp3,Anju Panta - Pal Pal Timrai Nai Yaad.mp3,anju panta|pal pal timrai nai yaad,Anju Panta,Pal Pal Timrai Nai Yaad,strong,3480,3480,,metadata_only
Anju Panta - Pal Pal Timro Nai Yaad.mp3,Anju Panta - Pal Pal Timro Nai Yaad.mp3,anju panta|pal pal timro nai yaad,Anju Panta,Pal Pal Timro Nai Yaad,strong,907,907,,metadata_only
Anju Panta - Pareli ko.mp3,Anju Panta - Pareli ko.mp3,anju panta|pareli ko,Anju Panta,Pareli ko,probable,995,,,metadata_candidate
Anju Panta - Phool Shamji.mp3,Anju Panta - Phool Shamji.mp3,anju panta|phool shamji,Anju Panta,Phool Shamji,strong,3465,3465,,metadata_only
Anju Panta - Pirma Pani.mp3,Anju Panta - Pirma Pani.mp3,anju panta|pirma pani,Anju Panta,Pirma Pani,strong,2156,2156,,metadata_only
Anju Panta - Prem GeetSatai Sur.mp3,Anju Panta - Prem GeetSatai Sur.mp3,anju panta|prem geetsatai sur,Anju Panta,Prem GeetSatai Sur,weak,2986,,,metadata_candidate
Anju Panta - Rudai Hunchhau.mp3,Anju Panta - Rudai Hunchhau.mp3,anju panta|rudai hunchhau,Anju Panta,Rudai Hunchhau,weak,2633,,,metadata_candidate
Anju Panta - Sansaraka Sara Khusi.mp3,Anju Panta - Sansaraka Sara Khusi.mp3,anju panta|sansaraka sara khusi,Anju Panta,Sansaraka Sara Khusi,strong,328,328,,metadata_only
Anju Panta - Shiraima.mp3,Anju Panta - Shiraima.mp3,anju panta|shiraima,Anju Panta,Shiraima,strong,2024,2024,,metadata_only
Anju Panta - Timi Lai Dekhera.mp3,Anju Panta - Timi Lai Dekhera.mp3,anju panta|timi lai dekhera,Anju Panta,Timi Lai Dekhera,strong,752,752,,metadata_only
Anju Panta - Timi Na Aau.mp3,Anju Panta - Timi Na Aau.mp3,anju panta|timi na aau,Anju Panta,Timi Na Aau,strong,752,752,,metadata_only
Anju Panta - Timi Sanga.mp3,Anju Panta - Timi Sanga.mp3,anju panta|timi sanga,Anju Panta,Timi Sanga,strong,2890,2890,,metadata_only
Anju Panta - Timile Nai Ho Malai.mp3,Anju Panta - Timile Nai Ho Malai.mp3,anju panta|timile nai ho malai,Anju Panta,Timile Nai Ho Malai,strong,3567,3567,,metadata_only
Anju Panta - Timle Parai Thanepachi.mp3,Anju Panta - Timle Parai Thanepachi.mp3,anju panta|timle parai thanepachi,Anju Panta,Timle Parai Thanepachi,weak,334,,,metadata_candidate
Anju Panta - Timrai Yaadma (3).mp3,Anju Panta - Timrai Yaadma (3).mp3,anju panta|timrai yaadma,Anju Panta,Timrai Yaadma,strong,2511,2511,,metadata_only
Anju Panta - Timro Aanshule.mp3,Anju Panta - Timro Aanshule.mp3,anju panta|timro aanshule,Anju Panta,Timro Aanshule,weak,1833,,,metadata_candidate
Anju Panta - Timro Dilma Rakheu Kina.mp3,Anju Panta - Timro Dilma Rakheu Kina.mp3,anju panta|timro dilma rakheu kina,Anju Panta,Timro Dilma Rakheu Kina,strong,862,862,,metadata_only
Anju Panta - Timro Khusi.mp3,Anju Panta - Timro Khusi.mp3,anju panta|timro khusi,Anju Panta,Timro Khusi,probable,3865,,,metadata_candidate
Anju Panta - Timro Mero Dilko Bas.mp3,Anju Panta - Timro Mero Dilko Bas.mp3,anju panta|timro mero dilko bas,Anju Panta,Timro Mero Dilko Bas,probable,1178,,,metadata_candidate
Anju Panta - Tiriri Basurile.mp3,Anju Panta - Tiriri Basurile.mp3,anju panta|tiriri basurile,Anju Panta,Tiriri Basurile,weak,307,,,metadata_candidate
Anju Panta - Yati Dherai.mp3,Anju Panta - Yati Dherai.mp3,anju panta|yati dherai,Anju Panta,Yati Dherai,strong,2061,2061,,metadata_only
Anju Panta - Zindagi Ko Sara Khushi.mp3,Anju Panta - Zindagi Ko Sara Khushi.mp3,anju panta|zindagi ko sara khushi,Anju Panta,Zindagi Ko Sara Khushi,strong,4159,4159,,metadata_only
Anju Panta feat. Durga Babu Pathak - Nidra Lagdaina.mp3,Anju Panta feat. Durga Babu Pathak - Nidra Lagdaina.mp3,anju panta feat durga babu pathak|nidra lagdaina,Anju Panta feat. Durga Babu Pathak,Nidra Lagdaina,weak,1487,,,metadata_candidate
Anju Panta feat. Hemanta shishir - Yeti Dherai Timro Yaad.mp3,Anju Panta feat. Hemanta shishir - Yeti Dherai Timro Yaad.mp3,anju panta feat hemanta shishir|yeti dherai timro yaad,Anju Panta feat. Hemanta shishir,Yeti Dherai Timro Yaad,strong,907,907,,metadata_only
Anju Panta feat. Navakrish Panchakoti - Aakhama Malai.mp3,Anju Panta feat. Navakrish Panchakoti - Aakhama Malai.mp3,anju panta feat navakrish panchakoti|aakhama malai,Anju Panta feat. Navakrish Panchakoti,Aakhama Malai,probable,485,,,metadata_candidate
Anju Panta feat. Santosh Shrestha - Aafna Manchhele Nai.mp3,Anju Panta feat. Santosh Shrestha - Aafna Manchhele Nai.mp3,anju panta feat santosh shrestha|aafna manchhele nai,Anju Panta feat. Santosh Shrestha,Aafna Manchhele Nai,weak,1256,,,metadata_candidate
Anju Panta feat. Subha Tamang - Malai Maya Gara.mp3,Anju Panta feat. Subha Tamang - Malai Maya Gara.mp3,anju panta feat subha tamang|malai maya gara,Anju Panta feat. Subha Tamang,Malai Maya Gara,strong,526,526,,metadata_only
"Anju Panta, Basanta Sapkota, Surya Kumar Chhetri - Timile Maya Sadhai Sadhai.mp3","Anju Panta, Basanta Sapkota, Surya Kumar Chhetri - Timile Maya Sadhai Sadhai.mp3",anju panta basanta sapkota surya kumar chhetri|timile maya sadhai sadhai,"Anju Panta, Basanta Sapkota, Surya Kumar Chhetri",Timile Maya Sadhai Sadhai,strong,129,129,,metadata_only
"Anju Panta, Deepak Limbu - BASANTI HAWALE.mp3","Anju Panta, Deepak Limbu - BASANTI HAWALE.mp3",anju panta deepak limbu|basanti hawale,"Anju Panta, Deepak Limbu",BASANTI HAWALE,weak,1627,,,metadata_candidate
"Anju Panta, Deepak Limbu - Bhuin Ko Phool (2).mp3","Anju Panta, Deepak Limbu - Bhuin Ko Phool (2).mp3",anju panta deepak limbu|bhuin ko phool,"Anju Panta, Deepak Limbu",Bhuin Ko Phool,strong,3465,3465,,metadata_only
"Anju Panta, dipak sharma - Parkhaima Juni Bityo.mp3","Anju Panta, dipak sharma - Parkhaima Juni Bityo.mp3",anju panta dipak sharma|parkhaima juni bityo,"Anju Panta, dipak sharma",Parkhaima Juni Bityo,strong,3083,3083,,metadata_only
"Anju Panta, Hemant Moktan - Pal Pal Timro Nai Yaad.mp3","Anju Panta, Hemant Moktan - Pal Pal Timro Nai Yaad.mp3",anju panta hemant moktan|pal pal timro nai yaad,"Anju Panta, Hemant Moktan",Pal Pal Timro Nai Yaad,strong,907,907,,metadata_only
"Anju Panta, Hemanta Shishir - Dherai Maya.mp3","Anju Panta, Hemanta Shishir - Dherai Maya.mp3",anju panta hemanta shishir|dherai maya,"Anju Panta, Hemanta Shishir",Dherai Maya,strong,217,217,,metadata_only
"Anju Panta, Purushottam Subedi - Jaali Rumaal (2).mp3","Anju Panta, Purushottam Subedi - Jaali Rumaal (2).mp3",anju panta purushottam subedi|jaali rumaal,"Anju Panta, Purushottam Subedi",Jaali Rumaal,strong,1475,1475,,metadata_only
"Anju Panta, Santosh Shrestha, Prabal Bista - Timrai Jeetko Charcha.mp3","Anju Panta, Santosh Shrestha, Prabal Bista - Timrai Jeetko Charcha.mp3",anju panta santosh shrestha prabal bista|timrai jeetko charcha,"Anju Panta, Santosh Shrestha, Prabal Bista",Timrai Jeetko Charcha,probable,1634,,,metadata_candidate
"Anju Panta, Sugam Pokharel - Ma Yesto Geet Gaunchhu.mp3","Anju Panta, Sugam Pokharel - Ma Yesto Geet Gaunchhu.mp3",anju panta sugam pokharel|ma yesto geet gaunchhu,"Anju Panta, Sugam Pokharel",Ma Yesto Geet Gaunchhu,strong,3773,3773,,metadata_only
Ankha Le Herera -MistaH K x Prakash Kharel (Offical Music Video) Patal Rec Australia.m4a,Ankha Le Herera -MistaH K x Prakash Kharel (Offical Music Video) Patal Rec Australia.m4a,uckvzqfq0eivvb0r2s3yataa|ankha le herera mistah k x prakash kharel offical patal rec australia,UCKvZqfQ0eIVvB0r2s3yaTaA,Ankha Le Herera -MistaH K x Prakash Kharel (Offical Music Video) Patal Rec Australia,none,2985,,,metadata_candidate
ANKUSH PRAN - Soor Maytya (Shiv Shankar Kashmiri Bhajan).mp3,ANKUSH PRAN - Soor Maytya (Shiv Shankar Kashmiri Bhajan).mp3,ankush pran|soor maytya shiv shankar kashmiri bhajan,ANKUSH PRAN,Soor Maytya (Shiv Shankar Kashmiri Bhajan),weak,1543,,,metadata_candidate
"Annie Kandara, Jatinder Brar - Dream.mp3","Annie Kandara, Jatinder Brar - Dream.mp3",annie kandara jatinder brar|dream,"Annie Kandara, Jatinder Brar",Dream,weak,2394,,,metadata_candidate
Another Albatross - Shake a Leg.mp3,Another Albatross - Shake a Leg.mp3,another albatross|shake a leg,Another Albatross,Shake a Leg,weak,269,,,metadata_candidate
ANTF - BHUSIYA KUKUR (Freestyle) feat. LIL JHOLA & AJEX.m4a,ANTF - BHUSIYA KUKUR (Freestyle) feat. LIL JHOLA & AJEX.m4a,antf|antf bhusiya kukur freestyle feat lil jhola ajex,ANTF,ANTF - BHUSIYA KUKUR (Freestyle) feat. LIL JHOLA & AJEX,none,2297,,,metadata_candidate
"Antra Singh Priyanka, Ravi Rangila - Ham Ladaki Hai Nepali.mp3","Antra Singh Priyanka, Ravi Rangila - Ham Ladaki Hai Nepali.mp3",antra singh priyanka ravi rangila|ham ladaki hai nepali,"Antra Singh Priyanka, Ravi Rangila",Ham Ladaki Hai Nepali,weak,207,,,metadata_candidate
Antya Ko Suruwat - Yama Buddha Ft. Leezum.m4a,Antya Ko Suruwat - Yama Buddha Ft. Leezum.m4a,jantra mantra|antya ko suruwat yama buddha ft leezum,Jantra mantra,Antya Ko Suruwat - Yama Buddha Ft. Leezum,strong,3580,3580,,metadata_only
Anuprastha - Adutiya.mp3,Anuprastha - Adutiya.mp3,anuprastha|adutiya,Anuprastha,Adutiya,weak,3797,,A-92dcb83b82,new_lyrics
Anuprastha - Birami Ma.mp3,Anuprastha - Birami Ma.mp3,anuprastha|birami ma,Anuprastha,Birami Ma,strong,3773,3773,,metadata_only
Anuprastha - Din ( Official Music video ) ( Sprite Band Challe.mp3,Anuprastha - Din ( Official Music video ) ( Sprite Band Challe.mp3,anuprastha|din sprite band challe,Anuprastha,Din ( Official Music video ) ( Sprite Band Challe,strong,419,419,,metadata_only
Anuprastha - Din (2).mp3,Anuprastha - Din (2).mp3,anuprastha|din,Anuprastha,Din,strong,419,419,,metadata_only
Anuprastha - Halla Gara.mp3,Anuprastha - Halla Gara.mp3,anuprastha|halla gara,Anuprastha,Halla Gara,probable,2389,,,metadata_candidate
Anuprastha - Kanchhi (2).mp3,Anuprastha - Kanchhi (2).mp3,anuprastha|kanchhi,Anuprastha,Kanchhi,strong,420,420,,metadata_only
Anuprastha - Maaya.mp3,Anuprastha - Maaya.mp3,anuprastha|maaya,Anuprastha,Maaya,strong,3957,3957,,metadata_only
Anuprastha - Sukha Ra Dukha.mp3,Anuprastha - Sukha Ra Dukha.mp3,anuprastha|sukha ra dukha,Anuprastha,Sukha Ra Dukha,weak,2113,,A-5b16606847,new_lyrics
Anuprastha - Ujjyalo.mp3,Anuprastha - Ujjyalo.mp3,anuprastha|ujjyalo,Anuprastha,Ujjyalo,probable,3753,,,metadata_candidate
Anuprastha - What To Do Kathmandu.mp3,Anuprastha - What To Do Kathmandu.mp3,anuprastha|what to do kathmandu,Anuprastha,What To Do Kathmandu,strong,880,880,,metadata_only
Anuprastha - Yatra.mp3,Anuprastha - Yatra.mp3,anuprastha|yatra,Anuprastha,Yatra,strong,2707,2707,,metadata_only
Anurag Kant - Bwari Nepali.mp3,Anurag Kant - Bwari Nepali.mp3,anurag kant|bwari nepali,Anurag Kant,Bwari Nepali,weak,207,,,metadata_candidate
Anurag Kant - Jaganto.mp3,Anurag Kant - Jaganto.mp3,anurag kant|jaganto,Anurag Kant,Jaganto,weak,1834,,,metadata_candidate
Anurag Kant - Mobile Phone.mp3,Anurag Kant - Mobile Phone.mp3,anurag kant|mobile phone,Anurag Kant,Mobile Phone,none,3555,,,metadata_candidate
"Anurag Kant, Anisha Ranghar - Gaadi Ma.mp3","Anurag Kant, Anisha Ranghar - Gaadi Ma.mp3",anurag kant anisha ranghar|gaadi ma,"Anurag Kant, Anisha Ranghar",Gaadi Ma,weak,3773,,,metadata_candidate
"Anurag Kant, Manju Nautiyal - Chandpur Ki Chandni.mp3","Anurag Kant, Manju Nautiyal - Chandpur Ki Chandni.mp3",anurag kant manju nautiyal|chandpur ki chandni,"Anurag Kant, Manju Nautiyal",Chandpur Ki Chandni,weak,3333,,,metadata_candidate
Anwar Hussain Wistaro - O Sajjan Sajjan Tunhji Moun Hik Galh Budhi Aa.mp3,Anwar Hussain Wistaro - O Sajjan Sajjan Tunhji Moun Hik Galh Budhi Aa.mp3,anwar hussain wistaro|o sajjan sajjan tunhji moun hik galh budhi aa,Anwar Hussain Wistaro,O Sajjan Sajjan Tunhji Moun Hik Galh Budhi Aa,none,,,,no_lyrics
Anxmus  - Resham Firiri remix (New year 2019 Special).m4a,Anxmus  - Resham Firiri remix (New year 2019 Special).m4a,anxmus music|anxmus resham firiri new year special,Anxmus Music,Anxmus  - Resham Firiri remix (New year 2019 Special),weak,1650,,,metadata_candidate
"Anxmus Music, Viss Ningthouja - Nepali Pan 3.0.mp3","Anxmus Music, Viss Ningthouja - Nepali Pan 3.0.mp3",anxmus music viss ningthouja|nepali pan 3 0,"Anxmus Music, Viss Ningthouja",Nepali Pan 3.0,weak,207,,,metadata_candidate
Anxmus x Utsav - Nepali Pan 2.0.mp3,Anxmus x Utsav - Nepali Pan 2.0.mp3,anxmus x utsav|nepali pan 2 0,Anxmus x Utsav,Nepali Pan 2.0,weak,207,,,metadata_candidate
"APA LAI MERO ｜ GHAMPANI Movie Tamang Selo Song Ft. Dayahang Rai, Keki Adhikari, Phul Kumar Bomjan.m4a","APA LAI MERO ｜ GHAMPANI Movie Tamang Selo Song Ft. Dayahang Rai, Keki Adhikari, Phul Kumar Bomjan.m4a",highlightsnepal|apa lai mero,HighlightsNepal,"APA LAI MERO | GHAMPANI Movie Tamang Selo Song Ft. Dayahang Rai, Keki Adhikari, Phul Kumar Bomjan",weak,1746,,,metadata_candidate
Argha Darbar films pvt preseent Basant lamsal & sirjana pokhrel new teej gee www.sangitsargam.com.mp3,Argha Darbar films pvt preseent Basant lamsal & sirjana pokhrel new teej gee www.sangitsargam.com.mp3,sangit sargam|argha darbar films pvt preseent basant lamsal sirjana pokhrel new teej gee,Sangit Sargam,Argha Darbar films pvt preseent Basant lamsal & sirjana pokhrel new teej gee www.sangitsargam.com,none,,,,no_lyrics
Argha Darbar Films Pvt Preseent Basant Lamsal & Sirjana Pokhrel New Teej Geet.ogg,Argha Darbar Films Pvt Preseent Basant Lamsal & Sirjana Pokhrel New Teej Geet.ogg,sangit sargam|argha darbar films pvt preseent basant lamsal sirjana pokhrel new teej geet,Sangit Sargam,Argha Darbar Films Pvt Preseent Basant Lamsal & Sirjana Pokhrel New Teej Geet,weak,2449,,,metadata_candidate
Arslan Ali Baloch - Sade Thi Gaye Sajjan Juda.mp3,Arslan Ali Baloch - Sade Thi Gaye Sajjan Juda.mp3,arslan ali baloch|sade thi gaye sajjan juda,Arslan Ali Baloch,Sade Thi Gaye Sajjan Juda,none,990,,,metadata_candidate
Arti Saini - Holi Khel Rahe Shiv Shankar Mata Parvati Ke Sang.mp3,Arti Saini - Holi Khel Rahe Shiv Shankar Mata Parvati Ke Sang.mp3,arti saini|holi khel rahe shiv shankar mata parvati ke sang,Arti Saini,Holi Khel Rahe Shiv Shankar Mata Parvati Ke Sang,weak,1543,,,metadata_candidate
Arun Sharma - Shiv Shankar Bhole Bhale.mp3,Arun Sharma - Shiv Shankar Bhole Bhale.mp3,arun sharma|shiv shankar bhole bhale,Arun Sharma,Shiv Shankar Bhole Bhale,probable,1543,,,metadata_candidate
Aruna Lama - Arule Haneko.mp3,Aruna Lama - Arule Haneko.mp3,aruna lama|arule haneko,Aruna Lama,Arule Haneko,strong,465,465,,metadata_only
Aruna Lama - Birahale Royeko.mp3,Aruna Lama - Birahale Royeko.mp3,aruna lama|birahale royeko,Aruna Lama,Birahale Royeko,strong,468,468,,metadata_only
Aruna Lama - Dherai Chot.mp3,Aruna Lama - Dherai Chot.mp3,aruna lama|dherai chot,Aruna Lama,Dherai Chot,strong,2061,2061,,metadata_only
Aruna Lama - Eaklai Basda.mp3,Aruna Lama - Eaklai Basda.mp3,aruna lama|eaklai basda,Aruna Lama,Eaklai Basda,strong,473,473,,metadata_only
Aruna Lama - Kahile Kahi.mp3,Aruna Lama - Kahile Kahi.mp3,aruna lama|kahile kahi,Aruna Lama,Kahile Kahi,strong,770,770,,metadata_only
Aruna Lama - Yati Dherai.mp3,Aruna Lama - Yati Dherai.mp3,aruna lama|yati dherai,Aruna Lama,Yati Dherai,strong,2061,2061,,metadata_only
Aruna Lama - Yetidherai.mp3,Aruna Lama - Yetidherai.mp3,aruna lama|yetidherai,Aruna Lama,Yetidherai,strong,506,506,,metadata_only
Aruna Lama - Yi Otha Timro.mp3,Aruna Lama - Yi Otha Timro.mp3,aruna lama|yi otha timro,Aruna Lama,Yi Otha Timro,weak,3614,,,metadata_candidate
Aruna Lama feat. Meera Rana - Hamra Saheb Ko.mp3,Aruna Lama feat. Meera Rana - Hamra Saheb Ko.mp3,aruna lama feat meera rana|hamra saheb ko,Aruna Lama feat. Meera Rana,Hamra Saheb Ko,weak,1721,,,metadata_candidate
"Aruna Lama, Amber Gurung, Raje - Pohor Saal.mp3","Aruna Lama, Amber Gurung, Raje - Pohor Saal.mp3",aruna lama amber gurung raje|pohor saal,"Aruna Lama, Amber Gurung, Raje",Pohor Saal,strong,493,493,,metadata_only
"Aruna Lama, Kumar Subba - Joban Ma Jogiyera.mp3","Aruna Lama, Kumar Subba - Joban Ma Jogiyera.mp3",aruna lama kumar subba|joban ma jogiyera,"Aruna Lama, Kumar Subba",Joban Ma Jogiyera,strong,3773,3773,,metadata_only
"Aruna Lama, Narayan Gopal - Timi Yeka Phool.mp3","Aruna Lama, Narayan Gopal - Timi Yeka Phool.mp3",aruna lama narayan gopal|timi yeka phool,"Aruna Lama, Narayan Gopal",Timi Yeka Phool,strong,752,752,,metadata_only
"Aruna Lama, Rudra Mani - Ye Kanchha Malai Sunko.mp3","Aruna Lama, Rudra Mani - Ye Kanchha Malai Sunko.mp3",aruna lama rudra mani|ye kanchha malai sunko,"Aruna Lama, Rudra Mani",Ye Kanchha Malai Sunko,weak,35,477,,lyrics_ambiguous_linked
Aruna Lama_ music - Ganesh Rat - Eklai Basda.mp3,Aruna Lama_ music - Ganesh Rat - Eklai Basda.mp3,aruna lama music ganesh rat|eklai basda,Aruna Lama: music - Ganesh Rat,Eklai Basda,strong,473,473,,metadata_only
Asha Ajhai - The Unity.m4a,Asha Ajhai - The Unity.m4a,g21 digital|asha ajhai the unity,G21 Digital,Asha Ajhai - The Unity,weak,3166,,,metadata_candidate
Asheek- BHOOL (New Nepali Rap 2019).m4a,Asheek- BHOOL (New Nepali Rap 2019).m4a,studio iox|asheek bhool new nepali rap,Studio iOX,Asheek- BHOOL (New Nepali Rap 2019),weak,192,,,metadata_candidate
Ashraf Ali - Sajjan Dubai Tour Gaye.mp3,Ashraf Ali - Sajjan Dubai Tour Gaye.mp3,ashraf ali|sajjan dubai tour gaye,Ashraf Ali,Sajjan Dubai Tour Gaye,none,990,,,metadata_candidate
Ashutosh KC - Behaal.mp3,Ashutosh KC - Behaal.mp3,ashutosh kc|behaal,Ashutosh KC,Behaal,weak,548,,,metadata_candidate
Ashutosh KC - Nepali.mp3,Ashutosh KC - Nepali.mp3,ashutosh kc|nepali,Ashutosh KC,Nepali,strong,207,207,,metadata_only
Asim Inayat - Sajjan Younan Tur Gaye.mp3,Asim Inayat - Sajjan Younan Tur Gaye.mp3,asim inayat|sajjan younan tur gaye,Asim Inayat,Sajjan Younan Tur Gaye,none,,,,no_lyrics
Astha Raut - Chaubandi Ma Patuki.mp3,Astha Raut - Chaubandi Ma Patuki.mp3,astha raut|chaubandi ma patuki,Astha Raut,Chaubandi Ma Patuki,strong,115,115,,metadata_only
Astha Raut - Chokho Chha Maya.mp3,Astha Raut - Chokho Chha Maya.mp3,astha raut|chokho chha maya,Astha Raut,Chokho Chha Maya,strong,526,526,,metadata_only
Astha Raut - Dashain Aayo Tihar Aayo.mp3,Astha Raut - Dashain Aayo Tihar Aayo.mp3,astha raut|dashain aayo tihar aayo,Astha Raut,Dashain Aayo Tihar Aayo,strong,892,892,,metadata_only
Astha Raut - Jhaljhal Garne Company Mala.mp3,Astha Raut - Jhaljhal Garne Company Mala.mp3,astha raut|jhaljhal garne company mala,Astha Raut,Jhaljhal Garne Company Mala,weak,865,,A-6e19f3ec4e,new_lyrics
Astha Raut - Ko Chha Yaha.mp3,Astha Raut - Ko Chha Yaha.mp3,astha raut|ko chha yaha,Astha Raut,Ko Chha Yaha,strong,117,117,,metadata_only
Attaullah Khan - Sajjan Maraindin Hin Thi Mout Day Naa Wainday.mp3,Attaullah Khan - Sajjan Maraindin Hin Thi Mout Day Naa Wainday.mp3,attaullah khan|sajjan maraindin hin thi mout day naa wainday,Attaullah Khan,Sajjan Maraindin Hin Thi Mout Day Naa Wainday,none,,,,no_lyrics
Attaullah Khan Esakhelvi - Meda Dhol Sajjan.mp3,Attaullah Khan Esakhelvi - Meda Dhol Sajjan.mp3,attaullah khan esakhelvi|meda dhol sajjan,Attaullah Khan Esakhelvi,Meda Dhol Sajjan,none,,,,no_lyrics
Aundai chu -MistaH K (Nepsydaz)& Prayom Official Music Video.m4a,Aundai chu -MistaH K (Nepsydaz)& Prayom Official Music Video.m4a,uckvzqfq0eivvb0r2s3yataa|aundai chu mistah k nepsydaz prayom,UCKvZqfQ0eIVvB0r2s3yaTaA,Aundai chu -MistaH K (Nepsydaz)& Prayom Official Music Video,none,,,,no_lyrics
Aviyukta - The Unity (NEPHOP).m4a,Aviyukta - The Unity (NEPHOP).m4a,pujan aryal|aviyukta the unity nephop,Pujan Aryal,Aviyukta - The Unity (NEPHOP),none,3938,,,metadata_candidate
Aviyukta.m4a,Aviyukta.m4a,release topic|aviyukta,Release - Topic,Aviyukta,none,,,,no_lyrics
AYG - CHALPALEY (Music Video) [Prod. @NISWONMUSIC ].m4a,AYG - CHALPALEY (Music Video) [Prod. @NISWONMUSIC ].m4a,ayg|ayg chalpaley,AYG,AYG - CHALPALEY (Music Video) [Prod. @NISWONMUSIC ],none,,,,no_lyrics
B-8EIGHT - Oh Na Na [Official Music Video].m4a,B-8EIGHT - Oh Na Na [Official Music Video].m4a,b8eight|b 8eight oh na na,b8eight,B-8EIGHT - Oh Na Na [Official Music Video],weak,1315,,,metadata_candidate
"Baani (Official Lyrical Video) - A Short Musical Journey ｜｜ Deenesh Chettri ｜｜ Ft. Aaryan, Karoona.m4a","Baani (Official Lyrical Video) - A Short Musical Journey ｜｜ Deenesh Chettri ｜｜ Ft. Aaryan, Karoona.m4a",osrdigital|baani a short musical journey,OSRDigital,"Baani (Official Lyrical Video) - A Short Musical Journey || Deenesh Chettri || Ft. Aaryan, Karoona",weak,3367,,,metadata_candidate
Baba Ma Aaye ｜｜ AA BATA AAMA Movie ｜｜ Tribute to Legendary Actor Pradeep Rawat Sir.m4a,Baba Ma Aaye ｜｜ AA BATA AAMA Movie ｜｜ Tribute to Legendary Actor Pradeep Rawat Sir.m4a,osrdigital|baba ma aaye,OSRDigital,Baba Ma Aaye || AA BATA AAMA Movie || Tribute to Legendary Actor Pradeep Rawat Sir,weak,3773,,,metadata_candidate
Baba Pakhrin feat. Anju Panta - Harpal.mp3,Baba Pakhrin feat. Anju Panta - Harpal.mp3,baba pakhrin feat anju panta|harpal,Baba Pakhrin feat. Anju Panta,Harpal,strong,110,110,,metadata_only
Babbu Maan - Sajjan Rumaal De Gaya.mp3,Babbu Maan - Sajjan Rumaal De Gaya.mp3,babbu maan|sajjan rumaal de gaya,Babbu Maan,Sajjan Rumaal De Gaya,weak,2653,,,metadata_candidate
Babbu Mann - Sajjan rumal de gia.mp3,Babbu Mann - Sajjan rumal de gia.mp3,babbu mann|sajjan rumal de gia,Babbu Mann,Sajjan rumal de gia,weak,2653,,,metadata_candidate
"Babita Mishra, Sanjeev Singh - Hilake Kamariya.mp3","Babita Mishra, Sanjeev Singh - Hilake Kamariya.mp3",babita mishra sanjeev singh|hilake kamariya,"Babita Mishra, Sanjeev Singh",Hilake Kamariya,weak,3878,,,metadata_candidate
Baby C'mon.m4a,Baby C'mon.m4a,ol dirty bastard|baby c mon,Ol' Dirty Bastard,Baby C'mon,none,1076,,,metadata_candidate
Baby Doll Durgesh Thapa ( Nepali ).mp3,Baby Doll Durgesh Thapa ( Nepali ).mp3,nepal tharu|baby doll durgesh thapa nepali,Nepal Tharu,Baby Doll Durgesh Thapa ( Nepali ),weak,207,,,metadata_candidate
"Bachunjel Runa Napare ｜｜ Rajesh Payel Rai, Annu Chaudhary ｜｜ Surbit Pandit, Gita, Smarika, Suresh.m4a","Bachunjel Runa Napare ｜｜ Rajesh Payel Rai, Annu Chaudhary ｜｜ Surbit Pandit, Gita, Smarika, Suresh.m4a",osrdigital|bachunjel runa napare,OSRDigital,"Bachunjel Runa Napare || Rajesh Payel Rai, Annu Chaudhary || Surbit Pandit, Gita, Smarika, Suresh",none,1077,,,metadata_candidate
Badala Bhitra Ko Chandra Jhai Timi - OldClassical - Geet Sansar.mp3,Badala Bhitra Ko Chandra Jhai Timi - OldClassical - Geet Sansar.mp3,archive org|badala bhitra ko chandra jhai timi oldclassical geet sansar,archive.org,Badala Bhitra Ko Chandra Jhai Timi - OldClassical - Geet Sansar,weak,752,,,metadata_candidate
"Badnami ｜｜ Ft. Kishor Paudel, Jahanwi Basnet, Khagendra Giri ｜｜ Alone -X ｜｜ New Nepali Song 2026.m4a","Badnami ｜｜ Ft. Kishor Paudel, Jahanwi Basnet, Khagendra Giri ｜｜ Alone -X ｜｜ New Nepali Song 2026.m4a",osrdigital|badnami,OSRDigital,"Badnami || Ft. Kishor Paudel, Jahanwi Basnet, Khagendra Giri || Alone -X || New Nepali Song 2026",weak,3593,,,metadata_candidate
bakemomo gurung Salaijo_By_Praveen_Gurung(128k).mp3.m4a,bakemomo gurung Salaijo_By_Praveen_Gurung(128k).mp3.m4a,suren malla|bakemomo gurung salaijo_by_praveen_gurung 128k mp3,suren malla,bakemomo gurung Salaijo_By_Praveen_Gurung(128k).mp3,none,,,,no_lyrics
"Baland Rai, Bimala Rai - Sahash Jutai.mp3","Baland Rai, Bimala Rai - Sahash Jutai.mp3",baland rai bimala rai|sahash jutai,"Baland Rai, Bimala Rai",Sahash Jutai,weak,170,,,metadata_candidate
BALEN X MC FLO X UNIQ POET - GORKHALI TOPH ｜ DJ De Mash Remix.m4a,BALEN X MC FLO X UNIQ POET - GORKHALI TOPH ｜ DJ De Mash Remix.m4a,de mash|balen x mc flo x uniq poet gorkhali toph,De Mash,BALEN X MC FLO X UNIQ POET - GORKHALI TOPH | DJ De Mash Remix,weak,1941,,,metadata_candidate
BAmbooWay - 01.First_step.mp3,BAmbooWay - 01.First_step.mp3,bambooway|01 first_step,BAmbooWay,01.First_step,none,,,,no_lyrics
BAmbooWay - _Nepali_ flute.mp3,BAmbooWay - _Nepali_ flute.mp3,bambooway|nepali flute,BAmbooWay,"""Nepali"" flute",weak,207,,,metadata_candidate
BAmbooWay - BansuriD_KI.mp3,BAmbooWay - BansuriD_KI.mp3,bambooway|bansurid_ki,BAmbooWay,BansuriD_KI,none,1078,,,metadata_candidate
BAmbooWay - BasPentas.mp3,BAmbooWay - BasPentas.mp3,bambooway|baspentas,BAmbooWay,BasPentas,weak,1626,,,metadata_candidate
BAmbooWay - Mubobi.mp3,BAmbooWay - Mubobi.mp3,bambooway|mubobi,BAmbooWay,Mubobi,none,3317,,,metadata_candidate
BAmbooWay - PentaOdin.mp3,BAmbooWay - PentaOdin.mp3,bambooway|pentaodin,BAmbooWay,PentaOdin,none,,,,no_lyrics
BambooWay - Ragashuba.mp3,BambooWay - Ragashuba.mp3,bambooway|ragashuba,BambooWay,Ragashuba,weak,3532,,,metadata_candidate
"Ban Ko Koili Banaima Ramayo ｜｜ BIGUL Nepali Movie 2026 Lok Song ｜｜ Yasraj Garach, Richa Thapa.m4a","Ban Ko Koili Banaima Ramayo ｜｜ BIGUL Nepali Movie 2026 Lok Song ｜｜ Yasraj Garach, Richa Thapa.m4a",osrdigital|ban ko koili banaima ramayo,OSRDigital,"Ban Ko Koili Banaima Ramayo || BIGUL Nepali Movie 2026 Lok Song || Yasraj Garach, Richa Thapa",weak,3283,,,metadata_candidate
Banai Khayo Dadhelo Le - OldClassical - Geet Sansar.mp3,Banai Khayo Dadhelo Le - OldClassical - Geet Sansar.mp3,archive org|banai khayo dadhelo le oldclassical geet sansar,archive.org,Banai Khayo Dadhelo Le - OldClassical - Geet Sansar,weak,1506,,,metadata_candidate
Banai Khayo Dadhelole - Original.ogg,Banai Khayo Dadhelole - Original.ogg,archive org|banai khayo dadhelole original,archive.org,Banai Khayo Dadhelole - Original,weak,2518,,,metadata_candidate
Banai Khayo Dhadheylo Ley Phatteman Rajbhandari.mp3,Banai Khayo Dhadheylo Ley Phatteman Rajbhandari.mp3,facemeu com|banai khayo dhadheylo ley phatteman rajbhandari,Facemeu.com,Banai Khayo Dhadheylo Ley Phatteman Rajbhandari,weak,2518,,,metadata_candidate
Band of Life - Nepali Peace Prayer.mp3,Band of Life - Nepali Peace Prayer.mp3,band of life|nepali peace prayer,Band of Life,Nepali Peace Prayer,weak,207,,,metadata_candidate
"Banga Banga ｜｜ BALIDAN Nepali Movie Official Song 2025 ｜｜ Samir Bhatta, Santosh Sen, Sunil Chhetri.m4a","Banga Banga ｜｜ BALIDAN Nepali Movie Official Song 2025 ｜｜ Samir Bhatta, Santosh Sen, Sunil Chhetri.m4a",osrdigital|banga banga,OSRDigital,"Banga Banga || BALIDAN Nepali Movie Official Song 2025 || Samir Bhatta, Santosh Sen, Sunil Chhetri",weak,16,,,metadata_candidate
BANJARA (LENGI CHORI) TEEJ TRENDING SONG REMIX BY DJ RAHUL NRJ & DJ MOHAN SONU - DJ ANIL TINKU.m4a,BANJARA (LENGI CHORI) TEEJ TRENDING SONG REMIX BY DJ RAHUL NRJ & DJ MOHAN SONU - DJ ANIL TINKU.m4a,dj anil tinku in the mix|banjara lengi chori teej trending song by dj rahul nrj dj mohan sonu dj anil tinku,Dj Anil Tinku × In The Mix,BANJARA (LENGI CHORI) TEEJ TRENDING SONG REMIX BY DJ RAHUL NRJ & DJ MOHAN SONU - DJ ANIL TINKU,weak,3058,,,metadata_candidate
Banjara Teej Dj Song Remix Dj Dilip Kalwakurthy.m4a,Banjara Teej Dj Song Remix Dj Dilip Kalwakurthy.m4a,dj dilip kalwakurthy 2|banjara teej dj song dj dilip kalwakurthy,DJ DILIP KALWAKURTHY 2,Banjara Teej Dj Song Remix Dj Dilip Kalwakurthy,weak,3163,,,metadata_candidate
Banjara Teej Song Dj Version Banjara Folk Song Mix Dj SaiDul Esn.m4a,Banjara Teej Song Dj Version Banjara Folk Song Mix Dj SaiDul Esn.m4a,dj saidul esn|banjara teej song dj version banjara folk song mix dj saidul esn,Dj SaiDul Esn,Banjara Teej Song Dj Version Banjara Folk Song Mix Dj SaiDul Esn,weak,520,,,metadata_candidate
BANJARA TEEJ SONG TABALA MIX REMIX BY DJ TAUSEF RG X SIDDU NS.mp3.m4a,BANJARA TEEJ SONG TABALA MIX REMIX BY DJ TAUSEF RG X SIDDU NS.mp3.m4a,dj tauseef rg 03|banjara teej song tabala mix by dj tausef rg x siddu ns mp3,Dj Tauseef Rg 03,BANJARA TEEJ SONG TABALA MIX REMIX BY DJ TAUSEF RG X SIDDU NS.mp3,weak,3163,,,metadata_candidate
"Banko Baato ｜｜ Ft. Sudhir Raazz Shrestha, Miss Pabi ｜｜ New Nepali Song 2026 ⧸ 2082.m4a","Banko Baato ｜｜ Ft. Sudhir Raazz Shrestha, Miss Pabi ｜｜ New Nepali Song 2026 ⧸ 2082.m4a",osrdigital|banko baato,OSRDigital,"Banko Baato || Ft. Sudhir Raazz Shrestha, Miss Pabi || New Nepali Song 2026 / 2082",weak,3518,,,metadata_candidate
"Bansata Sapkota, Melina Rai - Chhineko Kammar.mp3","Bansata Sapkota, Melina Rai - Chhineko Kammar.mp3",bansata sapkota melina rai|chhineko kammar,"Bansata Sapkota, Melina Rai",Chhineko Kammar,weak,1759,,,metadata_candidate
Bartan chori krdi hoi budhi.m4a,Bartan chori krdi hoi budhi.m4a,navneet kaur|bartan chori krdi hoi budhi,Navneet Kaur,Bartan chori krdi hoi budhi,weak,3058,,,metadata_candidate
Basanta nai basna khojchha yaha ｜ Yo Ho Mero Pran Bhanda Pyaro Maitighar ｜ Nepali Movie Maitighar.m4a,Basanta nai basna khojchha yaha ｜ Yo Ho Mero Pran Bhanda Pyaro Maitighar ｜ Nepali Movie Maitighar.m4a,hitechentertainment|basanta nai basna khojchha yaha,HiTechEntertainment,Basanta nai basna khojchha yaha | Yo Ho Mero Pran Bhanda Pyaro Maitighar | Nepali Movie Maitighar,weak,509,,,metadata_candidate
Basanta Nai Basna Khojchha ｜ Asha Bhosle ｜ Maitighar ｜ Nepali Movie Song.m4a,Basanta Nai Basna Khojchha ｜ Asha Bhosle ｜ Maitighar ｜ Nepali Movie Song.m4a,music nepal|basanta nai basna khojchha,Music Nepal,Basanta Nai Basna Khojchha | Asha Bhosle | Maitighar | Nepali Movie Song,probable,509,,,metadata_candidate
"Basanta Thapa, melina rai feat. sunil chhetri, alisha sharma - Udayo Pat Hurile.mp3","Basanta Thapa, melina rai feat. sunil chhetri, alisha sharma - Udayo Pat Hurile.mp3",basanta thapa melina rai feat sunil chhetri alisha sharma|udayo pat hurile,"Basanta Thapa, melina rai feat. sunil chhetri, alisha sharma",Udayo Pat Hurile,weak,307,,,metadata_candidate
"Basanti Rai, Anjana Rai, Sashi Chadra Rai, Rajesh Payal Rai - Sunkati Tola (2).mp3","Basanti Rai, Anjana Rai, Sashi Chadra Rai, Rajesh Payal Rai - Sunkati Tola (2).mp3",basanti rai anjana rai sashi chadra rai rajesh payal rai|sunkati tola,"Basanti Rai, Anjana Rai, Sashi Chadra Rai, Rajesh Payal Rai",Sunkati Tola,weak,1995,,,metadata_candidate
Bashir Mehkani - Tuhnja Garha Sajjan Galhra.mp3,Bashir Mehkani - Tuhnja Garha Sajjan Galhra.mp3,bashir mehkani|tuhnja garha sajjan galhra,Bashir Mehkani,Tuhnja Garha Sajjan Galhra,none,,,,no_lyrics
Basit Naeemi - Sajjan Pyarian De Raha Bhol Gaye Ni.mp3,Basit Naeemi - Sajjan Pyarian De Raha Bhol Gaye Ni.mp3,basit naeemi|sajjan pyarian de raha bhol gaye ni,Basit Naeemi,Sajjan Pyarian De Raha Bhol Gaye Ni,none,,,,no_lyrics
"Bato Chhekera ｜ RAM NAAM SATYA Movie Sad Song 2026 ｜ Biraj Bhatta, Divya Rayamajhi, Sushil Shrestha.m4a","Bato Chhekera ｜ RAM NAAM SATYA Movie Sad Song 2026 ｜ Biraj Bhatta, Divya Rayamajhi, Sushil Shrestha.m4a",osrdigital|bato chhekera,OSRDigital,"Bato Chhekera | RAM NAAM SATYA Movie Sad Song 2026 | Biraj Bhatta, Divya Rayamajhi, Sushil Shrestha",weak,1754,,,metadata_candidate
Bato Muni Ko Phool Full Song - Timilai Kunai Pal (HD) ‏.m4a,Bato Muni Ko Phool Full Song - Timilai Kunai Pal (HD) ‏.m4a,krishna banjara|bato muni ko phool timilai kunai pal,Krishna Banjara,Bato Muni Ko Phool Full Song - Timilai Kunai Pal (HD) ‏,probable,1555,,,metadata_candidate
"Beat Shamnit feat. Udhari Babu, Simran Shrivastava, Ankit Shady, Sanjeev Singh - Pradhan Ji Ke Nachaniya.mp3","Beat Shamnit feat. Udhari Babu, Simran Shrivastava, Ankit Shady, Sanjeev Singh - Pradhan Ji Ke Nachaniya.mp3",beat shamnit feat udhari babu simran shrivastava ankit shady sanjeev singh|pradhan ji ke nachaniya,"Beat Shamnit feat. Udhari Babu, Simran Shrivastava, Ankit Shady, Sanjeev Singh",Pradhan Ji Ke Nachaniya,weak,,,,no_lyrics
"BHAG BHAG NA DE ABA DHERAI DHAK - A MERO HAJUR 4 -MOVIE SONG -G BOB, SUHANA THAPA, ANMOL KC, NIRAJAN.m4a","BHAG BHAG NA DE ABA DHERAI DHAK - A MERO HAJUR 4 -MOVIE SONG -G BOB, SUHANA THAPA, ANMOL KC, NIRAJAN.m4a",budha subba digital|bhag bhag na de aba dherai dhak a mero hajur 4 movie song g bob suhana thapa anmol kc nirajan,Budha Subba Digital,"BHAG BHAG NA DE ABA DHERAI DHAK - A MERO HAJUR 4 -MOVIE SONG -G BOB, SUHANA THAPA, ANMOL KC, NIRAJAN",weak,1290,,,metadata_candidate
"Bhagwan Sabai Ko Hoina Ra ｜｜ PARVATI Movie Song 2026 ｜｜ Neeta Dhungana Adhikari, Ashok Darji.m4a","Bhagwan Sabai Ko Hoina Ra ｜｜ PARVATI Movie Song 2026 ｜｜ Neeta Dhungana Adhikari, Ashok Darji.m4a",osrdigital|bhagwan sabai ko hoina ra,OSRDigital,"Bhagwan Sabai Ko Hoina Ra || PARVATI Movie Song 2026 || Neeta Dhungana Adhikari, Ashok Darji",weak,1616,,,metadata_candidate
"Bhagya ｜ I AM JIT BAHADUR Movie Song 2026 (Sad Song) ｜ Jitu Nepal, Priyanka Karki, Barsha Raut.m4a","Bhagya ｜ I AM JIT BAHADUR Movie Song 2026 (Sad Song) ｜ Jitu Nepal, Priyanka Karki, Barsha Raut.m4a",osrdigital|bhagya,OSRDigital,"Bhagya | I AM JIT BAHADUR Movie Song 2026 (Sad Song) | Jitu Nepal, Priyanka Karki, Barsha Raut",weak,37,,,metadata_candidate
Bhagyamaani - The Hulaki ｜ Official Music Video ｜  भाग्यमानी.m4a,Bhagyamaani - The Hulaki ｜ Official Music Video ｜  भाग्यमानी.m4a,hulaki and chinoétales productions|bhagyamaani the hulaki,Hulaki and Chinoétales Productions,Bhagyamaani - The Hulaki | Official Music Video |  भाग्यमानी,weak,2925,,,metadata_candidate
Bhaktaraj Acharya - Sunaulo Gham.mp3,Bhaktaraj Acharya - Sunaulo Gham.mp3,bhaktaraj acharya|sunaulo gham,Bhaktaraj Acharya,Sunaulo Gham,weak,3325,,,metadata_candidate
Bharat Nepali - Holiya Mela.mp3,Bharat Nepali - Holiya Mela.mp3,bharat nepali|holiya mela,Bharat Nepali,Holiya Mela,none,3845,,,metadata_candidate
Bharat Nepali - sarangi sarangi.mp3,Bharat Nepali - sarangi sarangi.mp3,bharat nepali|sarangi sarangi,Bharat Nepali,sarangi sarangi,probable,3558,,,metadata_candidate
Bharat Nepali - Tamang selo.mp3,Bharat Nepali - Tamang selo.mp3,bharat nepali|tamang selo,Bharat Nepali,Tamang selo,weak,137,,,metadata_candidate
Bharat Nepali Party - Basanta (Spring Season).mp3,Bharat Nepali Party - Basanta (Spring Season).mp3,bharat nepali party|basanta spring season,Bharat Nepali Party,Basanta (Spring Season),weak,1626,,,metadata_candidate
Bharat Nepali Party - Rajamati Kumati.mp3,Bharat Nepali Party - Rajamati Kumati.mp3,bharat nepali party|rajamati kumati,Bharat Nepali Party,Rajamati Kumati,weak,1512,,,metadata_candidate
Bhawani Singh Rajput - Shiv Shankar Ji Hanuman Huye.mp3,Bhawani Singh Rajput - Shiv Shankar Ji Hanuman Huye.mp3,bhawani singh rajput|shiv shankar ji hanuman huye,Bhawani Singh Rajput,Shiv Shankar Ji Hanuman Huye,weak,1543,,,metadata_candidate
BHIYA BHANER TEEJ BANJARAI SONG REMIX BY DJ SHIVA & DJ RAHUL & DJ BABLU MBNR.mp3.m4a,BHIYA BHANER TEEJ BANJARAI SONG REMIX BY DJ SHIVA & DJ RAHUL & DJ BABLU MBNR.mp3.m4a,dj bablu from mbnr|bhiya bhaner teej banjarai song by dj shiva dj rahul dj bablu mbnr mp3,DJ BABLU FROM MBNR,BHIYA BHANER TEEJ BANJARAI SONG REMIX BY DJ SHIVA & DJ RAHUL & DJ BABLU MBNR.mp3,weak,3163,,,metadata_candidate
Bhogindra Nepali - Bavale Lgave Ge Chhauri.mp3,Bhogindra Nepali - Bavale Lgave Ge Chhauri.mp3,bhogindra nepali|bavale lgave ge chhauri,Bhogindra Nepali,Bavale Lgave Ge Chhauri,none,,,,no_lyrics
Bhogindra Nepali - Piy Baba Bankes Gaja.mp3,Bhogindra Nepali - Piy Baba Bankes Gaja.mp3,bhogindra nepali|piy baba bankes gaja,Bhogindra Nepali,Piy Baba Bankes Gaja,weak,2372,,,metadata_candidate
"Bhola Rijal, Kunti Moktan - Bhet Hola Jaba.mp3","Bhola Rijal, Kunti Moktan - Bhet Hola Jaba.mp3",bhola rijal kunti moktan|bhet hola jaba,"Bhola Rijal, Kunti Moktan",Bhet Hola Jaba,strong,1823,1823,,metadata_only
"Bhola Rijal, Kunti Moktan - Hasi Deu Banpakha.mp3","Bhola Rijal, Kunti Moktan - Hasi Deu Banpakha.mp3",bhola rijal kunti moktan|hasi deu banpakha,"Bhola Rijal, Kunti Moktan",Hasi Deu Banpakha,weak,65,,,metadata_candidate
"Bhola Rijal, Kunti Moktan - Jati Marimete Pani.mp3","Bhola Rijal, Kunti Moktan - Jati Marimete Pani.mp3",bhola rijal kunti moktan|jati marimete pani,"Bhola Rijal, Kunti Moktan",Jati Marimete Pani,strong,2156,2156,,metadata_only
"Bhola Rijal, Kunti Moktan - Ma Hu Nepali.mp3","Bhola Rijal, Kunti Moktan - Ma Hu Nepali.mp3",bhola rijal kunti moktan|ma hu nepali,"Bhola Rijal, Kunti Moktan",Ma Hu Nepali,strong,207,207,,metadata_only
"Bhola Rijal, Kunti Moktan - Nari Purush.mp3","Bhola Rijal, Kunti Moktan - Nari Purush.mp3",bhola rijal kunti moktan|nari purush,"Bhola Rijal, Kunti Moktan",Nari Purush,weak,,,,no_lyrics
"Bhun Bhun Mahuri ｜ MITAJYU Nepali Movie Song 2026 ｜ Dayahang Rai, Saugat Malla, Rusha Neupane.m4a","Bhun Bhun Mahuri ｜ MITAJYU Nepali Movie Song 2026 ｜ Dayahang Rai, Saugat Malla, Rusha Neupane.m4a",osrdigital|bhun bhun mahuri,OSRDigital,"Bhun Bhun Mahuri | MITAJYU Nepali Movie Song 2026 | Dayahang Rai, Saugat Malla, Rusha Neupane",weak,920,,,metadata_candidate
Bhuri Singh Kushwah - Sajjan Tohy Karke Phone Bulaye Lungi.mp3,Bhuri Singh Kushwah - Sajjan Tohy Karke Phone Bulaye Lungi.mp3,bhuri singh kushwah|sajjan tohy karke phone bulaye lungi,Bhuri Singh Kushwah,Sajjan Tohy Karke Phone Bulaye Lungi,none,3555,,,metadata_candidate
Bhutanese song (nepali rap in bhutanese nepali way).m4a,Bhutanese song (nepali rap in bhutanese nepali way).m4a,xandon|bhutanese song nepali rap in bhutanese nepali way,XanDon,Bhutanese song (nepali rap in bhutanese nepali way),weak,207,,,metadata_candidate
BICHA BICHAMA 2.0 ｜ DURGESH THAPA ⧸BABINA KIRATEE ｜ BENISHA POUDEL ｜ NEW NEPALI TEEJ SONG 2026.m4a,BICHA BICHAMA 2.0 ｜ DURGESH THAPA ⧸BABINA KIRATEE ｜ BENISHA POUDEL ｜ NEW NEPALI TEEJ SONG 2026.m4a,durgesh thapa|bicha bichama 2 0,Durgesh Thapa,BICHA BICHAMA 2.0 | DURGESH THAPA /BABINA KIRATEE | BENISHA POUDEL | NEW NEPALI TEEJ SONG 2026,strong,1181,1181,,metadata_only
BIJEN MUSIC - GALKOT ｜ NEPALI RAP SONG ｜ TUKI RECORDS.m4a,BIJEN MUSIC - GALKOT ｜ NEPALI RAP SONG ｜ TUKI RECORDS.m4a,bijen music|bijen music galkot,BIJEN MUSIC,BIJEN MUSIC - GALKOT | NEPALI RAP SONG | TUKI RECORDS,none,,,,no_lyrics
Bikendra Karki - Nepali Gorkhali.mp3,Bikendra Karki - Nepali Gorkhali.mp3,bikendra karki|nepali gorkhali,Bikendra Karki,Nepali Gorkhali,weak,207,,,metadata_candidate
"Bikendra Karki, Nabal Rai - ilameli Kanchi.mp3","Bikendra Karki, Nabal Rai - ilameli Kanchi.mp3",bikendra karki nabal rai|ilameli kanchi,"Bikendra Karki, Nabal Rai",ilameli Kanchi,weak,1559,,,metadata_candidate
Bimala Rai - Aaja Pheri Manko Tar Jhan Jhanayo.mp3,Bimala Rai - Aaja Pheri Manko Tar Jhan Jhanayo.mp3,bimala rai|aaja pheri manko tar jhan jhanayo,Bimala Rai,Aaja Pheri Manko Tar Jhan Jhanayo,strong,144,144,,metadata_only
Bimala Rai - Hindoon Bhanchu.mp3,Bimala Rai - Hindoon Bhanchu.mp3,bimala rai|hindoon bhanchu,Bimala Rai,Hindoon Bhanchu,probable,3425,,,metadata_candidate
Bimala Rai - Jivan Rangilo Banaunalai.mp3,Bimala Rai - Jivan Rangilo Banaunalai.mp3,bimala rai|jivan rangilo banaunalai,Bimala Rai,Jivan Rangilo Banaunalai,weak,2447,,,metadata_candidate
Bimala Rai - K Bho Ra.mp3,Bimala Rai - K Bho Ra.mp3,bimala rai|k bho ra,Bimala Rai,K Bho Ra,weak,3634,,,metadata_candidate
Bimala Rai - Malai Launa Man Lagyo.mp3,Bimala Rai - Malai Launa Man Lagyo.mp3,bimala rai|malai launa man lagyo,Bimala Rai,Malai Launa Man Lagyo,probable,451,,,metadata_candidate
Bimala Rai - Mannko Nischalta.mp3,Bimala Rai - Mannko Nischalta.mp3,bimala rai|mannko nischalta,Bimala Rai,Mannko Nischalta,probable,3678,,,metadata_candidate
Bimala Rai - Mero Hajur Aauna.mp3,Bimala Rai - Mero Hajur Aauna.mp3,bimala rai|mero hajur aauna,Bimala Rai,Mero Hajur Aauna,strong,2386,2386,,metadata_only
Bimala Rai - Pahad Tero Jyan Baru Malai Deu.mp3,Bimala Rai - Pahad Tero Jyan Baru Malai Deu.mp3,bimala rai|pahad tero jyan baru malai deu,Bimala Rai,Pahad Tero Jyan Baru Malai Deu,strong,35,35,,metadata_only
Bimala Rai - Samayle Diyeka Bethaharu.mp3,Bimala Rai - Samayle Diyeka Bethaharu.mp3,bimala rai|samayle diyeka bethaharu,Bimala Rai,Samayle Diyeka Bethaharu,weak,,,,no_lyrics
Bimala Rai - Shuha Kamana Yo Hirdayko Mero.mp3,Bimala Rai - Shuha Kamana Yo Hirdayko Mero.mp3,bimala rai|shuha kamana yo hirdayko mero,Bimala Rai,Shuha Kamana Yo Hirdayko Mero,weak,507,,,metadata_candidate
"Bimala Rai, Ananda Karki - Rim Jhim.mp3","Bimala Rai, Ananda Karki - Rim Jhim.mp3",bimala rai ananda karki|rim jhim,"Bimala Rai, Ananda Karki",Rim Jhim,weak,1100,,,metadata_candidate
"Bimala Rai, Om Bikram Bista - Timro Muskan Bhitra.mp3","Bimala Rai, Om Bikram Bista - Timro Muskan Bhitra.mp3",bimala rai om bikram bista|timro muskan bhitra,"Bimala Rai, Om Bikram Bista",Timro Muskan Bhitra,strong,258,258,,metadata_only
"Bimala Rai, Sukmit Gurung - Maan Kina.mp3","Bimala Rai, Sukmit Gurung - Maan Kina.mp3",bimala rai sukmit gurung|maan kina,"Bimala Rai, Sukmit Gurung",Maan Kina,strong,862,862,,metadata_only
"Binod Khambu, Melina rai - Timi mero jindagi.mp3","Binod Khambu, Melina rai - Timi mero jindagi.mp3",binod khambu melina rai|timi mero jindagi,"Binod Khambu, Melina rai",Timi mero jindagi,strong,752,752,,metadata_only
"Binod Khumbu, Astha Raut - Yo Mero Nata Jodiyo.mp3","Binod Khumbu, Astha Raut - Yo Mero Nata Jodiyo.mp3",binod khumbu astha raut|yo mero nata jodiyo,"Binod Khumbu, Astha Raut",Yo Mero Nata Jodiyo,weak,507,,,metadata_candidate
Binodkumar Rai & Nepali Group - Jham Jham Pareli (2).mp3,Binodkumar Rai & Nepali Group - Jham Jham Pareli (2).mp3,binodkumar rai nepali group|jham jham pareli,Binodkumar Rai & Nepali Group,Jham Jham Pareli,weak,1790,,,metadata_candidate
Binodkumar Rai & Nepali Group - Naini Tal.mp3,Binodkumar Rai & Nepali Group - Naini Tal.mp3,binodkumar rai nepali group|naini tal,Binodkumar Rai & Nepali Group,Naini Tal,weak,243,,,metadata_candidate
Bipul Chettri - 02 Allarey Jovan.mp3,Bipul Chettri - 02 Allarey Jovan.mp3,bipul chettri|02 allarey jovan,Bipul Chettri,02 Allarey Jovan,probable,756,,,metadata_candidate
Bipul Chettri - 03 Mann.mp3,Bipul Chettri - 03 Mann.mp3,bipul chettri|03 mann,Bipul Chettri,03 Mann,strong,772,772,,metadata_only
Bipul Chettri - Aasar.mp3,Bipul Chettri - Aasar.mp3,bipul chettri|aasar,Bipul Chettri,Aasar,strong,754,754,,metadata_only
Bipul Chettri - Aashish.mp3,Bipul Chettri - Aashish.mp3,bipul chettri|aashish,Bipul Chettri,Aashish,strong,755,755,,metadata_only
Bipul Chettri - Basant.mp3,Bipul Chettri - Basant.mp3,bipul chettri|basant,Bipul Chettri,Basant,strong,1626,1626,,metadata_only
Bipul Chettri - Bhaans Ghari.mp3,Bipul Chettri - Bhaans Ghari.mp3,bipul chettri|bhaans ghari,Bipul Chettri,Bhaans Ghari,strong,758,758,,metadata_only
Bipul Chettri - Deorali Darah.mp3,Bipul Chettri - Deorali Darah.mp3,bipul chettri|deorali darah,Bipul Chettri,Deorali Darah,strong,764,764,,metadata_only
Bipul Chettri - Gahiro Gahiro.mp3,Bipul Chettri - Gahiro Gahiro.mp3,bipul chettri|gahiro gahiro,Bipul Chettri,Gahiro Gahiro,strong,766,766,,metadata_only
Bipul Chettri - Junkeri.mp3,Bipul Chettri - Junkeri.mp3,bipul chettri|junkeri,Bipul Chettri,Junkeri,strong,768,768,,metadata_only
Bipul Chettri - Katai Uslai.mp3,Bipul Chettri - Katai Uslai.mp3,bipul chettri|katai uslai,Bipul Chettri,Katai Uslai,strong,771,771,,metadata_only
Bipul Chettri - Mughlan.mp3,Bipul Chettri - Mughlan.mp3,bipul chettri|mughlan,Bipul Chettri,Mughlan,strong,3207,3207,,metadata_only
Bipul Chettri - Naya Din.mp3,Bipul Chettri - Naya Din.mp3,bipul chettri|naya din,Bipul Chettri,Naya Din,strong,777,777,,metadata_only
Bipul Chettri - Neela Akash.mp3,Bipul Chettri - Neela Akash.mp3,bipul chettri|neela akash,Bipul Chettri,Neela Akash,strong,779,779,,metadata_only
Bipul Chettri - Samaya.mp3,Bipul Chettri - Samaya.mp3,bipul chettri|samaya,Bipul Chettri,Samaya,strong,784,784,,metadata_only
Bipul Chettri - Samsara.mp3,Bipul Chettri - Samsara.mp3,bipul chettri|samsara,Bipul Chettri,Samsara,strong,785,785,,metadata_only
Bipul Chettri - Syndicate.mp3,Bipul Chettri - Syndicate.mp3,bipul chettri|syndicate,Bipul Chettri,Syndicate,strong,788,788,,metadata_only
Bipul Chettri - Teesta.mp3,Bipul Chettri - Teesta.mp3,bipul chettri|teesta,Bipul Chettri,Teesta,strong,789,789,,metadata_only
Bipul chettri - Wildfire-dadelo.mp3,Bipul chettri - Wildfire-dadelo.mp3,bipul chettri|wildfire dadelo,Bipul chettri,Wildfire-dadelo,strong,790,790,,metadata_only
"Biraj Gautam, Melina Rai - Aaja Hamro Bhet Bhako Dina.mp3","Biraj Gautam, Melina Rai - Aaja Hamro Bhet Bhako Dina.mp3",biraj gautam melina rai|aaja hamro bhet bhako dina,"Biraj Gautam, Melina Rai",Aaja Hamro Bhet Bhako Dina,strong,144,144,,metadata_only
Birata Ko Chino Narayan Gopal Lahure YouTube.m4a,Birata Ko Chino Narayan Gopal Lahure YouTube.m4a,nepali bishnu|birata ko chino narayan gopal lahure youtube,nepali.bishnu,Birata Ko Chino Narayan Gopal Lahure YouTube,weak,899,,,metadata_candidate
Biratako Chino ｜ वीरताको चिनो ｜  लाहुरे ｜ Nepali Movie Lahure Song ｜ Lahure ｜ Narayan Gopal.m4a,Biratako Chino ｜ वीरताको चिनो ｜  लाहुरे ｜ Nepali Movie Lahure Song ｜ Lahure ｜ Narayan Gopal.m4a,hitechentertainment|biratako chino,HiTechEntertainment,Biratako Chino | वीरताको चिनो |  लाहुरे | Nepali Movie Lahure Song | Lahure | Narayan Gopal,weak,2172,,,metadata_candidate
Bishnu majhi teej song 2070 vinaju palkera Putali ko vatti.ogg,Bishnu majhi teej song 2070 vinaju palkera Putali ko vatti.ogg,archive org|bishnu majhi teej song vinaju palkera putali ko vatti,archive.org,Bishnu majhi teej song 2070 vinaju palkera Putali ko vatti,weak,517,,,metadata_candidate
Bishnu Majhi Teej Song 2070 Vinaju.mp3,Bishnu Majhi Teej Song 2070 Vinaju.mp3,bjdjrock|bishnu majhi teej song vinaju,BjDjRock,Bishnu Majhi Teej Song 2070 Vinaju,weak,3163,,,metadata_candidate
bishnu_majhi_teej_song_2070_vinaju_palkera_putali_ko_vatti_-9_fm_cd_crbt0130041628prbt-60447820_www.Devchuli6.com.mp3,bishnu_majhi_teej_song_2070_vinaju_palkera_putali_ko_vatti_-9_fm_cd_crbt0130041628prbt-60447820_www.Devchuli6.com.mp3,archive org|bishnu_majhi_teej_song_2070_vinaju_palkera_putali_ko_vatti_ 9_fm_cd_crbt0130041628prbt 60447820_,archive.org,bishnu_majhi_teej_song_2070_vinaju_palkera_putali_ko_vatti_-9_fm_cd_crbt0130041628prbt-60447820_www.Devchuli6.com,none,,,,no_lyrics
Bisho Nepali - Maile Timilai.mp3,Bisho Nepali - Maile Timilai.mp3,bisho nepali|maile timilai,Bisho Nepali,Maile Timilai,weak,306,,,metadata_candidate
Bishow Nepali - Duri Baddai Gayo.mp3,Bishow Nepali - Duri Baddai Gayo.mp3,bishow nepali|duri baddai gayo,Bishow Nepali,Duri Baddai Gayo,weak,3542,,,metadata_candidate
Bishow Nepali - Ekai Muthi.mp3,Bishow Nepali - Ekai Muthi.mp3,bishow nepali|ekai muthi,Bishow Nepali,Ekai Muthi,weak,2153,,,metadata_candidate
"Bityo Raat Samjhida ｜｜ Ramesh Chhetri, Malaika Basnet ｜｜ Binay Karki Chhetri, Anjana Saru ｜｜ Song.m4a","Bityo Raat Samjhida ｜｜ Ramesh Chhetri, Malaika Basnet ｜｜ Binay Karki Chhetri, Anjana Saru ｜｜ Song.m4a",osrdigital|bityo raat samjhida,OSRDigital,"Bityo Raat Samjhida || Ramesh Chhetri, Malaika Basnet || Binay Karki Chhetri, Anjana Saru || Song",weak,2141,,,metadata_candidate
BLUEPRINT.TV - Unik Poet - Stand Up Ft. Aid Ray ＊＊＊Mixtape Exclusive＊＊＊.m4a,BLUEPRINT.TV - Unik Poet - Stand Up Ft. Aid Ray ＊＊＊Mixtape Exclusive＊＊＊.m4a,blueprint tv|blueprint tv unik poet stand up ft aid ray mixtape exclusive,Blueprint.TV,BLUEPRINT.TV - Unik Poet - Stand Up Ft. Aid Ray ***Mixtape Exclusive***,weak,171,,,metadata_candidate
Bluesss feat. Yabesh Thapa - Nila Nila Aakash.mp3,Bluesss feat. Yabesh Thapa - Nila Nila Aakash.mp3,bluesss feat yabesh thapa|nila nila aakash,Bluesss feat. Yabesh Thapa,Nila Nila Aakash,strong,1937,1937,,metadata_only
"Bluesss ft - Lil Buddha, VTEN La la La La (new rap song).m4a","Bluesss ft - Lil Buddha, VTEN La la La La (new rap song).m4a",suraj|bluesss ft lil buddha vten la la la la new rap song,suraj,"Bluesss ft - Lil Buddha, VTEN La la La La (new rap song)",strong,840,840,,metadata_only
"Bluesss ft. Lil Buddha, VTEN - La La La La ｜｜ DJ DE MASH REMIX.m4a","Bluesss ft. Lil Buddha, VTEN - La La La La ｜｜ DJ DE MASH REMIX.m4a",de mash|bluesss ft lil buddha vten la la la la,De Mash,"Bluesss ft. Lil Buddha, VTEN - La La La La || DJ DE MASH REMIX",weak,840,,,metadata_candidate
"Bluesss, Lil Buddha, VTEN - La La La La (Remix) (2).mp3","Bluesss, Lil Buddha, VTEN - La La La La (Remix) (2).mp3",bluesss lil buddha vten|la la la la,"Bluesss, Lil Buddha, VTEN",La La La La (Remix),strong,840,840,,metadata_only
BoB FeaT eL RoGi [[[ Le jour suivant ]]] _ Rap aLgerien 2017_.mp3,BoB FeaT eL RoGi [[[ Le jour suivant ]]] _ Rap aLgerien 2017_.mp3,el rogi|bob feat el rogi le jour suivant _ rap algerien 2017_,EL RoGi,BoB FeaT eL RoGi [[[ Le jour suivant ]]] _ Rap aLgerien 2017_,none,,,,no_lyrics
Brick City ⧸⧸ Nepali Street Rap ⧸⧸ Anonymous Who ⧸⧸ Aid Ray ⧸⧸ Yama Buddha ⧸⧸ Nishan.m4a,Brick City ⧸⧸ Nepali Street Rap ⧸⧸ Anonymous Who ⧸⧸ Aid Ray ⧸⧸ Yama Buddha ⧸⧸ Nishan.m4a,music lover|brick city nepali street rap anonymous who aid ray yama buddha nishan,Music Lover,Brick City // Nepali Street Rap // Anonymous Who // Aid Ray // Yama Buddha // Nishan,weak,207,,,metadata_candidate
Brooklyn Zoo.m4a,Brooklyn Zoo.m4a,ol dirty bastard|brooklyn zoo,Ol' Dirty Bastard,Brooklyn Zoo,none,,,,no_lyrics
Brosis Band - China company nepali song.mp3,Brosis Band - China company nepali song.mp3,brosis band|china company,Brosis Band,China company nepali song,strong,865,865,,metadata_only
Brum Brum.m4a,Brum Brum.m4a,lil jhola|brum brum,Lil Jhola,Brum Brum,weak,1576,,,metadata_candidate
"Budaa Budi ｜｜ Prakash Poudel ｜｜ Ft. Kamal Singh, Sakshi Lamsal ｜｜ New Nepali Song 2025.m4a","Budaa Budi ｜｜ Prakash Poudel ｜｜ Ft. Kamal Singh, Sakshi Lamsal ｜｜ New Nepali Song 2025.m4a",osrdigital|budaa budi,OSRDigital,"Budaa Budi || Prakash Poudel || Ft. Kamal Singh, Sakshi Lamsal || New Nepali Song 2025",weak,921,,,metadata_candidate
Buddha Creed (ft. Lil Buddha).mp3,Buddha Creed (ft. Lil Buddha).mp3,j drizzle|buddha creed ft lil buddha,J Drizzle,Buddha Creed (ft. Lil Buddha),weak,1331,,,metadata_candidate
BUDHA BUDHI KHELILE BATTI.m4a,BUDHA BUDHI KHELILE BATTI.m4a,subodhabishoyi|budha budhi khelile batti,subodhabishoyi,BUDHA BUDHI KHELILE BATTI,none,1991,,,metadata_candidate
Budha budhi koraputia song.m4a,Budha budhi koraputia song.m4a,koraputia desia songs|budha budhi koraputia song,koraputia desia songs,Budha budhi koraputia song,weak,3163,,,metadata_candidate
Budhi aama ra unko chhoro.mp3,Budhi aama ra unko chhoro.mp3,anup joshi|budhi aama ra unko chhoro,Anup Joshi,Budhi aama ra unko chhoro,weak,1007,,,metadata_candidate
"Budhi Ghodi Laal Lagam-Amiri Garibi 1989 Full Video Rare Song, Rakha.m4a","Budhi Ghodi Laal Lagam-Amiri Garibi 1989 Full Video Rare Song, Rakha.m4a",chand lamhe fursat ke|budhi ghodi laal lagam amiri garibi full video rare song rakha,Chand Lamhe Fursat Ke,"Budhi Ghodi Laal Lagam-Amiri Garibi 1989 Full Video Rare Song, Rakha",weak,3163,,,metadata_candidate
Budhi Ghodi Lal Lagaam.m4a,Budhi Ghodi Lal Lagaam.m4a,alka yagnik|budhi ghodi lal lagaam,Alka Yagnik,Budhi Ghodi Lal Lagaam,weak,,,,no_lyrics
Budhi Ghorhi Lal Lagam - Amar Singh Chamkila & Amarjot.m4a,Budhi Ghorhi Lal Lagam - Amar Singh Chamkila & Amarjot.m4a,desihifi|budhi ghorhi lal lagam amar singh chamkila amarjot,DesiHiFi,Budhi Ghorhi Lal Lagam - Amar Singh Chamkila & Amarjot,none,,,,no_lyrics
Budhi lugai Masti fagun main.m4a,Budhi lugai Masti fagun main.m4a,sanjay kumar|budhi lugai masti fagun main,sanjay kumar,Budhi lugai Masti fagun main,none,2725,,,metadata_candidate
Budhi Nani Domkoich Song ! Tema Chengi Video ! Adivasi Domkoich Song by Karan Tanti & Sunita Bonia.m4a,Budhi Nani Domkoich Song ! Tema Chengi Video ! Adivasi Domkoich Song by Karan Tanti & Sunita Bonia.m4a,tanti production|budhi nani domkoich song tema chengi video adivasi domkoich song by karan tanti sunita bonia,TANTI Production,Budhi Nani Domkoich Song ! Tema Chengi Video ! Adivasi Domkoich Song by Karan Tanti & Sunita Bonia,weak,1995,,,metadata_candidate
Budhi Singh feat. Ram Jps Thakur - Jai Hari Narayan.mp3,Budhi Singh feat. Ram Jps Thakur - Jai Hari Narayan.mp3,budhi singh feat ram jps thakur|jai hari narayan,Budhi Singh feat. Ram Jps Thakur,Jai Hari Narayan,weak,1752,,,metadata_candidate
Bujhideu.m4a,Bujhideu.m4a,vten|bujhideu,VTEN,Bujhideu,strong,3149,3149,,metadata_only
Burnt Sherpa - Florida Room.mp3,Burnt Sherpa - Florida Room.mp3,burnt sherpa|florida room,Burnt Sherpa,Florida Room,none,,,,no_lyrics
Burung Biru Jadi Laut Biru.m4a,Burung Biru Jadi Laut Biru.m4a,akkun|burung biru jadi laut biru,Akkun,Burung Biru Jadi Laut Biru,none,1327,,,metadata_candidate
Burung Kakak Tua.mp3,Burung Kakak Tua.mp3,akbar julio|burung kakak tua,akbar julio,Burung Kakak Tua,none,,,,no_lyrics
Cane Drizzle Ft. Buddha - Lil Bihh.m4a,Cane Drizzle Ft. Buddha - Lil Bihh.m4a,buddha|cane drizzle ft buddha lil bihh,Buddha,Cane Drizzle Ft. Buddha - Lil Bihh,weak,3051,,,metadata_candidate
"CD Vijaya Adhikari, Samikshya Adhikari - Nepali Lok Dohori Song Oileejharne Phool.mp3","CD Vijaya Adhikari, Samikshya Adhikari - Nepali Lok Dohori Song Oileejharne Phool.mp3",cd vijaya adhikari samikshya adhikari|nepali lok dohori song oileejharne phool,"CD Vijaya Adhikari, Samikshya Adhikari",Nepali Lok Dohori Song Oileejharne Phool,strong,207,207,,metadata_only
Chainejo Jindaganima ｜ Movie Song [ऊनको स्वीटर] Sujan Chapagain ｜ Salina B.K ｜ Alex & Parikshya.m4a,Chainejo Jindaganima ｜ Movie Song [ऊनको स्वीटर] Sujan Chapagain ｜ Salina B.K ｜ Alex & Parikshya.m4a,artmandu|chainejo jindaganima,ARTMANDU,Chainejo Jindaganima | Movie Song [ऊनको स्वीटर] Sujan Chapagain | Salina B.K | Alex & Parikshya,weak,1759,,A-cbcf93e0d0,new_lyrics
Chal Budhi Tu.m4a,Chal Budhi Tu.m4a,pawan singh official|chal budhi tu,Pawan Singh Official,Chal Budhi Tu,weak,2073,,,metadata_candidate
"Chanda Devi, Deepak Limbu - Chham Kya Chhamma.mp3","Chanda Devi, Deepak Limbu - Chham Kya Chhamma.mp3",chanda devi deepak limbu|chham kya chhamma,"Chanda Devi, Deepak Limbu",Chham Kya Chhamma,weak,3760,,,metadata_candidate
Chandan Nepali - Tikuli Me Atkal Paran.mp3,Chandan Nepali - Tikuli Me Atkal Paran.mp3,chandan nepali|tikuli me atkal paran,Chandan Nepali,Tikuli Me Atkal Paran,none,2252,,,metadata_candidate
"CHANGUL ｜｜ Movie Official Title Song 2026 ｜｜ Ravi Karki, O Negative, Sandesh Poudel, Vikram Karki.m4a","CHANGUL ｜｜ Movie Official Title Song 2026 ｜｜ Ravi Karki, O Negative, Sandesh Poudel, Vikram Karki.m4a",osrdigital|changul,OSRDigital,"CHANGUL || Movie Official Title Song 2026 || Ravi Karki, O Negative, Sandesh Poudel, Vikram Karki",weak,475,,,metadata_candidate
"Chassa Bari Lai ｜｜ Melina Rai ｜｜ Ft. Pooja Adhikari, Ananda Singh ｜｜ New Nepali Song 2026 ⧸ 2083.m4a","Chassa Bari Lai ｜｜ Melina Rai ｜｜ Ft. Pooja Adhikari, Ananda Singh ｜｜ New Nepali Song 2026 ⧸ 2083.m4a",osrdigital|chassa bari lai,OSRDigital,"Chassa Bari Lai || Melina Rai || Ft. Pooja Adhikari, Ananda Singh || New Nepali Song 2026 / 2083",weak,1746,,,metadata_candidate
Chayechha Basanta - nepali songs.mp3,Chayechha Basanta - nepali songs.mp3,chayechha basanta|s,Chayechha Basanta,nepali songs,strong,154,154,,metadata_only
Chetan Rajali Hamro Maya Salaijo MUSIC BANK 235 44.mp3,Chetan Rajali Hamro Maya Salaijo MUSIC BANK 235 44.mp3,archive org|chetan rajali hamro maya salaijo music bank 235 44,archive.org,Chetan Rajali Hamro Maya Salaijo MUSIC BANK 235 44,weak,526,,,metadata_candidate
Chetna - Phool Tumhe Shradha Ke Arpan Hey Shiv Shankar Tripurari.mp3,Chetna - Phool Tumhe Shradha Ke Arpan Hey Shiv Shankar Tripurari.mp3,chetna|phool tumhe shradha ke arpan hey shiv shankar tripurari,Chetna,Phool Tumhe Shradha Ke Arpan Hey Shiv Shankar Tripurari,weak,3465,,,metadata_candidate
"Chha Gajal, Ji Gajal (Classic Newari Song) By Fatte Man Rajbhandari.mp3","Chha Gajal, Ji Gajal (Classic Newari Song) By Fatte Man Rajbhandari.mp3",musicnme|chha gajal ji gajal classic newari song by fatte man rajbhandari,MUSICnMe,"Chha Gajal, Ji Gajal (Classic Newari Song) By Fatte Man Rajbhandari",weak,3163,,,metadata_candidate
"CHHA MAYA CHHAPAKKAI 2 ｜｜ Movie Official Title Song 2026 ｜｜ Deepak-Deepa, Keki, Sanisha, Rhyaan.m4a","CHHA MAYA CHHAPAKKAI 2 ｜｜ Movie Official Title Song 2026 ｜｜ Deepak-Deepa, Keki, Sanisha, Rhyaan.m4a",osrdigital|chha maya chhapakkai 2,OSRDigital,"CHHA MAYA CHHAPAKKAI 2 || Movie Official Title Song 2026 || Deepak-Deepa, Keki, Sanisha, Rhyaan",weak,526,,,metadata_candidate
"Chham Chhami Nachauna ｜｜ New Teej Song 2083 ｜｜ Mandabi Tripathi ｜｜ Monika Tamang, Bina Lopchan.m4a","Chham Chhami Nachauna ｜｜ New Teej Song 2083 ｜｜ Mandabi Tripathi ｜｜ Monika Tamang, Bina Lopchan.m4a",osrdigital|chham chhami nachauna,OSRDigital,"Chham Chhami Nachauna || New Teej Song 2083 || Mandabi Tripathi || Monika Tamang, Bina Lopchan",none,1981,,,metadata_candidate
Chhama Pandey - Hamar Soraho Shingar Sajjan Bin Fikkaa.mp3,Chhama Pandey - Hamar Soraho Shingar Sajjan Bin Fikkaa.mp3,chhama pandey|hamar soraho shingar sajjan bin fikkaa,Chhama Pandey,Hamar Soraho Shingar Sajjan Bin Fikkaa,none,,,,no_lyrics
Chhewang Lama - Kasto Maya Timi Sanga Basyo ｜ लाहुरे ｜ 「Official MV」.m4a,Chhewang Lama - Kasto Maya Timi Sanga Basyo ｜ लाहुरे ｜ 「Official MV」.m4a,chhewang|chhewang lama kasto maya timi sanga basyo,CHHEWANG,Chhewang Lama - Kasto Maya Timi Sanga Basyo | लाहुरे | 「Official MV」,strong,526,526,,metadata_only
"Chhuteka Sapana ｜ Aadesh Gurmachhan ｜ Subash Gajurel, Huma Bhandari, Rajesh ｜｜ New Nepali Song 2026.m4a","Chhuteka Sapana ｜ Aadesh Gurmachhan ｜ Subash Gajurel, Huma Bhandari, Rajesh ｜｜ New Nepali Song 2026.m4a",osrdigital|chhuteka sapana,OSRDigital,"Chhuteka Sapana | Aadesh Gurmachhan | Subash Gajurel, Huma Bhandari, Rajesh || New Nepali Song 2026",weak,816,,,metadata_candidate
CHILL MAA.m4a,CHILL MAA.m4a,gbob music|chill maa,GBOB MUSIC,CHILL MAA,strong,205,205,,metadata_only
Chirag Khadka - Enlightenment.m4a,Chirag Khadka - Enlightenment.m4a,bwqze|chirag khadka enlightenment,Bwqze,Chirag Khadka - Enlightenment,weak,1335,,,metadata_candidate
Chirag Khadka - Samaya (Boysfromis Remix).m4a,Chirag Khadka - Samaya (Boysfromis Remix).m4a,boysfromis|chirag khadka samaya boysfromis,Boysfromis,Chirag Khadka - Samaya (Boysfromis Remix),weak,94,,,metadata_candidate
Chirag Khadka 5_55 -Budi Moombatahon (Dj Asha Mix).m4a,Chirag Khadka 5_55 -Budi Moombatahon (Dj Asha Mix).m4a,asmita ghimire|chirag khadka 5 55 budi moombatahon dj asha mix,Asmita Ghimire,Chirag Khadka 5:55 -Budi Moombatahon (Dj Asha Mix),probable,921,,,metadata_candidate
chirag khadka x juice wrld type beat 1.mp3,chirag khadka x juice wrld type beat 1.mp3,sagar katwal|chirag khadka x juice wrld type beat 1,Sagar Katwal,chirag khadka x juice wrld type beat 1,weak,1335,,,metadata_candidate
Chirag Singh Khadka Aka. 5_55 - Haasa - Instrumental ( Prod. RollerX ). ( Remake. Avishek )..m4a,Chirag Singh Khadka Aka. 5_55 - Haasa - Instrumental ( Prod. RollerX ). ( Remake. Avishek )..m4a,ronnyj tha god|chirag singh khadka aka 5 55 haasa instrumental,RonnyJ-Tha God,Chirag Singh Khadka Aka. 5:55 - Haasa - Instrumental ( Prod. RollerX ). ( Remake. Avishek ).,weak,914,,,metadata_candidate
"Chiso Chiso Jhari ｜｜ Aakash Shrestha, Garima Sharma ｜｜ Pratap Das, Rachana Rimal ｜｜ Nepali Song.m4a","Chiso Chiso Jhari ｜｜ Aakash Shrestha, Garima Sharma ｜｜ Pratap Das, Rachana Rimal ｜｜ Nepali Song.m4a",osrdigital|chiso chiso jhari,OSRDigital,"Chiso Chiso Jhari || Aakash Shrestha, Garima Sharma || Pratap Das, Rachana Rimal || Nepali Song",weak,859,,,metadata_candidate
Chiso Chiso Pani Jharna Ko - New Nepali Rap Song 2021.m4a,Chiso Chiso Pani Jharna Ko - New Nepali Rap Song 2021.m4a,parmu jr|chiso chiso pani jharna ko new,parmu jr,Chiso Chiso Pani Jharna Ko - New Nepali Rap Song 2021,weak,859,,,metadata_candidate
"Chorus, Sushma Shrestha, Deepa jha - Teej Ko Geet.mp3","Chorus, Sushma Shrestha, Deepa jha - Teej Ko Geet.mp3",chorus sushma shrestha deepa jha|teej ko geet,"Chorus, Sushma Shrestha, Deepa jha",Teej Ko Geet,weak,2973,,,metadata_candidate
Christiana Lovfald - Little Cobwebs.mp3,Christiana Lovfald - Little Cobwebs.mp3,christiana lovfald|little cobwebs,Christiana Lovfald,Little Cobwebs,none,,,,no_lyrics
"Chupchaap ｜｜ Rachana Rimal, Parsu Mishra ｜｜ Ft. Sushant Dhakal, Divyani Oli ｜｜ New Nepali Song 2026.m4a","Chupchaap ｜｜ Rachana Rimal, Parsu Mishra ｜｜ Ft. Sushant Dhakal, Divyani Oli ｜｜ New Nepali Song 2026.m4a",osrdigital|chupchaap,OSRDigital,"Chupchaap || Rachana Rimal, Parsu Mishra || Ft. Sushant Dhakal, Divyani Oli || New Nepali Song 2026",weak,1842,,,metadata_candidate
Churot (चुरोट) ｜ Baa-Bu Official  ｜  Social Awareness Nepali Rap Song.m4a,Churot (चुरोट) ｜ Baa-Bu Official  ｜  Social Awareness Nepali Rap Song.m4a,baabu believer|churot चुरोट,Baabu Believer,Churot (चुरोट) | Baa-Bu Official  |  Social Awareness Nepali Rap Song,weak,3974,,,metadata_candidate
"Chwappa Moi ｜｜ Bindu Pariyar, Aashman Kc ｜｜ New Nepali Song 2082 (New Music Video).m4a","Chwappa Moi ｜｜ Bindu Pariyar, Aashman Kc ｜｜ New Nepali Song 2082 (New Music Video).m4a",osrdigital|chwappa moi,OSRDigital,"Chwappa Moi || Bindu Pariyar, Aashman Kc || New Nepali Song 2082 (New Music Video)",weak,3673,,,metadata_candidate
Chyrox Sachoo Maya Ent.(BudWanG) Nepali Rap Song 2k19..mp3,Chyrox Sachoo Maya Ent.(BudWanG) Nepali Rap Song 2k19..mp3,ent budwang|chyrox sachoo maya ent budwang 2k19,EnT. BudWanG,Chyrox Sachoo Maya Ent.(BudWanG) Nepali Rap Song 2k19.,weak,526,,,metadata_candidate
city drive...m4a,city drive...m4a,dj trex|city drive,Dj Trex,city drive..,none,,,,no_lyrics
Coach Song  ＂Resham Firiri＂ ｜ The Voice of Nepal Season 7 -2025.m4a,Coach Song  ＂Resham Firiri＂ ｜ The Voice of Nepal Season 7 -2025.m4a,the voice of nepal|coach song resham firiri,The Voice of Nepal,"Coach Song  ""Resham Firiri"" | The Voice of Nepal Season 7 -2025",probable,1650,,,metadata_candidate
Cobweb - Airplane Mode.mp3,Cobweb - Airplane Mode.mp3,cobweb|airplane mode,Cobweb,Airplane Mode,weak,,,,no_lyrics
Cobweb - Brace Back.mp3,Cobweb - Brace Back.mp3,cobweb|brace back,Cobweb,Brace Back,weak,529,,,metadata_candidate
Cobweb - Concrete Dream.mp3,Cobweb - Concrete Dream.mp3,cobweb|concrete dream,Cobweb,Concrete Dream,weak,3656,,,metadata_candidate
Cobweb - Fast Lane.mp3,Cobweb - Fast Lane.mp3,cobweb|fast lane,Cobweb,Fast Lane,weak,1635,,,metadata_candidate
cobweb - GIVE IT TO ME.mp3,cobweb - GIVE IT TO ME.mp3,cobweb|give it to me,cobweb,GIVE IT TO ME,weak,3657,,,new_lyrics_non_nepali
cobweb - NO GUIDANCE.mp3,cobweb - NO GUIDANCE.mp3,cobweb|no guidance,cobweb,NO GUIDANCE,weak,,,,new_lyrics_non_nepali
cobweb - POSE.mp3,cobweb - POSE.mp3,cobweb|pose,cobweb,POSE,weak,2923,,,metadata_candidate
Cobweb - Superwoman.mp3,Cobweb - Superwoman.mp3,cobweb|superwoman,Cobweb,Superwoman,weak,1990,,,metadata_candidate
Cobweb - Timro Nau Live On Ghar Ma Session.mp3,Cobweb - Timro Nau Live On Ghar Ma Session.mp3,cobweb|timro nau on ghar ma session,Cobweb,Timro Nau Live On Ghar Ma Session,strong,3614,3614,,metadata_only
cobweb iris - guarded moon.mp3,cobweb iris - guarded moon.mp3,cobweb iris|guarded moon,cobweb iris,guarded moon,weak,,,,no_lyrics
Cobwebs feat. razzie - MARK ll.mp3,Cobwebs feat. razzie - MARK ll.mp3,cobwebs feat razzie|mark ll,Cobwebs feat. razzie,MARK ll,none,1033,,,metadata_candidate
Cold water 2_Salar.mp3,Cold water 2_Salar.mp3,salar_rapper|cold water 2_salar,Salar_Rapper,Cold water 2_Salar,none,,,,no_lyrics
"COMBO vs. Nepathya, Dean Cohen X DJ Alex Thapaliya - Sa Karnali (DJ Alex Mash Up).mp3","COMBO vs. Nepathya, Dean Cohen X DJ Alex Thapaliya - Sa Karnali (DJ Alex Mash Up).mp3",combo vs nepathya dean cohen x dj alex thapaliya|sa karnali dj alex mash up,"COMBO vs. Nepathya, Dean Cohen X DJ Alex Thapaliya",Sa Karnali (DJ Alex Mash Up),strong,2396,2396,,metadata_only
CONTROL - PURPLE Ft.GWALA (OFFICIAL VISUALIZER) PROD BY. 4z.m4a,CONTROL - PURPLE Ft.GWALA (OFFICIAL VISUALIZER) PROD BY. 4z.m4a,purple and young gwala|control purple ft gwala,PURPLE  and Young Gwala,CONTROL - PURPLE Ft.GWALA (OFFICIAL VISUALIZER) PROD BY. 4z,none,,,,no_lyrics
Cover Version Of Sacar P.anil Fastest Rapper[1].mp3,Cover Version Of Sacar P.anil Fastest Rapper[1].mp3,anil pariyar|version of sacar p anil fastest rapper,Anil Pariyar,Cover Version Of Sacar P.anil Fastest Rapper[1],none,1206,,,metadata_candidate
"CP Lohani, Aruna Lama, Geta Datta - Karnali Bagai.mp3","CP Lohani, Aruna Lama, Geta Datta - Karnali Bagai.mp3",cp lohani aruna lama geta datta|karnali bagai,"CP Lohani, Aruna Lama, Geta Datta",Karnali Bagai,strong,3401,3401,,metadata_only
"CP Lohani, Aruna Lama, Geta Datta - Ke Ko Khanu.mp3","CP Lohani, Aruna Lama, Geta Datta - Ke Ko Khanu.mp3",cp lohani aruna lama geta datta|ke ko khanu,"CP Lohani, Aruna Lama, Geta Datta",Ke Ko Khanu,weak,523,,,metadata_candidate
"CP Lohani, Aruna Lama, Geta Datta - Sallo Ma Bhannu.mp3","CP Lohani, Aruna Lama, Geta Datta - Sallo Ma Bhannu.mp3",cp lohani aruna lama geta datta|sallo ma bhannu,"CP Lohani, Aruna Lama, Geta Datta",Sallo Ma Bhannu,strong,3773,3773,,metadata_only
"CP Lohani, Aruna Lama, Geta Datta - Tinai Sahar Nepal.mp3","CP Lohani, Aruna Lama, Geta Datta - Tinai Sahar Nepal.mp3",cp lohani aruna lama geta datta|tinai sahar nepal,"CP Lohani, Aruna Lama, Geta Datta",Tinai Sahar Nepal,strong,2944,2944,,metadata_only
"CP Lohani, Aruna Lama, Geta Datta - Ubho Jharne Banko (2).mp3","CP Lohani, Aruna Lama, Geta Datta - Ubho Jharne Banko (2).mp3",cp lohani aruna lama geta datta|ubho jharne banko,"CP Lohani, Aruna Lama, Geta Datta",Ubho Jharne Banko,weak,2237,,,metadata_candidate
CRASH OUT (jamesy remix).m4a,CRASH OUT (jamesy remix).m4a,jamesy|crash out jamesy,jamesy,CRASH OUT (jamesy remix),weak,,,,no_lyrics
CREATORS x AMIT DANGOL (BEIGHT) - Saptaranga.m4a,CREATORS x AMIT DANGOL (BEIGHT) - Saptaranga.m4a,b8eight|creators x amit dangol beight saptaranga,b8eight,CREATORS x AMIT DANGOL (BEIGHT) - Saptaranga,none,,,,no_lyrics
CRMNL.m4a,CRMNL.m4a,vten|crmnl,VTEN,CRMNL,strong,3977,3977,,metadata_only
Cycle chadhera.m4a,Cycle chadhera.m4a,music nepal|cycle chadhera,Music Nepal,Cycle chadhera,weak,2065,,,metadata_candidate
CZR X VZN - FARKERA AIDEU (MUSIC VIDEO).m4a,CZR X VZN - FARKERA AIDEU (MUSIC VIDEO).m4a,ucp8ecqbe2qn8gmw_nafudrq|czr x vzn farkera aideu,UCp8ecQbe2Qn8Gmw_nAFuDRQ,CZR X VZN - FARKERA AIDEU (MUSIC VIDEO),none,218,,,metadata_candidate
Dadama Gumba Chautari.m4a,Dadama Gumba Chautari.m4a,roj moktan|dadama gumba chautari,Roj Moktan,Dadama Gumba Chautari,probable,2746,,,metadata_candidate
Dailekhi Salaijo Bhaka_ V Sarbajit & Kamala Thapa Magar Sabda Ra Laya Kamala Mgr www.freenepalisong.com.mp3,Dailekhi Salaijo Bhaka_ V Sarbajit & Kamala Thapa Magar Sabda Ra Laya Kamala Mgr www.freenepalisong.com.mp3,archive org|dailekhi salaijo bhaka_ v sarbajit kamala thapa magar sabda ra laya kamala mgr,archive.org,Dailekhi Salaijo Bhaka_ V Sarbajit & Kamala Thapa Magar Sabda Ra Laya Kamala Mgr www.freenepalisong.com,none,,,,no_lyrics
Dailekhi Salaijo Bhaka_ V Sarbajit & Kamala Thapa Magar Sabda Ra Laya Kamala Mgr.ogg,Dailekhi Salaijo Bhaka_ V Sarbajit & Kamala Thapa Magar Sabda Ra Laya Kamala Mgr.ogg,archive org|dailekhi salaijo bhaka_ v sarbajit kamala thapa magar sabda ra laya kamala mgr,archive.org,Dailekhi Salaijo Bhaka_ V Sarbajit & Kamala Thapa Magar Sabda Ra Laya Kamala  Mgr,none,,,,no_lyrics
"DAM DAM DAM BAJYO - nepali song Hemant Sharma,Priyanka Karki & Durgesh Thapa.m4a","DAM DAM DAM BAJYO - nepali song Hemant Sharma,Priyanka Karki & Durgesh Thapa.m4a",nepalone|dam dam dam bajyo hemant sharma priyanka karki durgesh thapa,nepalONE,"DAM DAM DAM BAJYO - nepali song Hemant Sharma,Priyanka Karki & Durgesh Thapa",none,,,,no_lyrics
Damber Nepali - Gaunma Meri Maya.mp3,Damber Nepali - Gaunma Meri Maya.mp3,damber nepali|gaunma meri maya,Damber Nepali,Gaunma Meri Maya,strong,157,157,,metadata_only
Damber Nepali - Ki Chada Uslai Ki Mara Malai.mp3,Damber Nepali - Ki Chada Uslai Ki Mara Malai.mp3,damber nepali|ki chada uslai ki mara malai,Damber Nepali,Ki Chada Uslai Ki Mara Malai,weak,35,,,metadata_candidate
Damber Nepali - Narau Narau Meri Maya.mp3,Damber Nepali - Narau Narau Meri Maya.mp3,damber nepali|narau narau meri maya,Damber Nepali,Narau Narau Meri Maya,strong,157,157,,metadata_only
Damber Nepali - Tada Nalaijau Timi Mero Mayalai.mp3,Damber Nepali - Tada Nalaijau Timi Mero Mayalai.mp3,damber nepali|tada nalaijau timi mero mayalai,Damber Nepali,Tada Nalaijau Timi Mero Mayalai,strong,752,752,,metadata_only
"Damphu Ko Kairan ｜｜ MAITIGHAR Nepali Movie Official Song 2025 ｜｜ Dhiraj Magar, Upasana Singh.m4a","Damphu Ko Kairan ｜｜ MAITIGHAR Nepali Movie Official Song 2025 ｜｜ Dhiraj Magar, Upasana Singh.m4a",osr digital|damphu ko kairan,OSR Digital,"Damphu Ko Kairan || MAITIGHAR Nepali Movie Official Song 2025 || Dhiraj Magar, Upasana Singh",none,1008,,,metadata_candidate
Damphu Ma Selo ｜ Mings Lama Ft. Paul Shah & Sumi Moktan ｜ Selo Fusion Song 2018 ｜ Ashusen Lama.m4a,Damphu Ma Selo ｜ Mings Lama Ft. Paul Shah & Sumi Moktan ｜ Selo Fusion Song 2018 ｜ Ashusen Lama.m4a,highlightsnepal|damphu ma selo,HighlightsNepal,Damphu Ma Selo | Mings Lama Ft. Paul Shah & Sumi Moktan | Selo Fusion Song 2018 | Ashusen Lama,weak,3773,,,metadata_candidate
Dance of the Sugar Plum Faeries.mp3,Dance of the Sugar Plum Faeries.mp3,various artists|dance of the sugar plum faeries,Various Artists,Dance of the Sugar Plum Faeries,none,,,,no_lyrics
Danda Ko Gumba - Hawal Ngarden (New Nepali Tamang Lok Selo Song 2014).m4a,Danda Ko Gumba - Hawal Ngarden (New Nepali Tamang Lok Selo Song 2014).m4a,songsnepal|danda ko gumba hawal ngarden new nepali tamang lok selo song,SongsNepal,Danda Ko Gumba - Hawal Ngarden (New Nepali Tamang Lok Selo Song 2014),weak,207,,,metadata_candidate
Danda ko gumba live performance by Hawal lama.m4a,Danda ko gumba live performance by Hawal lama.m4a,hawal lama official|danda ko gumba performance by hawal lama,Hawal lama official,Danda ko gumba live performance by Hawal lama,weak,,,,no_lyrics
Dashain Aayo - Poetic Confessional Ft. Yodda & Aidray ( Prod. The Khemist).m4a,Dashain Aayo - Poetic Confessional Ft. Yodda & Aidray ( Prod. The Khemist).m4a,bikash kharel|dashain aayo poetic confessional ft yodda aidray,Bikash Kharel,Dashain Aayo - Poetic Confessional Ft. Yodda & Aidray ( Prod. The Khemist),weak,3396,,,metadata_candidate
"David Ramdam, Anju Panta, Prem Ramdam - Yeh Ajnabi Shehar Mein (Female Version).mp3","David Ramdam, Anju Panta, Prem Ramdam - Yeh Ajnabi Shehar Mein (Female Version).mp3",david ramdam anju panta prem ramdam|yeh ajnabi shehar mein female version,"David Ramdam, Anju Panta, Prem Ramdam",Yeh Ajnabi Shehar Mein (Female Version),weak,2810,,,metadata_candidate
"David Ramdam, RAJESH PAYAL RAI - Yo Mann.mp3","David Ramdam, RAJESH PAYAL RAI - Yo Mann.mp3",david ramdam rajesh payal rai|yo mann,"David Ramdam, RAJESH PAYAL RAI",Yo Mann,strong,3966,3966,,metadata_only
David Vendetta Feat. Micah The Violinist - Yama Layali Buddha Bar String Mix.m4a,David Vendetta Feat. Micah The Violinist - Yama Layali Buddha Bar String Mix.m4a,micah the violinist|david vendetta feat micah the violinist yama layali buddha bar string mix,Micah The Violinist,David Vendetta Feat. Micah The Violinist - Yama Layali Buddha Bar String Mix,none,4079,,,metadata_candidate
"David Visan, Mickaël Winter feat. Ani Choying Drolma - Tamtra Tibet.mp3","David Visan, Mickaël Winter feat. Ani Choying Drolma - Tamtra Tibet.mp3",david visan mickaël winter feat ani choying drolma|tamtra tibet,"David Visan, Mickaël Winter feat. Ani Choying Drolma",Tamtra Tibet,weak,430,,,metadata_candidate
"Dawa Lama, The Axe Band (Shiva Mukhiya) - Maya Ta Maya Nai Ho (From _Duffers_).mp3","Dawa Lama, The Axe Band (Shiva Mukhiya) - Maya Ta Maya Nai Ho (From _Duffers_).mp3",dawa lama the axe band shiva mukhiya|maya ta maya nai ho from duffers,"Dawa Lama, The Axe Band (Shiva Mukhiya)","Maya Ta Maya Nai Ho (From ""Duffers"")",strong,526,526,,metadata_only
Deeba Kanwal - Aehro Sajjan Monkhay.mp3,Deeba Kanwal - Aehro Sajjan Monkhay.mp3,deeba kanwal|aehro sajjan monkhay,Deeba Kanwal,Aehro Sajjan Monkhay,none,,,,no_lyrics
DEEP AD - BARI FULBARI (OFFICIAL VIDEO).m4a,DEEP AD - BARI FULBARI (OFFICIAL VIDEO).m4a,deep ad|deep ad bari fulbari,Deep Ad,DEEP AD - BARI FULBARI (OFFICIAL VIDEO),weak,1811,,,metadata_candidate
Deepa Jha & Yam Baral - Mero Mutu Bhitra.mp3,Deepa Jha & Yam Baral - Mero Mutu Bhitra.mp3,deepa jha yam baral|mero mutu bhitra,Deepa Jha & Yam Baral,Mero Mutu Bhitra,strong,3198,3198,,metadata_only
"Deepak Kharel - garau ki mitho vul, nepali song, nepal.mp3","Deepak Kharel - garau ki mitho vul, nepali song, nepal.mp3",deepak kharel|garau ki mitho vul nepal,Deepak Kharel,"garau ki mitho vul, nepali song, nepal",strong,1006,1006,,metadata_only
Deepak Limbu & Anju Panta - Chori Chori.mp3,Deepak Limbu & Anju Panta - Chori Chori.mp3,deepak limbu anju panta|chori chori,Deepak Limbu & Anju Panta,Chori Chori,strong,524,524,,metadata_only
Deepak Limbu & Anju Panta - Ishara.mp3,Deepak Limbu & Anju Panta - Ishara.mp3,deepak limbu anju panta|ishara,Deepak Limbu & Anju Panta,Ishara,strong,895,895,,metadata_only
Deepak Limbu & Anju Panta - Maile Yo Jani Sakeni.mp3,Deepak Limbu & Anju Panta - Maile Yo Jani Sakeni.mp3,deepak limbu anju panta|maile yo jani sakeni,Deepak Limbu & Anju Panta,Maile Yo Jani Sakeni,strong,2972,2972,,metadata_only
Deepak Limbu & Anju Panta - Suna Kina.mp3,Deepak Limbu & Anju Panta - Suna Kina.mp3,deepak limbu anju panta|suna kina,Deepak Limbu & Anju Panta,Suna Kina,strong,2291,2291,,metadata_only
Deepak Limbu & Anju Panta - Timi Matrai.mp3,Deepak Limbu & Anju Panta - Timi Matrai.mp3,deepak limbu anju panta|timi matrai,Deepak Limbu & Anju Panta,Timi Matrai,strong,752,752,,metadata_only
Deepak Limbu & Mandavi Tripathi - O Maya Ho.mp3,Deepak Limbu & Mandavi Tripathi - O Maya Ho.mp3,deepak limbu mandavi tripathi|o maya ho,Deepak Limbu & Mandavi Tripathi,O Maya Ho,strong,526,526,,metadata_only
Deepak Limbu & Sarita Panthi - Phulai Phulyo Aakash Khulyo.mp3,Deepak Limbu & Sarita Panthi - Phulai Phulyo Aakash Khulyo.mp3,deepak limbu sarita panthi|phulai phulyo aakash khulyo,Deepak Limbu & Sarita Panthi,Phulai Phulyo Aakash Khulyo,strong,1937,1937,,metadata_only
Deepak Limbu - Aadhi Kura.mp3,Deepak Limbu - Aadhi Kura.mp3,deepak limbu|aadhi kura,Deepak Limbu,Aadhi Kura,strong,2472,2472,,metadata_only
Deepak Limbu - Aakhirima Garib.mp3,Deepak Limbu - Aakhirima Garib.mp3,deepak limbu|aakhirima garib,Deepak Limbu,Aakhirima Garib,weak,485,,,metadata_candidate
Deepak Limbu - Aayo Timro Yaad Aayo.mp3,Deepak Limbu - Aayo Timro Yaad Aayo.mp3,deepak limbu|aayo timro yaad aayo,Deepak Limbu,Aayo Timro Yaad Aayo,strong,907,907,,metadata_only
Deepak Limbu - Anmiyera Timi.mp3,Deepak Limbu - Anmiyera Timi.mp3,deepak limbu|anmiyera timi,Deepak Limbu,Anmiyera Timi,strong,752,752,,metadata_only
Deepak Limbu - Arule Mero.mp3,Deepak Limbu - Arule Mero.mp3,deepak limbu|arule mero,Deepak Limbu,Arule Mero,probable,14,,,metadata_candidate
Deepak Limbu - Badal Bhitra.mp3,Deepak Limbu - Badal Bhitra.mp3,deepak limbu|badal bhitra,Deepak Limbu,Badal Bhitra,weak,3199,,,metadata_candidate
Deepak Limbu - Bhokle Kohi.mp3,Deepak Limbu - Bhokle Kohi.mp3,deepak limbu|bhokle kohi,Deepak Limbu,Bhokle Kohi,strong,4069,4069,,metadata_only
Deepak Limbu - Bhul Bhayera.mp3,Deepak Limbu - Bhul Bhayera.mp3,deepak limbu|bhul bhayera,Deepak Limbu,Bhul Bhayera,weak,183,,,metadata_candidate
Deepak Limbu - Bhule Hola Dherai Dherai.mp3,Deepak Limbu - Bhule Hola Dherai Dherai.mp3,deepak limbu|bhule hola dherai dherai,Deepak Limbu,Bhule Hola Dherai Dherai,strong,2061,2061,,metadata_only
Deepak Limbu - Birsu Bhanchhu Jhanai Badchha.mp3,Deepak Limbu - Birsu Bhanchhu Jhanai Badchha.mp3,deepak limbu|birsu bhanchhu jhanai badchha,Deepak Limbu,Birsu Bhanchhu Jhanai Badchha,weak,2743,,,metadata_candidate
Deepak Limbu - Chahidaina Bho.mp3,Deepak Limbu - Chahidaina Bho.mp3,deepak limbu|chahidaina bho,Deepak Limbu,Chahidaina Bho,probable,264,,,metadata_candidate
Deepak Limbu - Chot Jati.mp3,Deepak Limbu - Chot Jati.mp3,deepak limbu|chot jati,Deepak Limbu,Chot Jati,strong,1903,1903,,metadata_only
Deepak Limbu - Dherai Dukkha Sangalera.mp3,Deepak Limbu - Dherai Dukkha Sangalera.mp3,deepak limbu|dherai dukkha sangalera,Deepak Limbu,Dherai Dukkha Sangalera,strong,2061,2061,,metadata_only
Deepak Limbu - Dosandha.mp3,Deepak Limbu - Dosandha.mp3,deepak limbu|dosandha,Deepak Limbu,Dosandha,weak,129,,,metadata_candidate
Deepak Limbu - Eak Anjuli.mp3,Deepak Limbu - Eak Anjuli.mp3,deepak limbu|eak anjuli,Deepak Limbu,Eak Anjuli,weak,2396,,,metadata_candidate
Deepak Limbu - Ghar Chhodera (2).mp3,Deepak Limbu - Ghar Chhodera (2).mp3,deepak limbu|ghar chhodera,Deepak Limbu,Ghar Chhodera,weak,4085,,,metadata_candidate
Deepak Limbu - Ghat Bhayo.mp3,Deepak Limbu - Ghat Bhayo.mp3,deepak limbu|ghat bhayo,Deepak Limbu,Ghat Bhayo,probable,2044,,,metadata_candidate
Deepak Limbu - Hajar Tara.mp3,Deepak Limbu - Hajar Tara.mp3,deepak limbu|hajar tara,Deepak Limbu,Hajar Tara,weak,2957,,A-1f808ed46a,new_lyrics
Deepak Limbu - Hey sathi.mp3,Deepak Limbu - Hey sathi.mp3,deepak limbu|hey sathi,Deepak Limbu,Hey sathi,strong,3562,3562,,metadata_only
Deepak Limbu - Jeevan Ke Ho Balla Yati.mp3,Deepak Limbu - Jeevan Ke Ho Balla Yati.mp3,deepak limbu|jeevan ke ho balla yati,Deepak Limbu,Jeevan Ke Ho Balla Yati,strong,1155,1155,,metadata_only
Deepak Limbu - Jeevan Ke Ho.mp3,Deepak Limbu - Jeevan Ke Ho.mp3,deepak limbu|jeevan ke ho,Deepak Limbu,Jeevan Ke Ho,strong,1155,1155,,metadata_only
Deepak Limbu - Jhamke Sanjha.mp3,Deepak Limbu - Jhamke Sanjha.mp3,deepak limbu|jhamke sanjha,Deepak Limbu,Jhamke Sanjha,weak,2144,,,metadata_candidate
Deepak Limbu - Kasari Bhanu.mp3,Deepak Limbu - Kasari Bhanu.mp3,deepak limbu|kasari bhanu,Deepak Limbu,Kasari Bhanu,strong,1064,1064,,metadata_only
Deepak Limbu - Kaslai Sunau Ho.mp3,Deepak Limbu - Kaslai Sunau Ho.mp3,deepak limbu|kaslai sunau ho,Deepak Limbu,Kaslai Sunau Ho,weak,338,,,metadata_candidate
Deepak Limbu - Kasto Maya Diyou.mp3,Deepak Limbu - Kasto Maya Diyou.mp3,deepak limbu|kasto maya diyou,Deepak Limbu,Kasto Maya Diyou,strong,526,526,,metadata_only
Deepak Limbu - Khai Kunni Ke.mp3,Deepak Limbu - Khai Kunni Ke.mp3,deepak limbu|khai kunni ke,Deepak Limbu,Khai Kunni Ke,strong,659,659,,metadata_only
Deepak Limbu - Khayeka Ti Bacha Kasam.mp3,Deepak Limbu - Khayeka Ti Bacha Kasam.mp3,deepak limbu|khayeka ti bacha kasam,Deepak Limbu,Khayeka Ti Bacha Kasam,strong,1688,1688,,metadata_only
Deepak Limbu - Kun Laaj.mp3,Deepak Limbu - Kun Laaj.mp3,deepak limbu|kun laaj,Deepak Limbu,Kun Laaj,weak,1117,,,metadata_candidate
Deepak Limbu - Kun Lok Ki Pari.mp3,Deepak Limbu - Kun Lok Ki Pari.mp3,deepak limbu|kun lok ki pari,Deepak Limbu,Kun Lok Ki Pari,strong,270,270,,metadata_only
Deepak Limbu - Ma Bachnu Ko.mp3,Deepak Limbu - Ma Bachnu Ko.mp3,deepak limbu|ma bachnu ko,Deepak Limbu,Ma Bachnu Ko,strong,3773,3773,,metadata_only
Deepak Limbu - Ma ta Maya Gardai Thiye.mp3,Deepak Limbu - Ma ta Maya Gardai Thiye.mp3,deepak limbu|ma ta maya gardai thiye,Deepak Limbu,Ma ta Maya Gardai Thiye,strong,12,12,,metadata_only
Deepak Limbu - Ma Ta Maya.mp3,Deepak Limbu - Ma Ta Maya.mp3,deepak limbu|ma ta maya,Deepak Limbu,Ma Ta Maya,strong,12,12,,metadata_only
Deepak Limbu - Mata Hajur.mp3,Deepak Limbu - Mata Hajur.mp3,deepak limbu|mata hajur,Deepak Limbu,Mata Hajur,weak,1175,,,metadata_candidate
Deepak Limbu - Mata Jun Bhanera.mp3,Deepak Limbu - Mata Jun Bhanera.mp3,deepak limbu|mata jun bhanera,Deepak Limbu,Mata Jun Bhanera,weak,1591,,,metadata_candidate
Deepak Limbu - Meri Mayalu.mp3,Deepak Limbu - Meri Mayalu.mp3,deepak limbu|meri mayalu,Deepak Limbu,Meri Mayalu,strong,1204,1204,,metadata_only
Deepak Limbu - Mero Mann Pagal.mp3,Deepak Limbu - Mero Mann Pagal.mp3,deepak limbu|mero mann pagal,Deepak Limbu,Mero Mann Pagal,strong,772,772,,metadata_only
Deepak Limbu - Mero Mannko.mp3,Deepak Limbu - Mero Mannko.mp3,deepak limbu|mero mannko,Deepak Limbu,Mero Mannko,strong,2093,2093,,metadata_only
Deepak Limbu - Mero Matra.mp3,Deepak Limbu - Mero Matra.mp3,deepak limbu|mero matra,Deepak Limbu,Mero Matra,probable,773,,,metadata_candidate
Deepak Limbu - Mitha Mitha.mp3,Deepak Limbu - Mitha Mitha.mp3,deepak limbu|mitha mitha,Deepak Limbu,Mitha Mitha,strong,2922,2922,,metadata_only
Deepak Limbu - Muharako Hissi Ani.mp3,Deepak Limbu - Muharako Hissi Ani.mp3,deepak limbu|muharako hissi ani,Deepak Limbu,Muharako Hissi Ani,weak,1037,,,metadata_candidate
Deepak Limbu - Mutu Magyau Timile.mp3,Deepak Limbu - Mutu Magyau Timile.mp3,deepak limbu|mutu magyau timile,Deepak Limbu,Mutu Magyau Timile,strong,3567,3567,,metadata_only
Deepak Limbu - Najar Najarmai.mp3,Deepak Limbu - Najar Najarmai.mp3,deepak limbu|najar najarmai,Deepak Limbu,Najar Najarmai,weak,2957,,,metadata_candidate
Deepak Limbu - Nakhakai Bhaye.mp3,Deepak Limbu - Nakhakai Bhaye.mp3,deepak limbu|nakhakai bhaye,Deepak Limbu,Nakhakai Bhaye,probable,407,,,metadata_candidate
Deepak Limbu - Pani Pani Bho.mp3,Deepak Limbu - Pani Pani Bho.mp3,deepak limbu|pani pani bho,Deepak Limbu,Pani Pani Bho,strong,2156,2156,,metadata_only
Deepak Limbu - Phool Jastai Fulirahahu.mp3,Deepak Limbu - Phool Jastai Fulirahahu.mp3,deepak limbu|phool jastai fulirahahu,Deepak Limbu,Phool Jastai Fulirahahu,strong,3465,3465,,metadata_only
Deepak Limbu - Purnima Jhai Muhar.mp3,Deepak Limbu - Purnima Jhai Muhar.mp3,deepak limbu|purnima jhai muhar,Deepak Limbu,Purnima Jhai Muhar,weak,1947,,,metadata_candidate
Deepak Limbu - Qatar Gaye.mp3,Deepak Limbu - Qatar Gaye.mp3,deepak limbu|qatar gaye,Deepak Limbu,Qatar Gaye,weak,3542,,,metadata_candidate
Deepak Limbu - Rupauli Naani.mp3,Deepak Limbu - Rupauli Naani.mp3,deepak limbu|rupauli naani,Deepak Limbu,Rupauli Naani,weak,3672,,,metadata_candidate
Deepak Limbu - Samjhana Ta.mp3,Deepak Limbu - Samjhana Ta.mp3,deepak limbu|samjhana ta,Deepak Limbu,Samjhana Ta,strong,737,737,,metadata_only
Deepak Limbu - Sapanama Timilai.mp3,Deepak Limbu - Sapanama Timilai.mp3,deepak limbu|sapanama timilai,Deepak Limbu,Sapanama Timilai,strong,1555,1555,,metadata_only
Deepak Limbu - Sapani Ramro.mp3,Deepak Limbu - Sapani Ramro.mp3,deepak limbu|sapani ramro,Deepak Limbu,Sapani Ramro,probable,2979,,,metadata_candidate
Deepak Limbu - Simpal Simpal.mp3,Deepak Limbu - Simpal Simpal.mp3,deepak limbu|simpal simpal,Deepak Limbu,Simpal Simpal,weak,1969,,,metadata_candidate
Deepak Limbu - Solu Khotang.mp3,Deepak Limbu - Solu Khotang.mp3,deepak limbu|solu khotang,Deepak Limbu,Solu Khotang,weak,3839,,,metadata_candidate
Deepak Limbu - Sungabha Sari.mp3,Deepak Limbu - Sungabha Sari.mp3,deepak limbu|sungabha sari,Deepak Limbu,Sungabha Sari,weak,177,,,metadata_candidate
Deepak Limbu - Sustari Bole.mp3,Deepak Limbu - Sustari Bole.mp3,deepak limbu|sustari bole,Deepak Limbu,Sustari Bole,strong,629,629,,metadata_only
Deepak Limbu - Sustari Bolun Bhanchhu.mp3,Deepak Limbu - Sustari Bolun Bhanchhu.mp3,deepak limbu|sustari bolun bhanchhu,Deepak Limbu,Sustari Bolun Bhanchhu,strong,629,629,,metadata_only
Deepak Limbu - Timi Bina Fika Lagchha.mp3,Deepak Limbu - Timi Bina Fika Lagchha.mp3,deepak limbu|timi bina fika lagchha,Deepak Limbu,Timi Bina Fika Lagchha,strong,565,565,,metadata_only
Deepak Limbu - Timi Gungunaudai Chhau.mp3,Deepak Limbu - Timi Gungunaudai Chhau.mp3,deepak limbu|timi gungunaudai chhau,Deepak Limbu,Timi Gungunaudai Chhau,strong,752,752,,metadata_only
Deepak Limbu - Timi Saath Hunda.mp3,Deepak Limbu - Timi Saath Hunda.mp3,deepak limbu|timi saath hunda,Deepak Limbu,Timi Saath Hunda,strong,752,752,,metadata_only
Deepak Limbu - Timi Sanga.mp3,Deepak Limbu - Timi Sanga.mp3,deepak limbu|timi sanga,Deepak Limbu,Timi Sanga,strong,2890,2890,,metadata_only
Deepak Limbu - Timi Sath Hunda.mp3,Deepak Limbu - Timi Sath Hunda.mp3,deepak limbu|timi sath hunda,Deepak Limbu,Timi Sath Hunda,strong,2676,2676,,metadata_only
Deepak Limbu - Timi.mp3,Deepak Limbu - Timi.mp3,deepak limbu|timi,Deepak Limbu,Timi,strong,1998,1998,,metadata_only
Deepak Limbu - Timilai Maya.mp3,Deepak Limbu - Timilai Maya.mp3,deepak limbu|timilai maya,Deepak Limbu,Timilai Maya,strong,526,526,,metadata_only
Deepak Limbu - Timilai Sancho Chhaina.mp3,Deepak Limbu - Timilai Sancho Chhaina.mp3,deepak limbu|timilai sancho chhaina,Deepak Limbu,Timilai Sancho Chhaina,strong,194,194,,metadata_only
Deepak Limbu - Timro Aankha.mp3,Deepak Limbu - Timro Aankha.mp3,deepak limbu|timro aankha,Deepak Limbu,Timro Aankha,strong,3620,3620,,metadata_only
Deepak Limbu - Timro Aankhale Sajaune.mp3,Deepak Limbu - Timro Aankhale Sajaune.mp3,deepak limbu|timro aankhale sajaune,Deepak Limbu,Timro Aankhale Sajaune,weak,3614,,,metadata_candidate
Deepak Limbu - Yadi Timro.mp3,Deepak Limbu - Yadi Timro.mp3,deepak limbu|yadi timro,Deepak Limbu,Yadi Timro,strong,907,907,,metadata_only
Deepak Limbu - Yatai Katai.mp3,Deepak Limbu - Yatai Katai.mp3,deepak limbu|yatai katai,Deepak Limbu,Yatai Katai,weak,1016,,,metadata_candidate
Deepak Limbu - Ye Joon.mp3,Deepak Limbu - Ye Joon.mp3,deepak limbu|ye joon,Deepak Limbu,Ye Joon,weak,703,,,metadata_candidate
Deepak Limbu - Yo Dil Bhitra Timilai.mp3,Deepak Limbu - Yo Dil Bhitra Timilai.mp3,deepak limbu|yo dil bhitra timilai,Deepak Limbu,Yo Dil Bhitra Timilai,strong,1555,1555,,metadata_only
Deepak Limbu - Yo Pal.mp3,Deepak Limbu - Yo Pal.mp3,deepak limbu|yo pal,Deepak Limbu,Yo Pal,strong,3418,3418,,metadata_only
Deepak Limbu and Mandabi Tripathi - Simple-Simple.mp3,Deepak Limbu and Mandabi Tripathi - Simple-Simple.mp3,deepak limbu and mandabi tripathi|simple simple,Deepak Limbu and Mandabi Tripathi,Simple-Simple,strong,331,331,,metadata_only
Deepak Limbu feat. Anju Pant - Lahar Laharma.mp3,Deepak Limbu feat. Anju Pant - Lahar Laharma.mp3,deepak limbu feat anju pant|lahar laharma,Deepak Limbu feat. Anju Pant,Lahar Laharma,weak,1061,,,metadata_candidate
Deepak Limbu feat. Anju Pant - Pyaro Pyaro.mp3,Deepak Limbu feat. Anju Pant - Pyaro Pyaro.mp3,deepak limbu feat anju pant|pyaro pyaro,Deepak Limbu feat. Anju Pant,Pyaro Pyaro,strong,934,934,,metadata_only
Deepak Limbu Feat. Anju Panta - Bato Hinde.mp3,Deepak Limbu Feat. Anju Panta - Bato Hinde.mp3,deepak limbu feat anju panta|bato hinde,Deepak Limbu Feat. Anju Panta,Bato Hinde,weak,529,,,metadata_candidate
Deepak Limbu Feat. Anju Panta - Hajarau Phoolbata Ea Man.mp3,Deepak Limbu Feat. Anju Panta - Hajarau Phoolbata Ea Man.mp3,deepak limbu feat anju panta|hajarau phoolbata ea man,Deepak Limbu Feat. Anju Panta,Hajarau Phoolbata Ea Man,weak,883,,,metadata_candidate
Deepak Limbu Feat. Anju Panta - Jasle Jaso Bhane.mp3,Deepak Limbu Feat. Anju Panta - Jasle Jaso Bhane.mp3,deepak limbu feat anju panta|jasle jaso bhane,Deepak Limbu Feat. Anju Panta,Jasle Jaso Bhane,strong,298,298,,metadata_only
Deepak Limbu Feat. Anju Panta - Malai Dherai Dherai.mp3,Deepak Limbu Feat. Anju Panta - Malai Dherai Dherai.mp3,deepak limbu feat anju panta|malai dherai dherai,Deepak Limbu Feat. Anju Panta,Malai Dherai Dherai,strong,2061,2061,,metadata_only
Deepak Limbu Feat. Anju Panta - Ye Maya Yo Maya.mp3,Deepak Limbu Feat. Anju Panta - Ye Maya Yo Maya.mp3,deepak limbu feat anju panta|ye maya yo maya,Deepak Limbu Feat. Anju Panta,Ye Maya Yo Maya,strong,526,526,,metadata_only
Deepak Limbu Feat. Malika Karki - Galti Bhoki Jindagima.mp3,Deepak Limbu Feat. Malika Karki - Galti Bhoki Jindagima.mp3,deepak limbu feat malika karki|galti bhoki jindagima,Deepak Limbu Feat. Malika Karki,Galti Bhoki Jindagima,strong,893,893,,metadata_only
Deepak Limbu feat. Mandavi Tripathi - Dhalkyo Dhalkyo.mp3,Deepak Limbu feat. Mandavi Tripathi - Dhalkyo Dhalkyo.mp3,deepak limbu feat mandavi tripathi|dhalkyo dhalkyo,Deepak Limbu feat. Mandavi Tripathi,Dhalkyo Dhalkyo,strong,1129,1129,,metadata_only
Deepak Limbu feat. Mandavi Tripathi - Har Pal Banchhu Timrai.mp3,Deepak Limbu feat. Mandavi Tripathi - Har Pal Banchhu Timrai.mp3,deepak limbu feat mandavi tripathi|har pal banchhu timrai,Deepak Limbu feat. Mandavi Tripathi,Har Pal Banchhu Timrai,strong,3480,3480,,metadata_only
Deepak Limbu Feat. Prabisha Adhikari - Aayau Timi Ta Sustari.mp3,Deepak Limbu Feat. Prabisha Adhikari - Aayau Timi Ta Sustari.mp3,deepak limbu feat prabisha adhikari|aayau timi ta sustari,Deepak Limbu Feat. Prabisha Adhikari,Aayau Timi Ta Sustari,strong,629,629,,metadata_only
Deepak Limbu Feat. Prabisha Adhikari - Bole Maya Badchha Hai.mp3,Deepak Limbu Feat. Prabisha Adhikari - Bole Maya Badchha Hai.mp3,deepak limbu feat prabisha adhikari|bole maya badchha hai,Deepak Limbu Feat. Prabisha Adhikari,Bole Maya Badchha Hai,strong,526,526,,metadata_only
Deepak Limbu Feat. Rajina Rimal - Aaina Banai Timilai.mp3,Deepak Limbu Feat. Rajina Rimal - Aaina Banai Timilai.mp3,deepak limbu feat rajina rimal|aaina banai timilai,Deepak Limbu Feat. Rajina Rimal,Aaina Banai Timilai,strong,1555,1555,,metadata_only
"Deepak Limbu, Anjana Gurung - Ye Timi Harayau Kaha.mp3","Deepak Limbu, Anjana Gurung - Ye Timi Harayau Kaha.mp3",deepak limbu anjana gurung|ye timi harayau kaha,"Deepak Limbu, Anjana Gurung",Ye Timi Harayau Kaha,strong,215,215,,metadata_only
"Deepak Limbu, Anju Panta & Pushpa Poudel - Chanchale Man.mp3","Deepak Limbu, Anju Panta & Pushpa Poudel - Chanchale Man.mp3",deepak limbu anju panta pushpa poudel|chanchale man,"Deepak Limbu, Anju Panta & Pushpa Poudel",Chanchale Man,probable,1462,,,metadata_candidate
"Deepak Limbu, Anju Panta & Pushpa Poudel - Yo Dharti Rahe Samma.mp3","Deepak Limbu, Anju Panta & Pushpa Poudel - Yo Dharti Rahe Samma.mp3",deepak limbu anju panta pushpa poudel|yo dharti rahe samma,"Deepak Limbu, Anju Panta & Pushpa Poudel",Yo Dharti Rahe Samma,weak,1571,,,metadata_candidate
"Deepak Limbu, Anju Panta - Aayo Timro Yaad Aayo (2).mp3","Deepak Limbu, Anju Panta - Aayo Timro Yaad Aayo (2).mp3",deepak limbu anju panta|aayo timro yaad aayo,"Deepak Limbu, Anju Panta",Aayo Timro Yaad Aayo,strong,907,907,,metadata_only
"Deepak Limbu, Anju Panta - Khusi Ko Yam Aayo.mp3","Deepak Limbu, Anju Panta - Khusi Ko Yam Aayo.mp3",deepak limbu anju panta|khusi ko yam aayo,"Deepak Limbu, Anju Panta",Khusi Ko Yam Aayo,weak,4050,,,metadata_candidate
"Deepak Limbu, Anju Panta - Mangsir Pani Go.mp3","Deepak Limbu, Anju Panta - Mangsir Pani Go.mp3",deepak limbu anju panta|mangsir pani go,"Deepak Limbu, Anju Panta",Mangsir Pani Go,strong,2156,2156,,metadata_only
"Deepak Limbu, Anju Panta - Naulo Yo Preet.mp3","Deepak Limbu, Anju Panta - Naulo Yo Preet.mp3",deepak limbu anju panta|naulo yo preet,"Deepak Limbu, Anju Panta",Naulo Yo Preet,weak,1677,,,metadata_candidate
"Deepak Limbu, Anju Panta - Satya Kasam.mp3","Deepak Limbu, Anju Panta - Satya Kasam.mp3",deepak limbu anju panta|satya kasam,"Deepak Limbu, Anju Panta",Satya Kasam,strong,3437,3437,,metadata_only
"Deepak Limbu, Anju Panta - Sohra Singar Garda.mp3","Deepak Limbu, Anju Panta - Sohra Singar Garda.mp3",deepak limbu anju panta|sohra singar garda,"Deepak Limbu, Anju Panta",Sohra Singar Garda,weak,3224,,,metadata_candidate
"Deepak Limbu, Anju Panta - Timi Matra Artha.mp3","Deepak Limbu, Anju Panta - Timi Matra Artha.mp3",deepak limbu anju panta|timi matra artha,"Deepak Limbu, Anju Panta",Timi Matra Artha,strong,752,752,,metadata_only
"Deepak Limbu, Anju Panta - Timi Maya Garchhu Bhanana.mp3","Deepak Limbu, Anju Panta - Timi Maya Garchhu Bhanana.mp3",deepak limbu anju panta|timi maya garchhu bhanana,"Deepak Limbu, Anju Panta",Timi Maya Garchhu Bhanana,strong,526,526,,metadata_only
"Deepak Limbu, Anju Panta - Ye Dil Malai.mp3","Deepak Limbu, Anju Panta - Ye Dil Malai.mp3",deepak limbu anju panta|ye dil malai,"Deepak Limbu, Anju Panta",Ye Dil Malai,probable,2255,,,metadata_candidate
"Deepak Limbu, Apsara Ghimire - Bhandina Ma Timilai.mp3","Deepak Limbu, Apsara Ghimire - Bhandina Ma Timilai.mp3",deepak limbu apsara ghimire|bhandina ma timilai,"Deepak Limbu, Apsara Ghimire",Bhandina Ma Timilai,strong,1555,1555,,metadata_only
"Deepak Limbu, Ava Mukarung - Kunai Din Bhet Hola.mp3","Deepak Limbu, Ava Mukarung - Kunai Din Bhet Hola.mp3",deepak limbu ava mukarung|kunai din bhet hola,"Deepak Limbu, Ava Mukarung",Kunai Din Bhet Hola,strong,419,419,,metadata_only
"Deepak Limbu, DURGA DAHAL SAUD - Dharane Lahure.mp3","Deepak Limbu, DURGA DAHAL SAUD - Dharane Lahure.mp3",deepak limbu durga dahal saud|dharane lahure,"Deepak Limbu, DURGA DAHAL SAUD",Dharane Lahure,strong,899,899,,metadata_only
"Deepak Limbu, Mallika Karki - Galti Bho Ki Jindagi.mp3","Deepak Limbu, Mallika Karki - Galti Bho Ki Jindagi.mp3",deepak limbu mallika karki|galti bho ki jindagi,"Deepak Limbu, Mallika Karki",Galti Bho Ki Jindagi,strong,893,893,,metadata_only
"Deepak Limbu, Mallika Karki - Galti Bho Ki Zindagi Ma.mp3","Deepak Limbu, Mallika Karki - Galti Bho Ki Zindagi Ma.mp3",deepak limbu mallika karki|galti bho ki zindagi ma,"Deepak Limbu, Mallika Karki",Galti Bho Ki Zindagi Ma,strong,893,893,,metadata_only
"Deepak Limbu, Mandavi Tripathi - Cha Maya Chapakai.mp3","Deepak Limbu, Mandavi Tripathi - Cha Maya Chapakai.mp3",deepak limbu mandavi tripathi|cha maya chapakai,"Deepak Limbu, Mandavi Tripathi",Cha Maya Chapakai,strong,526,526,,metadata_only
"Deepak Limbu, Mandavi Tripathi - Gajalu Aankhaile.mp3","Deepak Limbu, Mandavi Tripathi - Gajalu Aankhaile.mp3",deepak limbu mandavi tripathi|gajalu aankhaile,"Deepak Limbu, Mandavi Tripathi",Gajalu Aankhaile,probable,1433,,,metadata_candidate
"Deepak Limbu, Mandavi Tripathi - Seti Bagchhin.mp3","Deepak Limbu, Mandavi Tripathi - Seti Bagchhin.mp3",deepak limbu mandavi tripathi|seti bagchhin,"Deepak Limbu, Mandavi Tripathi",Seti Bagchhin,weak,996,,,metadata_candidate
"Deepak Limbu, Mandavi Tripathi - Yeti Maya.mp3","Deepak Limbu, Mandavi Tripathi - Yeti Maya.mp3",deepak limbu mandavi tripathi|yeti maya,"Deepak Limbu, Mandavi Tripathi",Yeti Maya,strong,526,526,,metadata_only
"Deepak Limbu, Mandavi Tripathi, Mahesh Khadka, Tara Prakash Limbu - Thopa Thopa Mile.mp3","Deepak Limbu, Mandavi Tripathi, Mahesh Khadka, Tara Prakash Limbu - Thopa Thopa Mile.mp3",deepak limbu mandavi tripathi mahesh khadka tara prakash limbu|thopa thopa mile,"Deepak Limbu, Mandavi Tripathi, Mahesh Khadka, Tara Prakash Limbu",Thopa Thopa Mile,weak,1006,,,metadata_candidate
"Deepak Limbu, ManishPokharel - Oh Maya Oii.mp3","Deepak Limbu, ManishPokharel - Oh Maya Oii.mp3",deepak limbu manishpokharel|oh maya oii,"Deepak Limbu, ManishPokharel",Oh Maya Oii,strong,526,526,,metadata_only
"Deepak Limbu, Prabisha Adhikari - Sunakhari Phool.mp3","Deepak Limbu, Prabisha Adhikari - Sunakhari Phool.mp3",deepak limbu prabisha adhikari|sunakhari phool,"Deepak Limbu, Prabisha Adhikari",Sunakhari Phool,strong,3465,3465,,metadata_only
"Deepak Limbu, Rajesh Payal Rai, Anju Pant & Pramod Kharel - Ramro Manchhe.mp3","Deepak Limbu, Rajesh Payal Rai, Anju Pant & Pramod Kharel - Ramro Manchhe.mp3",deepak limbu rajesh payal rai anju pant pramod kharel|ramro manchhe,"Deepak Limbu, Rajesh Payal Rai, Anju Pant & Pramod Kharel",Ramro Manchhe,weak,934,,,metadata_candidate
"Deepak Limbu, Sadhana Sargam - Maryau Maryau Malai.mp3","Deepak Limbu, Sadhana Sargam - Maryau Maryau Malai.mp3",deepak limbu sadhana sargam|maryau maryau malai,"Deepak Limbu, Sadhana Sargam",Maryau Maryau Malai,strong,1072,1072,,metadata_only
"Deepak Limbu, Sarita Panthi - Phool Fulyo Akash Khulyo.mp3","Deepak Limbu, Sarita Panthi - Phool Fulyo Akash Khulyo.mp3",deepak limbu sarita panthi|phool fulyo akash khulyo,"Deepak Limbu, Sarita Panthi",Phool Fulyo Akash Khulyo,strong,3465,3465,,metadata_only
"Deepak Pun, Yam Baral - Basantako.mp3","Deepak Pun, Yam Baral - Basantako.mp3",deepak pun yam baral|basantako,"Deepak Pun, Yam Baral",Basantako,probable,1626,,,metadata_candidate
Deependra Tamatta - Ae kanchhi.mp3,Deependra Tamatta - Ae kanchhi.mp3,deependra tamatta|ae kanchhi,Deependra Tamatta,Ae kanchhi,weak,420,,,metadata_candidate
Deepesh Rahi - SAJJAN.mp3,Deepesh Rahi - SAJJAN.mp3,deepesh rahi|sajjan,Deepesh Rahi,SAJJAN,weak,1366,,,metadata_candidate
Deho Daras Man Chao - Rasleen Kaur.m4a,Deho Daras Man Chao - Rasleen Kaur.m4a,rasleen kaur bahadur singh eknoor kaur|deho daras man chao rasleen kaur,"Rasleen Kaur, Bahadur Singh, Eknoor Kaur",Deho Daras Man Chao - Rasleen Kaur,none,,,,no_lyrics
Density - Sherpa.mp3,Density - Sherpa.mp3,density|sherpa,Density,Sherpa,weak,1339,,,metadata_candidate
"Depa Maharjan, Sharada Limbu, Sajjan Khaling, Nischal Lama - Maruni.mp3","Depa Maharjan, Sharada Limbu, Sajjan Khaling, Nischal Lama - Maruni.mp3",depa maharjan sharada limbu sajjan khaling nischal lama|maruni,"Depa Maharjan, Sharada Limbu, Sajjan Khaling, Nischal Lama",Maruni,weak,1835,,,metadata_candidate
"Depa, Sharada Bhumika, Nirmala, Sajjan, Nischal, Rabi - Selo.mp3","Depa, Sharada Bhumika, Nirmala, Sajjan, Nischal, Rabi - Selo.mp3",depa sharada bhumika nirmala sajjan nischal rabi|selo,"Depa, Sharada Bhumika, Nirmala, Sajjan, Nischal, Rabi",Selo,weak,1035,,,metadata_candidate
Deshle Ragat Maage Nepali Karaoke Gopal Yonjan.mp3,Deshle Ragat Maage Nepali Karaoke Gopal Yonjan.mp3,ajanabee|deshle ragat maage nepali karaoke gopal yonjan,ajanabee,Deshle Ragat Maage Nepali Karaoke Gopal Yonjan,weak,207,,,metadata_candidate
Deusi bhailo ma MUSEKO CHHORA live song fulbari guys 🤟.m4a,Deusi bhailo ma MUSEKO CHHORA live song fulbari guys 🤟.m4a,sureshtmg 55|deusi bhailo ma museko chhora song fulbari guys,Sureshtmg 55,Deusi bhailo ma MUSEKO CHHORA live song fulbari guys 🤟,weak,2350,,,metadata_candidate
"Dev Ale, Anju Panta - Jindagiko Dobato.mp3","Dev Ale, Anju Panta - Jindagiko Dobato.mp3",dev ale anju panta|jindagiko dobato,"Dev Ale, Anju Panta",Jindagiko Dobato,weak,3916,,,metadata_candidate
"Deva Premal & Miten With Manose And Maneesh De Moor - White Cloud, White Swan.mp3","Deva Premal & Miten With Manose And Maneesh De Moor - White Cloud, White Swan.mp3",deva premal miten with manose and maneesh de moor|white cloud white swan,Deva Premal & Miten With Manose And Maneesh De Moor,"White Cloud, White Swan",none,,,,no_lyrics
"Device - Sand, Stone, Cobwebs And Dust.mp3","Device - Sand, Stone, Cobwebs And Dust.mp3",device|sand stone cobwebs and dust,Device,"Sand, Stone, Cobwebs And Dust",none,,,,no_lyrics
Devika Bandana - Dakshina-Kalika aarti of Nepali.mp3,Devika Bandana - Dakshina-Kalika aarti of Nepali.mp3,devika bandana|dakshina kalika aarti of nepali,Devika Bandana,Dakshina-Kalika aarti of Nepali,strong,207,207,,metadata_only
"Devika Bandana, Sangeeta Rana, Yam Baral - Mero Lali Jovan.mp3","Devika Bandana, Sangeeta Rana, Yam Baral - Mero Lali Jovan.mp3",devika bandana sangeeta rana yam baral|mero lali jovan,"Devika Bandana, Sangeeta Rana, Yam Baral",Mero Lali Jovan,probable,2221,,,metadata_candidate
"Devika Bandana, Yam Baral & Sarita Shrestha - Baba Timi.mp3","Devika Bandana, Yam Baral & Sarita Shrestha - Baba Timi.mp3",devika bandana yam baral sarita shrestha|baba timi,"Devika Bandana, Yam Baral & Sarita Shrestha",Baba Timi,strong,752,752,,metadata_only
"Devika Bandana, Yam Baral - Feri Unko Samjhana.mp3","Devika Bandana, Yam Baral - Feri Unko Samjhana.mp3",devika bandana yam baral|feri unko samjhana,"Devika Bandana, Yam Baral",Feri Unko Samjhana,strong,737,737,,metadata_only
"Dewdarshi Magan, Sanjeev Singh, Satish Gupta - Gaya Ke Saya Vs Chatra Ke Choli.mp3","Dewdarshi Magan, Sanjeev Singh, Satish Gupta - Gaya Ke Saya Vs Chatra Ke Choli.mp3",dewdarshi magan sanjeev singh satish gupta|gaya ke saya vs chatra ke choli,"Dewdarshi Magan, Sanjeev Singh, Satish Gupta",Gaya Ke Saya Vs Chatra Ke Choli,weak,1824,,,metadata_candidate
Dhadkinchhau Mutuma Hola ｜ Movie Song ｜ Nepali Superhit Movie Lahana ｜ Niruta Singh ｜ Uttam Pradhan.m4a,Dhadkinchhau Mutuma Hola ｜ Movie Song ｜ Nepali Superhit Movie Lahana ｜ Niruta Singh ｜ Uttam Pradhan.m4a,hitechentertainment|dhadkinchhau mutuma hola,HiTechEntertainment,Dhadkinchhau Mutuma Hola | Movie Song | Nepali Superhit Movie Lahana | Niruta Singh | Uttam Pradhan,weak,3920,,,metadata_candidate
"Dhago Le Bateko ｜｜ RAM NAAM SATYA Movie Official Song 2026 ｜｜ Biraj Bhatta, Supuspa Bhatta.m4a","Dhago Le Bateko ｜｜ RAM NAAM SATYA Movie Official Song 2026 ｜｜ Biraj Bhatta, Supuspa Bhatta.m4a",osrdigital|dhago le bateko,OSRDigital,"Dhago Le Bateko || RAM NAAM SATYA Movie Official Song 2026 || Biraj Bhatta, Supuspa Bhatta",none,1423,,,metadata_candidate
"Dhaka Topi Daura Ra Suruwal ｜｜ Dj-B ｜｜ Jaya, Biyanka, Aayushma, Indu, Dikendra, Bibhu ｜｜ Nepali Song.m4a","Dhaka Topi Daura Ra Suruwal ｜｜ Dj-B ｜｜ Jaya, Biyanka, Aayushma, Indu, Dikendra, Bibhu ｜｜ Nepali Song.m4a",osrdigital|dhaka topi daura ra suruwal,OSRDigital,"Dhaka Topi Daura Ra Suruwal || Dj-B || Jaya, Biyanka, Aayushma, Indu, Dikendra, Bibhu || Nepali Song",weak,2307,,,metadata_candidate
"Dhaka Topi Siraima ｜｜ Movie Song “HARI BAHADUR KO JUTTA” ｜｜ Swastima, Prakash ｜ Hari Bansha Acharya.m4a","Dhaka Topi Siraima ｜｜ Movie Song “HARI BAHADUR KO JUTTA” ｜｜ Swastima, Prakash ｜ Hari Bansha Acharya.m4a",osrdigital|dhaka topi siraima,OSRDigital,"Dhaka Topi Siraima || Movie Song “HARI BAHADUR KO JUTTA” || Swastima, Prakash | Hari Bansha Acharya",weak,1934,,,metadata_candidate
"Dhalda Lageko Ko Ghau ｜｜ PRABASI JIWAN Movie Song 2026 ｜｜ Pramod Kharel ｜｜ Shyam, Angela X, Rabin.m4a","Dhalda Lageko Ko Ghau ｜｜ PRABASI JIWAN Movie Song 2026 ｜｜ Pramod Kharel ｜｜ Shyam, Angela X, Rabin.m4a",osrdigital|dhalda lageko ko ghau,OSRDigital,"Dhalda Lageko Ko Ghau || PRABASI JIWAN Movie Song 2026 || Pramod Kharel || Shyam, Angela X, Rabin",weak,2370,,,metadata_candidate
Dhanya Dhanya Lokeshwor ｜｜ JHARI PACHHI KO INDRENI Movie Song ｜｜ Roj Man Maharjan ｜｜ Ganesh Upreti.m4a,Dhanya Dhanya Lokeshwor ｜｜ JHARI PACHHI KO INDRENI Movie Song ｜｜ Roj Man Maharjan ｜｜ Ganesh Upreti.m4a,osrdigital|dhanya dhanya lokeshwor,OSRDigital,Dhanya Dhanya Lokeshwor || JHARI PACHHI KO INDRENI Movie Song || Roj Man Maharjan || Ganesh Upreti,none,,,,no_lyrics
Dhara Shah - Shiv Shankar Mil Gaye.mp3,Dhara Shah - Shiv Shankar Mil Gaye.mp3,dhara shah|shiv shankar mil gaye,Dhara Shah,Shiv Shankar Mil Gaye,weak,2067,,,metadata_candidate
Dharmaraj Thapa - Aaipugyo Relaima.mp3,Dharmaraj Thapa - Aaipugyo Relaima.mp3,dharmaraj thapa|aaipugyo relaima,Dharmaraj Thapa,Aaipugyo Relaima,weak,1667,,,metadata_candidate
Dharmaraj Thapa - Aaja Madal Bajeko Kina.mp3,Dharmaraj Thapa - Aaja Madal Bajeko Kina.mp3,dharmaraj thapa|aaja madal bajeko kina,Dharmaraj Thapa,Aaja Madal Bajeko Kina,strong,144,144,,metadata_only
Dharmaraj Thapa - Aaja Malai Sanchho Chhaina.mp3,Dharmaraj Thapa - Aaja Malai Sanchho Chhaina.mp3,dharmaraj thapa|aaja malai sanchho chhaina,Dharmaraj Thapa,Aaja Malai Sanchho Chhaina,strong,144,144,,metadata_only
Dharmaraj Thapa - Bukyanima Buki Phulyo.mp3,Dharmaraj Thapa - Bukyanima Buki Phulyo.mp3,dharmaraj thapa|bukyanima buki phulyo,Dharmaraj Thapa,Bukyanima Buki Phulyo,weak,1005,,,metadata_candidate
Dharmaraj Thapa - Dhurudhuru Narou Aama.mp3,Dharmaraj Thapa - Dhurudhuru Narou Aama.mp3,dharmaraj thapa|dhurudhuru narou aama,Dharmaraj Thapa,Dhurudhuru Narou Aama,strong,1007,1007,,metadata_only
Dharmaraj Thapa - Hariyo Bhannu.mp3,Dharmaraj Thapa - Hariyo Bhannu.mp3,dharmaraj thapa|hariyo bhannu,Dharmaraj Thapa,Hariyo Bhannu,weak,758,,,metadata_candidate
Dharmaraj Thapa - Hariyo Danda Mathi.mp3,Dharmaraj Thapa - Hariyo Danda Mathi.mp3,dharmaraj thapa|hariyo danda mathi,Dharmaraj Thapa,Hariyo Danda Mathi,strong,1090,1090,,metadata_only
Dharmaraj Thapa - Karma Rukho Jhayau Lagepachhi.mp3,Dharmaraj Thapa - Karma Rukho Jhayau Lagepachhi.mp3,dharmaraj thapa|karma rukho jhayau lagepachhi,Dharmaraj Thapa,Karma Rukho Jhayau Lagepachhi,weak,503,,,metadata_candidate
Dharmaraj Thapa - Khai Ta Malai Jali Rumal.mp3,Dharmaraj Thapa - Khai Ta Malai Jali Rumal.mp3,dharmaraj thapa|khai ta malai jali rumal,Dharmaraj Thapa,Khai Ta Malai Jali Rumal,strong,659,659,,metadata_only
Dharmaraj Thapa - Reshamle Nani.mp3,Dharmaraj Thapa - Reshamle Nani.mp3,dharmaraj thapa|reshamle nani,Dharmaraj Thapa,Reshamle Nani,weak,2394,,,metadata_candidate
Dharmaraj Thapa - Saili Rimai Chauri Gai.mp3,Dharmaraj Thapa - Saili Rimai Chauri Gai.mp3,dharmaraj thapa|saili rimai chauri gai,Dharmaraj Thapa,Saili Rimai Chauri Gai,strong,1494,1494,,metadata_only
Dharmaraj Thapa - Tansenko Sital.mp3,Dharmaraj Thapa - Tansenko Sital.mp3,dharmaraj thapa|tansenko sital,Dharmaraj Thapa,Tansenko Sital,strong,1969,1969,,metadata_only
Dharmaraj Thapa - Timile Bhane Birseki Hauli.mp3,Dharmaraj Thapa - Timile Bhane Birseki Hauli.mp3,dharmaraj thapa|timile bhane birseki hauli,Dharmaraj Thapa,Timile Bhane Birseki Hauli,strong,3567,3567,,metadata_only
"Dharti Bhanda Pani Thulo Aama ｜｜ JHINGEDAAU 2 Movie Song 2026 ｜｜ Madan Krishna Shrestha, Mithila S.m4a","Dharti Bhanda Pani Thulo Aama ｜｜ JHINGEDAAU 2 Movie Song 2026 ｜｜ Madan Krishna Shrestha, Mithila S.m4a",osrdigital|dharti bhanda pani thulo aama,OSRDigital,"Dharti Bhanda Pani Thulo Aama || JHINGEDAAU 2 Movie Song 2026 || Madan Krishna Shrestha, Mithila S",weak,1007,,,metadata_candidate
"Dhaule Dhansar ｜｜ KINA LAGCHHA MAYA Nepali Movie Song 2026 ｜｜ Sanjit, Jahanwi, Richa, Miss Pabi.m4a","Dhaule Dhansar ｜｜ KINA LAGCHHA MAYA Nepali Movie Song 2026 ｜｜ Sanjit, Jahanwi, Richa, Miss Pabi.m4a",osrdigital|dhaule dhansar,OSRDigital,"Dhaule Dhansar || KINA LAGCHHA MAYA Nepali Movie Song 2026 || Sanjit, Jahanwi, Richa, Miss Pabi",weak,2103,,,metadata_candidate
DHIMI DHIMI NAACH BANJARA TEEJ SONG REMIX BY DJ RAHUL NRJ & DJ RAMARAJU MBNR.mp3.m4a,DHIMI DHIMI NAACH BANJARA TEEJ SONG REMIX BY DJ RAHUL NRJ & DJ RAMARAJU MBNR.mp3.m4a,dj ramaraju mahaboob nagar|dhimi dhimi naach banjara teej song by dj rahul nrj dj ramaraju mbnr mp3,DJ RAMARAJU MAHABOOB NAGAR,DHIMI DHIMI NAACH BANJARA TEEJ SONG REMIX BY DJ RAHUL NRJ & DJ RAMARAJU MBNR.mp3,weak,3163,,,metadata_candidate
DHUMI NACHE BANJARA TEEJ SONG DANDIYA DANCE REMIX BY DJ KARTHIK CRAZY.mp3.m4a,DHUMI NACHE BANJARA TEEJ SONG DANDIYA DANCE REMIX BY DJ KARTHIK CRAZY.mp3.m4a,dj karthik crazy|dhumi nache banjara teej song dandiya dance by dj karthik crazy mp3,🔁DJ KARTHIK CRAZY▶️,DHUMI NACHE BANJARA TEEJ SONG DANDIYA DANCE REMIX BY DJ KARTHIK CRAZY.mp3,weak,3163,,,metadata_candidate
"Dhunga Mathi Leu ｜｜ MALATI MANGALE Movie Song 2026 ｜｜ Bijay Baral, Barsha Raut, Mexam Gaudel.m4a","Dhunga Mathi Leu ｜｜ MALATI MANGALE Movie Song 2026 ｜｜ Bijay Baral, Barsha Raut, Mexam Gaudel.m4a",osrdigital|dhunga mathi leu,OSRDigital,"Dhunga Mathi Leu || MALATI MANGALE Movie Song 2026 || Bijay Baral, Barsha Raut, Mexam Gaudel",weak,3873,,,metadata_candidate
Dick Walter (Enstrümantal) - Cobwebs and Rainbows.mp3,Dick Walter (Enstrümantal) - Cobwebs and Rainbows.mp3,dick walter enstrümantal|cobwebs and rainbows,Dick Walter (Enstrümantal),Cobwebs and Rainbows,none,,,,no_lyrics
Didi Bahini Teej Song www.lovenepal.net.mp3,Didi Bahini Teej Song www.lovenepal.net.mp3,archive org|didi bahini teej song,archive.org,Didi Bahini Teej Song www.lovenepal.net,weak,2315,,,metadata_candidate
didi_bahini_teej_song_www.lovenepal.net.ogg,didi_bahini_teej_song_www.lovenepal.net.ogg,archive org|didi_bahini_teej_song_,archive.org,didi_bahini_teej_song_www.lovenepal.net,none,,,,no_lyrics
"Dilma Thau Chha ｜｜ BEHULI Nepali Movie Song 2026 ｜｜ Cool Boy (Paras Bam Thakuri), Divya Rayamajhi.m4a","Dilma Thau Chha ｜｜ BEHULI Nepali Movie Song 2026 ｜｜ Cool Boy (Paras Bam Thakuri), Divya Rayamajhi.m4a",osrdigital|dilma thau chha,OSRDigital,"Dilma Thau Chha || BEHULI Nepali Movie Song 2026 || Cool Boy (Paras Bam Thakuri), Divya Rayamajhi",weak,4003,,,metadata_candidate
"Dinesh Adhikari, Bimala Rai - Ye Phool Malai.mp3","Dinesh Adhikari, Bimala Rai - Ye Phool Malai.mp3",dinesh adhikari bimala rai|ye phool malai,"Dinesh Adhikari, Bimala Rai",Ye Phool Malai,probable,3465,,,metadata_candidate
"Dipak Limbu, Anju Panta - Chhati Bhitra.mp3","Dipak Limbu, Anju Panta - Chhati Bhitra.mp3",dipak limbu anju panta|chhati bhitra,"Dipak Limbu, Anju Panta",Chhati Bhitra,probable,3076,,,metadata_candidate
"Dipak Limbu, Anju Panta - Nyano Yo Sath.mp3","Dipak Limbu, Anju Panta - Nyano Yo Sath.mp3",dipak limbu anju panta|nyano yo sath,"Dipak Limbu, Anju Panta",Nyano Yo Sath,strong,688,688,,metadata_only
Dirty R _ Saathi II(Reply) with Yama Buddha.m4a,Dirty R _ Saathi II(Reply) with Yama Buddha.m4a,dirtyr|dirty r _ saathi ii reply with yama buddha,DirtyR,Dirty R _ Saathi II(Reply) with Yama Buddha,weak,1184,,,metadata_candidate
"Divya Khaling, Bimala Rai - Sapana Timi Bipana Timi.mp3","Divya Khaling, Bimala Rai - Sapana Timi Bipana Timi.mp3",divya khaling bimala rai|sapana timi bipana timi,"Divya Khaling, Bimala Rai",Sapana Timi Bipana Timi,weak,752,,,metadata_candidate
Divya Tyagi - Shiv Shankar Bholenath Tera Damru Baje Parvat Pe.mp3,Divya Tyagi - Shiv Shankar Bholenath Tera Damru Baje Parvat Pe.mp3,divya tyagi|shiv shankar bholenath tera damru baje parvat pe,Divya Tyagi,Shiv Shankar Bholenath Tera Damru Baje Parvat Pe,weak,1543,,,metadata_candidate
"Diwakar khadka, Ram Thapa - Pahad Jhuknu Parchha.mp3","Diwakar khadka, Ram Thapa - Pahad Jhuknu Parchha.mp3",diwakar khadka ram thapa|pahad jhuknu parchha,"Diwakar khadka, Ram Thapa",Pahad Jhuknu Parchha,strong,2905,2905,,metadata_only
Dj Caat - AYY KANCHA- Slowed.mp3,Dj Caat - AYY KANCHA- Slowed.mp3,dj caat|ayy kancha slowed,Dj Caat,AYY KANCHA- Slowed,weak,472,,,metadata_candidate
Dj Caat - AYY KANCHA.mp3,Dj Caat - AYY KANCHA.mp3,dj caat|ayy kancha,Dj Caat,AYY KANCHA,weak,472,,,metadata_candidate
Dj Caat - BABY DO THAT DRILL.mp3,Dj Caat - BABY DO THAT DRILL.mp3,dj caat|baby do that drill,Dj Caat,BABY DO THAT DRILL,weak,3999,,,metadata_candidate
Dj Caat - DIE AGAIN (5).mp3,Dj Caat - DIE AGAIN (5).mp3,dj caat|die again,Dj Caat,DIE AGAIN,weak,105,,,metadata_candidate
Dj Caat - GANGAYY FUNK (2).mp3,Dj Caat - GANGAYY FUNK (2).mp3,dj caat|gangayy funk,Dj Caat,GANGAYY FUNK,none,,,,no_lyrics
Dj Caat - HOLD ME IN THE DARK.mp3,Dj Caat - HOLD ME IN THE DARK.mp3,dj caat|hold me in the dark,Dj Caat,HOLD ME IN THE DARK,weak,836,,,metadata_candidate
Dj Caat - MONTAGEM CJP.mp3,Dj Caat - MONTAGEM CJP.mp3,dj caat|montagem cjp,Dj Caat,MONTAGEM CJP,none,,,,no_lyrics
Dj Caat - MONTAGEM GEN Z FUNK.mp3,Dj Caat - MONTAGEM GEN Z FUNK.mp3,dj caat|montagem gen z funk,Dj Caat,MONTAGEM GEN Z FUNK,none,,,,no_lyrics
Dj Caat - NEPALI PHONK 3 (2).mp3,Dj Caat - NEPALI PHONK 3 (2).mp3,dj caat|nepali phonk 3,Dj Caat,NEPALI PHONK 3,weak,207,,,metadata_candidate
Dj Caat - NEPALI PHONK.mp3,Dj Caat - NEPALI PHONK.mp3,dj caat|nepali phonk,Dj Caat,NEPALI PHONK,weak,207,,,metadata_candidate
Dj Caat - NEPAMORPHOSIS (4).mp3,Dj Caat - NEPAMORPHOSIS (4).mp3,dj caat|nepamorphosis,Dj Caat,NEPAMORPHOSIS,none,,,,no_lyrics
Dj Caat - NOITE QUITE.mp3,Dj Caat - NOITE QUITE.mp3,dj caat|noite quite,Dj Caat,NOITE QUITE,none,,,,no_lyrics
Dj Caat - PAGAL HO FUNK (3).mp3,Dj Caat - PAGAL HO FUNK (3).mp3,dj caat|pagal ho funk,Dj Caat,PAGAL HO FUNK,weak,3574,,,metadata_candidate
Dj Caat - PHYSICS WALLAH FUNK ! (3).mp3,Dj Caat - PHYSICS WALLAH FUNK ! (3).mp3,dj caat|physics wallah funk,Dj Caat,PHYSICS WALLAH FUNK !,none,,,,no_lyrics
Dj Caat - TIMI KINA YESTO FUNK.mp3,Dj Caat - TIMI KINA YESTO FUNK.mp3,dj caat|timi kina yesto funk,Dj Caat,TIMI KINA YESTO FUNK,weak,752,,,metadata_candidate
"Dj Caat, bblgxm, O LENHADOR - SEM DO.mp3","Dj Caat, bblgxm, O LENHADOR - SEM DO.mp3",dj caat bblgxm o lenhador|sem do,"Dj Caat, bblgxm, O LENHADOR",SEM DO,none,108,,,metadata_candidate
"Dj Caat, cavezt.vfx - PANAY PANAY! (2).mp3","Dj Caat, cavezt.vfx - PANAY PANAY! (2).mp3",dj caat cavezt vfx|panay panay,"Dj Caat, cavezt.vfx",PANAY PANAY!,weak,3025,,,metadata_candidate
"Dj Caat, cavezt.vfx - Slendrina Funk.mp3","Dj Caat, cavezt.vfx - Slendrina Funk.mp3",dj caat cavezt vfx|slendrina funk,"Dj Caat, cavezt.vfx",Slendrina Funk,none,,,,no_lyrics
"Dj Caat, cavezt.vfx - VANNAY.mp3","Dj Caat, cavezt.vfx - VANNAY.mp3",dj caat cavezt vfx|vannay,"Dj Caat, cavezt.vfx",VANNAY,weak,1240,,,metadata_candidate
"Dj Caat, DJ ZYLEX - MONTAGEM BALANDO PURO.mp3","Dj Caat, DJ ZYLEX - MONTAGEM BALANDO PURO.mp3",dj caat dj zylex|montagem balando puro,"Dj Caat, DJ ZYLEX",MONTAGEM BALANDO PURO,none,,,,no_lyrics
"Dj Caat, MC SAIRAJ - SOKKA ZADA (3).mp3","Dj Caat, MC SAIRAJ - SOKKA ZADA (3).mp3",dj caat mc sairaj|sokka zada,"Dj Caat, MC SAIRAJ",SOKKA ZADA,none,,,,no_lyrics
"Dj Caat, Young Serena - BY YOUR SIDE FUNK!.mp3","Dj Caat, Young Serena - BY YOUR SIDE FUNK!.mp3",dj caat young serena|by your side funk,"Dj Caat, Young Serena",BY YOUR SIDE FUNK!,weak,3814,,,metadata_candidate
"Dj Caat, Young Serena - MONTAGEM YAAD MA FUNK (2).mp3","Dj Caat, Young Serena - MONTAGEM YAAD MA FUNK (2).mp3",dj caat young serena|montagem yaad ma funk,"Dj Caat, Young Serena",MONTAGEM YAAD MA FUNK,weak,3773,,,metadata_candidate
"Dj Caat, Young Serena - MONTAGEM YAAD MA.mp3","Dj Caat, Young Serena - MONTAGEM YAAD MA.mp3",dj caat young serena|montagem yaad ma,"Dj Caat, Young Serena",MONTAGEM YAAD MA,weak,3773,,,metadata_candidate
"Dj Caat, Young Serena - MONTAGEM YAAD.mp3","Dj Caat, Young Serena - MONTAGEM YAAD.mp3",dj caat young serena|montagem yaad,"Dj Caat, Young Serena",MONTAGEM YAAD,weak,114,,,metadata_candidate
"Dj Caat, Young Serena - TIMRO YAAD MA.mp3","Dj Caat, Young Serena - TIMRO YAAD MA.mp3",dj caat young serena|timro yaad ma,"Dj Caat, Young Serena",TIMRO YAAD MA,weak,907,,,metadata_candidate
Dj Cerberus & me - are you in team (2nights mix_ by Vlad & dj nePali & Jarique).mp3,Dj Cerberus & me - are you in team (2nights mix_ by Vlad & dj nePali & Jarique).mp3,dj cerberus me|are you in team 2nights mix by vlad dj nepali jarique,Dj Cerberus & me,are you in team (2nights mix/ by Vlad & dj nePali & Jarique),weak,207,,,metadata_candidate
DJ DROP HURUNG ERCAN BBHC - ERCAN RIMEX.m4a,DJ DROP HURUNG ERCAN BBHC - ERCAN RIMEX.m4a,muhammad kaab akbar|dj drop hurung ercan bbhc ercan rimex,Muhammad Kaab Akbar,DJ DROP HURUNG ERCAN BBHC - ERCAN RIMEX,none,,,,no_lyrics
"Dj Raju - Chyangba feat. DA 69, Aidray, Mausami Gurung & Kranti Ale (Official Video).m4a","Dj Raju - Chyangba feat. DA 69, Aidray, Mausami Gurung & Kranti Ale (Official Video).m4a",duhitsmeb|dj raju chyangba feat da 69 aidray mausami gurung kranti ale,DUHITSMEB,"Dj Raju - Chyangba feat. DA 69, Aidray, Mausami Gurung & Kranti Ale (Official Video)",weak,1964,,,metadata_candidate
DK - MAITIGHAR ｜｜ ST MAN × DONG ｜｜ M.K OFFICIAL.m4a,DK - MAITIGHAR ｜｜ ST MAN × DONG ｜｜ M.K OFFICIAL.m4a,m k official|dk maitighar,M.K OFFICIAL,DK - MAITIGHAR || ST MAN × DONG || M.K OFFICIAL,weak,892,,,metadata_candidate
DMRITI - Malai Aaja Bholi (Official Video).m4a,DMRITI - Malai Aaja Bholi (Official Video).m4a,dmriti|dmriti malai aaja bholi,DMRITI,DMRITI - Malai Aaja Bholi (Official Video),weak,30,,,metadata_candidate
Dolla Bill ft. Young Lama.m4a,Dolla Bill ft. Young Lama.m4a,vten|dolla bill ft young lama,VTEN,Dolla Bill ft. Young Lama,strong,1393,1393,,metadata_only
DONG  Sakdina Lyrics Video  New Nepali Rap Song 2021.mp3.m4a,DONG  Sakdina Lyrics Video  New Nepali Rap Song 2021.mp3.m4a,haha|dong sakdina new mp3,haha,DONG  Sakdina Lyrics Video  New Nepali Rap Song 2021.mp3,weak,130,,,metadata_candidate
Dravya -Fulbari (Prod.UNLUCKY).m4a,Dravya -Fulbari (Prod.UNLUCKY).m4a,dravya|dravya fulbari,DRAVYA,Dravya -Fulbari (Prod.UNLUCKY),weak,2217,,,metadata_candidate
Dreamer - prod.Unik poet.m4a,Dreamer - prod.Unik poet.m4a,uniq poet|dreamer,Uniq Poet,Dreamer - prod.Unik poet,weak,2385,,,metadata_candidate
DRONA- Mero Maan Maaa (Lhotsampa⧸Nepali Rap).m4a,DRONA- Mero Maan Maaa (Lhotsampa⧸Nepali Rap).m4a,flo studio production|drona mero maan maaa lhotsampa nepali rap,FLO STUDIO PRODUCTION,DRONA- Mero Maan Maaa (Lhotsampa/Nepali Rap),weak,207,,,metadata_candidate
"DUI RUPAIYAN ｜ New Nepali Movie ＂DUI RUPAIYAN＂ Song ｜ Rohit Shakya, Aidray and Laure.m4a","DUI RUPAIYAN ｜ New Nepali Movie ＂DUI RUPAIYAN＂ Song ｜ Rohit Shakya, Aidray and Laure.m4a",highlightsnepal|dui rupaiyan,HighlightsNepal,"DUI RUPAIYAN | New Nepali Movie ""DUI RUPAIYAN"" Song | Rohit Shakya, Aidray and Laure",weak,1843,,,metadata_candidate
Dukha Nadieun - Dambar Bahadur Gandarbha(FUZZSCAPE BHOJPUR).mp3,Dukha Nadieun - Dambar Bahadur Gandarbha(FUZZSCAPE BHOJPUR).mp3,fuzz factory productions|dukha nadieun dambar bahadur gandarbha fuzzscape bhojpur,Fuzz Factory Productions,Dukha Nadieun - Dambar Bahadur Gandarbha(FUZZSCAPE BHOJPUR),none,,,,no_lyrics
"Duluwa ｜｜ Himanshu Shrestha ｜｜ Devendra Raj, Kabindra , Shrena, Shawn ｜｜ New Nepali Song 2083 ⧸ 2026.m4a","Duluwa ｜｜ Himanshu Shrestha ｜｜ Devendra Raj, Kabindra , Shrena, Shawn ｜｜ New Nepali Song 2083 ⧸ 2026.m4a",osrdigital|duluwa,OSRDigital,"Duluwa || Himanshu Shrestha || Devendra Raj, Kabindra , Shrena, Shawn || New Nepali Song 2083 / 2026",weak,3705,,,metadata_candidate
Durgesh Thapa- Dushman Hereko Herai (Boysfromis Remix).m4a,Durgesh Thapa- Dushman Hereko Herai (Boysfromis Remix).m4a,boysfromis|durgesh thapa dushman hereko herai boysfromis,Boysfromis,Durgesh Thapa- Dushman Hereko Herai (Boysfromis Remix),weak,1185,,,metadata_candidate
DUSMAN_HEREKO_HERAI_Durgesh_Thapa_ Trible House DJ Chhetri Remix.m4a,DUSMAN_HEREKO_HERAI_Durgesh_Thapa_ Trible House DJ Chhetri Remix.m4a,dj anjan chhetri npl|dusman_hereko_herai_durgesh_thapa_ trible house dj chhetri,DJ  ANJAN CHHETRI NPL,DUSMAN_HEREKO_HERAI_Durgesh_Thapa_ Trible House DJ Chhetri Remix,none,,,,no_lyrics
dylan.vh - sacar el gatillo.m4a,dylan.vh - sacar el gatillo.m4a,dylan vh|dylan vh sacar el gatillo,dylan.vh,dylan.vh - sacar el gatillo,none,,,,no_lyrics
Ehsaan Khan - Dhadye Sajjan.mp3,Ehsaan Khan - Dhadye Sajjan.mp3,ehsaan khan|dhadye sajjan,Ehsaan Khan,Dhadye Sajjan,none,1366,,,metadata_candidate
EK BALAK - Abinash Chaulagain & Sagar Dhimal ｜ New Nepali Rap Song 2020.m4a,EK BALAK - Abinash Chaulagain & Sagar Dhimal ｜ New Nepali Rap Song 2020.m4a,songsnepal|ek balak abinash chaulagain sagar dhimal,SongsNepal,EK BALAK - Abinash Chaulagain & Sagar Dhimal | New Nepali Rap Song 2020,weak,210,,,metadata_candidate
Ela Quer Viver no Pantanal - Famoso Ímã - O Poderoso Chatão ( part. MC Poze do Rodo e MC Leozinho ZS ).m4a,Ela Quer Viver no Pantanal - Famoso Ímã - O Poderoso Chatão ( part. MC Poze do Rodo e MC Leozinho ZS ).m4a,trap rap|ela quer viver no pantanal famoso ímã o poderoso chatão part mc poze do rodo e mc leozinho zs,TRAP & RAP | BRAZIL,Ela Quer Viver no Pantanal - Famoso Ímã - O Poderoso Chatão ( part. MC Poze do Rodo e MC Leozinho ZS ),none,,,,no_lyrics
Erie Tamang Gumba： Sailo ma Charghare dance cover by Dikchaya and her friends.m4a,Erie Tamang Gumba： Sailo ma Charghare dance cover by Dikchaya and her friends.m4a,erie tamang gumba a nonprofit organization|erie tamang gumba sailo ma charghare dance by dikchaya and her friends,Erie Tamang Gumba a Nonprofit Organization,Erie Tamang Gumba: Sailo ma Charghare dance cover by Dikchaya and her friends,strong,828,828,,metadata_only
Everest Minority - Nepali Song.mp3,Everest Minority - Nepali Song.mp3,everest minority|,Everest Minority,Nepali Song,none,3934,,,metadata_candidate
Fabulous advert -Mistah k x Preeti kaur.m4a,Fabulous advert -Mistah k x Preeti kaur.m4a,uckvzqfq0eivvb0r2s3yataa|fabulous advert mistah k x preeti kaur,UCKvZqfQ0eIVvB0r2s3yaTaA,Fabulous advert -Mistah k x Preeti kaur,weak,2442,,,metadata_candidate
Faheem Ali - Aeda Ach Na Sajjan Sengar Kary.mp3,Faheem Ali - Aeda Ach Na Sajjan Sengar Kary.mp3,faheem ali|aeda ach na sajjan sengar kary,Faheem Ali,Aeda Ach Na Sajjan Sengar Kary,none,,,,no_lyrics
Faheem Ali - Wah Sajjan Tuhinja Waida.mp3,Faheem Ali - Wah Sajjan Tuhinja Waida.mp3,faheem ali|wah sajjan tuhinja waida,Faheem Ali,Wah Sajjan Tuhinja Waida,weak,3101,,,metadata_candidate
"Fan Chalyo Gham Ko Dhupaima ｜｜ Bina Raut, Udaya Raj Giri ｜｜ Ujjwal Babu, Junu Prasain ｜｜ Nepali Song.m4a","Fan Chalyo Gham Ko Dhupaima ｜｜ Bina Raut, Udaya Raj Giri ｜｜ Ujjwal Babu, Junu Prasain ｜｜ Nepali Song.m4a",osrdigital|fan chalyo gham ko dhupaima,OSRDigital,"Fan Chalyo Gham Ko Dhupaima || Bina Raut, Udaya Raj Giri || Ujjwal Babu, Junu Prasain || Nepali Song",weak,253,,,metadata_candidate
"Feri Jaalma - New Nepali Movie Song Feri Resham Filili- Vinay Shrestha, Supuspa Bhatta.m4a","Feri Jaalma - New Nepali Movie Song Feri Resham Filili- Vinay Shrestha, Supuspa Bhatta.m4a",budha subba digital|feri jaalma new nepali movie song feri resham filili vinay shrestha supuspa bhatta,Budha Subba Digital,"Feri Jaalma - New Nepali Movie Song Feri Resham Filili- Vinay Shrestha, Supuspa Bhatta",weak,207,,,metadata_candidate
FidaTimro Chanchale Rupale - Janma RaiNew Nepali Pop Song 2014.mp3,FidaTimro Chanchale Rupale - Janma RaiNew Nepali Pop Song 2014.mp3,fidatimro chanchale rupale|janma rainew nepali pop song,FidaTimro Chanchale Rupale,Janma RaiNew Nepali Pop Song 2014,weak,207,,,metadata_candidate
Figure Coca Cola Sirju AdhikariTanka Timilsina Latest Nepali Hit Duet Song Ft. Durgesh Thapa www.freenepalisong.com.mp3,Figure Coca Cola Sirju AdhikariTanka Timilsina Latest Nepali Hit Duet Song Ft. Durgesh Thapa www.freenepalisong.com.mp3,archive org|figure coca cola sirju adhikaritanka timilsina latest nepali hit duet song ft durgesh thapa,archive.org,Figure Coca Cola Sirju AdhikariTanka Timilsina Latest Nepali Hit Duet Song Ft. Durgesh Thapa www.freenepalisong.com,weak,207,,,metadata_candidate
Figure Coca Cola Sirju AdhikariTanka Timilsina Latest Nepali Hit Duet Song Ft. Durgesh Thapa.ogg,Figure Coca Cola Sirju AdhikariTanka Timilsina Latest Nepali Hit Duet Song Ft. Durgesh Thapa.ogg,archive org|figure coca cola sirju adhikaritanka timilsina latest nepali hit duet song ft durgesh thapa,archive.org,Figure Coca Cola  Sirju AdhikariTanka Timilsina  Latest Nepali Hit Duet Song Ft. Durgesh Thapa,weak,207,,,metadata_candidate
Finally Bhetiyo.m4a,Finally Bhetiyo.m4a,release topic|finally bhetiyo,Release - Topic,Finally Bhetiyo,none,1912,,,metadata_candidate
Free Da Nicks ft Lil Buddha & Da Ygks.m4a,Free Da Nicks ft Lil Buddha & Da Ygks.m4a,jodie woahk|free da nicks ft lil buddha da ygks,Jodie Woahk,Free Da Nicks ft Lil Buddha & Da Ygks,weak,3051,,,metadata_candidate
Freeverse 23.mp3,Freeverse 23.mp3,uniq poet|freeverse 23,Uniq Poet,Freeverse 23,probable,3650,,,metadata_candidate
Fulbari - Yabesh Thapa(Cover).m4a,Fulbari - Yabesh Thapa(Cover).m4a,swopnil thapa|fulbari yabesh thapa,Swopnil Thapa,Fulbari - Yabesh Thapa(Cover),weak,1401,,,metadata_candidate
fulbari guys.m4a,fulbari guys.m4a,baje sp vlog|fulbari guys,Baje sp vlog,fulbari guys,weak,2217,,,metadata_candidate
"Fulbari place rap song [Full Song] ｜ Bibek Khan, Sk Oidul ｜ Hip Hop Rap Song ｜ 2024 Latest Song #2m.m4a","Fulbari place rap song [Full Song] ｜ Bibek Khan, Sk Oidul ｜ Hip Hop Rap Song ｜ 2024 Latest Song #2m.m4a",the king star|fulbari place rap song,The King Star,"Fulbari place rap song [Full Song] | Bibek Khan, Sk Oidul | Hip Hop Rap Song | 2024 Latest Song #2m",weak,3163,,,metadata_candidate
FULBARI – Official Lyrics Video (Prod.jxsie beats).m4a,FULBARI – Official Lyrics Video (Prod.jxsie beats).m4a,binit karki|fulbari official,Binit Karki,FULBARI – Official Lyrics Video (Prod.jxsie beats),weak,2774,,,metadata_candidate
Fulbari.m4a,Fulbari.m4a,shandilya banerjee|fulbari,Shandilya Banerjee,Fulbari,weak,2217,,,metadata_candidate
Fulko mala tyo timro galama नेपाली किृष्ण भजन फूलको माला त्यो तिम्रो गलामा.m4a,Fulko mala tyo timro galama नेपाली किृष्ण भजन फूलको माला त्यो तिम्रो गलामा.m4a,nepali bhajan sangit|fulko mala tyo timro galama नेपाली किृष्ण भजन फूलको माला त्यो तिम्रो गलामा,Nepali Bhajan Sangit,Fulko mala tyo timro galama नेपाली किृष्ण भजन फूलको माला त्यो तिम्रो गलामा,strong,956,956,,metadata_only
FULKUMARI OFFICIAL MUSIC VIDEO Prodby@KleinBeats.m4a,FULKUMARI OFFICIAL MUSIC VIDEO Prodby@KleinBeats.m4a,x3 music and 2 more|fulkumari,x3 Music and 2 more,FULKUMARI OFFICIAL MUSIC VIDEO Prodby@KleinBeats,none,3087,,,metadata_candidate
Future Bass Anxmus x Utsav - Nepali Pan 2.0.mp3,Future Bass Anxmus x Utsav - Nepali Pan 2.0.mp3,future bass anxmus x utsav|nepali pan 2 0,Future Bass Anxmus x Utsav,Nepali Pan 2.0,weak,207,,,metadata_candidate
G BOB - FINALLY BHETIYO [Lyrics Video].m4a,G BOB - FINALLY BHETIYO [Lyrics Video].m4a,hiphop industry|g bob finally bhetiyo,HIPHOP INDUSTRY,G BOB - FINALLY BHETIYO [Lyrics Video],none,,,,no_lyrics
G BOB PERFORMANCE AT BAYARGHARI MELA ｜｜ GBOB ｜｜ RAP SONG ｜｜.m4a,G BOB PERFORMANCE AT BAYARGHARI MELA ｜｜ GBOB ｜｜ RAP SONG ｜｜.m4a,chandan kc|g bob performance at bayarghari mela,Chandan kc,G BOB PERFORMANCE AT BAYARGHARI MELA || GBOB || RAP SONG ||,none,,,,no_lyrics
G-BOB - Free verse (Milena Level Tero Bau Bola Yeh)  ⧸⧸ ANTF NEPAL ⧸⧸ RAP BATTLE ⧸⧸ 2022.m4a,G-BOB - Free verse (Milena Level Tero Bau Bola Yeh)  ⧸⧸ ANTF NEPAL ⧸⧸ RAP BATTLE ⧸⧸ 2022.m4a,saransh shukla|g bob free verse milena level tero bau bola yeh antf nepal rap battle,SARANSH SHUKLA,G-BOB - Free verse (Milena Level Tero Bau Bola Yeh)  // ANTF NEPAL // RAP BATTLE // 2022,weak,2944,,,metadata_candidate
G-BOB — Milena Level Tero Bau Bola ｜ (lyrics).m4a,G-BOB — Milena Level Tero Bau Bola ｜ (lyrics).m4a,lyrics creation|g bob milena level tero bau bola,Lyrics Creation,G-BOB — Milena Level Tero Bau Bola | (lyrics),none,2277,,,metadata_candidate
G-BOB_-_(LEVEL)_MILEN_LEVEL_TERO_BAU_BOLA_A_@ANTF_@Roller_X2022_Rap_Song_@St.m4a.m4a,G-BOB_-_(LEVEL)_MILEN_LEVEL_TERO_BAU_BOLA_A_@ANTF_@Roller_X2022_Rap_Song_@St.m4a.m4a,young khaling|g bob_ _ level _milen_level_tero_bau_bola_a_ antf_ roller_x2022_rap_song_ st m4a,YOUNG KHALING,G-BOB_-_(LEVEL)_MILEN_LEVEL_TERO_BAU_BOLA_A_@ANTF_@Roller_X2022_Rap_Song_@St.m4a,none,,,,no_lyrics
G1YDER-babysitting (goofy ahh rap1)prod key6lade.mp3,G1YDER-babysitting (goofy ahh rap1)prod key6lade.mp3,g1yder|g1yder babysitting goofy ahh rap1,G1YDER,G1YDER-babysitting (goofy ahh rap1)prod key6lade,none,,,,no_lyrics
Gagan Balran - Sajjan Sade.mp3,Gagan Balran - Sajjan Sade.mp3,gagan balran|sajjan sade,Gagan Balran,Sajjan Sade,weak,376,,,metadata_candidate
Gaggu Sajjan - Chase Me.mp3,Gaggu Sajjan - Chase Me.mp3,gaggu sajjan|chase me,Gaggu Sajjan,Chase Me,weak,2060,,,metadata_candidate
Gaggu Sajjan - ਪੁਰਾਣੇ ਖਿਡਾਰੀ.mp3,Gaggu Sajjan - ਪੁਰਾਣੇ ਖਿਡਾਰੀ.mp3,gaggu sajjan|ਪ ਰ ਣ ਖ ਡ ਰ,Gaggu Sajjan,ਪੁਰਾਣੇ ਖਿਡਾਰੀ,none,,,,no_lyrics
Gaggu Sajjan - ਸੰਦ ਰੱਖਿਆ.mp3,Gaggu Sajjan - ਸੰਦ ਰੱਖਿਆ.mp3,gaggu sajjan|ਸ ਦ ਰ ਖ ਆ,Gaggu Sajjan,ਸੰਦ ਰੱਖਿਆ,none,,,,no_lyrics
Gairi Khet Ko ｜ Hard Trap ｜ Trishala Gurung (Cover Song) ｜ Drop Nepal.m4a,Gairi Khet Ko ｜ Hard Trap ｜ Trishala Gurung (Cover Song) ｜ Drop Nepal.m4a,drop nepal|gairi khet ko,Drop Nepal,Gairi Khet Ko | Hard Trap | Trishala Gurung (Cover Song) | Drop Nepal,probable,511,,,metadata_candidate
Galli Sadak VTEN Offical song.m4a,Galli Sadak VTEN Offical song.m4a,ramesh beatzs|galli sadak vten offical song,Ramesh Beatzs,Galli Sadak VTEN Offical song,weak,3980,,,metadata_candidate
GALTI - Kailash Rai and Lil Chain ｜ New Nepali R&B Song 2020.m4a,GALTI - Kailash Rai and Lil Chain ｜ New Nepali R&B Song 2020.m4a,songsnepal|galti kailash rai and lil chain,SongsNepal,GALTI - Kailash Rai and Lil Chain | New Nepali R&B Song 2020,weak,893,,,metadata_candidate
Gambu Sherpa and Doma Sherpa song - Gambu Sherpa and Doma Sherpa song.mp3,Gambu Sherpa and Doma Sherpa song - Gambu Sherpa and Doma Sherpa song.mp3,gambu sherpa and doma sherpa song|gambu sherpa and doma sherpa song,Gambu Sherpa and Doma Sherpa song,Gambu Sherpa and Doma Sherpa song,weak,3163,,,metadata_candidate
Gangaram Prajpati - Shiv Shankar Bhole Baba.mp3,Gangaram Prajpati - Shiv Shankar Bhole Baba.mp3,gangaram prajpati|shiv shankar bhole baba,Gangaram Prajpati,Shiv Shankar Bhole Baba,weak,1543,,,metadata_candidate
"Gantho ｜｜ Shiva Pariyar, Milan Newar ｜｜ Ft. Kishor Khatiwada, Yogita Dahal ｜｜ New Nepali Song 2026.m4a","Gantho ｜｜ Shiva Pariyar, Milan Newar ｜｜ Ft. Kishor Khatiwada, Yogita Dahal ｜｜ New Nepali Song 2026.m4a",osrdigital|gantho,OSRDigital,"Gantho || Shiva Pariyar, Milan Newar || Ft. Kishor Khatiwada, Yogita Dahal || New Nepali Song 2026",weak,1834,,,metadata_candidate
Garo Bato.m4a,Garo Bato.m4a,gbob music|garo bato,GBOB MUSIC,Garo Bato,weak,221,,,metadata_candidate
Gautam Babu - Nepali Maal.mp3,Gautam Babu - Nepali Maal.mp3,gautam babu|nepali maal,Gautam Babu,Nepali Maal,weak,207,,,metadata_candidate
Gautam Babu Badshah feat. Vivek Nayak Badshah - Holo Ki Kasoor Ge.mp3,Gautam Babu Badshah feat. Vivek Nayak Badshah - Holo Ki Kasoor Ge.mp3,gautam babu badshah feat vivek nayak badshah|holo ki kasoor ge,Gautam Babu Badshah feat. Vivek Nayak Badshah,Holo Ki Kasoor Ge,none,,,,no_lyrics
"Gautam Babu Badshah, Avinash Das - Dede Dilwa Udhar.mp3","Gautam Babu Badshah, Avinash Das - Dede Dilwa Udhar.mp3",gautam babu badshah avinash das|dede dilwa udhar,"Gautam Babu Badshah, Avinash Das",Dede Dilwa Udhar,none,3406,,,metadata_candidate
"Gautam Babu Badshah, Sitaram Brother - Chikan Chakan Gal Ho.mp3","Gautam Babu Badshah, Sitaram Brother - Chikan Chakan Gal Ho.mp3",gautam babu badshah sitaram brother|chikan chakan gal ho,"Gautam Babu Badshah, Sitaram Brother",Chikan Chakan Gal Ho,none,2374,,,metadata_candidate
GBOB - CHILD OF A GOD.m4a,GBOB - CHILD OF A GOD.m4a,gbob music|gbob child of a god,GBOB MUSIC,GBOB - CHILD OF A GOD,weak,3938,,,metadata_candidate
GBOB - Garo Bato (Letter to my fans) ｜｜ GBOB FREEVERSE ｜｜  @ANTFNEPAL #antf #gbob.m4a,GBOB - Garo Bato (Letter to my fans) ｜｜ GBOB FREEVERSE ｜｜  @ANTFNEPAL #antf #gbob.m4a,antf|gbob garo bato letter to my fans,ANTF,GBOB - Garo Bato (Letter to my fans) || GBOB FREEVERSE ||  @ANTFNEPAL #antf #gbob,weak,221,,,metadata_candidate
GBOB - Kalakaar Official Audio (Prod. YakubBeatz).m4a,GBOB - Kalakaar Official Audio (Prod. YakubBeatz).m4a,yakubbeatz|gbob kalakaar official audio,YakubBeatZ,GBOB - Kalakaar Official Audio (Prod. YakubBeatz),weak,2774,,,metadata_candidate
GBOB - SACHO MAYA (Official Music Video) ｜｜ DAMI BASS.m4a,GBOB - SACHO MAYA (Official Music Video) ｜｜ DAMI BASS.m4a,dami bass|gbob sacho maya,Dami Bass,GBOB - SACHO MAYA (Official Music Video) || DAMI BASS,weak,526,,,metadata_candidate
GBOB – Parichaye： The Intro ｜ OFFICIAL MUSIC VIDEO ｜.m4a,GBOB – Parichaye： The Intro ｜ OFFICIAL MUSIC VIDEO ｜.m4a,gbob music|gbob parichaye the intro,GBOB MUSIC,GBOB – Parichaye: The Intro | OFFICIAL MUSIC VIDEO |,strong,838,838,,metadata_only
Gentle Groove - degree maila nepali movie.mp3,Gentle Groove - degree maila nepali movie.mp3,gentle groove|degree maila nepali movie,Gentle Groove,degree maila nepali movie,weak,207,,,metadata_candidate
"Ghampani Ghampani ｜｜ MAITIGHAR Nepali Movie Official Song 2025 ｜｜ Prakash Saput, Upasana Singh.m4a","Ghampani Ghampani ｜｜ MAITIGHAR Nepali Movie Official Song 2025 ｜｜ Prakash Saput, Upasana Singh.m4a",osrdigital|ghampani ghampani,OSRDigital,"Ghampani Ghampani || MAITIGHAR Nepali Movie Official Song 2025 || Prakash Saput, Upasana Singh",weak,731,,,metadata_candidate
"Ghatu Nach ｜｜ BAN PHOOL Movie Song 2026 (Gurung Culture Movie) ｜｜ Mausam Gurung, Jonisha Gurung.m4a","Ghatu Nach ｜｜ BAN PHOOL Movie Song 2026 (Gurung Culture Movie) ｜｜ Mausam Gurung, Jonisha Gurung.m4a",osrdigital|ghatu nach,OSRDigital,"Ghatu Nach || BAN PHOOL Movie Song 2026 (Gurung Culture Movie) || Mausam Gurung, Jonisha Gurung",weak,1180,,,metadata_candidate
Ghulam Murtaza Sabri - Meray Rutthy Howe Sajjan.mp3,Ghulam Murtaza Sabri - Meray Rutthy Howe Sajjan.mp3,ghulam murtaza sabri|meray rutthy howe sajjan,Ghulam Murtaza Sabri,Meray Rutthy Howe Sajjan,none,,,,no_lyrics
Girish - We Takin' Over Ft Assasi(Arabic Nepali Rap).m4a,Girish - We Takin' Over Ft Assasi(Arabic Nepali Rap).m4a,girish khatiwada|girish we takin over ft assasi arabic nepali rap,Girish Khatiwada,Girish - We Takin' Over Ft Assasi(Arabic Nepali Rap),strong,207,207,,metadata_only
Girish and Aid Ray - Da Drug Song.m4a,Girish and Aid Ray - Da Drug Song.m4a,girish khatiwada|girish and aid ray da drug song,Girish Khatiwada,Girish and Aid Ray - Da Drug Song,weak,3163,,,metadata_candidate
GOAT THINGS ｜ Official Music Video I Prod.by @RUTHLESSBEATZOFFICAL @LOCOLIZE2025.m4a,GOAT THINGS ｜ Official Music Video I Prod.by @RUTHLESSBEATZOFFICAL @LOCOLIZE2025.m4a,yabithegoat|goat things,yabithegoat,GOAT THINGS | Official Music Video I Prod.by @RUTHLESSBEATZOFFICAL @LOCOLIZE2025,none,,,,no_lyrics
GOBAR LYATH (गोबर ल्याठ ) [Official Music Video] (NEPALI SONG⧸NEPALI RAP).mp3,GOBAR LYATH (गोबर ल्याठ ) [Official Music Video] (NEPALI SONG⧸NEPALI RAP).mp3,ip|gobar lyath गोबर ल्याठ nepali rap,$IP,GOBAR LYATH (गोबर ल्याठ ) [Official Music Video] (NEPALI SONG/NEPALI RAP),weak,207,,,metadata_candidate
God Rest Ye Merry Gentlemen.mp3,God Rest Ye Merry Gentlemen.mp3,various artists|god rest ye merry gentlemen,Various Artists,God Rest Ye Merry Gentlemen,none,,,,no_lyrics
"GOLD - mak, daizyisweird, KO, Mala (prod.LURCCH).m4a","GOLD - mak, daizyisweird, KO, Mala (prod.LURCCH).m4a",lurcch l_urcch|gold mak daizyisweird ko mala,LURCCH @l_urcch,"GOLD - mak, daizyisweird, KO, Mala (prod.LURCCH)",none,,,,no_lyrics
GOLi - Nachi Deu.m4a,GOLi - Nachi Deu.m4a,trap nepal|goli nachi deu,Trap Nepal,GOLi - Nachi Deu,weak,586,,,metadata_candidate
"Gopal Rasaili, Umesh Pandit, Shyam S. Nepali, Babu Raja Maharajan - Share Rejocie.mp3","Gopal Rasaili, Umesh Pandit, Shyam S. Nepali, Babu Raja Maharajan - Share Rejocie.mp3",gopal rasaili umesh pandit shyam s nepali babu raja maharajan|share rejocie,"Gopal Rasaili, Umesh Pandit, Shyam S. Nepali, Babu Raja Maharajan",Share Rejocie,none,,,,no_lyrics
Gopal Yonjan & Gyaanu Rana - Chyangba Ho Chyangba.m4a,Gopal Yonjan & Gyaanu Rana - Chyangba Ho Chyangba.m4a,classicnepalisongs|gopal yonjan gyaanu rana chyangba ho chyangba,ClassicNepaliSongs,Gopal Yonjan & Gyaanu Rana - Chyangba Ho Chyangba,weak,1964,,,metadata_candidate
Gopal Yonjan - Deshle Ragat Maage.m4a,Gopal Yonjan - Deshle Ragat Maage.m4a,classicnepalisongs|gopal yonjan deshle ragat maage,ClassicNepaliSongs,Gopal Yonjan - Deshle Ragat Maage,weak,1425,,,metadata_candidate
Gopal Yonjan - Nepali Nepalko Maya.mp3,Gopal Yonjan - Nepali Nepalko Maya.mp3,gopal yonjan|nepali nepalko maya,Gopal Yonjan,Nepali Nepalko Maya,strong,207,207,,metadata_only
Gopal_Yonjan_मेरो_टोपी_कैलाशको_शिर_जस्तो.mp3.mp3,Gopal_Yonjan_मेरो_टोपी_कैलाशको_शिर_जस्तो.mp3.mp3,purna karki|gopal_yonjan_मेरो_टोपी_कैलाशको_शिर_जस्तो mp3,Purna Karki,Gopal_Yonjan_मेरो_टोपी_कैलाशको_शिर_जस्तो.mp3,none,,,,no_lyrics
"Gori Bhaneni Bhana (Audio Song) ｜｜ Nepali Movie MAUSAM Song ｜｜ Aryan Sigdel, Ranjana Sharma.m4a","Gori Bhaneni Bhana (Audio Song) ｜｜ Nepali Movie MAUSAM Song ｜｜ Aryan Sigdel, Ranjana Sharma.m4a",osrdigital|gori bhaneni bhana,OSRDigital,"Gori Bhaneni Bhana (Audio Song) || Nepali Movie MAUSAM Song || Aryan Sigdel, Ranjana Sharma",weak,548,,,metadata_candidate
Gorkha Boys - La Hai Kanchhi.mp3,Gorkha Boys - La Hai Kanchhi.mp3,gorkha boys|la hai kanchhi,Gorkha Boys,La Hai Kanchhi,weak,420,,,metadata_candidate
GORURA THANDEMAA TEEJ BORARECHA BANJARA NEW SONG TEEJ SPL [CONGO STYEL MIX] BY DJ CHINTU NYK.mp3,GORURA THANDEMAA TEEJ BORARECHA BANJARA NEW SONG TEEJ SPL [CONGO STYEL MIX] BY DJ CHINTU NYK.mp3,dj chintu nyk 01|gorura thandemaa teej borarecha banjara new song teej spl congo styel mix by dj chintu nyk,dj chintu nyk 01,GORURA THANDEMAA TEEJ BORARECHA BANJARA NEW SONG TEEJ SPL [CONGO STYEL MIX] BY DJ CHINTU NYK,weak,3163,,,metadata_candidate
Guffadi Neeta - Yakub Tamang ｜｜ New Nepali Rap Song 2019 ｜｜.m4a,Guffadi Neeta - Yakub Tamang ｜｜ New Nepali Rap Song 2019 ｜｜.m4a,yakuv tamang|guffadi neeta yakub tamang,Yakuv Tamang,Guffadi Neeta - Yakub Tamang || New Nepali Rap Song 2019 ||,weak,,,,no_lyrics
"Gulaab, Zakir Ali Sheikh - 2 Numbari Sajjan.mp3","Gulaab, Zakir Ali Sheikh - 2 Numbari Sajjan.mp3",gulaab zakir ali sheikh|2 numbari sajjan,"Gulaab, Zakir Ali Sheikh",2 Numbari Sajjan,none,860,,,metadata_candidate
GUMBA DADA.m4a,GUMBA DADA.m4a,munal bal|gumba dada,MUNAL BAL,GUMBA DADA,none,3707,,,metadata_candidate
Gumba Danda Sculpture Park： A short tour..m4a,Gumba Danda Sculpture Park： A short tour..m4a,taluboss|gumba danda sculpture park a short tour,TALUBOSS,Gumba Danda Sculpture Park: A short tour.,none,,,,no_lyrics
Gumba Ko Kasam Tibetan.m4a,Gumba Ko Kasam Tibetan.m4a,mysansar|gumba ko kasam tibetan,mysansar,Gumba Ko Kasam Tibetan,weak,3437,,,metadata_candidate
Gunung Galanda Nyanyanyanya - Shinciros.mp3.m4a,Gunung Galanda Nyanyanyanya - Shinciros.mp3.m4a,oshiro|gunung galanda nyanyanyanya shinciros mp3,Oshiro,Gunung Galanda Nyanyanyanya - Shinciros.mp3,none,,,,no_lyrics
"Gunyo Choli Kanchha, Tanglichowk 01 ⧸09⧸2078 Rani Danda Gumba Tanglichowk..m4a","Gunyo Choli Kanchha, Tanglichowk 01 ⧸09⧸2078 Rani Danda Gumba Tanglichowk..m4a",kumar thapa|gunyo choli kanchha tanglichowk 01 09 rani danda gumba tanglichowk,Kumar Thapa,"Gunyo Choli Kanchha, Tanglichowk 01 /09/2078 Rani Danda Gumba Tanglichowk.",weak,478,,,metadata_candidate
"Gurasa Fulda Banai Ghamailo - Nepali Movie Super Star Song ｜ Susmita KC, Bhuwan KC ｜ Sadhana Sargam.m4a","Gurasa Fulda Banai Ghamailo - Nepali Movie Super Star Song ｜ Susmita KC, Bhuwan KC ｜ Sadhana Sargam.m4a",osr digital|gurasa fulda banai ghamailo nepali movie super star song,OSR Digital,"Gurasa Fulda Banai Ghamailo - Nepali Movie Super Star Song | Susmita KC, Bhuwan KC | Sadhana Sargam",weak,207,,,metadata_candidate
"Gurasa Fulda ｜ MASTERNI Movie Song 2026 ｜ Priyanka Karki, Barsha Raut ｜ Ayanka Films ｜ Melina Rai.m4a","Gurasa Fulda ｜ MASTERNI Movie Song 2026 ｜ Priyanka Karki, Barsha Raut ｜ Ayanka Films ｜ Melina Rai.m4a",osrdigital|gurasa fulda,OSRDigital,"Gurasa Fulda | MASTERNI Movie Song 2026 | Priyanka Karki, Barsha Raut | Ayanka Films | Melina Rai",weak,44,,,metadata_candidate
Gurasai Fulyo Banaima ＂गुराँसै फुल्यो वनैमा＂ ｜ 1974 AD ｜ Lyrical Video With Guitar Chords.m4a,Gurasai Fulyo Banaima ＂गुराँसै फुल्यो वनैमा＂ ｜ 1974 AD ｜ Lyrical Video With Guitar Chords.m4a,music nepal|gurasai fulyo banaima गुराँसै फुल्यो वनैमा,Music Nepal,"Gurasai Fulyo Banaima ""गुराँसै फुल्यो वनैमा"" | 1974 AD | Lyrical Video With Guitar Chords",probable,44,,,metadata_candidate
Gurjot Singh - Sajjan.mp3,Gurjot Singh - Sajjan.mp3,gurjot singh|sajjan,Gurjot Singh,Sajjan,probable,1366,,,metadata_candidate
Gyanu Rana & Narayan Gopal - Sirima Siri Ni Kanchhi.mp3,Gyanu Rana & Narayan Gopal - Sirima Siri Ni Kanchhi.mp3,gyanu rana narayan gopal|sirima siri ni kanchhi,Gyanu Rana & Narayan Gopal,Sirima Siri Ni Kanchhi,strong,420,420,,metadata_only
"Gyanu Rana, Yam Baral, Janaki, Yuwaraj - Lam Ta Maya.mp3","Gyanu Rana, Yam Baral, Janaki, Yuwaraj - Lam Ta Maya.mp3",gyanu rana yam baral janaki yuwaraj|lam ta maya,"Gyanu Rana, Yam Baral, Janaki, Yuwaraj",Lam Ta Maya,strong,526,526,,metadata_only
Hadal Sherpa - Dark Tides.mp3,Hadal Sherpa - Dark Tides.mp3,hadal sherpa|dark tides,Hadal Sherpa,Dark Tides,none,836,,,metadata_candidate
Hairat Aulakh - Mere Sajjan.mp3,Hairat Aulakh - Mere Sajjan.mp3,hairat aulakh|mere sajjan,Hairat Aulakh,Mere Sajjan,weak,3775,,,metadata_candidate
Hami Sangai - Anrig & Sahyog Rai ｜ New Nepali R&B Song 2020.m4a,Hami Sangai - Anrig & Sahyog Rai ｜ New Nepali R&B Song 2020.m4a,songsnepal|hami sangai anrig sahyog rai,SongsNepal,Hami Sangai - Anrig & Sahyog Rai | New Nepali R&B Song 2020,weak,2569,,,metadata_candidate
"Hamro Nepal Maa ｜ Kushal Rana Magar, Raj Tiger ｜ Siddhanta Bohara, Dip K.C., Rabina Karki ｜ New Song.m4a","Hamro Nepal Maa ｜ Kushal Rana Magar, Raj Tiger ｜ Siddhanta Bohara, Dip K.C., Rabina Karki ｜ New Song.m4a",osrdigital|hamro nepal maa,OSRDigital,"Hamro Nepal Maa | Kushal Rana Magar, Raj Tiger | Siddhanta Bohara, Dip K.C., Rabina Karki | New Song",weak,205,,,metadata_candidate
Hamza Akbar - Sada Rus Gaya Sajjan Pyara.mp3,Hamza Akbar - Sada Rus Gaya Sajjan Pyara.mp3,hamza akbar|sada rus gaya sajjan pyara,Hamza Akbar,Sada Rus Gaya Sajjan Pyara,weak,1369,,,metadata_candidate
Hanu Kandara - Saath.mp3,Hanu Kandara - Saath.mp3,hanu kandara|saath,Hanu Kandara,Saath,strong,1219,1219,,metadata_only
Hanu Kandara - Tera Cheta.mp3,Hanu Kandara - Tera Cheta.mp3,hanu kandara|tera cheta,Hanu Kandara,Tera Cheta,probable,4044,,,metadata_candidate
Happy Mothers Day.m4a,Happy Mothers Day.m4a,uniq poet|happy mothers day,Uniq Poet,Happy Mothers Day,weak,,,,no_lyrics
Happy Tihar Happy Tihar Chiso Beer. Durgesh Thapa Tihar Song 2019.m4a,Happy Tihar Happy Tihar Chiso Beer. Durgesh Thapa Tihar Song 2019.m4a,badman sagar|happy tihar happy tihar chiso beer durgesh thapa tihar song,BadMan Sagar,Happy Tihar Happy Tihar Chiso Beer. Durgesh Thapa Tihar Song 2019,weak,566,,,metadata_candidate
"Harayeka Sapana Haru ｜｜ Prabesh Dhakal ｜｜ Ft. Dev Sarkar, Barsha Siwakoti ｜｜ New Nepali Song 2026.m4a","Harayeka Sapana Haru ｜｜ Prabesh Dhakal ｜｜ Ft. Dev Sarkar, Barsha Siwakoti ｜｜ New Nepali Song 2026.m4a",osrdigital|harayeka sapana haru,OSRDigital,"Harayeka Sapana Haru || Prabesh Dhakal || Ft. Dev Sarkar, Barsha Siwakoti || New Nepali Song 2026",weak,816,,,metadata_candidate
"Hari Lamsal, Melina Rai - Nyano Nyano Maya.mp3","Hari Lamsal, Melina Rai - Nyano Nyano Maya.mp3",hari lamsal melina rai|nyano nyano maya,"Hari Lamsal, Melina Rai",Nyano Nyano Maya,strong,526,526,,metadata_only
Harinder Sohal - Sajjan.mp3,Harinder Sohal - Sajjan.mp3,harinder sohal|sajjan,Harinder Sohal,Sajjan,weak,1366,,,metadata_candidate
Hatsingimari to Fulbari Rap Song____! ! Please Subscribe my channel__ Rohan Production__!.m4a,Hatsingimari to Fulbari Rap Song____! ! Please Subscribe my channel__ Rohan Production__!.m4a,rohan production|hatsingimari to fulbari rap song____ please subscribe my channel__ rohan production__,Rohan Production,Hatsingimari to Fulbari Rap Song____! ! Please Subscribe my channel__ Rohan Production__!,none,,,,no_lyrics
Haude - Timi Mero Jiwan Ft Jyoti -  New Nepali Rap Song 2015.m4a,Haude - Timi Mero Jiwan Ft Jyoti -  New Nepali Rap Song 2015.m4a,haude|haude timi mero jiwan ft jyoti new,Haude,Haude - Timi Mero Jiwan Ft Jyoti -  New Nepali Rap Song 2015,strong,8,8,,metadata_only
"Hawa Chalyo Sirisiri ｜｜ Ft. CD Vijaya Adhikari, Dipa Shahi ｜｜ New Nepali Song 2026 (Music Video).m4a","Hawa Chalyo Sirisiri ｜｜ Ft. CD Vijaya Adhikari, Dipa Shahi ｜｜ New Nepali Song 2026 (Music Video).m4a",osrdigital|hawa chalyo sirisiri,OSRDigital,"Hawa Chalyo Sirisiri || Ft. CD Vijaya Adhikari, Dipa Shahi || New Nepali Song 2026 (Music Video)",weak,1901,,,metadata_candidate
Heaven Cover  Uniq Poet.mp3,Heaven Cover  Uniq Poet.mp3,prabesh_op|heaven uniq poet,Prabesh_Op,Heaven Cover  Uniq Poet,weak,1295,,,metadata_candidate
Heavy & John Rai - Donald Duck (Prod. by SpaceCraft Beats).mp3,Heavy & John Rai - Donald Duck (Prod. by SpaceCraft Beats).mp3,heavy john rai|donald duck,Heavy & John Rai,Donald Duck (Prod. by SpaceCraft Beats),weak,,,,no_lyrics
Hey Sailaa ｜ Abhaya & The Steam Engines ｜ New Nepali Song ｜ Alisha Rai.m4a,Hey Sailaa ｜ Abhaya & The Steam Engines ｜ New Nepali Song ｜ Alisha Rai.m4a,abhaya the steam engines|hey sailaa,Abhaya & The Steam Engines,Hey Sailaa | Abhaya & The Steam Engines | New Nepali Song | Alisha Rai,strong,133,133,,metadata_only
"Himal Sagar, Melina Rai - Meri Putali.mp3","Himal Sagar, Melina Rai - Meri Putali.mp3",himal sagar melina rai|meri putali,"Himal Sagar, Melina Rai",Meri Putali,strong,1509,1509,,metadata_only
Hindai Chu Ma.m4a,Hindai Chu Ma.m4a,vten|hindai chu ma,VTEN,Hindai Chu Ma,strong,3773,3773,,metadata_only
HIP-HOP RAP BEAT INSTRUMENTAL PROD G H O S T BEATZ.mp3,HIP-HOP RAP BEAT INSTRUMENTAL PROD G H O S T BEATZ.mp3,bob ghostbtz|hip hop rap beat instrumental,BOB GHOSTBTZ,HIP-HOP RAP BEAT INSTRUMENTAL PROD G H O S T BEATZ,none,,,,no_lyrics
Hippa To Da Hoppa.m4a,Hippa To Da Hoppa.m4a,ol dirty bastard|hippa to da hoppa,Ol' Dirty Bastard,Hippa To Da Hoppa,none,2924,,,metadata_candidate
Hira Devi Waiba - Utha Utha Bihani.mp3,Hira Devi Waiba - Utha Utha Bihani.mp3,hira devi waiba|utha utha bihani,Hira Devi Waiba,Utha Utha Bihani,weak,874,,,metadata_candidate
Hiund Lagyo Darjeelingma.m4a,Hiund Lagyo Darjeelingma.m4a,milan lama|hiund lagyo darjeelingma,Milan Lama,Hiund Lagyo Darjeelingma,weak,143,,,metadata_candidate
Hola Bih ( YoungBoyJ & Lil Chef & YOUNG DRAKO ).m4a,Hola Bih ( YoungBoyJ & Lil Chef & YOUNG DRAKO ).m4a,youngboyj|hola bih youngboyj lil chef young drako,YoungBoyJ,Hola Bih ( YoungBoyJ & Lil Chef & YOUNG DRAKO ),none,877,,,metadata_candidate
"Holi Le Mero Rangayo - Audio Song (Holi Song) ｜｜ Nepali Movie ADHIKAR Song ｜｜ Kristi, Udit, Purnima.m4a","Holi Le Mero Rangayo - Audio Song (Holi Song) ｜｜ Nepali Movie ADHIKAR Song ｜｜ Kristi, Udit, Purnima.m4a",osrdigital|holi le mero rangayo audio song holi song,OSRDigital,"Holi Le Mero Rangayo - Audio Song (Holi Song) || Nepali Movie ADHIKAR Song || Kristi, Udit, Purnima",weak,3163,,,metadata_candidate
Hosiyar_Ambar Gurung.mp3,Hosiyar_Ambar Gurung.mp3,seaikh|hosiyar_ambar gurung,Seaikh,Hosiyar_Ambar Gurung,none,,,,no_lyrics
hot body diwali (jamesy edit).m4a,hot body diwali (jamesy edit).m4a,jamesy|hot body diwali jamesy edit,jamesy,hot body diwali (jamesy edit),weak,,,,no_lyrics
HVP-Nepal - Resam firiri.m4a,HVP-Nepal - Resam firiri.m4a,hvp nepal|hvp nepal resam firiri,HVP NEPAL,HVP-Nepal - Resam firiri,weak,2944,,,metadata_candidate
Hype x Uniq x Tenpah- Malai Jaastai.m4a,Hype x Uniq x Tenpah- Malai Jaastai.m4a,trap nepal|hype x uniq x tenpah malai jaastai,Trap Nepal,Hype x Uniq x Tenpah- Malai Jaastai,weak,35,,,metadata_candidate
I AM JIT BAHADUR ｜｜ Movie Official Title Song 2026 ｜｜ Kailash Kher ｜｜ Suvendu Ghosh ｜｜ Jitu Nepal.m4a,I AM JIT BAHADUR ｜｜ Movie Official Title Song 2026 ｜｜ Kailash Kher ｜｜ Suvendu Ghosh ｜｜ Jitu Nepal.m4a,osrdigital|i am jit bahadur,OSRDigital,I AM JIT BAHADUR || Movie Official Title Song 2026 || Kailash Kher || Suvendu Ghosh || Jitu Nepal,none,714,,,metadata_candidate
"I Love You ｜｜ Niraj Shah, Shreeyanti Neupane, Simon Shah ｜｜ New Nepali Song 2025 ⧸ 2082 ｜｜ Suresh.m4a","I Love You ｜｜ Niraj Shah, Shreeyanti Neupane, Simon Shah ｜｜ New Nepali Song 2025 ⧸ 2082 ｜｜ Suresh.m4a",osrdigital|i love you,OSRDigital,"I Love You || Niraj Shah, Shreeyanti Neupane, Simon Shah || New Nepali Song 2025 / 2082 || Suresh",weak,267,,,metadata_candidate
I Shot the Albatross - The Burial.mp3,I Shot the Albatross - The Burial.mp3,i shot the albatross|the burial,I Shot the Albatross,The Burial,weak,1654,,,metadata_candidate
I$H ~ Gaidey Club.m4a,I$H ~ Gaidey Club.m4a,ucmeknbv_spqqwjrafqlacwa|i h gaidey club,UCMEkNBv_SPQQwjrafqlAcWA,I$H ~ Gaidey Club,none,3975,,,metadata_candidate
I$H ~ JHAPALI KETO (Prod. by Shuka4Beats).m4a,I$H ~ JHAPALI KETO (Prod. by Shuka4Beats).m4a,ucmeknbv_spqqwjrafqlacwa|i h jhapali keto,UCMEkNBv_SPQQwjrafqlAcWA,I$H ~ JHAPALI KETO (Prod. by Shuka4Beats),none,,,,no_lyrics
I$H~ (Lipu lekh vs Nepali) the End.m4a,I$H~ (Lipu lekh vs Nepali) the End.m4a,ucmeknbv_spqqwjrafqlacwa|i h lipu lekh vs nepali the end,UCMEkNBv_SPQQwjrafqlAcWA,I$H~ (Lipu lekh vs Nepali) the End,weak,207,,,metadata_candidate
I$H~ Keta keti sabai maal.m4a,I$H~ Keta keti sabai maal.m4a,ucmeknbv_spqqwjrafqlacwa|i h keta keti sabai maal,UCMEkNBv_SPQQwjrafqlAcWA,I$H~ Keta keti sabai maal,weak,2941,,,metadata_candidate
I$H~ Manche boling kando poling.m4a,I$H~ Manche boling kando poling.m4a,ucmeknbv_spqqwjrafqlacwa|i h manche boling kando poling,UCMEkNBv_SPQQwjrafqlAcWA,I$H~ Manche boling kando poling,weak,1988,,,metadata_candidate
I$H~ Tension vayo.m4a,I$H~ Tension vayo.m4a,ucmeknbv_spqqwjrafqlacwa|i h tension vayo,UCMEkNBv_SPQQwjrafqlAcWA,I$H~ Tension vayo,none,,,,no_lyrics
I$H~ Vada molne hami？？？.m4a,I$H~ Vada molne hami？？？.m4a,ucmeknbv_spqqwjrafqlacwa|i h vada molne hami,UCMEkNBv_SPQQwjrafqlAcWA,I$H~ Vada molne hami???,weak,2569,,,metadata_candidate
I$H~12 baje pachi.m4a,I$H~12 baje pachi.m4a,ucmeknbv_spqqwjrafqlacwa|i h 12 baje pachi,UCMEkNBv_SPQQwjrafqlAcWA,I$H~12 baje pachi,none,3856,,,metadata_candidate
I$H~dami dami dami.m4a,I$H~dami dami dami.m4a,ucmeknbv_spqqwjrafqlacwa|i h dami dami dami,UCMEkNBv_SPQQwjrafqlAcWA,I$H~dami dami dami,weak,1279,,,metadata_candidate
I$H~SAATHI VAI (FEAT. KU$H) OFFICIAL LV.m4a,I$H~SAATHI VAI (FEAT. KU$H) OFFICIAL LV.m4a,ucmeknbv_spqqwjrafqlacwa|i h saathi vai feat ku h official lv,UCMEkNBv_SPQQwjrafqlAcWA,I$H~SAATHI VAI (FEAT. KU$H) OFFICIAL LV,weak,1184,,,metadata_candidate
I$H~Sadey 3.m4a,I$H~Sadey 3.m4a,ucmeknbv_spqqwjrafqlacwa|i h sadey 3,UCMEkNBv_SPQQwjrafqlAcWA,I$H~Sadey 3,none,3716,,,metadata_candidate
I'm Coming Home ｜Prayom｜MistaH K｜.m4a,I'm Coming Home ｜Prayom｜MistaH K｜.m4a,uckvzqfq0eivvb0r2s3yataa|i m coming home,UCKvZqfQ0eIVvB0r2s3yaTaA,I'm Coming Home |Prayom|MistaH K|,none,,,,no_lyrics
Imani Camille - Cobwebs.mp3,Imani Camille - Cobwebs.mp3,imani camille|cobwebs,Imani Camille,Cobwebs,none,,,,no_lyrics
"Imo Kholera By Ramji Khad&Muna Thapa,Sabd-Milan Lama&Asha Gole,Lay-Sagar k-c,.mp3","Imo Kholera By Ramji Khad&Muna Thapa,Sabd-Milan Lama&Asha Gole,Lay-Sagar k-c,.mp3",man bahadur khadka|imo kholera by ramji khad muna thapa sabd milan lama asha gole lay sagar k c,Man Bahadur Khadka,"Imo Kholera By Ramji Khad&Muna Thapa,Sabd-Milan Lama&Asha Gole,Lay-Sagar k-c,",weak,210,,,metadata_candidate
Inayat Hussain Bhatti - Sajjan Pyara Title Song.mp3,Inayat Hussain Bhatti - Sajjan Pyara Title Song.mp3,inayat hussain bhatti|sajjan pyara title song,Inayat Hussain Bhatti,Sajjan Pyara Title Song,weak,3163,,,metadata_candidate
INDIA ST MAN FT LIL JHOLA YUNG 22 LIL INDIA OFFICIAL beatmix 2024 CHYANGBA HOI CHYANGBA trending.mp3.m4a,INDIA ST MAN FT LIL JHOLA YUNG 22 LIL INDIA OFFICIAL beatmix 2024 CHYANGBA HOI CHYANGBA trending.mp3.m4a,dj tattoo official|india st man ft lil jhola yung 22 lil india official beatmix chyangba hoi chyangba trending mp3,Dj Tattoo Official,INDIA ST MAN FT LIL JHOLA YUNG 22 LIL INDIA OFFICIAL beatmix 2024 CHYANGBA HOI CHYANGBA trending.mp3,strong,1964,1964,,metadata_only
"Indru Syanbo, Kunti Moktan - Dheraidherai Sutyau Hami (2).mp3","Indru Syanbo, Kunti Moktan - Dheraidherai Sutyau Hami (2).mp3",indru syanbo kunti moktan|dheraidherai sutyau hami,"Indru Syanbo, Kunti Moktan",Dheraidherai Sutyau Hami,strong,2569,2569,,metadata_only
Intellectual G's -  Without You ( NepHop ) ( NiCk-Y Edit ) - HQ.m4a,Intellectual G's -  Without You ( NepHop ) ( NiCk-Y Edit ) - HQ.m4a,channelnicky|intellectual g s without you nephop nick y edit hq,channelnicky,Intellectual G's -  Without You ( NepHop ) ( NiCk-Y Edit ) - HQ,none,3938,,,metadata_candidate
Iqbal Ashraf - Sajjan Mana De.mp3,Iqbal Ashraf - Sajjan Mana De.mp3,iqbal ashraf|sajjan mana de,Iqbal Ashraf,Sajjan Mana De,weak,559,,,metadata_candidate
Iqbal SANDHU - Sajjan.mp3,Iqbal SANDHU - Sajjan.mp3,iqbal sandhu|sajjan,Iqbal SANDHU,Sajjan,weak,1366,,,metadata_candidate
"Iraj & Chingy Ft. Tony T, Neha Kakkar,Yama Buddha & Smokio - Nachna (Scratch Mix) 95 BPM.m4a","Iraj & Chingy Ft. Tony T, Neha Kakkar,Yama Buddha & Smokio - Nachna (Scratch Mix) 95 BPM.m4a",scratch mix|iraj chingy ft tony t neha kakkar yama buddha smokio nachna scratch mix 95 bpm,Scratch Mix,"Iraj & Chingy Ft. Tony T, Neha Kakkar,Yama Buddha & Smokio - Nachna (Scratch Mix) 95 BPM",none,4079,,,metadata_candidate
Iraj - Nachna ( नाचना ) Neha Kakkar ｜ Chingy ｜ Yama Buddha & Tony T.m4a,Iraj - Nachna ( नाचना ) Neha Kakkar ｜ Chingy ｜ Yama Buddha & Tony T.m4a,iraj|iraj nachna नाचना neha kakkar,IRAJ,Iraj - Nachna ( नाचना ) Neha Kakkar | Chingy | Yama Buddha & Tony T,none,,,,no_lyrics
Irfan Wattu - Sajjan Nai Chad De.mp3,Irfan Wattu - Sajjan Nai Chad De.mp3,irfan wattu|sajjan nai chad de,Irfan Wattu,Sajjan Nai Chad De,weak,2606,,,metadata_candidate
Isahaq Babloch - Sade Sajjan Bhul Gaye Naa.mp3,Isahaq Babloch - Sade Sajjan Bhul Gaye Naa.mp3,isahaq babloch|sade sajjan bhul gaye naa,Isahaq Babloch,Sade Sajjan Bhul Gaye Naa,weak,4106,,,metadata_candidate
"Itz Daksh Music, Dj Caat, ND4Clear, Mc Menor Do Alvorada - MONTAGEM ALEXANDER (3).mp3","Itz Daksh Music, Dj Caat, ND4Clear, Mc Menor Do Alvorada - MONTAGEM ALEXANDER (3).mp3",itz daksh music dj caat nd4clear mc menor do alvorada|montagem alexander,"Itz Daksh Music, Dj Caat, ND4Clear, Mc Menor Do Alvorada",MONTAGEM ALEXANDER,none,,,,no_lyrics
Jaalma (RESHAM FILILI) The Next Choreography.m4a,Jaalma (RESHAM FILILI) The Next Choreography.m4a,the next team|jaalma resham filili the next choreography,The Next Team,Jaalma (RESHAM FILILI) The Next Choreography,weak,2394,,,metadata_candidate
JAALMA ｜｜ RESHAM FILILI.m4a,JAALMA ｜｜ RESHAM FILILI.m4a,budha subba songs|jaalma,Budha Subba Songs,JAALMA || RESHAM FILILI,weak,1271,,,metadata_candidate
"Jaba Farkinchhu Ghar ｜｜ JHARI PACHHI KO INDRENI Movie Lyrical Song 2082 ｜｜ Ganesh Upreti, Bimoncham.m4a","Jaba Farkinchhu Ghar ｜｜ JHARI PACHHI KO INDRENI Movie Lyrical Song 2082 ｜｜ Ganesh Upreti, Bimoncham.m4a",osrdigital|jaba farkinchhu ghar,OSRDigital,"Jaba Farkinchhu Ghar || JHARI PACHHI KO INDRENI Movie Lyrical Song 2082 || Ganesh Upreti, Bimoncham",weak,617,,,metadata_candidate
Jaba Sanjh_ Melina Rai _ Latest Song - _ Melina Rai _ Latest Song.mp3,Jaba Sanjh_ Melina Rai _ Latest Song - _ Melina Rai _ Latest Song.mp3,jaba sanjh_ melina rai _ latest song|_ melina rai _ latest song,Jaba Sanjh_ Melina Rai _ Latest Song,_ Melina Rai _ Latest Song,weak,3163,,,metadata_candidate
Jaban Zahran - Sajjan Di Khabar.mp3,Jaban Zahran - Sajjan Di Khabar.mp3,jaban zahran|sajjan di khabar,Jaban Zahran,Sajjan Di Khabar,none,3004,,,metadata_candidate
"Jadaichhu Naudanda Katera ｜ AA BATA AAMA Movie Sad Song 2026 ｜ Bipana Thapa, Pradeep, Paul, Saigrace.m4a","Jadaichhu Naudanda Katera ｜ AA BATA AAMA Movie Sad Song 2026 ｜ Bipana Thapa, Pradeep, Paul, Saigrace.m4a",osrdigital|jadaichhu naudanda katera,OSRDigital,"Jadaichhu Naudanda Katera | AA BATA AAMA Movie Sad Song 2026 | Bipana Thapa, Pradeep, Paul, Saigrace",weak,4091,,,metadata_candidate
JAGAJAGAJANKANU TEEJ SONG REMIX DJ AJAY SMILEY THIMMAPUR.mp3.m4a,JAGAJAGAJANKANU TEEJ SONG REMIX DJ AJAY SMILEY THIMMAPUR.mp3.m4a,dj ajay smiley from thimmapur 02|jagajagajankanu teej song dj ajay smiley thimmapur mp3,DJ AJAY SMILEY FROM THIMMAPUR 02,JAGAJAGAJANKANU TEEJ SONG REMIX DJ AJAY SMILEY THIMMAPUR.mp3,weak,3163,,,metadata_candidate
Jai Patel - Jay Jay Bhole Shiv Shankar.mp3,Jai Patel - Jay Jay Bhole Shiv Shankar.mp3,jai patel|jay jay bhole shiv shankar,Jai Patel,Jay Jay Bhole Shiv Shankar,weak,1543,,,metadata_candidate
"Jam in the Van, The Atomic Sherpas - Sco's Coven.mp3","Jam in the Van, The Atomic Sherpas - Sco's Coven.mp3",jam in the van the atomic sherpas|sco s coven,"Jam in the Van, The Atomic Sherpas",Sco's Coven,none,901,,,metadata_candidate
JAMESY - AMSTERDAM (OFFICIAL M-V).m4a,JAMESY - AMSTERDAM (OFFICIAL M-V).m4a,prithivi thakuri|jamesy amsterdam,Prithivi Thakuri,JAMESY - AMSTERDAM (OFFICIAL M-V),weak,1556,,,metadata_candidate
JAMESY - AMSTERDAM (OFFICIAL M⧸V).m4a,JAMESY - AMSTERDAM (OFFICIAL M⧸V).m4a,dg records|jamesy amsterdam,DG RECORDS,JAMESY - AMSTERDAM (OFFICIAL M/V),weak,1556,,,metadata_candidate
JAMESY - KILLER SHIT.m4a,JAMESY - KILLER SHIT.m4a,jamesy|jamesy killer shit,Jamesy,JAMESY - KILLER SHIT,weak,,,,new_lyrics_non_nepali
Jashn-E-Bahara - Jodhaa Akbar ｜ Jashn-E-Bahara Remix By Maac.m4a,Jashn-E-Bahara - Jodhaa Akbar ｜ Jashn-E-Bahara Remix By Maac.m4a,maac gurung|jashn e bahara jodhaa akbar,Maac Gurung,Jashn-E-Bahara - Jodhaa Akbar | Jashn-E-Bahara Remix By Maac,none,1290,,,metadata_candidate
"Jaspinder Narula, Poornima (Sushma Shrestha), Anand Raj Anand - Mere Rabba.mp3","Jaspinder Narula, Poornima (Sushma Shrestha), Anand Raj Anand - Mere Rabba.mp3",jaspinder narula poornima sushma shrestha anand raj anand|mere rabba,"Jaspinder Narula, Poornima (Sushma Shrestha), Anand Raj Anand",Mere Rabba,none,158,,,metadata_candidate
Jass Punia - Sajjan.mp3,Jass Punia - Sajjan.mp3,jass punia|sajjan,Jass Punia,Sajjan,weak,1366,,,metadata_candidate
Jata Herepani Salaijo - Raju Gurung & Sharmila Gurung ｜ Old Nepali Salaijo Song.m4a,Jata Herepani Salaijo - Raju Gurung & Sharmila Gurung ｜ Old Nepali Salaijo Song.m4a,raju gurung|jata herepani salaijo raju gurung sharmila gurung,Raju Gurung,Jata Herepani Salaijo - Raju Gurung & Sharmila Gurung | Old Nepali Salaijo Song,weak,,,,no_lyrics
Jati  Maya Diye Pani ｜ New Nepali Song 2026 (2083) ｜ Thaneshwor Gautam ｜ Official Music Video.m4a,Jati  Maya Diye Pani ｜ New Nepali Song 2026 (2083) ｜ Thaneshwor Gautam ｜ Official Music Video.m4a,osrdigital|jati maya diye pani,OSRDigital,Jati  Maya Diye Pani | New Nepali Song 2026 (2083) | Thaneshwor Gautam | Official Music Video,weak,24,,,metadata_candidate
"Jau Sanu Maita By Prem Dailekhi, Gagan Bibash and Sapana Shahi- New Teej Song 2073 MP3 Listen www.Lovenepal.net.mp3","Jau Sanu Maita By Prem Dailekhi, Gagan Bibash and Sapana Shahi- New Teej Song 2073 MP3 Listen www.Lovenepal.net.mp3",archive org|jau sanu maita by prem dailekhi gagan bibash and sapana shahi new teej song mp3 listen,archive.org,"Jau Sanu Maita By Prem Dailekhi, Gagan Bibash and Sapana Shahi- New Teej Song 2073 MP3 Listen www.Lovenepal.net",weak,816,,,metadata_candidate
"Jau Sanu Maita By Prem Dailekhi, Gagan Bibash and Sapana Shahi- New Teej Song 2073 www.Lovenepal.net.ogg","Jau Sanu Maita By Prem Dailekhi, Gagan Bibash and Sapana Shahi- New Teej Song 2073 www.Lovenepal.net.ogg",archive org|jau sanu maita by prem dailekhi gagan bibash and sapana shahi new teej song,archive.org,"Jau Sanu Maita By Prem Dailekhi, Gagan Bibash and Sapana Shahi- New Teej Song 2073 www.Lovenepal.net",weak,816,,,metadata_candidate
Jaula Relaima Sarara ｜ Narayan Rayamajhi ｜ Gorkha Paltan ｜ Prasant Tamang & Anju Panta ｜ 4K.m4a,Jaula Relaima Sarara ｜ Narayan Rayamajhi ｜ Gorkha Paltan ｜ Prasant Tamang & Anju Panta ｜ 4K.m4a,narayan rayamajhi|jaula relaima sarara,Narayan Rayamajhi,Jaula Relaima Sarara | Narayan Rayamajhi | Gorkha Paltan | Prasant Tamang & Anju Panta | 4K,strong,904,904,,metadata_only
"Jay Jay Durge Mata ｜ Sharad Kumari Shrestha ｜ Gyanu Rana, Narayan Babu, Shishir ｜ Bhajan Song 2026.m4a","Jay Jay Durge Mata ｜ Sharad Kumari Shrestha ｜ Gyanu Rana, Narayan Babu, Shishir ｜ Bhajan Song 2026.m4a",osrdigital|jay jay durge mata,OSRDigital,"Jay Jay Durge Mata | Sharad Kumari Shrestha | Gyanu Rana, Narayan Babu, Shishir | Bhajan Song 2026",none,2874,,,metadata_candidate
Jay Raj - KanchHi Bans Ke Bahangiya.mp3,Jay Raj - KanchHi Bans Ke Bahangiya.mp3,jay raj|kanchhi bans ke bahangiya,Jay Raj,KanchHi Bans Ke Bahangiya,probable,420,,,metadata_candidate
Jaydeep Yadav - Shiv Shankar Bhole.mp3,Jaydeep Yadav - Shiv Shankar Bhole.mp3,jaydeep yadav|shiv shankar bhole,Jaydeep Yadav,Shiv Shankar Bhole,weak,1543,,,metadata_candidate
Jerusha Rai - Aba.mp3,Jerusha Rai - Aba.mp3,jerusha rai|aba,Jerusha Rai,Aba,strong,1575,1575,,metadata_only
Jerusha Rai - Blest.mp3,Jerusha Rai - Blest.mp3,jerusha rai|blest,Jerusha Rai,Blest,weak,2931,,,metadata_candidate
Jerusha Rai - Farmer in the Sky.mp3,Jerusha Rai - Farmer in the Sky.mp3,jerusha rai|farmer in the sky,Jerusha Rai,Farmer in the Sky,weak,,,,new_lyrics_non_nepali
Jerusha Rai - Little Gods.mp3,Jerusha Rai - Little Gods.mp3,jerusha rai|little gods,Jerusha Rai,Little Gods,weak,,,,new_lyrics_non_nepali
Jerusha Rai - My favourite things.mp3,Jerusha Rai - My favourite things.mp3,jerusha rai|my favourite things,Jerusha Rai,My favourite things,weak,,,,new_lyrics_non_nepali
Jerusha Rai - Native Stranger.mp3,Jerusha Rai - Native Stranger.mp3,jerusha rai|native stranger,Jerusha Rai,Native Stranger,weak,929,,,new_lyrics_non_nepali
Jerusha Rai - Parade.mp3,Jerusha Rai - Parade.mp3,jerusha rai|parade,Jerusha Rai,Parade,probable,1283,,,new_lyrics_non_nepali
Jerusha Rai - Sirens.mp3,Jerusha Rai - Sirens.mp3,jerusha rai|sirens,Jerusha Rai,Sirens,strong,1579,1579,,metadata_only
Jerusha Rai - Sunsaan I.mp3,Jerusha Rai - Sunsaan I.mp3,jerusha rai|sunsaan i,Jerusha Rai,Sunsaan I,strong,1580,1580,,metadata_only
Jerusha Rai - Sway.mp3,Jerusha Rai - Sway.mp3,jerusha rai|sway,Jerusha Rai,Sway,weak,3421,,,new_lyrics_non_nepali
Jerusha Rai - Wolverine.mp3,Jerusha Rai - Wolverine.mp3,jerusha rai|wolverine,Jerusha Rai,Wolverine,weak,,,,new_lyrics_non_nepali
Jhalko auxa kiureni pakha ko.m4a,Jhalko auxa kiureni pakha ko.m4a,birendra magr|jhalko auxa kiureni pakha ko,Birendra magr,Jhalko auxa kiureni pakha ko,none,,,,no_lyrics
"Jhankar, Anusha, Basanta, Bijay, Kabita, Nirmala, Sarada, Sajan, Rachana, Kishor, Sajjan, Yogita - Jan Mukti.mp3","Jhankar, Anusha, Basanta, Bijay, Kabita, Nirmala, Sarada, Sajan, Rachana, Kishor, Sajjan, Yogita - Jan Mukti.mp3",jhankar anusha basanta bijay kabita nirmala sarada sajan rachana kishor sajjan yogita|jan mukti,"Jhankar, Anusha, Basanta, Bijay, Kabita, Nirmala, Sarada, Sajan, Rachana, Kishor, Sajjan, Yogita",Jan Mukti,weak,62,,,metadata_candidate
"Jhuto Aarop ｜ MALATI MANGALE Movie Song 2026 ｜｜ Bijay Baral, Barsha Raut, Mexam Gaudel.m4a","Jhuto Aarop ｜ MALATI MANGALE Movie Song 2026 ｜｜ Bijay Baral, Barsha Raut, Mexam Gaudel.m4a",osrdigital|jhuto aarop,OSRDigital,"Jhuto Aarop | MALATI MANGALE Movie Song 2026 || Bijay Baral, Barsha Raut, Mexam Gaudel",weak,848,,,metadata_candidate
"Jhuto Rahechha Hey Daiva ｜｜ Shiva Pariyar ｜｜ Ft. Gamvir Bista, Meeraa Pandit ｜｜ New Nepali Song 2026.m4a","Jhuto Rahechha Hey Daiva ｜｜ Shiva Pariyar ｜｜ Ft. Gamvir Bista, Meeraa Pandit ｜｜ New Nepali Song 2026.m4a",osrdigital|jhuto rahechha hey daiva,OSRDigital,"Jhuto Rahechha Hey Daiva || Shiva Pariyar || Ft. Gamvir Bista, Meeraa Pandit || New Nepali Song 2026",weak,3954,,,metadata_candidate
"Jhyam Param ｜ MALATI MANGALE Movie Song ｜ Bijay Baral, Barsha Raut, Mexam, Sabin Karki,Alisha Sharma.m4a","Jhyam Param ｜ MALATI MANGALE Movie Song ｜ Bijay Baral, Barsha Raut, Mexam, Sabin Karki,Alisha Sharma.m4a",osrdigital|jhyam param,OSRDigital,"Jhyam Param | MALATI MANGALE Movie Song | Bijay Baral, Barsha Raut, Mexam, Sabin Karki,Alisha Sharma",weak,2897,,,metadata_candidate
Jivan Sathi - B-8EIGHT (Prod. by @WIPSTUDIOSS ).m4a,Jivan Sathi - B-8EIGHT (Prod. by @WIPSTUDIOSS ).m4a,b8eight|jivan sathi b 8eight,b8eight,Jivan Sathi - B-8EIGHT (Prod. by @WIPSTUDIOSS ),probable,3562,,,metadata_candidate
Jiwachh Singh - Lover Hamar Nepali Bole Chhai.mp3,Jiwachh Singh - Lover Hamar Nepali Bole Chhai.mp3,jiwachh singh|lover hamar nepali bole chhai,Jiwachh Singh,Lover Hamar Nepali Bole Chhai,weak,207,,,metadata_candidate
Jogi Sunitha - Srimantha Kutumba.mp3,Jogi Sunitha - Srimantha Kutumba.mp3,jogi sunitha|srimantha kutumba,Jogi Sunitha,Srimantha Kutumba,none,,,,no_lyrics
John Rai & K-Huck - Rocky Balboa[.mp3,John Rai & K-Huck - Rocky Balboa[.mp3,john rai k huck|rocky balboa,John Rai & K-Huck,Rocky Balboa[,weak,2372,,,metadata_candidate
John Rai (ovd) - Monsters in my head [RapNews].mp3,John Rai (ovd) - Monsters in my head [RapNews].mp3,john rai ovd|monsters in my head rapnews,John Rai (ovd),Monsters in my head [RapNews],weak,,,,no_lyrics
John Rai - Chapter.mp3,John Rai - Chapter.mp3,john rai|chapter,John Rai,Chapter,probable,4044,,,metadata_candidate
John Rai - Ko Cha Ra.mp3,John Rai - Ko Cha Ra.mp3,john rai|ko cha ra,John Rai,Ko Cha Ra,strong,1597,1597,,metadata_only
"John Rais, Steve Blesh - 5 A. M. (Milani Edit).mp3","John Rais, Steve Blesh - 5 A. M. (Milani Edit).mp3",john rais steve blesh|5 a m milani edit,"John Rais, Steve Blesh",5 A. M. (Milani Edit),none,2249,,,metadata_candidate
"John Rais, Steven Blesh - 5 A. M. (Milani Edit) (WCM).mp3","John Rais, Steven Blesh - 5 A. M. (Milani Edit) (WCM).mp3",john rais steven blesh|5 a m milani edit wcm,"John Rais, Steven Blesh",5 A. M. (Milani Edit) (WCM),none,,,,no_lyrics
"Jolly Mukherjee, Sushma Shrestha (Poornima) - Pinjre Mein Popat Bole.mp3","Jolly Mukherjee, Sushma Shrestha (Poornima) - Pinjre Mein Popat Bole.mp3",jolly mukherjee sushma shrestha poornima|pinjre mein popat bole,"Jolly Mukherjee, Sushma Shrestha (Poornima)",Pinjre Mein Popat Bole,none,,,,no_lyrics
Joy to the world.mp3,Joy to the world.mp3,various artists|joy to the world,Various Artists,Joy to the world,weak,4135,,,metadata_candidate
jug jane Pirati.mp3,jug jane Pirati.mp3,archive org|jug jane pirati,archive.org,jug jane Pirati,weak,1646,,,metadata_candidate
"JUMLELI HUMLELI ｜ Basanta Thapa Magar ｜ Ft. Rasmila Tamang, Ashish Shrestha ｜ New Nepali Song 2026.m4a","JUMLELI HUMLELI ｜ Basanta Thapa Magar ｜ Ft. Rasmila Tamang, Ashish Shrestha ｜ New Nepali Song 2026.m4a",osrdigital|jumleli humleli,OSRDigital,"JUMLELI HUMLELI | Basanta Thapa Magar | Ft. Rasmila Tamang, Ashish Shrestha | New Nepali Song 2026",none,4150,,,metadata_candidate
"Jun Sanga Ke Dajura ｜｜ Rajesh Payal Rai ｜｜ New Nepali Song 2082 ｜｜ Ft. Bhuwan Lohani, Arbisha Thapa.m4a","Jun Sanga Ke Dajura ｜｜ Rajesh Payal Rai ｜｜ New Nepali Song 2082 ｜｜ Ft. Bhuwan Lohani, Arbisha Thapa.m4a",osrdigital|jun sanga ke dajura,OSRDigital,"Jun Sanga Ke Dajura || Rajesh Payal Rai || New Nepali Song 2082 || Ft. Bhuwan Lohani, Arbisha Thapa",weak,327,,,metadata_candidate
"Juna Prasai, Sugam Pokharel - Nilo Aakash.mp3","Juna Prasai, Sugam Pokharel - Nilo Aakash.mp3",juna prasai sugam pokharel|nilo aakash,"Juna Prasai, Sugam Pokharel",Nilo Aakash,strong,1205,1205,,metadata_only
"Juni Jaala ｜｜ PENSION PATTA Movie Song 2026 ｜｜ Dayahang Rai, Gaumaya Gurung, Buddhi, Wilson Bikram.m4a","Juni Jaala ｜｜ PENSION PATTA Movie Song 2026 ｜｜ Dayahang Rai, Gaumaya Gurung, Buddhi, Wilson Bikram.m4a",osrdigital|juni jaala,OSRDigital,"Juni Jaala || PENSION PATTA Movie Song 2026 || Dayahang Rai, Gaumaya Gurung, Buddhi, Wilson Bikram",weak,3083,,,metadata_candidate
Juni Juni maya lau Bhanchha Salaijo www.Devchuli6.com.mp3,Juni Juni maya lau Bhanchha Salaijo www.Devchuli6.com.mp3,archive org|juni juni maya lau bhanchha salaijo,archive.org,Juni Juni maya lau Bhanchha Salaijo www.Devchuli6.com,weak,526,,,metadata_candidate
Juni Juni THe UNity Aidray Da69 n Asif.m4a,Juni Juni THe UNity Aidray Da69 n Asif.m4a,dirtyr mr green|juni juni the unity aidray da69 n asif,DirtyR - (Mr.Green),Juni Juni THe UNity Aidray Da69 n Asif,weak,3083,,,metadata_candidate
Junk Music Cowboys - Sherpa.mp3,Junk Music Cowboys - Sherpa.mp3,junk music cowboys|sherpa,Junk Music Cowboys,Sherpa,weak,1339,,,metadata_candidate
"Jyan Bho Lattai Changa Bho Mann ｜｜ PRABASI JIWAN Movie Song 2026 ｜｜ Pratap Das, Shyam, Angela X.m4a","Jyan Bho Lattai Changa Bho Mann ｜｜ PRABASI JIWAN Movie Song 2026 ｜｜ Pratap Das, Shyam, Angela X.m4a",osrdigital|jyan bho lattai changa bho mann,OSRDigital,"Jyan Bho Lattai Changa Bho Mann || PRABASI JIWAN Movie Song 2026 || Pratap Das, Shyam, Angela X",weak,772,,,metadata_candidate
Jyanmara Flo (Bullet Flo feat. Nawaj Ansari & Db Yo Majesty) ｜ Official Music Video.m4a,Jyanmara Flo (Bullet Flo feat. Nawaj Ansari & Db Yo Majesty) ｜ Official Music Video.m4a,bullet flo and nawaj ansari|jyanmara flo bullet flo feat nawaj ansari db yo majesty,Bullet Flo and Nawaj Ansari,Jyanmara Flo (Bullet Flo feat. Nawaj Ansari & Db Yo Majesty) | Official Music Video,weak,,,,no_lyrics
k vako？.m4a,k vako？.m4a,ucmeknbv_spqqwjrafqlacwa|k vako,UCMEkNBv_SPQQwjrafqlAcWA,k vako?,weak,2286,,,metadata_candidate
K Yai Ho - New Nepali Rap Song 2017.m4a,K Yai Ho - New Nepali Rap Song 2017.m4a,silver tips|k yai ho new,Silver Tips,K Yai Ho - New Nepali Rap Song 2017,weak,25,,,metadata_candidate
"KA KAA KI KII ｜ Movie Title Song 2026 ｜ Arjun Sapkota, Melina Rai, Miss Pabi, Sajina Khanal, Nischal.m4a","KA KAA KI KII ｜ Movie Title Song 2026 ｜ Arjun Sapkota, Melina Rai, Miss Pabi, Sajina Khanal, Nischal.m4a",osrdigital|ka kaa ki kii,OSRDigital,"KA KAA KI KII | Movie Title Song 2026 | Arjun Sapkota, Melina Rai, Miss Pabi, Sajina Khanal, Nischal",none,1280,,,metadata_candidate
"Kaam Bhaari - PATAKA Feat. Yoku BIG, D'Evil, Vibha Saraf & Bhaari Beatz ｜ Official Music Video ｜.m4a","Kaam Bhaari - PATAKA Feat. Yoku BIG, D'Evil, Vibha Saraf & Bhaari Beatz ｜ Official Music Video ｜.m4a",kaam bhaari|kaam bhaari pataka feat yoku big d evil vibha saraf bhaari beatz,Kaam Bhaari,"Kaam Bhaari - PATAKA Feat. Yoku BIG, D'Evil, Vibha Saraf & Bhaari Beatz | Official Music Video |",weak,3942,,,metadata_candidate
Kaam Chaina - New Nepali Rap Song 2020.m4a,Kaam Chaina - New Nepali Rap Song 2020.m4a,parmu jr|kaam chaina new,parmu jr,Kaam Chaina - New Nepali Rap Song 2020,weak,193,,,metadata_candidate
"Kaam Jhyap Jhyap - Mr. D ｜ BARISTHA BALARAAM Movie OST ｜ Dayahang Rai, Bijay Baral, Samriddhi Aryal.m4a","Kaam Jhyap Jhyap - Mr. D ｜ BARISTHA BALARAAM Movie OST ｜ Dayahang Rai, Bijay Baral, Samriddhi Aryal.m4a",osrdigital|kaam jhyap jhyap mr d,OSRDigital,"Kaam Jhyap Jhyap - Mr. D | BARISTHA BALARAAM Movie OST | Dayahang Rai, Bijay Baral, Samriddhi Aryal",weak,3942,,,metadata_candidate
"Kaha Bata Lyau Baba ｜ HALEE Movie Sad Song 2026 ｜ Pramod Deep, Sujata Thapa, Kanchan Dulal.m4a","Kaha Bata Lyau Baba ｜ HALEE Movie Sad Song 2026 ｜ Pramod Deep, Sujata Thapa, Kanchan Dulal.m4a",osrdigital|kaha bata lyau baba,OSRDigital,"Kaha Bata Lyau Baba | HALEE Movie Sad Song 2026 | Pramod Deep, Sujata Thapa, Kanchan Dulal",weak,2372,,,metadata_candidate
Kaha Paryo Ghara - New Tamang Selo Song ll Koshis Rai Dance Choreography.m4a,Kaha Paryo Ghara - New Tamang Selo Song ll Koshis Rai Dance Choreography.m4a,koshis rai|kaha paryo ghara new tamang selo song ll koshis rai dance choreography,Koshis Rai,Kaha Paryo Ghara - New Tamang Selo Song ll Koshis Rai Dance Choreography,weak,1697,,,metadata_candidate
"Kaha Sakchhu Ma Rijhauna ｜｜ Milan Timalsina ｜｜ Avishek Parbate, Sonisha Khadka, Ramesh Ranabhat.m4a","Kaha Sakchhu Ma Rijhauna ｜｜ Milan Timalsina ｜｜ Avishek Parbate, Sonisha Khadka, Ramesh Ranabhat.m4a",osrdigital|kaha sakchhu ma rijhauna,OSRDigital,"Kaha Sakchhu Ma Rijhauna || Milan Timalsina || Avishek Parbate, Sonisha Khadka, Ramesh Ranabhat",weak,3773,,,metadata_candidate
Kahi Aafnai Bhumarima.mp3,Kahi Aafnai Bhumarima.mp3,ambar gurung|kahi aafnai bhumarima,"Ambar Gurung, www.geetsangraha.blogspot.com",Kahi Aafnai Bhumarima,strong,2059,2059,,metadata_only
"Kahile Kahi Timi ｜｜ Suresh Kohli, Bina Raut ｜｜ Utsaha Kanta Mainali ｜｜ New Nepali Song 2026.m4a","Kahile Kahi Timi ｜｜ Suresh Kohli, Bina Raut ｜｜ Utsaha Kanta Mainali ｜｜ New Nepali Song 2026.m4a",osrdigital|kahile kahi timi,OSRDigital,"Kahile Kahi Timi || Suresh Kohli, Bina Raut || Utsaha Kanta Mainali || New Nepali Song 2026",weak,52,,,metadata_candidate
Kajal Malik - Shiv Shankar Bhole Nath Tera Damru Baaje Parwat Pe.mp3,Kajal Malik - Shiv Shankar Bhole Nath Tera Damru Baaje Parwat Pe.mp3,kajal malik|shiv shankar bhole nath tera damru baaje parwat pe,Kajal Malik,Shiv Shankar Bhole Nath Tera Damru Baaje Parwat Pe,weak,1543,,,metadata_candidate
Kajal Malik - Shiv Shankar Chale Kelash Ke Bundiya Padhne Lagi.mp3,Kajal Malik - Shiv Shankar Chale Kelash Ke Bundiya Padhne Lagi.mp3,kajal malik|shiv shankar chale kelash ke bundiya padhne lagi,Kajal Malik,Shiv Shankar Chale Kelash Ke Bundiya Padhne Lagi,weak,2643,,,metadata_candidate
"Kali Kali ｜｜ SUNMUNA New Nepali Movie Song 2026 ｜｜ Buddhi Tamang, Juna Karki, Lalit Golay, Dewraj.m4a","Kali Kali ｜｜ SUNMUNA New Nepali Movie Song 2026 ｜｜ Buddhi Tamang, Juna Karki, Lalit Golay, Dewraj.m4a",osrdigital|kali kali,OSRDigital,"Kali Kali || SUNMUNA New Nepali Movie Song 2026 || Buddhi Tamang, Juna Karki, Lalit Golay, Dewraj",weak,578,,,metadata_candidate
"Kali Prasad Baskota, Melina Rai - Ajambari.mp3","Kali Prasad Baskota, Melina Rai - Ajambari.mp3",kali prasad baskota melina rai|ajambari,"Kali Prasad Baskota, Melina Rai",Ajambari,strong,2081,2081,,metadata_only
Kalipare Bhesh ｜ कालीपारे भेष ｜ Teej Song 2083⧸ 2026 ｜ प्रयासी परिवारको प्रस्तुति.m4a,Kalipare Bhesh ｜ कालीपारे भेष ｜ Teej Song 2083⧸ 2026 ｜ प्रयासी परिवारको प्रस्तुति.m4a,geetkosh nepal|kalipare bhesh,GeetKosh Nepal,Kalipare Bhesh | कालीपारे भेष | Teej Song 2083/ 2026 | प्रयासी परिवारको प्रस्तुति,weak,1037,,,metadata_candidate
Kalo Chasma lau vanxa (Official Music Video) II Doma Hyolmo ll @Yeshidon.m4a,Kalo Chasma lau vanxa (Official Music Video) II Doma Hyolmo ll @Yeshidon.m4a,doma hyolmo|kalo chasma lau vanxa ii doma hyolmo ll yeshidon,Doma Hyolmo,Kalo Chasma lau vanxa (Official Music Video) II Doma Hyolmo ll @Yeshidon,strong,1169,1169,,metadata_only
Kanchhi - Krishna DhakalNew Nepali Lok-Pop Song 2014.mp3,Kanchhi - Krishna DhakalNew Nepali Lok-Pop Song 2014.mp3,kanchhi|krishna dhakalnew nepali lok pop song,Kanchhi,Krishna DhakalNew Nepali Lok-Pop Song 2014,weak,207,,,metadata_candidate
Kandara - Angin.mp3,Kandara - Angin.mp3,kandara|angin,Kandara,Angin,strong,3556,3556,,metadata_only
Kandara - Bahtera.mp3,Kandara - Bahtera.mp3,kandara|bahtera,Kandara,Bahtera,weak,1267,,,metadata_candidate
Kandara - Bersama.mp3,Kandara - Bersama.mp3,kandara|bersama,Kandara,Bersama,weak,2717,,,metadata_candidate
Kandara - Bho Bhayo.mp3,Kandara - Bho Bhayo.mp3,kandara|bho bhayo,Kandara,Bho Bhayo,probable,3759,,,metadata_candidate
Kandara - Bidesiyera gain uni.mp3,Kandara - Bidesiyera gain uni.mp3,kandara|bidesiyera gain uni,Kandara,Bidesiyera gain uni,weak,3012,,,metadata_candidate
Kandara - Bolu Ki Nabolu.mp3,Kandara - Bolu Ki Nabolu.mp3,kandara|bolu ki nabolu,Kandara,Bolu Ki Nabolu,weak,2758,,,metadata_candidate
Kandara - Kata Siapa.mp3,Kandara - Kata Siapa.mp3,kandara|kata siapa,Kandara,Kata Siapa,weak,3255,,A-a8ebb3a8a5,new_lyrics
Kandara - Keheningan.mp3,Kandara - Keheningan.mp3,kandara|keheningan,Kandara,Keheningan,weak,1502,,,metadata_candidate
Kandara - Lekaki He Maya.mp3,Kandara - Lekaki He Maya.mp3,kandara|lekaki he maya,Kandara,Lekaki He Maya,strong,526,526,,metadata_only
Kandara - Mahasus Gare.mp3,Kandara - Mahasus Gare.mp3,kandara|mahasus gare,Kandara,Mahasus Gare,weak,1574,,,metadata_candidate
Kandara - Pesan.mp3,Kandara - Pesan.mp3,kandara|pesan,Kandara,Pesan,weak,427,,,metadata_candidate
Kandara - Rumah.mp3,Kandara - Rumah.mp3,kandara|rumah,Kandara,Rumah,weak,3612,,,metadata_candidate
Kandara - Tagaroma Rumal Rakhi.mp3,Kandara - Tagaroma Rumal Rakhi.mp3,kandara|tagaroma rumal rakhi,Kandara,Tagaroma Rumal Rakhi,probable,1686,1686,,lyrics_confirmed
Kandara - Tujuan.mp3,Kandara - Tujuan.mp3,kandara|tujuan,Kandara,Tujuan,weak,2972,,,metadata_candidate
Kandara - Udas Basti.mp3,Kandara - Udas Basti.mp3,kandara|udas basti,Kandara,Udas Basti,weak,966,,,metadata_candidate
Kandara Group - Bideshiyara Gaein.mp3,Kandara Group - Bideshiyara Gaein.mp3,kandara group|bideshiyara gaein,Kandara Group,Bideshiyara Gaein,weak,,,,no_lyrics
Kandara Group - Bishwasko Diyo.mp3,Kandara Group - Bishwasko Diyo.mp3,kandara group|bishwasko diyo,Kandara Group,Bishwasko Diyo,weak,510,,A-07540e094d,new_lyrics
Kandara Group - Chanchale Kanchhi.mp3,Kandara Group - Chanchale Kanchhi.mp3,kandara group|chanchale kanchhi,Kandara Group,Chanchale Kanchhi,strong,420,420,,metadata_only
Kandara Group - Dandapari.mp3,Kandara Group - Dandapari.mp3,kandara group|dandapari,Kandara Group,Dandapari,probable,1710,,,metadata_candidate
Kandara Group - Din Bite.mp3,Kandara Group - Din Bite.mp3,kandara group|din bite,Kandara Group,Din Bite,strong,419,419,,metadata_only
Kandara Group - Fulachokiko Dandama.mp3,Kandara Group - Fulachokiko Dandama.mp3,kandara group|fulachokiko dandama,Kandara Group,Fulachokiko Dandama,weak,,,,no_lyrics
Kandara Group - Hongkong Pokhara.mp3,Kandara Group - Hongkong Pokhara.mp3,kandara group|hongkong pokhara,Kandara Group,Hongkong Pokhara,strong,1683,1683,,metadata_only
Kandara Group - Lekaki He Maya.mp3,Kandara Group - Lekaki He Maya.mp3,kandara group|lekaki he maya,Kandara Group,Lekaki He Maya,strong,526,526,,metadata_only
Kandara Group - Priyashi.mp3,Kandara Group - Priyashi.mp3,kandara group|priyashi,Kandara Group,Priyashi,probable,1951,,,metadata_candidate
Kandara Group - Raatai Bijhayo.mp3,Kandara Group - Raatai Bijhayo.mp3,kandara group|raatai bijhayo,Kandara Group,Raatai Bijhayo,weak,2141,,,metadata_candidate
Kandara Group - Sayad Timi.mp3,Kandara Group - Sayad Timi.mp3,kandara group|sayad timi,Kandara Group,Sayad Timi,strong,752,752,,metadata_only
Kandara Group - Tehi Deuralima.mp3,Kandara Group - Tehi Deuralima.mp3,kandara group|tehi deuralima,Kandara Group,Tehi Deuralima,probable,2687,,,metadata_candidate
Kandara Group - Timi Pari.mp3,Kandara Group - Timi Pari.mp3,kandara group|timi pari,Kandara Group,Timi Pari,strong,1687,1687,,metadata_only
Kandara Group - Yastai Chha Mayalu.mp3,Kandara Group - Yastai Chha Mayalu.mp3,kandara group|yastai chha mayalu,Kandara Group,Yastai Chha Mayalu,strong,56,56,,metadata_only
Kandara Twins Band - Thina Ti Mugogo.mp3,Kandara Twins Band - Thina Ti Mugogo.mp3,kandara twins band|thina ti mugogo,Kandara Twins Band,Thina Ti Mugogo,weak,,,,no_lyrics
Kandara Twins Band - Wanjiru.mp3,Kandara Twins Band - Wanjiru.mp3,kandara twins band|wanjiru,Kandara Twins Band,Wanjiru,weak,,,,no_lyrics
Kanhaiya Singh - Bhajo Re Man Om Namah Shivay.mp3,Kanhaiya Singh - Bhajo Re Man Om Namah Shivay.mp3,kanhaiya singh|bhajo re man om namah shivay,Kanhaiya Singh,Bhajo Re Man Om Namah Shivay,weak,2336,,,metadata_candidate
Kanhaiya Singh - Chhaliya Mohan.mp3,Kanhaiya Singh - Chhaliya Mohan.mp3,kanhaiya singh|chhaliya mohan,Kanhaiya Singh,Chhaliya Mohan,weak,366,,,metadata_candidate
Kanhaiya Singh - Darshan Lel Taiyar Ge Maa.mp3,Kanhaiya Singh - Darshan Lel Taiyar Ge Maa.mp3,kanhaiya singh|darshan lel taiyar ge maa,Kanhaiya Singh,Darshan Lel Taiyar Ge Maa,probable,205,,,metadata_candidate
Kanhaiya Singh - Dekha Dey Hata Ke Odhaniya Ge.mp3,Kanhaiya Singh - Dekha Dey Hata Ke Odhaniya Ge.mp3,kanhaiya singh|dekha dey hata ke odhaniya ge,Kanhaiya Singh,Dekha Dey Hata Ke Odhaniya Ge,none,,,,no_lyrics
Kanhaiya Singh - Ma Nepali Thito.mp3,Kanhaiya Singh - Ma Nepali Thito.mp3,kanhaiya singh|ma nepali thito,Kanhaiya Singh,Ma Nepali Thito,probable,207,,,metadata_candidate
Kanhaiya Singh - Marera Jane.mp3,Kanhaiya Singh - Marera Jane.mp3,kanhaiya singh|marera jane,Kanhaiya Singh,Marera Jane,weak,612,,,metadata_candidate
Kanhaiya Singh - Tohare Me Atakal Jaan.mp3,Kanhaiya Singh - Tohare Me Atakal Jaan.mp3,kanhaiya singh|tohare me atakal jaan,Kanhaiya Singh,Tohare Me Atakal Jaan,none,3208,,,metadata_candidate
Kanxi (Resham Firiri)- A Win｜ Resham Firiri Rap Version｜ New Nepali Rap Song｜ The Stern Records.m4a,Kanxi (Resham Firiri)- A Win｜ Resham Firiri Rap Version｜ New Nepali Rap Song｜ The Stern Records.m4a,the stern records|kanxi resham firiri a win,The Stern Records,Kanxi (Resham Firiri)- A Win| Resham Firiri Rap Version| New Nepali Rap Song| The Stern Records,weak,1650,,,metadata_candidate
Karamjit Anmol - Sajjan Taveet Varga.mp3,Karamjit Anmol - Sajjan Taveet Varga.mp3,karamjit anmol|sajjan taveet varga,Karamjit Anmol,Sajjan Taveet Varga,none,,,,no_lyrics
"Karan Nepali, Ritu Thapa - Rangili Suwa.mp3","Karan Nepali, Ritu Thapa - Rangili Suwa.mp3",karan nepali ritu thapa|rangili suwa,"Karan Nepali, Ritu Thapa",Rangili Suwa,none,2396,,,metadata_candidate
"Karna Das, Sapana Shree, Prasna shakya - Utha Hai Aba Nepali.mp3","Karna Das, Sapana Shree, Prasna shakya - Utha Hai Aba Nepali.mp3",karna das sapana shree prasna shakya|utha hai aba nepali,"Karna Das, Sapana Shree, Prasna shakya",Utha Hai Aba Nepali,strong,207,207,,metadata_only
Kartik Chauhan - SHIV SHANKAR TANDAV NACHE CHE.mp3,Kartik Chauhan - SHIV SHANKAR TANDAV NACHE CHE.mp3,kartik chauhan|shiv shankar tandav nache che,Kartik Chauhan,SHIV SHANKAR TANDAV NACHE CHE,weak,1543,,,metadata_candidate
Kartikey Sharma - Shivashtak Jay Shiv Shankar Jay Gangadhar.mp3,Kartikey Sharma - Shivashtak Jay Shiv Shankar Jay Gangadhar.mp3,kartikey sharma|shivashtak jay shiv shankar jay gangadhar,Kartikey Sharma,Shivashtak Jay Shiv Shankar Jay Gangadhar,weak,1543,,,metadata_candidate
"Karuna, Samjhana pariyar, Pushpa Tamu, Raju Neupane - Uthaun Nepali.mp3","Karuna, Samjhana pariyar, Pushpa Tamu, Raju Neupane - Uthaun Nepali.mp3",karuna samjhana pariyar pushpa tamu raju neupane|uthaun nepali,"Karuna, Samjhana pariyar, Pushpa Tamu, Raju Neupane",Uthaun Nepali,weak,207,,,metadata_candidate
Kasaiko Aankha Lagnadinna - New Nepali Patriotic Song - Official Song Suraj Thapa- Brave Nepali Army.mp3,Kasaiko Aankha Lagnadinna - New Nepali Patriotic Song - Official Song Suraj Thapa- Brave Nepali Army.mp3,kasaiko aankha lagnadinna new nepali patriotic song|official song suraj thapa brave nepali army,Kasaiko Aankha Lagnadinna - New Nepali Patriotic Song,Official Song Suraj Thapa- Brave Nepali Army,weak,207,,,metadata_candidate
Kati Baschau Maiti Kai...m4a,Kati Baschau Maiti Kai...m4a,diwas gurung|kati baschau maiti kai,diwas gurung,Kati Baschau Maiti Kai..,strong,1151,1151,,metadata_only
Kati Dina Baschhauu salaijo sagar gurung Sarmila Gurung LM www.Lovenepal.net.ogg,Kati Dina Baschhauu salaijo sagar gurung Sarmila Gurung LM www.Lovenepal.net.ogg,archive org|kati dina baschhauu salaijo sagar gurung sarmila gurung lm,archive.org,Kati Dina Baschhauu salaijo sagar gurung  Sarmila Gurung LM www.Lovenepal.net,weak,210,,,metadata_candidate
Kati Dina Baschhauu salaijo sagar gurung Sarmila Gurung LM-Sarmila Gurung -www.AllNepalmusic.com.mp3,Kati Dina Baschhauu salaijo sagar gurung Sarmila Gurung LM-Sarmila Gurung -www.AllNepalmusic.com.mp3,archive org|kati dina baschhauu salaijo sagar gurung sarmila gurung lm sarmila gurung,archive.org,Kati Dina Baschhauu salaijo sagar gurung Sarmila Gurung LM-Sarmila Gurung -www.AllNepalmusic.com,weak,210,,,metadata_candidate
Kati Dina Baschhauu salaijo sagar gurung Sarmila Gurung LM-Sarmila Gurung 01 www.Lovenepal.net.mp3,Kati Dina Baschhauu salaijo sagar gurung Sarmila Gurung LM-Sarmila Gurung 01 www.Lovenepal.net.mp3,archive org|kati dina baschhauu salaijo sagar gurung sarmila gurung lm sarmila gurung 01,archive.org,Kati Dina Baschhauu salaijo sagar gurung Sarmila Gurung LM-Sarmila Gurung 01 www.Lovenepal.net,weak,210,,,metadata_candidate
Kati Dina Baschhauu salaijo sagar gurung Sarmila Gurung LM-Sarmila Gurung.ogg,Kati Dina Baschhauu salaijo sagar gurung Sarmila Gurung LM-Sarmila Gurung.ogg,archive org|kati dina baschhauu salaijo sagar gurung sarmila gurung lm sarmila gurung,archive.org,Kati Dina Baschhauu salaijo sagar gurung  Sarmila Gurung LM-Sarmila Gurung,weak,210,,,metadata_candidate
Kavya Sharma - Jau Kanchhi Relaima.mp3,Kavya Sharma - Jau Kanchhi Relaima.mp3,kavya sharma|jau kanchhi relaima,Kavya Sharma,Jau Kanchhi Relaima,weak,420,,,metadata_candidate
"Kehar Sing Limbu - Sarara Sarara Official Music Video ft.Nimesh Thapa, Losina Shakya ｜ Kehar& Lunga.m4a","Kehar Sing Limbu - Sarara Sarara Official Music Video ft.Nimesh Thapa, Losina Shakya ｜ Kehar& Lunga.m4a",kendra motion pictures|kehar sing limbu sarara sarara ft nimesh thapa losina shakya,Kendra Motion Pictures,"Kehar Sing Limbu - Sarara Sarara Official Music Video ft.Nimesh Thapa, Losina Shakya | Kehar& Lunga",weak,904,,,metadata_candidate
Khadga Ggrbuja - Luna Kanchhi.mp3,Khadga Ggrbuja - Luna Kanchhi.mp3,khadga ggrbuja|luna kanchhi,Khadga Ggrbuja,Luna Kanchhi,weak,420,,,metadata_candidate
Khalil Sajjan - Bhala Hovi Yar Sano Choria Ay.mp3,Khalil Sajjan - Bhala Hovi Yar Sano Choria Ay.mp3,khalil sajjan|bhala hovi yar sano choria ay,Khalil Sajjan,Bhala Hovi Yar Sano Choria Ay,weak,427,,,metadata_candidate
"Khoto Chha Sikka Numbari Mohar ｜｜ MOHAR Movie Sad Song 2025 ｜｜ Paul Shah, Benisha Hamal, Niti Shah.m4a","Khoto Chha Sikka Numbari Mohar ｜｜ MOHAR Movie Sad Song 2025 ｜｜ Paul Shah, Benisha Hamal, Niti Shah.m4a",osrdigital|khoto chha sikka numbari mohar,OSRDigital,"Khoto Chha Sikka Numbari Mohar || MOHAR Movie Sad Song 2025 || Paul Shah, Benisha Hamal, Niti Shah",none,17,,,metadata_candidate
Khushbu Tiwari KT - Shiv Shankar Ko Apne Manaye.mp3,Khushbu Tiwari KT - Shiv Shankar Ko Apne Manaye.mp3,khushbu tiwari kt|shiv shankar ko apne manaye,Khushbu Tiwari KT,Shiv Shankar Ko Apne Manaye,weak,2067,,,metadata_candidate
"Khushi Kakkad, Nepali Babu - Ropaniya Balam.mp3","Khushi Kakkad, Nepali Babu - Ropaniya Balam.mp3",khushi kakkad nepali babu|ropaniya balam,"Khushi Kakkad, Nepali Babu",Ropaniya Balam,weak,1211,,,metadata_candidate
"Khushi kakkar, Nepali Babu - Videsh Se Aawe Wala Bawe Mor Bhatar A Rama.mp3","Khushi kakkar, Nepali Babu - Videsh Se Aawe Wala Bawe Mor Bhatar A Rama.mp3",khushi kakkar nepali babu|videsh se aawe wala bawe mor bhatar a rama,"Khushi kakkar, Nepali Babu",Videsh Se Aawe Wala Bawe Mor Bhatar A Rama,weak,2373,,,metadata_candidate
Kike Banquez - Nachideu Maichyang (Nepali Folk Song).mp3,Kike Banquez - Nachideu Maichyang (Nepali Folk Song).mp3,kike banquez|nachideu maichyang nepali folk song,Kike Banquez,Nachideu Maichyang (Nepali Folk Song),weak,207,,,metadata_candidate
"Kiran Gajmer, Melina Rai - Hamro Amar Mayako.mp3","Kiran Gajmer, Melina Rai - Hamro Amar Mayako.mp3",kiran gajmer melina rai|hamro amar mayako,"Kiran Gajmer, Melina Rai",Hamro Amar Mayako,weak,3744,,,metadata_candidate
Kiran Negi - Mera Shiv Shankar Bhagwan Bhola Kidhar Gaya.mp3,Kiran Negi - Mera Shiv Shankar Bhagwan Bhola Kidhar Gaya.mp3,kiran negi|mera shiv shankar bhagwan bhola kidhar gaya,Kiran Negi,Mera Shiv Shankar Bhagwan Bhola Kidhar Gaya,weak,255,,,metadata_candidate
Kiran Nepali - Folk Blues.mp3,Kiran Nepali - Folk Blues.mp3,kiran nepali|folk blues,Kiran Nepali,Folk Blues,weak,1741,,,metadata_candidate
Kiran Nepali - Folk Minor.mp3,Kiran Nepali - Folk Minor.mp3,kiran nepali|folk minor,Kiran Nepali,Folk Minor,weak,637,,,metadata_candidate
Kiran Nepali - Maya Re Ratana.mp3,Kiran Nepali - Maya Re Ratana.mp3,kiran nepali|maya re ratana,Kiran Nepali,Maya Re Ratana,strong,526,526,,metadata_only
Kiran Rai - Jau Saili - Nepali Gospel Song.mp3,Kiran Rai - Jau Saili - Nepali Gospel Song.mp3,kiran rai|jau saili nepali gospel song,Kiran Rai,Jau Saili - Nepali Gospel Song,strong,207,207,,metadata_only
"Kiran Rai, Santosh Tirwa - Nachau Nachau Jhai Lagyo (Nepali Gospel Song).mp3","Kiran Rai, Santosh Tirwa - Nachau Nachau Jhai Lagyo (Nepali Gospel Song).mp3",kiran rai santosh tirwa|nachau nachau jhai lagyo nepali gospel song,"Kiran Rai, Santosh Tirwa",Nachau Nachau Jhai Lagyo (Nepali Gospel Song),weak,207,,,metadata_candidate
Kishore Kumar & Sushma Shrestha Poornima - Aye Mere Bete.mp3,Kishore Kumar & Sushma Shrestha Poornima - Aye Mere Bete.mp3,kishore kumar sushma shrestha poornima|aye mere bete,Kishore Kumar & Sushma Shrestha Poornima,Aye Mere Bete,none,380,,,metadata_candidate
Kishore Kumar and Sushma Shrestha - Tera Mujhse (Duet).mp3,Kishore Kumar and Sushma Shrestha - Tera Mujhse (Duet).mp3,kishore kumar and sushma shrestha|tera mujhse duet,Kishore Kumar and Sushma Shrestha,Tera Mujhse (Duet),none,,,,no_lyrics
"Kishore Kumar, Sushma Shrestha - Aye Mere Bete.mp3","Kishore Kumar, Sushma Shrestha - Aye Mere Bete.mp3",kishore kumar sushma shrestha|aye mere bete,"Kishore Kumar, Sushma Shrestha",Aye Mere Bete,none,380,,,metadata_candidate
"Kishore Kumar, Sushma Shrestha - Deep Diwali Ke Jhuthe.mp3","Kishore Kumar, Sushma Shrestha - Deep Diwali Ke Jhuthe.mp3",kishore kumar sushma shrestha|deep diwali ke jhuthe,"Kishore Kumar, Sushma Shrestha",Deep Diwali Ke Jhuthe,none,,,,no_lyrics
Komal Gouri - Murali Baaj Rahi Madhuban Me Tuta Shiv Shankar Ka Dhyan.mp3,Komal Gouri - Murali Baaj Rahi Madhuban Me Tuta Shiv Shankar Ka Dhyan.mp3,komal gouri|murali baaj rahi madhuban me tuta shiv shankar ka dhyan,Komal Gouri,Murali Baaj Rahi Madhuban Me Tuta Shiv Shankar Ka Dhyan,weak,3361,,,metadata_candidate
Komal Gouri - Shiv Shankar Chale Kelash Ke Bundiya Padhne Lagi.mp3,Komal Gouri - Shiv Shankar Chale Kelash Ke Bundiya Padhne Lagi.mp3,komal gouri|shiv shankar chale kelash ke bundiya padhne lagi,Komal Gouri,Shiv Shankar Chale Kelash Ke Bundiya Padhne Lagi,probable,2643,,,metadata_candidate
Komal Gouri - Sunkar Shri Krishan Ka Janam Milan Shiv Shankar Aaye Hai.mp3,Komal Gouri - Sunkar Shri Krishan Ka Janam Milan Shiv Shankar Aaye Hai.mp3,komal gouri|sunkar shri krishan ka janam milan shiv shankar aaye hai,Komal Gouri,Sunkar Shri Krishan Ka Janam Milan Shiv Shankar Aaye Hai,weak,1543,,,metadata_candidate
"Komal Oli, Yam Baral - Maya Basyo Mutuma.mp3","Komal Oli, Yam Baral - Maya Basyo Mutuma.mp3",komal oli yam baral|maya basyo mutuma,"Komal Oli, Yam Baral",Maya Basyo Mutuma,strong,1777,1777,,metadata_only
Kranti Ale - Ye Kanchhi.mp3,Kranti Ale - Ye Kanchhi.mp3,kranti ale|ye kanchhi,Kranti Ale,Ye Kanchhi,strong,420,420,,metadata_only
"Krishna Kafle, Melina Rai - Kasto Kasto.mp3","Krishna Kafle, Melina Rai - Kasto Kasto.mp3",krishna kafle melina rai|kasto kasto,"Krishna Kafle, Melina Rai",Kasto Kasto,strong,152,152,,metadata_only
Krishna Sah - Chalan Ghumal Jaai Sathe Chhathi Maike Ghate.mp3,Krishna Sah - Chalan Ghumal Jaai Sathe Chhathi Maike Ghate.mp3,krishna sah|chalan ghumal jaai sathe chhathi maike ghate,Krishna Sah,Chalan Ghumal Jaai Sathe Chhathi Maike Ghate,none,,,,no_lyrics
Krishna Sah - Chus Den Oth Lale Lal.mp3,Krishna Sah - Chus Den Oth Lale Lal.mp3,krishna sah|chus den oth lale lal,Krishna Sah,Chus Den Oth Lale Lal,none,,,,no_lyrics
Krishna Sah - Dilake Dhadkan Me Likhal Ahake Naam.mp3,Krishna Sah - Dilake Dhadkan Me Likhal Ahake Naam.mp3,krishna sah|dilake dhadkan me likhal ahake naam,Krishna Sah,Dilake Dhadkan Me Likhal Ahake Naam,none,3830,,,metadata_candidate
Krishna Sah - Hamra Ghaghrapa Pura Sansar Hilaichai.mp3,Krishna Sah - Hamra Ghaghrapa Pura Sansar Hilaichai.mp3,krishna sah|hamra ghaghrapa pura sansar hilaichai,Krishna Sah,Hamra Ghaghrapa Pura Sansar Hilaichai,weak,1506,,,metadata_candidate
Krishna Sah - Jabse Gele Chhoirke Tu Hamra.mp3,Krishna Sah - Jabse Gele Chhoirke Tu Hamra.mp3,krishna sah|jabse gele chhoirke tu hamra,Krishna Sah,Jabse Gele Chhoirke Tu Hamra,none,,,,no_lyrics
Krishna Sah - Jharkaibau Re Chugala.mp3,Krishna Sah - Jharkaibau Re Chugala.mp3,krishna sah|jharkaibau re chugala,Krishna Sah,Jharkaibau Re Chugala,none,2074,,,metadata_candidate
Krishna Sah - Lajebai Chhori Kathmadu Sa Bhagaike.mp3,Krishna Sah - Lajebai Chhori Kathmadu Sa Bhagaike.mp3,krishna sah|lajebai chhori kathmadu sa bhagaike,Krishna Sah,Lajebai Chhori Kathmadu Sa Bhagaike,none,,,,no_lyrics
Krishna Sah - Na Madhesi Na Pahadi Hami Sabai Ek Nepali.mp3,Krishna Sah - Na Madhesi Na Pahadi Hami Sabai Ek Nepali.mp3,krishna sah|na madhesi na pahadi hami sabai ek nepali,Krishna Sah,Na Madhesi Na Pahadi Hami Sabai Ek Nepali,probable,207,,,metadata_candidate
Krishna Sah - Suna Ho Bhaiya Rath Bala Goraki Magai Chho Number.mp3,Krishna Sah - Suna Ho Bhaiya Rath Bala Goraki Magai Chho Number.mp3,krishna sah|suna ho bhaiya rath bala goraki magai chho number,Krishna Sah,Suna Ho Bhaiya Rath Bala Goraki Magai Chho Number,probable,2290,,,metadata_candidate
Kumar Basnet - Aamala Chameli (2).mp3,Kumar Basnet - Aamala Chameli (2).mp3,kumar basnet|aamala chameli,Kumar Basnet,Aamala Chameli,weak,867,,,metadata_candidate
Kumar Basnet - Aankha Le Dekhane.mp3,Kumar Basnet - Aankha Le Dekhane.mp3,kumar basnet|aankha le dekhane,Kumar Basnet,Aankha Le Dekhane,weak,2129,,,metadata_candidate
Kumar Basnet - Barsha Ke Ho.mp3,Kumar Basnet - Barsha Ke Ho.mp3,kumar basnet|barsha ke ho,Kumar Basnet,Barsha Ke Ho,weak,523,,,metadata_candidate
Kumar Basnet - Dalli Magarni.mp3,Kumar Basnet - Dalli Magarni.mp3,kumar basnet|dalli magarni,Kumar Basnet,Dalli Magarni,strong,843,843,,metadata_only
Kumar Basnet - Dhaneshwor Mathi.mp3,Kumar Basnet - Dhaneshwor Mathi.mp3,kumar basnet|dhaneshwor mathi,Kumar Basnet,Dhaneshwor Mathi,weak,2270,,,metadata_candidate
Kumar Basnet - Diunla Yo Joban Timilai Diuna.mp3,Kumar Basnet - Diunla Yo Joban Timilai Diuna.mp3,kumar basnet|diunla yo joban timilai diuna,Kumar Basnet,Diunla Yo Joban Timilai Diuna,strong,1555,1555,,metadata_only
Kumar Basnet - Doti Ramro Dadeldhura.mp3,Kumar Basnet - Doti Ramro Dadeldhura.mp3,kumar basnet|doti ramro dadeldhura,Kumar Basnet,Doti Ramro Dadeldhura,weak,1513,,,metadata_candidate
Kumar Basnet - Ghughuti Ghurayo.mp3,Kumar Basnet - Ghughuti Ghurayo.mp3,kumar basnet|ghughuti ghurayo,Kumar Basnet,Ghughuti Ghurayo,weak,1483,,,metadata_candidate
Kumar Basnet - Herda Ramro (2).mp3,Kumar Basnet - Herda Ramro (2).mp3,kumar basnet|herda ramro,Kumar Basnet,Herda Ramro,strong,1095,1095,,metadata_only
Kumar Basnet - Kaski Ho Chhori.mp3,Kumar Basnet - Kaski Ho Chhori.mp3,kumar basnet|kaski ho chhori,Kumar Basnet,Kaski Ho Chhori,weak,452,,,metadata_candidate
Kumar Basnet - Koili Basyo.mp3,Kumar Basnet - Koili Basyo.mp3,kumar basnet|koili basyo,Kumar Basnet,Koili Basyo,probable,2821,,,metadata_candidate
Kumar Basnet - Kukhura Kati.mp3,Kumar Basnet - Kukhura Kati.mp3,kumar basnet|kukhura kati,Kumar Basnet,Kukhura Kati,strong,1810,1810,,metadata_only
Kumar Basnet - Lai Bari Lai.mp3,Kumar Basnet - Lai Bari Lai.mp3,kumar basnet|lai bari lai,Kumar Basnet,Lai Bari Lai,strong,1811,1811,,metadata_only
Kumar Basnet - Lapsiko Geda.mp3,Kumar Basnet - Lapsiko Geda.mp3,kumar basnet|lapsiko geda,Kumar Basnet,Lapsiko Geda,weak,1812,,,metadata_candidate
Kumar Basnet - Lapsiko Gedo.mp3,Kumar Basnet - Lapsiko Gedo.mp3,kumar basnet|lapsiko gedo,Kumar Basnet,Lapsiko Gedo,strong,1812,1812,,metadata_only
Kumar Basnet - Maile Maya Layekai Hu.mp3,Kumar Basnet - Maile Maya Layekai Hu.mp3,kumar basnet|maile maya layekai hu,Kumar Basnet,Maile Maya Layekai Hu,strong,526,526,,metadata_only
Kumar Basnet - Maile Maya.mp3,Kumar Basnet - Maile Maya.mp3,kumar basnet|maile maya,Kumar Basnet,Maile Maya,strong,526,526,,metadata_only
Kumar Basnet - Mewa Pakyo.mp3,Kumar Basnet - Mewa Pakyo.mp3,kumar basnet|mewa pakyo,Kumar Basnet,Mewa Pakyo,weak,2270,,,metadata_candidate
Kumar Basnet - Nepali Le Nepali Ko.mp3,Kumar Basnet - Nepali Le Nepali Ko.mp3,kumar basnet|nepali le nepali ko,Kumar Basnet,Nepali Le Nepali Ko,strong,207,207,,metadata_only
Kumar Basnet - Pani Khaun Kholiko.mp3,Kumar Basnet - Pani Khaun Kholiko.mp3,kumar basnet|pani khaun kholiko,Kumar Basnet,Pani Khaun Kholiko,strong,2156,2156,,metadata_only
Kumar Basnet - Ramro Machhapuchchhre.mp3,Kumar Basnet - Ramro Machhapuchchhre.mp3,kumar basnet|ramro machhapuchchhre,Kumar Basnet,Ramro Machhapuchchhre,probable,873,,,metadata_candidate
Kumar Basnet - Rausi Khan Jaun.mp3,Kumar Basnet - Rausi Khan Jaun.mp3,kumar basnet|rausi khan jaun,Kumar Basnet,Rausi Khan Jaun,weak,1557,,,metadata_candidate
Kumar Basnet - Rimjhim.mp3,Kumar Basnet - Rimjhim.mp3,kumar basnet|rimjhim,Kumar Basnet,Rimjhim,strong,2601,2601,,metadata_only
Kumar Basnet - Sal Ko Paat.mp3,Kumar Basnet - Sal Ko Paat.mp3,kumar basnet|sal ko paat,Kumar Basnet,Sal Ko Paat,probable,1449,,,metadata_candidate
Kumar Basnet - Sathi Khodaichha.mp3,Kumar Basnet - Sathi Khodaichha.mp3,kumar basnet|sathi khodaichha,Kumar Basnet,Sathi Khodaichha,strong,3562,3562,,metadata_only
Kumar Basnet - Surkhet Ma Salina.mp3,Kumar Basnet - Surkhet Ma Salina.mp3,kumar basnet|surkhet ma salina,Kumar Basnet,Surkhet Ma Salina,strong,3773,3773,,metadata_only
Kumar Basnet - Surkhetaima Salina.mp3,Kumar Basnet - Surkhetaima Salina.mp3,kumar basnet|surkhetaima salina,Kumar Basnet,Surkhetaima Salina,weak,1667,,,metadata_candidate
Kumar Basnet - Timilai Rojeko.mp3,Kumar Basnet - Timilai Rojeko.mp3,kumar basnet|timilai rojeko,Kumar Basnet,Timilai Rojeko,strong,1555,1555,,metadata_only
Kumar Basnet - Tirimiri Daiya.mp3,Kumar Basnet - Tirimiri Daiya.mp3,kumar basnet|tirimiri daiya,Kumar Basnet,Tirimiri Daiya,weak,2125,,,metadata_candidate
Kumar Basnet - Tiriri Piyari.mp3,Kumar Basnet - Tiriri Piyari.mp3,kumar basnet|tiriri piyari,Kumar Basnet,Tiriri Piyari,weak,1687,,,metadata_candidate
Kumar Basnet - Unkai Chhori (2).mp3,Kumar Basnet - Unkai Chhori (2).mp3,kumar basnet|unkai chhori,Kumar Basnet,Unkai Chhori,weak,1814,1814,,lyrics_confirmed
Kumar Basnet - Unkai Chhori Taruni.mp3,Kumar Basnet - Unkai Chhori Taruni.mp3,kumar basnet|unkai chhori taruni,Kumar Basnet,Unkai Chhori Taruni,strong,1814,1814,,metadata_only
"Kumar Basnet, Bimala Rai - Dhanda Namana (2).mp3","Kumar Basnet, Bimala Rai - Dhanda Namana (2).mp3",kumar basnet bimala rai|dhanda namana,"Kumar Basnet, Bimala Rai",Dhanda Namana,strong,3431,3431,,metadata_only
"Kumar Basnet, Kunti Moktan - Barsa Din Bhaisakyo.mp3","Kumar Basnet, Kunti Moktan - Barsa Din Bhaisakyo.mp3",kumar basnet kunti moktan|barsa din bhaisakyo,"Kumar Basnet, Kunti Moktan",Barsa Din Bhaisakyo,strong,419,419,,metadata_only
"Kumar Basnet, Lochan Bhattarai - He He Maya.mp3","Kumar Basnet, Lochan Bhattarai - He He Maya.mp3",kumar basnet lochan bhattarai|he he maya,"Kumar Basnet, Lochan Bhattarai",He He Maya,strong,526,526,,metadata_only
"Kumar Basnet, Meera Rana - Lek Fulyo.mp3","Kumar Basnet, Meera Rana - Lek Fulyo.mp3",kumar basnet meera rana|lek fulyo,"Kumar Basnet, Meera Rana",Lek Fulyo,weak,44,,,metadata_candidate
"Kumar Basnet, Mira Rana - Madal Ghan Ghan.mp3","Kumar Basnet, Mira Rana - Madal Ghan Ghan.mp3",kumar basnet mira rana|madal ghan ghan,"Kumar Basnet, Mira Rana",Madal Ghan Ghan,weak,612,,,metadata_candidate
"Kumar Basnet, Pabitra Subba - Kina Lajaki.mp3","Kumar Basnet, Pabitra Subba - Kina Lajaki.mp3",kumar basnet pabitra subba|kina lajaki,"Kumar Basnet, Pabitra Subba",Kina Lajaki,strong,862,862,,metadata_only
"Kumar Basnet, Reema Gurung - Goru Jhule Ho.mp3","Kumar Basnet, Reema Gurung - Goru Jhule Ho.mp3",kumar basnet reema gurung|goru jhule ho,"Kumar Basnet, Reema Gurung",Goru Jhule Ho,weak,,,,no_lyrics
"Kumar Basnet, Sapana Pariyar - Jau Jau Bhanda.mp3","Kumar Basnet, Sapana Pariyar - Jau Jau Bhanda.mp3",kumar basnet sapana pariyar|jau jau bhanda,"Kumar Basnet, Sapana Pariyar",Jau Jau Bhanda,probable,502,,,metadata_candidate
"Kumar Basnet, Sharmila Bardewa - Chaita Lagyo.mp3","Kumar Basnet, Sharmila Bardewa - Chaita Lagyo.mp3",kumar basnet sharmila bardewa|chaita lagyo,"Kumar Basnet, Sharmila Bardewa",Chaita Lagyo,probable,3651,,,metadata_candidate
"Kumar Basnet, Sharmila Bardewa - Hatai Katechha.mp3","Kumar Basnet, Sharmila Bardewa - Hatai Katechha.mp3",kumar basnet sharmila bardewa|hatai katechha,"Kumar Basnet, Sharmila Bardewa",Hatai Katechha,weak,1917,,,metadata_candidate
"Kumar Basnet, Tara Thapa, Jayananda Lama, Prabha - Aaba Ta Jam Kyare.mp3","Kumar Basnet, Tara Thapa, Jayananda Lama, Prabha - Aaba Ta Jam Kyare.mp3",kumar basnet tara thapa jayananda lama prabha|aaba ta jam kyare,"Kumar Basnet, Tara Thapa, Jayananda Lama, Prabha",Aaba Ta Jam Kyare,weak,1549,,,metadata_candidate
Kunj Bihari - Nath Shiv Shankar Bhola Bhang Ka Khawe Gola.mp3,Kunj Bihari - Nath Shiv Shankar Bhola Bhang Ka Khawe Gola.mp3,kunj bihari|nath shiv shankar bhola bhang ka khawe gola,Kunj Bihari,Nath Shiv Shankar Bhola Bhang Ka Khawe Gola,weak,1543,,,metadata_candidate
Kunti Moktan & Bhola Rijal - Aama Sadhai Sadhai.mp3,Kunti Moktan & Bhola Rijal - Aama Sadhai Sadhai.mp3,kunti moktan bhola rijal|aama sadhai sadhai,Kunti Moktan & Bhola Rijal,Aama Sadhai Sadhai,strong,129,129,,metadata_only
Kunti Moktan - 3. Sunna Jasto.mp3,Kunti Moktan - 3. Sunna Jasto.mp3,kunti moktan|3 sunna jasto,Kunti Moktan,3. Sunna Jasto,strong,2475,2475,,metadata_only
Kunti Moktan - Aafu Jati.mp3,Kunti Moktan - Aafu Jati.mp3,kunti moktan|aafu jati,Kunti Moktan,Aafu Jati,weak,24,,,metadata_candidate
Kunti Moktan - Aaja Dekhi.mp3,Kunti Moktan - Aaja Dekhi.mp3,kunti moktan|aaja dekhi,Kunti Moktan,Aaja Dekhi,strong,144,144,,metadata_only
Kunti Moktan - Aama Lai Samjhe.mp3,Kunti Moktan - Aama Lai Samjhe.mp3,kunti moktan|aama lai samjhe,Kunti Moktan,Aama Lai Samjhe,strong,1007,1007,,metadata_only
Kunti Moktan - Aandhikhole Solti Ko.mp3,Kunti Moktan - Aandhikhole Solti Ko.mp3,kunti moktan|aandhikhole solti ko,Kunti Moktan,Aandhikhole Solti Ko,weak,718,,,metadata_candidate
Kunti Moktan - Aankha Farfarayo (2).mp3,Kunti Moktan - Aankha Farfarayo (2).mp3,kunti moktan|aankha farfarayo,Kunti Moktan,Aankha Farfarayo,weak,2129,,,metadata_candidate
Kunti Moktan - Aankhama Rakhe.mp3,Kunti Moktan - Aankhama Rakhe.mp3,kunti moktan|aankhama rakhe,Kunti Moktan,Aankhama Rakhe,strong,2964,2964,,metadata_only
Kunti Moktan - Aauna Ho Raja.mp3,Kunti Moktan - Aauna Ho Raja.mp3,kunti moktan|aauna ho raja,Kunti Moktan,Aauna Ho Raja,probable,3123,,,metadata_candidate
Kunti Moktan - Aljhera Hundaina.mp3,Kunti Moktan - Aljhera Hundaina.mp3,kunti moktan|aljhera hundaina,Kunti Moktan,Aljhera Hundaina,weak,1015,,,metadata_candidate
Kunti Moktan - Ankha Farfarayo (Instrumental) (3).mp3,Kunti Moktan - Ankha Farfarayo (Instrumental) (3).mp3,kunti moktan|ankha farfarayo instrumental,Kunti Moktan,Ankha Farfarayo (Instrumental),weak,,,,no_lyrics
Kunti Moktan - Astaye Gham.mp3,Kunti Moktan - Astaye Gham.mp3,kunti moktan|astaye gham,Kunti Moktan,Astaye Gham,weak,3124,,,metadata_candidate
Kunti Moktan - Badnami Chotharu.mp3,Kunti Moktan - Badnami Chotharu.mp3,kunti moktan|badnami chotharu,Kunti Moktan,Badnami Chotharu,weak,2997,,,metadata_candidate
Kunti Moktan - Baha Bagyo Ni.mp3,Kunti Moktan - Baha Bagyo Ni.mp3,kunti moktan|baha bagyo ni,Kunti Moktan,Baha Bagyo Ni,weak,2044,,,metadata_candidate
Kunti Moktan - Bandhan Chan.mp3,Kunti Moktan - Bandhan Chan.mp3,kunti moktan|bandhan chan,Kunti Moktan,Bandhan Chan,weak,2486,,,metadata_candidate
Kunti Moktan - Bhaiko Samjhana.mp3,Kunti Moktan - Bhaiko Samjhana.mp3,kunti moktan|bhaiko samjhana,Kunti Moktan,Bhaiko Samjhana,strong,737,737,,metadata_only
Kunti Moktan - Bhuichalo Gayepachi.mp3,Kunti Moktan - Bhuichalo Gayepachi.mp3,kunti moktan|bhuichalo gayepachi,Kunti Moktan,Bhuichalo Gayepachi,probable,244,,,metadata_candidate
Kunti Moktan - Bigat Dinka.mp3,Kunti Moktan - Bigat Dinka.mp3,kunti moktan|bigat dinka,Kunti Moktan,Bigat Dinka,weak,3438,,,metadata_candidate
Kunti Moktan - Bujhi Saknu Chaina.mp3,Kunti Moktan - Bujhi Saknu Chaina.mp3,kunti moktan|bujhi saknu chaina,Kunti Moktan,Bujhi Saknu Chaina,strong,193,193,,metadata_only
Kunti Moktan - Chamak Chamak.mp3,Kunti Moktan - Chamak Chamak.mp3,kunti moktan|chamak chamak,Kunti Moktan,Chamak Chamak,strong,2718,2718,,metadata_only
Kunti Moktan - Chandramama.mp3,Kunti Moktan - Chandramama.mp3,kunti moktan|chandramama,Kunti Moktan,Chandramama,weak,2065,,,metadata_candidate
Kunti Moktan - Chiyabaari Daanda.mp3,Kunti Moktan - Chiyabaari Daanda.mp3,kunti moktan|chiyabaari daanda,Kunti Moktan,Chiyabaari Daanda,weak,23,,,metadata_candidate
Kunti Moktan - Choli Ramro.mp3,Kunti Moktan - Choli Ramro.mp3,kunti moktan|choli ramro,Kunti Moktan,Choli Ramro,strong,1824,1824,,metadata_only
Kunti Moktan - Chyatiyako Tasbir.mp3,Kunti Moktan - Chyatiyako Tasbir.mp3,kunti moktan|chyatiyako tasbir,Kunti Moktan,Chyatiyako Tasbir,weak,2961,,,metadata_candidate
Kunti Moktan - Chyatiyeko Tasbir.mp3,Kunti Moktan - Chyatiyeko Tasbir.mp3,kunti moktan|chyatiyeko tasbir,Kunti Moktan,Chyatiyeko Tasbir,weak,2961,,,metadata_candidate
Kunti Moktan - Deuraleema.mp3,Kunti Moktan - Deuraleema.mp3,kunti moktan|deuraleema,Kunti Moktan,Deuraleema,weak,2285,,,metadata_candidate
Kunti Moktan - Dhan Nabhayeni.mp3,Kunti Moktan - Dhan Nabhayeni.mp3,kunti moktan|dhan nabhayeni,Kunti Moktan,Dhan Nabhayeni,weak,177,,,metadata_candidate
Kunti Moktan - Dherai Dherai Samjhen.mp3,Kunti Moktan - Dherai Dherai Samjhen.mp3,kunti moktan|dherai dherai samjhen,Kunti Moktan,Dherai Dherai Samjhen,strong,2061,2061,,metadata_only
Kunti Moktan - DUI Dinko Yo Jindagani.mp3,Kunti Moktan - DUI Dinko Yo Jindagani.mp3,kunti moktan|dui dinko yo jindagani,Kunti Moktan,DUI Dinko Yo Jindagani,weak,4023,,,metadata_candidate
Kunti Moktan - Ek Pate Makai.mp3,Kunti Moktan - Ek Pate Makai.mp3,kunti moktan|ek pate makai,Kunti Moktan,Ek Pate Makai,weak,109,,,metadata_candidate
Kunti Moktan - Ekatir Mayalu.mp3,Kunti Moktan - Ekatir Mayalu.mp3,kunti moktan|ekatir mayalu,Kunti Moktan,Ekatir Mayalu,strong,56,56,,metadata_only
Kunti Moktan - Ekatira Mayalu.mp3,Kunti Moktan - Ekatira Mayalu.mp3,kunti moktan|ekatira mayalu,Kunti Moktan,Ekatira Mayalu,strong,56,56,,metadata_only
Kunti Moktan - Gaadi Chalchha.mp3,Kunti Moktan - Gaadi Chalchha.mp3,kunti moktan|gaadi chalchha,Kunti Moktan,Gaadi Chalchha,weak,2824,,,metadata_candidate
Kunti Moktan - Gaadi.mp3,Kunti Moktan - Gaadi.mp3,kunti moktan|gaadi,Kunti Moktan,Gaadi,strong,1344,1344,,metadata_only
Kunti Moktan - Gaun Ko Mero.mp3,Kunti Moktan - Gaun Ko Mero.mp3,kunti moktan|gaun ko mero,Kunti Moktan,Gaun Ko Mero,probable,507,,,metadata_candidate
Kunti Moktan - Gham Daadaima (2).mp3,Kunti Moktan - Gham Daadaima (2).mp3,kunti moktan|gham daadaima,Kunti Moktan,Gham Daadaima,weak,485,,,metadata_candidate
Kunti Moktan - Gham Juna.mp3,Kunti Moktan - Gham Juna.mp3,kunti moktan|gham juna,Kunti Moktan,Gham Juna,weak,2379,,,metadata_candidate
Kunti Moktan - Ghama Lage Surya Mukhi.mp3,Kunti Moktan - Ghama Lage Surya Mukhi.mp3,kunti moktan|ghama lage surya mukhi,Kunti Moktan,Ghama Lage Surya Mukhi,weak,2666,,,metadata_candidate
Kunti Moktan - Ghar Ta Mero.mp3,Kunti Moktan - Ghar Ta Mero.mp3,kunti moktan|ghar ta mero,Kunti Moktan,Ghar Ta Mero,probable,4065,,,metadata_candidate
Kunti Moktan - Gurans Fulyo.mp3,Kunti Moktan - Gurans Fulyo.mp3,kunti moktan|gurans fulyo,Kunti Moktan,Gurans Fulyo,strong,2530,2530,,metadata_only
Kunti Moktan - Harek Raatko Pal.mp3,Kunti Moktan - Harek Raatko Pal.mp3,kunti moktan|harek raatko pal,Kunti Moktan,Harek Raatko Pal,weak,3015,,,metadata_candidate
Kunti Moktan - Hijo Aaja Kina.mp3,Kunti Moktan - Hijo Aaja Kina.mp3,kunti moktan|hijo aaja kina,Kunti Moktan,Hijo Aaja Kina,strong,144,144,,metadata_only
Kunti Moktan - Him Shrinkhalaama.mp3,Kunti Moktan - Him Shrinkhalaama.mp3,kunti moktan|him shrinkhalaama,Kunti Moktan,Him Shrinkhalaama,weak,1308,,,metadata_candidate
Kunti Moktan - Hindi Dinchhu.mp3,Kunti Moktan - Hindi Dinchhu.mp3,kunti moktan|hindi dinchhu,Kunti Moktan,Hindi Dinchhu,weak,3984,,,metadata_candidate
Kunti Moktan - Indra Chowk Ra Asanbazar.mp3,Kunti Moktan - Indra Chowk Ra Asanbazar.mp3,kunti moktan|indra chowk ra asanbazar,Kunti Moktan,Indra Chowk Ra Asanbazar,weak,1465,,,metadata_candidate
Kunti Moktan - Jau Saili.mp3,Kunti Moktan - Jau Saili.mp3,kunti moktan|jau saili,Kunti Moktan,Jau Saili,strong,1494,1494,,metadata_only
Kunti Moktan - Jindagiko Dharsangai.mp3,Kunti Moktan - Jindagiko Dharsangai.mp3,kunti moktan|jindagiko dharsangai,Kunti Moktan,Jindagiko Dharsangai,weak,1724,,,metadata_candidate
Kunti Moktan - Jindagiko Maidan.mp3,Kunti Moktan - Jindagiko Maidan.mp3,kunti moktan|jindagiko maidan,Kunti Moktan,Jindagiko Maidan,weak,1745,,,metadata_candidate
Kunti Moktan - Juneli Raatma.mp3,Kunti Moktan - Juneli Raatma.mp3,kunti moktan|juneli raatma,Kunti Moktan,Juneli Raatma,strong,3608,3608,,metadata_only
Kunti Moktan - Kahile Kanhi.mp3,Kunti Moktan - Kahile Kanhi.mp3,kunti moktan|kahile kanhi,Kunti Moktan,Kahile Kanhi,strong,52,52,,metadata_only
Kunti Moktan - Kalejima Bas Basi.mp3,Kunti Moktan - Kalejima Bas Basi.mp3,kunti moktan|kalejima bas basi,Kunti Moktan,Kalejima Bas Basi,weak,1128,,,metadata_candidate
Kunti Moktan - Kati Maya.mp3,Kunti Moktan - Kati Maya.mp3,kunti moktan|kati maya,Kunti Moktan,Kati Maya,strong,526,526,,metadata_only
Kunti Moktan - Katti Katti Gham.mp3,Kunti Moktan - Katti Katti Gham.mp3,kunti moktan|katti katti gham,Kunti Moktan,Katti Katti Gham,weak,1918,,,metadata_candidate
Kunti Moktan - Kele Dhakyo.mp3,Kunti Moktan - Kele Dhakyo.mp3,kunti moktan|kele dhakyo,Kunti Moktan,Kele Dhakyo,weak,1129,,,metadata_candidate
Kunti Moktan - Khusi Dina.mp3,Kunti Moktan - Khusi Dina.mp3,kunti moktan|khusi dina,Kunti Moktan,Khusi Dina,weak,265,,,metadata_candidate
Kunti Moktan - Kina Yasto Hunchha.mp3,Kunti Moktan - Kina Yasto Hunchha.mp3,kunti moktan|kina yasto hunchha,Kunti Moktan,Kina Yasto Hunchha,strong,862,862,,metadata_only
Kunti Moktan - Lahure Dai Ko.mp3,Kunti Moktan - Lahure Dai Ko.mp3,kunti moktan|lahure dai ko,Kunti Moktan,Lahure Dai Ko,strong,899,899,,metadata_only
Kunti Moktan - Lahure Mayalu.mp3,Kunti Moktan - Lahure Mayalu.mp3,kunti moktan|lahure mayalu,Kunti Moktan,Lahure Mayalu,strong,56,56,,metadata_only
Kunti Moktan - Laligurans Ajambari.mp3,Kunti Moktan - Laligurans Ajambari.mp3,kunti moktan|laligurans ajambari,Kunti Moktan,Laligurans Ajambari,strong,2081,2081,,metadata_only
Kunti Moktan - Lekai Phoolyo (2).mp3,Kunti Moktan - Lekai Phoolyo (2).mp3,kunti moktan|lekai phoolyo,Kunti Moktan,Lekai Phoolyo,weak,491,,,metadata_candidate
Kunti Moktan - Lukai Rahethe.mp3,Kunti Moktan - Lukai Rahethe.mp3,kunti moktan|lukai rahethe,Kunti Moktan,Lukai Rahethe,weak,1891,,,metadata_candidate
Kunti Moktan - Ma.mp3,Kunti Moktan - Ma.mp3,kunti moktan|ma,Kunti Moktan,Ma,strong,3773,3773,,metadata_only
Kunti Moktan - Malai Pratikshya Chha.mp3,Kunti Moktan - Malai Pratikshya Chha.mp3,kunti moktan|malai pratikshya chha,Kunti Moktan,Malai Pratikshya Chha,weak,3210,,,metadata_candidate
Kunti Moktan - Mandirma Phool (2).mp3,Kunti Moktan - Mandirma Phool (2).mp3,kunti moktan|mandirma phool,Kunti Moktan,Mandirma Phool,strong,3465,3465,,metadata_only
Kunti Moktan - Manishale Hunnani.mp3,Kunti Moktan - Manishale Hunnani.mp3,kunti moktan|manishale hunnani,Kunti Moktan,Manishale Hunnani,weak,2453,,,metadata_candidate
Kunti Moktan - Mathi Mathi Sailungema.mp3,Kunti Moktan - Mathi Mathi Sailungema.mp3,kunti moktan|mathi mathi sailungema,Kunti Moktan,Mathi Mathi Sailungema,strong,1830,1830,,metadata_only
Kunti Moktan - Maya Ko Shaharma Aau.mp3,Kunti Moktan - Maya Ko Shaharma Aau.mp3,kunti moktan|maya ko shaharma aau,Kunti Moktan,Maya Ko Shaharma Aau,strong,526,526,,metadata_only
Kunti Moktan - Mayale Bhariyeko.mp3,Kunti Moktan - Mayale Bhariyeko.mp3,kunti moktan|mayale bhariyeko,Kunti Moktan,Mayale Bhariyeko,probable,3309,,,metadata_candidate
Kunti Moktan - Mayalulai.mp3,Kunti Moktan - Mayalulai.mp3,kunti moktan|mayalulai,Kunti Moktan,Mayalulai,strong,1468,1468,,metadata_only
Kunti Moktan - Mutu Nabhaidido Ho Ta.mp3,Kunti Moktan - Mutu Nabhaidido Ho Ta.mp3,kunti moktan|mutu nabhaidido ho ta,Kunti Moktan,Mutu Nabhaidido Ho Ta,weak,4020,,,metadata_candidate
Kunti Moktan - Mutubhitra Aago.mp3,Kunti Moktan - Mutubhitra Aago.mp3,kunti moktan|mutubhitra aago,Kunti Moktan,Mutubhitra Aago,weak,587,,,metadata_candidate
Kunti Moktan - Nepal Mero Prapti.mp3,Kunti Moktan - Nepal Mero Prapti.mp3,kunti moktan|nepal mero prapti,Kunti Moktan,Nepal Mero Prapti,strong,2830,2830,,metadata_only
Kunti Moktan - Nirdoshchu Aafoo.mp3,Kunti Moktan - Nirdoshchu Aafoo.mp3,kunti moktan|nirdoshchu aafoo,Kunti Moktan,Nirdoshchu Aafoo,weak,,,,no_lyrics
Kunti Moktan - Nisthuri Mayalu.mp3,Kunti Moktan - Nisthuri Mayalu.mp3,kunti moktan|nisthuri mayalu,Kunti Moktan,Nisthuri Mayalu,strong,56,56,,metadata_only
Kunti Moktan - Nyauli Mutuma.mp3,Kunti Moktan - Nyauli Mutuma.mp3,kunti moktan|nyauli mutuma,Kunti Moktan,Nyauli Mutuma,weak,1260,,,metadata_candidate
Kunti Moktan - Oralima Hindnu.mp3,Kunti Moktan - Oralima Hindnu.mp3,kunti moktan|oralima hindnu,Kunti Moktan,Oralima Hindnu,weak,,,,no_lyrics
Kunti Moktan - Pahad Jasto.mp3,Kunti Moktan - Pahad Jasto.mp3,kunti moktan|pahad jasto,Kunti Moktan,Pahad Jasto,weak,1031,,,metadata_candidate
Kunti Moktan - Pahadi Pyara.mp3,Kunti Moktan - Pahadi Pyara.mp3,kunti moktan|pahadi pyara,Kunti Moktan,Pahadi Pyara,probable,246,,,metadata_candidate
Kunti Moktan - Pardesiko Maya.mp3,Kunti Moktan - Pardesiko Maya.mp3,kunti moktan|pardesiko maya,Kunti Moktan,Pardesiko Maya,strong,526,526,,metadata_only
Kunti Moktan - Phailiyo Maya (2).mp3,Kunti Moktan - Phailiyo Maya (2).mp3,kunti moktan|phailiyo maya,Kunti Moktan,Phailiyo Maya,strong,526,526,,metadata_only
Kunti Moktan - Phailiyo Maya Dubosari (2).mp3,Kunti Moktan - Phailiyo Maya Dubosari (2).mp3,kunti moktan|phailiyo maya dubosari,Kunti Moktan,Phailiyo Maya Dubosari,strong,526,526,,metadata_only
Kunti Moktan - Pheri Phulyo (2).mp3,Kunti Moktan - Pheri Phulyo (2).mp3,kunti moktan|pheri phulyo,Kunti Moktan,Pheri Phulyo,weak,1005,,,metadata_candidate
Kunti Moktan - Piyera Nasha Adharko.mp3,Kunti Moktan - Piyera Nasha Adharko.mp3,kunti moktan|piyera nasha adharko,Kunti Moktan,Piyera Nasha Adharko,weak,951,,,metadata_candidate
Kunti Moktan - Rudai Chu Ma.mp3,Kunti Moktan - Rudai Chu Ma.mp3,kunti moktan|rudai chu ma,Kunti Moktan,Rudai Chu Ma,strong,3773,3773,,metadata_only
Kunti Moktan - Rudaichhu Ma.mp3,Kunti Moktan - Rudaichhu Ma.mp3,kunti moktan|rudaichhu ma,Kunti Moktan,Rudaichhu Ma,strong,3773,3773,,metadata_only
Kunti Moktan - Sadhai Sadhai Maile.mp3,Kunti Moktan - Sadhai Sadhai Maile.mp3,kunti moktan|sadhai sadhai maile,Kunti Moktan,Sadhai Sadhai Maile,strong,129,129,,metadata_only
Kunti Moktan - Sandhai Timro Samjhana (2).mp3,Kunti Moktan - Sandhai Timro Samjhana (2).mp3,kunti moktan|sandhai timro samjhana,Kunti Moktan,Sandhai Timro Samjhana,strong,737,737,,metadata_only
Kunti Moktan - Sapani Naramro Dekhera.mp3,Kunti Moktan - Sapani Naramro Dekhera.mp3,kunti moktan|sapani naramro dekhera,Kunti Moktan,Sapani Naramro Dekhera,probable,2979,,,metadata_candidate
Kunti Moktan - Sapanima Matra Sadhain.mp3,Kunti Moktan - Sapanima Matra Sadhain.mp3,kunti moktan|sapanima matra sadhain,Kunti Moktan,Sapanima Matra Sadhain,weak,460,,,metadata_candidate
Kunti Moktan - Sapanima Matra Sandhai (2).mp3,Kunti Moktan - Sapanima Matra Sandhai (2).mp3,kunti moktan|sapanima matra sandhai,Kunti Moktan,Sapanima Matra Sandhai,weak,460,,,metadata_candidate
Kunti Moktan - Sarpe Ghumti.mp3,Kunti Moktan - Sarpe Ghumti.mp3,kunti moktan|sarpe ghumti,Kunti Moktan,Sarpe Ghumti,weak,2309,,,metadata_candidate
Kunti Moktan - Singai Jeevan Roisake (2).mp3,Kunti Moktan - Singai Jeevan Roisake (2).mp3,kunti moktan|singai jeevan roisake,Kunti Moktan,Singai Jeevan Roisake,strong,1155,1155,,metadata_only
Kunti Moktan - Suna Sunauli.mp3,Kunti Moktan - Suna Sunauli.mp3,kunti moktan|suna sunauli,Kunti Moktan,Suna Sunauli,strong,2290,2290,,metadata_only
Kunti Moktan - Sunkai Bhau Chha (Instrumental).mp3,Kunti Moktan - Sunkai Bhau Chha (Instrumental).mp3,kunti moktan|sunkai bhau chha instrumental,Kunti Moktan,Sunkai Bhau Chha (Instrumental),weak,17,,,metadata_candidate
Kunti Moktan - Sunkai Bhauchha (2).mp3,Kunti Moktan - Sunkai Bhauchha (2).mp3,kunti moktan|sunkai bhauchha,Kunti Moktan,Sunkai Bhauchha,weak,864,,,metadata_candidate
Kunti Moktan - Tadai Bhaye Pani(Female).mp3,Kunti Moktan - Tadai Bhaye Pani(Female).mp3,kunti moktan|tadai bhaye pani female,Kunti Moktan,Tadai Bhaye Pani(Female),strong,2156,2156,,metadata_only
Kunti Moktan - Thaha Chaina.mp3,Kunti Moktan - Thaha Chaina.mp3,kunti moktan|thaha chaina,Kunti Moktan,Thaha Chaina,strong,1223,1223,,metadata_only
Kunti Moktan - Thakina Rahechha.mp3,Kunti Moktan - Thakina Rahechha.mp3,kunti moktan|thakina rahechha,Kunti Moktan,Thakina Rahechha,weak,1087,,,metadata_candidate
Kunti Moktan - Timibinako Jeevan.mp3,Kunti Moktan - Timibinako Jeevan.mp3,kunti moktan|timibinako jeevan,Kunti Moktan,Timibinako Jeevan,strong,1155,1155,,metadata_only
Kunti Moktan - Timro Khusikalagi.mp3,Kunti Moktan - Timro Khusikalagi.mp3,kunti moktan|timro khusikalagi,Kunti Moktan,Timro Khusikalagi,probable,660,,,metadata_candidate
Kunti Moktan - Udasi Pal Bitera.mp3,Kunti Moktan - Udasi Pal Bitera.mp3,kunti moktan|udasi pal bitera,Kunti Moktan,Udasi Pal Bitera,weak,145,,,metadata_candidate
Kunti Moktan - Yo Manma Katakata.mp3,Kunti Moktan - Yo Manma Katakata.mp3,kunti moktan|yo manma katakata,Kunti Moktan,Yo Manma Katakata,weak,3497,,,metadata_candidate
Kunti Moktan - Yo Mannko.mp3,Kunti Moktan - Yo Mannko.mp3,kunti moktan|yo mannko,Kunti Moktan,Yo Mannko,probable,3966,,,metadata_candidate
Kunti Moktan - Yo Preetile Pani.mp3,Kunti Moktan - Yo Preetile Pani.mp3,kunti moktan|yo preetile pani,Kunti Moktan,Yo Preetile Pani,strong,2156,2156,,metadata_only
"Kunti Moktan, Anand Karki, Sarita Shahi, Achyut Dawadi, Pushpa Khatiwada, Aisworya - Pachhi Pachhi Ke Dhako.mp3","Kunti Moktan, Anand Karki, Sarita Shahi, Achyut Dawadi, Pushpa Khatiwada, Aisworya - Pachhi Pachhi Ke Dhako.mp3",kunti moktan anand karki sarita shahi achyut dawadi pushpa khatiwada aisworya|pachhi pachhi ke dhako,"Kunti Moktan, Anand Karki, Sarita Shahi, Achyut Dawadi, Pushpa Khatiwada, Aisworya",Pachhi Pachhi Ke Dhako,weak,1740,,,metadata_candidate
"Kunti Moktan, D.K Anjan - Jeevan Yo Prabhu Ko Charanama.mp3","Kunti Moktan, D.K Anjan - Jeevan Yo Prabhu Ko Charanama.mp3",kunti moktan d k anjan|jeevan yo prabhu ko charanama,"Kunti Moktan, D.K Anjan",Jeevan Yo Prabhu Ko Charanama,strong,1155,1155,,metadata_only
"Kunti Moktan, Indira Gole - Tinela Lohosar Melare.mp3","Kunti Moktan, Indira Gole - Tinela Lohosar Melare.mp3",kunti moktan indira gole|tinela lohosar melare,"Kunti Moktan, Indira Gole",Tinela Lohosar Melare,weak,,,,no_lyrics
"Kunti Moktan, Jagdish Samal - Timro Mero Naam.mp3","Kunti Moktan, Jagdish Samal - Timro Mero Naam.mp3",kunti moktan jagdish samal|timro mero naam,"Kunti Moktan, Jagdish Samal",Timro Mero Naam,strong,906,906,,metadata_only
"Kunti Moktan, Kumar Basnet - Barsa Din.mp3","Kunti Moktan, Kumar Basnet - Barsa Din.mp3",kunti moktan kumar basnet|barsa din,"Kunti Moktan, Kumar Basnet",Barsa Din,strong,419,419,,metadata_only
"Kunti Moktan, Rajesh Payal Rai - Aantilo Ra Josilo.mp3","Kunti Moktan, Rajesh Payal Rai - Aantilo Ra Josilo.mp3",kunti moktan rajesh payal rai|aantilo ra josilo,"Kunti Moktan, Rajesh Payal Rai",Aantilo Ra Josilo,weak,,,,no_lyrics
"Kunti Moktan, Sharmila Bardewa - Aayo Aayo.mp3","Kunti Moktan, Sharmila Bardewa - Aayo Aayo.mp3",kunti moktan sharmila bardewa|aayo aayo,"Kunti Moktan, Sharmila Bardewa",Aayo Aayo,strong,1032,1032,,metadata_only
"Kunti Moktan, Sindhu Rana - Lahure Dai Ko.mp3","Kunti Moktan, Sindhu Rana - Lahure Dai Ko.mp3",kunti moktan sindhu rana|lahure dai ko,"Kunti Moktan, Sindhu Rana",Lahure Dai Ko,strong,899,899,,metadata_only
"Kunti Moktan, Swaroopraj Acharya - Eak Muthhi Mato.mp3","Kunti Moktan, Swaroopraj Acharya - Eak Muthhi Mato.mp3",kunti moktan swaroopraj acharya|eak muthhi mato,"Kunti Moktan, Swaroopraj Acharya",Eak Muthhi Mato,weak,1497,,,metadata_candidate
Kutumba & Sharon Hassan - Da Mary Boys O' Greenland.mp3,Kutumba & Sharon Hassan - Da Mary Boys O' Greenland.mp3,kutumba sharon hassan|da mary boys o greenland,Kutumba & Sharon Hassan,Da Mary Boys O' Greenland,none,,,,no_lyrics
Kutumba & Sharon Hassan - Farewell to Erin.mp3,Kutumba & Sharon Hassan - Farewell to Erin.mp3,kutumba sharon hassan|farewell to erin,Kutumba & Sharon Hassan,Farewell to Erin,none,,,,no_lyrics
Kutumba & Sharon Hassan - Samisran.mp3,Kutumba & Sharon Hassan - Samisran.mp3,kutumba sharon hassan|samisran,Kutumba & Sharon Hassan,Samisran,weak,785,,,metadata_candidate
Kutumba - 12.01.72 (Barpak).mp3,Kutumba - 12.01.72 (Barpak).mp3,kutumba|12 01 72 barpak,Kutumba,12.01.72 (Barpak),none,,,,no_lyrics
Kutumba - Aamaile Bhanthe.mp3,Kutumba - Aamaile Bhanthe.mp3,kutumba|aamaile bhanthe,Kutumba,Aamaile Bhanthe,weak,495,,,metadata_candidate
"Kutumba - Babari Phoolko Bot, Sirima Siri And Kati Bolau.mp3","Kutumba - Babari Phoolko Bot, Sirima Siri And Kati Bolau.mp3",kutumba|babari phoolko bot sirima siri and kati bolau,Kutumba,"Babari Phoolko Bot, Sirima Siri And Kati Bolau",weak,2497,,,metadata_candidate
Kutumba - Beniko Bajara & Machi Marana Hai.mp3,Kutumba - Beniko Bajara & Machi Marana Hai.mp3,kutumba|beniko bajara machi marana hai,Kutumba,Beniko Bajara & Machi Marana Hai,weak,1226,,,metadata_candidate
Kutumba - Chaitawar.mp3,Kutumba - Chaitawar.mp3,kutumba|chaitawar,Kutumba,Chaitawar,weak,2746,,,metadata_candidate
Kutumba - Chhabi (Image).mp3,Kutumba - Chhabi (Image).mp3,kutumba|chhabi image,Kutumba,Chhabi (Image),weak,1562,,,metadata_candidate
Kutumba - Chhath.mp3,Kutumba - Chhath.mp3,kutumba|chhath,Kutumba,Chhath,weak,17,,,metadata_candidate
Kutumba - Culcuttey Kaiyo.mp3,Kutumba - Culcuttey Kaiyo.mp3,kutumba|culcuttey kaiyo,Kutumba,Culcuttey Kaiyo,none,,,,no_lyrics
Kutumba - Divinity.mp3,Kutumba - Divinity.mp3,kutumba|divinity,Kutumba,Divinity,none,,,,no_lyrics
Kutumba - Farewell.mp3,Kutumba - Farewell.mp3,kutumba|farewell,Kutumba,Farewell,none,,,,no_lyrics
Kutumba - Feb 1 (+3).mp3,Kutumba - Feb 1 (+3).mp3,kutumba|feb 1 3,Kutumba,Feb 1 (+3),none,96,,,metadata_candidate
Kutumba - Folk Men.mp3,Kutumba - Folk Men.mp3,kutumba|folk men,Kutumba,Folk Men,none,,,,no_lyrics
Kutumba - Ghar Timro.mp3,Kutumba - Ghar Timro.mp3,kutumba|ghar timro,Kutumba,Ghar Timro,weak,1192,,,metadata_candidate
Kutumba - Ghintang Kisi Twak.mp3,Kutumba - Ghintang Kisi Twak.mp3,kutumba|ghintang kisi twak,Kutumba,Ghintang Kisi Twak,none,,,,no_lyrics
Kutumba - Golden Days.mp3,Kutumba - Golden Days.mp3,kutumba|golden days,Kutumba,Golden Days,none,,,,no_lyrics
Kutumba - Guruju Paltan.mp3,Kutumba - Guruju Paltan.mp3,kutumba|guruju paltan,Kutumba,Guruju Paltan,weak,664,,,metadata_candidate
Kutumba - Hakar.mp3,Kutumba - Hakar.mp3,kutumba|hakar,Kutumba,Hakar,weak,592,,,metadata_candidate
Kutumba - Holi Song.mp3,Kutumba - Holi Song.mp3,kutumba|holi song,Kutumba,Holi Song,weak,1459,,,metadata_candidate
Kutumba - Jai Jai Bhairavi.mp3,Kutumba - Jai Jai Bhairavi.mp3,kutumba|jai jai bhairavi,Kutumba,Jai Jai Bhairavi,weak,90,,,metadata_candidate
Kutumba - Jalna.mp3,Kutumba - Jalna.mp3,kutumba|jalna,Kutumba,Jalna,weak,370,,,metadata_candidate
Kutumba - Jhijhiya.mp3,Kutumba - Jhijhiya.mp3,kutumba|jhijhiya,Kutumba,Jhijhiya,none,,,,no_lyrics
Kutumba - Kalilo Tama lai.mp3,Kutumba - Kalilo Tama lai.mp3,kutumba|kalilo tama lai,Kutumba,Kalilo Tama lai,weak,1746,,,metadata_candidate
Kutumba - Kanchi.mp3,Kutumba - Kanchi.mp3,kutumba|kanchi,Kutumba,Kanchi,weak,1559,,,metadata_candidate
Kutumba - Karma.mp3,Kutumba - Karma.mp3,kutumba|karma,Kutumba,Karma,weak,1062,,,metadata_candidate
Kutumba - Kauda (2).mp3,Kutumba - Kauda (2).mp3,kutumba|kauda,Kutumba,Kauda,weak,591,,,metadata_candidate
Kutumba - Keta Keti.mp3,Kutumba - Keta Keti.mp3,kutumba|keta keti,Kutumba,Keta Keti,weak,2941,,,metadata_candidate
Kutumba - Kusume Rumal.mp3,Kutumba - Kusume Rumal.mp3,kutumba|kusume rumal,Kutumba,Kusume Rumal,weak,3869,,,metadata_candidate
Kutumba - Lekali Choyako Doko.mp3,Kutumba - Lekali Choyako Doko.mp3,kutumba|lekali choyako doko,Kutumba,Lekali Choyako Doko,weak,2903,,,metadata_candidate
Kutumba - Maitighar.mp3,Kutumba - Maitighar.mp3,kutumba|maitighar,Kutumba,Maitighar,weak,2655,,,metadata_candidate
Kutumba - Naya Nepal.mp3,Kutumba - Naya Nepal.mp3,kutumba|naya nepal,Kutumba,Naya Nepal,weak,3654,,,metadata_candidate
Kutumba - New Folder.mp3,Kutumba - New Folder.mp3,kutumba|new folder,Kutumba,New Folder,none,,,,no_lyrics
Kutumba - Pariwartan.mp3,Kutumba - Pariwartan.mp3,kutumba|pariwartan,Kutumba,Pariwartan,weak,1125,,,metadata_candidate
Kutumba - Piratiko Mitho Tirsana.mp3,Kutumba - Piratiko Mitho Tirsana.mp3,kutumba|piratiko mitho tirsana,Kutumba,Piratiko Mitho Tirsana,weak,1535,,,metadata_candidate
Kutumba - Planet Nepal.mp3,Kutumba - Planet Nepal.mp3,kutumba|planet nepal,Kutumba,Planet Nepal,weak,2944,,,metadata_candidate
Kutumba - Sal ko Paat.mp3,Kutumba - Sal ko Paat.mp3,kutumba|sal ko paat,Kutumba,Sal ko Paat,weak,1449,,,metadata_candidate
Kutumba - Sannani.mp3,Kutumba - Sannani.mp3,kutumba|sannani,Kutumba,Sannani,weak,614,,,metadata_candidate
Kutumba - Saya Thari Baja.mp3,Kutumba - Saya Thari Baja.mp3,kutumba|saya thari baja,Kutumba,Saya Thari Baja,weak,3681,,,metadata_candidate
Kutumba - Sindhuli Gadhi.mp3,Kutumba - Sindhuli Gadhi.mp3,kutumba|sindhuli gadhi,Kutumba,Sindhuli Gadhi,weak,1783,,,metadata_candidate
Kutumba - Sinduli Gadi.mp3,Kutumba - Sinduli Gadi.mp3,kutumba|sinduli gadi,Kutumba,Sinduli Gadi,weak,1783,,,metadata_candidate
Kutumba - Soltini.mp3,Kutumba - Soltini.mp3,kutumba|soltini,Kutumba,Soltini,weak,718,,,metadata_candidate
Kutumba - Tamang Selo.mp3,Kutumba - Tamang Selo.mp3,kutumba|tamang selo,Kutumba,Tamang Selo,weak,137,,,metadata_candidate
Kutumba - Telephone Taara.mp3,Kutumba - Telephone Taara.mp3,kutumba|telephone taara,Kutumba,Telephone Taara,none,,,,no_lyrics
Kutumba - Tikuli.mp3,Kutumba - Tikuli.mp3,kutumba|tikuli,Kutumba,Tikuli,none,1555,,,metadata_candidate
Kutumba - Utpatti.mp3,Kutumba - Utpatti.mp3,kutumba|utpatti,Kutumba,Utpatti,weak,3119,,,metadata_candidate
Kutumba - Utsav.mp3,Kutumba - Utsav.mp3,kutumba|utsav,Kutumba,Utsav,none,3119,,,metadata_candidate
Kutumba - Yatra.mp3,Kutumba - Yatra.mp3,kutumba|yatra,Kutumba,Yatra,weak,2707,,,metadata_candidate
"Kutumba, Swoopna Suman - Pakha Pakhera.mp3","Kutumba, Swoopna Suman - Pakha Pakhera.mp3",kutumba swoopna suman|pakha pakhera,"Kutumba, Swoopna Suman",Pakha Pakhera,weak,2144,,,metadata_candidate
LA_LA_LA_-_Bluesss_ft._Lil_Buddha_And_VTEN_(Lyrics).mp3.m4a,LA_LA_LA_-_Bluesss_ft._Lil_Buddha_And_VTEN_(Lyrics).mp3.m4a,young khaling|la_la_la_ _bluesss_ft _lil_buddha_and_vten_ mp3,YOUNG KHALING,LA_LA_LA_-_Bluesss_ft._Lil_Buddha_And_VTEN_(Lyrics).mp3,none,,,,no_lyrics
Laaj Ko Lali ｜ Udit Narayan ｜ Namrata Shrestha ｜ S.P Koirala ｜ Alokshree ｜ Romantic Nepali Song.m4a,Laaj Ko Lali ｜ Udit Narayan ｜ Namrata Shrestha ｜ S.P Koirala ｜ Alokshree ｜ Romantic Nepali Song.m4a,music nepal|laaj ko lali,Music Nepal,Laaj Ko Lali | Udit Narayan | Namrata Shrestha | S.P Koirala | Alokshree | Romantic Nepali Song,weak,3870,,,metadata_candidate
"LACHKINEY KAMMAR ｜｜ Bishan Magar ｜｜ Praveen Singh, Bharat Jung Shah, Saigrace Pokharel ｜｜ Song 2026.m4a","LACHKINEY KAMMAR ｜｜ Bishan Magar ｜｜ Praveen Singh, Bharat Jung Shah, Saigrace Pokharel ｜｜ Song 2026.m4a",osrdigital|lachkiney kammar,OSRDigital,"LACHKINEY KAMMAR || Bishan Magar || Praveen Singh, Bharat Jung Shah, Saigrace Pokharel || Song 2026",weak,2014,,,metadata_candidate
LAHURE -A TALE OF A SOLDIER ｜ MANTRA ｜ FEAT. KARMA (Official Music Video).m4a,LAHURE -A TALE OF A SOLDIER ｜ MANTRA ｜ FEAT. KARMA (Official Music Video).m4a,mantra band official|lahure a tale of a soldier,MANTRA BAND OFFICIAL,LAHURE -A TALE OF A SOLDIER | MANTRA | FEAT. KARMA (Official Music Video),strong,899,899,,metadata_only
Lahure 3 Female Cover ｜ Chewang Lama ｜   Neeru Budha｜  Veta na hola ｜ Kancha Kancha.m4a,Lahure 3 Female Cover ｜ Chewang Lama ｜   Neeru Budha｜  Veta na hola ｜ Kancha Kancha.m4a,neeru budha magar|lahure 3 female,Neeru Budha Magar,Lahure 3 Female Cover | Chewang Lama |   Neeru Budha|  Veta na hola | Kancha Kancha,weak,899,,,metadata_candidate
Lahure Ko Jaat Gardaina Ghaat Hridaya Choko Cha (Lyrics Music) ｜ Jaula Reliama Sarara ｜ BM LVC.m4a,Lahure Ko Jaat Gardaina Ghaat Hridaya Choko Cha (Lyrics Music) ｜ Jaula Reliama Sarara ｜ BM LVC.m4a,bm lvc|lahure ko jaat gardaina ghaat hridaya choko cha,BM LVC,Lahure Ko Jaat Gardaina Ghaat Hridaya Choko Cha (Lyrics Music) | Jaula Reliama Sarara | BM LVC,weak,899,,,metadata_candidate
Lahure Maya - Kala Suptihang Rai ⧸ लाहुरे माया [Official Video].m4a,Lahure Maya - Kala Suptihang Rai ⧸ लाहुरे माया [Official Video].m4a,kala suptihang rai|lahure maya kala suptihang rai लाहुरे माया,Kala Suptihang Rai,Lahure Maya - Kala Suptihang Rai / लाहुरे माया [Official Video],weak,526,,,metadata_candidate
Lahure.m4a,Lahure.m4a,mantra band topic|lahure,Mantra Band - Topic,Lahure,strong,899,899,,metadata_only
"Lai Bari Lai ｜｜ ACHARYA Movie Song 2026 ｜｜ Nikhil Upreti, Sajeena Shrestha.m4a","Lai Bari Lai ｜｜ ACHARYA Movie Song 2026 ｜｜ Nikhil Upreti, Sajeena Shrestha.m4a",osrdigital|lai bari lai,OSRDigital,"Lai Bari Lai || ACHARYA Movie Song 2026 || Nikhil Upreti, Sajeena Shrestha",weak,1811,,,metadata_candidate
"Laija Khabar A Hawa ｜｜ AA BATA AAMA Movie Title Song ｜｜ Bipana Thapa, Pradeep Rawat, Paul Shah.m4a","Laija Khabar A Hawa ｜｜ AA BATA AAMA Movie Title Song ｜｜ Bipana Thapa, Pradeep Rawat, Paul Shah.m4a",osrdigital|laija khabar a hawa,OSRDigital,"Laija Khabar A Hawa || AA BATA AAMA Movie Title Song || Bipana Thapa, Pradeep Rawat, Paul Shah",weak,4120,,,metadata_candidate
Lakhar Lakhar - Zindagi Rocks (Sugam Pokharel Ft. Girish)New Ne.mp3,Lakhar Lakhar - Zindagi Rocks (Sugam Pokharel Ft. Girish)New Ne.mp3,lakhar lakhar|zindagi rocks sugam pokharel ft girish new ne,Lakhar Lakhar,Zindagi Rocks (Sugam Pokharel Ft. Girish)New Ne,weak,3398,,,metadata_candidate
"Lalala- Blues, Vten& Sacar (DJ Asha Mix).m4a","Lalala- Blues, Vten& Sacar (DJ Asha Mix).m4a",asmita ghimire|lalala blues vten sacar dj asha mix,Asmita Ghimire,"Lalala- Blues, Vten& Sacar (DJ Asha Mix)",probable,3166,,,metadata_candidate
Laldai - Maithili Sama Chakeva Geet.mp3,Laldai - Maithili Sama Chakeva Geet.mp3,laldai|maithili sama chakeva geet,Laldai,Maithili Sama Chakeva Geet,weak,2449,,,metadata_candidate
Laldai - Sab Devta Magan Hai.mp3,Laldai - Sab Devta Magan Hai.mp3,laldai|sab devta magan hai,Laldai,Sab Devta Magan Hai,weak,1039,,,metadata_candidate
Lalit Nepali - Hamar Dil Sunu Ye Bhauji.mp3,Lalit Nepali - Hamar Dil Sunu Ye Bhauji.mp3,lalit nepali|hamar dil sunu ye bhauji,Lalit Nepali,Hamar Dil Sunu Ye Bhauji,none,2194,,,metadata_candidate
Lalit Nepali - Jay Nay Sojha Se Tohar Rup Ge.mp3,Lalit Nepali - Jay Nay Sojha Se Tohar Rup Ge.mp3,lalit nepali|jay nay sojha se tohar rup ge,Lalit Nepali,Jay Nay Sojha Se Tohar Rup Ge,none,,,,no_lyrics
Lalit Nepali - Lahanga Uthake Nachai N.mp3,Lalit Nepali - Lahanga Uthake Nachai N.mp3,lalit nepali|lahanga uthake nachai n,Lalit Nepali,Lahanga Uthake Nachai N,none,1218,,,metadata_candidate
LAMBI LAMBIYE TEEJ SONG REMIX BY DJ BHASKAR BOLTHEY AND DJ GANESH NGKL.mp3.m4a,LAMBI LAMBIYE TEEJ SONG REMIX BY DJ BHASKAR BOLTHEY AND DJ GANESH NGKL.mp3.m4a,dj ganesh bolthey|lambi lambiye teej song by dj bhaskar bolthey and dj ganesh ngkl mp3,Dj Ganesh Bolthey,LAMBI LAMBIYE TEEJ SONG REMIX BY DJ BHASKAR BOLTHEY AND DJ GANESH NGKL.mp3,weak,422,,,metadata_candidate
Lamjunge Dadaima Hawa Sarara - Blues.m4a,Lamjunge Dadaima Hawa Sarara - Blues.m4a,ai core music|lamjunge dadaima hawa sarara blues,AI Core Music,Lamjunge Dadaima Hawa Sarara - Blues,weak,904,,,metadata_candidate
Last Night (Best Version) 🎵😎.m4a,Last Night (Best Version) 🎵😎.m4a,mc jamesy|last night best version,MC Jamesy,Last Night (Best Version) 🎵😎,weak,520,,,metadata_candidate
LAURE - CHUP LAAG FT. UNIQ POET [Prod. by Mista Bling] 2017.mp3.m4a,LAURE - CHUP LAAG FT. UNIQ POET [Prod. by Mista Bling] 2017.mp3.m4a,habang gurung|laure chup laag ft uniq poet,Habang Gurung,LAURE - CHUP LAAG FT. UNIQ POET [Prod. by Mista Bling] 2017.mp3,probable,1842,,,metadata_candidate
Laure - Haude (Lyrics Video).m4a,Laure - Haude (Lyrics Video).m4a,haude project|laure haude,Haude Project,Laure - Haude (Lyrics Video),weak,1844,,,metadata_candidate
LAURE - MERO SOLTA FEAT. GUNACE [OFFICIAL MUSIC VIDEO 2013].m4a,LAURE - MERO SOLTA FEAT. GUNACE [OFFICIAL MUSIC VIDEO 2013].m4a,laure|laure mero solta feat gunace,Laure,LAURE - MERO SOLTA FEAT. GUNACE [OFFICIAL MUSIC VIDEO 2013],strong,1846,1846,,metadata_only
LAURE Ft. ROHIT SHAKYA & AIDRAY - Dui Rupaiyan ｜ Nischal Basnet & Asif Shah ｜ Nepali Movie Song 2075.m4a,LAURE Ft. ROHIT SHAKYA & AIDRAY - Dui Rupaiyan ｜ Nischal Basnet & Asif Shah ｜ Nepali Movie Song 2075.m4a,highlights music|laure ft rohit shakya aidray dui rupaiyan,Highlights Music,LAURE Ft. ROHIT SHAKYA & AIDRAY - Dui Rupaiyan | Nischal Basnet & Asif Shah | Nepali Movie Song 2075,weak,1843,,,metadata_candidate
Laxman Jha - Ahan Gauri Ke Dulhin Banebai Kona.mp3,Laxman Jha - Ahan Gauri Ke Dulhin Banebai Kona.mp3,laxman jha|ahan gauri ke dulhin banebai kona,Laxman Jha,Ahan Gauri Ke Dulhin Banebai Kona,none,,,,no_lyrics
Laxman Jha - Hamra Se Maang Saja Ke.mp3,Laxman Jha - Hamra Se Maang Saja Ke.mp3,laxman jha|hamra se maang saja ke,Laxman Jha,Hamra Se Maang Saja Ke,none,310,,,metadata_candidate
Laxman Jha - Shree Durga Chalisa.mp3,Laxman Jha - Shree Durga Chalisa.mp3,laxman jha|shree durga chalisa,Laxman Jha,Shree Durga Chalisa,none,366,,,metadata_candidate
Laxman Jha - Tu Meri Maddad Gaar Hai.mp3,Laxman Jha - Tu Meri Maddad Gaar Hai.mp3,laxman jha|tu meri maddad gaar hai,Laxman Jha,Tu Meri Maddad Gaar Hai,weak,1226,,,metadata_candidate
Laxman Singh Gahlot - Shiv Shankar Bhole Nath.mp3,Laxman Singh Gahlot - Shiv Shankar Bhole Nath.mp3,laxman singh gahlot|shiv shankar bhole nath,Laxman Singh Gahlot,Shiv Shankar Bhole Nath,weak,1543,,,metadata_candidate
"Laxmi Nepali, Shankar Thapa Smile - Selfie Hanaula.mp3","Laxmi Nepali, Shankar Thapa Smile - Selfie Hanaula.mp3",laxmi nepali shankar thapa smile|selfie hanaula,"Laxmi Nepali, Shankar Thapa Smile",Selfie Hanaula,none,2039,,,metadata_candidate
Le Le Vai~ JHAPALISH.m4a,Le Le Vai~ JHAPALISH.m4a,ucmeknbv_spqqwjrafqlacwa|le le vai jhapalish,UCMEkNBv_SPQQwjrafqlAcWA,Le Le Vai~ JHAPALISH,none,,,,no_lyrics
Legender ft Lil John Bob n' Will_G Banks - Si Rap Se.mp3,Legender ft Lil John Bob n' Will_G Banks - Si Rap Se.mp3,mographayiti|legender ft lil john bob n will_g banks si rap se,MographAyiti,Legender ft Lil John Bob n' Will_G Banks - Si Rap Se,none,,,,no_lyrics
Legender. Si rap se. Ft Lil' John Bob & Will G. Banks (Prod by Lil' John Bob)).mp3,Legender. Si rap se. Ft Lil' John Bob & Will G. Banks (Prod by Lil' John Bob)).mp3,legender biw simaye|legender si rap se ft lil john bob will g banks,Legender biw simaye,Legender. Si rap se. Ft Lil' John Bob & Will G. Banks (Prod by Lil' John Bob)),none,,,,no_lyrics
Let it go ft. Duke -Yama Buddha.m4a,Let it go ft. Duke -Yama Buddha.m4a,dharmatamang|let it go ft duke yama buddha,dharmatamang,Let it go ft. Duke -Yama Buddha,none,4079,,,metadata_candidate
Lil Baby - Money Forever Fast.m4a,Lil Baby - Money Forever Fast.m4a,buddha man productions|lil baby money forever fast,Buddha Man Productions,Lil Baby - Money Forever Fast,none,,,,no_lyrics
Lil Bird x Lul Buddha x Lil Ears - Dirty Talk.mp3,Lil Bird x Lul Buddha x Lil Ears - Dirty Talk.mp3,g40zone|lil bird x lul buddha x lil ears dirty talk,G40Zone,Lil Bird x Lul Buddha x Lil Ears - Dirty Talk,weak,3051,,,metadata_candidate
Lil Buddha - deserve.mp3,Lil Buddha - deserve.mp3,buddhha56|lil buddha deserve,Buddhha56,Lil Buddha - deserve,weak,3051,,,metadata_candidate
Lil Buddha - Feds Hot (Official Audio).mp3,Lil Buddha - Feds Hot (Official Audio).mp3,livinbossedup buddha|lil buddha feds hot,LivinBossedUp Buddha,Lil Buddha - Feds Hot (Official Audio),weak,1331,,,metadata_candidate
Lil Buddha - Ghost Town Killa (Pomona 456).m4a,Lil Buddha - Ghost Town Killa (Pomona 456).m4a,lil buddha|lil buddha ghost town killa pomona 456,Lil Buddha,Lil Buddha - Ghost Town Killa (Pomona 456),strong,2568,2568,,metadata_only
lil buddha - mr.dissalot.mp3,lil buddha - mr.dissalot.mp3,j sav|lil buddha mr dissalot,J Sav,lil buddha - mr.dissalot,weak,3051,,,metadata_candidate
Lil Buddha - Return Of Jah.m4a,Lil Buddha - Return Of Jah.m4a,ayocrime|lil buddha return of jah,AyoCrime,Lil Buddha - Return Of Jah,weak,3051,,,metadata_candidate
Lil Buddha ft DayRu 4MaN Pako Tkako - Play Ball.m4a,Lil Buddha ft DayRu 4MaN Pako Tkako - Play Ball.m4a,lil buddha|lil buddha ft dayru 4man pako tkako play ball,Lil Buddha,Lil Buddha ft DayRu 4MaN Pako Tkako - Play Ball,weak,3051,,,metadata_candidate
Lil Buddha x Sias - Kickstart 2020 (feat. Stokker).mp3,Lil Buddha x Sias - Kickstart 2020 (feat. Stokker).mp3,lil buddha|lil buddha x sias kickstart feat stokker,Lil Buddha,Lil Buddha x Sias - Kickstart 2020 (feat. Stokker),weak,3051,,,metadata_candidate
Lil Buddha- Baby Ru Bap.m4a,Lil Buddha- Baby Ru Bap.m4a,lil buddha|lil buddha baby ru bap,Lil Buddha,Lil Buddha- Baby Ru Bap,weak,3051,,,metadata_candidate
Lil Buddha-TBA (TrampBashinAssassins) Ft. Pako TaCKo & Pj Norf.m4a,Lil Buddha-TBA (TrampBashinAssassins) Ft. Pako TaCKo & Pj Norf.m4a,lil buddha|lil buddha tba trampbashinassassins ft pako tacko pj norf,Lil Buddha,Lil Buddha-TBA (TrampBashinAssassins) Ft. Pako TaCKo & Pj Norf,weak,3051,,,metadata_candidate
Lil Buddha.m4a,Lil Buddha.m4a,chinsaku|lil buddha,Chinsaku,Lil Buddha,weak,1331,,,metadata_candidate
Lil Jhola  Jamesy   Rajnigandha ft Yogeshbeats-Lil Jhola-1754924845338.mp3.m4a,Lil Jhola  Jamesy   Rajnigandha ft Yogeshbeats-Lil Jhola-1754924845338.mp3.m4a,prithivi thakuri|lil jhola jamesy rajnigandha ft yogeshbeats lil jhola 1754924845338 mp3,Prithivi Thakuri,Lil Jhola  Jamesy   Rajnigandha ft Yogeshbeats-Lil Jhola-1754924845338.mp3,none,,,,no_lyrics
LIL JHOLA & JAMESY RAJNIGANDHA TECNO REMIX [DJLAMA].m4a,LIL JHOLA & JAMESY RAJNIGANDHA TECNO REMIX [DJLAMA].m4a,dj lama|lil jhola jamesy rajnigandha tecno djlama,DJ LAMA,LIL JHOLA & JAMESY RAJNIGANDHA TECNO REMIX [DJLAMA],none,,,,no_lyrics
Lil Jhola - Lollipop ft Jhola Bhai.m4a,Lil Jhola - Lollipop ft Jhola Bhai.m4a,lil jhola|lil jhola lollipop ft jhola bhai,Lil Jhola,Lil Jhola - Lollipop ft Jhola Bhai,none,1180,,,metadata_candidate
Lil Jhola - Maya Jalaima ft @KRIZN @YABITheGOAT.m4a,Lil Jhola - Maya Jalaima ft @KRIZN @YABITheGOAT.m4a,prithivi thakuri|lil jhola maya jalaima ft krizn yabithegoat,Prithivi Thakuri,Lil Jhola - Maya Jalaima ft @KRIZN @YABITheGOAT,weak,526,,,metadata_candidate
Lil Keed - Nameless Fast.m4a,Lil Keed - Nameless Fast.m4a,buddha man productions 2|lil keed nameless fast,Buddha Man Productions #2,Lil Keed - Nameless Fast,none,,,,no_lyrics
lil osama x buddha1k - ATMK.m4a,lil osama x buddha1k - ATMK.m4a,uchies|lil osama x buddha1k atmk,uchies👹,lil osama x buddha1k - ATMK,none,,,,no_lyrics
lio.com - Nepali Patriotic song Rato ra Chandra Surya Instrumental.mp3,lio.com - Nepali Patriotic song Rato ra Chandra Surya Instrumental.mp3,lio com|nepali patriotic song rato ra chandra surya instrumental,lio.com,Nepali Patriotic song Rato ra Chandra Surya Instrumental,weak,207,,,metadata_candidate
lio.com - Valentine Day Song - Yama BuddhaNew Nepali Rap Song 2015 Nephop.mp3,lio.com - Valentine Day Song - Yama BuddhaNew Nepali Rap Song 2015 Nephop.mp3,lio com|valentine day song yama buddhanew nephop,lio.com,Valentine Day Song - Yama BuddhaNew Nepali Rap Song 2015 Nephop,weak,3163,,,metadata_candidate
Little Buddha 1.m4a,Little Buddha 1.m4a,silke hunger77|little buddha 1,Silke.hunger77,Little Buddha 1,none,3051,,,metadata_candidate
Little Buddha Picture.m4a,Little Buddha Picture.m4a,young minji|little buddha picture,Young Minji,Little Buddha Picture,none,3051,,,metadata_candidate
Little Buddha.m4a,Little Buddha.m4a,silke hunger77|little buddha,Silke.hunger77,Little Buddha,weak,3051,,,metadata_candidate
Little Drummer Fetus.mp3,Little Drummer Fetus.mp3,various artists|little drummer fetus,Various Artists,Little Drummer Fetus,none,,,,no_lyrics
LOCAL Aka JivantheG Nepali Rap ..mp3,LOCAL Aka JivantheG Nepali Rap ..mp3,jivantheg|local aka jivantheg nepali rap,JivantheG,LOCAL Aka JivantheG Nepali Rap .,weak,207,,,metadata_candidate
"Lochan Bhattarai, Prakash Shrestha - Juni Junima.mp3","Lochan Bhattarai, Prakash Shrestha - Juni Junima.mp3",lochan bhattarai prakash shrestha|juni junima,"Lochan Bhattarai, Prakash Shrestha",Juni Junima,strong,3083,3083,,metadata_only
lone dont stop.mp3,lone dont stop.mp3,lil buddha aka xxplicit 1|lone dont stop,Lil Buddha .:aKa:.  XxpliciT-1,lone dont stop,weak,1909,,,metadata_candidate
Lonely Ghost Project - Nepali Baba Swing (Festival Mix).mp3,Lonely Ghost Project - Nepali Baba Swing (Festival Mix).mp3,lonely ghost project|nepali baba swing festival mix,Lonely Ghost Project,Nepali Baba Swing (Festival Mix),weak,207,,,metadata_candidate
Love yourself_Salar.mp3,Love yourself_Salar.mp3,salar_rapper|love yourself_salar,Salar_Rapper,Love yourself_Salar,none,901,,,metadata_candidate
Love Yourz.m4a,Love Yourz.m4a,uniq poet|love yourz,Uniq Poet,Love Yourz,probable,267,,,new_lyrics_non_nepali
Lovepreet Love - Sajjan.mp3,Lovepreet Love - Sajjan.mp3,lovepreet love|sajjan,Lovepreet Love,Sajjan,weak,1366,,,metadata_candidate
Lucky Sajjan - Aadat.mp3,Lucky Sajjan - Aadat.mp3,lucky sajjan|aadat,Lucky Sajjan,Aadat,weak,2511,,,metadata_candidate
Luki Rakh (DONG) NEPALI RAP SONG.m4a,Luki Rakh (DONG) NEPALI RAP SONG.m4a,dip|luki rakh dong,Dip,Luki Rakh (DONG) NEPALI RAP SONG,probable,1105,,,metadata_candidate
"luther pt. 2 (jamesy edit) (SOULECTION RADIO #668, #699).m4a","luther pt. 2 (jamesy edit) (SOULECTION RADIO #668, #699).m4a",jamesy|luther pt 2 jamesy edit soulection radio 668 699,jamesy,"luther pt. 2 (jamesy edit) (SOULECTION RADIO #668, #699)",weak,,,,no_lyrics
Ma Aafailai Chindaichhu ｜｜ Mithila Sharma ｜｜ Indira Joshi ｜｜ Sita Simkhada ｜｜ Govinda Simkhada.m4a,Ma Aafailai Chindaichhu ｜｜ Mithila Sharma ｜｜ Indira Joshi ｜｜ Sita Simkhada ｜｜ Govinda Simkhada.m4a,osrdigital|ma aafailai chindaichhu,OSRDigital,Ma Aafailai Chindaichhu || Mithila Sharma || Indira Joshi || Sita Simkhada || Govinda Simkhada,weak,3773,,,metadata_candidate
Ma Ambar Hu Timi Dharati.mp3,Ma Ambar Hu Timi Dharati.mp3,ambar gurung|ma ambar hu timi dharati,"Ambar Gurung, www.geetsangraha.blogspot.com",Ma Ambar Hu Timi Dharati,strong,752,752,,metadata_only
"Ma Bhaina Bhane ｜｜ BEHULI Nepali Movie Song 2026 ｜｜ Cool Boy (Paras Bam Thakuri), Divya Rayamajhi.m4a","Ma Bhaina Bhane ｜｜ BEHULI Nepali Movie Song 2026 ｜｜ Cool Boy (Paras Bam Thakuri), Divya Rayamajhi.m4a",osrdigital|ma bhaina bhane,OSRDigital,"Ma Bhaina Bhane || BEHULI Nepali Movie Song 2026 || Cool Boy (Paras Bam Thakuri), Divya Rayamajhi",weak,3773,,,metadata_candidate
"Ma Farki Aaula ｜｜ Binod Gazmere, Sanjita Singh ｜｜ RJ Prabal, Nita Limbu, Aarav Mangar ｜｜ New Song.m4a","Ma Farki Aaula ｜｜ Binod Gazmere, Sanjita Singh ｜｜ RJ Prabal, Nita Limbu, Aarav Mangar ｜｜ New Song.m4a",osrdigital|ma farki aaula,OSRDigital,"Ma Farki Aaula || Binod Gazmere, Sanjita Singh || RJ Prabal, Nita Limbu, Aarav Mangar || New Song",weak,3773,,,metadata_candidate
Ma Hoon Yatri - Yama Buddha ft Nazoon Fox.mp3,Ma Hoon Yatri - Yama Buddha ft Nazoon Fox.mp3,nazoon fox|ma hoon yatri yama buddha ft nazoon fox,Nazoon fox,Ma Hoon Yatri - Yama Buddha ft Nazoon Fox,weak,3773,,,metadata_candidate
Ma Neta Vaye Vane~I$H.m4a,Ma Neta Vaye Vane~I$H.m4a,ucmeknbv_spqqwjrafqlacwa|ma neta vaye vane i h,UCMEkNBv_SPQQwjrafqlAcWA,Ma Neta Vaye Vane~I$H,weak,3773,,,metadata_candidate
Ma Prem Ma (She is the Bomb) - DJ Raju ｜ Kranti & The Unity ｜ Superhit Nepali Song.m4a,Ma Prem Ma (She is the Bomb) - DJ Raju ｜ Kranti & The Unity ｜ Superhit Nepali Song.m4a,music nepal|ma prem ma she is the bomb dj raju,Music Nepal,Ma Prem Ma (She is the Bomb) - DJ Raju | Kranti & The Unity | Superhit Nepali Song,probable,1778,,,metadata_candidate
"Ma Udi Jaau ｜｜ Samipan Rai ｜｜ Ft. Binod Neupane, Pramila Khanal, Rose Saru Magar ｜｜ New Nepali Song.m4a","Ma Udi Jaau ｜｜ Samipan Rai ｜｜ Ft. Binod Neupane, Pramila Khanal, Rose Saru Magar ｜｜ New Nepali Song.m4a",osrdigital|ma udi jaau,OSRDigital,"Ma Udi Jaau || Samipan Rai || Ft. Binod Neupane, Pramila Khanal, Rose Saru Magar || New Nepali Song",weak,3773,,,metadata_candidate
MAA BUDHI THAKURANI ｜ SOURAV BHARADWAJ ｜  MATRUPRASAD RATH ｜ 07 PRASANTA ｜ MANOJ MAHARANA.m4a,MAA BUDHI THAKURANI ｜ SOURAV BHARADWAJ ｜  MATRUPRASAD RATH ｜ 07 PRASANTA ｜ MANOJ MAHARANA.m4a,07prasanta|maa budhi thakurani,07Prasanta,MAA BUDHI THAKURANI | SOURAV BHARADWAJ |  MATRUPRASAD RATH | 07 PRASANTA | MANOJ MAHARANA,weak,205,,,metadata_candidate
"Maan Ki Jun ｜｜ TIKHE DAAI KO JANTE BAKHRO ｜｜ Nepali Movie Song 2026 ｜｜ Ashish, Starsapan.m4a","Maan Ki Jun ｜｜ TIKHE DAAI KO JANTE BAKHRO ｜｜ Nepali Movie Song 2026 ｜｜ Ashish, Starsapan.m4a",osrdigital|maan ki jun,OSRDigital,"Maan Ki Jun || TIKHE DAAI KO JANTE BAKHRO || Nepali Movie Song 2026 || Ashish, Starsapan",weak,3819,,,metadata_candidate
"Madhu Chhetri, Prakash Shrestha - Nepal Rahe Nepali.mp3","Madhu Chhetri, Prakash Shrestha - Nepal Rahe Nepali.mp3",madhu chhetri prakash shrestha|nepal rahe nepali,"Madhu Chhetri, Prakash Shrestha",Nepal Rahe Nepali,strong,207,207,,metadata_only
Madhu Gurung - Hum Hain Bir Nepali.mp3,Madhu Gurung - Hum Hain Bir Nepali.mp3,madhu gurung|hum hain bir nepali,Madhu Gurung,Hum Hain Bir Nepali,probable,207,,,metadata_candidate
Madhu Pandey - Ae Shiv Shankar Bholav.mp3,Madhu Pandey - Ae Shiv Shankar Bholav.mp3,madhu pandey|ae shiv shankar bholav,Madhu Pandey,Ae Shiv Shankar Bholav,weak,2067,,,metadata_candidate
"Madi Gayo Gandaki ｜｜ PENSION PATTA Movie Song 2026 ｜｜ Dayahang Rai, Gaumaya Gurung.m4a","Madi Gayo Gandaki ｜｜ PENSION PATTA Movie Song 2026 ｜｜ Dayahang Rai, Gaumaya Gurung.m4a",osrdigital|madi gayo gandaki,OSRDigital,"Madi Gayo Gandaki || PENSION PATTA Movie Song 2026 || Dayahang Rai, Gaumaya Gurung",weak,3542,,,metadata_candidate
"MAHAKALI - New Nepali Song ｜ Navyashree, Lomash Sharma ｜ Eleena Chauhan, Shreedhar Adhikari.m4a","MAHAKALI - New Nepali Song ｜ Navyashree, Lomash Sharma ｜ Eleena Chauhan, Shreedhar Adhikari.m4a",osrdigital|mahakali,OSRDigital,"MAHAKALI - New Nepali Song | Navyashree, Lomash Sharma | Eleena Chauhan, Shreedhar Adhikari",weak,633,,,metadata_candidate
Mahango Maya - Official Music Video 2026 ｜｜ Ft. Hemantaa Rai ｜｜ New Nepali Song 2026.m4a,Mahango Maya - Official Music Video 2026 ｜｜ Ft. Hemantaa Rai ｜｜ New Nepali Song 2026.m4a,osrdigital|mahango maya,OSRDigital,Mahango Maya - Official Music Video 2026 || Ft. Hemantaa Rai || New Nepali Song 2026,weak,526,,,metadata_candidate
mahaveer saini - Jai Shiv Shankar Bholenath.mp3,mahaveer saini - Jai Shiv Shankar Bholenath.mp3,mahaveer saini|jai shiv shankar bholenath,mahaveer saini,Jai Shiv Shankar Bholenath,weak,1543,,,metadata_candidate
Mahendra RaiNew Nepali Pop Song 2015 - Aaja Feri - Mahendra RaiNew Nepali Pop Song 2015.mp3,Mahendra RaiNew Nepali Pop Song 2015 - Aaja Feri - Mahendra RaiNew Nepali Pop Song 2015.mp3,mahendra rainew nepali pop song|aaja feri mahendra rainew nepali pop song,Mahendra RaiNew Nepali Pop Song 2015,Aaja Feri - Mahendra RaiNew Nepali Pop Song 2015,probable,144,,,metadata_candidate
MAHESH CHOUDHARY KHATUWALA - bam lahri shiv shankar bhole.mp3,MAHESH CHOUDHARY KHATUWALA - bam lahri shiv shankar bhole.mp3,mahesh choudhary khatuwala|bam lahri shiv shankar bhole,MAHESH CHOUDHARY KHATUWALA,bam lahri shiv shankar bhole,weak,1543,,,metadata_candidate
"Mahesh Khadka, Tara Prakesh, Mandavi Tripathi, Deepak Limbu - Thopa Thopa Mile Pachhi Ta.mp3","Mahesh Khadka, Tara Prakesh, Mandavi Tripathi, Deepak Limbu - Thopa Thopa Mile Pachhi Ta.mp3",mahesh khadka tara prakesh mandavi tripathi deepak limbu|thopa thopa mile pachhi ta,"Mahesh Khadka, Tara Prakesh, Mandavi Tripathi, Deepak Limbu",Thopa Thopa Mile Pachhi Ta,weak,1740,,,metadata_candidate
"Mahi Khan, Qaiser Kandara - 14 Aug.mp3","Mahi Khan, Qaiser Kandara - 14 Aug.mp3",mahi khan qaiser kandara|14 aug,"Mahi Khan, Qaiser Kandara",14 Aug,weak,,,,no_lyrics
"Mahi Khan, Qaiser Kandara - Bakra Eid One.mp3","Mahi Khan, Qaiser Kandara - Bakra Eid One.mp3",mahi khan qaiser kandara|bakra eid one,"Mahi Khan, Qaiser Kandara",Bakra Eid One,weak,343,,,metadata_candidate
"Mahi Khan, Qaiser Kandara - Sar Na Khao Two.mp3","Mahi Khan, Qaiser Kandara - Sar Na Khao Two.mp3",mahi khan qaiser kandara|sar na khao two,"Mahi Khan, Qaiser Kandara",Sar Na Khao Two,weak,2605,,,metadata_candidate
"Mahi Khan, Qaiser Kandara - Sar Na Khao.mp3","Mahi Khan, Qaiser Kandara - Sar Na Khao.mp3",mahi khan qaiser kandara|sar na khao,"Mahi Khan, Qaiser Kandara",Sar Na Khao,weak,1212,,,metadata_candidate
maila - manxe kalo kanma jalo lyrice song ⧸⧸ maila vs g bob rap battle lyrice video.m4a,maila - manxe kalo kanma jalo lyrice song ⧸⧸ maila vs g bob rap battle lyrice video.m4a,हाँस्ने ठाउँ|maila manxe kalo kanma jalo lyrice song maila vs g bob rap battle lyrice video,हाँस्ने ठाउँ,maila - manxe kalo kanma jalo lyrice song // maila vs g bob rap battle lyrice video,weak,3804,,,metadata_candidate
"Maile Hos Yaa Timile ｜｜ Uday Manila Sotang ｜｜ Ft. Saroj Praja, Kabita Thami ｜｜ New Nepali Song 2026.m4a","Maile Hos Yaa Timile ｜｜ Uday Manila Sotang ｜｜ Ft. Saroj Praja, Kabita Thami ｜｜ New Nepali Song 2026.m4a",osrdigital|maile hos yaa timile,OSRDigital,"Maile Hos Yaa Timile || Uday Manila Sotang || Ft. Saroj Praja, Kabita Thami || New Nepali Song 2026",weak,3567,,,metadata_candidate
Maile Je Bhogey ... Title Track (With Lyrics).mp3,Maile Je Bhogey ... Title Track (With Lyrics).mp3,archive org|maile je bhogey title track with lyrics,archive.org,Maile Je Bhogey ... Title Track (With Lyrics),none,,,,no_lyrics
Maiti - Ghar - Timro - Hoina.mp3,Maiti - Ghar - Timro - Hoina.mp3,jhapali kto|maiti ghar timro hoina,Jhapali Kto,Maiti - Ghar - Timro - Hoina,weak,1192,,,metadata_candidate
Maiti ghar ＂ माइती घर ＂ #dancevideo #farewelldance.m4a,Maiti ghar ＂ माइती घर ＂ #dancevideo #farewelldance.m4a,anjalitmgthokar|maiti ghar माइती घर dancevideo farewelldance,Anjalitmgthokar,"Maiti ghar "" माइती घर "" #dancevideo #farewelldance",weak,2445,,,metadata_candidate
MAITI HGAR - BEAUTIFUL NEPALI FOLK DANCE BY Shrestha Angel.mp4.m4a,MAITI HGAR - BEAUTIFUL NEPALI FOLK DANCE BY Shrestha Angel.mp4.m4a,djh7ful|maiti hgar beautiful nepali folk dance by shrestha angel mp4,DJH7ful,MAITI HGAR - BEAUTIFUL NEPALI FOLK DANCE BY Shrestha Angel.mp4,weak,207,,,metadata_candidate
Maitighar - Anju Pant ft. Hema Shrestha.m4a,Maitighar - Anju Pant ft. Hema Shrestha.m4a,rebel entertainment|maitighar anju pant ft hema shrestha,Rebel Entertainment,Maitighar - Anju Pant ft. Hema Shrestha,none,,,,no_lyrics
Maitighar - Basanta Nai Basna - Kutumba Band Instrumental.m4a,Maitighar - Basanta Nai Basna - Kutumba Band Instrumental.m4a,तिम्रो सम्झनामा|maitighar basanta nai basna kutumba band instrumental,तिम्रो सम्झनामा,Maitighar - Basanta Nai Basna - Kutumba Band Instrumental,weak,1626,,,metadata_candidate
Maitighar - Maitighar Redux.mp3,Maitighar - Maitighar Redux.mp3,mk97|maitighar maitighar redux,MK97,Maitighar - Maitighar Redux,none,,,,no_lyrics
Maitighar Title Song (From ＂Maitighar＂).m4a,Maitighar Title Song (From ＂Maitighar＂).m4a,sanjeevani bhelande|maitighar title song from maitighar,Sanjeevani Bhelande,"Maitighar Title Song (From ""Maitighar"")",weak,3163,,,metadata_candidate
MAITIGHAR ｜｜ Nepali Movie Official Title Song 2025 ｜ Upasana Singh Thakuri｜ Maiti Ghar Dance cover｜｜.m4a,MAITIGHAR ｜｜ Nepali Movie Official Title Song 2025 ｜ Upasana Singh Thakuri｜ Maiti Ghar Dance cover｜｜.m4a,the gurung sisters|maitighar,The Gurung Sisters,MAITIGHAR || Nepali Movie Official Title Song 2025 | Upasana Singh Thakuri| Maiti Ghar Dance cover||,weak,2655,,,metadata_candidate
"MAITIGHAR ｜｜ Nepali Movie Official Title Song 2025 ｜｜ Upasana Singh Thakuri, Shyama Shree Sherpa.m4a","MAITIGHAR ｜｜ Nepali Movie Official Title Song 2025 ｜｜ Upasana Singh Thakuri, Shyama Shree Sherpa.m4a",osr digital|maitighar,OSR Digital,"MAITIGHAR || Nepali Movie Official Title Song 2025 || Upasana Singh Thakuri, Shyama Shree Sherpa",weak,2655,,,metadata_candidate
MAITIGHAR-Cover Dance-Nepali Song ｜｜ 1ST KIEC POKHARA VETRANS Football Tournament-2082.m4a,MAITIGHAR-Cover Dance-Nepali Song ｜｜ 1ST KIEC POKHARA VETRANS Football Tournament-2082.m4a,john gurung gahate|maitighar dance,John Gurung Gahate,MAITIGHAR-Cover Dance-Nepali Song || 1ST KIEC POKHARA VETRANS Football Tournament-2082,none,892,,,metadata_candidate
Majid Anwar Jamali - Sajjan Muhnjo Suhno Aa.mp3,Majid Anwar Jamali - Sajjan Muhnjo Suhno Aa.mp3,majid anwar jamali|sajjan muhnjo suhno aa,Majid Anwar Jamali,Sajjan Muhnjo Suhno Aa,none,,,,no_lyrics
Makha mali phool ko mala.m4a,Makha mali phool ko mala.m4a,mahar studio|makha mali phool ko mala,MAHAR STUDIO,Makha mali phool ko mala,weak,3465,,,metadata_candidate
"Mala Begum, Habib Jalib, Rehman Verma - Kahan Chalay Ho Sajjan.mp3","Mala Begum, Habib Jalib, Rehman Verma - Kahan Chalay Ho Sajjan.mp3",mala begum habib jalib rehman verma|kahan chalay ho sajjan,"Mala Begum, Habib Jalib, Rehman Verma",Kahan Chalay Ho Sajjan,weak,2374,,,metadata_candidate
"Mala Begum, Sahil Farani, Akhtar Hussain Akhian - Aye Ga Sajjan Jab Aye Ga.mp3","Mala Begum, Sahil Farani, Akhtar Hussain Akhian - Aye Ga Sajjan Jab Aye Ga.mp3",mala begum sahil farani akhtar hussain akhian|aye ga sajjan jab aye ga,"Mala Begum, Sahil Farani, Akhtar Hussain Akhian",Aye Ga Sajjan Jab Aye Ga,none,1369,,,metadata_candidate
Malai Maaf Garideu Cover. Gopal Yonjan.mp3,Malai Maaf Garideu Cover. Gopal Yonjan.mp3,hangsa07|malai maaf garideu gopal yonjan,hangsa07,Malai Maaf Garideu Cover. Gopal Yonjan,weak,2203,,,metadata_candidate
"Malai Sari Kindeuna Pandhra Hajarma _ New Nepali Teej Song _ Ritu Chand Thakuri, Khem Bhandari-www.Devchuli.Net.mp3","Malai Sari Kindeuna Pandhra Hajarma _ New Nepali Teej Song _ Ritu Chand Thakuri, Khem Bhandari-www.Devchuli.Net.mp3",archive org|malai sari kindeuna pandhra hajarma _ new nepali teej song _ ritu chand thakuri khem bhandari,archive.org,"Malai Sari Kindeuna Pandhra Hajarma _ New Nepali Teej Song _ Ritu Chand Thakuri, Khem Bhandari-www.Devchuli.Net",weak,207,,,metadata_candidate
"Malai Sari Kindeuna Pandhra Hajarma _ New Nepali Teej Song _ Ritu Chand Thakuri, Khem Bhandari.ogg","Malai Sari Kindeuna Pandhra Hajarma _ New Nepali Teej Song _ Ritu Chand Thakuri, Khem Bhandari.ogg",archive org|malai sari kindeuna pandhra hajarma _ new nepali teej song _ ritu chand thakuri khem bhandari,archive.org,"Malai Sari Kindeuna Pandhra Hajarma _ New Nepali Teej Song _ Ritu Chand Thakuri, Khem Bhandari",weak,207,,,metadata_candidate
Man Bahadur Khadka.mp3,Man Bahadur Khadka.mp3,man bahadur khadka|man bahadur khadka,Man Bahadur Khadka,Man Bahadur Khadka,weak,3682,,,metadata_candidate
Man teri jhalak(original) - guitar jam.mp3.m4a,Man teri jhalak(original) - guitar jam.mp3.m4a,akshunya bharti|man teri jhalak original guitar jam mp3,Akshunya Bharti,Man teri jhalak(original) - guitar jam.mp3,weak,1628,,,metadata_candidate
"Mana Shrestha, VTEN - Ma Pa Se.mp3","Mana Shrestha, VTEN - Ma Pa Se.mp3",mana shrestha vten|ma pa se,"Mana Shrestha, VTEN",Ma Pa Se,strong,3987,3987,,metadata_only
Mana Shrestha- Goldstar Jutta.mp3,Mana Shrestha- Goldstar Jutta.mp3,trap nepal|mana shrestha goldstar jutta,Trap Nepal,Mana Shrestha- Goldstar Jutta,weak,4068,,,metadata_candidate
Manas Ghale - Who The F Is YOU？ X Aidray (Official Lyrics Video).m4a,Manas Ghale - Who The F Is YOU？ X Aidray (Official Lyrics Video).m4a,manas ghale|manas ghale who the f is you x aidray,Manas Ghale,Manas Ghale - Who The F Is YOU? X Aidray (Official Lyrics Video),weak,,,,no_lyrics
"Mandavi Tripathi, Rajesh Payal Rai - Nisthuri Deuta (2).mp3","Mandavi Tripathi, Rajesh Payal Rai - Nisthuri Deuta (2).mp3",mandavi tripathi rajesh payal rai|nisthuri deuta,"Mandavi Tripathi, Rajesh Payal Rai",Nisthuri Deuta,weak,2335,,,metadata_candidate
Mangli Teej Dhimi Dhim Song dj chotu baby.m4a,Mangli Teej Dhimi Dhim Song dj chotu baby.m4a,dj chotu baby mothkur|mangli teej dhimi dhim song dj chotu baby,Dj Chotu Baby - Mothkur,Mangli Teej Dhimi Dhim Song dj chotu baby,weak,3163,,,metadata_candidate
MANGLI TEEJ SONG  BANJARA SONG REMIX BUDWELDJSAI.mp3.m4a,MANGLI TEEJ SONG  BANJARA SONG REMIX BUDWELDJSAI.mp3.m4a,budwel dj sai 005|mangli teej song banjara song budweldjsai mp3,BUDWEL DJ SAI 005,MANGLI TEEJ SONG  BANJARA SONG REMIX BUDWELDJSAI.mp3,weak,3163,,,metadata_candidate
Mani Sidhu with Sudesh Kumari - Ja Ve Sajjan.mp3,Mani Sidhu with Sudesh Kumari - Ja Ve Sajjan.mp3,mani sidhu with sudesh kumari|ja ve sajjan,Mani Sidhu with Sudesh Kumari,Ja Ve Sajjan,weak,1366,,,metadata_candidate
Maninder Deol - Yaad Sajjan Di.mp3,Maninder Deol - Yaad Sajjan Di.mp3,maninder deol|yaad sajjan di,Maninder Deol,Yaad Sajjan Di,none,2487,,,metadata_candidate
Manish Dagar - Shiv Shankar Ke Pyar Main.mp3,Manish Dagar - Shiv Shankar Ke Pyar Main.mp3,manish dagar|shiv shankar ke pyar main,Manish Dagar,Shiv Shankar Ke Pyar Main,weak,1543,,,metadata_candidate
Manish Mastana - Shiv Shankar Damru Wale Hai.mp3,Manish Mastana - Shiv Shankar Damru Wale Hai.mp3,manish mastana|shiv shankar damru wale hai,Manish Mastana,Shiv Shankar Damru Wale Hai,weak,1543,,,metadata_candidate
Manit Gurung feat. Melina Rai - Jali Rumal.mp3,Manit Gurung feat. Melina Rai - Jali Rumal.mp3,manit gurung feat melina rai|jali rumal,Manit Gurung feat. Melina Rai,Jali Rumal,strong,1475,1475,,metadata_only
Manju Kavi - Ninna Kandara.mp3,Manju Kavi - Ninna Kandara.mp3,manju kavi|ninna kandara,Manju Kavi,Ninna Kandara,weak,1683,,,metadata_candidate
"Mann Bhari ｜｜ Sagar Khanal, Rosika Shrestha (Durga) ｜｜ Waroop Raj Acharya ｜｜ New Nepali Song 2026.m4a","Mann Bhari ｜｜ Sagar Khanal, Rosika Shrestha (Durga) ｜｜ Waroop Raj Acharya ｜｜ New Nepali Song 2026.m4a",osrdigital|mann bhari,OSRDigital,"Mann Bhari || Sagar Khanal, Rosika Shrestha (Durga) || Waroop Raj Acharya || New Nepali Song 2026",weak,772,,,metadata_candidate
"Manoj Raj Shiwakoti, Anju Panta - Najureko Lagan Hamro.mp3","Manoj Raj Shiwakoti, Anju Panta - Najureko Lagan Hamro.mp3",manoj raj shiwakoti anju panta|najureko lagan hamro,"Manoj Raj Shiwakoti, Anju Panta",Najureko Lagan Hamro,weak,440,,,metadata_candidate
Manoj Raj Siwakoti - Nepali Ma.mp3,Manoj Raj Siwakoti - Nepali Ma.mp3,manoj raj siwakoti|nepali ma,Manoj Raj Siwakoti,Nepali Ma,strong,207,207,,metadata_only
"Manoj Sahri, Monika Mundu - KANCHHI RE.mp3","Manoj Sahri, Monika Mundu - KANCHHI RE.mp3",manoj sahri monika mundu|kanchhi re,"Manoj Sahri, Monika Mundu",KANCHHI RE,weak,420,,,metadata_candidate
Manoj Sarang - Jai Shiv Shankar Kelashi.mp3,Manoj Sarang - Jai Shiv Shankar Kelashi.mp3,manoj sarang|jai shiv shankar kelashi,Manoj Sarang,Jai Shiv Shankar Kelashi,weak,2067,,,metadata_candidate
Manoj Tiwari Mridul - Shiv Shankar Khele Holi.mp3,Manoj Tiwari Mridul - Shiv Shankar Khele Holi.mp3,manoj tiwari mridul|shiv shankar khele holi,Manoj Tiwari Mridul,Shiv Shankar Khele Holi,weak,1543,,,metadata_candidate
Manose - Om Triambakam Mantra (Wellness)_ Mantra for Yoga.mp3,Manose - Om Triambakam Mantra (Wellness)_ Mantra for Yoga.mp3,manose|om triambakam mantra wellness mantra for yoga,Manose,Om Triambakam Mantra (Wellness): Mantra for Yoga,weak,1545,,,metadata_candidate
Manose - Sherpa Song.mp3,Manose - Sherpa Song.mp3,manose|sherpa song,Manose,Sherpa Song,weak,2667,,,metadata_candidate
Manose - Thunder and Flute.mp3,Manose - Thunder and Flute.mp3,manose|thunder and flute,Manose,Thunder and Flute,none,,,,no_lyrics
Manose Singh - 09. Sherpa Song.mp3,Manose Singh - 09. Sherpa Song.mp3,manose singh|09 sherpa song,Manose Singh,09. Sherpa Song,weak,3163,,,metadata_candidate
Manose Singh - Sherpa Song.mp3,Manose Singh - Sherpa Song.mp3,manose singh|sherpa song,Manose Singh,Sherpa Song,weak,2667,,,metadata_candidate
Mansoor Ali Malangi - Nahi Rusde Sajjan Pyare.mp3,Mansoor Ali Malangi - Nahi Rusde Sajjan Pyare.mp3,mansoor ali malangi|nahi rusde sajjan pyare,Mansoor Ali Malangi,Nahi Rusde Sajjan Pyare,none,,,,no_lyrics
Mantra - 04 Himali Nepali.mp3,Mantra - 04 Himali Nepali.mp3,mantra|04 himali nepali,Mantra,04 Himali Nepali,strong,207,207,,metadata_only
MANTRAYUKT - Namah Shiv Shankar Dak Dadankar (Charani Folk).mp3,MANTRAYUKT - Namah Shiv Shankar Dak Dadankar (Charani Folk).mp3,mantrayukt|namah shiv shankar dak dadankar charani folk,MANTRAYUKT,Namah Shiv Shankar Dak Dadankar (Charani Folk),weak,1543,,,metadata_candidate
Manu Tamang - Song of Manu Tamang.mp3,Manu Tamang - Song of Manu Tamang.mp3,manu tamang|song of manu tamang,Manu Tamang,Song of Manu Tamang,weak,3163,,,metadata_candidate
"Manya Manib Singh, NEPALI BABU - Naya Ba Jawani.mp3","Manya Manib Singh, NEPALI BABU - Naya Ba Jawani.mp3",manya manib singh nepali babu|naya ba jawani,"Manya Manib Singh, NEPALI BABU",Naya Ba Jawani,weak,602,,,metadata_candidate
"Manya Manib Singh, Nepali Babu - Taabij Bana Di Ojha Ji Patarki Humse Pat Jaiye.mp3","Manya Manib Singh, Nepali Babu - Taabij Bana Di Ojha Ji Patarki Humse Pat Jaiye.mp3",manya manib singh nepali babu|taabij bana di ojha ji patarki humse pat jaiye,"Manya Manib Singh, Nepali Babu",Taabij Bana Di Ojha Ji Patarki Humse Pat Jaiye,none,,,,no_lyrics
"Manya Manib Singh, Nepali Babu - नया बा जवानी.mp3","Manya Manib Singh, Nepali Babu - नया बा जवानी.mp3",manya manib singh nepali babu|नया बा जवानी,"Manya Manib Singh, Nepali Babu",नया बा जवानी,none,,,,no_lyrics
Maqsood Hassan Maqsood - Sada Sajjan Salam Vi Bhul Gye Ho.mp3,Maqsood Hassan Maqsood - Sada Sajjan Salam Vi Bhul Gye Ho.mp3,maqsood hassan maqsood|sada sajjan salam vi bhul gye ho,Maqsood Hassan Maqsood,Sada Sajjan Salam Vi Bhul Gye Ho,none,1367,,,metadata_candidate
Mario Mocca - Nepali (2).mp3,Mario Mocca - Nepali (2).mp3,mario mocca|nepali,Mario Mocca,Nepali,weak,207,,,metadata_candidate
Marna Baru (Phatteman Rajbhandari Cover Song).mp3,Marna Baru (Phatteman Rajbhandari Cover Song).mp3,sabinajoshi|marna baru phatteman rajbhandari song,sabinajoshi,Marna Baru (Phatteman Rajbhandari Cover Song),weak,2516,,,metadata_candidate
"Marubhumima Paani Jastai ｜｜ BIGUL Nepali Movie Official Song 2082 ｜｜ Benisha Hamal, Naren Khadka.m4a","Marubhumima Paani Jastai ｜｜ BIGUL Nepali Movie Official Song 2082 ｜｜ Benisha Hamal, Naren Khadka.m4a",osrdigital|marubhumima paani jastai,OSRDigital,"Marubhumima Paani Jastai || BIGUL Nepali Movie Official Song 2082 || Benisha Hamal, Naren Khadka",weak,3244,,,metadata_candidate
Mashooq Bhangar - Sajjan Bhi Suhno Man Bhi Suhno.mp3,Mashooq Bhangar - Sajjan Bhi Suhno Man Bhi Suhno.mp3,mashooq bhangar|sajjan bhi suhno man bhi suhno,Mashooq Bhangar,Sajjan Bhi Suhno Man Bhi Suhno,none,3900,,,metadata_candidate
"Masood Rana, Inayat Hussain Bhatti - Sajjan Pyara Milay.mp3","Masood Rana, Inayat Hussain Bhatti - Sajjan Pyara Milay.mp3",masood rana inayat hussain bhatti|sajjan pyara milay,"Masood Rana, Inayat Hussain Bhatti",Sajjan Pyara Milay,none,1369,,,metadata_candidate
Master Sajjan - Aj Piyar Piyar.mp3,Master Sajjan - Aj Piyar Piyar.mp3,master sajjan|aj piyar piyar,Master Sajjan,Aj Piyar Piyar,none,1939,,,metadata_candidate
Master Sajjan - Asan Ji Eid Thi Wayee.mp3,Master Sajjan - Asan Ji Eid Thi Wayee.mp3,master sajjan|asan ji eid thi wayee,Master Sajjan,Asan Ji Eid Thi Wayee,none,,,,no_lyrics
Master Sajjan - Tosan Piyar Suhna Karan Dil.mp3,Master Sajjan - Tosan Piyar Suhna Karan Dil.mp3,master sajjan|tosan piyar suhna karan dil,Master Sajjan,Tosan Piyar Suhna Karan Dil,none,357,,,metadata_candidate
Master Sajjan - Tujh Se Kiya Jo Piyar.mp3,Master Sajjan - Tujh Se Kiya Jo Piyar.mp3,master sajjan|tujh se kiya jo piyar,Master Sajjan,Tujh Se Kiya Jo Piyar,none,,,,no_lyrics
Master Sajjan - Yaar Tosan Piyar Tosan.mp3,Master Sajjan - Yaar Tosan Piyar Tosan.mp3,master sajjan|yaar tosan piyar tosan,Master Sajjan,Yaar Tosan Piyar Tosan,none,,,,no_lyrics
MATRIP MAC - Mero  Khabar (Call From Uniq Poet).m4a,MATRIP MAC - Mero  Khabar (Call From Uniq Poet).m4a,smart psycho studios|matrip mac mero khabar call from uniq poet,Smart Psycho Studios,MATRIP MAC - Mero  Khabar (Call From Uniq Poet),weak,1387,,,metadata_candidate
Maulai Dilbar Baloch - Oh Sajjan De Achan Sa Venda Kamm Thai.mp3,Maulai Dilbar Baloch - Oh Sajjan De Achan Sa Venda Kamm Thai.mp3,maulai dilbar baloch|oh sajjan de achan sa venda kamm thai,Maulai Dilbar Baloch,Oh Sajjan De Achan Sa Venda Kamm Thai,none,,,,no_lyrics
"MAYA BIRANO (Sad Song) ｜｜ PAHAAD Nepali Movie 2026 ｜｜ Arun Chhetri, Panchami Ghimirey.m4a","MAYA BIRANO (Sad Song) ｜｜ PAHAAD Nepali Movie 2026 ｜｜ Arun Chhetri, Panchami Ghimirey.m4a",osrdigital|maya birano sad song,OSRDigital,"MAYA BIRANO (Sad Song) || PAHAAD Nepali Movie 2026 || Arun Chhetri, Panchami Ghimirey",weak,526,,,metadata_candidate
Maya English Version -Nepsydaz.m4a,Maya English Version -Nepsydaz.m4a,uckvzqfq0eivvb0r2s3yataa|maya english version nepsydaz,UCKvZqfQ0eIVvB0r2s3yaTaA,Maya English Version -Nepsydaz,weak,526,,,metadata_candidate
Maya Garne Chu - Anup Kunwar Ft. Resham PoonNew Nepali Pop Song.mp3,Maya Garne Chu - Anup Kunwar Ft. Resham PoonNew Nepali Pop Song.mp3,maya garne chu|anup kunwar ft resham poonnew nepali pop song,Maya Garne Chu,Anup Kunwar Ft. Resham PoonNew Nepali Pop Song,weak,207,,,metadata_candidate
Maya jalaima Tech house remix Lil Jhola @KRIZN @YABITheGOAT Nepali Tech house Remix.m4a,Maya jalaima Tech house remix Lil Jhola @KRIZN @YABITheGOAT Nepali Tech house Remix.m4a,dj lama|maya jalaima tech house lil jhola krizn yabithegoat nepali tech house,DJ LAMA,Maya jalaima Tech house remix Lil Jhola @KRIZN @YABITheGOAT Nepali Tech house Remix,probable,207,,,metadata_candidate
Maya le vane bisai pani pidiula ｜｜ sailo ma charghare (lyric song).m4a,Maya le vane bisai pani pidiula ｜｜ sailo ma charghare (lyric song).m4a,lyrical nepal|maya le vane bisai pani pidiula,Lyrical Nepal,Maya le vane bisai pani pidiula || sailo ma charghare (lyric song),probable,526,,,metadata_candidate
"Maya Maanchhau Ra ｜｜ CHAMELI KO POI Movie Song 2026 ｜｜ Surakshya Panta, Mukun Bhusal.m4a","Maya Maanchhau Ra ｜｜ CHAMELI KO POI Movie Song 2026 ｜｜ Surakshya Panta, Mukun Bhusal.m4a",osrdigital|maya maanchhau ra,OSRDigital,"Maya Maanchhau Ra || CHAMELI KO POI Movie Song 2026 || Surakshya Panta, Mukun Bhusal",weak,526,,,metadata_candidate
Maya oh Maya -Nepsydaz.m4a,Maya oh Maya -Nepsydaz.m4a,uckvzqfq0eivvb0r2s3yataa|maya oh maya nepsydaz,UCKvZqfQ0eIVvB0r2s3yaTaA,Maya oh Maya -Nepsydaz,weak,526,,,metadata_candidate
MAYA RAICHA RA ► Kali Prasad Baskota ｜ Sadeekshya Kattel ｜ FULBARI ｜ Nepali Movie Song 2023.m4a,MAYA RAICHA RA ► Kali Prasad Baskota ｜ Sadeekshya Kattel ｜ FULBARI ｜ Nepali Movie Song 2023.m4a,g21 digital|maya raicha ra kali prasad baskota,G21 Digital,MAYA RAICHA RA ► Kali Prasad Baskota | Sadeekshya Kattel | FULBARI | Nepali Movie Song 2023,weak,526,,,metadata_candidate
Mayale vane bisaima ni pidiula lyrics ｜｜ sailo ma charghare lyrics ｜｜ Bishwo Dong｜｜.m4a,Mayale vane bisaima ni pidiula lyrics ｜｜ sailo ma charghare lyrics ｜｜ Bishwo Dong｜｜.m4a,sky lyrics|mayale vane bisaima ni pidiula lyrics,Sky Lyrics,Mayale vane bisaima ni pidiula lyrics || sailo ma charghare lyrics || Bishwo Dong||,weak,2453,,,metadata_candidate
"Mc Flo - Ma Hoon Yatri ft Yama Buddha,Mac.m4a","Mc Flo - Ma Hoon Yatri ft Yama Buddha,Mac.m4a",hiphop entertainment|mc flo ma hoon yatri ft yama buddha mac,HipHop Entertainment,"Mc Flo - Ma Hoon Yatri ft Yama Buddha,Mac",weak,3773,,,metadata_candidate
"Mc Pogba, DJ Caat - Uh Uh Vai - Slowed.mp3","Mc Pogba, DJ Caat - Uh Uh Vai - Slowed.mp3",mc pogba dj caat|uh uh vai slowed,"Mc Pogba, DJ Caat",Uh Uh Vai - Slowed,none,,,,no_lyrics
"Meera Rana, Tara Devi - Chhanga Ko Maya Ke Bhannu.mp3","Meera Rana, Tara Devi - Chhanga Ko Maya Ke Bhannu.mp3",meera rana tara devi|chhanga ko maya ke bhannu,"Meera Rana, Tara Devi",Chhanga Ko Maya Ke Bhannu,strong,526,526,,metadata_only
MEGA VOU SACAR O REVÓLVER DJ KN DA NS.m4a,MEGA VOU SACAR O REVÓLVER DJ KN DA NS.m4a,dejota kn da ns 2|mega vou sacar o revólver dj kn da ns,DEJOTA KN DA NS 2,MEGA VOU SACAR O REVÓLVER DJ KN DA NS,none,,,,no_lyrics
"Meghana Chandra, Anurag Kant - Negi Ji Ka Geet.mp3","Meghana Chandra, Anurag Kant - Negi Ji Ka Geet.mp3",meghana chandra anurag kant|negi ji ka geet,"Meghana Chandra, Anurag Kant",Negi Ji Ka Geet,weak,2449,,,metadata_candidate
Mehboob Mirjat - Ach Hali Monde Sajjan.mp3,Mehboob Mirjat - Ach Hali Monde Sajjan.mp3,mehboob mirjat|ach hali monde sajjan,Mehboob Mirjat,Ach Hali Monde Sajjan,none,604,,,metadata_candidate
Mehtab Baloch - Cha Thi Wayo Tukhe Sajjan.mp3,Mehtab Baloch - Cha Thi Wayo Tukhe Sajjan.mp3,mehtab baloch|cha thi wayo tukhe sajjan,Mehtab Baloch,Cha Thi Wayo Tukhe Sajjan,none,621,,,metadata_candidate
Melina Rai - Aadha.mp3,Melina Rai - Aadha.mp3,melina rai|aadha,Melina Rai,Aadha,strong,1111,1111,,metadata_only
Melina Rai - Aafailai Dhati Here.mp3,Melina Rai - Aafailai Dhati Here.mp3,melina rai|aafailai dhati here,Melina Rai,Aafailai Dhati Here,weak,2128,,,metadata_candidate
Melina rai - Aakha Bhari.mp3,Melina rai - Aakha Bhari.mp3,melina rai|aakha bhari,Melina rai,Aakha Bhari,probable,4125,,,metadata_candidate
Melina Rai - Aakhai Aakha Ko.mp3,Melina Rai - Aakhai Aakha Ko.mp3,melina rai|aakhai aakha ko,Melina Rai,Aakhai Aakha Ko,weak,2025,,,metadata_candidate
Melina Rai - Aankha Aankha Judhe.mp3,Melina Rai - Aankha Aankha Judhe.mp3,melina rai|aankha aankha judhe,Melina Rai,Aankha Aankha Judhe,weak,2129,,,metadata_candidate
Melina Rai - Aasu Lukai.mp3,Melina Rai - Aasu Lukai.mp3,melina rai|aasu lukai,Melina Rai,Aasu Lukai,weak,396,,,metadata_candidate
Melina Rai - Aayo Dashain Aayo Tihar.mp3,Melina Rai - Aayo Dashain Aayo Tihar.mp3,melina rai|aayo dashain aayo tihar,Melina Rai,Aayo Dashain Aayo Tihar,strong,892,892,,metadata_only
Melina Rai - Aayo Teejako Lahar - Kendra Motion Pictures (2).mp3,Melina Rai - Aayo Teejako Lahar - Kendra Motion Pictures (2).mp3,melina rai|aayo teejako lahar kendra motion pictures,Melina Rai,Aayo Teejako Lahar - Kendra Motion Pictures,weak,2005,,,metadata_candidate
Melina Rai - Baba.mp3,Melina Rai - Baba.mp3,melina rai|baba,Melina Rai,Baba,strong,2372,2372,,metadata_only
Melina Rai - Bhamara Jhai Aayeu Timi.mp3,Melina Rai - Bhamara Jhai Aayeu Timi.mp3,melina rai|bhamara jhai aayeu timi,Melina Rai,Bhamara Jhai Aayeu Timi,strong,752,752,,metadata_only
Melina Rai - Bholi Maile.mp3,Melina Rai - Bholi Maile.mp3,melina rai|bholi maile,Melina Rai,Bholi Maile,strong,728,728,,metadata_only
Melina Rai - Chyatidiye Fyalidiye.mp3,Melina Rai - Chyatidiye Fyalidiye.mp3,melina rai|chyatidiye fyalidiye,Melina Rai,Chyatidiye Fyalidiye,weak,,,,no_lyrics
Melina Rai - Dherai Maya Timilai.mp3,Melina Rai - Dherai Maya Timilai.mp3,melina rai|dherai maya timilai,Melina Rai,Dherai Maya Timilai,strong,526,526,,metadata_only
Melina Rai - Duli Duli.mp3,Melina Rai - Duli Duli.mp3,melina rai|duli duli,Melina Rai,Duli Duli,strong,2011,2011,,metadata_only
Melina Rai - Ek Din Timro Mayale Badhana.mp3,Melina Rai - Ek Din Timro Mayale Badhana.mp3,melina rai|ek din timro mayale badhana,Melina Rai,Ek Din Timro Mayale Badhana,strong,419,419,,metadata_only
Melina Rai - Garibiko Bhari (2).mp3,Melina Rai - Garibiko Bhari (2).mp3,melina rai|garibiko bhari,Melina Rai,Garibiko Bhari,weak,34,,,metadata_candidate
Melina Rai - Gaun Gharki Chhori.mp3,Melina Rai - Gaun Gharki Chhori.mp3,melina rai|gaun gharki chhori,Melina Rai,Gaun Gharki Chhori,weak,1814,,,metadata_candidate
Melina Rai - Handsome Body.mp3,Melina Rai - Handsome Body.mp3,melina rai|handsome body,Melina Rai,Handsome Body,weak,,,,no_lyrics
Melina Rai - Harek Sajh.mp3,Melina Rai - Harek Sajh.mp3,melina rai|harek sajh,Melina Rai,Harek Sajh,probable,3734,,,metadata_candidate
Melina Rai - Harek Sanjh.mp3,Melina Rai - Harek Sanjh.mp3,melina rai|harek sanjh,Melina Rai,Harek Sanjh,strong,2158,2158,,metadata_only
Melina Rai - Hida Kanchhi.mp3,Melina Rai - Hida Kanchhi.mp3,melina rai|hida kanchhi,Melina Rai,Hida Kanchhi,strong,420,420,,metadata_only
Melina Rai - Jati Here Pani.mp3,Melina Rai - Jati Here Pani.mp3,melina rai|jati here pani,Melina Rai,Jati Here Pani,strong,2156,2156,,metadata_only
Melina Rai - Jharanako Chiso Pani - Female Version.mp3,Melina Rai - Jharanako Chiso Pani - Female Version.mp3,melina rai|jharanako chiso pani female version,Melina Rai,Jharanako Chiso Pani - Female Version,strong,859,859,,metadata_only
Melina Rai - Juni Juni.mp3,Melina Rai - Juni Juni.mp3,melina rai|juni juni,Melina Rai,Juni Juni,strong,90,90,,metadata_only
Melina Rai - Kahi Katai.mp3,Melina Rai - Kahi Katai.mp3,melina rai|kahi katai,Melina Rai,Kahi Katai,strong,1016,1016,,metadata_only
Melina Rai - Kamjor.mp3,Melina Rai - Kamjor.mp3,melina rai|kamjor,Melina Rai,Kamjor,strong,1018,1018,,metadata_only
Melina Rai - Ke Artha.mp3,Melina Rai - Ke Artha.mp3,melina rai|ke artha,Melina Rai,Ke Artha,weak,2448,,,metadata_candidate
Melina Rai - Ke Diu Khai.mp3,Melina Rai - Ke Diu Khai.mp3,melina rai|ke diu khai,Melina Rai,Ke Diu Khai,strong,659,659,,metadata_only
Melina Rai - Khayeko Kasham.mp3,Melina Rai - Khayeko Kasham.mp3,melina rai|khayeko kasham,Melina Rai,Khayeko Kasham,weak,4037,,,metadata_candidate
Melina Rai - Kolki Hamro Gaun.mp3,Melina Rai - Kolki Hamro Gaun.mp3,melina rai|kolki hamro gaun,Melina Rai,Kolki Hamro Gaun,weak,440,,,metadata_candidate
Melina Rai - Ma Marda (2).mp3,Melina Rai - Ma Marda (2).mp3,melina rai|ma marda,Melina Rai,Ma Marda,strong,3773,3773,,metadata_only
Melina Rai - Ma Samjhanchhu.mp3,Melina Rai - Ma Samjhanchhu.mp3,melina rai|ma samjhanchhu,Melina Rai,Ma Samjhanchhu,strong,3773,3773,,metadata_only
Melina Rai - Malai pani Sagai Laijau.mp3,Melina Rai - Malai pani Sagai Laijau.mp3,melina rai|malai pani sagai laijau,Melina Rai,Malai pani Sagai Laijau,strong,2017,2017,,metadata_only
Melina Rai - Mann Paraye Maile.mp3,Melina Rai - Mann Paraye Maile.mp3,melina rai|mann paraye maile,Melina Rai,Mann Paraye Maile,strong,772,772,,metadata_only
Melina Rai - Maruni.mp3,Melina Rai - Maruni.mp3,melina rai|maruni,Melina Rai,Maruni,weak,1835,,,metadata_candidate
Melina Rai - Maya Yo Kasto Maya.mp3,Melina Rai - Maya Yo Kasto Maya.mp3,melina rai|maya yo kasto maya,Melina Rai,Maya Yo Kasto Maya,strong,336,336,,metadata_only
Melina Rai - Mutuma Chhau.mp3,Melina Rai - Mutuma Chhau.mp3,melina rai|mutuma chhau,Melina Rai,Mutuma Chhau,weak,908,,,metadata_candidate
Melina Rai - Najanera Hoina.mp3,Melina Rai - Najanera Hoina.mp3,melina rai|najanera hoina,Melina Rai,Najanera Hoina,weak,1521,,,metadata_candidate
Melina Rai - Najik Aya Huncha.mp3,Melina Rai - Najik Aya Huncha.mp3,melina rai|najik aya huncha,Melina Rai,Najik Aya Huncha,weak,256,,,metadata_candidate
Melina Rai - Najik Bhayer Pani.mp3,Melina Rai - Najik Bhayer Pani.mp3,melina rai|najik bhayer pani,Melina Rai,Najik Bhayer Pani,strong,2156,2156,,metadata_only
Melina Rai - Najik Vayera.mp3,Melina Rai - Najik Vayera.mp3,melina rai|najik vayera,Melina Rai,Najik Vayera,weak,3247,,,metadata_candidate
Melina Rai - Nisthurile.mp3,Melina Rai - Nisthurile.mp3,melina rai|nisthurile,Melina Rai,Nisthurile,strong,283,283,,metadata_only
Melina Rai - Oh Meri Maa Female.mp3,Melina Rai - Oh Meri Maa Female.mp3,melina rai|oh meri maa female,Melina Rai,Oh Meri Maa Female,strong,205,205,,metadata_only
Melina Rai - Othma Lali.mp3,Melina Rai - Othma Lali.mp3,melina rai|othma lali,Melina Rai,Othma Lali,weak,122,,,metadata_candidate
Melina Rai - Paralko Tyandro.mp3,Melina Rai - Paralko Tyandro.mp3,melina rai|paralko tyandro,Melina Rai,Paralko Tyandro,weak,1550,,,metadata_candidate
Melina Rai - Pheri Nata.mp3,Melina Rai - Pheri Nata.mp3,melina rai|pheri nata,Melina Rai,Pheri Nata,probable,3324,,,metadata_candidate
Melina Rai - Rahar Chadhyo Yo Man Ma.mp3,Melina Rai - Rahar Chadhyo Yo Man Ma.mp3,melina rai|rahar chadhyo yo man ma,Melina Rai,Rahar Chadhyo Yo Man Ma,strong,3773,3773,,metadata_only
Melina Rai - Rimjhim Rimjhim Paani Paryo.mp3,Melina Rai - Rimjhim Rimjhim Paani Paryo.mp3,melina rai|rimjhim rimjhim paani paryo,Melina Rai,Rimjhim Rimjhim Paani Paryo,weak,2601,,,metadata_candidate
Melina Rai - Sagar Kasle Banayo.mp3,Melina Rai - Sagar Kasle Banayo.mp3,melina rai|sagar kasle banayo,Melina Rai,Sagar Kasle Banayo,strong,210,210,,metadata_only
Melina Rai - Samjher Timi.mp3,Melina Rai - Samjher Timi.mp3,melina rai|samjher timi,Melina Rai,Samjher Timi,strong,752,752,,metadata_only
Melina Rai - Sangai Jieune Sangai Marne.mp3,Melina Rai - Sangai Jieune Sangai Marne.mp3,melina rai|sangai jieune sangai marne,Melina Rai,Sangai Jieune Sangai Marne,strong,3230,3230,,metadata_only
Melina Rai - Sindoor.mp3,Melina Rai - Sindoor.mp3,melina rai|sindoor,Melina Rai,Sindoor,weak,437,,,metadata_candidate
Melina Rai - Siraima Sirbandi.mp3,Melina Rai - Siraima Sirbandi.mp3,melina rai|siraima sirbandi,Melina Rai,Siraima Sirbandi,strong,2024,2024,,metadata_only
Melina Rai - Tali.mp3,Melina Rai - Tali.mp3,melina rai|tali,Melina Rai,Tali,probable,517,,,metadata_candidate
Melina Rai - Timi Dekhi Tadha Banna.mp3,Melina Rai - Timi Dekhi Tadha Banna.mp3,melina rai|timi dekhi tadha banna,Melina Rai,Timi Dekhi Tadha Banna,strong,623,623,,metadata_only
Melina Rai - Timi Sanga.mp3,Melina Rai - Timi Sanga.mp3,melina rai|timi sanga,Melina Rai,Timi Sanga,strong,2890,2890,,metadata_only
Melina Rai - Timilai Samjhera.mp3,Melina Rai - Timilai Samjhera.mp3,melina rai|timilai samjhera,Melina Rai,Timilai Samjhera,strong,1555,1555,,metadata_only
Melina Rai - Timile Soche Jasto.mp3,Melina Rai - Timile Soche Jasto.mp3,melina rai|timile soche jasto,Melina Rai,Timile Soche Jasto,strong,3567,3567,,metadata_only
Melina Rai - Timile Ta Birseu Are.mp3,Melina Rai - Timile Ta Birseu Are.mp3,melina rai|timile ta birseu are,Melina Rai,Timile Ta Birseu Are,strong,3567,3567,,metadata_only
Melina Rai - Timle Bato Fereu Are 3.mp3,Melina Rai - Timle Bato Fereu Are 3.mp3,melina rai|timle bato fereu are 3,Melina Rai,Timle Bato Fereu Are 3,weak,1158,,A-c37847465a,new_lyrics
Melina Rai - Timle Bato Fereu Are.mp3,Melina Rai - Timle Bato Fereu Are.mp3,melina rai|timle bato fereu are,Melina Rai,Timle Bato Fereu Are,weak,1158,,A-f9da7a3241,new_lyrics
Melina Rai - Timrai Hatko Sindur.mp3,Melina Rai - Timrai Hatko Sindur.mp3,melina rai|timrai hatko sindur,Melina Rai,Timrai Hatko Sindur,probable,1634,,,metadata_candidate
Melina Rai - Timro Aakhama Aakha Judhai.mp3,Melina Rai - Timro Aakhama Aakha Judhai.mp3,melina rai|timro aakhama aakha judhai,Melina Rai,Timro Aakhama Aakha Judhai,strong,2127,2127,,metadata_only
Melina Rai - Timro Chokho Maya.mp3,Melina Rai - Timro Chokho Maya.mp3,melina rai|timro chokho maya,Melina Rai,Timro Chokho Maya,strong,526,526,,metadata_only
Melina Rai - Timro Saath Paya Vane Ta.mp3,Melina Rai - Timro Saath Paya Vane Ta.mp3,melina rai|timro saath paya vane ta,Melina Rai,Timro Saath Paya Vane Ta,weak,3614,,,metadata_candidate
Melina Rai - Yastai Ta Hola Maya.mp3,Melina Rai - Yastai Ta Hola Maya.mp3,melina rai|yastai ta hola maya,Melina Rai,Yastai Ta Hola Maya,strong,526,526,,metadata_only
Melina Rai - Yi Aakhama Timi Chhau.mp3,Melina Rai - Yi Aakhama Timi Chhau.mp3,melina rai|yi aakhama timi chhau,Melina Rai,Yi Aakhama Timi Chhau,strong,2027,2027,,metadata_only
Melina Rai feat. Dipak Limbu - Nasodha Malai.mp3,Melina Rai feat. Dipak Limbu - Nasodha Malai.mp3,melina rai feat dipak limbu|nasodha malai,Melina Rai feat. Dipak Limbu,Nasodha Malai,strong,2019,2019,,metadata_only
Melina Rai feat. Hari Bansha Acharya - Machhi Lai Kholi Ko Leu - Gazzab TV.mp3,Melina Rai feat. Hari Bansha Acharya - Machhi Lai Kholi Ko Leu - Gazzab TV.mp3,melina rai feat hari bansha acharya|machhi lai kholi ko leu gazzab tv,Melina Rai feat. Hari Bansha Acharya,Machhi Lai Kholi Ko Leu - Gazzab TV,strong,1746,1746,,metadata_only
Melina Rai feat. Roshan Rai -Paluwa Star - Maya Garda.mp3,Melina Rai feat. Roshan Rai -Paluwa Star - Maya Garda.mp3,melina rai feat roshan rai paluwa star|maya garda,Melina Rai feat. Roshan Rai -Paluwa Star,Maya Garda,strong,526,526,,metadata_only
Melina Rai feat. Sunil Katuwal - Mukhaima Ram Ram- 8K Everest Motion Pictures.mp3,Melina Rai feat. Sunil Katuwal - Mukhaima Ram Ram- 8K Everest Motion Pictures.mp3,melina rai feat sunil katuwal|mukhaima ram ram 8k everest motion pictures,Melina Rai feat. Sunil Katuwal,Mukhaima Ram Ram- 8K Everest Motion Pictures,weak,,,,no_lyrics
Melina Rai feat. Swor Suman - Mero Maya.mp3,Melina Rai feat. Swor Suman - Mero Maya.mp3,melina rai feat swor suman|mero maya,Melina Rai feat. Swor Suman,Mero Maya,strong,2943,2943,,metadata_only
"Melina Rai, Aashish Sachin - Ek Kan Dui Kaan Maidan.mp3","Melina Rai, Aashish Sachin - Ek Kan Dui Kaan Maidan.mp3",melina rai aashish sachin|ek kan dui kaan maidan,"Melina Rai, Aashish Sachin",Ek Kan Dui Kaan Maidan,probable,2012,,,metadata_candidate
"Melina Rai, Aashish Thapa - Mero Raja.mp3","Melina Rai, Aashish Thapa - Mero Raja.mp3",melina rai aashish thapa|mero raja,"Melina Rai, Aashish Thapa",Mero Raja,probable,3621,,A-879382e028,new_lyrics
"Melina Rai, Anil Pahadi - Haatma Haat.mp3","Melina Rai, Anil Pahadi - Haatma Haat.mp3",melina rai anil pahadi|haatma haat,"Melina Rai, Anil Pahadi",Haatma Haat,probable,3158,,,metadata_candidate
"Melina Rai, Babul Giri - Khali Shanibar.mp3","Melina Rai, Babul Giri - Khali Shanibar.mp3",melina rai babul giri|khali shanibar,"Melina Rai, Babul Giri",Khali Shanibar,strong,734,734,,metadata_only
"Melina Rai, Babul Giri - Laija Re Laija.mp3","Melina Rai, Babul Giri - Laija Re Laija.mp3",melina rai babul giri|laija re laija,"Melina Rai, Babul Giri",Laija Re Laija,strong,1486,1486,,metadata_only
"Melina rai, Biku Chhetri - Dil Kholera Bhanana.mp3","Melina rai, Biku Chhetri - Dil Kholera Bhanana.mp3",melina rai biku chhetri|dil kholera bhanana,"Melina rai, Biku Chhetri",Dil Kholera Bhanana,weak,3900,,,metadata_candidate
"Melina Rai, Birendra Shrestha - Aakha Lauchan.mp3","Melina Rai, Birendra Shrestha - Aakha Lauchan.mp3",melina rai birendra shrestha|aakha lauchan,"Melina Rai, Birendra Shrestha",Aakha Lauchan,weak,2109,,,metadata_candidate
"Melina Rai, Buddhi Man Shrestha - Baiguni.mp3","Melina Rai, Buddhi Man Shrestha - Baiguni.mp3",melina rai buddhi man shrestha|baiguni,"Melina Rai, Buddhi Man Shrestha",Baiguni,strong,712,712,,metadata_only
"Melina Rai, CD Bijaya Adhikari - Shunya Lagchha.mp3","Melina Rai, CD Bijaya Adhikari - Shunya Lagchha.mp3",melina rai cd bijaya adhikari|shunya lagchha,"Melina Rai, CD Bijaya Adhikari",Shunya Lagchha,strong,667,667,,metadata_only
"Melina Rai, CD Vijaya Adhikari - Shunya Lagchha CD & Melina.mp3","Melina Rai, CD Vijaya Adhikari - Shunya Lagchha CD & Melina.mp3",melina rai cd vijaya adhikari|shunya lagchha cd melina,"Melina Rai, CD Vijaya Adhikari",Shunya Lagchha CD & Melina,strong,667,667,,metadata_only
"Melina Rai, CD Vijaya Adhikari - Sunya Lagchha.mp3","Melina Rai, CD Vijaya Adhikari - Sunya Lagchha.mp3",melina rai cd vijaya adhikari|sunya lagchha,"Melina Rai, CD Vijaya Adhikari",Sunya Lagchha,weak,3140,,,metadata_candidate
"Melina Rai, Chandra Singh Ghale - 21st Love Reloaded.mp3","Melina Rai, Chandra Singh Ghale - 21st Love Reloaded.mp3",melina rai chandra singh ghale|21st love reloaded,"Melina Rai, Chandra Singh Ghale",21st Love Reloaded,weak,135,,,metadata_candidate
"Melina Rai, Chok Gurung - Aankha Aankha Judhe.mp3","Melina Rai, Chok Gurung - Aankha Aankha Judhe.mp3",melina rai chok gurung|aankha aankha judhe,"Melina Rai, Chok Gurung",Aankha Aankha Judhe,weak,2129,,,metadata_candidate
"Melina rai, Govinda Chongbang - Bhana Matra Priye.mp3","Melina rai, Govinda Chongbang - Bhana Matra Priye.mp3",melina rai govinda chongbang|bhana matra priye,"Melina rai, Govinda Chongbang",Bhana Matra Priye,strong,548,548,,metadata_only
"Melina Rai, Kiran Bhujel - Gulelima.mp3","Melina Rai, Kiran Bhujel - Gulelima.mp3",melina rai kiran bhujel|gulelima,"Melina Rai, Kiran Bhujel",Gulelima,weak,3204,,,metadata_candidate
"Melina Rai, Kushal Thalang - Kasam Mari Jaun.mp3","Melina Rai, Kushal Thalang - Kasam Mari Jaun.mp3",melina rai kushal thalang|kasam mari jaun,"Melina Rai, Kushal Thalang",Kasam Mari Jaun,strong,3437,3437,,metadata_only
"Melina Rai, Mabindra Rai - Mayama Yestai Hunchha Ki (Timro Tyo Hasilo).mp3","Melina Rai, Mabindra Rai - Mayama Yestai Hunchha Ki (Timro Tyo Hasilo).mp3",melina rai mabindra rai|mayama yestai hunchha ki timro tyo hasilo,"Melina Rai, Mabindra Rai",Mayama Yestai Hunchha Ki (Timro Tyo Hasilo),strong,956,956,,metadata_only
"Melina Rai, Mandip Pokhare - Baiguni 3 Pani Salala.mp3","Melina Rai, Mandip Pokhare - Baiguni 3 Pani Salala.mp3",melina rai mandip pokhare|baiguni 3 pani salala,"Melina Rai, Mandip Pokhare",Baiguni 3 Pani Salala,strong,88,88,,metadata_only
"Melina Rai, Nim Shrees - Kati Maya.mp3","Melina Rai, Nim Shrees - Kati Maya.mp3",melina rai nim shrees|kati maya,"Melina Rai, Nim Shrees",Kati Maya,strong,526,526,,metadata_only
"Melina Rai, Nishan Bhattarai - Bhandeu Mayale.mp3","Melina Rai, Nishan Bhattarai - Bhandeu Mayale.mp3",melina rai nishan bhattarai|bhandeu mayale,"Melina Rai, Nishan Bhattarai",Bhandeu Mayale,probable,3902,,,metadata_candidate
"Melina Rai, Pradip Bohara Kingstar - Maya Chhodera Najau.mp3","Melina Rai, Pradip Bohara Kingstar - Maya Chhodera Najau.mp3",melina rai pradip bohara kingstar|maya chhodera najau,"Melina Rai, Pradip Bohara Kingstar",Maya Chhodera Najau,strong,526,526,,metadata_only
"Melina Rai, Rajan Timilsina feat. Saurav Sharma - 21st love.mp3","Melina Rai, Rajan Timilsina feat. Saurav Sharma - 21st love.mp3",melina rai rajan timilsina feat saurav sharma|21st love,"Melina Rai, Rajan Timilsina feat. Saurav Sharma",21st love,weak,901,,,metadata_candidate
"Melina Rai, Rajesh Payal Rai - Hami Badal Vitra.mp3","Melina Rai, Rajesh Payal Rai - Hami Badal Vitra.mp3",melina rai rajesh payal rai|hami badal vitra,"Melina Rai, Rajesh Payal Rai",Hami Badal Vitra,strong,2569,2569,,metadata_only
"Melina Rai, Shivraj Gurung, Naren Limbu - Kaha Hola Mero Mayalu.mp3","Melina Rai, Shivraj Gurung, Naren Limbu - Kaha Hola Mero Mayalu.mp3",melina rai shivraj gurung naren limbu|kaha hola mero mayalu,"Melina Rai, Shivraj Gurung, Naren Limbu",Kaha Hola Mero Mayalu,strong,56,56,,metadata_only
"Melina Rai, Subha Tamang - Timro Maan Ma (2).mp3","Melina Rai, Subha Tamang - Timro Maan Ma (2).mp3",melina rai subha tamang|timro maan ma,"Melina Rai, Subha Tamang",Timro Maan Ma,strong,2036,2036,,metadata_only
"Melina Rai, Suman Dangi - Pauroti पाउरोटी.mp3","Melina Rai, Suman Dangi - Pauroti पाउरोटी.mp3",melina rai suman dangi|pauroti पाउरोटी,"Melina Rai, Suman Dangi",Pauroti पाउरोटी,weak,,,,no_lyrics
"Melina Rai, Suman Shrestha Sangam - Maulayo Maya.mp3","Melina Rai, Suman Shrestha Sangam - Maulayo Maya.mp3",melina rai suman shrestha sangam|maulayo maya,"Melina Rai, Suman Shrestha Sangam",Maulayo Maya,strong,526,526,,metadata_only
"Melina Rai, Sunil Katuwal - Dadai Kataula.mp3","Melina Rai, Sunil Katuwal - Dadai Kataula.mp3",melina rai sunil katuwal|dadai kataula,"Melina Rai, Sunil Katuwal",Dadai Kataula,weak,410,,,metadata_candidate
Meri Aama ｜ मेरी आमा ｜ Bhupesh Giri ｜ New Nepali Song 2026 ｜ Official Music Video.m4a,Meri Aama ｜ मेरी आमा ｜ Bhupesh Giri ｜ New Nepali Song 2026 ｜ Official Music Video.m4a,osrdigital|meri aama,OSRDigital,Meri Aama | मेरी आमा | Bhupesh Giri | New Nepali Song 2026 | Official Music Video,weak,867,,,metadata_candidate
"Meri Didi ｜｜ PARVATI Movie Official Song 2026 ｜｜ Neeta Dhungana Adhikari, Ashok Darji ｜｜ Babul Giri.m4a","Meri Didi ｜｜ PARVATI Movie Official Song 2026 ｜｜ Neeta Dhungana Adhikari, Ashok Darji ｜｜ Babul Giri.m4a",osrdigital|meri didi,OSRDigital,"Meri Didi || PARVATI Movie Official Song 2026 || Neeta Dhungana Adhikari, Ashok Darji || Babul Giri",weak,2334,,,metadata_candidate
"Meri Maya Dui Chulthi Bateki ｜｜ Nepali Movie MARYADA Song ｜｜ Nikhil Upreti, Sanchita Luitel.m4a","Meri Maya Dui Chulthi Bateki ｜｜ Nepali Movie MARYADA Song ｜｜ Nikhil Upreti, Sanchita Luitel.m4a",osrdigital|meri maya dui chulthi bateki,OSRDigital,"Meri Maya Dui Chulthi Bateki || Nepali Movie MARYADA Song || Nikhil Upreti, Sanchita Luitel",weak,157,,,metadata_candidate
"Meri Mayalai Chhadke Salami ｜｜ Ananta Dahal ｜｜ Bina Raut, Arjun Silwal ｜｜ New Nepali Song 2026.m4a","Meri Mayalai Chhadke Salami ｜｜ Ananta Dahal ｜｜ Bina Raut, Arjun Silwal ｜｜ New Nepali Song 2026.m4a",osrdigital|meri mayalai chhadke salami,OSRDigital,"Meri Mayalai Chhadke Salami || Ananta Dahal || Bina Raut, Arjun Silwal || New Nepali Song 2026",weak,2334,,,metadata_candidate
"Merina Poudyal, Kunti Moktan - Badal Pari Chhetija.mp3","Merina Poudyal, Kunti Moktan - Badal Pari Chhetija.mp3",merina poudyal kunti moktan|badal pari chhetija,"Merina Poudyal, Kunti Moktan",Badal Pari Chhetija,strong,270,270,,metadata_only
"Mero Aafnai Sansar ｜｜ Pramod Kharel ｜｜ Deependra Sonam, Samiya, Jyotshna, Rashmi, Basanta, Shanker.m4a","Mero Aafnai Sansar ｜｜ Pramod Kharel ｜｜ Deependra Sonam, Samiya, Jyotshna, Rashmi, Basanta, Shanker.m4a",osrdigital|mero aafnai sansar,OSRDigital,"Mero Aafnai Sansar || Pramod Kharel || Deependra Sonam, Samiya, Jyotshna, Rashmi, Basanta, Shanker",weak,3446,,,metadata_candidate
"Mero Byatha ｜｜ HALEE Movie Sad Song ｜｜ Pramod Deep, Sujata Thapa, Om Prateek (Gurung), Saroj Khanal.m4a","Mero Byatha ｜｜ HALEE Movie Sad Song ｜｜ Pramod Deep, Sujata Thapa, Om Prateek (Gurung), Saroj Khanal.m4a",osrdigital|mero byatha,OSRDigital,"Mero Byatha || HALEE Movie Sad Song || Pramod Deep, Sujata Thapa, Om Prateek (Gurung), Saroj Khanal",weak,1703,,,metadata_candidate
Mero chahanaa Aidray.m4a,Mero chahanaa Aidray.m4a,nishan adhikari|mero chahanaa aidray,nishan Adhikari,Mero chahanaa Aidray,weak,124,,,metadata_candidate
Mero Daai ｜｜ ASTU Nepali Movie Song (Tamang Cultural Movie) ｜｜ Pabitra Gurung ｜｜ Abina Gole.m4a,Mero Daai ｜｜ ASTU Nepali Movie Song (Tamang Cultural Movie) ｜｜ Pabitra Gurung ｜｜ Abina Gole.m4a,osrdigital|mero daai,OSRDigital,Mero Daai || ASTU Nepali Movie Song (Tamang Cultural Movie) || Pabitra Gurung || Abina Gole,weak,499,,,metadata_candidate
Mero Ex Maros.m4a,Mero Ex Maros.m4a,ucmeknbv_spqqwjrafqlacwa|mero ex maros,UCMEkNBv_SPQQwjrafqlAcWA,Mero Ex Maros,weak,1178,,,metadata_candidate
mero lagita daiva pani - nepali songs.mp3,mero lagita daiva pani - nepali songs.mp3,mero lagita daiva pani|s,mero lagita daiva pani,nepali songs,weak,154,,,metadata_candidate
Mero pyro maiti ghar-www.Devchuli6.com.mp3,Mero pyro maiti ghar-www.Devchuli6.com.mp3,archive org|mero pyro maiti ghar,archive.org,Mero pyro maiti ghar-www.Devchuli6.com,weak,1192,,,metadata_candidate
"Mero Samjhana ｜｜ DHAAGO Nepali Movie Official Song 2025 ｜｜ Surakshya Panta, Prabhat Thapa.m4a","Mero Samjhana ｜｜ DHAAGO Nepali Movie Official Song 2025 ｜｜ Surakshya Panta, Prabhat Thapa.m4a",osrdigital|mero samjhana,OSRDigital,"Mero Samjhana || DHAAGO Nepali Movie Official Song 2025 || Surakshya Panta, Prabhat Thapa",weak,737,,,metadata_candidate
Mero Topi Kailash Ko Shir Jasto By Gopal Yonjan.mp3,Mero Topi Kailash Ko Shir Jasto By Gopal Yonjan.mp3,cityshop rock|mero topi kailash ko shir jasto by gopal yonjan,Cityshop Rock,Mero Topi Kailash Ko Shir Jasto By Gopal Yonjan,none,499,,,metadata_candidate
Milan - Jhalko Lali Oth Ko (Sunshine Sessions).m4a,Milan - Jhalko Lali Oth Ko (Sunshine Sessions).m4a,young billionaires tv|milan jhalko lali oth ko sunshine sessions,Young Billionaires TV,Milan - Jhalko Lali Oth Ko (Sunshine Sessions),weak,2521,,,metadata_candidate
"Milan Newar, Rajan Raj Shiwakoti - Timi Uta Ma Yeta.mp3","Milan Newar, Rajan Raj Shiwakoti - Timi Uta Ma Yeta.mp3",milan newar rajan raj shiwakoti|timi uta ma yeta,"Milan Newar, Rajan Raj Shiwakoti",Timi Uta Ma Yeta,strong,2055,2055,,metadata_only
Milena Level Tero Bau Bola (Live).m4a,Milena Level Tero Bau Bola (Live).m4a,release topic|milena level tero bau bola,Release - Topic,Milena Level Tero Bau Bola (Live),none,2858,,,metadata_candidate
Mintu Michael - Hiya Nepali Lel Maza Dali.mp3,Mintu Michael - Hiya Nepali Lel Maza Dali.mp3,mintu michael|hiya nepali lel maza dali,Mintu Michael,Hiya Nepali Lel Maza Dali,weak,207,,,metadata_candidate
"Mira Rana, Ram Thapa - Ghintang Ghintang Joor.mp3","Mira Rana, Ram Thapa - Ghintang Ghintang Joor.mp3",mira rana ram thapa|ghintang ghintang joor,"Mira Rana, Ram Thapa",Ghintang Ghintang Joor,weak,,,,no_lyrics
"Mirmire Bho ｜ MIRMIRE Nepali Movie Title Song 2082 ｜ Dayahang Rai, Prakash Saput, Srijana Ninglekhu.m4a","Mirmire Bho ｜ MIRMIRE Nepali Movie Title Song 2082 ｜ Dayahang Rai, Prakash Saput, Srijana Ninglekhu.m4a",osrdigital|mirmire bho,OSRDigital,"Mirmire Bho | MIRMIRE Nepali Movie Title Song 2082 | Dayahang Rai, Prakash Saput, Srijana Ninglekhu",weak,874,,,metadata_candidate
Mitho Kachi - Sajjan Saal Thi Viya.mp3,Mitho Kachi - Sajjan Saal Thi Viya.mp3,mitho kachi|sajjan saal thi viya,Mitho Kachi,Sajjan Saal Thi Viya,weak,1372,,,metadata_candidate
MITTRA DA SWAG ｜ PR Ked ｜ Dee Bob ｜ Dr.G ｜ Keshav RapRox ｜ #Onbeat Squad ｜ OFFICIAL VIDEO  ｜ 2K16.mp3,MITTRA DA SWAG ｜ PR Ked ｜ Dee Bob ｜ Dr.G ｜ Keshav RapRox ｜ #Onbeat Squad ｜ OFFICIAL VIDEO  ｜ 2K16.mp3,bella_lee|mittra da swag,☬ bella_lee ☬,MITTRA DA SWAG | PR Ked | Dee Bob | Dr.G | Keshav RapRox | #Onbeat Squad | OFFICIAL VIDEO  | 2K16,none,748,,,metadata_candidate
Mohammad Salman Khaskheli Hussaini feat. Mohammad Rizwan Hussaini - Sajjan Jo Milad.mp3,Mohammad Salman Khaskheli Hussaini feat. Mohammad Rizwan Hussaini - Sajjan Jo Milad.mp3,mohammad salman khaskheli hussaini feat mohammad rizwan hussaini|sajjan jo milad,Mohammad Salman Khaskheli Hussaini feat. Mohammad Rizwan Hussaini,Sajjan Jo Milad,none,168,,,metadata_candidate
Mohani Lagla Hai Lahure Ko Bolile.mp3,Mohani Lagla Hai Lahure Ko Bolile.mp3,klley don|mohani lagla hai lahure ko bolile,Klley Don,Mohani Lagla Hai Lahure Ko Bolile,weak,899,,,metadata_candidate
"Mona Galan, Nigma Sherpa, Tek Bhr, Chandra Waiba - PugneSaile.mp3","Mona Galan, Nigma Sherpa, Tek Bhr, Chandra Waiba - PugneSaile.mp3",mona galan nigma sherpa tek bhr chandra waiba|pugnesaile,"Mona Galan, Nigma Sherpa, Tek Bhr, Chandra Waiba",PugneSaile,none,422,,,metadata_candidate
Monkey temple nepal - Yesto kahile (v.24).mp3,Monkey temple nepal - Yesto kahile (v.24).mp3,monkey temple nepal|yesto kahile v 24,Monkey temple nepal,Yesto kahile (v.24),strong,52,52,,metadata_only
MONTA U AND I 🎤.m4a,MONTA U AND I 🎤.m4a,mc jamesy|monta u and i,MC Jamesy,MONTA U AND I 🎤,weak,392,,,metadata_candidate
Mp3 - 000 - Mudda Haldinchhu Yo Yo Durgesh Thapa.mp3,Mp3 - 000 - Mudda Haldinchhu Yo Yo Durgesh Thapa.mp3,basanta sunari|mp3 000 mudda haldinchhu yo yo durgesh thapa,Basanta Sunari,Mp3 - 000 - Mudda Haldinchhu Yo Yo Durgesh Thapa,weak,,,,no_lyrics
Muhammad Urs Chandio - Paaro Sajjan Jo Mitho Lage Tho.mp3,Muhammad Urs Chandio - Paaro Sajjan Jo Mitho Lage Tho.mp3,muhammad urs chandio|paaro sajjan jo mitho lage tho,Muhammad Urs Chandio,Paaro Sajjan Jo Mitho Lage Tho,weak,1006,,,metadata_candidate
Mujh Ko Peena Hai Peene Do - Phool Aur Angaar.m4a,Mujh Ko Peena Hai Peene Do - Phool Aur Angaar.m4a,dj soumen|mujh ko peena hai peene do phool aur angaar,Dj Soumen,Mujh Ko Peena Hai Peene Do - Phool Aur Angaar,weak,3465,,,metadata_candidate
Mukesh Nepali - Nindiyo Na Aawe Mal Bina Rat Ke.mp3,Mukesh Nepali - Nindiyo Na Aawe Mal Bina Rat Ke.mp3,mukesh nepali|nindiyo na aawe mal bina rat ke,Mukesh Nepali,Nindiyo Na Aawe Mal Bina Rat Ke,none,565,,,metadata_candidate
Mukesh Nepali - Odani Pa Name Mahakal Ke.mp3,Mukesh Nepali - Odani Pa Name Mahakal Ke.mp3,mukesh nepali|odani pa name mahakal ke,Mukesh Nepali,Odani Pa Name Mahakal Ke,none,,,,no_lyrics
Mukesh Nepali - Pagali Ke Yaad Me.mp3,Mukesh Nepali - Pagali Ke Yaad Me.mp3,mukesh nepali|pagali ke yaad me,Mukesh Nepali,Pagali Ke Yaad Me,none,2330,,,metadata_candidate
Mukti And Revival - Basanta Udayo.mp3,Mukti And Revival - Basanta Udayo.mp3,mukti and revival|basanta udayo,Mukti And Revival,Basanta Udayo,strong,1626,1626,,metadata_only
Mukti And Revival - Basantapur.mp3,Mukti And Revival - Basantapur.mp3,mukti and revival|basantapur,Mukti And Revival,Basantapur,probable,1626,,,metadata_candidate
Mukti And Revival - Birano Raataima.mp3,Mukti And Revival - Birano Raataima.mp3,mukti and revival|birano raataima,Mukti And Revival,Birano Raataima,strong,1115,1115,,metadata_only
Mukti And Revival - Bujhai Deu.mp3,Mukti And Revival - Bujhai Deu.mp3,mukti and revival|bujhai deu,Mukti And Revival,Bujhai Deu,probable,3149,,,metadata_candidate
Mukti And Revival - Dui Char Dinko (La Hai Bari).mp3,Mukti And Revival - Dui Char Dinko (La Hai Bari).mp3,mukti and revival|dui char dinko la hai bari,Mukti And Revival,Dui Char Dinko (La Hai Bari),strong,840,840,,metadata_only
Mukti And Revival - Hera Na Hera Kanchi.mp3,Mukti And Revival - Hera Na Hera Kanchi.mp3,mukti and revival|hera na hera kanchi,Mukti And Revival,Hera Na Hera Kanchi,strong,1559,1559,,metadata_only
Mukti And Revival - Jindagiko Modma.mp3,Mukti And Revival - Jindagiko Modma.mp3,mukti and revival|jindagiko modma,Mukti And Revival,Jindagiko Modma,probable,3916,,,metadata_candidate
Mukti And Revival - Jiune Asha.mp3,Mukti And Revival - Jiune Asha.mp3,mukti and revival|jiune asha,Mukti And Revival,Jiune Asha,strong,3166,3166,,metadata_only
Mukti And Revival - Kati Kura.mp3,Mukti And Revival - Kati Kura.mp3,mukti and revival|kati kura,Mukti And Revival,Kati Kura,strong,2472,2472,,metadata_only
Mukti And Revival - Khushi Ka Pal.mp3,Mukti And Revival - Khushi Ka Pal.mp3,mukti and revival|khushi ka pal,Mukti And Revival,Khushi Ka Pal,probable,337,,,metadata_candidate
Mukti And Revival - Ma Sanga Roi Bascha.mp3,Mukti And Revival - Ma Sanga Roi Bascha.mp3,mukti and revival|ma sanga roi bascha,Mukti And Revival,Ma Sanga Roi Bascha,strong,3773,3773,,metadata_only
Mukti And Revival - Meri Mayalu.mp3,Mukti And Revival - Meri Mayalu.mp3,mukti and revival|meri mayalu,Mukti And Revival,Meri Mayalu,strong,1204,1204,,metadata_only
Mukti And Revival - Meri Meri Mayalu.mp3,Mukti And Revival - Meri Meri Mayalu.mp3,mukti and revival|meri meri mayalu,Mukti And Revival,Meri Meri Mayalu,strong,56,56,,metadata_only
Mukti And Revival - Nilo Aakash.mp3,Mukti And Revival - Nilo Aakash.mp3,mukti and revival|nilo aakash,Mukti And Revival,Nilo Aakash,strong,1205,1205,,metadata_only
Mukti And Revival - Rock N' Roll.mp3,Mukti And Revival - Rock N' Roll.mp3,mukti and revival|rock n roll,Mukti And Revival,Rock N' Roll,strong,952,952,,metadata_only
Mukti And Revival - Shiva Anthem.mp3,Mukti And Revival - Shiva Anthem.mp3,mukti and revival|shiva anthem,Mukti And Revival,Shiva Anthem,weak,1170,,,metadata_candidate
Mukti And Revival - Timi Nai Ho Jindagi.mp3,Mukti And Revival - Timi Nai Ho Jindagi.mp3,mukti and revival|timi nai ho jindagi,Mukti And Revival,Timi Nai Ho Jindagi,strong,752,752,,metadata_only
Mukti and Revival - Track 01.mp3,Mukti and Revival - Track 01.mp3,mukti and revival|track 01,Mukti and Revival,Track 01,weak,3782,,,metadata_candidate
Mukti and Revival - Track 03.mp3,Mukti and Revival - Track 03.mp3,mukti and revival|track 03,Mukti and Revival,Track 03,weak,3782,,,metadata_candidate
Mukti and Revival - Track 05.mp3,Mukti and Revival - Track 05.mp3,mukti and revival|track 05,Mukti and Revival,Track 05,weak,3782,,,metadata_candidate
Mukti and Revival - Track 06.mp3,Mukti and Revival - Track 06.mp3,mukti and revival|track 06,Mukti and Revival,Track 06,weak,3782,,,metadata_candidate
Mukti and Revival - Track 07.mp3,Mukti and Revival - Track 07.mp3,mukti and revival|track 07,Mukti and Revival,Track 07,weak,3782,,,metadata_candidate
Mukti and Revival - Track 08.mp3,Mukti and Revival - Track 08.mp3,mukti and revival|track 08,Mukti and Revival,Track 08,weak,3782,,,metadata_candidate
Mukti and Revival - Track 09.mp3,Mukti and Revival - Track 09.mp3,mukti and revival|track 09,Mukti and Revival,Track 09,weak,3782,,,metadata_candidate
Mukti And Revival - Wa Maya Wa.mp3,Mukti And Revival - Wa Maya Wa.mp3,mukti and revival|wa maya wa,Mukti And Revival,Wa Maya Wa,strong,526,526,,metadata_only
Munazir Husain Nepali - Noore Ramzan Noore Rahman.mp3,Munazir Husain Nepali - Noore Ramzan Noore Rahman.mp3,munazir husain nepali|noore ramzan noore rahman,Munazir Husain Nepali,Noore Ramzan Noore Rahman,none,,,,no_lyrics
Munna Nepali - 2020 Ke Dilet Kari Na Ji.mp3,Munna Nepali - 2020 Ke Dilet Kari Na Ji.mp3,munna nepali|ke dilet kari na ji,Munna Nepali,2020 Ke Dilet Kari Na Ji,none,195,,,metadata_candidate
Munna Nepali - Ab Na Lagaib Kajarawa.mp3,Munna Nepali - Ab Na Lagaib Kajarawa.mp3,munna nepali|ab na lagaib kajarawa,Munna Nepali,Ab Na Lagaib Kajarawa,none,,,,no_lyrics
Munna Nepali - Ban Jabhoa Hamar.mp3,Munna Nepali - Ban Jabhoa Hamar.mp3,munna nepali|ban jabhoa hamar,Munna Nepali,Ban Jabhoa Hamar,weak,3593,,,metadata_candidate
Munna Nepali - Chape Sletar Dhake Hamaro Bhatar.mp3,Munna Nepali - Chape Sletar Dhake Hamaro Bhatar.mp3,munna nepali|chape sletar dhake hamaro bhatar,Munna Nepali,Chape Sletar Dhake Hamaro Bhatar,none,3260,,,metadata_candidate
Munna Nepali - Holiya Me Baigan Chalawta Kam.mp3,Munna Nepali - Holiya Me Baigan Chalawta Kam.mp3,munna nepali|holiya me baigan chalawta kam,Munna Nepali,Holiya Me Baigan Chalawta Kam,none,1697,,,metadata_candidate
Munna Nepali - Holiya Me Maja Le Le Hole Hole.mp3,Munna Nepali - Holiya Me Maja Le Le Hole Hole.mp3,munna nepali|holiya me maja le le hole hole,Munna Nepali,Holiya Me Maja Le Le Hole Hole,weak,3420,,,metadata_candidate
Munna Nepali - Lalki Chunariya Chadhe Lagal.mp3,Munna Nepali - Lalki Chunariya Chadhe Lagal.mp3,munna nepali|lalki chunariya chadhe lagal,Munna Nepali,Lalki Chunariya Chadhe Lagal,weak,2853,,,metadata_candidate
Munna Nepali - Mangani Khana Ta Marel Biya Saat Barni.mp3,Munna Nepali - Mangani Khana Ta Marel Biya Saat Barni.mp3,munna nepali|mangani khana ta marel biya saat barni,Munna Nepali,Mangani Khana Ta Marel Biya Saat Barni,none,,,,no_lyrics
Munna Nepali - Mare Bhatara Upara Se Humach Ke.mp3,Munna Nepali - Mare Bhatara Upara Se Humach Ke.mp3,munna nepali|mare bhatara upara se humach ke,Munna Nepali,Mare Bhatara Upara Se Humach Ke,none,,,,no_lyrics
Munna Nepali - Sun Draiver Mor Balamuwa.mp3,Munna Nepali - Sun Draiver Mor Balamuwa.mp3,munna nepali|sun draiver mor balamuwa,Munna Nepali,Sun Draiver Mor Balamuwa,none,1892,,,metadata_candidate
MUSIC P & RY.AN - Sherpa.mp3,MUSIC P & RY.AN - Sherpa.mp3,music p ry an|sherpa,MUSIC P & RY.AN,Sherpa,weak,1339,,,metadata_candidate
"Muskurayera ｜ JANAI HARAYEKO MANCHHE Movie Official Song 2025 ｜ Bijay Baral, Miruna Magar ｜ Prashant.m4a","Muskurayera ｜ JANAI HARAYEKO MANCHHE Movie Official Song 2025 ｜ Bijay Baral, Miruna Magar ｜ Prashant.m4a",osrdigital|muskurayera,OSRDigital,"Muskurayera | JANAI HARAYEKO MANCHHE Movie Official Song 2025 | Bijay Baral, Miruna Magar | Prashant",weak,3552,,,metadata_candidate
Mustange Nani - Bishwo Dong ｜ Tamang Selo ｜ New Nepali Song ｜ Official Music Video.m4a,Mustange Nani - Bishwo Dong ｜ Tamang Selo ｜ New Nepali Song ｜ Official Music Video.m4a,s2 production|mustange nani bishwo dong,S2 PRODUCTION,Mustange Nani - Bishwo Dong | Tamang Selo | New Nepali Song | Official Music Video,none,,,,no_lyrics
Musukkai Hasana - Lau Pirati Gasana Basanta Thapa Samikshya Adhikari Sunil Chhetri New Lok Dohori.m4a,Musukkai Hasana - Lau Pirati Gasana Basanta Thapa Samikshya Adhikari Sunil Chhetri New Lok Dohori.m4a,smita sneha entertainment|musukkai hasana lau pirati gasana basanta thapa samikshya adhikari sunil chhetri new lok dohori,Smita Sneha Entertainment,Musukkai Hasana - Lau Pirati Gasana Basanta Thapa Samikshya Adhikari Sunil Chhetri New Lok Dohori,weak,1626,,,metadata_candidate
Mutu Chhame Thahahola Salaijo by Raju Gurung & Kalpana Gurung www.freenepalisong.com.mp3,Mutu Chhame Thahahola Salaijo by Raju Gurung & Kalpana Gurung www.freenepalisong.com.mp3,archive org|mutu chhame thahahola salaijo by raju gurung kalpana gurung,archive.org,Mutu Chhame Thahahola Salaijo by Raju Gurung & Kalpana Gurung www.freenepalisong.com,weak,2471,,,metadata_candidate
Mutu Chhame Thahahola Salaijo by Raju Gurung & Kalpana Gurung.ogg,Mutu Chhame Thahahola Salaijo by Raju Gurung & Kalpana Gurung.ogg,archive org|mutu chhame thahahola salaijo by raju gurung kalpana gurung,archive.org,Mutu Chhame Thahahola Salaijo by Raju Gurung & Kalpana Gurung,weak,2471,,,metadata_candidate
"Muya Rani ｜｜ Ram Chandra Kafle, Deepika Bayambu Magar, Kamal Sharma Acharya ｜｜ Ft. Suresh, Ashwini.m4a","Muya Rani ｜｜ Ram Chandra Kafle, Deepika Bayambu Magar, Kamal Sharma Acharya ｜｜ Ft. Suresh, Ashwini.m4a",osrdigital|muya rani,OSRDigital,"Muya Rani || Ram Chandra Kafle, Deepika Bayambu Magar, Kamal Sharma Acharya || Ft. Suresh, Ashwini",weak,1711,,,metadata_candidate
MY LOST REALITY (Freestyle) ｜ A tribute to Yama Buddha ｜ Live in studios with Gagan Singh.m4a,MY LOST REALITY (Freestyle) ｜ A tribute to Yama Buddha ｜ Live in studios with Gagan Singh.m4a,gagan singh|my lost reality freestyle,Gagan Singh,MY LOST REALITY (Freestyle) | A tribute to Yama Buddha | Live in studios with Gagan Singh,weak,2297,,,metadata_candidate
My Pledge.mp3,My Pledge.mp3,society of ksitigarbha studies usa|my pledge,"Society of Ksitigarbha Studies, USA",My Pledge,none,,,,no_lyrics
Naam Kamaunu Xa - New Nepali Rap Song 2017.m4a,Naam Kamaunu Xa - New Nepali Rap Song 2017.m4a,silver tips|naam kamaunu xa new,Silver Tips,Naam Kamaunu Xa - New Nepali Rap Song 2017,none,3830,,,metadata_candidate
Naasa Maitighar cover.mp3,Naasa Maitighar cover.mp3,naasa band nepal|naasa maitighar,Naasa: Band Nepal,Naasa Maitighar cover,none,1156,,,metadata_candidate
Nabin K Bhattarai - Aai Aai Ya.mp3,Nabin K Bhattarai - Aai Aai Ya.mp3,nabin k bhattarai|aai aai ya,Nabin K Bhattarai,Aai Aai Ya,weak,370,,A-e14657dcf0,new_lyrics
Nabin K Bhattarai - Aankhama Timi Lai.mp3,Nabin K Bhattarai - Aankhama Timi Lai.mp3,nabin k bhattarai|aankhama timi lai,Nabin K Bhattarai,Aankhama Timi Lai,strong,752,752,,metadata_only
Nabin K Bhattarai - Aankhama.mp3,Nabin K Bhattarai - Aankhama.mp3,nabin k bhattarai|aankhama,Nabin K Bhattarai,Aankhama,strong,2964,2964,,metadata_only
Nabin K Bhattarai - Bachnalai Sandhai.mp3,Nabin K Bhattarai - Bachnalai Sandhai.mp3,nabin k bhattarai|bachnalai sandhai,Nabin K Bhattarai,Bachnalai Sandhai,weak,132,,,metadata_candidate
Nabin K Bhattarai - Bajauda Bajaudai.mp3,Nabin K Bhattarai - Bajauda Bajaudai.mp3,nabin k bhattarai|bajauda bajaudai,Nabin K Bhattarai,Bajauda Bajaudai,weak,502,,A-3470378713,new_lyrics
Nabin K Bhattarai - Bajaunda Bajaunda.mp3,Nabin K Bhattarai - Bajaunda Bajaunda.mp3,nabin k bhattarai|bajaunda bajaunda,Nabin K Bhattarai,Bajaunda Bajaunda,weak,1905,,A-5e16a95d25,new_lyrics
Nabin K Bhattarai - Banchnalai Sadhain.mp3,Nabin K Bhattarai - Banchnalai Sadhain.mp3,nabin k bhattarai|banchnalai sadhain,Nabin K Bhattarai,Banchnalai Sadhain,weak,2021,,,metadata_candidate
Nabin K Bhattarai - Bhetna Man Lagyo.mp3,Nabin K Bhattarai - Bhetna Man Lagyo.mp3,nabin k bhattarai|bhetna man lagyo,Nabin K Bhattarai,Bhetna Man Lagyo,weak,986,,A-da1ba0bebc,new_lyrics
Nabin K Bhattarai - Bhijeko Najarle.mp3,Nabin K Bhattarai - Bhijeko Najarle.mp3,nabin k bhattarai|bhijeko najarle,Nabin K Bhattarai,Bhijeko Najarle,weak,3444,,A-010d90e933,new_lyrics
Nabin K Bhattarai - Bhujeko Najar.mp3,Nabin K Bhattarai - Bhujeko Najar.mp3,nabin k bhattarai|bhujeko najar,Nabin K Bhattarai,Bhujeko Najar,weak,1521,,A-a7bb5c3c3e,new_lyrics
Nabin K Bhattarai - Bihani Kiran.mp3,Nabin K Bhattarai - Bihani Kiran.mp3,nabin k bhattarai|bihani kiran,Nabin K Bhattarai,Bihani Kiran,weak,2132,2132,,lyrics_confirmed
Nabin K Bhattarai - Biteka Ti Pal Haru.mp3,Nabin K Bhattarai - Biteka Ti Pal Haru.mp3,nabin k bhattarai|biteka ti pal haru,Nabin K Bhattarai,Biteka Ti Pal Haru,weak,3927,,A-d88b0a27ea,new_lyrics
Nabin K Bhattarai - Chahana Hoina.mp3,Nabin K Bhattarai - Chahana Hoina.mp3,nabin k bhattarai|chahana hoina,Nabin K Bhattarai,Chahana Hoina,strong,2921,2921,,metadata_only
Nabin K Bhattarai - Chhaina Joon Kina.mp3,Nabin K Bhattarai - Chhaina Joon Kina.mp3,nabin k bhattarai|chhaina joon kina,Nabin K Bhattarai,Chhaina Joon Kina,strong,194,194,,metadata_only
Nabin K Bhattarai - Darr Na Mannu.mp3,Nabin K Bhattarai - Darr Na Mannu.mp3,nabin k bhattarai|darr na mannu,Nabin K Bhattarai,Darr Na Mannu,weak,206,,A-b09876f401,new_lyrics
Nabin K Bhattarai - Dherai Dherai.mp3,Nabin K Bhattarai - Dherai Dherai.mp3,nabin k bhattarai|dherai dherai,Nabin K Bhattarai,Dherai Dherai,strong,2061,2061,,metadata_only
Nabin k Bhattarai - Din bityo hera.mp3,Nabin k Bhattarai - Din bityo hera.mp3,nabin k bhattarai|din bityo hera,Nabin k Bhattarai,Din bityo hera,strong,419,419,,metadata_only
Nabin K Bhattarai - Din Hos Ya Raat.mp3,Nabin K Bhattarai - Din Hos Ya Raat.mp3,nabin k bhattarai|din hos ya raat,Nabin K Bhattarai,Din Hos Ya Raat,strong,419,419,,metadata_only
Nabin K Bhattarai - Eakantama.mp3,Nabin K Bhattarai - Eakantama.mp3,nabin k bhattarai|eakantama,Nabin K Bhattarai,Eakantama,strong,1693,1693,,metadata_only
Nabin K Bhattarai - G Major.mp3,Nabin K Bhattarai - G Major.mp3,nabin k bhattarai|g major,Nabin K Bhattarai,G Major,weak,,2130,,lyrics_ambiguous_linked
Nabin K Bhattarai - Har Din Kasaiko.mp3,Nabin K Bhattarai - Har Din Kasaiko.mp3,nabin k bhattarai|har din kasaiko,Nabin K Bhattarai,Har Din Kasaiko,strong,419,419,,metadata_only
Nabin K Bhattarai - Har Ghadi Jiskirahanchhu.mp3,Nabin K Bhattarai - Har Ghadi Jiskirahanchhu.mp3,nabin k bhattarai|har ghadi jiskirahanchhu,Nabin K Bhattarai,Har Ghadi Jiskirahanchhu,strong,1979,1979,,metadata_only
Nabin K Bhattarai - Har Ghadi Jiskirahanchu (2).mp3,Nabin K Bhattarai - Har Ghadi Jiskirahanchu (2).mp3,nabin k bhattarai|har ghadi jiskirahanchu,Nabin K Bhattarai,Har Ghadi Jiskirahanchu,strong,1979,1979,,metadata_only
Nabin K Bhattarai - Jalnu Jati.mp3,Nabin K Bhattarai - Jalnu Jati.mp3,nabin k bhattarai|jalnu jati,Nabin K Bhattarai,Jalnu Jati,weak,1433,,,metadata_candidate
Nabin K Bhattarai - Je Bho.mp3,Nabin K Bhattarai - Je Bho.mp3,nabin k bhattarai|je bho,Nabin K Bhattarai,Je Bho,weak,1210,,,metadata_candidate
Nabin K Bhattarai - Jeevanma Khusi.mp3,Nabin K Bhattarai - Jeevanma Khusi.mp3,nabin k bhattarai|jeevanma khusi,Nabin K Bhattarai,Jeevanma Khusi,weak,500,,A-e173d35eaa,new_lyrics
Nabin K Bhattarai - Jindagi Bageko Khola.mp3,Nabin K Bhattarai - Jindagi Bageko Khola.mp3,nabin k bhattarai|jindagi bageko khola,Nabin K Bhattarai,Jindagi Bageko Khola,probable,85,,A-325cdea66a,new_lyrics
Nabin K Bhattarai - Kamana.mp3,Nabin K Bhattarai - Kamana.mp3,nabin k bhattarai|kamana,Nabin K Bhattarai,Kamana,probable,4029,,,metadata_candidate
Nabin K Bhattarai - Kasto Rahecha Bato.mp3,Nabin K Bhattarai - Kasto Rahecha Bato.mp3,nabin k bhattarai|kasto rahecha bato,Nabin K Bhattarai,Kasto Rahecha Bato,probable,1017,,,metadata_candidate
Nabin K Bhattarai - Khushi Umanga (2).mp3,Nabin K Bhattarai - Khushi Umanga (2).mp3,nabin k bhattarai|khushi umanga,Nabin K Bhattarai,Khushi Umanga,weak,4159,,,metadata_candidate
Nabin k Bhattarai - Ma maya laudina.mp3,Nabin k Bhattarai - Ma maya laudina.mp3,nabin k bhattarai|ma maya laudina,Nabin k Bhattarai,Ma maya laudina,strong,2138,2138,,metadata_only
Nabin K Bhattarai - Ma Roun Kasari.mp3,Nabin K Bhattarai - Ma Roun Kasari.mp3,nabin k bhattarai|ma roun kasari,Nabin K Bhattarai,Ma Roun Kasari,strong,3773,3773,,metadata_only
Nabin K Bhattarai - Ma Ta Jiudai Chu.mp3,Nabin K Bhattarai - Ma Ta Jiudai Chu.mp3,nabin k bhattarai|ma ta jiudai chu,Nabin K Bhattarai,Ma Ta Jiudai Chu,strong,3773,3773,,metadata_only
Nabin K Bhattarai - Maila Timilai Chahera.mp3,Nabin K Bhattarai - Maila Timilai Chahera.mp3,nabin k bhattarai|maila timilai chahera,Nabin K Bhattarai,Maila Timilai Chahera,strong,1555,1555,,metadata_only
Nabin K Bhattarai - Mayako Kura.mp3,Nabin K Bhattarai - Mayako Kura.mp3,nabin k bhattarai|mayako kura,Nabin K Bhattarai,Mayako Kura,strong,2472,2472,,metadata_only
Nabin K Bhattarai - Mayako Teko.mp3,Nabin K Bhattarai - Mayako Teko.mp3,nabin k bhattarai|mayako teko,Nabin K Bhattarai,Mayako Teko,weak,136,,,metadata_candidate
Nabin K Bhattarai - Mero Lagi.mp3,Nabin K Bhattarai - Mero Lagi.mp3,nabin k bhattarai|mero lagi,Nabin K Bhattarai,Mero Lagi,strong,948,948,,metadata_only
Nabin K Bhattarai - Mero Saath.mp3,Nabin K Bhattarai - Mero Saath.mp3,nabin k bhattarai|mero saath,Nabin K Bhattarai,Mero Saath,weak,3446,,,metadata_candidate
Nabin K Bhattarai - Pet Michi Michi.mp3,Nabin K Bhattarai - Pet Michi Michi.mp3,nabin k bhattarai|pet michi michi,Nabin K Bhattarai,Pet Michi Michi,weak,,,,no_lyrics
Nabin K Bhattarai - Preet Ka Geet.mp3,Nabin K Bhattarai - Preet Ka Geet.mp3,nabin k bhattarai|preet ka geet,Nabin K Bhattarai,Preet Ka Geet,weak,2449,,,metadata_candidate
Nabin k Bhattarai - Pritko geet.mp3,Nabin k Bhattarai - Pritko geet.mp3,nabin k bhattarai|pritko geet,Nabin k Bhattarai,Pritko geet,weak,2449,,,metadata_candidate
Nabin K Bhattarai - Raharai Raharama.mp3,Nabin K Bhattarai - Raharai Raharama.mp3,nabin k bhattarai|raharai raharama,Nabin K Bhattarai,Raharai Raharama,probable,2142,,,metadata_candidate
Nabin K Bhattarai - Raharai Raharma.mp3,Nabin K Bhattarai - Raharai Raharma.mp3,nabin k bhattarai|raharai raharma,Nabin K Bhattarai,Raharai Raharma,probable,2142,,,metadata_candidate
Nabin K Bhattarai - Rakhi Deu Hai.mp3,Nabin K Bhattarai - Rakhi Deu Hai.mp3,nabin k bhattarai|rakhi deu hai,Nabin K Bhattarai,Rakhi Deu Hai,weak,1639,,A-50238fbe99,new_lyrics
Nabin K Bhattarai - Rakhnu Galti.mp3,Nabin K Bhattarai - Rakhnu Galti.mp3,nabin k bhattarai|rakhnu galti,Nabin K Bhattarai,Rakhnu Galti,strong,893,893,,metadata_only
Nabin K Bhattarai - Rojeko Timilai.mp3,Nabin K Bhattarai - Rojeko Timilai.mp3,nabin k bhattarai|rojeko timilai,Nabin K Bhattarai,Rojeko Timilai,strong,1555,1555,,metadata_only
Nabin K Bhattarai - Saayad.mp3,Nabin K Bhattarai - Saayad.mp3,nabin k bhattarai|saayad,Nabin K Bhattarai,Saayad,strong,3778,3778,,metadata_only
Nabin K Bhattarai - Sabhya Chau Timi.mp3,Nabin K Bhattarai - Sabhya Chau Timi.mp3,nabin k bhattarai|sabhya chau timi,Nabin K Bhattarai,Sabhya Chau Timi,strong,752,752,,metadata_only
Nabin K Bhattarai - Sacho Kura.mp3,Nabin K Bhattarai - Sacho Kura.mp3,nabin k bhattarai|sacho kura,Nabin K Bhattarai,Sacho Kura,strong,2472,2472,,metadata_only
Nabin K Bhattarai - Sagarko Gahirai.mp3,Nabin K Bhattarai - Sagarko Gahirai.mp3,nabin k bhattarai|sagarko gahirai,Nabin K Bhattarai,Sagarko Gahirai,probable,3507,,,metadata_candidate
Nabin K Bhattarai - Samjhana Timro.mp3,Nabin K Bhattarai - Samjhana Timro.mp3,nabin k bhattarai|samjhana timro,Nabin K Bhattarai,Samjhana Timro,strong,903,903,,metadata_only
Nabin K Bhattarai - Sanjha Dhaldaichha.mp3,Nabin K Bhattarai - Sanjha Dhaldaichha.mp3,nabin k bhattarai|sanjha dhaldaichha,Nabin K Bhattarai,Sanjha Dhaldaichha,weak,2133,,A-996ac89b2d,new_lyrics
Nabin K Bhattarai - Timi Hau.mp3,Nabin K Bhattarai - Timi Hau.mp3,nabin k bhattarai|timi hau,Nabin K Bhattarai,Timi Hau,strong,140,140,,metadata_only
Nabin K Bhattarai - Timi Malai.mp3,Nabin K Bhattarai - Timi Malai.mp3,nabin k bhattarai|timi malai,Nabin K Bhattarai,Timi Malai,strong,113,113,,metadata_only
Nabin K Bhattarai - Timilai Bhetne.mp3,Nabin K Bhattarai - Timilai Bhetne.mp3,nabin k bhattarai|timilai bhetne,Nabin K Bhattarai,Timilai Bhetne,strong,1555,1555,,metadata_only
Nabin K Bhattarai - Timile Herda.mp3,Nabin K Bhattarai - Timile Herda.mp3,nabin k bhattarai|timile herda,Nabin K Bhattarai,Timile Herda,strong,2147,2147,,metadata_only
Nabin K Bhattarai - Timro Mayale.mp3,Nabin K Bhattarai - Timro Mayale.mp3,nabin k bhattarai|timro mayale,Nabin K Bhattarai,Timro Mayale,strong,1833,1833,,metadata_only
Nabin K Bhattarai - Timro Nasha.mp3,Nabin K Bhattarai - Timro Nasha.mp3,nabin k bhattarai|timro nasha,Nabin K Bhattarai,Timro Nasha,probable,906,,,metadata_candidate
Nabin K Bhattarai - Yaad Aauncha Timro.mp3,Nabin K Bhattarai - Yaad Aauncha Timro.mp3,nabin k bhattarai|yaad aauncha timro,Nabin K Bhattarai,Yaad Aauncha Timro,strong,907,907,,metadata_only
Nabin K Bhattarai - Yaad Le Timro.mp3,Nabin K Bhattarai - Yaad Le Timro.mp3,nabin k bhattarai|yaad le timro,Nabin K Bhattarai,Yaad Le Timro,strong,329,329,,metadata_only
Nabin k Bhattarai - yaddle timro malai satauchha.mp3,Nabin k Bhattarai - yaddle timro malai satauchha.mp3,nabin k bhattarai|yaddle timro malai satauchha,Nabin k Bhattarai,yaddle timro malai satauchha,probable,329,,,metadata_candidate
Nabin K Bhattarai - Yadi Maile Guitar.mp3,Nabin K Bhattarai - Yadi Maile Guitar.mp3,nabin k bhattarai|yadi maile guitar,Nabin K Bhattarai,Yadi Maile Guitar,weak,1139,,,metadata_candidate
Nabin K Bhattarai - Ye Jhari.mp3,Nabin K Bhattarai - Ye Jhari.mp3,nabin k bhattarai|ye jhari,Nabin K Bhattarai,Ye Jhari,strong,1985,1985,,metadata_only
Nabin k Bhattarai - Yeti Dherai Maya [Nabin K. Bha.mp3,Nabin k Bhattarai - Yeti Dherai Maya [Nabin K. Bha.mp3,nabin k bhattarai|yeti dherai maya nabin k bha,Nabin k Bhattarai,Yeti Dherai Maya [Nabin K. Bha,strong,526,526,,metadata_only
Nabin K Bhattarai - Yo Lamo Raat.mp3,Nabin K Bhattarai - Yo Lamo Raat.mp3,nabin k bhattarai|yo lamo raat,Nabin K Bhattarai,Yo Lamo Raat,strong,2152,2152,,metadata_only
"Nabin k Bhattarai, nepali song, nepal - Aaja pheri.mp3","Nabin k Bhattarai, nepali song, nepal - Aaja pheri.mp3",nabin k bhattarai nepal|aaja pheri,"Nabin k Bhattarai, nepali song, nepal",Aaja pheri,strong,144,144,,metadata_only
Nabin K. Bhattarai - Aankhama Herain.mp3,Nabin K. Bhattarai - Aankhama Herain.mp3,nabin k bhattarai|aankhama herain,Nabin K. Bhattarai,Aankhama Herain,strong,2964,2964,,metadata_only
Nabin K. Bhattarai - Badnam Bhayechhu Ma.mp3,Nabin K. Bhattarai - Badnam Bhayechhu Ma.mp3,nabin k bhattarai|badnam bhayechhu ma,Nabin K. Bhattarai,Badnam Bhayechhu Ma,strong,3773,3773,,metadata_only
Nabin K. Bhattarai - Biteka Pal.mp3,Nabin K. Bhattarai - Biteka Pal.mp3,nabin k bhattarai|biteka pal,Nabin K. Bhattarai,Biteka Pal,probable,139,,,metadata_candidate
Nabin K. Bhattarai - Dar Namannu.mp3,Nabin K. Bhattarai - Dar Namannu.mp3,nabin k bhattarai|dar namannu,Nabin K. Bhattarai,Dar Namannu,weak,1111,,,metadata_candidate
Nabin K. Bhattarai - Dobato.mp3,Nabin K. Bhattarai - Dobato.mp3,nabin k bhattarai|dobato,Nabin K. Bhattarai,Dobato,weak,2857,,A-ea64bd4105,new_lyrics
Nabin K. Bhattarai - Fikka Fikka Cha.mp3,Nabin K. Bhattarai - Fikka Fikka Cha.mp3,nabin k bhattarai|fikka fikka cha,Nabin K. Bhattarai,Fikka Fikka Cha,weak,2109,,,metadata_candidate
Nabin K. Bhattarai - Joonma Hunchhou Timi.mp3,Nabin K. Bhattarai - Joonma Hunchhou Timi.mp3,nabin k bhattarai|joonma hunchhou timi,Nabin K. Bhattarai,Joonma Hunchhou Timi,strong,752,752,,metadata_only
Nabin K. Bhattarai - Khushiyali Ajhaie.mp3,Nabin K. Bhattarai - Khushiyali Ajhaie.mp3,nabin k bhattarai|khushiyali ajhaie,Nabin K. Bhattarai,Khushiyali Ajhaie,weak,4050,,A-50cf4932fb,new_lyrics
Nabin K. Bhattarai - Ma Maya Laundina.mp3,Nabin K. Bhattarai - Ma Maya Laundina.mp3,nabin k bhattarai|ma maya laundina,Nabin K. Bhattarai,Ma Maya Laundina,strong,12,12,,metadata_only
Nabin K. Bhattarai - Maun Hunchhu Timilai Dekhada.mp3,Nabin K. Bhattarai - Maun Hunchhu Timilai Dekhada.mp3,nabin k bhattarai|maun hunchhu timilai dekhada,Nabin K. Bhattarai,Maun Hunchhu Timilai Dekhada,strong,1555,1555,,metadata_only
Nabin K. Bhattarai - Mero Kathmandu (2).mp3,Nabin K. Bhattarai - Mero Kathmandu (2).mp3,nabin k bhattarai|mero kathmandu,Nabin K. Bhattarai,Mero Kathmandu,strong,880,880,,metadata_only
Nabin K. Bhattarai - Million Faces (2).mp3,Nabin K. Bhattarai - Million Faces (2).mp3,nabin k bhattarai|million faces,Nabin K. Bhattarai,Million Faces,weak,,,,new_lyrics_non_nepali
Nabin K. Bhattarai - Prayatna.mp3,Nabin K. Bhattarai - Prayatna.mp3,nabin k bhattarai|prayatna,Nabin K. Bhattarai,Prayatna,probable,402,,,metadata_candidate
Nabin K. Bhattarai - Pritka.mp3,Nabin K. Bhattarai - Pritka.mp3,nabin k bhattarai|pritka,Nabin K. Bhattarai,Pritka,weak,1043,,,metadata_candidate
Nabin K. Bhattarai - Raat Bityo.mp3,Nabin K. Bhattarai - Raat Bityo.mp3,nabin k bhattarai|raat bityo,Nabin K. Bhattarai,Raat Bityo,strong,2141,2141,,metadata_only
Nabin K. Bhattarai - Ramjham Shanjhama.mp3,Nabin K. Bhattarai - Ramjham Shanjhama.mp3,nabin k bhattarai|ramjham shanjhama,Nabin K. Bhattarai,Ramjham Shanjhama,weak,2144,,,metadata_candidate
Nabin K. Bhattarai - Tan Diye Mann Diye.mp3,Nabin K. Bhattarai - Tan Diye Mann Diye.mp3,nabin k bhattarai|tan diye mann diye,Nabin K. Bhattarai,Tan Diye Mann Diye,strong,772,772,,metadata_only
Nabin K. Bhattarai - Yedi Maile Guitar.mp3,Nabin K. Bhattarai - Yedi Maile Guitar.mp3,nabin k bhattarai|yedi maile guitar,Nabin K. Bhattarai,Yedi Maile Guitar,strong,2539,2539,,metadata_only
NACHA FIRIRI ｜｜ Mahesh Kafle Ft. Melina Rai ｜｜ Nischal Basnet ｜｜ Swastima Khadka ｜｜ Kristal Klaws.m4a,NACHA FIRIRI ｜｜ Mahesh Kafle Ft. Melina Rai ｜｜ Nischal Basnet ｜｜ Swastima Khadka ｜｜ Kristal Klaws.m4a,g21 digital|nacha firiri,G21 Digital,NACHA FIRIRI || Mahesh Kafle Ft. Melina Rai || Nischal Basnet || Swastima Khadka || Kristal Klaws,weak,1897,,,metadata_candidate
"Nachauna Bari Lai (Teej Song 2083) ｜｜ AKSHARA Nepali Movie ｜｜ Nancy Khadka, Rista Basnet, Samikshya.m4a","Nachauna Bari Lai (Teej Song 2083) ｜｜ AKSHARA Nepali Movie ｜｜ Nancy Khadka, Rista Basnet, Samikshya.m4a",osrdigital|nachauna bari lai teej song,OSRDigital,"Nachauna Bari Lai (Teej Song 2083) || AKSHARA Nepali Movie || Nancy Khadka, Rista Basnet, Samikshya",weak,1746,,,metadata_candidate
NACHCHHU RODHI GHARAI MA ｜｜ New Nepali Song ｜｜ RAJESH HAMAL KARISHMA MANANDHAR ｜｜ PRATIKSHYA GURUNG.m4a,NACHCHHU RODHI GHARAI MA ｜｜ New Nepali Song ｜｜ RAJESH HAMAL KARISHMA MANANDHAR ｜｜ PRATIKSHYA GURUNG.m4a,osrdigital|nachchhu rodhi gharai ma,OSRDigital,NACHCHHU RODHI GHARAI MA || New Nepali Song || RAJESH HAMAL KARISHMA MANANDHAR || PRATIKSHYA GURUNG,weak,3773,,,metadata_candidate
"Nachheki De Ye Badal ｜｜ Ft. Razani KC, Sonam Tamang｜｜ Pramod Kumar Pariyar ｜｜ Nepali Song 2026.m4a","Nachheki De Ye Badal ｜｜ Ft. Razani KC, Sonam Tamang｜｜ Pramod Kumar Pariyar ｜｜ Nepali Song 2026.m4a",osrdigital|nachheki de ye badal,OSRDigital,"Nachheki De Ye Badal || Ft. Razani KC, Sonam Tamang|| Pramod Kumar Pariyar || Nepali Song 2026",weak,3589,,,metadata_candidate
nachnu ama nachnu new teej song vocaal deepu magar and renu rana magar sabda deepu magar sangeet risi khadka utpadak gor.mp3,nachnu ama nachnu new teej song vocaal deepu magar and renu rana magar sabda deepu magar sangeet risi khadka utpadak gor.mp3,archive org|nachnu ama nachnu new teej song vocaal deepu magar and renu rana magar sabda deepu magar sangeet risi khadka utpadak gorkha chautari,archive.org,nachnu ama nachnu new teej song vocaal deepu magar and renu rana magar sabda deepu magar sangeet risi khadka utpadak gorkha chautari www.freenepalisong.com,weak,2746,,,metadata_candidate
nachnu ama nachnu new teej song vocaal deepu magar and renu rana magar sabda deepu magar sangeet risi khadka utpadak gor.ogg,nachnu ama nachnu new teej song vocaal deepu magar and renu rana magar sabda deepu magar sangeet risi khadka utpadak gor.ogg,archive org|nachnu ama nachnu new teej song vocaal deepu magar and renu rana magar sabda deepu magar sangeet risi khadka utpadak gorkha chautari,archive.org,nachnu ama nachnu new teej song vocaal deepu magar and renu rana magar sabda deepu magar sangeet risi khadka utpadak gorkha chautari,weak,2746,,,metadata_candidate
Nadeem Haider - Changa Sajjan.mp3,Nadeem Haider - Changa Sajjan.mp3,nadeem haider|changa sajjan,Nadeem Haider,Changa Sajjan,weak,1286,,,metadata_candidate
Nagpuri Songs Jharkhand 2015 ｜ Sun Ge Budhi Mama ｜ Hamar Bahu Khoj De ｜ Nagpuri Khortha Songs.m4a,Nagpuri Songs Jharkhand 2015 ｜ Sun Ge Budhi Mama ｜ Hamar Bahu Khoj De ｜ Nagpuri Khortha Songs.m4a,rdc nagpuri|nagpuri songs jharkhand,RDC Nagpuri,Nagpuri Songs Jharkhand 2015 | Sun Ge Budhi Mama | Hamar Bahu Khoj De | Nagpuri Khortha Songs,none,,,,no_lyrics
Nai malai tehi kt--- prakash poudel-nepali rap song (buy=free download).m4a,Nai malai tehi kt--- prakash poudel-nepali rap song (buy=free download).m4a,omioso|nai malai tehi kt prakash poudel buy,OMIOSO,Nai malai tehi kt--- prakash poudel-nepali rap song (buy=free download),weak,35,,,metadata_candidate
Nakkali Nani - Rajesh Lama Feat. Mala LimbuNew Nepali Pop Song.mp3,Nakkali Nani - Rajesh Lama Feat. Mala LimbuNew Nepali Pop Song.mp3,nakkali nani|rajesh lama feat mala limbunew nepali pop song,Nakkali Nani,Rajesh Lama Feat. Mala LimbuNew Nepali Pop Song,weak,207,,,metadata_candidate
Namana Laaj Yastari ｜ Maitighar ｜ Mala Sinha ｜ Prem Dhoj Pradhan ｜ Jaydev ｜ Kiran Kharel ｜ CP Lohani.m4a,Namana Laaj Yastari ｜ Maitighar ｜ Mala Sinha ｜ Prem Dhoj Pradhan ｜ Jaydev ｜ Kiran Kharel ｜ CP Lohani.m4a,hitechentertainment|namana laaj yastari,HiTechEntertainment,Namana Laaj Yastari | Maitighar | Mala Sinha | Prem Dhoj Pradhan | Jaydev | Kiran Kharel | CP Lohani,weak,2690,,,metadata_candidate
Namana Laaja Yestari.......(Film Maitighar).m4a,Namana Laaja Yestari.......(Film Maitighar).m4a,karma t|namana laaja yestari film maitighar,Karma T.,Namana Laaja Yestari.......(Film Maitighar),probable,2690,,,metadata_candidate
Namana Laz Yasari.m4a,Namana Laz Yasari.m4a,premdhoj pradhan topic|namana laz yasari,Premdhoj Pradhan - Topic,Namana Laz Yasari,weak,2690,,,metadata_candidate
Nango Manchay - Fractal Sunrise (Original Mix).mp3,Nango Manchay - Fractal Sunrise (Original Mix).mp3,nango manchay|fractal sunrise original mix,Nango Manchay,Fractal Sunrise (Original Mix),none,,,,no_lyrics
Nar Bahadur Nepali - Kaha Jai Tho.mp3,Nar Bahadur Nepali - Kaha Jai Tho.mp3,nar bahadur nepali|kaha jai tho,Nar Bahadur Nepali,Kaha Jai Tho,weak,1696,,,metadata_candidate
"Nar Bahadur Nepali, Bindu Sharma - Oi Sajani.mp3","Nar Bahadur Nepali, Bindu Sharma - Oi Sajani.mp3",nar bahadur nepali bindu sharma|oi sajani,"Nar Bahadur Nepali, Bindu Sharma",Oi Sajani,probable,68,,,metadata_candidate
Narayan Gopal & Asha Bhosle - Pahad Ko Mathi Mat.mp3,Narayan Gopal & Asha Bhosle - Pahad Ko Mathi Mat.mp3,narayan gopal asha bhosle|pahad ko mathi mat,Narayan Gopal & Asha Bhosle,Pahad Ko Mathi Mat..,weak,2270,,,metadata_candidate
NARAYAN GOPAL 'TIMI DEU YA NADEU DUET' - नारायणगोपाल 'टिमिदेउयानदेउडुएट'.mp3,NARAYAN GOPAL 'TIMI DEU YA NADEU DUET' - नारायणगोपाल 'टिमिदेउयानदेउडुएट'.mp3,narayan gopal timi deu ya nadeu duet|नारायणगोपाल टिमिदेउयानदेउडुएट,NARAYAN GOPAL 'TIMI DEU YA NADEU DUET',नारायणगोपाल 'टिमिदेउयानदेउडुएट',weak,,,,no_lyrics
Narayan Gopal - Aaja Ra Rati.mp3,Narayan Gopal - Aaja Ra Rati.mp3,narayan gopal|aaja ra rati,Narayan Gopal,Aaja Ra Rati,strong,2159,2159,,metadata_only
Narayan Gopal - Aajabholi Harek Sanjha.mp3,Narayan Gopal - Aajabholi Harek Sanjha.mp3,narayan gopal|aajabholi harek sanjha,Narayan Gopal,Aajabholi Harek Sanjha,strong,2158,2158,,metadata_only
Narayan Gopal - Aakha Chopee Narou.mp3,Narayan Gopal - Aakha Chopee Narou.mp3,narayan gopal|aakha chopee narou,Narayan Gopal,Aakha Chopee Narou,weak,2163,,,metadata_candidate
Narayan Gopal - Aakha Judhe Ko Kati Bhyo.mp3,Narayan Gopal - Aakha Judhe Ko Kati Bhyo.mp3,narayan gopal|aakha judhe ko kati bhyo,Narayan Gopal,Aakha Judhe Ko Kati Bhyo,weak,1918,,,metadata_candidate
Narayan Gopal - Aakha Ma Aashu.mp3,Narayan Gopal - Aakha Ma Aashu.mp3,narayan gopal|aakha ma aashu,Narayan Gopal,Aakha Ma Aashu,strong,3773,3773,,metadata_only
Narayan Gopal - Aankha Chhopi Narou (2).mp3,Narayan Gopal - Aankha Chhopi Narou (2).mp3,narayan gopal|aankha chhopi narou,Narayan Gopal,Aankha Chhopi Narou,strong,2163,2163,,metadata_only
Narayan Gopal - Aankhako Bhaaka.mp3,Narayan Gopal - Aankhako Bhaaka.mp3,narayan gopal|aankhako bhaaka,Narayan Gopal,Aankhako Bhaaka,weak,588,,,metadata_candidate
Narayan Gopal - Badaliyo Aakash.mp3,Narayan Gopal - Badaliyo Aakash.mp3,narayan gopal|badaliyo aakash,Narayan Gopal,Badaliyo Aakash,strong,1937,1937,,metadata_only
Narayan Gopal - Biratako Chino (2).mp3,Narayan Gopal - Biratako Chino (2).mp3,narayan gopal|biratako chino,Narayan Gopal,Biratako Chino,strong,2172,2172,,metadata_only
Narayan Gopal - Birsera Feri Malaai.mp3,Narayan Gopal - Birsera Feri Malaai.mp3,narayan gopal|birsera feri malaai,Narayan Gopal,Birsera Feri Malaai,probable,145,,,metadata_candidate
Narayan Gopal - Birsera Feri Malaya.mp3,Narayan Gopal - Birsera Feri Malaya.mp3,narayan gopal|birsera feri malaya,Narayan Gopal,Birsera Feri Malaya,weak,145,,,metadata_candidate
Narayan Gopal - Chhekera Chhekinan.mp3,Narayan Gopal - Chhekera Chhekinan.mp3,narayan gopal|chhekera chhekinan,Narayan Gopal,Chhekera Chhekinan,weak,3850,,,metadata_candidate
Narayan Gopal - Chhori Ko Janma.mp3,Narayan Gopal - Chhori Ko Janma.mp3,narayan gopal|chhori ko janma,Narayan Gopal,Chhori Ko Janma,weak,199,,,metadata_candidate
Narayan Gopal - Chinari Hamro.mp3,Narayan Gopal - Chinari Hamro.mp3,narayan gopal|chinari hamro,Narayan Gopal,Chinari Hamro,strong,2173,2173,,metadata_only
Narayan Gopal - Dueta Phul Deuralima.mp3,Narayan Gopal - Dueta Phul Deuralima.mp3,narayan gopal|dueta phul deuralima,Narayan Gopal,Dueta Phul Deuralima,weak,2175,2175,,lyrics_confirmed
Narayan Gopal - Duita Phool Deurali Ma.mp3,Narayan Gopal - Duita Phool Deurali Ma.mp3,narayan gopal|duita phool deurali ma,Narayan Gopal,Duita Phool Deurali Ma,strong,2175,2175,,metadata_only
Narayan Gopal - Eauta Manchheko (2).mp3,Narayan Gopal - Eauta Manchheko (2).mp3,narayan gopal|eauta manchheko,Narayan Gopal,Eauta Manchheko,strong,2259,2259,,metadata_only
Narayan Gopal - Euta Manchhe Ko Mayale.mp3,Narayan Gopal - Euta Manchhe Ko Mayale.mp3,narayan gopal|euta manchhe ko mayale,Narayan Gopal,Euta Manchhe Ko Mayale,probable,2272,2259,,lyrics_ambiguous_linked
Narayan Gopal - Euta Manchheko Maya.mp3,Narayan Gopal - Euta Manchheko Maya.mp3,narayan gopal|euta manchheko maya,Narayan Gopal,Euta Manchheko Maya,strong,526,526,,metadata_only
Narayan Gopal - Gahirai Ma Dubdai Naduba.mp3,Narayan Gopal - Gahirai Ma Dubdai Naduba.mp3,narayan gopal|gahirai ma dubdai naduba,Narayan Gopal,Gahirai Ma Dubdai Naduba,strong,3773,3773,,metadata_only
Narayan Gopal - Galti Hajar.mp3,Narayan Gopal - Galti Hajar.mp3,narayan gopal|galti hajar,Narayan Gopal,Galti Hajar,strong,2179,2179,,metadata_only
Narayan Gopal - Janmera Kokhama.mp3,Narayan Gopal - Janmera Kokhama.mp3,narayan gopal|janmera kokhama,Narayan Gopal,Janmera Kokhama,weak,1135,,A-e34710ecf0,new_lyrics
NARAYAN GOPAL - JEEVAN KO HAREK MOD MA.mp3,NARAYAN GOPAL - JEEVAN KO HAREK MOD MA.mp3,narayan gopal|jeevan ko harek mod ma,NARAYAN GOPAL,JEEVAN KO HAREK MOD MA,strong,1155,1155,,metadata_only
Narayan Gopal - Jhareko Paatjhain.mp3,Narayan Gopal - Jhareko Paatjhain.mp3,narayan gopal|jhareko paatjhain,Narayan Gopal,Jhareko Paatjhain,strong,2182,2182,,metadata_only
Narayan Gopal - Jharyo Gindagi.mp3,Narayan Gopal - Jharyo Gindagi.mp3,narayan gopal|jharyo gindagi,Narayan Gopal,Jharyo Gindagi,strong,2184,2184,,metadata_only
Narayan Gopal - Jharyo Jindagi.mp3,Narayan Gopal - Jharyo Jindagi.mp3,narayan gopal|jharyo jindagi,Narayan Gopal,Jharyo Jindagi,strong,2184,2184,,metadata_only
Narayan Gopal - Jun Phool Maile.mp3,Narayan Gopal - Jun Phool Maile.mp3,narayan gopal|jun phool maile,Narayan Gopal,Jun Phool Maile,strong,2186,2186,,metadata_only
Narayan Gopal - Kahile Kahin Ma.mp3,Narayan Gopal - Kahile Kahin Ma.mp3,narayan gopal|kahile kahin ma,Narayan Gopal,Kahile Kahin Ma,strong,52,52,,metadata_only
Narayan Gopal - Kasari Ma Bhule.mp3,Narayan Gopal - Kasari Ma Bhule.mp3,narayan gopal|kasari ma bhule,Narayan Gopal,Kasari Ma Bhule,strong,2188,2188,,metadata_only
Narayan Gopal - Kehi Metho Bat Gara.mp3,Narayan Gopal - Kehi Metho Bat Gara.mp3,narayan gopal|kehi metho bat gara,Narayan Gopal,Kehi Metho Bat Gara,strong,2192,2192,,metadata_only
Narayan Gopal - Kehi Mitho Baat Gara (2).mp3,Narayan Gopal - Kehi Mitho Baat Gara (2).mp3,narayan gopal|kehi mitho baat gara,Narayan Gopal,Kehi Mitho Baat Gara,strong,2192,2192,,metadata_only
Narayan Gopal - Kehi Mitho Batagara.mp3,Narayan Gopal - Kehi Mitho Batagara.mp3,narayan gopal|kehi mitho batagara,Narayan Gopal,Kehi Mitho Batagara,strong,1006,1006,,metadata_only
Narayan Gopal - Kulchera Gayau Sara.mp3,Narayan Gopal - Kulchera Gayau Sara.mp3,narayan gopal|kulchera gayau sara,Narayan Gopal,Kulchera Gayau Sara,weak,,,A-ffcdb31c28,new_lyrics
Narayan Gopal - Lau Suna Ma Bhanchhu.mp3,Narayan Gopal - Lau Suna Ma Bhanchhu.mp3,narayan gopal|lau suna ma bhanchhu,Narayan Gopal,Lau Suna Ma Bhanchhu,strong,2290,2290,,metadata_only
Narayan Gopal - Ma Kashari Bhanu.mp3,Narayan Gopal - Ma Kashari Bhanu.mp3,narayan gopal|ma kashari bhanu,Narayan Gopal,Ma Kashari Bhanu,strong,3773,3773,,metadata_only
Narayan Gopal - Maile Punya Man Parayan.mp3,Narayan Gopal - Maile Punya Man Parayan.mp3,narayan gopal|maile punya man parayan,Narayan Gopal,Maile Punya Man Parayan,strong,2198,2198,,metadata_only
Narayan Gopal - Malai Chhodi Mero Maya (3).mp3,Narayan Gopal - Malai Chhodi Mero Maya (3).mp3,narayan gopal|malai chhodi mero maya,Narayan Gopal,Malai Chhodi Mero Maya,strong,526,526,,metadata_only
Narayan Gopal - Malai Jindagi Yo Lagchha.mp3,Narayan Gopal - Malai Jindagi Yo Lagchha.mp3,narayan gopal|malai jindagi yo lagchha,Narayan Gopal,Malai Jindagi Yo Lagchha,strong,85,85,,metadata_only
Narayan Gopal - Malai Maph Garideu.mp3,Narayan Gopal - Malai Maph Garideu.mp3,narayan gopal|malai maph garideu,Narayan Gopal,Malai Maph Garideu,probable,2203,2203,,lyrics_ambiguous_linked
Narayan Gopal - Mandirma Chhaki.mp3,Narayan Gopal - Mandirma Chhaki.mp3,narayan gopal|mandirma chhaki,Narayan Gopal,Mandirma Chhaki,strong,2208,2208,,metadata_only
Narayan Gopal - Mata Laliguras Bhaye.mp3,Narayan Gopal - Mata Laliguras Bhaye.mp3,narayan gopal|mata laliguras bhaye,Narayan Gopal,Mata Laliguras Bhaye,strong,2209,2209,,metadata_only
Narayan Gopal - Maya Garneko.mp3,Narayan Gopal - Maya Garneko.mp3,narayan gopal|maya garneko,Narayan Gopal,Maya Garneko,strong,2210,2210,,metadata_only
Narayan Gopal - Maya Ko Aadharma.mp3,Narayan Gopal - Maya Ko Aadharma.mp3,narayan gopal|maya ko aadharma,Narayan Gopal,Maya Ko Aadharma,strong,526,526,,metadata_only
Narayan Gopal - Mayako Aadhar.mp3,Narayan Gopal - Mayako Aadhar.mp3,narayan gopal|mayako aadhar,Narayan Gopal,Mayako Aadhar,probable,403,,,metadata_candidate
Narayan Gopal - Mera Sabai Raatharu.mp3,Narayan Gopal - Mera Sabai Raatharu.mp3,narayan gopal|mera sabai raatharu,Narayan Gopal,Mera Sabai Raatharu,probable,2212,,,metadata_candidate
Narayan Gopal - Mero Aankhama.mp3,Narayan Gopal - Mero Aankhama.mp3,narayan gopal|mero aankhama,Narayan Gopal,Mero Aankhama,strong,2215,2215,,metadata_only
Narayan Gopal - Mero Ankhalai Rakhne Fulbaari.mp3,Narayan Gopal - Mero Ankhalai Rakhne Fulbaari.mp3,narayan gopal|mero ankhalai rakhne fulbaari,Narayan Gopal,Mero Ankhalai Rakhne Fulbaari,probable,2217,,,metadata_candidate
Narayan Gopal - Mero Behoshi.mp3,Narayan Gopal - Mero Behoshi.mp3,narayan gopal|mero behoshi,Narayan Gopal,Mero Behoshi,strong,958,958,,metadata_only
Narayan Gopal - Mero Behosi Aaja.mp3,Narayan Gopal - Mero Behosi Aaja.mp3,narayan gopal|mero behosi aaja,Narayan Gopal,Mero Behosi Aaja,strong,2218,2218,,metadata_only
Narayan Gopal - Mero Geet.mp3,Narayan Gopal - Mero Geet.mp3,narayan gopal|mero geet,Narayan Gopal,Mero Geet,strong,2219,2219,,metadata_only
Narayan Gopal - Mero Yo Geetma.mp3,Narayan Gopal - Mero Yo Geetma.mp3,narayan gopal|mero yo geetma,Narayan Gopal,Mero Yo Geetma,probable,507,,A-b3f30294ab,new_lyrics
Narayan Gopal - Music.mp3,Narayan Gopal - Music.mp3,narayan gopal|music,Narayan Gopal,Music,weak,373,,,metadata_candidate
Narayan Gopal - Narayan gopalYesai Gari Bitai Dinchu.mp3,Narayan Gopal - Narayan gopalYesai Gari Bitai Dinchu.mp3,narayan gopal|narayan gopalyesai gari bitai dinchu,Narayan Gopal,Narayan gopalYesai Gari Bitai Dinchu,probable,1265,,,metadata_candidate
Narayan Gopal - Parkhi Base Aaulaa Bhani.mp3,Narayan Gopal - Parkhi Base Aaulaa Bhani.mp3,narayan gopal|parkhi base aaulaa bhani,Narayan Gopal,Parkhi Base Aaulaa Bhani,strong,2224,2224,,metadata_only
Narayan Gopal - Parkhi Basen.mp3,Narayan Gopal - Parkhi Basen.mp3,narayan gopal|parkhi basen,Narayan Gopal,Parkhi Basen,strong,2226,2226,,metadata_only
Narayan Gopal - Piunda Piundai.mp3,Narayan Gopal - Piunda Piundai.mp3,narayan gopal|piunda piundai,Narayan Gopal,Piunda Piundai,weak,49,,A-0b99cbae80,new_lyrics
Narayan Gopal - Pokhiyera Ghamko.mp3,Narayan Gopal - Pokhiyera Ghamko.mp3,narayan gopal|pokhiyera ghamko,Narayan Gopal,Pokhiyera Ghamko,probable,2229,2227,,lyrics_confirmed
Narayan Gopal - Priyashi ka yaad haru.mp3,Narayan Gopal - Priyashi ka yaad haru.mp3,narayan gopal|priyashi ka yaad haru,Narayan Gopal,Priyashi ka yaad haru,strong,2231,2231,,metadata_only
Narayan Gopal - Sanai Hurima.mp3,Narayan Gopal - Sanai Hurima.mp3,narayan gopal|sanai hurima,Narayan Gopal,Sanai Hurima,strong,2235,2235,,metadata_only
Narayan Gopal - Sandhai Mai Ma.mp3,Narayan Gopal - Sandhai Mai Ma.mp3,narayan gopal|sandhai mai ma,Narayan Gopal,Sandhai Mai Ma,strong,3773,3773,,metadata_only
Narayan Gopal - Sangaala Ghumto Haru.mp3,Narayan Gopal - Sangaala Ghumto Haru.mp3,narayan gopal|sangaala ghumto haru,Narayan Gopal,Sangaala Ghumto Haru,strong,2236,2236,,metadata_only
Narayan Gopal - Saunko Jhari Bani.mp3,Narayan Gopal - Saunko Jhari Bani.mp3,narayan gopal|saunko jhari bani,Narayan Gopal,Saunko Jhari Bani,strong,2237,2237,,metadata_only
Narayan Gopal - Sero Ra Fero.mp3,Narayan Gopal - Sero Ra Fero.mp3,narayan gopal|sero ra fero,Narayan Gopal,Sero Ra Fero,probable,2906,,A-1a14d9aa86,new_lyrics
Narayan Gopal - Shikhar Bhane Kahan.mp3,Narayan Gopal - Shikhar Bhane Kahan.mp3,narayan gopal|shikhar bhane kahan,Narayan Gopal,Shikhar Bhane Kahan,strong,2239,2239,,metadata_only
Narayan Gopal - Swargaki Rani.mp3,Narayan Gopal - Swargaki Rani.mp3,narayan gopal|swargaki rani,Narayan Gopal,Swargaki Rani,weak,4097,,,metadata_candidate
Narayan Gopal - Timi Jun Raharle (2).mp3,Narayan Gopal - Timi Jun Raharle (2).mp3,narayan gopal|timi jun raharle,Narayan Gopal,Timi Jun Raharle,strong,2244,2244,,metadata_only
Narayan Gopal - Timilai Bhulda.mp3,Narayan Gopal - Timilai Bhulda.mp3,narayan gopal|timilai bhulda,Narayan Gopal,Timilai Bhulda,strong,1555,1555,,metadata_only
Narayan Gopal - Timilai Ma Ke Bhanu.mp3,Narayan Gopal - Timilai Ma Ke Bhanu.mp3,narayan gopal|timilai ma ke bhanu,Narayan Gopal,Timilai Ma Ke Bhanu,strong,2249,2249,,metadata_only
Narayan Gopal - Timilai Maa Ke Bhanu.mp3,Narayan Gopal - Timilai Maa Ke Bhanu.mp3,narayan gopal|timilai maa ke bhanu,Narayan Gopal,Timilai Maa Ke Bhanu,strong,205,205,,metadata_only
Narayan Gopal - Timile Bhneka.mp3,Narayan Gopal - Timile Bhneka.mp3,narayan gopal|timile bhneka,Narayan Gopal,Timile Bhneka,strong,3567,3567,,metadata_only
Narayan Gopal - Timile Pani Ma Jastai.mp3,Narayan Gopal - Timile Pani Ma Jastai.mp3,narayan gopal|timile pani ma jastai,Narayan Gopal,Timile Pani Ma Jastai,strong,2252,2252,,metadata_only
Narayan Gopal - Timro Jasto Mutu.mp3,Narayan Gopal - Timro Jasto Mutu.mp3,narayan gopal|timro jasto mutu,Narayan Gopal,Timro Jasto Mutu,strong,2253,2253,,metadata_only
NARAYAN GOPAL - Track 10.mp3,NARAYAN GOPAL - Track 10.mp3,narayan gopal|track 10,NARAYAN GOPAL,Track 10,weak,3782,,,metadata_candidate
Narayan Gopal - Yasaigari Bitaidinchhu.mp3,Narayan Gopal - Yasaigari Bitaidinchhu.mp3,narayan gopal|yasaigari bitaidinchhu,Narayan Gopal,Yasaigari Bitaidinchhu,weak,1265,1265,,lyrics_ambiguous_linked
Narayan Gopal - Yati Chokho Yati.mp3,Narayan Gopal - Yati Chokho Yati.mp3,narayan gopal|yati chokho yati,Narayan Gopal,Yati Chokho Yati,probable,2996,1428,,lyrics_confirmed
Narayan Gopal - Ye Malai Maya.mp3,Narayan Gopal - Ye Malai Maya.mp3,narayan gopal|ye malai maya,Narayan Gopal,Ye Malai Maya,strong,526,526,,metadata_only
Narayan Gopal - Yesai Gari Bitaidinchhu (2).mp3,Narayan Gopal - Yesai Gari Bitaidinchhu (2).mp3,narayan gopal|yesai gari bitaidinchhu,Narayan Gopal,Yesai Gari Bitaidinchhu,strong,1265,1265,,metadata_only
Narayan Gopal - Yeti Chokho Yati.mp3,Narayan Gopal - Yeti Chokho Yati.mp3,narayan gopal|yeti chokho yati,Narayan Gopal,Yeti Chokho Yati,probable,18,,,metadata_candidate
Narayan Gopal - Yeti Dherai Maya (2).mp3,Narayan Gopal - Yeti Dherai Maya (2).mp3,narayan gopal|yeti dherai maya,Narayan Gopal,Yeti Dherai Maya,strong,526,526,,metadata_only
Narayan Gopal - Yetidherai Maya Diee (2).mp3,Narayan Gopal - Yetidherai Maya Diee (2).mp3,narayan gopal|yetidherai maya diee,Narayan Gopal,Yetidherai Maya Diee,strong,506,506,,metadata_only
Narayan Gopal - Yeuta Manchheko.mp3,Narayan Gopal - Yeuta Manchheko.mp3,narayan gopal|yeuta manchheko,Narayan Gopal,Yeuta Manchheko,strong,2259,2259,,metadata_only
Narayan Gopal - Yo Bhagyale Katro.mp3,Narayan Gopal - Yo Bhagyale Katro.mp3,narayan gopal|yo bhagyale katro,Narayan Gopal,Yo Bhagyale Katro,probable,2260,2260,,lyrics_confirmed
Narayan Gopal - Yo Kasto Byetha Ho.mp3,Narayan Gopal - Yo Kasto Byetha Ho.mp3,narayan gopal|yo kasto byetha ho,Narayan Gopal,Yo Kasto Byetha Ho,strong,3581,3581,,metadata_only
Narayan Gopal - Yo Mausham Yo Hariyali (2).mp3,Narayan Gopal - Yo Mausham Yo Hariyali (2).mp3,narayan gopal|yo mausham yo hariyali,Narayan Gopal,Yo Mausham Yo Hariyali,weak,2264,,,metadata_candidate
Narayan Gopal - Yo Samjhine Maan Chha.mp3,Narayan Gopal - Yo Samjhine Maan Chha.mp3,narayan gopal|yo samjhine maan chha,Narayan Gopal,Yo Samjhine Maan Chha,strong,3819,3819,,metadata_only
Narayan Gopal - Yo Samjhine Man Chha (2).mp3,Narayan Gopal - Yo Samjhine Man Chha (2).mp3,narayan gopal|yo samjhine man chha,Narayan Gopal,Yo Samjhine Man Chha,strong,2265,2265,,metadata_only
Narayan Gopal Feat. Meera Rana - Mero Jovan.mp3,Narayan Gopal Feat. Meera Rana - Mero Jovan.mp3,narayan gopal feat meera rana|mero jovan,Narayan Gopal Feat. Meera Rana,Mero Jovan,probable,87,,,metadata_candidate
"Narayan Gopal, Aasha Bhosle - Maya ta Maya.mp3","Narayan Gopal, Aasha Bhosle - Maya ta Maya.mp3",narayan gopal aasha bhosle|maya ta maya,"Narayan Gopal, Aasha Bhosle",Maya ta Maya,strong,13,13,,metadata_only
"Narayan Gopal, Aasha Bhosle - Mohani Laglahai.mp3","Narayan Gopal, Aasha Bhosle - Mohani Laglahai.mp3",narayan gopal aasha bhosle|mohani laglahai,"Narayan Gopal, Aasha Bhosle",Mohani Laglahai,strong,1864,1864,,metadata_only
"Narayan Gopal, Aasha Bhosle - Pahadako Mathi Mathi.mp3","Narayan Gopal, Aasha Bhosle - Pahadako Mathi Mathi.mp3",narayan gopal aasha bhosle|pahadako mathi mathi,"Narayan Gopal, Aasha Bhosle",Pahadako Mathi Mathi,strong,2270,2270,,metadata_only
"Narayan Gopal, Aasha Bhosle - Pahadko Maathi Maathi.mp3","Narayan Gopal, Aasha Bhosle - Pahadko Maathi Maathi.mp3",narayan gopal aasha bhosle|pahadko maathi maathi,"Narayan Gopal, Aasha Bhosle",Pahadko Maathi Maathi,strong,2270,2270,,metadata_only
"Narayan Gopal, Aruna Lama - Jeevanko Harek Modama.mp3","Narayan Gopal, Aruna Lama - Jeevanko Harek Modama.mp3",narayan gopal aruna lama|jeevanko harek modama,"Narayan Gopal, Aruna Lama",Jeevanko Harek Modama,probable,2268,,,metadata_candidate
"Narayan Gopal, Asha Bhosle - Mohani lagla hai.mp3","Narayan Gopal, Asha Bhosle - Mohani lagla hai.mp3",narayan gopal asha bhosle|mohani lagla hai,"Narayan Gopal, Asha Bhosle",Mohani lagla hai,strong,2223,2223,,metadata_only
"Narayan Gopal, Gyanu Rana - Manchheko Maya.mp3","Narayan Gopal, Gyanu Rana - Manchheko Maya.mp3",narayan gopal gyanu rana|manchheko maya,"Narayan Gopal, Gyanu Rana",Manchheko Maya,strong,526,526,,metadata_only
"Narayan Gopal, Meera Rana - Aankhaima Kasaiko.mp3","Narayan Gopal, Meera Rana - Aankhaima Kasaiko.mp3",narayan gopal meera rana|aankhaima kasaiko,"Narayan Gopal, Meera Rana",Aankhaima Kasaiko,probable,485,,A-b97df04491,new_lyrics
"Narayan Gopal, Meera Rana - Aankham Kasaka.mp3","Narayan Gopal, Meera Rana - Aankham Kasaka.mp3",narayan gopal meera rana|aankham kasaka,"Narayan Gopal, Meera Rana",Aankham Kasaka,weak,2129,,,metadata_candidate
"Narayan Gopal, Meera Rana - Timi Deu Ya Nadeu.mp3","Narayan Gopal, Meera Rana - Timi Deu Ya Nadeu.mp3",narayan gopal meera rana|timi deu ya nadeu,"Narayan Gopal, Meera Rana",Timi Deu Ya Nadeu,strong,2242,2242,,metadata_only
"Narayan Gopal, Mira Rana - Aankhaima Kasaiko.mp3","Narayan Gopal, Mira Rana - Aankhaima Kasaiko.mp3",narayan gopal mira rana|aankhaima kasaiko,"Narayan Gopal, Mira Rana",Aankhaima Kasaiko,probable,485,,A-5ec5db3251,new_lyrics
"narayan gopal, nepal - auta manche ko mayale ..., nepali song, ne.mp3","narayan gopal, nepal - auta manche ko mayale ..., nepali song, ne.mp3",narayan gopal nepal|auta manche ko mayale ne,"narayan gopal, nepal","auta manche ko mayale ..., nepali song, ne",strong,1988,1988,,metadata_only
"Narayan Gopal, Tara Devi - Aaja Yoban.mp3","Narayan Gopal, Tara Devi - Aaja Yoban.mp3",narayan gopal tara devi|aaja yoban,"Narayan Gopal, Tara Devi",Aaja Yoban,strong,144,144,,metadata_only
"Narayan Gopal, Tara Devi - E Kanchha Thattaima.mp3","Narayan Gopal, Tara Devi - E Kanchha Thattaima.mp3",narayan gopal tara devi|e kanchha thattaima,"Narayan Gopal, Tara Devi",E Kanchha Thattaima,strong,2273,2273,,metadata_only
"Narendra Pyasi, Anju Panta - Jaam Kyare Udera.mp3","Narendra Pyasi, Anju Panta - Jaam Kyare Udera.mp3",narendra pyasi anju panta|jaam kyare udera,"Narendra Pyasi, Anju Panta",Jaam Kyare Udera,weak,2165,,,metadata_candidate
"Narisau Mitini Jyu ｜｜ Nepali Movie MITINI Official Title Song ｜｜ Rekha Thapa, Bipana Thapa.m4a","Narisau Mitini Jyu ｜｜ Nepali Movie MITINI Official Title Song ｜｜ Rekha Thapa, Bipana Thapa.m4a",osr movies|narisau mitini jyu,OSR Movies,"Narisau Mitini Jyu || Nepali Movie MITINI Official Title Song || Rekha Thapa, Bipana Thapa",weak,4006,,,metadata_candidate
Nasa Ko Tal Tal ( G-BOB ) ｜｜ ANTF Round-4 ｜｜ G-BOB Music #antf.m4a,Nasa Ko Tal Tal ( G-BOB ) ｜｜ ANTF Round-4 ｜｜ G-BOB Music #antf.m4a,panda music|nasa ko tal tal g bob,Panda Music,Nasa Ko Tal Tal ( G-BOB ) || ANTF Round-4 || G-BOB Music #antf,weak,243,,,metadata_candidate
"Naseem Begum, Hazeen Qadri, Ghulam Ahmed Chishti - Beiman Sajjan Nu Kon Moray.mp3","Naseem Begum, Hazeen Qadri, Ghulam Ahmed Chishti - Beiman Sajjan Nu Kon Moray.mp3",naseem begum hazeen qadri ghulam ahmed chishti|beiman sajjan nu kon moray,"Naseem Begum, Hazeen Qadri, Ghulam Ahmed Chishti",Beiman Sajjan Nu Kon Moray,none,,,,no_lyrics
Nasty Girl - B-8 ft GXSOUL.m4a,Nasty Girl - B-8 ft GXSOUL.m4a,b8eight|nasty girl b 8 ft gxsoul,b8eight,Nasty Girl - B-8 ft GXSOUL,none,,,,no_lyrics
Natra Bhane Jindagi (KOSHEDHUNGA) - New Movie Teej Song 2025 - Samikshya Adhikari - Khem Century.m4a,Natra Bhane Jindagi (KOSHEDHUNGA) - New Movie Teej Song 2025 - Samikshya Adhikari - Khem Century.m4a,7 seas international|natra bhane jindagi koshedhunga new movie teej song samikshya adhikari khem century,7 Seas International,Natra Bhane Jindagi (KOSHEDHUNGA) - New Movie Teej Song 2025 - Samikshya Adhikari - Khem Century,weak,85,,,metadata_candidate
"Nautuna Railaima (Ratyauli) ｜｜ PARVATI Movie Song 2026 ｜｜ Deepa Shree Niraula, Neeta, Anjali, Asha.m4a","Nautuna Railaima (Ratyauli) ｜｜ PARVATI Movie Song 2026 ｜｜ Deepa Shree Niraula, Neeta, Anjali, Asha.m4a",osrdigital|nautuna railaima ratyauli,OSRDigital,"Nautuna Railaima (Ratyauli) || PARVATI Movie Song 2026 || Deepa Shree Niraula, Neeta, Anjali, Asha",none,3283,,,metadata_candidate
Nayan ｜ Shanti Shree Pariyar ｜ Ft. Sushila Thapa & Tej Giri ｜ SP Koirala ｜ Rimesh Thapa ｜ New MV.m4a,Nayan ｜ Shanti Shree Pariyar ｜ Ft. Sushila Thapa & Tej Giri ｜ SP Koirala ｜ Rimesh Thapa ｜ New MV.m4a,osrdigital|nayan,OSRDigital,Nayan | Shanti Shree Pariyar | Ft. Sushila Thapa & Tej Giri | SP Koirala | Rimesh Thapa | New MV,weak,1023,,,metadata_candidate
Nazia Kanwal - Sajjan Badal Gaye.mp3,Nazia Kanwal - Sajjan Badal Gaye.mp3,nazia kanwal|sajjan badal gaye,Nazia Kanwal,Sajjan Badal Gaye,weak,3589,,,metadata_candidate
Nazia Kanwal - Wichhre Sajjan.mp3,Nazia Kanwal - Wichhre Sajjan.mp3,nazia kanwal|wichhre sajjan,Nazia Kanwal,Wichhre Sajjan,none,1366,,,metadata_candidate
"Neelam Raj Neelu, Rajesh Kumar Nepali - Bhent Hui Bara Jila.mp3","Neelam Raj Neelu, Rajesh Kumar Nepali - Bhent Hui Bara Jila.mp3",neelam raj neelu rajesh kumar nepali|bhent hui bara jila,"Neelam Raj Neelu, Rajesh Kumar Nepali",Bhent Hui Bara Jila,none,,,,no_lyrics
Neetesh Jung Kunwar - REBIRTH Feat Uniq Poet (WISP Remix).m4a,Neetesh Jung Kunwar - REBIRTH Feat Uniq Poet (WISP Remix).m4a,wisp|neetesh jung kunwar rebirth feat uniq poet wisp,WISP,Neetesh Jung Kunwar - REBIRTH Feat Uniq Poet (WISP Remix),weak,1359,,,metadata_candidate
Nekfeu x Nepal Love Trap Type Beat - ＂Heroin＂.m4a,Nekfeu x Nepal Love Trap Type Beat - ＂Heroin＂.m4a,skeuly|nekfeu x nepal love trap type beat heroin,Skeuly,"Nekfeu x Nepal Love Trap Type Beat - ""Heroin""",weak,2944,,,metadata_candidate
Nepal - The Edge Band - Timro Yaad.mp3,Nepal - The Edge Band - Timro Yaad.mp3,nepal the edge band|timro yaad,Nepal - The Edge Band,Timro Yaad,strong,1224,1224,,metadata_only
Nepal Ki Chhori ｜ Ft. Gita Dhungana ｜ Tejwati Joshi ｜ New Nepali Song 2026 (Music Video).m4a,Nepal Ki Chhori ｜ Ft. Gita Dhungana ｜ Tejwati Joshi ｜ New Nepali Song 2026 (Music Video).m4a,osrdigital|nepal ki chhori,OSRDigital,Nepal Ki Chhori | Ft. Gita Dhungana | Tejwati Joshi | New Nepali Song 2026 (Music Video),weak,2944,,,metadata_candidate
"Nepal Ko Jay ｜｜ Satyaraj Acharya, Nisha Deshar ｜｜ Raju Aryal ｜｜ Suresh Gaire ｜｜ New Nepali Song 2025.m4a","Nepal Ko Jay ｜｜ Satyaraj Acharya, Nisha Deshar ｜｜ Raju Aryal ｜｜ Suresh Gaire ｜｜ New Nepali Song 2025.m4a",osrdigital|nepal ko jay,OSRDigital,"Nepal Ko Jay || Satyaraj Acharya, Nisha Deshar || Raju Aryal || Suresh Gaire || New Nepali Song 2025",weak,941,,,metadata_candidate
Nepal Ko Naam Le ｜｜ Sumit Khadka ｜｜ SP Koirala ｜｜ New Nepali National Song 2026 ｜｜ Niraj Shrestha.m4a,Nepal Ko Naam Le ｜｜ Sumit Khadka ｜｜ SP Koirala ｜｜ New Nepali National Song 2026 ｜｜ Niraj Shrestha.m4a,osrdigital|nepal ko naam le,OSRDigital,Nepal Ko Naam Le || Sumit Khadka || SP Koirala || New Nepali National Song 2026 || Niraj Shrestha,weak,2944,,,metadata_candidate
"Nepal Mero Pran Ho ｜｜ Pratap Das ｜｜ AK Arjun Khadka, Binita Dahal, Arshuram Acharya, Rimesh Adhikari.m4a","Nepal Mero Pran Ho ｜｜ Pratap Das ｜｜ AK Arjun Khadka, Binita Dahal, Arshuram Acharya, Rimesh Adhikari.m4a",osrdigital|nepal mero pran ho,OSRDigital,"Nepal Mero Pran Ho || Pratap Das || AK Arjun Khadka, Binita Dahal, Arshuram Acharya, Rimesh Adhikari",weak,2830,,,metadata_candidate
NEPAL ⧸ Type Beat ＂RÈGLEMENT SPACE＂ Instru Trap 2020 [FREE].mp3,NEPAL ⧸ Type Beat ＂RÈGLEMENT SPACE＂ Instru Trap 2020 [FREE].mp3,amr|nepal type beat règlement space instru trap free,AMR,"NEPAL / Type Beat ""RÈGLEMENT SPACE"" Instru Trap 2020 [FREE]",weak,2944,,,metadata_candidate
Nepali - Song.mp3,Nepali - Song.mp3,nepali|song,Nepali,Song,strong,2,2,,metadata_only
Nepali Babu - A Mai Tani Hit Karwadi.mp3,Nepali Babu - A Mai Tani Hit Karwadi.mp3,nepali babu|a mai tani hit karwadi,Nepali Babu,A Mai Tani Hit Karwadi,weak,1807,,,metadata_candidate
Nepali Babu - Bada Nepal Main Khilal Baate Namva.mp3,Nepali Babu - Bada Nepal Main Khilal Baate Namva.mp3,nepali babu|bada nepal main khilal baate namva,Nepali Babu,Bada Nepal Main Khilal Baate Namva,probable,2944,,,metadata_candidate
Nepali Babu - Bahin Hamar Rowat Hoi.mp3,Nepali Babu - Bahin Hamar Rowat Hoi.mp3,nepali babu|bahin hamar rowat hoi,Nepali Babu,Bahin Hamar Rowat Hoi,none,,,,no_lyrics
Nepali Babu - Chelwa Ke Chilamiya Phor Dele Ba.mp3,Nepali Babu - Chelwa Ke Chilamiya Phor Dele Ba.mp3,nepali babu|chelwa ke chilamiya phor dele ba,Nepali Babu,Chelwa Ke Chilamiya Phor Dele Ba,none,,,,no_lyrics
Nepali Babu - Dhodhi Me Chai Piyba.mp3,Nepali Babu - Dhodhi Me Chai Piyba.mp3,nepali babu|dhodhi me chai piyba,Nepali Babu,Dhodhi Me Chai Piyba,none,2065,,,metadata_candidate
Nepali Babu - Dudh Piyala Shala.mp3,Nepali Babu - Dudh Piyala Shala.mp3,nepali babu|dudh piyala shala,Nepali Babu,Dudh Piyala Shala,none,1852,,,metadata_candidate
Nepali Babu - Fukai Hamar Las Ghar Ke Tora Pas.mp3,Nepali Babu - Fukai Hamar Las Ghar Ke Tora Pas.mp3,nepali babu|fukai hamar las ghar ke tora pas,Nepali Babu,Fukai Hamar Las Ghar Ke Tora Pas,none,2206,,,metadata_candidate
Nepali Babu - Ganga ji Ke Terae Ugi.mp3,Nepali Babu - Ganga ji Ke Terae Ugi.mp3,nepali babu|ganga ji ke terae ugi,Nepali Babu,Ganga ji Ke Terae Ugi,weak,2367,,,metadata_candidate
Nepali Babu - Ghaat Par Nachali Dhaniya.mp3,Nepali Babu - Ghaat Par Nachali Dhaniya.mp3,nepali babu|ghaat par nachali dhaniya,Nepali Babu,Ghaat Par Nachali Dhaniya,none,1191,,,metadata_candidate
Nepali Babu - Ham Hi Banab Bhatar.mp3,Nepali Babu - Ham Hi Banab Bhatar.mp3,nepali babu|ham hi banab bhatar,Nepali Babu,Ham Hi Banab Bhatar,none,3630,,,metadata_candidate
Nepali Babu - Holi Me Ghare Aawta Bhatar.mp3,Nepali Babu - Holi Me Ghare Aawta Bhatar.mp3,nepali babu|holi me ghare aawta bhatar,Nepali Babu,Holi Me Ghare Aawta Bhatar,none,,,,no_lyrics
Nepali Babu - Jhijhiya Satrangi.mp3,Nepali Babu - Jhijhiya Satrangi.mp3,nepali babu|jhijhiya satrangi,Nepali Babu,Jhijhiya Satrangi,weak,1916,,,metadata_candidate
Nepali Babu - Kajrwa Kariya.mp3,Nepali Babu - Kajrwa Kariya.mp3,nepali babu|kajrwa kariya,Nepali Babu,Kajrwa Kariya,weak,1018,,,metadata_candidate
Nepali Babu - Kelva Ke Paat Par.mp3,Nepali Babu - Kelva Ke Paat Par.mp3,nepali babu|kelva ke paat par,Nepali Babu,Kelva Ke Paat Par,none,1449,,,metadata_candidate
Nepali Babu - Mathva Pe Daura.mp3,Nepali Babu - Mathva Pe Daura.mp3,nepali babu|mathva pe daura,Nepali Babu,Mathva Pe Daura,none,2922,,,metadata_candidate
Nepali Babu - Pagal.mp3,Nepali Babu - Pagal.mp3,nepali babu|pagal,Nepali Babu,Pagal,probable,3574,,,metadata_candidate
Nepali Babu - Pardeshiya Balam.mp3,Nepali Babu - Pardeshiya Balam.mp3,nepali babu|pardeshiya balam,Nepali Babu,Pardeshiya Balam,weak,1924,,,metadata_candidate
Nepali Babu - Piya Patna Chale Gaye.mp3,Nepali Babu - Piya Patna Chale Gaye.mp3,nepali babu|piya patna chale gaye,Nepali Babu,Piya Patna Chale Gaye,weak,1772,,,metadata_candidate
Nepali Babu - Piyatani Kasturi.mp3,Nepali Babu - Piyatani Kasturi.mp3,nepali babu|piyatani kasturi,Nepali Babu,Piyatani Kasturi,none,1016,,,metadata_candidate
Nepali Babu - Rukina Balam Ji Kawan Dhali Ham Ji.mp3,Nepali Babu - Rukina Balam Ji Kawan Dhali Ham Ji.mp3,nepali babu|rukina balam ji kawan dhali ham ji,Nepali Babu,Rukina Balam Ji Kawan Dhali Ham Ji,none,2322,,,metadata_candidate
Nepali Babu - Saiya Hamar Sukwar.mp3,Nepali Babu - Saiya Hamar Sukwar.mp3,nepali babu|saiya hamar sukwar,Nepali Babu,Saiya Hamar Sukwar,none,3224,,,metadata_candidate
Nepali Babu - Sateje Pe Ketna Nachelu.mp3,Nepali Babu - Sateje Pe Ketna Nachelu.mp3,nepali babu|sateje pe ketna nachelu,Nepali Babu,Sateje Pe Ketna Nachelu,none,,,,no_lyrics
Nepali Babu - Tikuli Lal Satle Ba.mp3,Nepali Babu - Tikuli Lal Satle Ba.mp3,nepali babu|tikuli lal satle ba,Nepali Babu,Tikuli Lal Satle Ba,weak,77,,,metadata_candidate
Nepali Babu - Videshiya Balam.mp3,Nepali Babu - Videshiya Balam.mp3,nepali babu|videshiya balam,Nepali Babu,Videshiya Balam,none,2336,,,metadata_candidate
Nepali Babu - पछाड़ रंगलेबा देवरा.mp3,Nepali Babu - पछाड़ रंगलेबा देवरा.mp3,nepali babu|पछाड़ रंगलेबा देवरा,Nepali Babu,पछाड़ रंगलेबा देवरा,none,,,,no_lyrics
"Nepali Babu, Aaisha Raj - Jannat Ke Pari.mp3","Nepali Babu, Aaisha Raj - Jannat Ke Pari.mp3",nepali babu aaisha raj|jannat ke pari,"Nepali Babu, Aaisha Raj",Jannat Ke Pari,weak,270,,,metadata_candidate
"Nepali Babu, Aaisha Raj - Muni Ke Nach Hoi.mp3","Nepali Babu, Aaisha Raj - Muni Ke Nach Hoi.mp3",nepali babu aaisha raj|muni ke nach hoi,"Nepali Babu, Aaisha Raj",Muni Ke Nach Hoi,none,3899,,,metadata_candidate
"Nepali Babu, Aaisha Raj - Suti Na Kora Suna Dihi Lori.mp3","Nepali Babu, Aaisha Raj - Suti Na Kora Suna Dihi Lori.mp3",nepali babu aaisha raj|suti na kora suna dihi lori,"Nepali Babu, Aaisha Raj",Suti Na Kora Suna Dihi Lori,weak,2290,,,metadata_candidate
"Nepali Babu, Antra Singh Priyanka - A Ho Barati Raja Maja Lete Raha.mp3","Nepali Babu, Antra Singh Priyanka - A Ho Barati Raja Maja Lete Raha.mp3",nepali babu antra singh priyanka|a ho barati raja maja lete raha,"Nepali Babu, Antra Singh Priyanka",A Ho Barati Raja Maja Lete Raha,weak,2457,,,metadata_candidate
"Nepali Babu, Antra Singh Priyanka - Joban Se Ka Dem Fayer Piya.mp3","Nepali Babu, Antra Singh Priyanka - Joban Se Ka Dem Fayer Piya.mp3",nepali babu antra singh priyanka|joban se ka dem fayer piya,"Nepali Babu, Antra Singh Priyanka",Joban Se Ka Dem Fayer Piya,none,,,,no_lyrics
"Nepali Babu, Kumari Nitu - Saiya Ke 2 Inch Badh Jaye.mp3","Nepali Babu, Kumari Nitu - Saiya Ke 2 Inch Badh Jaye.mp3",nepali babu kumari nitu|saiya ke 2 inch badh jaye,"Nepali Babu, Kumari Nitu",Saiya Ke 2 Inch Badh Jaye,none,,,,no_lyrics
"Nepali Babu, Nandani Dixit - Bola Ka Bhav Ba Amrudhi Ke.mp3","Nepali Babu, Nandani Dixit - Bola Ka Bhav Ba Amrudhi Ke.mp3",nepali babu nandani dixit|bola ka bhav ba amrudhi ke,"Nepali Babu, Nandani Dixit",Bola Ka Bhav Ba Amrudhi Ke,none,2277,,,metadata_candidate
"Nepali Babu, Nandani dixit - Gud Gud Ke Dawai.mp3","Nepali Babu, Nandani dixit - Gud Gud Ke Dawai.mp3",nepali babu nandani dixit|gud gud ke dawai,"Nepali Babu, Nandani dixit",Gud Gud Ke Dawai,none,105,,,metadata_candidate
"Nepali Babu, Nandani Dixit - Mar Dehab Goli.mp3","Nepali Babu, Nandani Dixit - Mar Dehab Goli.mp3",nepali babu nandani dixit|mar dehab goli,"Nepali Babu, Nandani Dixit",Mar Dehab Goli,none,,,,no_lyrics
"Nepali Babu, Nandani Dixit - Rajai Me Bajai Raja Ji.mp3","Nepali Babu, Nandani Dixit - Rajai Me Bajai Raja Ji.mp3",nepali babu nandani dixit|rajai me bajai raja ji,"Nepali Babu, Nandani Dixit",Rajai Me Bajai Raja Ji,weak,2457,,,metadata_candidate
"Nepali Babu, Neha Raj - Nachniya.mp3","Nepali Babu, Neha Raj - Nachniya.mp3",nepali babu neha raj|nachniya,"Nepali Babu, Neha Raj",Nachniya,weak,370,,,metadata_candidate
"Nepali Babu, Partima Arya - Aaili Duwari Maiya Bhawani.mp3","Nepali Babu, Partima Arya - Aaili Duwari Maiya Bhawani.mp3",nepali babu partima arya|aaili duwari maiya bhawani,"Nepali Babu, Partima Arya",Aaili Duwari Maiya Bhawani,none,2820,,,metadata_candidate
"Nepali Babu, Pratima Arya - Chhuwala Se 600 Re Nihurla Se 900.mp3","Nepali Babu, Pratima Arya - Chhuwala Se 600 Re Nihurla Se 900.mp3",nepali babu pratima arya|chhuwala se 600 re nihurla se 900,"Nepali Babu, Pratima Arya",Chhuwala Se 600 Re Nihurla Se 900,none,,,,no_lyrics
"Nepali Babu, Sarita Sargam - Mai Tohar Papa Hamar.mp3","Nepali Babu, Sarita Sargam - Mai Tohar Papa Hamar.mp3",nepali babu sarita sargam|mai tohar papa hamar,"Nepali Babu, Sarita Sargam",Mai Tohar Papa Hamar,none,1480,,,metadata_candidate
Nepali Bhajan जय शिवशंकर Jay Shiva Shankar BY Phatteman Rajbhandari.m4a,Nepali Bhajan जय शिवशंकर Jay Shiva Shankar BY Phatteman Rajbhandari.m4a,jay shri ram|nepali bhajan जय शिवशंकर jay shiva shankar by phatteman rajbhandari,Jay Shri Ram,Nepali Bhajan जय शिवशंकर Jay Shiva Shankar BY Phatteman Rajbhandari,weak,207,,,metadata_candidate
Nepali Boy - Jaga Tu Mo Jibana.mp3,Nepali Boy - Jaga Tu Mo Jibana.mp3,nepali boy|jaga tu mo jibana,Nepali Boy,Jaga Tu Mo Jibana,none,1261,,,metadata_candidate
Nepali Drill Rap East Side Represent🇳🇵.mp3,Nepali Drill Rap East Side Represent🇳🇵.mp3,jivantheg|nepali drill rap east side represent,JivantheG,Nepali Drill Rap East Side Represent🇳🇵,weak,207,,,metadata_candidate
Nepali Folk Musician - Simsime Panima.mp3,Nepali Folk Musician - Simsime Panima.mp3,nepali folk musician|simsime panima,Nepali Folk Musician,Simsime Panima,weak,2926,,,metadata_candidate
Nepali Folk Song 'Salaijo'.m4a,Nepali Folk Song 'Salaijo'.m4a,sequenz23|nepali folk song salaijo,sEQuenz23,Nepali Folk Song 'Salaijo',weak,207,,,metadata_candidate
Nepali folk song - Resam Firirir w_ Vocals.mp3,Nepali folk song - Resam Firirir w_ Vocals.mp3,nepali folk song|resam firirir w vocals,Nepali folk song,Resam Firirir w/ Vocals,weak,1650,,,metadata_candidate
nepali hip pop - antim maya.mp3,nepali hip pop - antim maya.mp3,nepali hip pop|antim maya,nepali hip pop,antim maya,probable,2284,,,metadata_candidate
"nepali hip pop - G-unity,,,, madhos.mp3","nepali hip pop - G-unity,,,, madhos.mp3",nepali hip pop|g unity madhos,nepali hip pop,"G-unity,,,, madhos",none,,,,no_lyrics
nepali hip pop - Grish toyota gaadi.mp3,nepali hip pop - Grish toyota gaadi.mp3,nepali hip pop|grish toyota gaadi,nepali hip pop,Grish toyota gaadi,none,3797,,,metadata_candidate
Nepali Karaoke Song Resam Firiri with nepali lyrics.m4a,Nepali Karaoke Song Resam Firiri with nepali lyrics.m4a,himalayan karaoke|nepali karaoke song resam firiri with nepali lyrics,Himalayan karaoke,Nepali Karaoke Song Resam Firiri with nepali lyrics,probable,207,,,metadata_candidate
Nepali Mix - Panchi Jasti.mp3,Nepali Mix - Panchi Jasti.mp3,nepali mix|panchi jasti,Nepali Mix,Panchi Jasti,weak,644,,,metadata_candidate
"Nepali Movie GOBAR GANESH Official Title Song 2082 ｜｜ Marichman, Barsha Siwakoti, Pujan, Padam.m4a","Nepali Movie GOBAR GANESH Official Title Song 2082 ｜｜ Marichman, Barsha Siwakoti, Pujan, Padam.m4a",osrdigital|nepali movie gobar ganesh official title song,OSRDigital,"Nepali Movie GOBAR GANESH Official Title Song 2082 || Marichman, Barsha Siwakoti, Pujan, Padam",weak,207,,,metadata_candidate
Nepali music - Laxmi puja song - Timi Aau - Timi Aau.mp3,Nepali music - Laxmi puja song - Timi Aau - Timi Aau.mp3,nepali music laxmi puja song|timi aau timi aau,Nepali music - Laxmi puja song,Timi Aau - Timi Aau,weak,752,,,metadata_candidate
Nepali music - Resam Firirir w_ Vocals.mp3,Nepali music - Resam Firirir w_ Vocals.mp3,nepali music|resam firirir w vocals,Nepali music,Resam Firirir w/ Vocals,weak,1650,,,metadata_candidate
nepali old songs - badal pariko desh bata.mp3,nepali old songs - badal pariko desh bata.mp3,nepali old songs|badal pariko desh bata,nepali old songs,badal pariko desh bata,probable,2817,,,metadata_candidate
nepali old songs - parkhaima bijeu sirani.mp3,nepali old songs - parkhaima bijeu sirani.mp3,nepali old songs|parkhaima bijeu sirani,nepali old songs,parkhaima bijeu sirani,probable,2834,,,metadata_candidate
nepali old songs - tagaroma rumal rakhi.mp3,nepali old songs - tagaroma rumal rakhi.mp3,nepali old songs|tagaroma rumal rakhi,nepali old songs,tagaroma rumal rakhi,probable,1686,,,metadata_candidate
Nepali patriotic songs - HERA NA SAHEED HARU LAI.mp3,Nepali patriotic songs - HERA NA SAHEED HARU LAI.mp3,nepali patriotic songs|hera na saheed haru lai,Nepali patriotic songs,HERA NA SAHEED HARU LAI,strong,1746,1746,,metadata_only
Nepali patriotic songs - Jaga Lamka Chamka He Ram Krishna & Rajesh Payal.mp3,Nepali patriotic songs - Jaga Lamka Chamka He Ram Krishna & Rajesh Payal.mp3,nepali patriotic songs|jaga lamka chamka he ram krishna rajesh payal,Nepali patriotic songs,Jaga Lamka Chamka He Ram Krishna & Rajesh Payal,probable,2808,,,metadata_candidate
Nepali patriotic songs - Jhukdai Na Jhukne Nepal Ko Choro-Lyrics.mp3,Nepali patriotic songs - Jhukdai Na Jhukne Nepal Ko Choro-Lyrics.mp3,nepali patriotic songs|jhukdai na jhukne nepal ko choro lyrics,Nepali patriotic songs,Jhukdai Na Jhukne Nepal Ko Choro-Lyrics,strong,2944,2944,,metadata_only
Nepali patriotic songs - Ma chahanchhu.mp3,Nepali patriotic songs - Ma chahanchhu.mp3,nepali patriotic songs|ma chahanchhu,Nepali patriotic songs,Ma chahanchhu,strong,2668,2668,,metadata_only
Nepali patriotic songs - nepal army band ( 0riginal gorkhali).mp3,Nepali patriotic songs - nepal army band ( 0riginal gorkhali).mp3,nepali patriotic songs|nepal army band 0riginal gorkhali,Nepali patriotic songs,nepal army band ( 0riginal gorkhali),strong,2944,2944,,metadata_only
"Nepali patriotic songs - Rato ra Chandra Surya By Kiran Pradhan, Rabin Sharma and Sunita Subba_With Lyrics [HD].mp3","Nepali patriotic songs - Rato ra Chandra Surya By Kiran Pradhan, Rabin Sharma and Sunita Subba_With Lyrics [HD].mp3",nepali patriotic songs|rato ra chandra surya by kiran pradhan rabin sharma and sunita subba_with lyrics,Nepali patriotic songs,"Rato ra Chandra Surya By Kiran Pradhan, Rabin Sharma and Sunita Subba_With Lyrics [HD]",strong,1995,1995,,metadata_only
Nepali Rap  biswash.m4a,Nepali Rap  biswash.m4a,unknown_soldier|nepali rap biswash,Unknown_soldier,Nepali Rap  biswash,weak,207,,,metadata_candidate
Nepali Rap - Girish aka Gorkhali G and Aid Ray - Da Drug Song.m4a,Nepali Rap - Girish aka Gorkhali G and Aid Ray - Da Drug Song.m4a,bhutanesetalents|nepali rap girish aka gorkhali g and aid ray da drug song,BhutaneseTalents,Nepali Rap - Girish aka Gorkhali G and Aid Ray - Da Drug Song,weak,207,,,metadata_candidate
Nepali Sarangi & Tabla - Mayur Naatsu.mp3,Nepali Sarangi & Tabla - Mayur Naatsu.mp3,nepali sarangi tabla|mayur naatsu,Nepali Sarangi & Tabla,Mayur Naatsu,none,3154,,,metadata_candidate
Nepali Sarangi Lok With Rap.mp3,Nepali Sarangi Lok With Rap.mp3,mala g magar|nepali sarangi lok with rap,Mala G Magar,Nepali Sarangi Lok With Rap,weak,207,,,metadata_candidate
Nepali Shahas (नेपाली शाहस) – Nepal Cricket Anthem ｜｜ Nepal Representing the Cricket World Cup 2026.m4a,Nepali Shahas (नेपाली शाहस) – Nepal Cricket Anthem ｜｜ Nepal Representing the Cricket World Cup 2026.m4a,osrdigital|nepali shahas नेपाली शाहस nepal cricket anthem,OSRDigital,Nepali Shahas (नेपाली शाहस) – Nepal Cricket Anthem || Nepal Representing the Cricket World Cup 2026,weak,207,,,metadata_candidate
Nepali song - Ke yo maya ho.mp3,Nepali song - Ke yo maya ho.mp3,|ke yo maya ho,Nepali song,Ke yo maya ho,strong,526,526,,metadata_only
nepali song - mero maya jutho baye.mp3,nepali song - mero maya jutho baye.mp3,|mero maya jutho baye,nepali song,mero maya jutho baye,strong,526,526,,metadata_only
Nepali song - Resham Firiri.mp3,Nepali song - Resham Firiri.mp3,|resham firiri,Nepali song,Resham Firiri,strong,1650,1650,,metadata_only
nepali song - sarangi ta rete pani.mp3,nepali song - sarangi ta rete pani.mp3,|sarangi ta rete pani,nepali song,sarangi ta rete pani,strong,2156,2156,,metadata_only
Nepali Song - Timi Nai Mero Zindagiko Pahilo Ani Antim Maya Ho.mp3,Nepali Song - Timi Nai Mero Zindagiko Pahilo Ani Antim Maya Ho.mp3,|timi nai mero zindagiko pahilo ani antim maya ho,Nepali Song,Timi Nai Mero Zindagiko Pahilo Ani Antim Maya Ho,strong,526,526,,metadata_only
Nepali Song Maya Ko Fan By  Durgesh Thapa Arushi Magar Ft. Subash Karki Mahendra Shahi.m4a,Nepali Song Maya Ko Fan By  Durgesh Thapa Arushi Magar Ft. Subash Karki Mahendra Shahi.m4a,majnu thapa|maya ko fan by durgesh thapa arushi magar ft subash karki mahendra shahi,Majnu Thapa,Nepali Song Maya Ko Fan By  Durgesh Thapa Arushi Magar Ft. Subash Karki Mahendra Shahi,probable,526,,,metadata_candidate
nepali songs - aatma..ma timro aatma.ma.mp3,nepali songs - aatma..ma timro aatma.ma.mp3,s|aatma ma timro aatma ma,nepali songs,aatma..ma timro aatma.ma,strong,104,104,,metadata_only
nepali songs - baby i wanna love.mp3,nepali songs - baby i wanna love.mp3,s|baby i wanna love,nepali songs,baby i wanna love,probable,1063,,,metadata_candidate
NEPALI SONGS - DERAI MAYA- PRAMOD KHAREL.mp3,NEPALI SONGS - DERAI MAYA- PRAMOD KHAREL.mp3,s|derai maya pramod kharel,NEPALI SONGS,DERAI MAYA- PRAMOD KHAREL,strong,526,526,,metadata_only
nepali songs - dherai lai badhda phramod kharel.mp3,nepali songs - dherai lai badhda phramod kharel.mp3,s|dherai lai badhda phramod kharel,nepali songs,dherai lai badhda phramod kharel,strong,1746,1746,,metadata_only
Nepali songs - Euta bhool- yubraj karki.mp3,Nepali songs - Euta bhool- yubraj karki.mp3,s|euta bhool yubraj karki,Nepali songs,Euta bhool- yubraj karki,strong,192,192,,metadata_only
nepali songs - HEY dj.mp3,nepali songs - HEY dj.mp3,s|hey dj,nepali songs,HEY dj,weak,133,,,metadata_candidate
NEPALI SONGS - JHYALAI MA ETHOS BAND.mp3,NEPALI SONGS - JHYALAI MA ETHOS BAND.mp3,s|jhyalai ma ethos band,NEPALI SONGS,JHYALAI MA ETHOS BAND,strong,3773,3773,,metadata_only
nepali songs - jibana yo gama chaya...cover song.mp3,nepali songs - jibana yo gama chaya...cover song.mp3,s|jibana yo gama chaya song,nepali songs,jibana yo gama chaya...cover song,strong,37,37,,metadata_only
nepali songs - KARMA BAND- YADI.mp3,nepali songs - KARMA BAND- YADI.mp3,s|karma band yadi,nepali songs,KARMA BAND- YADI,weak,418,,,metadata_candidate
NEPALI SONGS - MAYA TIMILAI GARCHHU MA.mp3,NEPALI SONGS - MAYA TIMILAI GARCHHU MA.mp3,s|maya timilai garchhu ma,NEPALI SONGS,MAYA TIMILAI GARCHHU MA,strong,12,12,,metadata_only
NEPALI SONGS - MAYA TIMILAI GARCHU MA.mp3,NEPALI SONGS - MAYA TIMILAI GARCHU MA.mp3,s|maya timilai garchu ma,NEPALI SONGS,MAYA TIMILAI GARCHU MA...,strong,12,12,,metadata_only
nepali songs - Medley- maya ko dddd.mp3,nepali songs - Medley- maya ko dddd.mp3,s|medley maya ko dddd,nepali songs,Medley- maya ko dddd,strong,526,526,,metadata_only
nepali songs - mohoni lagla hai ...cover songs.mp3,nepali songs - mohoni lagla hai ...cover songs.mp3,s|mohoni lagla hai songs,nepali songs,mohoni lagla hai ...cover songs,probable,2223,,,metadata_candidate
nepali songs - muglana hera jadai xu cover songs.mp3,nepali songs - muglana hera jadai xu cover songs.mp3,s|muglana hera jadai xu songs,nepali songs,muglana hera jadai xu cover songs,weak,3152,,,metadata_candidate
Nepali songs - nachhanaa.mp3,Nepali songs - nachhanaa.mp3,s|nachhanaa,Nepali songs,nachhanaa,weak,194,,,metadata_candidate
nepali songs - Nai Nabhanu laa 3{ kammar mathi patukii.mp3,nepali songs - Nai Nabhanu laa 3{ kammar mathi patukii.mp3,s|nai nabhanu laa 3 kammar mathi patukii,nepali songs,Nai Nabhanu laa 3{ kammar mathi patukii.....,strong,2014,2014,,metadata_only
NEPALI SONGS - NAREN LIMBU - SUNA.mp3,NEPALI SONGS - NAREN LIMBU - SUNA.mp3,s|naren limbu suna,NEPALI SONGS,NAREN LIMBU - SUNA,strong,2279,2279,,metadata_only
nepali songs - ooh sana mero jana.mp3,nepali songs - ooh sana mero jana.mp3,s|ooh sana mero jana,nepali songs,ooh sana mero jana,weak,158,,,metadata_candidate
nepali songs - ritu haruma timi ....cover songs.mp3,nepali songs - ritu haruma timi ....cover songs.mp3,s|ritu haruma timi songs,nepali songs,ritu haruma timi ....cover songs,strong,457,457,,metadata_only
Nepali songs - Sajha Ko Bela.mp3,Nepali songs - Sajha Ko Bela.mp3,s|sajha ko bela,Nepali songs,Sajha Ko Bela,strong,3833,3833,,metadata_only
nepali songs - satayera timilai.mp3,nepali songs - satayera timilai.mp3,s|satayera timilai,nepali songs,satayera timilai,strong,1444,1444,,metadata_only
nepali songs - timilai ma k banautimro barema...cover songs.mp3,nepali songs - timilai ma k banautimro barema...cover songs.mp3,s|timilai ma k banautimro barema songs,nepali songs,timilai ma k banautimro barema...cover songs,strong,1555,1555,,metadata_only
nepali songs - timro muskanle.mp3,nepali songs - timro muskanle.mp3,s|timro muskanle,nepali songs,timro muskanle...,strong,1241,1241,,metadata_only
nepali songs - Track 9.mp3,nepali songs - Track 9.mp3,s|track 9,nepali songs,Track 9,probable,3782,,,metadata_candidate
nepali tihar songs - Axata rap.mp3,nepali tihar songs - Axata rap.mp3,nepali tihar songs|axata rap,nepali tihar songs,Axata rap,weak,1664,,,metadata_candidate
NEPALI TIHAR SONGS - MAKHAMALISAYAPATRI F.mp3,NEPALI TIHAR SONGS - MAKHAMALISAYAPATRI F.mp3,nepali tihar songs|makhamalisayapatri f,NEPALI TIHAR SONGS,MAKHAMALISAYAPATRI F,weak,3874,,,metadata_candidate
nepali tihar songs - new dasai tihar songs.mp3,nepali tihar songs - new dasai tihar songs.mp3,nepali tihar songs|new dasai tihar songs,nepali tihar songs,new dasai tihar songs,weak,892,,,metadata_candidate
nepali tihar songs - sugam pohkrel.mp3,nepali tihar songs - sugam pohkrel.mp3,nepali tihar songs|sugam pohkrel,nepali tihar songs,sugam pohkrel,none,493,,,metadata_candidate
nepathya - Abhab abhab.mp3,nepathya - Abhab abhab.mp3,nepathya|abhab abhab,nepathya,Abhab abhab,strong,2360,2360,,metadata_only
Nepathya - Abhav Abhavai.mp3,Nepathya - Abhav Abhavai.mp3,nepathya|abhav abhavai,Nepathya,Abhav Abhavai,weak,2360,2360,,lyrics_ambiguous_linked
Nepathya - Aina Le Rupko.mp3,Nepathya - Aina Le Rupko.mp3,nepathya|aina le rupko,Nepathya,Aina Le Rupko,weak,1691,,A-e79dbac24c,new_lyrics
Nepathya - Anurodh Mero.mp3,Nepathya - Anurodh Mero.mp3,nepathya|anurodh mero,Nepathya,Anurodh Mero,weak,3737,,,metadata_candidate
nepathya - chekya chekyo.mp3,nepathya - chekya chekyo.mp3,nepathya|chekya chekyo,nepathya,chekya chekyo,strong,2365,2365,,metadata_only
Nepathya - Gandakiko Tiraima.mp3,Nepathya - Gandakiko Tiraima.mp3,nepathya|gandakiko tiraima,Nepathya,Gandakiko Tiraima,strong,2368,2368,,metadata_only
nepathya - hami nepali mutu chune song.mp3,nepathya - hami nepali mutu chune song.mp3,nepathya|hami nepali mutu chune song,nepathya,hami nepali mutu chune song,strong,207,207,,metadata_only
Nepathya - Jharile Rujheko.mp3,Nepathya - Jharile Rujheko.mp3,nepathya|jharile rujheko,Nepathya,Jharile Rujheko,weak,1083,,,metadata_candidate
nepathya - Jomsomai Bazarma.mp3,nepathya - Jomsomai Bazarma.mp3,nepathya|jomsomai bazarma,nepathya,Jomsomai Bazarma,strong,3346,3346,,metadata_only
Nepathya - Laam Paate Surati.mp3,Nepathya - Laam Paate Surati.mp3,nepathya|laam paate surati,Nepathya,Laam Paate Surati,strong,2382,2382,,metadata_only
Nepathya - Maya Garne Bani.mp3,Nepathya - Maya Garne Bani.mp3,nepathya|maya garne bani,Nepathya,Maya Garne Bani,strong,2384,2384,,metadata_only
Nepathya - Naramro Sapana.mp3,Nepathya - Naramro Sapana.mp3,nepathya|naramro sapana,Nepathya,Naramro Sapana,strong,816,816,,metadata_only
Nepathya - Rangin Chara.mp3,Nepathya - Rangin Chara.mp3,nepathya|rangin chara,Nepathya,Rangin Chara,strong,2392,2392,,metadata_only
Nepathya - Resham (रेशम).m4a,Nepathya - Resham (रेशम).m4a,nepathya|nepathya resham रेशम,Nepathya,Nepathya - Resham (रेशम),strong,2394,2394,,metadata_only
Nepathya - Reshamm.mp3,Nepathya - Reshamm.mp3,nepathya|reshamm,Nepathya,Reshamm,strong,2395,2395,,metadata_only
Nepathya - Sa Karnali.mp3,Nepathya - Sa Karnali.mp3,nepathya|sa karnali,Nepathya,Sa Karnali,strong,2396,2396,,metadata_only
Nepathya - Samhalidina.mp3,Nepathya - Samhalidina.mp3,nepathya|samhalidina,Nepathya,Samhalidina,weak,2490,,,metadata_candidate
Nepathya - Sano Chara.mp3,Nepathya - Sano Chara.mp3,nepathya|sano chara,Nepathya,Sano Chara,strong,427,427,,metadata_only
Nepathya - Tal Ko Pani.mp3,Nepathya - Tal Ko Pani.mp3,nepathya|tal ko pani,Nepathya,Tal Ko Pani,strong,2406,2406,,metadata_only
Nepathya - Udayo Relaile.mp3,Nepathya - Udayo Relaile.mp3,nepathya|udayo relaile,Nepathya,Udayo Relaile,weak,1507,,,metadata_candidate
nepathya - Udayo.mp3,nepathya - Udayo.mp3,nepathya|udayo,nepathya,Udayo,strong,1507,1507,,metadata_only
Nepathya - Yani Maya.mp3,Nepathya - Yani Maya.mp3,nepathya|yani maya,Nepathya,Yani Maya,strong,1711,1711,,metadata_only
Nepathya - Yo Jindagani.mp3,Nepathya - Yo Jindagani.mp3,nepathya|yo jindagani,Nepathya,Yo Jindagani,strong,85,85,,metadata_only
Nepathya feat. Rabin Shrestha - Chhekyo Chhekyo.mp3,Nepathya feat. Rabin Shrestha - Chhekyo Chhekyo.mp3,nepathya feat rabin shrestha|chhekyo chhekyo,Nepathya feat. Rabin Shrestha,Chhekyo Chhekyo,strong,2365,2365,,metadata_only
"Nepathya, Amrit Gurung - Sarumai Rani.mp3","Nepathya, Amrit Gurung - Sarumai Rani.mp3",nepathya amrit gurung|sarumai rani,"Nepathya, Amrit Gurung",Sarumai Rani,weak,3139,,,metadata_candidate
"Nepathya, Rabin Shrestha - Aanganai Bhari.mp3","Nepathya, Rabin Shrestha - Aanganai Bhari.mp3",nepathya rabin shrestha|aanganai bhari,"Nepathya, Rabin Shrestha",Aanganai Bhari,strong,241,241,,metadata_only
"Nepathya, Rabin Shrestha - Barsatko Mausam.mp3","Nepathya, Rabin Shrestha - Barsatko Mausam.mp3",nepathya rabin shrestha|barsatko mausam,"Nepathya, Rabin Shrestha",Barsatko Mausam,strong,3576,3576,,metadata_only
"Nepathya, Rabin Shrestha - He Lajaune Mayalu.mp3","Nepathya, Rabin Shrestha - He Lajaune Mayalu.mp3",nepathya rabin shrestha|he lajaune mayalu,"Nepathya, Rabin Shrestha",He Lajaune Mayalu,strong,56,56,,metadata_only
"Nepathya, Rabin Shrestha - Maitighar Chhadi.mp3","Nepathya, Rabin Shrestha - Maitighar Chhadi.mp3",nepathya rabin shrestha|maitighar chhadi,"Nepathya, Rabin Shrestha",Maitighar Chhadi,weak,292,,,metadata_candidate
"Nepathya, Rabin Shrestha - Nakkali Kanchhi.mp3","Nepathya, Rabin Shrestha - Nakkali Kanchhi.mp3",nepathya rabin shrestha|nakkali kanchhi,"Nepathya, Rabin Shrestha",Nakkali Kanchhi,strong,420,420,,metadata_only
NepHop Ko Yama Buddha - POWERNIX.m4a,NepHop Ko Yama Buddha - POWERNIX.m4a,powernix|nephop ko yama buddha powernix,POWERNIX,NepHop Ko Yama Buddha - POWERNIX,weak,1847,,,metadata_candidate
Nepsydaz -She's my girl.m4a,Nepsydaz -She's my girl.m4a,uckvzqfq0eivvb0r2s3yataa|nepsydaz she s my girl,UCKvZqfQ0eIVvB0r2s3yaTaA,Nepsydaz -She's my girl,none,,,,no_lyrics
New Hit Teej song 2014 Subakamana - Laxu Malla & Ganga G.M- Jharna & Arjun (Actor) - Dhital Films www.lovenepal.net.mp3,New Hit Teej song 2014 Subakamana - Laxu Malla & Ganga G.M- Jharna & Arjun (Actor) - Dhital Films www.lovenepal.net.mp3,archive org|new hit teej song subakamana laxu malla ganga g m jharna arjun actor dhital films,archive.org,New Hit Teej song 2014 Subakamana - Laxu Malla & Ganga G.M- Jharna & Arjun (Actor) - Dhital Films www.lovenepal.net,weak,3163,,,metadata_candidate
New Nepali Lok Dohori 2073_2016AUTHI CHINO CHHA - Dinesh Kafle & Kavya Achar.mp3,New Nepali Lok Dohori 2073_2016AUTHI CHINO CHHA - Dinesh Kafle & Kavya Achar.mp3,new nepali lok dohori 2016authi chino chha|dinesh kafle kavya achar,New Nepali Lok Dohori 2073/2016AUTHI CHINO CHHA,Dinesh Kafle & Kavya Achar,weak,1587,,,metadata_candidate
New Nepali Lok Geet 2015Sadhai Bhari Sasural Najanu by Bishnu Sapkota and Mina Singh - Lok Suseli.mp3,New Nepali Lok Geet 2015Sadhai Bhari Sasural Najanu by Bishnu Sapkota and Mina Singh - Lok Suseli.mp3,new nepali lok geet 2015sadhai bhari sasural najanu by bishnu sapkota and mina singh|lok suseli,New Nepali Lok Geet 2015Sadhai Bhari Sasural Najanu by Bishnu Sapkota and Mina Singh,Lok Suseli,weak,3888,,,metadata_candidate
New Nepali Rap Song 2020.m4a,New Nepali Rap Song 2020.m4a,parmu jr|new,parmu jr,New Nepali Rap Song 2020,none,,,,no_lyrics
New Nepali Rap song Bob Marley Ko Fan Mata.mp3,New Nepali Rap song Bob Marley Ko Fan Mata.mp3,r black artist|new bob marley ko fan mata,R-Black Artist,New Nepali Rap song Bob Marley Ko Fan Mata,none,,,,no_lyrics
new nepali rap song NISHANA by G.pal.mp3,new nepali rap song NISHANA by G.pal.mp3,aka gpal 303 boyz denver cws gangs|new nishana by g pal,"aka Gpal, 303 boyz, denver cws gangs.",new nepali rap song NISHANA by G.pal,weak,3418,,,metadata_candidate
New Nepali Salijo ⧸⧸ नया सालैजो ⧸⧸ Bishow Dong & Chij ⧸⧸ Pahichan ⧸⧸.m4a,New Nepali Salijo ⧸⧸ नया सालैजो ⧸⧸ Bishow Dong & Chij ⧸⧸ Pahichan ⧸⧸.m4a,indreni digital media|new nepali salijo नया सालैजो bishow dong chij pahichan,Indreni Digital Media,New Nepali Salijo // नया सालैजो // Bishow Dong & Chij // Pahichan //,weak,207,,,metadata_candidate
New Nepali Song Maya Ko Fan By  Durgesh Thapa Arushi Magar Ft. Subash Karki Mahendra Shahi.m4a,New Nepali Song Maya Ko Fan By  Durgesh Thapa Arushi Magar Ft. Subash Karki Mahendra Shahi.m4a,nepalbuzz|maya ko fan by durgesh thapa arushi magar ft subash karki mahendra shahi,NepalBuzz,New Nepali Song Maya Ko Fan By  Durgesh Thapa Arushi Magar Ft. Subash Karki Mahendra Shahi,weak,526,,,metadata_candidate
New Nepali Teej Song 2073 - Lastai Choti Komal Oli & Pashupati Sharma - K Series www.freenepalisong.com.mp3,New Nepali Teej Song 2073 - Lastai Choti Komal Oli & Pashupati Sharma - K Series www.freenepalisong.com.mp3,archive org|new nepali teej song lastai choti komal oli pashupati sharma k series,archive.org,New Nepali Teej Song 2073 - Lastai Choti Komal Oli & Pashupati Sharma - K Series www.freenepalisong.com,weak,207,,,metadata_candidate
New Nepali Teej Song 2073%2F2016 - Sari Mathi Sarera - Prashant Poudel & Ritu Thapa - Arghadarbar Film www.freenepalison.mp3,New Nepali Teej Song 2073%2F2016 - Sari Mathi Sarera - Prashant Poudel & Ritu Thapa - Arghadarbar Film www.freenepalison.mp3,archive org|new nepali teej song 2f2016 sari mathi sarera prashant poudel ritu thapa arghadarbar film,archive.org,New Nepali Teej Song 2073%2F2016 - Sari Mathi Sarera - Prashant Poudel & Ritu Thapa - Arghadarbar Film www.freenepalisong.com,weak,207,,,metadata_candidate
New Nepali Teej Song 2073_2016-Teej Najik Aayoo(तीज नजिक आयो )by Puja Pariyar Ft.Nita Dhungana-www.Devchuli.Net.mp3,New Nepali Teej Song 2073_2016-Teej Najik Aayoo(तीज नजिक आयो )by Puja Pariyar Ft.Nita Dhungana-www.Devchuli.Net.mp3,archive org|new nepali teej song 2073_2016 teej najik aayoo तीज नजिक आयो by puja pariyar ft nita dhungana,archive.org,New Nepali Teej Song 2073_2016-Teej Najik Aayoo(तीज नजिक आयो )by Puja Pariyar Ft.Nita Dhungana-www.Devchuli.Net,weak,207,,,metadata_candidate
New Nepali Teej Song 2073_2016-Teej Najik Aayoo(तीज नजिक आयो )by Puja Pariyar Ft.Nita Dhungana.ogg,New Nepali Teej Song 2073_2016-Teej Najik Aayoo(तीज नजिक आयो )by Puja Pariyar Ft.Nita Dhungana.ogg,archive org|new nepali teej song 2073_2016 teej najik aayoo तीज नजिक आयो by puja pariyar ft nita dhungana,archive.org,New Nepali Teej Song 2073_2016-Teej Najik Aayoo(तीज नजिक आयो )by Puja Pariyar Ft.Nita Dhungana,weak,207,,,metadata_candidate
New Selo Pop song ｜ Ghumna po Jada by Bishwo Dong ft. Prateek Ngesyur & Shrijana Tamang.m4a,New Selo Pop song ｜ Ghumna po Jada by Bishwo Dong ft. Prateek Ngesyur & Shrijana Tamang.m4a,jigme media|new selo pop song,Jigme Media,New Selo Pop song | Ghumna po Jada by Bishwo Dong ft. Prateek Ngesyur & Shrijana Tamang,weak,3163,,,metadata_candidate
New Sherpa Song 2016_Allami hoss by Sonam J Sherpa - New Sherpa Song 2016_Allami hoss by Sonam J Sherpa.mp3,New Sherpa Song 2016_Allami hoss by Sonam J Sherpa - New Sherpa Song 2016_Allami hoss by Sonam J Sherpa.mp3,new sherpa song allami hoss by sonam j sherpa|new sherpa song allami hoss by sonam j sherpa,New Sherpa Song 2016/Allami hoss by Sonam J Sherpa,New Sherpa Song 2016/Allami hoss by Sonam J Sherpa,weak,3163,,,metadata_candidate
"new teej song 2073,parti pyalens ma dans by sangita basyal ,vocal sangita basyal ,music liris ,kumar bibaht ,marcket by.mp3","new teej song 2073,parti pyalens ma dans by sangita basyal ,vocal sangita basyal ,music liris ,kumar bibaht ,marcket by.mp3",archive org|new teej song parti pyalens ma dans by sangita basyal vocal sangita basyal music liris kumar bibaht marcket by tirshan music pvt ltd,archive.org,"new teej song 2073,parti pyalens ma dans by sangita basyal ,vocal sangita basyal ,music liris ,kumar bibaht ,marcket by tirshan music pvt ltdwww.Devchuli.Net",weak,3773,,,metadata_candidate
New Teej Song 2074 _ Jhumke Bulaki - Dhanraj Chunara & Khadak Kumari Pun Ft. Lalit & Alisan-www.Devchuli.Net.mp3,New Teej Song 2074 _ Jhumke Bulaki - Dhanraj Chunara & Khadak Kumari Pun Ft. Lalit & Alisan-www.Devchuli.Net.mp3,archive org|new teej song _ jhumke bulaki dhanraj chunara khadak kumari pun ft lalit alisan,archive.org,New Teej Song 2074 _ Jhumke Bulaki - Dhanraj Chunara & Khadak Kumari Pun Ft. Lalit & Alisan-www.Devchuli.Net,weak,116,,,metadata_candidate
New Teej Song 2074 _ Mahuri Phoolaiko Rasaima - Dhanraj Chunara & Laxmi KC Ft. Milan & Lila.ogg,New Teej Song 2074 _ Mahuri Phoolaiko Rasaima - Dhanraj Chunara & Laxmi KC Ft. Milan & Lila.ogg,archive org|new teej song _ mahuri phoolaiko rasaima dhanraj chunara laxmi kc ft milan lila,archive.org,New Teej Song 2074 _ Mahuri Phoolaiko Rasaima - Dhanraj Chunara & Laxmi KC Ft. Milan & Lila,weak,2521,,,metadata_candidate
"New Teej Song 2074,,Jhumka Lauli- Kamal BC Maldai & Sita Bohara,, Sabda,Laya- Kamal BC Maldai,,Bageshwori Music.mp3","New Teej Song 2074,,Jhumka Lauli- Kamal BC Maldai & Sita Bohara,, Sabda,Laya- Kamal BC Maldai,,Bageshwori Music.mp3",archive org|new teej song jhumka lauli kamal bc maldai sita bohara sabda laya kamal bc maldai bageshwori music,archive.org,"New Teej Song 2074,,Jhumka Lauli- Kamal BC Maldai & Sita Bohara,, Sabda,Laya- Kamal BC Maldai,,Bageshwori Music",weak,3163,,,metadata_candidate
New teej song by sahima.mp3,New teej song by sahima.mp3,srikrishna bhattarai|new teej song by sahima,Srikrishna Bhattarai,New teej song by sahima,weak,3163,,,metadata_candidate
new_hit_teej_song_2014_subakamana_-_laxu_malla www.lovenepal.net.ogg,new_hit_teej_song_2014_subakamana_-_laxu_malla www.lovenepal.net.ogg,archive org|new_hit_teej_song_2014_subakamana_ _laxu_malla,archive.org,new_hit_teej_song_2014_subakamana_-_laxu_malla www.lovenepal.net,none,,,,no_lyrics
Newari- Nepsydaz.m4a,Newari- Nepsydaz.m4a,uckvzqfq0eivvb0r2s3yataa|newari nepsydaz,UCKvZqfQ0eIVvB0r2s3yaTaA,Newari- Nepsydaz,none,,,,no_lyrics
NG - Maan   New Nepali Rap Song   Nepz Guru.mp3,NG - Maan   New Nepali Rap Song   Nepz Guru.mp3,rowsanoffical|ng maan new nepz guru,Rowsanoffical,NG - Maan   New Nepali Rap Song   Nepz Guru,weak,3819,,,metadata_candidate
"Nigma Sherpa, Mona Galan, Tek Bhr, Chandra Waiba - Suna Hai Maichiyang.mp3","Nigma Sherpa, Mona Galan, Tek Bhr, Chandra Waiba - Suna Hai Maichiyang.mp3",nigma sherpa mona galan tek bhr chandra waiba|suna hai maichiyang,"Nigma Sherpa, Mona Galan, Tek Bhr, Chandra Waiba",Suna Hai Maichiyang,weak,2290,,,metadata_candidate
Nihal Bomzon - Maya Garne Chu.mp3,Nihal Bomzon - Maya Garne Chu.mp3,nihal bomzon|maya garne chu,Nihal Bomzon,Maya Garne Chu,weak,526,,,metadata_candidate
NIka Cobweb - Jade.mp3,NIka Cobweb - Jade.mp3,nika cobweb|jade,NIka Cobweb,Jade,weak,1844,,,metadata_candidate
NIka Cobweb - Lynch.mp3,NIka Cobweb - Lynch.mp3,nika cobweb|lynch,NIka Cobweb,Lynch,weak,,,,no_lyrics
NIka Cobweb - Stand My Ground.mp3,NIka Cobweb - Stand My Ground.mp3,nika cobweb|stand my ground,NIka Cobweb,Stand My Ground,weak,171,,,new_lyrics_non_nepali
Nima Rumba & Anna Dewan - Aauna Sangai Nachau.mp3,Nima Rumba & Anna Dewan - Aauna Sangai Nachau.mp3,nima rumba anna dewan|aauna sangai nachau,Nima Rumba & Anna Dewan,Aauna Sangai Nachau,strong,3230,3230,,metadata_only
Nima Rumba & Beby K C - Kaslai Diun Yo Joban.mp3,Nima Rumba & Beby K C - Kaslai Diun Yo Joban.mp3,nima rumba beby k c|kaslai diun yo joban,Nima Rumba & Beby K C,Kaslai Diun Yo Joban,weak,3736,,,metadata_candidate
Nima Rumba - Aafnai Desha Pyaro.mp3,Nima Rumba - Aafnai Desha Pyaro.mp3,nima rumba|aafnai desha pyaro,Nima Rumba,Aafnai Desha Pyaro,weak,2817,,A-8af6d8db73,new_lyrics
Nima Rumba - Aau Aau Na.mp3,Nima Rumba - Aau Aau Na.mp3,nima rumba|aau aau na,Nima Rumba,Aau Aau Na,strong,182,182,,metadata_only
Nima Rumba - Afnai Desh Pyaro.mp3,Nima Rumba - Afnai Desh Pyaro.mp3,nima rumba|afnai desh pyaro,Nima Rumba,Afnai Desh Pyaro,weak,3970,,,metadata_candidate
Nima Rumba - Bachna Gahro.mp3,Nima Rumba - Bachna Gahro.mp3,nima rumba|bachna gahro,Nima Rumba,Bachna Gahro,weak,4085,,,metadata_candidate
Nima Rumba - Block Heel Shoes.mp3,Nima Rumba - Block Heel Shoes.mp3,nima rumba|block heel shoes,Nima Rumba,Block Heel Shoes,weak,2432,,,metadata_candidate
Nima Rumba - Block heel.mp3,Nima Rumba - Block heel.mp3,nima rumba|block heel,Nima Rumba,Block heel,probable,2432,,,metadata_candidate
Nima Rumba - Block Hill.mp3,Nima Rumba - Block Hill.mp3,nima rumba|block hill,Nima Rumba,Block Hill,strong,2432,2432,,metadata_only
Nima Rumba - Chiso Chiso.mp3,Nima Rumba - Chiso Chiso.mp3,nima rumba|chiso chiso,Nima Rumba,Chiso Chiso,strong,859,859,,metadata_only
Nima Rumba - Danda pari.mp3,Nima Rumba - Danda pari.mp3,nima rumba|danda pari,Nima Rumba,Danda pari,strong,270,270,,metadata_only
Nima Rumba - Happy Birthday (2).mp3,Nima Rumba - Happy Birthday (2).mp3,nima rumba|happy birthday,Nima Rumba,Happy Birthday,weak,,,A-f2e45dcebc,new_lyrics
Nima Rumba - Jadai chu ma hai.mp3,Nima Rumba - Jadai chu ma hai.mp3,nima rumba|jadai chu ma hai,Nima Rumba,Jadai chu ma hai,strong,3773,3773,,metadata_only
Nima Rumba - Jeevan Bigaryo.mp3,Nima Rumba - Jeevan Bigaryo.mp3,nima rumba|jeevan bigaryo,Nima Rumba,Jeevan Bigaryo,strong,1155,1155,,metadata_only
Nima Rumba - Juneli Raat Ma.mp3,Nima Rumba - Juneli Raat Ma.mp3,nima rumba|juneli raat ma,Nima Rumba,Juneli Raat Ma,strong,3773,3773,,metadata_only
Nima Rumba - Lalita.mp3,Nima Rumba - Lalita.mp3,nima rumba|lalita,Nima Rumba,Lalita,weak,1038,,,metadata_candidate
Nima Rumba - Maya maya.mp3,Nima Rumba - Maya maya.mp3,nima rumba|maya maya,Nima Rumba,Maya maya,strong,2438,2438,,metadata_only
Nima Rumba - Maya Priti Gansu Bhanda.mp3,Nima Rumba - Maya Priti Gansu Bhanda.mp3,nima rumba|maya priti gansu bhanda,Nima Rumba,Maya Priti Gansu Bhanda,strong,526,526,,metadata_only
Nima Rumba - Meri Preyashi.mp3,Nima Rumba - Meri Preyashi.mp3,nima rumba|meri preyashi,Nima Rumba,Meri Preyashi,probable,2439,2062,,lyrics_ambiguous_linked
Nima Rumba - My Thought.mp3,Nima Rumba - My Thought.mp3,nima rumba|my thought,Nima Rumba,My Thought,weak,,,,no_lyrics
Nima Rumba - Naya Naya.mp3,Nima Rumba - Naya Naya.mp3,nima rumba|naya naya,Nima Rumba,Naya Naya,strong,777,777,,metadata_only
Nima Rumba - Pagal.mp3,Nima Rumba - Pagal.mp3,nima rumba|pagal,Nima Rumba,Pagal,strong,3574,3574,,metadata_only
Nima Rumba - Preeti Basyo.mp3,Nima Rumba - Preeti Basyo.mp3,nima rumba|preeti basyo,Nima Rumba,Preeti Basyo,strong,2442,2442,,metadata_only
Nima Rumba - Priti Basyo.mp3,Nima Rumba - Priti Basyo.mp3,nima rumba|priti basyo,Nima Rumba,Priti Basyo,probable,2442,,,metadata_candidate
Nima Rumba - Priyasi.mp3,Nima Rumba - Priyasi.mp3,nima rumba|priyasi,Nima Rumba,Priyasi,strong,2439,2439,,metadata_only
Nima Rumba - Ramailo yo sanjha.mp3,Nima Rumba - Ramailo yo sanjha.mp3,nima rumba|ramailo yo sanjha,Nima Rumba,Ramailo yo sanjha,weak,163,,,metadata_candidate
Nima Rumba - Sajha ko jet plane ma.mp3,Nima Rumba - Sajha ko jet plane ma.mp3,nima rumba|sajha ko jet plane ma,Nima Rumba,Sajha ko jet plane ma,strong,3773,3773,,metadata_only
Nima Rumba - Samjhera ti din haru.mp3,Nima Rumba - Samjhera ti din haru.mp3,nima rumba|samjhera ti din haru,Nima Rumba,Samjhera ti din haru,strong,419,419,,metadata_only
Nima Rumba - Samjhera timi.mp3,Nima Rumba - Samjhera timi.mp3,nima rumba|samjhera timi,Nima Rumba,Samjhera timi,strong,752,752,,metadata_only
Nima Rumba - Subarna Pur.mp3,Nima Rumba - Subarna Pur.mp3,nima rumba|subarna pur,Nima Rumba,Subarna Pur,weak,2095,,,metadata_candidate
Nima Rumba - Sundar.mp3,Nima Rumba - Sundar.mp3,nima rumba|sundar,Nima Rumba,Sundar,strong,2403,2403,,metadata_only
Nima Rumba - Sweet Heart (2).mp3,Nima Rumba - Sweet Heart (2).mp3,nima rumba|sweet heart,Nima Rumba,Sweet Heart,weak,808,,A-b54b0f05c9,new_lyrics
Nima Rumba - Timilai Aankhama.mp3,Nima Rumba - Timilai Aankhama.mp3,nima rumba|timilai aankhama,Nima Rumba,Timilai Aankhama,strong,1555,1555,,metadata_only
Nima Rumba - Timro Yaad Le.mp3,Nima Rumba - Timro Yaad Le.mp3,nima rumba|timro yaad le,Nima Rumba,Timro Yaad Le,strong,329,329,,metadata_only
"Nimto Supari ｜｜ PARAL KO AAGO Movie Song 2026 ｜｜ Saugat Malla, Suhana Thapa, Prakash Saput, Srijana.m4a","Nimto Supari ｜｜ PARAL KO AAGO Movie Song 2026 ｜｜ Saugat Malla, Suhana Thapa, Prakash Saput, Srijana.m4a",osrdigital|nimto supari,OSRDigital,"Nimto Supari || PARAL KO AAGO Movie Song 2026 || Saugat Malla, Suhana Thapa, Prakash Saput, Srijana",weak,821,,,metadata_candidate
Ninja Turtles Rapper - Lebih Baik Gak Punya Pacar.mp3,Ninja Turtles Rapper - Lebih Baik Gak Punya Pacar.mp3,ewin agatha tritunggal|ninja turtles rapper lebih baik gak punya pacar,Ewin Agatha Tritunggal,Ninja Turtles Rapper - Lebih Baik Gak Punya Pacar,none,,,,no_lyrics
Nira Ranabhat Feat. Deepak Limbu - Aau Garau Pirati.mp3,Nira Ranabhat Feat. Deepak Limbu - Aau Garau Pirati.mp3,nira ranabhat feat deepak limbu|aau garau pirati,Nira Ranabhat Feat. Deepak Limbu,Aau Garau Pirati,weak,2159,,,metadata_candidate
"Nira Ranabhat, Deepak Limbu - Aau Garau Piratika.mp3","Nira Ranabhat, Deepak Limbu - Aau Garau Piratika.mp3",nira ranabhat deepak limbu|aau garau piratika,"Nira Ranabhat, Deepak Limbu",Aau Garau Piratika,weak,1162,,,metadata_candidate
Nirbachan Rai - Kanchhi Basin.mp3,Nirbachan Rai - Kanchhi Basin.mp3,nirbachan rai|kanchhi basin,Nirbachan Rai,Kanchhi Basin,weak,420,,,metadata_candidate
Nishan Bhattarai feat. Melina Rai - Kutu Kutu.mp3,Nishan Bhattarai feat. Melina Rai - Kutu Kutu.mp3,nishan bhattarai feat melina rai|kutu kutu,Nishan Bhattarai feat. Melina Rai,Kutu Kutu,strong,3142,3142,,metadata_only
Nishani '53 Shraddhanjali - Gopal Yonjan - 9.mp3,Nishani '53 Shraddhanjali - Gopal Yonjan - 9.mp3,nepalsounds|nishani 53 shraddhanjali gopal yonjan 9,NepalSounds,Nishani '53 Shraddhanjali - Gopal Yonjan - 9,none,,,,no_lyrics
Nishit Malkania - Jai Shiv Shankar Bhole Nath.mp3,Nishit Malkania - Jai Shiv Shankar Bhole Nath.mp3,nishit malkania|jai shiv shankar bhole nath,Nishit Malkania,Jai Shiv Shankar Bhole Nath,weak,1543,,,metadata_candidate
Nk Raja Nepali - Dhamaka Sareaam Hojai.mp3,Nk Raja Nepali - Dhamaka Sareaam Hojai.mp3,nk raja nepali|dhamaka sareaam hojai,Nk Raja Nepali,Dhamaka Sareaam Hojai,weak,2808,,,metadata_candidate
Nk Raja Nepali - Dulhin Kariya Chahai Gor Hoi.mp3,Nk Raja Nepali - Dulhin Kariya Chahai Gor Hoi.mp3,nk raja nepali|dulhin kariya chahai gor hoi,Nk Raja Nepali,Dulhin Kariya Chahai Gor Hoi,none,,,,no_lyrics
NO PLAY THING FEAT LIL DEVIN - BUDDHA - #PUTITONTHEBEAM.m4a,NO PLAY THING FEAT LIL DEVIN - BUDDHA - #PUTITONTHEBEAM.m4a,putitonthebeam|no play thing feat lil devin buddha putitonthebeam,#PUTITONTHEBEAM,NO PLAY THING FEAT LIL DEVIN - BUDDHA - #PUTITONTHEBEAM,weak,3051,,,metadata_candidate
no te puedo sacar prod.visente.m4a,no te puedo sacar prod.visente.m4a,visentito2002 aka visenteshawty|no te puedo sacar,visentito2002 aka visenteshawty,no te puedo sacar prod.visente,none,,,,no_lyrics
No Te Puedo Sacar.m4a,No Te Puedo Sacar.m4a,taquitoprod|no te puedo sacar,TaquitoProd,No Te Puedo Sacar,none,,,,no_lyrics
"No, Not Again! (Hamro Mato Hamro Desh) - MAAGNE RAJA Movie Song ｜｜ Kedar Ghimire, Barsha, Aryan.m4a","No, Not Again! (Hamro Mato Hamro Desh) - MAAGNE RAJA Movie Song ｜｜ Kedar Ghimire, Barsha, Aryan.m4a",osrdigital|no not again hamro mato hamro desh maagne raja movie song,OSRDigital,"No, Not Again! (Hamro Mato Hamro Desh) - MAAGNE RAJA Movie Song || Kedar Ghimire, Barsha, Aryan",weak,440,,,metadata_candidate
Nomad feat. Kandara Diebaté - Badala.mp3,Nomad feat. Kandara Diebaté - Badala.mp3,nomad feat kandara diebaté|badala,Nomad feat. Kandara Diebaté,Badala,probable,2716,,,metadata_candidate
Nomad feat. Kandara Diebaté - Balafola.mp3,Nomad feat. Kandara Diebaté - Balafola.mp3,nomad feat kandara diebaté|balafola,Nomad feat. Kandara Diebaté,Balafola,weak,88,,,metadata_candidate
Nomad feat. Kandara Diebaté - Cassamance.mp3,Nomad feat. Kandara Diebaté - Cassamance.mp3,nomad feat kandara diebaté|cassamance,Nomad feat. Kandara Diebaté,Cassamance,weak,1988,,,metadata_candidate
Nomad feat. Kandara Diebaté - Confiance En Soi.mp3,Nomad feat. Kandara Diebaté - Confiance En Soi.mp3,nomad feat kandara diebaté|confiance en soi,Nomad feat. Kandara Diebaté,Confiance En Soi,weak,,,,no_lyrics
Nomad feat. Kandara Diebaté - Dugga.mp3,Nomad feat. Kandara Diebaté - Dugga.mp3,nomad feat kandara diebaté|dugga,Nomad feat. Kandara Diebaté,Dugga,weak,2969,,,metadata_candidate
Nomad feat. Kandara Diebaté - Fabara.mp3,Nomad feat. Kandara Diebaté - Fabara.mp3,nomad feat kandara diebaté|fabara,Nomad feat. Kandara Diebaté,Fabara,weak,822,,,metadata_candidate
Nomad feat. Kandara Diebaté - Sokhna Si.mp3,Nomad feat. Kandara Diebaté - Sokhna Si.mp3,nomad feat kandara diebaté|sokhna si,Nomad feat. Kandara Diebaté,Sokhna Si,weak,846,,,metadata_candidate
Nomad feat. Kandara Diebaté - Xebate.mp3,Nomad feat. Kandara Diebaté - Xebate.mp3,nomad feat kandara diebaté|xebate,Nomad feat. Kandara Diebaté,Xebate,weak,4044,,,metadata_candidate
Noor Jehan - Dil Kamla Sajjan Kamla.mp3,Noor Jehan - Dil Kamla Sajjan Kamla.mp3,noor jehan|dil kamla sajjan kamla,Noor Jehan,Dil Kamla Sajjan Kamla,none,2610,,,metadata_candidate
Noor Jehan - Sajjan Mull Puchhiya Ae Pyar Da.mp3,Noor Jehan - Sajjan Mull Puchhiya Ae Pyar Da.mp3,noor jehan|sajjan mull puchhiya ae pyar da,Noor Jehan,Sajjan Mull Puchhiya Ae Pyar Da,none,,,,no_lyrics
"Noor Jehan, Bakhshi Wazir, Tanveer Naqvi - Sajjan Ghairat Wala.mp3","Noor Jehan, Bakhshi Wazir, Tanveer Naqvi - Sajjan Ghairat Wala.mp3",noor jehan bakhshi wazir tanveer naqvi|sajjan ghairat wala,"Noor Jehan, Bakhshi Wazir, Tanveer Naqvi",Sajjan Ghairat Wala,weak,1370,,,metadata_candidate
"Noor Jehan, Inayat Hussain Bhatti - Ji O Sajjan Pyariya.mp3","Noor Jehan, Inayat Hussain Bhatti - Ji O Sajjan Pyariya.mp3",noor jehan inayat hussain bhatti|ji o sajjan pyariya,"Noor Jehan, Inayat Hussain Bhatti",Ji O Sajjan Pyariya,none,3246,,,metadata_candidate
"Noor Jehan, Inayat Hussain, Hazeen Qadri, Ghulam Ahmed Chishti - Geo Sajjan Pyarya.mp3","Noor Jehan, Inayat Hussain, Hazeen Qadri, Ghulam Ahmed Chishti - Geo Sajjan Pyarya.mp3",noor jehan inayat hussain hazeen qadri ghulam ahmed chishti|geo sajjan pyarya,"Noor Jehan, Inayat Hussain, Hazeen Qadri, Ghulam Ahmed Chishti",Geo Sajjan Pyarya,none,3246,,,metadata_candidate
"Noor Jehan, Khawaja Pervaiz, Ghulam Ahmed Chishti - Sajjan Mull Puchhiya A Pyar Da Main Kamli Hoi.mp3","Noor Jehan, Khawaja Pervaiz, Ghulam Ahmed Chishti - Sajjan Mull Puchhiya A Pyar Da Main Kamli Hoi.mp3",noor jehan khawaja pervaiz ghulam ahmed chishti|sajjan mull puchhiya a pyar da main kamli hoi,"Noor Jehan, Khawaja Pervaiz, Ghulam Ahmed Chishti",Sajjan Mull Puchhiya A Pyar Da Main Kamli Hoi,none,,,,no_lyrics
"Noor Jehan, Khawaja Pervaiz, Wajahat Attray - Sajjan Milya Pooray Ho Geye Meray Dil Day Chah.mp3","Noor Jehan, Khawaja Pervaiz, Wajahat Attray - Sajjan Milya Pooray Ho Geye Meray Dil Day Chah.mp3",noor jehan khawaja pervaiz wajahat attray|sajjan milya pooray ho geye meray dil day chah,"Noor Jehan, Khawaja Pervaiz, Wajahat Attray",Sajjan Milya Pooray Ho Geye Meray Dil Day Chah,none,357,,,metadata_candidate
"Noor Jehan, Mushtaq Ali, Masroor Anwar - Sajjan Russ Painday Nay.mp3","Noor Jehan, Mushtaq Ali, Masroor Anwar - Sajjan Russ Painday Nay.mp3",noor jehan mushtaq ali masroor anwar|sajjan russ painday nay,"Noor Jehan, Mushtaq Ali, Masroor Anwar",Sajjan Russ Painday Nay,none,,,,no_lyrics
"Noor Jehan, Tasleem Fazli, Nisar Bazmi - Sajjan Mere Hone Wale Hain.mp3","Noor Jehan, Tasleem Fazli, Nisar Bazmi - Sajjan Mere Hone Wale Hain.mp3",noor jehan tasleem fazli nisar bazmi|sajjan mere hone wale hain,"Noor Jehan, Tasleem Fazli, Nisar Bazmi",Sajjan Mere Hone Wale Hain,none,,,,no_lyrics
Noorul Huda Nepali - Dama Dam Mast Qalandar.mp3,Noorul Huda Nepali - Dama Dam Mast Qalandar.mp3,noorul huda nepali|dama dam mast qalandar,Noorul Huda Nepali,Dama Dam Mast Qalandar,none,,,,no_lyrics
Noorul Huda Nepali - Nigahe Naaz Se Dil KO.mp3,Noorul Huda Nepali - Nigahe Naaz Se Dil KO.mp3,noorul huda nepali|nigahe naaz se dil ko,Noorul Huda Nepali,Nigahe Naaz Se Dil KO,none,357,,,metadata_candidate
Nr.14.mp3,Nr.14.mp3,classwar karaoke|nr 14,Classwar Karaoke,Nr.14,none,,,,no_lyrics
Nr.15.mp3,Nr.15.mp3,classwar karaoke|nr 15,Classwar Karaoke,Nr.15,none,,,,no_lyrics
Nusrat Sardol feat. Qaiser Kandara - Tasveeran.mp3,Nusrat Sardol feat. Qaiser Kandara - Tasveeran.mp3,nusrat sardol feat qaiser kandara|tasveeran,Nusrat Sardol feat. Qaiser Kandara,Tasveeran,weak,4101,,,metadata_candidate
"Oii Oii Chameli ｜ CHAMELI KO POI Movie Song 2026 ｜ Surakshya Panta, Narayan Tripathi, Wilson Bikram.m4a","Oii Oii Chameli ｜ CHAMELI KO POI Movie Song 2026 ｜ Surakshya Panta, Narayan Tripathi, Wilson Bikram.m4a",osrdigital|oii oii chameli,OSRDigital,"Oii Oii Chameli | CHAMELI KO POI Movie Song 2026 | Surakshya Panta, Narayan Tripathi, Wilson Bikram",none,3263,,,metadata_candidate
Old Nagpuri song ｜ Budhi man v kare fashion haaye re chodi man ke deikh deikh ke.m4a,Old Nagpuri song ｜ Budhi man v kare fashion haaye re chodi man ke deikh deikh ke.m4a,dj nagpuri|old nagpuri song,DJ NAGPURI,Old Nagpuri song | Budhi man v kare fashion haaye re chodi man ke deikh deikh ke,weak,3163,,,metadata_candidate
Old School Trap Type Beat ｜ Alpha Wann x Nepal - Revenge.m4a,Old School Trap Type Beat ｜ Alpha Wann x Nepal - Revenge.m4a,type b|old school trap type beat,Type B,Old School Trap Type Beat | Alpha Wann x Nepal - Revenge,weak,969,,,metadata_candidate
"Om Namah Shivaye ｜ PAHAAD Movie Song 2026 ｜ Sunil Thapa, Arun Chhetri, Panchami Ghimirey, Renu Nath.m4a","Om Namah Shivaye ｜ PAHAAD Movie Song 2026 ｜ Sunil Thapa, Arun Chhetri, Panchami Ghimirey, Renu Nath.m4a",osrdigital|om namah shivaye,OSRDigital,"Om Namah Shivaye | PAHAAD Movie Song 2026 | Sunil Thapa, Arun Chhetri, Panchami Ghimirey, Renu Nath",weak,2336,,,metadata_candidate
Om Prakash Nepali - Ab Ki Balen Ke Jitaiha.mp3,Om Prakash Nepali - Ab Ki Balen Ke Jitaiha.mp3,om prakash nepali|ab ki balen ke jitaiha,Om Prakash Nepali,Ab Ki Balen Ke Jitaiha,none,,,,no_lyrics
Om Prakash Nepali - Ab Ki Banaibai Ge Maugi Balen Sarkar Ge.mp3,Om Prakash Nepali - Ab Ki Banaibai Ge Maugi Balen Sarkar Ge.mp3,om prakash nepali|ab ki banaibai ge maugi balen sarkar ge,Om Prakash Nepali,Ab Ki Banaibai Ge Maugi Balen Sarkar Ge,none,,,,no_lyrics
Om Prakash Nepali - Bain Gelai Bhaiya Balen Sarkar Ho.mp3,Om Prakash Nepali - Bain Gelai Bhaiya Balen Sarkar Ho.mp3,om prakash nepali|bain gelai bhaiya balen sarkar ho,Om Prakash Nepali,Bain Gelai Bhaiya Balen Sarkar Ho,none,,,,no_lyrics
Om Prakash Nepali - Mile Aan Jange Janakpur Bihan Ge.mp3,Om Prakash Nepali - Mile Aan Jange Janakpur Bihan Ge.mp3,om prakash nepali|mile aan jange janakpur bihan ge,Om Prakash Nepali,Mile Aan Jange Janakpur Bihan Ge,none,,,,no_lyrics
Om Prakash Nepali - Niman Kaniya Diye Debi Maiya.mp3,Om Prakash Nepali - Niman Kaniya Diye Debi Maiya.mp3,om prakash nepali|niman kaniya diye debi maiya,Om Prakash Nepali,Niman Kaniya Diye Debi Maiya,none,2012,,,metadata_candidate
"Om Sunar, Melina Rai feat. Salon Basnet - Chandrama Jhai.mp3","Om Sunar, Melina Rai feat. Salon Basnet - Chandrama Jhai.mp3",om sunar melina rai feat salon basnet|chandrama jhai,"Om Sunar, Melina Rai feat. Salon Basnet",Chandrama Jhai,probable,649,,,metadata_candidate
"Omarion - Post To Be (Official Remix) Ft. Dej Loaf, Trey Songz, Ty Dolla $ign & Rick Ross.m4a","Omarion - Post To Be (Official Remix) Ft. Dej Loaf, Trey Songz, Ty Dolla $ign & Rick Ross.m4a",jamesy|omarion post to be ft dej loaf trey songz ty dolla ign rick ross,Jamesy,"Omarion - Post To Be (Official Remix) Ft. Dej Loaf, Trey Songz, Ty Dolla $ign & Rick Ross",weak,3979,,,metadata_candidate
"omprakash nepali mukhiya, Suman Sona - chalna ge jaan kale love marriage hum lebau nai dahej.mp3","omprakash nepali mukhiya, Suman Sona - chalna ge jaan kale love marriage hum lebau nai dahej.mp3",omprakash nepali mukhiya suman sona|chalna ge jaan kale love marriage hum lebau nai dahej,"omprakash nepali mukhiya, Suman Sona",chalna ge jaan kale love marriage hum lebau nai dahej,none,901,,,metadata_candidate
One Love ｜Nepsydaz｜.m4a,One Love ｜Nepsydaz｜.m4a,uckvzqfq0eivvb0r2s3yataa|one love,UCKvZqfQ0eIVvB0r2s3yaTaA,One Love |Nepsydaz|,weak,901,,,metadata_candidate
"Orchester der Kulturen feat. Andreas Post, Kandara Diebate - Ich liebe Dich.mp3","Orchester der Kulturen feat. Andreas Post, Kandara Diebate - Ich liebe Dich.mp3",orchester der kulturen feat andreas post kandara diebate|ich liebe dich,"Orchester der Kulturen feat. Andreas Post, Kandara Diebate",Ich liebe Dich,weak,,,,no_lyrics
"Orchester der Kulturen, Adrian Werum feat. Jay Alexander, Kandara Diebate - Im Wunderschönen Monat Mai.mp3","Orchester der Kulturen, Adrian Werum feat. Jay Alexander, Kandara Diebate - Im Wunderschönen Monat Mai.mp3",orchester der kulturen adrian werum feat jay alexander kandara diebate|im wunderschönen monat mai,"Orchester der Kulturen, Adrian Werum feat. Jay Alexander, Kandara Diebate",Im Wunderschönen Monat Mai,weak,,,,no_lyrics
"Orchester der Kulturen, Adrian Werum feat. Kandara Diebate - Kon-Tiki.mp3","Orchester der Kulturen, Adrian Werum feat. Kandara Diebate - Kon-Tiki.mp3",orchester der kulturen adrian werum feat kandara diebate|kon tiki,"Orchester der Kulturen, Adrian Werum feat. Kandara Diebate",Kon-Tiki,weak,1167,,,metadata_candidate
"Orchester der Kulturen, Adrian Werum feat. Kandara Diebate, Oksana Voytovich, Jerusalem Ilfu, Stuttg - Für Mein Neues Va.mp3","Orchester der Kulturen, Adrian Werum feat. Kandara Diebate, Oksana Voytovich, Jerusalem Ilfu, Stuttg - Für Mein Neues Va.mp3",orchester der kulturen adrian werum feat kandara diebate oksana voytovich jerusalem ilfu stuttg|für mein neues vaterland,"Orchester der Kulturen, Adrian Werum feat. Kandara Diebate, Oksana Voytovich, Jerusalem Ilfu, Stuttg",Für Mein Neues Vaterland,weak,,,,no_lyrics
"Orestis Plakidis, Giorgos Milonas - H Theia Manou.mp3","Orestis Plakidis, Giorgos Milonas - H Theia Manou.mp3",orestis plakidis giorgos milonas|h theia manou,"Orestis Plakidis, Giorgos Milonas",H Theia Manou,weak,1098,,,metadata_candidate
Oriole - Sherpa Song.mp3,Oriole - Sherpa Song.mp3,oriole|sherpa song,Oriole,Sherpa Song,weak,2667,,,metadata_candidate
Othako Rato Lali Chahidena.m4a,Othako Rato Lali Chahidena.m4a,ramilu97|othako rato lali chahidena,ramilu97,Othako Rato Lali Chahidena,none,1133,,,metadata_candidate
"Overhead, The Albatross - Miss Na Kita.mp3","Overhead, The Albatross - Miss Na Kita.mp3",overhead the albatross|miss na kita,"Overhead, The Albatross",Miss Na Kita,weak,3523,,,metadata_candidate
Paani Khayo Baghaile - Khadga Garbuja ｜ Nepali Song ｜ Music Nepal Official.m4a,Paani Khayo Baghaile - Khadga Garbuja ｜ Nepali Song ｜ Music Nepal Official.m4a,music nepal|paani khayo baghaile khadga garbuja,Music Nepal,Paani Khayo Baghaile - Khadga Garbuja | Nepali Song | Music Nepal Official,none,,,,no_lyrics
padam bdr bc sunil nepali - Happy Birthday Shathi.mp3,padam bdr bc sunil nepali - Happy Birthday Shathi.mp3,padam bdr bc sunil nepali|happy birthday shathi,padam bdr bc sunil nepali,Happy Birthday Shathi,none,,,,no_lyrics
Pahenlo Batti Muni - Aina Ra Daag.mp3,Pahenlo Batti Muni - Aina Ra Daag.mp3,pahenlo batti muni|aina ra daag,Pahenlo Batti Muni,Aina Ra Daag,weak,3215,,A-4a264cbd44,new_lyrics
Pahenlo Batti Muni - Bari Lai.mp3,Pahenlo Batti Muni - Bari Lai.mp3,pahenlo batti muni|bari lai,Pahenlo Batti Muni,Bari Lai,strong,2493,2493,,metadata_only
Pahenlo Batti Muni - Bichitra.mp3,Pahenlo Batti Muni - Bichitra.mp3,pahenlo batti muni|bichitra,Pahenlo Batti Muni,Bichitra,probable,4127,,A-93fe3c248c,new_lyrics
Pahenlo Batti Muni - Gauthali.mp3,Pahenlo Batti Muni - Gauthali.mp3,pahenlo batti muni|gauthali,Pahenlo Batti Muni,Gauthali,strong,2494,2494,,metadata_only
Pahenlo Batti Muni - Kina_.mp3,Pahenlo Batti Muni - Kina_.mp3,pahenlo batti muni|kina,Pahenlo Batti Muni,Kina?,strong,862,862,,metadata_only
Pahenlo Batti Muni - Kripaya.mp3,Pahenlo Batti Muni - Kripaya.mp3,pahenlo batti muni|kripaya,Pahenlo Batti Muni,Kripaya,weak,1043,,A-477fe3e832,new_lyrics
Pahenlo Batti Muni - Lori.mp3,Pahenlo Batti Muni - Lori.mp3,pahenlo batti muni|lori,Pahenlo Batti Muni,Lori,weak,437,,A-6d14c32f0f,new_lyrics
Pahenlo Batti Muni - Ma Baato Hidejhai.mp3,Pahenlo Batti Muni - Ma Baato Hidejhai.mp3,pahenlo batti muni|ma baato hidejhai,Pahenlo Batti Muni,Ma Baato Hidejhai,strong,3773,3773,,metadata_only
Pahenlo Batti Muni - Tatepate Bhitta.mp3,Pahenlo Batti Muni - Tatepate Bhitta.mp3,pahenlo batti muni|tatepate bhitta,Pahenlo Batti Muni,Tatepate Bhitta,strong,2496,2496,,metadata_only
Pahilo Maya - Asif Featuirng The Unity ｜ Nepali Superhit Song.m4a,Pahilo Maya - Asif Featuirng The Unity ｜ Nepali Superhit Song.m4a,music nepal|pahilo maya asif featuirng the unity,Music Nepal,Pahilo Maya - Asif Featuirng The Unity | Nepali Superhit Song,probable,526,,,metadata_candidate
paisa nepali rap song.m4a,paisa nepali rap song.m4a,anmol kc|paisa,Anmol Kc,paisa nepali rap song,strong,4076,4076,,metadata_only
Paisa Nepsydaz.m4a,Paisa Nepsydaz.m4a,uckvzqfq0eivvb0r2s3yataa|paisa nepsydaz,UCKvZqfQ0eIVvB0r2s3yaTaA,Paisa Nepsydaz,weak,4076,,,metadata_candidate
"Pakeko Chiuri ｜｜ PARIWARTAN Movie Official Song 2082 ｜｜ Sushil Shrestha, Anjana Baraili, Karishma.m4a","Pakeko Chiuri ｜｜ PARIWARTAN Movie Official Song 2082 ｜｜ Sushil Shrestha, Anjana Baraili, Karishma.m4a",osrdigital|pakeko chiuri,OSRDigital,"Pakeko Chiuri || PARIWARTAN Movie Official Song 2082 || Sushil Shrestha, Anjana Baraili, Karishma",weak,2118,,,metadata_candidate
Pakh Pakh.m4a,Pakh Pakh.m4a,gbob music|pakh pakh,GBOB MUSIC,Pakh Pakh,weak,319,,,metadata_candidate
"Pal Pal Harpal ｜ BAN PHOOL Nepali Movie Song (Gurung Culture Movie) ｜ Mausam Gurung, Jonisha Gurung.m4a","Pal Pal Harpal ｜ BAN PHOOL Nepali Movie Song (Gurung Culture Movie) ｜ Mausam Gurung, Jonisha Gurung.m4a",osrdigital|pal pal harpal,OSRDigital,"Pal Pal Harpal | BAN PHOOL Nepali Movie Song (Gurung Culture Movie) | Mausam Gurung, Jonisha Gurung",weak,110,,,metadata_candidate
Pallo danda ma (chisapani tour 2014).m4a,Pallo danda ma (chisapani tour 2014).m4a,the bomjans|pallo danda ma chisapani tour,The Bomjans,Pallo danda ma (chisapani tour 2014),weak,3773,,,metadata_candidate
Pampy Gill - Sajjan.mp3,Pampy Gill - Sajjan.mp3,pampy gill|sajjan,Pampy Gill,Sajjan,weak,1366,,,metadata_candidate
Pandit Gyaneshwari Ji - Holi Khel Rahe Shiv Shankar Mata Parvati Ke Sang.mp3,Pandit Gyaneshwari Ji - Holi Khel Rahe Shiv Shankar Mata Parvati Ke Sang.mp3,pandit gyaneshwari ji|holi khel rahe shiv shankar mata parvati ke sang,Pandit Gyaneshwari Ji,Holi Khel Rahe Shiv Shankar Mata Parvati Ke Sang,weak,1543,,,metadata_candidate
Pankaj Roy - He Shiv Shankar Bhole.mp3,Pankaj Roy - He Shiv Shankar Bhole.mp3,pankaj roy|he shiv shankar bhole,Pankaj Roy,He Shiv Shankar Bhole,weak,1543,,,metadata_candidate
Paolito feat. Tito Sherpa - Kill the Beat (Season 2 E02).mp3,Paolito feat. Tito Sherpa - Kill the Beat (Season 2 E02).mp3,paolito feat tito sherpa|kill the beat season 2 e02,Paolito feat. Tito Sherpa,Kill the Beat (Season 2 E02),none,,,,no_lyrics
"Paraan ｜｜ Pratap Das ｜｜ Ft. Bikash Portel (Mee), Meera Dangol, Rohit Karki ｜｜ New Nepali Song 2026.m4a","Paraan ｜｜ Pratap Das ｜｜ Ft. Bikash Portel (Mee), Meera Dangol, Rohit Karki ｜｜ New Nepali Song 2026.m4a",osrdigital|paraan,OSRDigital,"Paraan || Pratap Das || Ft. Bikash Portel (Mee), Meera Dangol, Rohit Karki || New Nepali Song 2026",weak,402,,,metadata_candidate
PARANI ｜ YABI X @Romeo_o_oo ｜ OFFICIAL MUSIC VIDEO.m4a,PARANI ｜ YABI X @Romeo_o_oo ｜ OFFICIAL MUSIC VIDEO.m4a,yabithegoat|parani,yabithegoat,PARANI | YABI X @Romeo_o_oo | OFFICIAL MUSIC VIDEO,weak,270,,,metadata_candidate
Parivesh - Salaijo.mp3,Parivesh - Salaijo.mp3,archive org|parivesh salaijo,archive.org,Parivesh - Salaijo,none,890,,,metadata_candidate
Parvati - Full Song ｜ Hanuman Ansh ｜ Sadhu Tiwari ｜ Shobhinaw Satyaa ｜ In Cinemas Now.m4a,Parvati - Full Song ｜ Hanuman Ansh ｜ Sadhu Tiwari ｜ Shobhinaw Satyaa ｜ In Cinemas Now.m4a,times music spiritual and 2 more|parvati,Times Music Spiritual and 2 more,Parvati - Full Song | Hanuman Ansh | Sadhu Tiwari | Shobhinaw Satyaa | In Cinemas Now,weak,270,,,metadata_candidate
PASCHIMEY - REAL SHIT ( Re-Prod. By ZOVED BHATTA).m4a,PASCHIMEY - REAL SHIT ( Re-Prod. By ZOVED BHATTA).m4a,paschimey|paschimey real shit re,paschimey,PASCHIMEY - REAL SHIT ( Re-Prod. By ZOVED BHATTA),none,,,,no_lyrics
PASCHIMEY — DOPE S＊＊T ⧸OFFICIAL  MUSIC VIDEO⧸Prod. By VIBHOR BEATS.m4a,PASCHIMEY — DOPE S＊＊T ⧸OFFICIAL  MUSIC VIDEO⧸Prod. By VIBHOR BEATS.m4a,paschimey|paschimey dope s t,paschimey,PASCHIMEY — DOPE S**T /OFFICIAL  MUSIC VIDEO/Prod. By VIBHOR BEATS,none,,,,no_lyrics
"Patali ｜ New Nepali Movie BHAGDAUD Song 2026 ｜ Anisha Shrestha, Ghanashyam Joshi, Sarada Rai (Sara).m4a","Patali ｜ New Nepali Movie BHAGDAUD Song 2026 ｜ Anisha Shrestha, Ghanashyam Joshi, Sarada Rai (Sara).m4a",osrdigital|patali,OSRDigital,"Patali | New Nepali Movie BHAGDAUD Song 2026 | Anisha Shrestha, Ghanashyam Joshi, Sarada Rai (Sara)",weak,517,,,metadata_candidate
"Pawan Dagar, Teena - Shiv Shankar Bholenath Aankhiya Kholo Jara.mp3","Pawan Dagar, Teena - Shiv Shankar Bholenath Aankhiya Kholo Jara.mp3",pawan dagar teena|shiv shankar bholenath aankhiya kholo jara,"Pawan Dagar, Teena",Shiv Shankar Bholenath Aankhiya Kholo Jara,weak,1543,,,metadata_candidate
Pawan Nepali - chumma chikhada.mp3,Pawan Nepali - chumma chikhada.mp3,pawan nepali|chumma chikhada,Pawan Nepali,chumma chikhada,weak,1978,,,metadata_candidate
Pawan Nepali - Dastakiya Pe Jobana.mp3,Pawan Nepali - Dastakiya Pe Jobana.mp3,pawan nepali|dastakiya pe jobana,Pawan Nepali,Dastakiya Pe Jobana,none,,,,no_lyrics
Pawan Nepali - Dilwa Tutal Ba.mp3,Pawan Nepali - Dilwa Tutal Ba.mp3,pawan nepali|dilwa tutal ba,Pawan Nepali,Dilwa Tutal Ba,none,392,,,metadata_candidate
Pawan Nepali - Hae Rangdar Rangdari Karile.mp3,Pawan Nepali - Hae Rangdar Rangdari Karile.mp3,pawan nepali|hae rangdar rangdari karile,Pawan Nepali,Hae Rangdar Rangdari Karile,none,,,,no_lyrics
Phatteman_Rajbhandari  marna baru garo hunna.mp3,Phatteman_Rajbhandari  marna baru garo hunna.mp3,yadu ram kc|phatteman_rajbhandari marna baru garo hunna,Yadu Ram KC,Phatteman_Rajbhandari  marna baru garo hunna,weak,2516,,,metadata_candidate
Phatteman_Rajbhandari yesto pani  hudo raicha.m4a,Phatteman_Rajbhandari yesto pani  hudo raicha.m4a,yadu ram kc|phatteman_rajbhandari yesto pani hudo raicha,Yadu Ram KC,Phatteman_Rajbhandari yesto pani  hudo raicha,weak,2156,,,metadata_candidate
Phonk man kz - Cobwebs.mp3,Phonk man kz - Cobwebs.mp3,phonk man kz|cobwebs,Phonk man kz,Cobwebs,none,,,,no_lyrics
"Phool Jastai ｜｜ New Nepali Song 2026 ｜｜ Ft. Shishir Pokhrel, Pranjali Sapkota ｜｜ Shankar Karki.m4a","Phool Jastai ｜｜ New Nepali Song 2026 ｜｜ Ft. Shishir Pokhrel, Pranjali Sapkota ｜｜ Shankar Karki.m4a",osrdigital|phool jastai,OSRDigital,"Phool Jastai || New Nepali Song 2026 || Ft. Shishir Pokhrel, Pranjali Sapkota || Shankar Karki",weak,320,,,metadata_candidate
Phool Ko Aakha Ma (cover) Ft Yangdol.m4a,Phool Ko Aakha Ma (cover) Ft Yangdol.m4a,kaì zer|phool ko aakha ma ft yangdol,Kaì.zER,Phool Ko Aakha Ma (cover) Ft Yangdol,weak,3465,,,metadata_candidate
Phool Ko Aakha Ma.mp3,Phool Ko Aakha Ma.mp3,maiya maharjan pradhan|phool ko aakha ma,Maiya Maharjan Pradhan,Phool Ko Aakha Ma,weak,3465,,,metadata_candidate
Phool Ko Aankha Ma - ani choyang dolma.m4a,Phool Ko Aankha Ma - ani choyang dolma.m4a,ladup lama|phool ko aankha ma ani choyang dolma,Ladup Lama,Phool Ko Aankha Ma - ani choyang dolma,weak,3465,,,metadata_candidate
Phool Ko Aankha Ma Phoolai Sansara....bye Ani Choying Dolma.m4a,Phool Ko Aankha Ma Phoolai Sansara....bye Ani Choying Dolma.m4a,maya sharma jhapali|phool ko aankha ma phoolai sansara bye ani choying dolma,Maya Sharma jhapali,Phool Ko Aankha Ma Phoolai Sansara....bye Ani Choying Dolma,weak,3465,,,metadata_candidate
Phool Ko Aankha Ma..m4a,Phool Ko Aankha Ma..m4a,paty andrade mantras|phool ko aankha ma,Paty Andrade. Mantras.,Phool Ko Aankha Ma.,weak,3465,,,metadata_candidate
Phool Ko Aankha Ma.m4a,Phool Ko Aankha Ma.m4a,aayush|phool ko aankha ma,Aayush,Phool Ko Aankha Ma,strong,3465,3465,,metadata_only
Phool Ko Aankha.m4a,Phool Ko Aankha.m4a,anshika goel 1|phool ko aankha,Anshika Goel 1,Phool Ko Aankha,weak,3465,,,metadata_candidate
Phool Ko Aankhama - Aani Choying Dolma.mp3,Phool Ko Aankhama - Aani Choying Dolma.mp3,ravi mhrz|phool ko aankhama aani choying dolma,Ravi Mhrz,Phool Ko Aankhama - Aani Choying Dolma,weak,259,,,metadata_candidate
Phool ko Aankhama phoolai sansara.mp3,Phool ko Aankhama phoolai sansara.mp3,robinson kansakar|phool ko aankhama phoolai sansara,Robinson Kansakar,Phool ko Aankhama phoolai sansara,weak,259,,,metadata_candidate
Phool Ko Ankh Ma Ani Choying Dolma Ft.dj.humtum.m4a,Phool Ko Ankh Ma Ani Choying Dolma Ft.dj.humtum.m4a,dj humtum|phool ko ankh ma ani choying dolma ft dj humtum,dj.Humtum,Phool Ko Ankh Ma Ani Choying Dolma Ft.dj.humtum,weak,3465,,,metadata_candidate
Phool Ko Ankhama Track.m4a,Phool Ko Ankhama Track.m4a,ravi mhrz|phool ko ankhama track,Ravi Mhrz,Phool Ko Ankhama Track,weak,3465,,,metadata_candidate
Phool ko ankhama.m4a,Phool ko ankhama.m4a,vijay toppo|phool ko ankhama,Vijay Toppo,Phool ko ankhama,weak,3465,,,metadata_candidate
phool ko hatya garey... cover by rajiv.mp3,phool ko hatya garey... cover by rajiv.mp3,therazyv|phool ko hatya garey by rajiv,therazyv,phool ko hatya garey... cover by rajiv,weak,3465,,,metadata_candidate
Phool Ko Thunga - Nepali Dhun Bansuri Flute Stephanie Bosch.mp3,Phool Ko Thunga - Nepali Dhun Bansuri Flute Stephanie Bosch.mp3,aruna rai|phool ko thunga nepali dhun bansuri flute stephanie bosch,Aruna Rai,Phool Ko Thunga - Nepali Dhun Bansuri Flute Stephanie Bosch,probable,207,,,metadata_candidate
Phool Ko Thunga Bagera Gayo Gangako Panima.m4a,Phool Ko Thunga Bagera Gayo Gangako Panima.m4a,nepali new songs|phool ko thunga bagera gayo gangako panima,nepali new songs,Phool Ko Thunga Bagera Gayo Gangako Panima,strong,3465,3465,,metadata_only
Phool Ko Thunga Tara Devi.m4a,Phool Ko Thunga Tara Devi.m4a,bbthapa|phool ko thunga tara devi,BBTHAPA,Phool Ko Thunga Tara Devi,weak,3465,,,metadata_candidate
"Phool Tipi Diyau ｜｜ MAIJHARO Nepali Movie Official Song 2025 ｜｜ Dhiraj Magar, Miruna Magar.m4a","Phool Tipi Diyau ｜｜ MAIJHARO Nepali Movie Official Song 2025 ｜｜ Dhiraj Magar, Miruna Magar.m4a",osrdigital|phool tipi diyau,OSRDigital,"Phool Tipi Diyau || MAIJHARO Nepali Movie Official Song 2025 || Dhiraj Magar, Miruna Magar",weak,3465,,,metadata_candidate
Photo Zardari - Muhnje Sajjan Je.mp3,Photo Zardari - Muhnje Sajjan Je.mp3,photo zardari|muhnje sajjan je,Photo Zardari,Muhnje Sajjan Je,none,,,,no_lyrics
Photo Zardari - Saaryo Saaryo Sajjan.mp3,Photo Zardari - Saaryo Saaryo Sajjan.mp3,photo zardari|saaryo saaryo sajjan,Photo Zardari,Saaryo Saaryo Sajjan,weak,3246,,,metadata_candidate
PhulBairPatair_toofan Raja Mela⧸⧸⧸new Rap video 2022⧹⧹.m4a,PhulBairPatair_toofan Raja Mela⧸⧸⧸new Rap video 2022⧹⧹.m4a,toofan raja|phulbairpatair_toofan raja mela new rap video,Toofan Raja,PhulBairPatair_toofan Raja Mela///new Rap video 2022\\,weak,2457,,,metadata_candidate
Phulchoki ko dada muni  (फुल्चोकिको डाडा मुनि).m4a,Phulchoki ko dada muni  (फुल्चोकिको डाडा मुनि).m4a,rabi shrestha|phulchoki ko dada muni फुल्चोकिको डाडा मुनि,Rabi Shrestha,Phulchoki ko dada muni  (फुल्चोकिको डाडा मुनि),weak,,,,no_lyrics
PHULPUR ｜ BANGLA RAP OFFICIAL MUSIC VIDEO ｜｜ AB ASHIK.m4a,PHULPUR ｜ BANGLA RAP OFFICIAL MUSIC VIDEO ｜｜ AB ASHIK.m4a,ab_ashik𝟸𝟸𝟻𝟶|phulpur,AB_ASHIK𝟸𝟸𝟻𝟶,PHULPUR | BANGLA RAP OFFICIAL MUSIC VIDEO || AB ASHIK,none,4040,,,metadata_candidate
"Pokhara Ki Kaali Jiski Ranchhe Khaali ｜ POKHARA KI KAALI Movie Title Song 2025 ｜ Saroj Khanal, Nisha.m4a","Pokhara Ki Kaali Jiski Ranchhe Khaali ｜ POKHARA KI KAALI Movie Title Song 2025 ｜ Saroj Khanal, Nisha.m4a",osrdigital|pokhara ki kaali jiski ranchhe khaali,OSRDigital,"Pokhara Ki Kaali Jiski Ranchhe Khaali | POKHARA KI KAALI Movie Title Song 2025 | Saroj Khanal, Nisha",weak,556,,,metadata_candidate
"pokhara ma sasurali kathmandu ma ghar ( new teej song 2072)_ vocal, tika pun and krishna reule, laye- sabda_ krishna reu.mp3","pokhara ma sasurali kathmandu ma ghar ( new teej song 2072)_ vocal, tika pun and krishna reule, laye- sabda_ krishna reu.mp3",|pokhara ma sasurali kathmandu ma ghar new teej song _ vocal tika pun and krishna reule laye sabda_ krishna reule prbt_60457440 utl_54612340 market_ myagdeli digital_,www.newnepaligeet.com,"pokhara ma sasurali kathmandu ma ghar ( new teej song 2072)_ vocal, tika pun and krishna reule, laye- sabda_ krishna reule, prbt_60457440, utl_54612340, market_ myagdeli digital_www.newnepaligeet.com",strong,880,880,,metadata_only
Pokhara Matepani Gumba.m4a,Pokhara Matepani Gumba.m4a,sangeev gunners|pokhara matepani gumba,Sangeev Gunners,Pokhara Matepani Gumba,weak,2651,,,metadata_candidate
Pokhiyera GhamKo Jhulko - पोखिएर घामको झुल्को ｜ Narayan Gopal Guruvacharya (Cover).mp3,Pokhiyera GhamKo Jhulko - पोखिएर घामको झुल्को ｜ Narayan Gopal Guruvacharya (Cover).mp3,sanyukta shrestha|pokhiyera ghamko jhulko पोखिएर घामको झुल्को,Sanyukta Shrestha,Pokhiyera GhamKo Jhulko - पोखिएर घामको झुल्को | Narayan Gopal Guruvacharya (Cover),weak,2660,,,metadata_candidate
POLITICAL DRAMA  -  Mistah K (Nepsydaz) ft Aidray & Bigshake.m4a,POLITICAL DRAMA  -  Mistah K (Nepsydaz) ft Aidray & Bigshake.m4a,escapeanimation|political drama mistah k nepsydaz ft aidray bigshake,EscapeAnimation,POLITICAL DRAMA  -  Mistah K (Nepsydaz) ft Aidray & Bigshake,none,,,,no_lyrics
Pooja Sharma - Shiv Shankar Bhole Nath Bana Le Charno Ki Dasi.mp3,Pooja Sharma - Shiv Shankar Bhole Nath Bana Le Charno Ki Dasi.mp3,pooja sharma|shiv shankar bhole nath bana le charno ki dasi,Pooja Sharma,Shiv Shankar Bhole Nath Bana Le Charno Ki Dasi,weak,1543,,,metadata_candidate
Poornima (Sushma Shrestha) - Yeh Aalam Yeh Mausam.mp3,Poornima (Sushma Shrestha) - Yeh Aalam Yeh Mausam.mp3,poornima sushma shrestha|yeh aalam yeh mausam,Poornima (Sushma Shrestha),Yeh Aalam Yeh Mausam,probable,3576,,,metadata_candidate
"Poornima - Sushma Shrestha, Anu Malik - 03 - Oonchi Hai Building-(MySinger.com).mp3","Poornima - Sushma Shrestha, Anu Malik - 03 - Oonchi Hai Building-(MySinger.com).mp3",poornima sushma shrestha anu malik|03 oonchi hai building mysinger com,"Poornima - Sushma Shrestha, Anu Malik",03 - Oonchi Hai Building-(MySinger.com),weak,1226,,,metadata_candidate
Poornima Sushma Shrestha - 06 - Nadhin Dhinna (Mr. Bechara) (wale.com).mp3,Poornima Sushma Shrestha - 06 - Nadhin Dhinna (Mr. Bechara) (wale.com).mp3,poornima sushma shrestha|06 nadhin dhinna mr bechara wale com,Poornima Sushma Shrestha,06 - Nadhin Dhinna (Mr. Bechara) (wale.com),none,,,,no_lyrics
Poornima Sushma Shrestha - Dhik Ta Na Na (female)_Laadla 1994.mp3,Poornima Sushma Shrestha - Dhik Ta Na Na (female)_Laadla 1994.mp3,poornima sushma shrestha|dhik ta na na female laadla,Poornima Sushma Shrestha,Dhik Ta Na Na (female)/Laadla 1994,weak,1489,,,metadata_candidate
"Prabhu Raj Dhakal, Lochan Rijal, Sanup Paudel, Nabin K Bhattarai, Ankit Babu Adhikari, Rohit John Ch - KalaPani (Jalai H.mp3","Prabhu Raj Dhakal, Lochan Rijal, Sanup Paudel, Nabin K Bhattarai, Ankit Babu Adhikari, Rohit John Ch - KalaPani (Jalai H.mp3",prabhu raj dhakal lochan rijal sanup paudel nabin k bhattarai ankit babu adhikari rohit john ch|kalapani jalai halyo bairile,"Prabhu Raj Dhakal, Lochan Rijal, Sanup Paudel, Nabin K Bhattarai, Ankit Babu Adhikari, Rohit John Ch",KalaPani (Jalai Halyo Bairile),probable,716,,,metadata_candidate
Prakash Mali - Shiv Shankar Bholenath.mp3,Prakash Mali - Shiv Shankar Bholenath.mp3,prakash mali|shiv shankar bholenath,Prakash Mali,Shiv Shankar Bholenath,weak,1543,,,metadata_candidate
Prakash Saput - Mero Pani Haina Ra Yo Desh.mp3,Prakash Saput - Mero Pani Haina Ra Yo Desh.mp3,prakash saput|mero pani haina ra yo desh,Prakash Saput,Mero Pani Haina Ra Yo Desh,strong,2156,2156,,metadata_only
Prakash Saput - Milanko Kabita.mp3,Prakash Saput - Milanko Kabita.mp3,prakash saput|milanko kabita,Prakash Saput,Milanko Kabita,weak,3066,,,metadata_candidate
Prakash Saput - Namaskar.mp3,Prakash Saput - Namaskar.mp3,prakash saput|namaskar,Prakash Saput,Namaskar,weak,785,,,metadata_candidate
"Prakash Saput, kumari gurung - Oye Lahure.mp3","Prakash Saput, kumari gurung - Oye Lahure.mp3",prakash saput kumari gurung|oye lahure,"Prakash Saput, kumari gurung",Oye Lahure,strong,899,899,,metadata_only
Prakash Shrestha & Lochhan Bhattarai - Chahe Geet Sunau.mp3,Prakash Shrestha & Lochhan Bhattarai - Chahe Geet Sunau.mp3,prakash shrestha lochhan bhattarai|chahe geet sunau,Prakash Shrestha & Lochhan Bhattarai,Chahe Geet Sunau,weak,1001,,,metadata_candidate
Prakash Shrestha & Sunita Subba - Timi Mana Ya.mp3,Prakash Shrestha & Sunita Subba - Timi Mana Ya.mp3,prakash shrestha sunita subba|timi mana ya,Prakash Shrestha & Sunita Subba,Timi Mana Ya,strong,752,752,,metadata_only
Prakash Shrestha - Aama Gara Karuna.mp3,Prakash Shrestha - Aama Gara Karuna.mp3,prakash shrestha|aama gara karuna,Prakash Shrestha,Aama Gara Karuna,strong,1007,1007,,metadata_only
Prakash Shrestha - Bagaidiyau.mp3,Prakash Shrestha - Bagaidiyau.mp3,prakash shrestha|bagaidiyau,Prakash Shrestha,Bagaidiyau,weak,1788,,,metadata_candidate
Prakash Shrestha - Baiguni Nirmaya.mp3,Prakash Shrestha - Baiguni Nirmaya.mp3,prakash shrestha|baiguni nirmaya,Prakash Shrestha,Baiguni Nirmaya,strong,712,712,,metadata_only
Prakash Shrestha - Bistarai Bistarai.mp3,Prakash Shrestha - Bistarai Bistarai.mp3,prakash shrestha|bistarai bistarai,Prakash Shrestha,Bistarai Bistarai,strong,2968,2968,,metadata_only
Prakash Shrestha - Bolana Maya.mp3,Prakash Shrestha - Bolana Maya.mp3,prakash shrestha|bolana maya,Prakash Shrestha,Bolana Maya,strong,526,526,,metadata_only
Prakash Shrestha - Chahe Geet Sunau.mp3,Prakash Shrestha - Chahe Geet Sunau.mp3,prakash shrestha|chahe geet sunau,Prakash Shrestha,Chahe Geet Sunau,weak,1001,,,metadata_candidate
Prakash Shrestha - Dui Hat Milchhan Jaba.mp3,Prakash Shrestha - Dui Hat Milchhan Jaba.mp3,prakash shrestha|dui hat milchhan jaba,Prakash Shrestha,Dui Hat Milchhan Jaba,weak,3435,,,metadata_candidate
Prakash Shrestha - Gahirai Ma Dubdai Naduba.mp3,Prakash Shrestha - Gahirai Ma Dubdai Naduba.mp3,prakash shrestha|gahirai ma dubdai naduba,Prakash Shrestha,Gahirai Ma Dubdai Naduba,strong,3773,3773,,metadata_only
Prakash Shrestha - Gahiraima.mp3,Prakash Shrestha - Gahiraima.mp3,prakash shrestha|gahiraima,Prakash Shrestha,Gahiraima,strong,2597,2597,,metadata_only
Prakash Shrestha - Garibko Sewa Garnu.mp3,Prakash Shrestha - Garibko Sewa Garnu.mp3,prakash shrestha|garibko sewa garnu,Prakash Shrestha,Garibko Sewa Garnu,weak,,,,no_lyrics
Prakash Shrestha - Hari Nai Puja.mp3,Prakash Shrestha - Hari Nai Puja.mp3,prakash shrestha|hari nai puja,Prakash Shrestha,Hari Nai Puja,weak,1457,,,metadata_candidate
Prakash Shrestha - Harilai Khusi.mp3,Prakash Shrestha - Harilai Khusi.mp3,prakash shrestha|harilai khusi,Prakash Shrestha,Harilai Khusi,weak,90,,,metadata_candidate
Prakash Shrestha - He Laxmi.mp3,Prakash Shrestha - He Laxmi.mp3,prakash shrestha|he laxmi,Prakash Shrestha,He Laxmi,weak,2569,,,metadata_candidate
Prakash Shrestha - Hijo Rati.mp3,Prakash Shrestha - Hijo Rati.mp3,prakash shrestha|hijo rati,Prakash Shrestha,Hijo Rati,weak,1918,,,metadata_candidate
Prakash Shrestha - Jalirahechha.mp3,Prakash Shrestha - Jalirahechha.mp3,prakash shrestha|jalirahechha,Prakash Shrestha,Jalirahechha,probable,698,,,metadata_candidate
Prakash Shrestha - Janeharu Nalagau.mp3,Prakash Shrestha - Janeharu Nalagau.mp3,prakash shrestha|janeharu nalagau,Prakash Shrestha,Janeharu Nalagau,weak,200,,,metadata_candidate
Prakash Shrestha - Jaya Jaya Shankar.mp3,Prakash Shrestha - Jaya Jaya Shankar.mp3,prakash shrestha|jaya jaya shankar,Prakash Shrestha,Jaya Jaya Shankar,strong,2067,2067,,metadata_only
Prakash Shrestha - Kati Pyar Chha.mp3,Prakash Shrestha - Kati Pyar Chha.mp3,prakash shrestha|kati pyar chha,Prakash Shrestha,Kati Pyar Chha,probable,3333,,,metadata_candidate
Prakash Shrestha - Ke Ke Sochen.mp3,Prakash Shrestha - Ke Ke Sochen.mp3,prakash shrestha|ke ke sochen,Prakash Shrestha,Ke Ke Sochen,weak,2741,,,metadata_candidate
Prakash Shrestha - Ke Sochen.mp3,Prakash Shrestha - Ke Sochen.mp3,prakash shrestha|ke sochen,Prakash Shrestha,Ke Sochen,weak,2741,,,metadata_candidate
Prakash Shrestha - Khuldaina Talcha.mp3,Prakash Shrestha - Khuldaina Talcha.mp3,prakash shrestha|khuldaina talcha,Prakash Shrestha,Khuldaina Talcha,weak,1223,,,metadata_candidate
Prakash Shrestha - Kunai Bela Maile Pani.mp3,Prakash Shrestha - Kunai Bela Maile Pani.mp3,prakash shrestha|kunai bela maile pani,Prakash Shrestha,Kunai Bela Maile Pani,strong,2156,2156,,metadata_only
Prakash Shrestha - Lai Bari Lai.mp3,Prakash Shrestha - Lai Bari Lai.mp3,prakash shrestha|lai bari lai,Prakash Shrestha,Lai Bari Lai,strong,3726,3726,,metadata_only
Prakash Shrestha - Maanish Ko Chola.mp3,Prakash Shrestha - Maanish Ko Chola.mp3,prakash shrestha|maanish ko chola,Prakash Shrestha,Maanish Ko Chola,weak,4105,,,metadata_candidate
Prakash Shrestha - Maryo Tyo.mp3,Prakash Shrestha - Maryo Tyo.mp3,prakash shrestha|maryo tyo,Prakash Shrestha,Maryo Tyo,strong,1701,1701,,metadata_only
Prakash Shrestha - Maya Timilai.mp3,Prakash Shrestha - Maya Timilai.mp3,prakash shrestha|maya timilai,Prakash Shrestha,Maya Timilai,strong,3023,3023,,metadata_only
Prakash Shrestha - Mero Maya Manai Bhari.mp3,Prakash Shrestha - Mero Maya Manai Bhari.mp3,prakash shrestha|mero maya manai bhari,Prakash Shrestha,Mero Maya Manai Bhari,strong,526,526,,metadata_only
Prakash Shrestha - Om Bhur Bhuba Swaha.mp3,Prakash Shrestha - Om Bhur Bhuba Swaha.mp3,prakash shrestha|om bhur bhuba swaha,Prakash Shrestha,Om Bhur Bhuba Swaha,weak,,,,no_lyrics
Prakash Shrestha - Om Namo Shivaya.mp3,Prakash Shrestha - Om Namo Shivaya.mp3,prakash shrestha|om namo shivaya,Prakash Shrestha,Om Namo Shivaya,strong,2336,2336,,metadata_only
Prakash Shrestha - Pardeshma.mp3,Prakash Shrestha - Pardeshma.mp3,prakash shrestha|pardeshma,Prakash Shrestha,Pardeshma,weak,1994,,,metadata_candidate
Prakash Shrestha - Parkhada Parkhadai.mp3,Prakash Shrestha - Parkhada Parkhadai.mp3,prakash shrestha|parkhada parkhadai,Prakash Shrestha,Parkhada Parkhadai,weak,246,,,metadata_candidate
Prakash Shrestha - Prabhuko Lila.mp3,Prakash Shrestha - Prabhuko Lila.mp3,prakash shrestha|prabhuko lila,Prakash Shrestha,Prabhuko Lila,weak,,,,no_lyrics
Prakash Shrestha - Prem Ko Mulya Nasodha.mp3,Prakash Shrestha - Prem Ko Mulya Nasodha.mp3,prakash shrestha|prem ko mulya nasodha,Prakash Shrestha,Prem Ko Mulya Nasodha,weak,2019,,,metadata_candidate
Prakash Shrestha - Raat Royo Joon Royo.mp3,Prakash Shrestha - Raat Royo Joon Royo.mp3,prakash shrestha|raat royo joon royo,Prakash Shrestha,Raat Royo Joon Royo,weak,78,,,metadata_candidate
Prakash Shrestha - Rastra Dev.mp3,Prakash Shrestha - Rastra Dev.mp3,prakash shrestha|rastra dev,Prakash Shrestha,Rastra Dev,weak,439,,,metadata_candidate
Prakash Shrestha - Ruchaye Timilai.mp3,Prakash Shrestha - Ruchaye Timilai.mp3,prakash shrestha|ruchaye timilai,Prakash Shrestha,Ruchaye Timilai,strong,1555,1555,,metadata_only
Prakash Shrestha - Salleri Dandaima.mp3,Prakash Shrestha - Salleri Dandaima.mp3,prakash shrestha|salleri dandaima,Prakash Shrestha,Salleri Dandaima,weak,3708,,,metadata_candidate
Prakash Shrestha - Saphal Timro.mp3,Prakash Shrestha - Saphal Timro.mp3,prakash shrestha|saphal timro,Prakash Shrestha,Saphal Timro,probable,2602,,,metadata_candidate
Prakash Shrestha - Saphal Tmro.mp3,Prakash Shrestha - Saphal Tmro.mp3,prakash shrestha|saphal tmro,Prakash Shrestha,Saphal Tmro,probable,2602,,,metadata_candidate
Prakash Shrestha - Sara Shresti.mp3,Prakash Shrestha - Sara Shresti.mp3,prakash shrestha|sara shresti,Prakash Shrestha,Sara Shresti,weak,4159,,,metadata_candidate
Prakash Shrestha - Sarara Hawa.mp3,Prakash Shrestha - Sarara Hawa.mp3,prakash shrestha|sarara hawa,Prakash Shrestha,Sarara Hawa,strong,904,904,,metadata_only
Prakash Shrestha - Subha Kamanaa.mp3,Prakash Shrestha - Subha Kamanaa.mp3,prakash shrestha|subha kamanaa,Prakash Shrestha,Subha Kamanaa,weak,3612,,,metadata_candidate
Prakash Shrestha - Sunna Feri Yehi Deshma.mp3,Prakash Shrestha - Sunna Feri Yehi Deshma.mp3,prakash shrestha|sunna feri yehi deshma,Prakash Shrestha,Sunna Feri Yehi Deshma,strong,2475,2475,,metadata_only
Prakash Shrestha - Timi Lai Gurans.mp3,Prakash Shrestha - Timi Lai Gurans.mp3,prakash shrestha|timi lai gurans,Prakash Shrestha,Timi Lai Gurans,strong,752,752,,metadata_only
Prakash Shrestha - Timilai Ke Naam.mp3,Prakash Shrestha - Timilai Ke Naam.mp3,prakash shrestha|timilai ke naam,Prakash Shrestha,Timilai Ke Naam,strong,1555,1555,,metadata_only
Prakash Shrestha - Timisanga Dungama.mp3,Prakash Shrestha - Timisanga Dungama.mp3,prakash shrestha|timisanga dungama,Prakash Shrestha,Timisanga Dungama,weak,2604,,,metadata_candidate
Prakash Shrestha - Timro Aankhako Sagarma.mp3,Prakash Shrestha - Timro Aankhako Sagarma.mp3,prakash shrestha|timro aankhako sagarma,Prakash Shrestha,Timro Aankhako Sagarma,probable,2605,,,metadata_candidate
Prakash Shrestha - Timro Muskan.mp3,Prakash Shrestha - Timro Muskan.mp3,prakash shrestha|timro muskan,Prakash Shrestha,Timro Muskan,strong,1241,1241,,metadata_only
Prakash Shrestha - Timro Shirma Mirmireko.mp3,Prakash Shrestha - Timro Shirma Mirmireko.mp3,prakash shrestha|timro shirma mirmireko,Prakash Shrestha,Timro Shirma Mirmireko,weak,3614,,,metadata_candidate
Prakash Shrestha - Trishna Ko Suseli.mp3,Prakash Shrestha - Trishna Ko Suseli.mp3,prakash shrestha|trishna ko suseli,Prakash Shrestha,Trishna Ko Suseli,weak,19,,,metadata_candidate
Prakash Shrestha - Yeti dherai maya diyou.mp3,Prakash Shrestha - Yeti dherai maya diyou.mp3,prakash shrestha|yeti dherai maya diyou,Prakash Shrestha,Yeti dherai maya diyou,strong,526,526,,metadata_only
Prakash Shrestha - Yo Sanjh Rangai Rahu.mp3,Prakash Shrestha - Yo Sanjh Rangai Rahu.mp3,prakash shrestha|yo sanjh rangai rahu,Prakash Shrestha,Yo Sanjh Rangai Rahu,weak,2974,,,metadata_candidate
Prakash Shrestha feat. Sadhana Sargam - Paila Hamro Kura.mp3,Prakash Shrestha feat. Sadhana Sargam - Paila Hamro Kura.mp3,prakash shrestha feat sadhana sargam|paila hamro kura,Prakash Shrestha feat. Sadhana Sargam,Paila Hamro Kura,strong,2472,2472,,metadata_only
"Prakash Shrestha, Bimala Rai - Kanchhi He Kanchhi.mp3","Prakash Shrestha, Bimala Rai - Kanchhi He Kanchhi.mp3",prakash shrestha bimala rai|kanchhi he kanchhi,"Prakash Shrestha, Bimala Rai",Kanchhi He Kanchhi,strong,420,420,,metadata_only
"Prakash Shrestha, Bimala Rai - Tyo Nayan Ko.mp3","Prakash Shrestha, Bimala Rai - Tyo Nayan Ko.mp3",prakash shrestha bimala rai|tyo nayan ko,"Prakash Shrestha, Bimala Rai",Tyo Nayan Ko,probable,2481,,,metadata_candidate
"Prakash Shrestha, Deepa Jha - Nachne Koho Ni Maya.mp3","Prakash Shrestha, Deepa Jha - Nachne Koho Ni Maya.mp3",prakash shrestha deepa jha|nachne koho ni maya,"Prakash Shrestha, Deepa Jha",Nachne Koho Ni Maya,strong,526,526,,metadata_only
"Prakash Shrestha, Deepa jha - Ye Kanchhi.mp3","Prakash Shrestha, Deepa jha - Ye Kanchhi.mp3",prakash shrestha deepa jha|ye kanchhi,"Prakash Shrestha, Deepa jha",Ye Kanchhi,strong,420,420,,metadata_only
"Prakash Shrestha, Deepa Jha - Yesari Nai Timi Malai Maya Gardai.mp3","Prakash Shrestha, Deepa Jha - Yesari Nai Timi Malai Maya Gardai.mp3",prakash shrestha deepa jha|yesari nai timi malai maya gardai,"Prakash Shrestha, Deepa Jha",Yesari Nai Timi Malai Maya Gardai,strong,526,526,,metadata_only
"Prakash Shrestha, Kiran Pradhan, Yogendra Singh - Hami Tin Trikat (2).mp3","Prakash Shrestha, Kiran Pradhan, Yogendra Singh - Hami Tin Trikat (2).mp3",prakash shrestha kiran pradhan yogendra singh|hami tin trikat,"Prakash Shrestha, Kiran Pradhan, Yogendra Singh",Hami Tin Trikat,strong,2569,2569,,metadata_only
"Prakash Shrestha, Kiran Pradhan, Yogendra Singh - Hara Hara.mp3","Prakash Shrestha, Kiran Pradhan, Yogendra Singh - Hara Hara.mp3",prakash shrestha kiran pradhan yogendra singh|hara hara,"Prakash Shrestha, Kiran Pradhan, Yogendra Singh",Hara Hara,probable,110,,,metadata_candidate
"Prakash Shrestha, Kumar Basnet, Bimala Rai, Sukmit Gurung - Dekhe Pachhi.mp3","Prakash Shrestha, Kumar Basnet, Bimala Rai, Sukmit Gurung - Dekhe Pachhi.mp3",prakash shrestha kumar basnet bimala rai sukmit gurung|dekhe pachhi,"Prakash Shrestha, Kumar Basnet, Bimala Rai, Sukmit Gurung",Dekhe Pachhi,weak,1740,,A-563b606368,new_lyrics
"Prakash Shrestha, Lochan Bhattarai - Luki Luki Chori Chori.mp3","Prakash Shrestha, Lochan Bhattarai - Luki Luki Chori Chori.mp3",prakash shrestha lochan bhattarai|luki luki chori chori,"Prakash Shrestha, Lochan Bhattarai",Luki Luki Chori Chori,strong,1105,1105,,metadata_only
"Prakash Shrestha, Lochan Bhattarai - Ranikhola Ko Paani.mp3","Prakash Shrestha, Lochan Bhattarai - Ranikhola Ko Paani.mp3",prakash shrestha lochan bhattarai|ranikhola ko paani,"Prakash Shrestha, Lochan Bhattarai",Ranikhola Ko Paani,weak,243,,,metadata_candidate
"Prakash Shrestha, Lochan Bhattarai - Sarara Sarara.mp3","Prakash Shrestha, Lochan Bhattarai - Sarara Sarara.mp3",prakash shrestha lochan bhattarai|sarara sarara,"Prakash Shrestha, Lochan Bhattarai",Sarara Sarara,strong,904,904,,metadata_only
"Prakash Shrestha, Shakti Ballav - Ke Bharosa Jeevan Ko.mp3","Prakash Shrestha, Shakti Ballav - Ke Bharosa Jeevan Ko.mp3",prakash shrestha shakti ballav|ke bharosa jeevan ko,"Prakash Shrestha, Shakti Ballav",Ke Bharosa Jeevan Ko,strong,1155,1155,,metadata_only
"Prakash Shrestha, Sukmit Gurung - Chumera Sugandhi.mp3","Prakash Shrestha, Sukmit Gurung - Chumera Sugandhi.mp3",prakash shrestha sukmit gurung|chumera sugandhi,"Prakash Shrestha, Sukmit Gurung",Chumera Sugandhi,weak,4104,,,metadata_candidate
"Prakash Shrestha, Sukmit Gurung - Ka Kha Ga Gha.mp3","Prakash Shrestha, Sukmit Gurung - Ka Kha Ga Gha.mp3",prakash shrestha sukmit gurung|ka kha ga gha,"Prakash Shrestha, Sukmit Gurung",Ka Kha Ga Gha,strong,3084,3084,,metadata_only
"Prakash Shrestha, Sunita subba - Timi Mana Ya Namana.mp3","Prakash Shrestha, Sunita subba - Timi Mana Ya Namana.mp3",prakash shrestha sunita subba|timi mana ya namana,"Prakash Shrestha, Sunita subba",Timi Mana Ya Namana,strong,752,752,,metadata_only
"Prakash Shrestha, Thupden Bhutiya - Hami Dui Sathi.mp3","Prakash Shrestha, Thupden Bhutiya - Hami Dui Sathi.mp3",prakash shrestha thupden bhutiya|hami dui sathi,"Prakash Shrestha, Thupden Bhutiya",Hami Dui Sathi,strong,2569,2569,,metadata_only
prakiti by shadows - prakriti _ nepali rock song.mp3,prakiti by shadows - prakriti _ nepali rock song.mp3,prakiti by shadows|prakriti nepali rock song,prakiti by shadows,prakriti : nepali rock song,weak,207,,,metadata_candidate
Pramod Kharel - Aagole Jastai.mp3,Pramod Kharel - Aagole Jastai.mp3,pramod kharel|aagole jastai,Pramod Kharel,Aagole Jastai,weak,1594,,,metadata_candidate
Pramod Kharel - Adhuro.mp3,Pramod Kharel - Adhuro.mp3,pramod kharel|adhuro,Pramod Kharel,Adhuro,strong,2541,2541,,metadata_only
Pramod Kharel - Anta Maya Lako Bhaye.mp3,Pramod Kharel - Anta Maya Lako Bhaye.mp3,pramod kharel|anta maya lako bhaye,Pramod Kharel,Anta Maya Lako Bhaye,strong,526,526,,metadata_only
Pramod Kharel - Apurai Bho Timi Sangai.mp3,Pramod Kharel - Apurai Bho Timi Sangai.mp3,pramod kharel|apurai bho timi sangai,Pramod Kharel,Apurai Bho Timi Sangai,strong,429,429,,metadata_only
Pramod Kharel - Arkai Lai Rojdai.mp3,Pramod Kharel - Arkai Lai Rojdai.mp3,pramod kharel|arkai lai rojdai,Pramod Kharel,Arkai Lai Rojdai,strong,1746,1746,,metadata_only
Pramod Kharel - Arko Junima.mp3,Pramod Kharel - Arko Junima.mp3,pramod kharel|arko junima,Pramod Kharel,Arko Junima,strong,677,677,,metadata_only
Pramod Kharel - Arulai Maya (2).mp3,Pramod Kharel - Arulai Maya (2).mp3,pramod kharel|arulai maya,Pramod Kharel,Arulai Maya,strong,526,526,,metadata_only
Pramod Kharel - Aukat.mp3,Pramod Kharel - Aukat.mp3,pramod kharel|aukat,Pramod Kharel,Aukat,weak,590,,,metadata_candidate
Pramod Kharel - Baru Mara.mp3,Pramod Kharel - Baru Mara.mp3,pramod kharel|baru mara,Pramod Kharel,Baru Mara,strong,2516,2516,,metadata_only
Pramod Kharel - Bhuli Sara Yadharu.mp3,Pramod Kharel - Bhuli Sara Yadharu.mp3,pramod kharel|bhuli sara yadharu,Pramod Kharel,Bhuli Sara Yadharu,weak,652,,,metadata_candidate
Pramod Kharel - Bhupu Maya 3.mp3,Pramod Kharel - Bhupu Maya 3.mp3,pramod kharel|bhupu maya 3,Pramod Kharel,Bhupu Maya 3,strong,526,526,,metadata_only
Pramod Kharel - Birsera Bachna.mp3,Pramod Kharel - Birsera Bachna.mp3,pramod kharel|birsera bachna,Pramod Kharel,Birsera Bachna,weak,145,,,metadata_candidate
Pramod Kharel - Chhadi Gayau Nisthuri Le.mp3,Pramod Kharel - Chhadi Gayau Nisthuri Le.mp3,pramod kharel|chhadi gayau nisthuri le,Pramod Kharel,Chhadi Gayau Nisthuri Le,strong,292,292,,metadata_only
Pramod Kharel - Chhadi Gayeu Nisthuri Le.mp3,Pramod Kharel - Chhadi Gayeu Nisthuri Le.mp3,pramod kharel|chhadi gayeu nisthuri le,Pramod Kharel,Chhadi Gayeu Nisthuri Le,weak,2335,,,metadata_candidate
Pramod Kharel - Chhati Chiri Mannko Ghau.mp3,Pramod Kharel - Chhati Chiri Mannko Ghau.mp3,pramod kharel|chhati chiri mannko ghau,Pramod Kharel,Chhati Chiri Mannko Ghau,weak,,,,no_lyrics
Pramod Kharel - Chhinmai Haschhu.mp3,Pramod Kharel - Chhinmai Haschhu.mp3,pramod kharel|chhinmai haschhu,Pramod Kharel,Chhinmai Haschhu,weak,2668,,,metadata_candidate
Pramod Kharel - Chokho Maya.mp3,Pramod Kharel - Chokho Maya.mp3,pramod kharel|chokho maya,Pramod Kharel,Chokho Maya,strong,2996,2996,,metadata_only
Pramod Kharel - Daar Lagchha.mp3,Pramod Kharel - Daar Lagchha.mp3,pramod kharel|daar lagchha,Pramod Kharel,Daar Lagchha,weak,2458,,,metadata_candidate
Pramod Kharel - DAIBALE.mp3,Pramod Kharel - DAIBALE.mp3,pramod kharel|daibale,Pramod Kharel,DAIBALE,weak,3220,,,metadata_candidate
Pramod Kharel - Deuta Mardainan.mp3,Pramod Kharel - Deuta Mardainan.mp3,pramod kharel|deuta mardainan,Pramod Kharel,Deuta Mardainan,weak,3605,,,metadata_candidate
Pramod Kharel - Dhartiko Chiso.mp3,Pramod Kharel - Dhartiko Chiso.mp3,pramod kharel|dhartiko chiso,Pramod Kharel,Dhartiko Chiso,strong,859,859,,metadata_only
Pramod Kharel - Doshi.mp3,Pramod Kharel - Doshi.mp3,pramod kharel|doshi,Pramod Kharel,Doshi,probable,108,,,metadata_candidate
Pramod Kharel - Euta Sano.mp3,Pramod Kharel - Euta Sano.mp3,pramod kharel|euta sano,Pramod Kharel,Euta Sano,strong,427,427,,metadata_only
Pramod Kharel - Garible Garne Maya.mp3,Pramod Kharel - Garible Garne Maya.mp3,pramod kharel|garible garne maya,Pramod Kharel,Garible Garne Maya,strong,526,526,,metadata_only
Pramod Kharel - Ghoshana.mp3,Pramod Kharel - Ghoshana.mp3,pramod kharel|ghoshana,Pramod Kharel,Ghoshana,weak,194,,,metadata_candidate
Pramod Kharel - Harayeko Mero Manchhe.mp3,Pramod Kharel - Harayeko Mero Manchhe.mp3,pramod kharel|harayeko mero manchhe,Pramod Kharel,Harayeko Mero Manchhe,weak,3309,,,metadata_candidate
Pramod Kharel - Jatan Gari Sajai Rakha.mp3,Pramod Kharel - Jatan Gari Sajai Rakha.mp3,pramod kharel|jatan gari sajai rakha,Pramod Kharel,Jatan Gari Sajai Rakha,weak,767,,,metadata_candidate
Pramod Kharel - Jhupadi.mp3,Pramod Kharel - Jhupadi.mp3,pramod kharel|jhupadi,Pramod Kharel,Jhupadi,weak,3547,,,metadata_candidate
Pramod Kharel - Jindagi Ruthisi.mp3,Pramod Kharel - Jindagi Ruthisi.mp3,pramod kharel|jindagi ruthisi,Pramod Kharel,Jindagi Ruthisi,probable,85,,,metadata_candidate
Pramod Kharel - Kasari Afno.mp3,Pramod Kharel - Kasari Afno.mp3,pramod kharel|kasari afno,Pramod Kharel,Kasari Afno,strong,4030,4030,,metadata_only
Pramod Kharel - Kina Boldinau.mp3,Pramod Kharel - Kina Boldinau.mp3,pramod kharel|kina boldinau,Pramod Kharel,Kina Boldinau,strong,834,834,,metadata_only
Pramod Kharel - Kina Marina Ma- Everest Gallery.mp3,Pramod Kharel - Kina Marina Ma- Everest Gallery.mp3,pramod kharel|kina marina ma everest gallery,Pramod Kharel,Kina Marina Ma- Everest Gallery,strong,862,862,,metadata_only
Pramod Kharel - Ma Bina Ni Bachna.mp3,Pramod Kharel - Ma Bina Ni Bachna.mp3,pramod kharel|ma bina ni bachna,Pramod Kharel,Ma Bina Ni Bachna,strong,3773,3773,,metadata_only
Pramod Kharel - Ma Yo Dharti Ko.mp3,Pramod Kharel - Ma Yo Dharti Ko.mp3,pramod kharel|ma yo dharti ko,Pramod Kharel,Ma Yo Dharti Ko,strong,3773,3773,,metadata_only
Pramod Kharel - Malai Sunam Sunam.mp3,Pramod Kharel - Malai Sunam Sunam.mp3,pramod kharel|malai sunam sunam,Pramod Kharel,Malai Sunam Sunam,probable,256,,,metadata_candidate
Pramod Kharel - Man Jalera.mp3,Pramod Kharel - Man Jalera.mp3,pramod kharel|man jalera,Pramod Kharel,Man Jalera,weak,1135,,,metadata_candidate
Pramod Kharel - Mann Paraunu.mp3,Pramod Kharel - Mann Paraunu.mp3,pramod kharel|mann paraunu,Pramod Kharel,Mann Paraunu,strong,772,772,,metadata_only
Pramod Kharel - Maya K Ho.mp3,Pramod Kharel - Maya K Ho.mp3,pramod kharel|maya k ho,Pramod Kharel,Maya K Ho,strong,2538,2538,,metadata_only
Pramod Kharel - Mayako Ghar (2).mp3,Pramod Kharel - Mayako Ghar (2).mp3,pramod kharel|mayako ghar,Pramod Kharel,Mayako Ghar,probable,1980,,,metadata_candidate
Pramod Kharel - Mayako Karobar.mp3,Pramod Kharel - Mayako Karobar.mp3,pramod kharel|mayako karobar,Pramod Kharel,Mayako Karobar,weak,4037,,,metadata_candidate
Pramod Kharel - Mero Aafno Bhannu.mp3,Pramod Kharel - Mero Aafno Bhannu.mp3,pramod kharel|mero aafno bhannu,Pramod Kharel,Mero Aafno Bhannu,strong,3969,3969,,metadata_only
Pramod Kharel - Mero Desh Pyaro Nepal.mp3,Pramod Kharel - Mero Desh Pyaro Nepal.mp3,pramod kharel|mero desh pyaro nepal,Pramod Kharel,Mero Desh Pyaro Nepal,strong,2385,2385,,metadata_only
Pramod Kharel - Mrityu Ko Purba Suchana.mp3,Pramod Kharel - Mrityu Ko Purba Suchana.mp3,pramod kharel|mrityu ko purba suchana,Pramod Kharel,Mrityu Ko Purba Suchana,strong,213,213,,metadata_only
Pramod Kharel - Mutu Jhiker.mp3,Pramod Kharel - Mutu Jhiker.mp3,pramod kharel|mutu jhiker,Pramod Kharel,Mutu Jhiker,weak,1222,,,metadata_candidate
Pramod Kharel - Pardeshilai Rahar.mp3,Pramod Kharel - Pardeshilai Rahar.mp3,pramod kharel|pardeshilai rahar,Pramod Kharel,Pardeshilai Rahar,weak,1199,,,metadata_candidate
Pramod Kharel - Phool Jhai Oili Jadai Chhu.mp3,Pramod Kharel - Phool Jhai Oili Jadai Chhu.mp3,pramod kharel|phool jhai oili jadai chhu,Pramod Kharel,Phool Jhai Oili Jadai Chhu,strong,3465,3465,,metadata_only
Pramod Kharel - Reshami Ghumto.mp3,Pramod Kharel - Reshami Ghumto.mp3,pramod kharel|reshami ghumto,Pramod Kharel,Reshami Ghumto,weak,2234,,,metadata_candidate
Pramod Kharel - Rojeko Paidaina Khojeko Chahidaina.mp3,Pramod Kharel - Rojeko Paidaina Khojeko Chahidaina.mp3,pramod kharel|rojeko paidaina khojeko chahidaina,Pramod Kharel,Rojeko Paidaina Khojeko Chahidaina,strong,2632,2632,,metadata_only
Pramod Kharel - Roknu Khachu.mp3,Pramod Kharel - Roknu Khachu.mp3,pramod kharel|roknu khachu,Pramod Kharel,Roknu Khachu,weak,2792,,,metadata_candidate
Pramod Kharel - Sajilo Kaha Chha Ra.mp3,Pramod Kharel - Sajilo Kaha Chha Ra.mp3,pramod kharel|sajilo kaha chha ra,Pramod Kharel,Sajilo Kaha Chha Ra,weak,2672,,,metadata_candidate
Pramod Kharel - Sani beimani.mp3,Pramod Kharel - Sani beimani.mp3,pramod kharel|sani beimani,Pramod Kharel,Sani beimani,weak,3422,,,metadata_candidate
Pramod Kharel - Sushma.mp3,Pramod Kharel - Sushma.mp3,pramod kharel|sushma,Pramod Kharel,Sushma,weak,2313,,,metadata_candidate
Pramod Kharel - Tamam Ti.mp3,Pramod Kharel - Tamam Ti.mp3,pramod kharel|tamam ti,Pramod Kharel,Tamam Ti,weak,646,,,metadata_candidate
Pramod Kharel - Timi Jasto Huna Nasakepani.mp3,Pramod Kharel - Timi Jasto Huna Nasakepani.mp3,pramod kharel|timi jasto huna nasakepani,Pramod Kharel,Timi Jasto Huna Nasakepani.,strong,752,752,,metadata_only
Pramod Kharel - Timi Sundar Phool Hau.mp3,Pramod Kharel - Timi Sundar Phool Hau.mp3,pramod kharel|timi sundar phool hau,Pramod Kharel,Timi Sundar Phool Hau,strong,752,752,,metadata_only
Pramod Kharel - Timilai Maya.mp3,Pramod Kharel - Timilai Maya.mp3,pramod kharel|timilai maya,Pramod Kharel,Timilai Maya,strong,526,526,,metadata_only
Pramod Kharel - Timrai Mayako Sath Chahinchha.mp3,Pramod Kharel - Timrai Mayako Sath Chahinchha.mp3,pramod kharel|timrai mayako sath chahinchha,Pramod Kharel,Timrai Mayako Sath Chahinchha,strong,688,688,,metadata_only
Pramod Kharel - Timro Siudo.mp3,Pramod Kharel - Timro Siudo.mp3,pramod kharel|timro siudo,Pramod Kharel,Timro Siudo,weak,3614,,,metadata_candidate
Pramod Kharel - Upahar.mp3,Pramod Kharel - Upahar.mp3,pramod kharel|upahar,Pramod Kharel,Upahar,probable,3096,,,metadata_candidate
"Pramod Kharel - Usle Jati Maya Timlai, Pt. 1.mp3","Pramod Kharel - Usle Jati Maya Timlai, Pt. 1.mp3",pramod kharel|usle jati maya timlai pt 1,Pramod Kharel,"Usle Jati Maya Timlai, Pt. 1",strong,24,24,,metadata_only
Pramod Kharel - Usle Pani Maya Garos.mp3,Pramod Kharel - Usle Pani Maya Garos.mp3,pramod kharel|usle pani maya garos,Pramod Kharel,Usle Pani Maya Garos,strong,526,526,,metadata_only
Pramod Kharel - Ye Maya.mp3,Pramod Kharel - Ye Maya.mp3,pramod kharel|ye maya,Pramod Kharel,Ye Maya,strong,526,526,,metadata_only
Pramod Kharel - Yo Bhagya Maa Khot Chha 2.mp3,Pramod Kharel - Yo Bhagya Maa Khot Chha 2.mp3,pramod kharel|yo bhagya maa khot chha 2,Pramod Kharel,Yo Bhagya Maa Khot Chha 2,strong,205,205,,metadata_only
Pramod Kharel - Yo Manle Rojyo Timilai.mp3,Pramod Kharel - Yo Manle Rojyo Timilai.mp3,pramod kharel|yo manle rojyo timilai,Pramod Kharel,Yo Manle Rojyo Timilai,strong,1555,1555,,metadata_only
"Pramod Kharel, Anjana Gurung - Aafno Manchhe Afno Hunchha.mp3","Pramod Kharel, Anjana Gurung - Aafno Manchhe Afno Hunchha.mp3",pramod kharel anjana gurung|aafno manchhe afno hunchha,"Pramod Kharel, Anjana Gurung",Aafno Manchhe Afno Hunchha,strong,3969,3969,,metadata_only
"Pramod Kharel, Anju Panta - Timro Mero Dilko Bas (3).mp3","Pramod Kharel, Anju Panta - Timro Mero Dilko Bas (3).mp3",pramod kharel anju panta|timro mero dilko bas,"Pramod Kharel, Anju Panta",Timro Mero Dilko Bas,probable,1178,,,metadata_candidate
"Pramod Kharel, Eknarayan Bhandari - Timrai Mutu Bhitrai.mp3","Pramod Kharel, Eknarayan Bhandari - Timrai Mutu Bhitrai.mp3",pramod kharel eknarayan bhandari|timrai mutu bhitrai,"Pramod Kharel, Eknarayan Bhandari",Timrai Mutu Bhitrai,probable,3198,,,metadata_candidate
"Pramod Kharel, Melina Rai - Jire Khursani.mp3","Pramod Kharel, Melina Rai - Jire Khursani.mp3",pramod kharel melina rai|jire khursani,"Pramod Kharel, Melina Rai",Jire Khursani,weak,3643,,,metadata_candidate
"Pramod Kharel, Melina Rai - Ohh Kanchhi.mp3","Pramod Kharel, Melina Rai - Ohh Kanchhi.mp3",pramod kharel melina rai|ohh kanchhi,"Pramod Kharel, Melina Rai",Ohh Kanchhi,strong,420,420,,metadata_only
"Pramod Kharel, Melina Rai - Sano Thimi.mp3","Pramod Kharel, Melina Rai - Sano Thimi.mp3",pramod kharel melina rai|sano thimi,"Pramod Kharel, Melina Rai",Sano Thimi,strong,427,427,,metadata_only
"Pramod Kharel, Neetu Ghimire - Maya Meri.mp3","Pramod Kharel, Neetu Ghimire - Maya Meri.mp3",pramod kharel neetu ghimire|maya meri,"Pramod Kharel, Neetu Ghimire",Maya Meri,strong,157,157,,metadata_only
"Pramod Kharel, Purnima Lama - Phool Kamal.mp3","Pramod Kharel, Purnima Lama - Phool Kamal.mp3",pramod kharel purnima lama|phool kamal,"Pramod Kharel, Purnima Lama",Phool Kamal,strong,3465,3465,,metadata_only
"Pramod Kharel, Santosh Shrestha, Prabal Bista - Timrai Jeetko Charcha.mp3","Pramod Kharel, Santosh Shrestha, Prabal Bista - Timrai Jeetko Charcha.mp3",pramod kharel santosh shrestha prabal bista|timrai jeetko charcha,"Pramod Kharel, Santosh Shrestha, Prabal Bista",Timrai Jeetko Charcha,probable,1634,,,metadata_candidate
Pramod Suman - Gorkhi Nepali.mp3,Pramod Suman - Gorkhi Nepali.mp3,pramod suman|gorkhi nepali,Pramod Suman,Gorkhi Nepali,weak,207,,,metadata_candidate
Pranghatak (feat. Aidray & Duke).m4a,Pranghatak (feat. Aidray & Duke).m4a,mistah k topic|pranghatak feat aidray duke,Mistah.K - Topic,Pranghatak (feat. Aidray & Duke),none,,,,no_lyrics
Pranghatak-Nepsydaz Ft Aidray & Duke.m4a,Pranghatak-Nepsydaz Ft Aidray & Duke.m4a,nepsydaz|pranghatak nepsydaz ft aidray duke,Nepsydaz,Pranghatak-Nepsydaz Ft Aidray & Duke,none,,,,no_lyrics
"Prasad Shrestha, Bimala Rai, P - kanchi_hey_kanchi.mp3","Prasad Shrestha, Bimala Rai, P - kanchi_hey_kanchi.mp3",prasad shrestha bimala rai p|kanchi_hey_kanchi,"Prasad Shrestha, Bimala Rai, P",kanchi_hey_kanchi,weak,744,,,metadata_candidate
"Prashant Tamang, Deepak Limbu, Bishnu Chemjong - Batasai Sarara.mp3","Prashant Tamang, Deepak Limbu, Bishnu Chemjong - Batasai Sarara.mp3",prashant tamang deepak limbu bishnu chemjong|batasai sarara,"Prashant Tamang, Deepak Limbu, Bishnu Chemjong",Batasai Sarara,strong,904,904,,metadata_only
"Pratap Das, Melina Rai - Is It Love.mp3","Pratap Das, Melina Rai - Is It Love.mp3",pratap das melina rai|is it love,"Pratap Das, Melina Rai",Is It Love,strong,2679,2679,,metadata_only
"Pratap Das, Melina Rai - Kasari.mp3","Pratap Das, Melina Rai - Kasari.mp3",pratap das melina rai|kasari,"Pratap Das, Melina Rai",Kasari,strong,4030,4030,,metadata_only
Prayer before Reading The Sutra of Ksitigarbha's Fundamental Vows.mp3,Prayer before Reading The Sutra of Ksitigarbha's Fundamental Vows.mp3,society of ksitigarbha studies usa|prayer before reading the sutra of ksitigarbha s fundamental vows,"Society of Ksitigarbha Studies, USA",Prayer before Reading The Sutra of Ksitigarbha's Fundamental Vows,none,,,,no_lyrics
Prayer for the Dying and Newly Deceased.mp3,Prayer for the Dying and Newly Deceased.mp3,society of ksitigarbha studies usa|prayer for the dying and newly deceased,"Society of Ksitigarbha Studies, USA",Prayer for the Dying and Newly Deceased,none,,,,no_lyrics
Preet Parminder - Sajjan.mp3,Preet Parminder - Sajjan.mp3,preet parminder|sajjan,Preet Parminder,Sajjan,weak,1366,,,metadata_candidate
Preetamatrix - Nepali Music - Kancha.mp3,Preetamatrix - Nepali Music - Kancha.mp3,preetamatrix|nepali music kancha,Preetamatrix,Nepali Music - Kancha,weak,207,,,metadata_candidate
Preeti Choudhary - Shiv Shankar Bhole Bhandari Dukh Pawe Teri Gora Pyari.mp3,Preeti Choudhary - Shiv Shankar Bhole Bhandari Dukh Pawe Teri Gora Pyari.mp3,preeti choudhary|shiv shankar bhole bhandari dukh pawe teri gora pyari,Preeti Choudhary,Shiv Shankar Bhole Bhandari Dukh Pawe Teri Gora Pyari,weak,1543,,,metadata_candidate
"Preeti Sagar, Sushma Shrestha - Hum Nahin Bhoolenge (Female Version).mp3","Preeti Sagar, Sushma Shrestha - Hum Nahin Bhoolenge (Female Version).mp3",preeti sagar sushma shrestha|hum nahin bhoolenge female version,"Preeti Sagar, Sushma Shrestha",Hum Nahin Bhoolenge (Female Version),weak,1245,,,metadata_candidate
"Preeti Sharma, Sunil Chauhan - De Nasha Chhod Bhole Shiv Shankar Bhandari.mp3","Preeti Sharma, Sunil Chauhan - De Nasha Chhod Bhole Shiv Shankar Bhandari.mp3",preeti sharma sunil chauhan|de nasha chhod bhole shiv shankar bhandari,"Preeti Sharma, Sunil Chauhan",De Nasha Chhod Bhole Shiv Shankar Bhandari,weak,1543,,,metadata_candidate
Preface.mp3,Preface.mp3,society of ksitigarbha studies usa|preface,"Society of Ksitigarbha Studies, USA",Preface,none,,,,no_lyrics
Prem Bahadur Nepali - Jhyamre.mp3,Prem Bahadur Nepali - Jhyamre.mp3,prem bahadur nepali|jhyamre,Prem Bahadur Nepali,Jhyamre,weak,1790,,,metadata_candidate
Prem Ghimire - Meri Kanchhi.mp3,Prem Ghimire - Meri Kanchhi.mp3,prem ghimire|meri kanchhi,Prem Ghimire,Meri Kanchhi,weak,420,,,metadata_candidate
"Prem Ko Taj Mahal ｜｜ Eleena Chauhan ｜｜ Ft. Shilpa Pokharel, Yasraj Garach ｜｜ Narayan Kumar Acharya.m4a","Prem Ko Taj Mahal ｜｜ Eleena Chauhan ｜｜ Ft. Shilpa Pokharel, Yasraj Garach ｜｜ Narayan Kumar Acharya.m4a",osrdigital|prem ko taj mahal,OSRDigital,"Prem Ko Taj Mahal || Eleena Chauhan || Ft. Shilpa Pokharel, Yasraj Garach || Narayan Kumar Acharya",weak,1721,,,metadata_candidate
"Prem Prakash Oli, Melina Rai - Halla Nagara.mp3","Prem Prakash Oli, Melina Rai - Halla Nagara.mp3",prem prakash oli melina rai|halla nagara,"Prem Prakash Oli, Melina Rai",Halla Nagara,strong,3627,3627,,metadata_only
"Prem Yasto Hos ｜｜ Miss Pabi, Roshan Khadka ｜｜ Ankit Giri, Rasmi Bishwokarma ｜｜ New Nepali Song 2026.m4a","Prem Yasto Hos ｜｜ Miss Pabi, Roshan Khadka ｜｜ Ankit Giri, Rasmi Bishwokarma ｜｜ New Nepali Song 2026.m4a",osrdigital|prem yasto hos,OSRDigital,"Prem Yasto Hos || Miss Pabi, Roshan Khadka || Ankit Giri, Rasmi Bishwokarma || New Nepali Song 2026",weak,1721,,,metadata_candidate
"Premdhoj Pradhan, Kunti Moktan - Kalejima.mp3","Premdhoj Pradhan, Kunti Moktan - Kalejima.mp3",premdhoj pradhan kunti moktan|kalejima,"Premdhoj Pradhan, Kunti Moktan",Kalejima,weak,2729,,,metadata_candidate
"Premi Nepali, Anjali Bharti - Chumma Le Lebo Chap Ke.mp3","Premi Nepali, Anjali Bharti - Chumma Le Lebo Chap Ke.mp3",premi nepali anjali bharti|chumma le lebo chap ke,"Premi Nepali, Anjali Bharti",Chumma Le Lebo Chap Ke,none,3335,,,metadata_candidate
Prince Amjad - Jind Layi Cha Sajjan Tere Nawen.mp3,Prince Amjad - Jind Layi Cha Sajjan Tere Nawen.mp3,prince amjad|jind layi cha sajjan tere nawen,Prince Amjad,Jind Layi Cha Sajjan Tere Nawen,none,,,,no_lyrics
Prince Dogra - Sajjan Pardese Da.mp3,Prince Dogra - Sajjan Pardese Da.mp3,prince dogra|sajjan pardese da,Prince Dogra,Sajjan Pardese Da,none,3246,,,metadata_candidate
Prince E. Robinson feat. Kamal Gurung - Mera Tu Hi Sahara Hai (Nepali).mp3,Prince E. Robinson feat. Kamal Gurung - Mera Tu Hi Sahara Hai (Nepali).mp3,prince e robinson feat kamal gurung|mera tu hi sahara hai nepali,Prince E. Robinson feat. Kamal Gurung,Mera Tu Hi Sahara Hai (Nepali),weak,207,,,metadata_candidate
"Priyanka Singh, Sumit Baba - Bola Jai Shiv Shankar.mp3","Priyanka Singh, Sumit Baba - Bola Jai Shiv Shankar.mp3",priyanka singh sumit baba|bola jai shiv shankar,"Priyanka Singh, Sumit Baba",Bola Jai Shiv Shankar,weak,2510,,,metadata_candidate
"PRZEMYSŁAW STRĄCZEK, Marcin Kaletka, KANDARA DIEBATE - Imaginarium.mp3","PRZEMYSŁAW STRĄCZEK, Marcin Kaletka, KANDARA DIEBATE - Imaginarium.mp3",przemysław strączek marcin kaletka kandara diebate|imaginarium,"PRZEMYSŁAW STRĄCZEK, Marcin Kaletka, KANDARA DIEBATE",Imaginarium,weak,3909,,,metadata_candidate
Pulkit Arora - Sajjan.mp3,Pulkit Arora - Sajjan.mp3,pulkit arora|sajjan,Pulkit Arora,Sajjan,weak,1366,,,metadata_candidate
"Purano Chha Ghar ｜ JHARI PACHHI KO INDRENI Movie Song ｜ Ganesh Upreti, Ramesh Upreti ｜ Rhythm Kandel.m4a","Purano Chha Ghar ｜ JHARI PACHHI KO INDRENI Movie Song ｜ Ganesh Upreti, Ramesh Upreti ｜ Rhythm Kandel.m4a",osrdigital|purano chha ghar,OSRDigital,"Purano Chha Ghar | JHARI PACHHI KO INDRENI Movie Song | Ganesh Upreti, Ramesh Upreti | Rhythm Kandel",weak,4090,,,metadata_candidate
Purba Ko Tambe Danda.mp3,Purba Ko Tambe Danda.mp3,bhugol dahal|purba ko tambe danda,Bhugol Dahal,Purba Ko Tambe Danda,none,4062,,,metadata_candidate
Purbai Bata Paschimai ｜｜ Nepali Movie NISHANI Song ｜｜ Latest Nepali Prashant Tamang Song.m4a,Purbai Bata Paschimai ｜｜ Nepali Movie NISHANI Song ｜｜ Latest Nepali Prashant Tamang Song.m4a,osr digital|purbai bata paschimai,OSR Digital,Purbai Bata Paschimai || Nepali Movie NISHANI Song || Latest Nepali Prashant Tamang Song,weak,2095,,,metadata_candidate
Purna Prasad Serchan - Nepali Love Song (2).mp3,Purna Prasad Serchan - Nepali Love Song (2).mp3,purna prasad serchan|nepali love song,Purna Prasad Serchan,Nepali Love Song,weak,207,,,metadata_candidate
"PURUSH - पुरुष ｜｜ Narrative Movie 2026 ｜｜ Kaameshwor Chaurasiya, Melina Thakuri, Ramhari Khadka.m4a","PURUSH - पुरुष ｜｜ Narrative Movie 2026 ｜｜ Kaameshwor Chaurasiya, Melina Thakuri, Ramhari Khadka.m4a",osrdigital|purush पुरुष,OSRDigital,"PURUSH - पुरुष || Narrative Movie 2026 || Kaameshwor Chaurasiya, Melina Thakuri, Ramhari Khadka",none,,,,no_lyrics
"Putali - Purushottam Acharya ｜｜ Ft. I.P Acharya, Shreya Acharya ｜｜ New Nepali Song 2025 ⧸ 2082.m4a","Putali - Purushottam Acharya ｜｜ Ft. I.P Acharya, Shreya Acharya ｜｜ New Nepali Song 2025 ⧸ 2082.m4a",osrdigital|putali purushottam acharya,OSRDigital,"Putali - Purushottam Acharya || Ft. I.P Acharya, Shreya Acharya || New Nepali Song 2025 / 2082",weak,517,,,metadata_candidate
"Putali Udyo ｜｜ Prasiddhi Bhurtel ｜｜ Aditi, Apekshya, Jasmin, Sambriddhi, Sukriti ｜｜ New Nepali Song.m4a","Putali Udyo ｜｜ Prasiddhi Bhurtel ｜｜ Aditi, Apekshya, Jasmin, Sambriddhi, Sukriti ｜｜ New Nepali Song.m4a",osrdigital|putali udyo,OSRDigital,"Putali Udyo || Prasiddhi Bhurtel || Aditi, Apekshya, Jasmin, Sambriddhi, Sukriti || New Nepali Song",weak,517,,,metadata_candidate
"Putpute Nach ｜｜ BAN PHOOL Movie Song 2026 (Gurung Culture Movie) ｜｜ Mausam Gurung, Jonisha Gurung.m4a","Putpute Nach ｜｜ BAN PHOOL Movie Song 2026 (Gurung Culture Movie) ｜｜ Mausam Gurung, Jonisha Gurung.m4a",osrdigital|putpute nach,OSRDigital,"Putpute Nach || BAN PHOOL Movie Song 2026 (Gurung Culture Movie) || Mausam Gurung, Jonisha Gurung",none,1180,,,metadata_candidate
"Qaiser Kandara, Aqsa Daniel Sandhu, Raza Bhatti feat. Michael Javed, Navishta Patras, Sitara Adil - Aik Tara.mp3","Qaiser Kandara, Aqsa Daniel Sandhu, Raza Bhatti feat. Michael Javed, Navishta Patras, Sitara Adil - Aik Tara.mp3",qaiser kandara aqsa daniel sandhu raza bhatti feat michael javed navishta patras sitara adil|aik tara,"Qaiser Kandara, Aqsa Daniel Sandhu, Raza Bhatti feat. Michael Javed, Navishta Patras, Sitara Adil",Aik Tara,weak,2299,,,metadata_candidate
"Qaiser Kandara, Raza Bhatti feat. Raza Fida - Sada V Pakistan Aa.mp3","Qaiser Kandara, Raza Bhatti feat. Raza Fida - Sada V Pakistan Aa.mp3",qaiser kandara raza bhatti feat raza fida|sada v pakistan aa,"Qaiser Kandara, Raza Bhatti feat. Raza Fida",Sada V Pakistan Aa,weak,3307,,,metadata_candidate
Qurban Ali Sajjan - Lala Walrey Peer Diyan.mp3,Qurban Ali Sajjan - Lala Walrey Peer Diyan.mp3,qurban ali sajjan|lala walrey peer diyan,Qurban Ali Sajjan,Lala Walrey Peer Diyan,none,,,,no_lyrics
Qurban Sajjan - Lalan Wala Peer.mp3,Qurban Sajjan - Lalan Wala Peer.mp3,qurban sajjan|lalan wala peer,Qurban Sajjan,Lalan Wala Peer,none,,,,no_lyrics
raato_dori_batamla_teej_song_www.Devchuli6.com.mp3,raato_dori_batamla_teej_song_www.Devchuli6.com.mp3,archive org|raato_dori_batamla_teej_song_,archive.org,raato_dori_batamla_teej_song_www.Devchuli6.com,none,,,,no_lyrics
Raavana (Prod. by SNJV) (Dong)  Nepali rap song.m4a,Raavana (Prod. by SNJV) (Dong)  Nepali rap song.m4a,dip|raavana,Dip,Raavana (Prod. by SNJV) (Dong)  Nepali rap song,probable,1893,,,metadata_candidate
"Rabin Sharma, Bimala Rai - Gham Chhayan Ko Jindagima.mp3","Rabin Sharma, Bimala Rai - Gham Chhayan Ko Jindagima.mp3",rabin sharma bimala rai|gham chhayan ko jindagima,"Rabin Sharma, Bimala Rai",Gham Chhayan Ko Jindagima,weak,1744,,,metadata_candidate
Rachana Dahal - Bhumari.mp3,Rachana Dahal - Bhumari.mp3,rachana dahal|bhumari,Rachana Dahal,Bhumari,strong,2739,2739,,metadata_only
Rachana Dahal - Brahmanda.mp3,Rachana Dahal - Brahmanda.mp3,rachana dahal|brahmanda,Rachana Dahal,Brahmanda,weak,548,,A-aa7f4246d7,new_lyrics
Rachana Dahal - Daagbatti.mp3,Rachana Dahal - Daagbatti.mp3,rachana dahal|daagbatti,Rachana Dahal,Daagbatti,strong,2740,2740,,metadata_only
Rachana Dahal - Hey Bhagwan.mp3,Rachana Dahal - Hey Bhagwan.mp3,rachana dahal|hey bhagwan,Rachana Dahal,Hey Bhagwan,weak,254,,A-e8c0dbf0db,new_lyrics
"Rachana Dahal, Rose, Daisy - Sapana Ko Raja.mp3","Rachana Dahal, Rose, Daisy - Sapana Ko Raja.mp3",rachana dahal rose daisy|sapana ko raja,"Rachana Dahal, Rose, Daisy",Sapana Ko Raja,strong,816,816,,metadata_only
Rachana Devi - Aail Bani Tohare Duariya.mp3,Rachana Devi - Aail Bani Tohare Duariya.mp3,rachana devi|aail bani tohare duariya,Rachana Devi,Aail Bani Tohare Duariya,none,,,,no_lyrics
Rachana Devi - Aail Subh Sehara Bahar Banake.mp3,Rachana Devi - Aail Subh Sehara Bahar Banake.mp3,rachana devi|aail subh sehara bahar banake,Rachana Devi,Aail Subh Sehara Bahar Banake,none,33,,,metadata_candidate
Rachana Devi - Chutaki Bhar Senura Udhar Mangatani.mp3,Rachana Devi - Chutaki Bhar Senura Udhar Mangatani.mp3,rachana devi|chutaki bhar senura udhar mangatani,Rachana Devi,Chutaki Bhar Senura Udhar Mangatani,none,,,,no_lyrics
Rachana Devi - Ek Sunder Phool Khilaya.mp3,Rachana Devi - Ek Sunder Phool Khilaya.mp3,rachana devi|ek sunder phool khilaya,Rachana Devi,Ek Sunder Phool Khilaya,weak,3465,,,metadata_candidate
Rachana Devi - Jekara Ke Khoje Jahanawa.mp3,Rachana Devi - Jekara Ke Khoje Jahanawa.mp3,rachana devi|jekara ke khoje jahanawa,Rachana Devi,Jekara Ke Khoje Jahanawa,none,,,,no_lyrics
Rachana Devi - Lahare Tiranga.mp3,Rachana Devi - Lahare Tiranga.mp3,rachana devi|lahare tiranga,Rachana Devi,Lahare Tiranga,none,481,,,metadata_candidate
Rachana Devi - Maa Baap Se Badhkar.mp3,Rachana Devi - Maa Baap Se Badhkar.mp3,rachana devi|maa baap se badhkar,Rachana Devi,Maa Baap Se Badhkar,weak,205,,,metadata_candidate
Rachana Devi - Mai Rachana Teri Rachanahar Tu Hai.mp3,Rachana Devi - Mai Rachana Teri Rachanahar Tu Hai.mp3,rachana devi|mai rachana teri rachanahar tu hai,Rachana Devi,Mai Rachana Teri Rachanahar Tu Hai,weak,1226,,,metadata_candidate
Rachana Devi - Nirankari Nepali Geet.mp3,Rachana Devi - Nirankari Nepali Geet.mp3,rachana devi|nirankari nepali geet,Rachana Devi,Nirankari Nepali Geet,weak,207,,,metadata_candidate
Rachana Devi - Ram Sabme Hai Sabse Pyaar Kare.mp3,Rachana Devi - Ram Sabme Hai Sabse Pyaar Kare.mp3,rachana devi|ram sabme hai sabse pyaar kare,Rachana Devi,Ram Sabme Hai Sabse Pyaar Kare,weak,1226,,,metadata_candidate
Rachana Devi - Sabkar Jhumela Manwa.mp3,Rachana Devi - Sabkar Jhumela Manwa.mp3,rachana devi|sabkar jhumela manwa,Rachana Devi,Sabkar Jhumela Manwa,none,2936,,,metadata_candidate
Rachana Devi - Sunala Kahani Bharal Ba Paani.mp3,Rachana Devi - Sunala Kahani Bharal Ba Paani.mp3,rachana devi|sunala kahani bharal ba paani,Rachana Devi,Sunala Kahani Bharal Ba Paani,none,1653,,,metadata_candidate
"Radhika ｜｜ Karan Pariyar, Ganga Sonam ｜｜ Ft. Badri Prasad Tiwari, Smarika Dhakal ｜｜ New Nepali Song.m4a","Radhika ｜｜ Karan Pariyar, Ganga Sonam ｜｜ Ft. Badri Prasad Tiwari, Smarika Dhakal ｜｜ New Nepali Song.m4a",osrdigital|radhika,OSRDigital,"Radhika || Karan Pariyar, Ganga Sonam || Ft. Badri Prasad Tiwari, Smarika Dhakal || New Nepali Song",weak,92,,,metadata_candidate
"Rahar Chha Timi Sangai ｜ Rachana Rimal, Tek Bc ｜ Milan Acharya, Rabina Bastakoti ｜ New Nepali Song.m4a","Rahar Chha Timi Sangai ｜ Rachana Rimal, Tek Bc ｜ Milan Acharya, Rabina Bastakoti ｜ New Nepali Song.m4a",osrdigital|rahar chha timi sangai,OSRDigital,"Rahar Chha Timi Sangai | Rachana Rimal, Tek Bc | Milan Acharya, Rabina Bastakoti | New Nepali Song",weak,347,,,metadata_candidate
"Rahul Podiya, Vijay chhajpur aala - Shiv Shankar.mp3","Rahul Podiya, Vijay chhajpur aala - Shiv Shankar.mp3",rahul podiya vijay chhajpur aala|shiv shankar,"Rahul Podiya, Vijay chhajpur aala",Shiv Shankar,weak,1543,,,metadata_candidate
"Raila Roka, beatsbyhype, VTEN - Nepali Ho.mp3","Raila Roka, beatsbyhype, VTEN - Nepali Ho.mp3",raila roka beatsbyhype vten|nepali ho,"Raila Roka, beatsbyhype, VTEN",Nepali Ho,strong,2761,2761,,metadata_only
Raj K. Dhimal - Din Rat Piunai Parne Lat Baseko xa Sarabi Gajal NEpali.mp3,Raj K. Dhimal - Din Rat Piunai Parne Lat Baseko xa Sarabi Gajal NEpali.mp3,raj k dhimal|din rat piunai parne lat baseko xa sarabi gajal nepali,Raj K. Dhimal,Din Rat Piunai Parne Lat Baseko xa Sarabi Gajal NEpali,weak,207,,,metadata_candidate
Raj Kumar Joshi - Ye Kanchhi Lai Lai (2).mp3,Raj Kumar Joshi - Ye Kanchhi Lai Lai (2).mp3,raj kumar joshi|ye kanchhi lai lai,Raj Kumar Joshi,Ye Kanchhi Lai Lai,probable,420,,,metadata_candidate
"Raj Sigdel, Anju Panta - Yo Ke Bhako (2).mp3","Raj Sigdel, Anju Panta - Yo Ke Bhako (2).mp3",raj sigdel anju panta|yo ke bhako,"Raj Sigdel, Anju Panta",Yo Ke Bhako,strong,523,523,,metadata_only
"Raj Thillaiyampalam feat. Melina Rai, Sanup Paudel - Jhajhalko.mp3","Raj Thillaiyampalam feat. Melina Rai, Sanup Paudel - Jhajhalko.mp3",raj thillaiyampalam feat melina rai sanup paudel|jhajhalko,"Raj Thillaiyampalam feat. Melina Rai, Sanup Paudel",Jhajhalko,strong,512,512,,metadata_only
RAJA SHERPA - Jhuto.mp3,RAJA SHERPA - Jhuto.mp3,raja sherpa|jhuto,RAJA SHERPA,Jhuto,weak,409,,,metadata_candidate
"Raja Thakur, Shiv Nepali - Apna Yarwa Se Badh Ragdar Hae.mp3","Raja Thakur, Shiv Nepali - Apna Yarwa Se Badh Ragdar Hae.mp3",raja thakur shiv nepali|apna yarwa se badh ragdar hae,"Raja Thakur, Shiv Nepali",Apna Yarwa Se Badh Ragdar Hae,none,,,,no_lyrics
Rajan Raj Shiwakoti - Mayalu Aaune Jaane.mp3,Rajan Raj Shiwakoti - Mayalu Aaune Jaane.mp3,rajan raj shiwakoti|mayalu aaune jaane,Rajan Raj Shiwakoti,Mayalu Aaune Jaane,strong,56,56,,metadata_only
Rajan Raj Shiwakoti - Meri Aama.mp3,Rajan Raj Shiwakoti - Meri Aama.mp3,rajan raj shiwakoti|meri aama,Rajan Raj Shiwakoti,Meri Aama,strong,867,867,,metadata_only
Rajan Raj Shiwakoti - Phool Kumari.mp3,Rajan Raj Shiwakoti - Phool Kumari.mp3,rajan raj shiwakoti|phool kumari,Rajan Raj Shiwakoti,Phool Kumari,strong,3465,3465,,metadata_only
"Rajan Raj Shiwakoti, Anju Panta - Company Mala.mp3","Rajan Raj Shiwakoti, Anju Panta - Company Mala.mp3",rajan raj shiwakoti anju panta|company mala,"Rajan Raj Shiwakoti, Anju Panta",Company Mala,weak,865,,,metadata_candidate
"Rajan Raj Shiwakoti, Melina Rai - Silky Silky Baal.mp3","Rajan Raj Shiwakoti, Melina Rai - Silky Silky Baal.mp3",rajan raj shiwakoti melina rai|silky silky baal,"Rajan Raj Shiwakoti, Melina Rai",Silky Silky Baal,weak,2784,,,metadata_candidate
"Rajan Raj Shiwakoti, Milan Newar - Sanglo.mp3","Rajan Raj Shiwakoti, Milan Newar - Sanglo.mp3",rajan raj shiwakoti milan newar|sanglo,"Rajan Raj Shiwakoti, Milan Newar",Sanglo,probable,711,,,metadata_candidate
Rajesh Payal Rai - Aaj Roye Jindagima.mp3,Rajesh Payal Rai - Aaj Roye Jindagima.mp3,rajesh payal rai|aaj roye jindagima,Rajesh Payal Rai,Aaj Roye Jindagima,probable,317,,,metadata_candidate
Rajesh Payal Rai - Ae Mero Bhai.mp3,Rajesh Payal Rai - Ae Mero Bhai.mp3,rajesh payal rai|ae mero bhai,Rajesh Payal Rai,Ae Mero Bhai,weak,3377,,,metadata_candidate
Rajesh Payal Rai - Alchi Lage Balchi Khelaula.mp3,Rajesh Payal Rai - Alchi Lage Balchi Khelaula.mp3,rajesh payal rai|alchi lage balchi khelaula,Rajesh Payal Rai,Alchi Lage Balchi Khelaula,weak,2823,,,metadata_candidate
Rajesh Payal Rai - Apuro Chhu Ma.mp3,Rajesh Payal Rai - Apuro Chhu Ma.mp3,rajesh payal rai|apuro chhu ma,Rajesh Payal Rai,Apuro Chhu Ma,strong,3773,3773,,metadata_only
Rajesh Payal Rai - Badalko Fero.mp3,Rajesh Payal Rai - Badalko Fero.mp3,rajesh payal rai|badalko fero,Rajesh Payal Rai,Badalko Fero,weak,1009,,,metadata_candidate
Rajesh Payal Rai - Baiguni Raichau Mayalu.mp3,Rajesh Payal Rai - Baiguni Raichau Mayalu.mp3,rajesh payal rai|baiguni raichau mayalu,Rajesh Payal Rai,Baiguni Raichau Mayalu,strong,56,56,,metadata_only
Rajesh Payal Rai - Balla Bhet Bho Aadangbe.mp3,Rajesh Payal Rai - Balla Bhet Bho Aadangbe.mp3,rajesh payal rai|balla bhet bho aadangbe,Rajesh Payal Rai,Balla Bhet Bho Aadangbe,weak,,,,no_lyrics
Rajesh Payal Rai - Bigunile.mp3,Rajesh Payal Rai - Bigunile.mp3,rajesh payal rai|bigunile,Rajesh Payal Rai,Bigunile,probable,712,,,metadata_candidate
Rajesh Payal Rai - Budhasaubba Goldcup Song.mp3,Rajesh Payal Rai - Budhasaubba Goldcup Song.mp3,rajesh payal rai|budhasaubba goldcup song,Rajesh Payal Rai,Budhasaubba Goldcup Song,weak,3163,,,metadata_candidate
Rajesh Payal Rai - Chadi Jane Nirmohiko.mp3,Rajesh Payal Rai - Chadi Jane Nirmohiko.mp3,rajesh payal rai|chadi jane nirmohiko,Rajesh Payal Rai,Chadi Jane Nirmohiko,weak,4105,,,metadata_candidate
Rajesh Payal Rai - Chanchal Chanchal.mp3,Rajesh Payal Rai - Chanchal Chanchal.mp3,rajesh payal rai|chanchal chanchal,Rajesh Payal Rai,Chanchal Chanchal,strong,3428,3428,,metadata_only
Rajesh Payal Rai - Daiba Tero.mp3,Rajesh Payal Rai - Daiba Tero.mp3,rajesh payal rai|daiba tero,Rajesh Payal Rai,Daiba Tero,strong,2857,2857,,metadata_only
Rajesh Payal Rai - Deurali.mp3,Rajesh Payal Rai - Deurali.mp3,rajesh payal rai|deurali,Rajesh Payal Rai,Deurali,strong,2285,2285,,metadata_only
Rajesh Payal Rai - Dhungako Bhar Matolai Huncha.mp3,Rajesh Payal Rai - Dhungako Bhar Matolai Huncha.mp3,rajesh payal rai|dhungako bhar matolai huncha,Rajesh Payal Rai,Dhungako Bhar Matolai Huncha,weak,1767,,,metadata_candidate
Rajesh Payal Rai - Dil Kholi.mp3,Rajesh Payal Rai - Dil Kholi.mp3,rajesh payal rai|dil kholi,Rajesh Payal Rai,Dil Kholi,weak,1515,,,metadata_candidate
Rajesh Payal Rai - Driver Dai.mp3,Rajesh Payal Rai - Driver Dai.mp3,rajesh payal rai|driver dai,Rajesh Payal Rai,Driver Dai,weak,3714,,,metadata_candidate
Rajesh Payal Rai - Failiyo Maya Dubo Sari.mp3,Rajesh Payal Rai - Failiyo Maya Dubo Sari.mp3,rajesh payal rai|failiyo maya dubo sari,Rajesh Payal Rai,Failiyo Maya Dubo Sari,strong,2796,2796,,metadata_only
Rajesh Payal Rai - Gaunbesima Fulai Fulyo.mp3,Rajesh Payal Rai - Gaunbesima Fulai Fulyo.mp3,rajesh payal rai|gaunbesima fulai fulyo,Rajesh Payal Rai,Gaunbesima Fulai Fulyo,weak,1498,,,metadata_candidate
Rajesh Payal Rai - Ghama Ra Raat Ko.mp3,Rajesh Payal Rai - Ghama Ra Raat Ko.mp3,rajesh payal rai|ghama ra raat ko,Rajesh Payal Rai,Ghama Ra Raat Ko,probable,2703,,,metadata_candidate
Rajesh Payal Rai - Ghumna Jaau Dharan.mp3,Rajesh Payal Rai - Ghumna Jaau Dharan.mp3,rajesh payal rai|ghumna jaau dharan,Rajesh Payal Rai,Ghumna Jaau Dharan,weak,2305,,,metadata_candidate
Rajesh Payal Rai - Hero Hero.mp3,Rajesh Payal Rai - Hero Hero.mp3,rajesh payal rai|hero hero,Rajesh Payal Rai,Hero Hero,weak,858,,,metadata_candidate
Rajesh Payal Rai - Hey Harka.mp3,Rajesh Payal Rai - Hey Harka.mp3,rajesh payal rai|hey harka,Rajesh Payal Rai,Hey Harka,weak,1175,,,metadata_candidate
Rajesh Payal Rai - Jahele Pani.mp3,Rajesh Payal Rai - Jahele Pani.mp3,rajesh payal rai|jahele pani,Rajesh Payal Rai,Jahele Pani,strong,2156,2156,,metadata_only
Rajesh Payal Rai - Jahile Dekhi.mp3,Rajesh Payal Rai - Jahile Dekhi.mp3,rajesh payal rai|jahile dekhi,Rajesh Payal Rai,Jahile Dekhi,probable,770,,,metadata_candidate
Rajesh Payal Rai - Jalkumbhi.mp3,Rajesh Payal Rai - Jalkumbhi.mp3,rajesh payal rai|jalkumbhi,Rajesh Payal Rai,Jalkumbhi,weak,405,,,metadata_candidate
Rajesh Payal Rai - Jay Nepal.mp3,Rajesh Payal Rai - Jay Nepal.mp3,rajesh payal rai|jay nepal,Rajesh Payal Rai,Jay Nepal,strong,941,941,,metadata_only
Rajesh Payal Rai - Ke Dekhethe.mp3,Rajesh Payal Rai - Ke Dekhethe.mp3,rajesh payal rai|ke dekhethe,Rajesh Payal Rai,Ke Dekhethe,weak,2941,,,metadata_candidate
Rajesh Payal Rai - Khali Pet.mp3,Rajesh Payal Rai - Khali Pet.mp3,rajesh payal rai|khali pet,Rajesh Payal Rai,Khali Pet,strong,734,734,,metadata_only
Rajesh Payal Rai - Ko Rudaina Hola.mp3,Rajesh Payal Rai - Ko Rudaina Hola.mp3,rajesh payal rai|ko rudaina hola,Rajesh Payal Rai,Ko Rudaina Hola,weak,3498,,,metadata_candidate
Rajesh Payal Rai - Kuku Chari.mp3,Rajesh Payal Rai - Kuku Chari.mp3,rajesh payal rai|kuku chari,Rajesh Payal Rai,Kuku Chari,weak,1083,,,metadata_candidate
Rajesh Payal Rai - Ma TA Timrai.mp3,Rajesh Payal Rai - Ma TA Timrai.mp3,rajesh payal rai|ma ta timrai,Rajesh Payal Rai,Ma TA Timrai,strong,3773,3773,,metadata_only
Rajesh Payal Rai - Malai Kina.mp3,Rajesh Payal Rai - Malai Kina.mp3,rajesh payal rai|malai kina,Rajesh Payal Rai,Malai Kina,strong,862,862,,metadata_only
Rajesh Payal Rai - Mann Jalaune.mp3,Rajesh Payal Rai - Mann Jalaune.mp3,rajesh payal rai|mann jalaune,Rajesh Payal Rai,Mann Jalaune,strong,772,772,,metadata_only
Rajesh Payal Rai - Mayako Ghar.mp3,Rajesh Payal Rai - Mayako Ghar.mp3,rajesh payal rai|mayako ghar,Rajesh Payal Rai,Mayako Ghar,probable,1980,,,metadata_candidate
Rajesh Payal Rai - Namaga Ma Sanga Sahara Namag.mp3,Rajesh Payal Rai - Namaga Ma Sanga Sahara Namag.mp3,rajesh payal rai|namaga ma sanga sahara namag,Rajesh Payal Rai,Namaga Ma Sanga Sahara Namag,strong,2959,2959,,metadata_only
Rajesh Payal Rai - Naniko Chanchale.mp3,Rajesh Payal Rai - Naniko Chanchale.mp3,rajesh payal rai|naniko chanchale,Rajesh Payal Rai,Naniko Chanchale,probable,2799,,,metadata_candidate
Rajesh Payal Rai - Nasha Deu Malai.mp3,Rajesh Payal Rai - Nasha Deu Malai.mp3,rajesh payal rai|nasha deu malai,Rajesh Payal Rai,Nasha Deu Malai,probable,1529,,,metadata_candidate
Rajesh Payal Rai - Nirmaya.mp3,Rajesh Payal Rai - Nirmaya.mp3,rajesh payal rai|nirmaya,Rajesh Payal Rai,Nirmaya,strong,2274,2274,,metadata_only
Rajesh Payal Rai - Nisturi Mayale Ruyayo.mp3,Rajesh Payal Rai - Nisturi Mayale Ruyayo.mp3,rajesh payal rai|nisturi mayale ruyayo,Rajesh Payal Rai,Nisturi Mayale Ruyayo,weak,2453,,,metadata_candidate
Rajesh Payal Rai - Nyauli Royo Tyo Pari Banma.mp3,Rajesh Payal Rai - Nyauli Royo Tyo Pari Banma.mp3,rajesh payal rai|nyauli royo tyo pari banma,Rajesh Payal Rai,Nyauli Royo Tyo Pari Banma,strong,270,270,,metadata_only
Rajesh Payal Rai - Pahad Chadai.mp3,Rajesh Payal Rai - Pahad Chadai.mp3,rajesh payal rai|pahad chadai,Rajesh Payal Rai,Pahad Chadai,probable,3390,,,metadata_candidate
Rajesh Payal Rai - Phool Bhanda.mp3,Rajesh Payal Rai - Phool Bhanda.mp3,rajesh payal rai|phool bhanda,Rajesh Payal Rai,Phool Bhanda,strong,3465,3465,,metadata_only
Rajesh Payal Rai - Preeti Phulne Phulbari.mp3,Rajesh Payal Rai - Preeti Phulne Phulbari.mp3,rajesh payal rai|preeti phulne phulbari,Rajesh Payal Rai,Preeti Phulne Phulbari,weak,2442,,,metadata_candidate
Rajesh Payal Rai - Priti Fulne.mp3,Rajesh Payal Rai - Priti Fulne.mp3,rajesh payal rai|priti fulne,Rajesh Payal Rai,Priti Fulne,weak,3909,,,metadata_candidate
Rajesh Payal Rai - Purwai Dharan.mp3,Rajesh Payal Rai - Purwai Dharan.mp3,rajesh payal rai|purwai dharan,Rajesh Payal Rai,Purwai Dharan,weak,2806,,,metadata_candidate
Rajesh Payal Rai - Sirisiri Chiso Hawa.mp3,Rajesh Payal Rai - Sirisiri Chiso Hawa.mp3,rajesh payal rai|sirisiri chiso hawa,Rajesh Payal Rai,Sirisiri Chiso Hawa,strong,859,859,,metadata_only
Rajesh Payal Rai - Tara Jharyo Mirmirema.mp3,Rajesh Payal Rai - Tara Jharyo Mirmirema.mp3,rajesh payal rai|tara jharyo mirmirema,Rajesh Payal Rai,Tara Jharyo Mirmirema,weak,3723,,,metadata_candidate
Rajesh Payal Rai - Timilai Dekhe.mp3,Rajesh Payal Rai - Timilai Dekhe.mp3,rajesh payal rai|timilai dekhe,Rajesh Payal Rai,Timilai Dekhe,strong,1555,1555,,metadata_only
Rajesh Payal Rai - Timilai Roje.mp3,Rajesh Payal Rai - Timilai Roje.mp3,rajesh payal rai|timilai roje,Rajesh Payal Rai,Timilai Roje,strong,1555,1555,,metadata_only
Rajesh Payal Rai - Timlai Khoje.mp3,Rajesh Payal Rai - Timlai Khoje.mp3,rajesh payal rai|timlai khoje,Rajesh Payal Rai,Timlai Khoje,probable,3713,,,metadata_candidate
Rajesh Payal Rai - Timro Khushiko Lagi.mp3,Rajesh Payal Rai - Timro Khushiko Lagi.mp3,rajesh payal rai|timro khushiko lagi,Rajesh Payal Rai,Timro Khushiko Lagi,strong,131,131,,metadata_only
Rajesh Payal Rai - Tyahi Dunga Mathi.mp3,Rajesh Payal Rai - Tyahi Dunga Mathi.mp3,rajesh payal rai|tyahi dunga mathi,Rajesh Payal Rai,Tyahi Dunga Mathi,weak,1090,,,metadata_candidate
Rajesh Payal Rai - Udai Rahun.mp3,Rajesh Payal Rai - Udai Rahun.mp3,rajesh payal rai|udai rahun,Rajesh Payal Rai,Udai Rahun,weak,3848,,,metadata_candidate
Rajesh Payal Rai - Udharo.mp3,Rajesh Payal Rai - Udharo.mp3,rajesh payal rai|udharo,Rajesh Payal Rai,Udharo,weak,186,,,metadata_candidate
Rajesh Payal Rai - Yo Dharti.mp3,Rajesh Payal Rai - Yo Dharti.mp3,rajesh payal rai|yo dharti,Rajesh Payal Rai,Yo Dharti,weak,2574,,,metadata_candidate
Rajesh Payal Rai - Yo Jindagi.mp3,Rajesh Payal Rai - Yo Jindagi.mp3,rajesh payal rai|yo jindagi,Rajesh Payal Rai,Yo Jindagi,strong,85,85,,metadata_only
Rajesh Payal Rai - Yo Manlai.mp3,Rajesh Payal Rai - Yo Manlai.mp3,rajesh payal rai|yo manlai,Rajesh Payal Rai,Yo Manlai,weak,3819,,,metadata_candidate
Rajesh Payal Rai - Yo Mann Tyasai Rundo Raichha.mp3,Rajesh Payal Rai - Yo Mann Tyasai Rundo Raichha.mp3,rajesh payal rai|yo mann tyasai rundo raichha,Rajesh Payal Rai,Yo Mann Tyasai Rundo Raichha,strong,772,772,,metadata_only
Rajesh Payal Rai - Yo Naniko.mp3,Rajesh Payal Rai - Yo Naniko.mp3,rajesh payal rai|yo naniko,Rajesh Payal Rai,Yo Naniko,strong,719,719,,metadata_only
"Rajesh Payal Rai, Anjana Gurung - Timro Angalo Ma (2).mp3","Rajesh Payal Rai, Anjana Gurung - Timro Angalo Ma (2).mp3",rajesh payal rai anjana gurung|timro angalo ma,"Rajesh Payal Rai, Anjana Gurung",Timro Angalo Ma,strong,711,711,,metadata_only
"Rajesh Payal Rai, Anju Pant - Malai Phool Mann Parchha (2).mp3","Rajesh Payal Rai, Anju Pant - Malai Phool Mann Parchha (2).mp3",rajesh payal rai anju pant|malai phool mann parchha,"Rajesh Payal Rai, Anju Pant",Malai Phool Mann Parchha,strong,772,772,,metadata_only
"Rajesh Payal Rai, Anju Panta - Dhuk Dhukiko Saasma (2).mp3","Rajesh Payal Rai, Anju Panta - Dhuk Dhukiko Saasma (2).mp3",rajesh payal rai anju panta|dhuk dhukiko saasma,"Rajesh Payal Rai, Anju Panta",Dhuk Dhukiko Saasma,weak,314,,,metadata_candidate
"Rajesh Payal Rai, Anju Panta - Hare Hare Hare Naran.mp3","Rajesh Payal Rai, Anju Panta - Hare Hare Hare Naran.mp3",rajesh payal rai anju panta|hare hare hare naran,"Rajesh Payal Rai, Anju Panta",Hare Hare Hare Naran,weak,444,,,metadata_candidate
"Rajesh Payal Rai, Anju Panta - Jati Chot Diye Pani (2).mp3","Rajesh Payal Rai, Anju Panta - Jati Chot Diye Pani (2).mp3",rajesh payal rai anju panta|jati chot diye pani,"Rajesh Payal Rai, Anju Panta",Jati Chot Diye Pani,strong,2156,2156,,metadata_only
"Rajesh Payal Rai, Anju Panta - Jeevan Sathi (2).mp3","Rajesh Payal Rai, Anju Panta - Jeevan Sathi (2).mp3",rajesh payal rai anju panta|jeevan sathi,"Rajesh Payal Rai, Anju Panta",Jeevan Sathi,strong,1155,1155,,metadata_only
"Rajesh Payal Rai, Anju Panta - Khahare Jhai.mp3","Rajesh Payal Rai, Anju Panta - Khahare Jhai.mp3",rajesh payal rai anju panta|khahare jhai,"Rajesh Payal Rai, Anju Panta",Khahare Jhai,weak,20,,,metadata_candidate
"Rajesh Payal Rai, Anju Panta - Kohi Chhau Ki Risaune.mp3","Rajesh Payal Rai, Anju Panta - Kohi Chhau Ki Risaune.mp3",rajesh payal rai anju panta|kohi chhau ki risaune,"Rajesh Payal Rai, Anju Panta",Kohi Chhau Ki Risaune,strong,4069,4069,,metadata_only
"Rajesh Payal Rai, Anju Panta - Mata Maya Garne Bhanchhu.mp3","Rajesh Payal Rai, Anju Panta - Mata Maya Garne Bhanchhu.mp3",rajesh payal rai anju panta|mata maya garne bhanchhu,"Rajesh Payal Rai, Anju Panta",Mata Maya Garne Bhanchhu,strong,526,526,,metadata_only
"Rajesh Payal Rai, Anju Panta - Maya Deu.mp3","Rajesh Payal Rai, Anju Panta - Maya Deu.mp3",rajesh payal rai anju panta|maya deu,"Rajesh Payal Rai, Anju Panta",Maya Deu,strong,526,526,,metadata_only
"Rajesh Payal Rai, Anju Panta - Mutu Ko Mel Maya.mp3","Rajesh Payal Rai, Anju Panta - Mutu Ko Mel Maya.mp3",rajesh payal rai anju panta|mutu ko mel maya,"Rajesh Payal Rai, Anju Panta",Mutu Ko Mel Maya,strong,526,526,,metadata_only
"Rajesh Payal Rai, Anju Panta - Rupai Ramro (2).mp3","Rajesh Payal Rai, Anju Panta - Rupai Ramro (2).mp3",rajesh payal rai anju panta|rupai ramro,"Rajesh Payal Rai, Anju Panta",Rupai Ramro,weak,821,,,metadata_candidate
"Rajesh Payal Rai, Anju Panta - Sunaina Sunaina.mp3","Rajesh Payal Rai, Anju Panta - Sunaina Sunaina.mp3",rajesh payal rai anju panta|sunaina sunaina,"Rajesh Payal Rai, Anju Panta",Sunaina Sunaina,probable,2475,,,metadata_candidate
"Rajesh Payal Rai, Anju Panta - Yo Manchhe Bhanda Jati (2).mp3","Rajesh Payal Rai, Anju Panta - Yo Manchhe Bhanda Jati (2).mp3",rajesh payal rai anju panta|yo manchhe bhanda jati,"Rajesh Payal Rai, Anju Panta",Yo Manchhe Bhanda Jati,weak,3262,,,metadata_candidate
"Rajesh Payal Rai, Anju Panta, Badal Limbu - Maya Timi Bina (From _Ram Saili_) (4).mp3","Rajesh Payal Rai, Anju Panta, Badal Limbu - Maya Timi Bina (From _Ram Saili_) (4).mp3",rajesh payal rai anju panta badal limbu|maya timi bina from ram saili,"Rajesh Payal Rai, Anju Panta, Badal Limbu","Maya Timi Bina (From ""Ram Saili"")",strong,526,526,,metadata_only
"Rajesh Payal Rai, Anju Panta, Lok Poudel, Sumnima Ingnam - Chitikkai Parera Aaichheu (Original Motion Picture Soundtrack.mp3","Rajesh Payal Rai, Anju Panta, Lok Poudel, Sumnima Ingnam - Chitikkai Parera Aaichheu (Original Motion Picture Soundtrack.mp3",rajesh payal rai anju panta lok poudel sumnima ingnam|chitikkai parera aaichheu original motion picture soundtrack,"Rajesh Payal Rai, Anju Panta, Lok Poudel, Sumnima Ingnam",Chitikkai Parera Aaichheu (Original Motion Picture Soundtrack),weak,3328,,,metadata_candidate
"Rajesh Payal Rai, Astha Raut - Basma Chhaina Yo Mann.mp3","Rajesh Payal Rai, Astha Raut - Basma Chhaina Yo Mann.mp3",rajesh payal rai astha raut|basma chhaina yo mann,"Rajesh Payal Rai, Astha Raut",Basma Chhaina Yo Mann,strong,194,194,,metadata_only
"Rajesh Payal Rai, Binod Khumbu - Pirati Ma Bhayo.mp3","Rajesh Payal Rai, Binod Khumbu - Pirati Ma Bhayo.mp3",rajesh payal rai binod khumbu|pirati ma bhayo,"Rajesh Payal Rai, Binod Khumbu",Pirati Ma Bhayo,strong,3773,3773,,metadata_only
"RAJESH PAYAL RAI, David Ramdam, Manisha Rai, Ramila Gyangmi Magar, Prem Kumar Shahi - Pariwartan.mp3","RAJESH PAYAL RAI, David Ramdam, Manisha Rai, Ramila Gyangmi Magar, Prem Kumar Shahi - Pariwartan.mp3",rajesh payal rai david ramdam manisha rai ramila gyangmi magar prem kumar shahi|pariwartan,"RAJESH PAYAL RAI, David Ramdam, Manisha Rai, Ramila Gyangmi Magar, Prem Kumar Shahi",Pariwartan,strong,1125,1125,,metadata_only
"Rajesh payal rai, Loreto Singh - Majhi Dai Ko Jalai Ma.mp3","Rajesh payal rai, Loreto Singh - Majhi Dai Ko Jalai Ma.mp3",rajesh payal rai loreto singh|majhi dai ko jalai ma,"Rajesh payal rai, Loreto Singh",Majhi Dai Ko Jalai Ma,strong,3773,3773,,metadata_only
"Rajesh Payal Rai, Mallika Karki - Joon Ma Maga.mp3","Rajesh Payal Rai, Mallika Karki - Joon Ma Maga.mp3",rajesh payal rai mallika karki|joon ma maga,"Rajesh Payal Rai, Mallika Karki",Joon Ma Maga,strong,3773,3773,,metadata_only
"Rajesh Payal Rai, Mandabi Tripathi - Lmg Ko Goli Jasto Chha (2).mp3","Rajesh Payal Rai, Mandabi Tripathi - Lmg Ko Goli Jasto Chha (2).mp3",rajesh payal rai mandabi tripathi|lmg ko goli jasto chha,"Rajesh Payal Rai, Mandabi Tripathi",Lmg Ko Goli Jasto Chha,weak,17,,,metadata_candidate
"Rajesh Payal Rai, Mandabi Tripathi - Tipera Sirai Ma (2).mp3","Rajesh Payal Rai, Mandabi Tripathi - Tipera Sirai Ma (2).mp3",rajesh payal rai mandabi tripathi|tipera sirai ma,"Rajesh Payal Rai, Mandabi Tripathi",Tipera Sirai Ma,strong,3773,3773,,metadata_only
"Rajesh Payal Rai, Mandavi Tripathi - Maile Chaheko Kura (2).mp3","Rajesh Payal Rai, Mandavi Tripathi - Maile Chaheko Kura (2).mp3",rajesh payal rai mandavi tripathi|maile chaheko kura,"Rajesh Payal Rai, Mandavi Tripathi",Maile Chaheko Kura,strong,2472,2472,,metadata_only
"Rajesh Payal Rai, Mandavi Tripathi - Saune Jhari (3).mp3","Rajesh Payal Rai, Mandavi Tripathi - Saune Jhari (3).mp3",rajesh payal rai mandavi tripathi|saune jhari,"Rajesh Payal Rai, Mandavi Tripathi",Saune Jhari,strong,1985,1985,,metadata_only
"Rajesh Payal Rai, Mandavi Tripathi - Timro Pauma.mp3","Rajesh Payal Rai, Mandavi Tripathi - Timro Pauma.mp3",rajesh payal rai mandavi tripathi|timro pauma,"Rajesh Payal Rai, Mandavi Tripathi",Timro Pauma,probable,1429,,,metadata_candidate
"Rajesh Payal Rai, Manisha Pokharel - Dashain Aayo (2).mp3","Rajesh Payal Rai, Manisha Pokharel - Dashain Aayo (2).mp3",rajesh payal rai manisha pokharel|dashain aayo,"Rajesh Payal Rai, Manisha Pokharel",Dashain Aayo,strong,3396,3396,,metadata_only
"Rajesh Payal Rai, Manisha Pokharel - Nidharma Achhtya (2).mp3","Rajesh Payal Rai, Manisha Pokharel - Nidharma Achhtya (2).mp3",rajesh payal rai manisha pokharel|nidharma achhtya,"Rajesh Payal Rai, Manisha Pokharel",Nidharma Achhtya,weak,3930,,,metadata_candidate
"Rajesh Payal Rai, Melina Rai - Duichulto.mp3","Rajesh Payal Rai, Melina Rai - Duichulto.mp3",rajesh payal rai melina rai|duichulto,"Rajesh Payal Rai, Melina Rai",Duichulto,weak,1005,,,metadata_candidate
"Rajesh Payal Rai, Melina Rai - Nakaima Phooli.mp3","Rajesh Payal Rai, Melina Rai - Nakaima Phooli.mp3",rajesh payal rai melina rai|nakaima phooli,"Rajesh Payal Rai, Melina Rai",Nakaima Phooli,weak,118,,,metadata_candidate
"Rajesh Payal Rai, Pabitra Gurung - Yo Junima Bachunjel, Pt. 2.mp3","Rajesh Payal Rai, Pabitra Gurung - Yo Junima Bachunjel, Pt. 2.mp3",rajesh payal rai pabitra gurung|yo junima bachunjel pt 2,"Rajesh Payal Rai, Pabitra Gurung","Yo Junima Bachunjel, Pt. 2",strong,2051,2051,,metadata_only
"Rajesh Payal Rai, Pushpa Paudel - Pari Gaunko Sandhele.mp3","Rajesh Payal Rai, Pushpa Paudel - Pari Gaunko Sandhele.mp3",rajesh payal rai pushpa paudel|pari gaunko sandhele,"Rajesh Payal Rai, Pushpa Paudel",Pari Gaunko Sandhele,strong,270,270,,metadata_only
"Rajesh Payal Rai, Ramana Shrestha, Harka Sampang Rai, Dilli Phombo, Shiva Lamichane Cwaz, Prashna Sh - Hiking Song (Ghum.mp3","Rajesh Payal Rai, Ramana Shrestha, Harka Sampang Rai, Dilli Phombo, Shiva Lamichane Cwaz, Prashna Sh - Hiking Song (Ghum.mp3",rajesh payal rai ramana shrestha harka sampang rai dilli phombo shiva lamichane cwaz prashna sh|hiking song ghumna jaau,"Rajesh Payal Rai, Ramana Shrestha, Harka Sampang Rai, Dilli Phombo, Shiva Lamichane Cwaz, Prashna Sh",Hiking Song (Ghumna Jaau),weak,3163,,,metadata_candidate
"Rajesh Payal Rai, Reema Gurung - Hatai Katyo.mp3","Rajesh Payal Rai, Reema Gurung - Hatai Katyo.mp3",rajesh payal rai reema gurung|hatai katyo,"Rajesh Payal Rai, Reema Gurung",Hatai Katyo,weak,795,,,metadata_candidate
"Rajesh Payal Rai, Reema Gurung - Mutu Bhitra.mp3","Rajesh Payal Rai, Reema Gurung - Mutu Bhitra.mp3",rajesh payal rai reema gurung|mutu bhitra,"Rajesh Payal Rai, Reema Gurung",Mutu Bhitra,strong,3198,3198,,metadata_only
"Rajesh Payal Rai, Sangeeta Rana - Yo Ratai Ramailo.mp3","Rajesh Payal Rai, Sangeeta Rana - Yo Ratai Ramailo.mp3",rajesh payal rai sangeeta rana|yo ratai ramailo,"Rajesh Payal Rai, Sangeeta Rana",Yo Ratai Ramailo,weak,1289,,,metadata_candidate
"Rajesh Payal Rai, Sangita Rana - Kati Pyaro Manche (2).mp3","Rajesh Payal Rai, Sangita Rana - Kati Pyaro Manche (2).mp3",rajesh payal rai sangita rana|kati pyaro manche,"Rajesh Payal Rai, Sangita Rana",Kati Pyaro Manche,strong,1988,1988,,metadata_only
"Rajesh Payal Rai, Sindhu Malla - Gamala Phool Bhaye Pani Hune.mp3","Rajesh Payal Rai, Sindhu Malla - Gamala Phool Bhaye Pani Hune.mp3",rajesh payal rai sindhu malla|gamala phool bhaye pani hune,"Rajesh Payal Rai, Sindhu Malla",Gamala Phool Bhaye Pani Hune,strong,2156,2156,,metadata_only
"Rajesh Payal Rai, Sindhu Malla - Laideu Laideu.mp3","Rajesh Payal Rai, Sindhu Malla - Laideu Laideu.mp3",rajesh payal rai sindhu malla|laideu laideu,"Rajesh Payal Rai, Sindhu Malla",Laideu Laideu,strong,3121,3121,,metadata_only
"Rajesh Payal Rai, Sindhu Malla - Maya Gari Kinidiye.mp3","Rajesh Payal Rai, Sindhu Malla - Maya Gari Kinidiye.mp3",rajesh payal rai sindhu malla|maya gari kinidiye,"Rajesh Payal Rai, Sindhu Malla",Maya Gari Kinidiye,strong,526,526,,metadata_only
"Rajesh Payal Rai, Sindhu Malla - SaiRam.mp3","Rajesh Payal Rai, Sindhu Malla - SaiRam.mp3",rajesh payal rai sindhu malla|sairam,"Rajesh Payal Rai, Sindhu Malla",SaiRam,weak,2717,,,metadata_candidate
"Rajesh Payel Rai, Ram Krishna Dhakal - Jaaga Lamka Chamka.mp3","Rajesh Payel Rai, Ram Krishna Dhakal - Jaaga Lamka Chamka.mp3",rajesh payel rai ram krishna dhakal|jaaga lamka chamka,"Rajesh Payel Rai, Ram Krishna Dhakal",Jaaga Lamka Chamka,strong,2866,2866,,metadata_only
"Rajesh Yadav, Shilpa Singh - Bam Bhole Shiv Shankar Ke.mp3","Rajesh Yadav, Shilpa Singh - Bam Bhole Shiv Shankar Ke.mp3",rajesh yadav shilpa singh|bam bhole shiv shankar ke,"Rajesh Yadav, Shilpa Singh",Bam Bhole Shiv Shankar Ke,weak,1543,,,metadata_candidate
Rajeshpayal Rai feat. Melina Rai - Sarangiko Dhun.mp3,Rajeshpayal Rai feat. Melina Rai - Sarangiko Dhun.mp3,rajeshpayal rai feat melina rai|sarangiko dhun,Rajeshpayal Rai feat. Melina Rai,Sarangiko Dhun,strong,2955,2955,,metadata_only
Raju Dangal feat. Melina Rai - Madalai Bajyo (feat. Melina Rai).mp3,Raju Dangal feat. Melina Rai - Madalai Bajyo (feat. Melina Rai).mp3,raju dangal feat melina rai|madalai bajyo feat melina rai,Raju Dangal feat. Melina Rai,Madalai Bajyo (feat. Melina Rai),weak,1349,,,metadata_candidate
"Raju Lama (Mongolian Hearts), Mamata Dipbim, Tara Thapa, Ananda Karki, Kunti Moktan - Gaucha Geet Nepali.mp3","Raju Lama (Mongolian Hearts), Mamata Dipbim, Tara Thapa, Ananda Karki, Kunti Moktan - Gaucha Geet Nepali.mp3",raju lama mongolian hearts mamata dipbim tara thapa ananda karki kunti moktan|gaucha geet nepali,"Raju Lama (Mongolian Hearts), Mamata Dipbim, Tara Thapa, Ananda Karki, Kunti Moktan",Gaucha Geet Nepali,strong,207,207,,metadata_only
"Raju Lama, Kunti Moktan - Lochhar Mela.mp3","Raju Lama, Kunti Moktan - Lochhar Mela.mp3",raju lama kunti moktan|lochhar mela,"Raju Lama, Kunti Moktan",Lochhar Mela,weak,1804,,,metadata_candidate
"Raju Singh Nepali, Susila Thapa - Bana Beta Gaunya.mp3","Raju Singh Nepali, Susila Thapa - Bana Beta Gaunya.mp3",raju singh nepali susila thapa|bana beta gaunya,"Raju Singh Nepali, Susila Thapa",Bana Beta Gaunya,weak,2298,,,metadata_candidate
"Raju Singh Nepali, Susila Thapa - Pahadaka Jilla.mp3","Raju Singh Nepali, Susila Thapa - Pahadaka Jilla.mp3",raju singh nepali susila thapa|pahadaka jilla,"Raju Singh Nepali, Susila Thapa",Pahadaka Jilla,none,633,,,metadata_candidate
Raju Sunuwar - Saath Nachoda ft. Ice (B-8EIGHT) ｜ OFFICIAL H⧸D VIDEO.m4a,Raju Sunuwar - Saath Nachoda ft. Ice (B-8EIGHT) ｜ OFFICIAL H⧸D VIDEO.m4a,b8eight|raju sunuwar saath nachoda ft ice b 8eight,b8eight,Raju Sunuwar - Saath Nachoda ft. Ice (B-8EIGHT) | OFFICIAL H/D VIDEO,weak,1316,,,metadata_candidate
"Rakesh Kala, Chetna - Phool Tumhe Shradha ke Arpan Hai Shiv Shankar Kripurari.mp3","Rakesh Kala, Chetna - Phool Tumhe Shradha ke Arpan Hai Shiv Shankar Kripurari.mp3",rakesh kala chetna|phool tumhe shradha ke arpan hai shiv shankar kripurari,"Rakesh Kala, Chetna",Phool Tumhe Shradha ke Arpan Hai Shiv Shankar Kripurari,weak,3465,,,metadata_candidate
Raktim Adhar Chha Timro_Phatteman Raj Bhandari.mp3,Raktim Adhar Chha Timro_Phatteman Raj Bhandari.mp3,pratap jung rai|raktim adhar chha timro_phatteman raj bhandari,Pratap Jung Rai,Raktim Adhar Chha Timro_Phatteman Raj Bhandari,probable,186,,,metadata_candidate
Ram Krishna Dhakal - Aachanolai.mp3,Ram Krishna Dhakal - Aachanolai.mp3,ram krishna dhakal|aachanolai,Ram Krishna Dhakal,Aachanolai,weak,2788,,,metadata_candidate
Ram Krishna Dhakal - Aaja Bholi.mp3,Ram Krishna Dhakal - Aaja Bholi.mp3,ram krishna dhakal|aaja bholi,Ram Krishna Dhakal,Aaja Bholi,strong,30,30,,metadata_only
Ram Krishna Dhakal - Aama.mp3,Ram Krishna Dhakal - Aama.mp3,ram krishna dhakal|aama,Ram Krishna Dhakal,Aama,strong,4058,4058,,metadata_only
Ram Krishna Dhakal - Aaphno Bhagye.mp3,Ram Krishna Dhakal - Aaphno Bhagye.mp3,ram krishna dhakal|aaphno bhagye,Ram Krishna Dhakal,Aaphno Bhagye,weak,3600,,,metadata_candidate
Ram Krishna Dhakal - Aauchu Bhani Papinile.mp3,Ram Krishna Dhakal - Aauchu Bhani Papinile.mp3,ram krishna dhakal|aauchu bhani papinile,Ram Krishna Dhakal,Aauchu Bhani Papinile,probable,2843,,,metadata_candidate
Ram Krishna Dhakal - Bacha Kasam.mp3,Ram Krishna Dhakal - Bacha Kasam.mp3,ram krishna dhakal|bacha kasam,Ram Krishna Dhakal,Bacha Kasam,strong,2007,2007,,metadata_only
Ram Krishna Dhakal - Badhina Lagda.mp3,Ram Krishna Dhakal - Badhina Lagda.mp3,ram krishna dhakal|badhina lagda,Ram Krishna Dhakal,Badhina Lagda,weak,2073,,,metadata_candidate
Ram Krishna Dhakal - Bandhan Pani Tutyo.mp3,Ram Krishna Dhakal - Bandhan Pani Tutyo.mp3,ram krishna dhakal|bandhan pani tutyo,Ram Krishna Dhakal,Bandhan Pani Tutyo,strong,2156,2156,,metadata_only
Ram Krishna Dhakal - Bhaja Mann Jeevan Dhan Nadanandan.mp3,Ram Krishna Dhakal - Bhaja Mann Jeevan Dhan Nadanandan.mp3,ram krishna dhakal|bhaja mann jeevan dhan nadanandan,Ram Krishna Dhakal,Bhaja Mann Jeevan Dhan Nadanandan,strong,772,772,,metadata_only
Ram Krishna Dhakal - Bihana Utthne Bittikai (2).mp3,Ram Krishna Dhakal - Bihana Utthne Bittikai (2).mp3,ram krishna dhakal|bihana utthne bittikai,Ram Krishna Dhakal,Bihana Utthne Bittikai,strong,2851,2851,,metadata_only
Ram Krishna Dhakal - Bihani Ko Gham Ko Jhulko.mp3,Ram Krishna Dhakal - Bihani Ko Gham Ko Jhulko.mp3,ram krishna dhakal|bihani ko gham ko jhulko,Ram Krishna Dhakal,Bihani Ko Gham Ko Jhulko,weak,3325,,,metadata_candidate
Ram Krishna Dhakal - Charile Ta.mp3,Ram Krishna Dhakal - Charile Ta.mp3,ram krishna dhakal|charile ta,Ram Krishna Dhakal,Charile Ta,strong,2895,2895,,metadata_only
Ram Krishna Dhakal - Chheumai Base.mp3,Ram Krishna Dhakal - Chheumai Base.mp3,ram krishna dhakal|chheumai base,Ram Krishna Dhakal,Chheumai Base,weak,2560,,,metadata_candidate
"Ram Krishna Dhakal - Chhura Chalai Rakha, Pt. 1.mp3","Ram Krishna Dhakal - Chhura Chalai Rakha, Pt. 1.mp3",ram krishna dhakal|chhura chalai rakha pt 1,Ram Krishna Dhakal,"Chhura Chalai Rakha, Pt. 1",weak,2844,,,metadata_candidate
Ram Krishna Dhakal - Dherai Danda.mp3,Ram Krishna Dhakal - Dherai Danda.mp3,ram krishna dhakal|dherai danda,Ram Krishna Dhakal,Dherai Danda,strong,2061,2061,,metadata_only
RAM KRISHNA DHAKAL - Ekaichinko Chutai Pani.mp3,RAM KRISHNA DHAKAL - Ekaichinko Chutai Pani.mp3,ram krishna dhakal|ekaichinko chutai pani,RAM KRISHNA DHAKAL,Ekaichinko Chutai Pani,strong,2156,2156,,metadata_only
Ram Krishna Dhakal - Geet Mera Haray.mp3,Ram Krishna Dhakal - Geet Mera Haray.mp3,ram krishna dhakal|geet mera haray,Ram Krishna Dhakal,Geet Mera Haray,weak,2088,,,metadata_candidate
Ram Krishna Dhakal - Gitaima Roye.mp3,Ram Krishna Dhakal - Gitaima Roye.mp3,ram krishna dhakal|gitaima roye,Ram Krishna Dhakal,Gitaima Roye,weak,317,,,metadata_candidate
Ram Krishna Dhakal - Hajari Phool.mp3,Ram Krishna Dhakal - Hajari Phool.mp3,ram krishna dhakal|hajari phool,Ram Krishna Dhakal,Hajari Phool,strong,3465,3465,,metadata_only
Ram Krishna Dhakal - Hansu Kati Ma (2).mp3,Ram Krishna Dhakal - Hansu Kati Ma (2).mp3,ram krishna dhakal|hansu kati ma,Ram Krishna Dhakal,Hansu Kati Ma,strong,3773,3773,,metadata_only
Ram Krishna Dhakal - Har Raat Kaile Royera.mp3,Ram Krishna Dhakal - Har Raat Kaile Royera.mp3,ram krishna dhakal|har raat kaile royera,Ram Krishna Dhakal,Har Raat Kaile Royera,weak,198,,,metadata_candidate
Ram Krishna Dhakal - Harraat Kahile (2).mp3,Ram Krishna Dhakal - Harraat Kahile (2).mp3,ram krishna dhakal|harraat kahile,Ram Krishna Dhakal,Harraat Kahile,strong,52,52,,metadata_only
Ram Krishna Dhakal - Hiuchulima.mp3,Ram Krishna Dhakal - Hiuchulima.mp3,ram krishna dhakal|hiuchulima,Ram Krishna Dhakal,Hiuchulima,weak,3204,,,metadata_candidate
Ram Krishna Dhakal - Instrumental 2.mp3,Ram Krishna Dhakal - Instrumental 2.mp3,ram krishna dhakal|instrumental 2,Ram Krishna Dhakal,Instrumental 2,weak,,,,no_lyrics
Ram Krishna Dhakal - Instrumental 3.mp3,Ram Krishna Dhakal - Instrumental 3.mp3,ram krishna dhakal|instrumental 3,Ram Krishna Dhakal,Instrumental 3,weak,,,,no_lyrics
Ram Krishna Dhakal - Jadaichhu Ma.mp3,Ram Krishna Dhakal - Jadaichhu Ma.mp3,ram krishna dhakal|jadaichhu ma,Ram Krishna Dhakal,Jadaichhu Ma,strong,3773,3773,,metadata_only
Ram Krishna Dhakal - Jane Le Ta.mp3,Ram Krishna Dhakal - Jane Le Ta.mp3,ram krishna dhakal|jane le ta,Ram Krishna Dhakal,Jane Le Ta,probable,3237,,A-902cf90518,new_lyrics
Ram Krishna Dhakal - Jane Pani Anjan Bani.mp3,Ram Krishna Dhakal - Jane Pani Anjan Bani.mp3,ram krishna dhakal|jane pani anjan bani,Ram Krishna Dhakal,Jane Pani Anjan Bani,strong,2156,2156,,metadata_only
Ram Krishna Dhakal - Jhuth Ko.mp3,Ram Krishna Dhakal - Jhuth Ko.mp3,ram krishna dhakal|jhuth ko,Ram Krishna Dhakal,Jhuth Ko,strong,2868,2868,,metadata_only
Ram Krishna Dhakal - Juneli Bho.mp3,Ram Krishna Dhakal - Juneli Bho.mp3,ram krishna dhakal|juneli bho,Ram Krishna Dhakal,Juneli Bho,weak,1070,,,metadata_candidate
Ram Krishna Dhakal - Kahan Gayo (2).mp3,Ram Krishna Dhakal - Kahan Gayo (2).mp3,ram krishna dhakal|kahan gayo,Ram Krishna Dhakal,Kahan Gayo,weak,602,,,metadata_candidate
RAM KRISHNA DHAKAL - Kina Malai Aajbholi.mp3,RAM KRISHNA DHAKAL - Kina Malai Aajbholi.mp3,ram krishna dhakal|kina malai aajbholi,RAM KRISHNA DHAKAL,Kina Malai Aajbholi,strong,862,862,,metadata_only
Ram Krishna Dhakal - Kun Hurile.mp3,Ram Krishna Dhakal - Kun Hurile.mp3,ram krishna dhakal|kun hurile,Ram Krishna Dhakal,Kun Hurile,probable,2870,,,metadata_candidate
Ram Krishna Dhakal - Maile Hare.mp3,Ram Krishna Dhakal - Maile Hare.mp3,ram krishna dhakal|maile hare,Ram Krishna Dhakal,Maile Hare,weak,1690,,,metadata_candidate
Ram Krishna Dhakal - Malai Timi.mp3,Ram Krishna Dhakal - Malai Timi.mp3,ram krishna dhakal|malai timi,Ram Krishna Dhakal,Malai Timi,strong,113,113,,metadata_only
Ram Krishna Dhakal - Manma Bolun Bolun.mp3,Ram Krishna Dhakal - Manma Bolun Bolun.mp3,ram krishna dhakal|manma bolun bolun,Ram Krishna Dhakal,Manma Bolun Bolun,weak,3519,,,metadata_candidate
Ram Krishna Dhakal - Maya Garneko.mp3,Ram Krishna Dhakal - Maya Garneko.mp3,ram krishna dhakal|maya garneko,Ram Krishna Dhakal,Maya Garneko,strong,2210,2210,,metadata_only
Ram Krishna Dhakal - Maya Mitho.mp3,Ram Krishna Dhakal - Maya Mitho.mp3,ram krishna dhakal|maya mitho,Ram Krishna Dhakal,Maya Mitho,strong,526,526,,metadata_only
Ram Krishna Dhakal - Maya Rahechha.mp3,Ram Krishna Dhakal - Maya Rahechha.mp3,ram krishna dhakal|maya rahechha,Ram Krishna Dhakal,Maya Rahechha,strong,526,526,,metadata_only
Ram Krishna Dhakal - Mera Saya.mp3,Ram Krishna Dhakal - Mera Saya.mp3,ram krishna dhakal|mera saya,Ram Krishna Dhakal,Mera Saya,probable,3134,,,metadata_candidate
Ram Krishna Dhakal - Meri Manu.mp3,Ram Krishna Dhakal - Meri Manu.mp3,ram krishna dhakal|meri manu,Ram Krishna Dhakal,Meri Manu,strong,2878,2878,,metadata_only
Ram Krishna Dhakal - Mero Geet Nai Upahar.mp3,Ram Krishna Dhakal - Mero Geet Nai Upahar.mp3,ram krishna dhakal|mero geet nai upahar,Ram Krishna Dhakal,Mero Geet Nai Upahar,weak,3032,,,metadata_candidate
Ram Krishna Dhakal - Music Track.mp3,Ram Krishna Dhakal - Music Track.mp3,ram krishna dhakal|music track,Ram Krishna Dhakal,Music Track,weak,3782,,,metadata_candidate
Ram Krishna Dhakal - Mutu Phute.mp3,Ram Krishna Dhakal - Mutu Phute.mp3,ram krishna dhakal|mutu phute,Ram Krishna Dhakal,Mutu Phute,weak,2619,,,metadata_candidate
Ram Krishna Dhakal - Najik Na Aaunuma.mp3,Ram Krishna Dhakal - Najik Na Aaunuma.mp3,ram krishna dhakal|najik na aaunuma,Ram Krishna Dhakal,Najik Na Aaunuma,weak,2430,,,metadata_candidate
"Ram Krishna Dhakal - Ore Moer Mann, Radhka Raman.mp3","Ram Krishna Dhakal - Ore Moer Mann, Radhka Raman.mp3",ram krishna dhakal|ore moer mann radhka raman,Ram Krishna Dhakal,"Ore Moer Mann, Radhka Raman",strong,772,772,,metadata_only
Ram Krishna Dhakal - Parkhi Basa.mp3,Ram Krishna Dhakal - Parkhi Basa.mp3,ram krishna dhakal|parkhi basa,Ram Krishna Dhakal,Parkhi Basa,strong,2224,2224,,metadata_only
Ram Krishna Dhakal - Rato Rani.mp3,Ram Krishna Dhakal - Rato Rani.mp3,ram krishna dhakal|rato rani,Ram Krishna Dhakal,Rato Rani,strong,3352,3352,,metadata_only
Ram Krishna Dhakal - Royerai Basau Ki.mp3,Ram Krishna Dhakal - Royerai Basau Ki.mp3,ram krishna dhakal|royerai basau ki,Ram Krishna Dhakal,Royerai Basau Ki,weak,1267,,,metadata_candidate
Ram Krishna Dhakal - Sadhaibhari.mp3,Ram Krishna Dhakal - Sadhaibhari.mp3,ram krishna dhakal|sadhaibhari,Ram Krishna Dhakal,Sadhaibhari,weak,129,,,metadata_candidate
Ram Krishna Dhakal - Sarangi Ko Tara.mp3,Ram Krishna Dhakal - Sarangi Ko Tara.mp3,ram krishna dhakal|sarangi ko tara,Ram Krishna Dhakal,Sarangi Ko Tara,strong,3558,3558,,metadata_only
Ram Krishna Dhakal - Taap Ko Raap Ma.mp3,Ram Krishna Dhakal - Taap Ko Raap Ma.mp3,ram krishna dhakal|taap ko raap ma,Ram Krishna Dhakal,Taap Ko Raap Ma,strong,3773,3773,,metadata_only
Ram Krishna Dhakal - Thorai Thorai Ris.mp3,Ram Krishna Dhakal - Thorai Thorai Ris.mp3,ram krishna dhakal|thorai thorai ris,Ram Krishna Dhakal,Thorai Thorai Ris,weak,3793,,,metadata_candidate
Ram Krishna Dhakal - Timrai ta Yeuta.mp3,Ram Krishna Dhakal - Timrai ta Yeuta.mp3,ram krishna dhakal|timrai ta yeuta,Ram Krishna Dhakal,Timrai ta Yeuta,probable,1634,,,metadata_candidate
Ram Krishna Dhakal - Timro Lagi Jyan.mp3,Ram Krishna Dhakal - Timro Lagi Jyan.mp3,ram krishna dhakal|timro lagi jyan,Ram Krishna Dhakal,Timro Lagi Jyan,strong,131,131,,metadata_only
Ram Krishna Dhakal - Timro Maya.mp3,Ram Krishna Dhakal - Timro Maya.mp3,ram krishna dhakal|timro maya,Ram Krishna Dhakal,Timro Maya,strong,3568,3568,,metadata_only
Ram Krishna Dhakal - Udayo Sapana.mp3,Ram Krishna Dhakal - Udayo Sapana.mp3,ram krishna dhakal|udayo sapana,Ram Krishna Dhakal,Udayo Sapana,strong,816,816,,metadata_only
Ram Krishna Dhakal - Ukalima.mp3,Ram Krishna Dhakal - Ukalima.mp3,ram krishna dhakal|ukalima,Ram Krishna Dhakal,Ukalima,strong,3896,3896,,metadata_only
Ram Krishna Dhakal - Yatra Rahecha Jindagi.mp3,Ram Krishna Dhakal - Yatra Rahecha Jindagi.mp3,ram krishna dhakal|yatra rahecha jindagi,Ram Krishna Dhakal,Yatra Rahecha Jindagi,strong,2707,2707,,metadata_only
Ram Krishna Dhakal - Yehi Manlai.mp3,Ram Krishna Dhakal - Yehi Manlai.mp3,ram krishna dhakal|yehi manlai,Ram Krishna Dhakal,Yehi Manlai,weak,738,,,metadata_candidate
Ram Krishna Dhakal - Yo Aankhako Yenabhitra.mp3,Ram Krishna Dhakal - Yo Aankhako Yenabhitra.mp3,ram krishna dhakal|yo aankhako yenabhitra,Ram Krishna Dhakal,Yo Aankhako Yenabhitra,weak,588,,,metadata_candidate
Ram Krishna Dhakal - Yo Euta Sadak Ko.mp3,Ram Krishna Dhakal - Yo Euta Sadak Ko.mp3,ram krishna dhakal|yo euta sadak ko,Ram Krishna Dhakal,Yo Euta Sadak Ko,weak,3389,,,metadata_candidate
Ram Krishna Dhakal - Yo Jingagi.mp3,Ram Krishna Dhakal - Yo Jingagi.mp3,ram krishna dhakal|yo jingagi,Ram Krishna Dhakal,Yo Jingagi,strong,85,85,,metadata_only
"Ram Krishna Dhakal, Anju Panta - Badal Fatyo.mp3","Ram Krishna Dhakal, Anju Panta - Badal Fatyo.mp3",ram krishna dhakal anju panta|badal fatyo,"Ram Krishna Dhakal, Anju Panta",Badal Fatyo,weak,1009,,,metadata_candidate
"Ram Krishna Dhakal, Asmita Nepal - Nepal Hanse (2).mp3","Ram Krishna Dhakal, Asmita Nepal - Nepal Hanse (2).mp3",ram krishna dhakal asmita nepal|nepal hanse,"Ram Krishna Dhakal, Asmita Nepal",Nepal Hanse,strong,2944,2944,,metadata_only
"Ram Krishna Dhakal, Kushma Mahara Pragati - Kaha Chha Swarga Bhana Timi.mp3","Ram Krishna Dhakal, Kushma Mahara Pragati - Kaha Chha Swarga Bhana Timi.mp3",ram krishna dhakal kushma mahara pragati|kaha chha swarga bhana timi,"Ram Krishna Dhakal, Kushma Mahara Pragati",Kaha Chha Swarga Bhana Timi,strong,215,215,,metadata_only
"Ram Krishna Dhakal, Lata Mangeskar - Bachunjelilai (3).mp3","Ram Krishna Dhakal, Lata Mangeskar - Bachunjelilai (3).mp3",ram krishna dhakal lata mangeskar|bachunjelilai,"Ram Krishna Dhakal, Lata Mangeskar",Bachunjelilai,strong,1839,1839,,metadata_only
"Ram Krishna Dhakal, Shakuntala Pradhan, Gyanu Rana - Chandra Surya (3).mp3","Ram Krishna Dhakal, Shakuntala Pradhan, Gyanu Rana - Chandra Surya (3).mp3",ram krishna dhakal shakuntala pradhan gyanu rana|chandra surya,"Ram Krishna Dhakal, Shakuntala Pradhan, Gyanu Rana",Chandra Surya,strong,2393,2393,,metadata_only
"Ram Krishna Dhakal, Sharmila Bardewa - Yi Nasalu Aankha.mp3","Ram Krishna Dhakal, Sharmila Bardewa - Yi Nasalu Aankha.mp3",ram krishna dhakal sharmila bardewa|yi nasalu aankha,"Ram Krishna Dhakal, Sharmila Bardewa",Yi Nasalu Aankha,weak,2129,,,metadata_candidate
Ram Saran Nepali - Jumli Kandara Ko.mp3,Ram Saran Nepali - Jumli Kandara Ko.mp3,ram saran nepali|jumli kandara ko,Ram Saran Nepali,Jumli Kandara Ko,weak,1062,,,metadata_candidate
Ram Saran Nepali - Sarangi Ra Aru Baja.mp3,Ram Saran Nepali - Sarangi Ra Aru Baja.mp3,ram saran nepali|sarangi ra aru baja,Ram Saran Nepali,Sarangi Ra Aru Baja,probable,3558,,,metadata_candidate
Ram Saran Nepali - Sorathi - Purano.mp3,Ram Saran Nepali - Sorathi - Purano.mp3,ram saran nepali|sorathi purano,Ram Saran Nepali,Sorathi - Purano,weak,4090,,,metadata_candidate
Ram Thapa - Barko Chhaya Pipalu.mp3,Ram Thapa - Barko Chhaya Pipalu.mp3,ram thapa|barko chhaya pipalu,Ram Thapa,Barko Chhaya Pipalu,weak,2560,,,metadata_candidate
Ram Thapa - Chautarima Bar.mp3,Ram Thapa - Chautarima Bar.mp3,ram thapa|chautarima bar,Ram Thapa,Chautarima Bar,strong,470,470,,metadata_only
Ram Thapa - Chiso Bataas.mp3,Ram Thapa - Chiso Bataas.mp3,ram thapa|chiso bataas,Ram Thapa,Chiso Bataas,strong,859,859,,metadata_only
Ram Thapa - Damfuko Talma.mp3,Ram Thapa - Damfuko Talma.mp3,ram thapa|damfuko talma,Ram Thapa,Damfuko Talma,probable,3070,,,metadata_candidate
Ram Thapa - Dhintin Nakadhin Jormadal.mp3,Ram Thapa - Dhintin Nakadhin Jormadal.mp3,ram thapa|dhintin nakadhin jormadal,Ram Thapa,Dhintin Nakadhin Jormadal,weak,,,,no_lyrics
Ram Thapa - Joor Joor Madal.mp3,Ram Thapa - Joor Joor Madal.mp3,ram thapa|joor joor madal,Ram Thapa,Joor Joor Madal,weak,493,,A-627fb4a83a,new_lyrics
Ram Thapa - Kancho Suntala.mp3,Ram Thapa - Kancho Suntala.mp3,ram thapa|kancho suntala,Ram Thapa,Kancho Suntala,weak,3110,,,metadata_candidate
Ram Thapa - Kasti Baiguni.mp3,Ram Thapa - Kasti Baiguni.mp3,ram thapa|kasti baiguni,Ram Thapa,Kasti Baiguni,strong,712,712,,metadata_only
Ram Thapa - Lekali Ho Remix.mp3,Ram Thapa - Lekali Ho Remix.mp3,ram thapa|lekali ho,Ram Thapa,Lekali Ho Remix,probable,1469,,,metadata_candidate
Ram Thapa - Maya Timi.mp3,Ram Thapa - Maya Timi.mp3,ram thapa|maya timi,Ram Thapa,Maya Timi,strong,141,141,,metadata_only
Ram Thapa - Mutu Mero.mp3,Ram Thapa - Mutu Mero.mp3,ram thapa|mutu mero,Ram Thapa,Mutu Mero,strong,722,722,,metadata_only
Ram Thapa - Nakkali Kanchi.mp3,Ram Thapa - Nakkali Kanchi.mp3,ram thapa|nakkali kanchi,Ram Thapa,Nakkali Kanchi,strong,1559,1559,,metadata_only
Ram Thapa - O Mayalu.mp3,Ram Thapa - O Mayalu.mp3,ram thapa|o mayalu,Ram Thapa,O Mayalu,strong,56,56,,metadata_only
Ram Thapa - Priya Timilai.mp3,Ram Thapa - Priya Timilai.mp3,ram thapa|priya timilai,Ram Thapa,Priya Timilai,strong,1043,1043,,metadata_only
Ram Thapa - Priyesi.mp3,Ram Thapa - Priyesi.mp3,ram thapa|priyesi,Ram Thapa,Priyesi,strong,1951,1951,,metadata_only
"Ram Thapa Shishir, Geeta Devi, Bishwori Devi - Mayalai Samjhera.mp3","Ram Thapa Shishir, Geeta Devi, Bishwori Devi - Mayalai Samjhera.mp3",ram thapa shishir geeta devi bishwori devi|mayalai samjhera,"Ram Thapa Shishir, Geeta Devi, Bishwori Devi",Mayalai Samjhera,weak,1202,,,metadata_candidate
"Ram Thapa, Kumar Basnet - Chhoribhanda Aama.mp3","Ram Thapa, Kumar Basnet - Chhoribhanda Aama.mp3",ram thapa kumar basnet|chhoribhanda aama,"Ram Thapa, Kumar Basnet",Chhoribhanda Aama,strong,1007,1007,,metadata_only
"Ram Thapa, Laxmi Basnet - Makhamali Phool.mp3","Ram Thapa, Laxmi Basnet - Makhamali Phool.mp3",ram thapa laxmi basnet|makhamali phool,"Ram Thapa, Laxmi Basnet",Makhamali Phool,strong,3465,3465,,metadata_only
"Ram Thapa, Mausami Gurung - Bankali Mai.mp3","Ram Thapa, Mausami Gurung - Bankali Mai.mp3",ram thapa mausami gurung|bankali mai,"Ram Thapa, Mausami Gurung",Bankali Mai,weak,2997,,,metadata_candidate
"Ram Thapa, Mira Rana - Chepang Laya.mp3","Ram Thapa, Mira Rana - Chepang Laya.mp3",ram thapa mira rana|chepang laya,"Ram Thapa, Mira Rana",Chepang Laya,weak,1644,,,metadata_candidate
"Ram Thapa, Mira Rana - Kaga Karaundai.mp3","Ram Thapa, Mira Rana - Kaga Karaundai.mp3",ram thapa mira rana|kaga karaundai,"Ram Thapa, Mira Rana",Kaga Karaundai,weak,3086,,,metadata_candidate
"Ram Thapa, Premraja Mahat, Rajani Thapa, Bina Shrestha, Sunita Subba - Arye Bhanjhyang.mp3","Ram Thapa, Premraja Mahat, Rajani Thapa, Bina Shrestha, Sunita Subba - Arye Bhanjhyang.mp3",ram thapa premraja mahat rajani thapa bina shrestha sunita subba|arye bhanjhyang,"Ram Thapa, Premraja Mahat, Rajani Thapa, Bina Shrestha, Sunita Subba",Arye Bhanjhyang,weak,601,,,metadata_candidate
"Ram Thapa, Rajani Thapa - Sero Fero Salam Chha.mp3","Ram Thapa, Rajani Thapa - Sero Fero Salam Chha.mp3",ram thapa rajani thapa|sero fero salam chha,"Ram Thapa, Rajani Thapa",Sero Fero Salam Chha,probable,2906,,,metadata_candidate
"Ram Thapa, Sunita Subba - Takdirma Chhaina.mp3","Ram Thapa, Sunita Subba - Takdirma Chhaina.mp3",ram thapa sunita subba|takdirma chhaina,"Ram Thapa, Sunita Subba",Takdirma Chhaina,strong,194,194,,metadata_only
"Ram Thapa, Tara Thapa - Sasu Jwain.mp3","Ram Thapa, Tara Thapa - Sasu Jwain.mp3",ram thapa tara thapa|sasu jwain,"Ram Thapa, Tara Thapa",Sasu Jwain,weak,1673,,,metadata_candidate
"Ram Thapa, Tika Bhandari - Rinke Bungko.mp3","Ram Thapa, Tika Bhandari - Rinke Bungko.mp3",ram thapa tika bhandari|rinke bungko,"Ram Thapa, Tika Bhandari",Rinke Bungko,weak,,,,no_lyrics
Rambabu Raja - Birgaunj Ko Keta Kanchhi Hensom Hola.mp3,Rambabu Raja - Birgaunj Ko Keta Kanchhi Hensom Hola.mp3,rambabu raja|birgaunj ko keta kanchhi hensom hola,Rambabu Raja,Birgaunj Ko Keta Kanchhi Hensom Hola,weak,420,,,metadata_candidate
Rambabu Raja - Kanchhi Mero Ghar Birgunj Parsa Jila Chh.mp3,Rambabu Raja - Kanchhi Mero Ghar Birgunj Parsa Jila Chh.mp3,rambabu raja|kanchhi mero ghar birgunj parsa jila chh,Rambabu Raja,Kanchhi Mero Ghar Birgunj Parsa Jila Chh,weak,420,,,metadata_candidate
Rambabu Raja - Timi Nighti Ma Kanchhi Sexsi Hot Lage Ko.mp3,Rambabu Raja - Timi Nighti Ma Kanchhi Sexsi Hot Lage Ko.mp3,rambabu raja|timi nighti ma kanchhi sexsi hot lage ko,Rambabu Raja,Timi Nighti Ma Kanchhi Sexsi Hot Lage Ko,weak,420,,,metadata_candidate
RAMCHANDRA CHAND KO SALAIJO GEET AAIYO RODHI V_RAMCHANDRA CHAND & JAMUNA RANA L.M_HUM GAIRE BISHAL FILMS PVT LTD www.Dev.mp3,RAMCHANDRA CHAND KO SALAIJO GEET AAIYO RODHI V_RAMCHANDRA CHAND & JAMUNA RANA L.M_HUM GAIRE BISHAL FILMS PVT LTD www.Dev.mp3,archive org|ramchandra chand ko salaijo geet aaiyo rodhi v_ramchandra chand jamuna rana l m_hum gaire bishal films pvt ltd,archive.org,RAMCHANDRA CHAND KO SALAIJO GEET AAIYO RODHI V_RAMCHANDRA CHAND & JAMUNA RANA L.M_HUM GAIRE BISHAL FILMS PVT LTD www.Devchuli.Net,weak,2449,,,metadata_candidate
RAMCHANDRA CHAND KO SALAIJO GEET AAIYO RODHI V_RAMCHANDRA CHAND & JAMUNA RANA L.M_HUM GAIRE BISHAL FILMS PVT LTD.mp3,RAMCHANDRA CHAND KO SALAIJO GEET AAIYO RODHI V_RAMCHANDRA CHAND & JAMUNA RANA L.M_HUM GAIRE BISHAL FILMS PVT LTD.mp3,archive org|ramchandra chand ko salaijo geet aaiyo rodhi v_ramchandra chand jamuna rana l m_hum gaire bishal films pvt ltd,archive.org,RAMCHANDRA CHAND KO SALAIJO GEET AAIYO RODHI V_RAMCHANDRA CHAND & JAMUNA RANA L.M_HUM GAIRE BISHAL FILMS PVT LTD,weak,2449,,,metadata_candidate
RAMCHANDRA CHAND KO SALAIJO GEET AAIYO RODHI www.Devchuli.Net.ogg,RAMCHANDRA CHAND KO SALAIJO GEET AAIYO RODHI www.Devchuli.Net.ogg,archive org|ramchandra chand ko salaijo geet aaiyo rodhi,archive.org,RAMCHANDRA CHAND KO SALAIJO GEET AAIYO RODHI  www.Devchuli.Net,weak,2449,,,metadata_candidate
"Ramesh Kadel, Melina Rai - Selfi Photo Babal Cha.mp3","Ramesh Kadel, Melina Rai - Selfi Photo Babal Cha.mp3",ramesh kadel melina rai|selfi photo babal cha,"Ramesh Kadel, Melina Rai",Selfi Photo Babal Cha,weak,2402,,,metadata_candidate
"Ramesh Pathak, Melina Rai - K Garne K Garne.mp3","Ramesh Pathak, Melina Rai - K Garne K Garne.mp3",ramesh pathak melina rai|k garne k garne,"Ramesh Pathak, Melina Rai",K Garne K Garne,strong,922,922,,metadata_only
Ramkumar Singh - Bhan Deu Kanchhi I Love You.mp3,Ramkumar Singh - Bhan Deu Kanchhi I Love You.mp3,ramkumar singh|bhan deu kanchhi i love you,Ramkumar Singh,Bhan Deu Kanchhi I Love You,weak,267,,,metadata_candidate
Rampin Shop (Jamesy edit).m4a,Rampin Shop (Jamesy edit).m4a,ksjamesy|rampin shop jamesy edit,KSJamesy,Rampin Shop (Jamesy edit),none,,,,no_lyrics
Ramsharan Nepali - Beli Ra Chameli.mp3,Ramsharan Nepali - Beli Ra Chameli.mp3,ramsharan nepali|beli ra chameli,Ramsharan Nepali,Beli Ra Chameli,none,3329,,,metadata_candidate
Rana Partab - Sajjan Kaale Dil De.mp3,Rana Partab - Sajjan Kaale Dil De.mp3,rana partab|sajjan kaale dil de,Rana Partab,Sajjan Kaale Dil De,none,357,,,metadata_candidate
"Ranjan Rashik, Sahani Dilip - Bhasan Ka Aanand Lijiy.mp3","Ranjan Rashik, Sahani Dilip - Bhasan Ka Aanand Lijiy.mp3",ranjan rashik sahani dilip|bhasan ka aanand lijiy,"Ranjan Rashik, Sahani Dilip",Bhasan Ka Aanand Lijiy,none,100,,,metadata_candidate
"Ranjit Kumar, Melina Rai - Mero Man Choreu Ni.mp3","Ranjit Kumar, Melina Rai - Mero Man Choreu Ni.mp3",ranjit kumar melina rai|mero man choreu ni,"Ranjit Kumar, Melina Rai",Mero Man Choreu Ni,probable,507,,,metadata_candidate
Ranjit Nepali - Namari 500 Ke.mp3,Ranjit Nepali - Namari 500 Ke.mp3,ranjit nepali|namari 500 ke,Ranjit Nepali,Namari 500 Ke,none,,,,no_lyrics
"RAPTI NADI SALAIJO V=SANJYE DIMPAL ,SABINA PUN MAGAR LAYA SABDA=SANJAYE DIMPAL T TIME MUSIC www.freenepalisong.com.mp3","RAPTI NADI SALAIJO V=SANJYE DIMPAL ,SABINA PUN MAGAR LAYA SABDA=SANJAYE DIMPAL T TIME MUSIC www.freenepalisong.com.mp3",archive org|rapti nadi salaijo v sanjye dimpal sabina pun magar laya sabda sanjaye dimpal t time music,archive.org,"RAPTI NADI SALAIJO V=SANJYE DIMPAL ,SABINA PUN MAGAR LAYA SABDA=SANJAYE DIMPAL T TIME MUSIC www.freenepalisong.com",none,,,,no_lyrics
"RAPTI NADI SALAIJO V=SANJYE DIMPAL ,SABINA PUN MAGAR LAYA SABDA=SANJAYE DIMPAL T TIME MUSIC.ogg","RAPTI NADI SALAIJO V=SANJYE DIMPAL ,SABINA PUN MAGAR LAYA SABDA=SANJAYE DIMPAL T TIME MUSIC.ogg",archive org|rapti nadi salaijo v sanjye dimpal sabina pun magar laya sabda sanjaye dimpal t time music,archive.org,"RAPTI NADI SALAIJO V=SANJYE DIMPAL ,SABINA PUN MAGAR LAYA SABDA=SANJAYE DIMPAL T TIME MUSIC",none,,,,no_lyrics
Rashmi Yogini - He Shiv Shankar Kaha Chhupe Ho.mp3,Rashmi Yogini - He Shiv Shankar Kaha Chhupe Ho.mp3,rashmi yogini|he shiv shankar kaha chhupe ho,Rashmi Yogini,He Shiv Shankar Kaha Chhupe Ho,weak,1543,,,metadata_candidate
"Rato Pachhyauri ｜｜ RL Lama Moktan, Nima Lama Moktan, Rajani KC, Aiman Chhantyal ｜｜ Smyta, Bishal.m4a","Rato Pachhyauri ｜｜ RL Lama Moktan, Nima Lama Moktan, Rajani KC, Aiman Chhantyal ｜｜ Smyta, Bishal.m4a",osrdigital|rato pachhyauri,OSRDigital,"Rato Pachhyauri || RL Lama Moktan, Nima Lama Moktan, Rajani KC, Aiman Chhantyal || Smyta, Bishal",weak,1631,,,metadata_candidate
Rato ra chandra surya- Gopal yonjan- original.mp3,Rato ra chandra surya- Gopal yonjan- original.mp3,kiran acharya|rato ra chandra surya gopal yonjan original,Kiran Acharya,Rato ra chandra surya- Gopal yonjan- original,probable,2393,,,metadata_candidate
Rato Ra Chandra-Gopal Yonjan.mp3,Rato Ra Chandra-Gopal Yonjan.mp3,radiokhabardari|rato ra chandra gopal yonjan,RadioKhabardari,Rato Ra Chandra-Gopal Yonjan,weak,2393,,,metadata_candidate
Rato Rato Khursani Piro Chha By Durgesh Thapa Hot Danceing Song 2073 MP3 Download (2).ogg,Rato Rato Khursani Piro Chha By Durgesh Thapa Hot Danceing Song 2073 MP3 Download (2).ogg,archive org|rato rato khursani piro chha by durgesh thapa hot danceing song mp3,archive.org,Rato Rato Khursani Piro Chha By Durgesh Thapa Hot Danceing Song 2073 MP3 Download,weak,3163,,,metadata_candidate
Rato Rato Khursani Piro Chha By Durgesh Thapa Hot Danceing Song 2073 MP3 Download www.freenepalisong.com (2).mp3,Rato Rato Khursani Piro Chha By Durgesh Thapa Hot Danceing Song 2073 MP3 Download www.freenepalisong.com (2).mp3,archive org|rato rato khursani piro chha by durgesh thapa hot danceing song mp3,archive.org,Rato Rato Khursani Piro Chha By Durgesh Thapa Hot Danceing Song 2073 MP3 Download www.freenepalisong.com,weak,3163,,,metadata_candidate
Ravi Kasana - Mere Shiv Shankar Bholenath.mp3,Ravi Kasana - Mere Shiv Shankar Bholenath.mp3,ravi kasana|mere shiv shankar bholenath,Ravi Kasana,Mere Shiv Shankar Bholenath,weak,1543,,,metadata_candidate
Ravi Kasana - Shiv Shankar Bhole Bandari.mp3,Ravi Kasana - Shiv Shankar Bhole Bandari.mp3,ravi kasana|shiv shankar bhole bandari,Ravi Kasana,Shiv Shankar Bhole Bandari,weak,1543,,,metadata_candidate
"Ravi Prakash Ji, Gautam Babu - Mati Kore Gelo Ham Khetwa Ke Orwa.mp3","Ravi Prakash Ji, Gautam Babu - Mati Kore Gelo Ham Khetwa Ke Orwa.mp3",ravi prakash ji gautam babu|mati kore gelo ham khetwa ke orwa,"Ravi Prakash Ji, Gautam Babu",Mati Kore Gelo Ham Khetwa Ke Orwa,none,,,,no_lyrics
Ravindra Bhatt - SHIV SHANKAR BHOLE.mp3,Ravindra Bhatt - SHIV SHANKAR BHOLE.mp3,ravindra bhatt|shiv shankar bhole,Ravindra Bhatt,SHIV SHANKAR BHOLE,probable,1543,,,metadata_candidate
Raw Ride.m4a,Raw Ride.m4a,ol dirty bastard|raw ride,Ol' Dirty Bastard,Raw Ride,none,632,,,metadata_candidate
Raza - Mantra of Avalokiteshvara.mp3,Raza - Mantra of Avalokiteshvara.mp3,raza|mantra of avalokiteshvara,Raza,Mantra of Avalokiteshvara,weak,1545,,,metadata_candidate
"Raza Bhatti, Qaiser Kandara feat. Raza Fida - Sada V Pakistan Aa 2.0.mp3","Raza Bhatti, Qaiser Kandara feat. Raza Fida - Sada V Pakistan Aa 2.0.mp3",raza bhatti qaiser kandara feat raza fida|sada v pakistan aa 2 0,"Raza Bhatti, Qaiser Kandara feat. Raza Fida",Sada V Pakistan Aa 2.0,weak,,,,no_lyrics
REACH OUT (jamesy's velvet mix).m4a,REACH OUT (jamesy's velvet mix).m4a,jamesy|reach out jamesy s velvet mix,jamesy,REACH OUT (jamesy's velvet mix),weak,,,,no_lyrics
Ready Chhu [The Song of Gen Z's] ｜｜ Gaurav Jung Rana ｜｜ Official Music Video 2026.m4a,Ready Chhu [The Song of Gen Z's] ｜｜ Gaurav Jung Rana ｜｜ Official Music Video 2026.m4a,osrdigital|ready chhu the song of gen z s,OSRDigital,Ready Chhu [The Song of Gen Z's] || Gaurav Jung Rana || Official Music Video 2026,weak,1867,,,metadata_candidate
Rekha Garg - Shiv Shankar Bhole Tera Damru Bole.mp3,Rekha Garg - Shiv Shankar Bhole Tera Damru Bole.mp3,rekha garg|shiv shankar bhole tera damru bole,Rekha Garg,Shiv Shankar Bhole Tera Damru Bole,weak,1543,,,metadata_candidate
Resam Firiri ｜ New Nepali Song 2026 ｜ Resham Phirire ｜ MrThakuri2.0 ｜ Nepali Remix Song.m4a,Resam Firiri ｜ New Nepali Song 2026 ｜ Resham Phirire ｜ MrThakuri2.0 ｜ Nepali Remix Song.m4a,mrthakuri 2 0|resam firiri,MrThakuri 2.0,Resam Firiri | New Nepali Song 2026 | Resham Phirire | MrThakuri2.0 | Nepali Remix Song,weak,1650,,,metadata_candidate
Resam Firiri｜Evergreen Nepali Song.m4a,Resam Firiri｜Evergreen Nepali Song.m4a,dekendra shrestha topic|resam firiri,Dekendra Shrestha - Topic,Resam Firiri|Evergreen Nepali Song,probable,1650,,,metadata_candidate
"Resham Cover Dance By Kritika, Yasodha, Pooja ｜｜ Lamjung Youth Family.m4a","Resham Cover Dance By Kritika, Yasodha, Pooja ｜｜ Lamjung Youth Family.m4a",john gurung gahate|resham dance by kritika yasodha pooja,John Gurung Gahate,"Resham Cover Dance By Kritika, Yasodha, Pooja || Lamjung Youth Family",weak,2394,,,metadata_candidate
RESHAM FIRI RI ｜ MICHI KOBIN ｜ AR 01｜ MISS ARUNACHAL ｜ SEPPA.m4a,RESHAM FIRI RI ｜ MICHI KOBIN ｜ AR 01｜ MISS ARUNACHAL ｜ SEPPA.m4a,gungte frames|resham firi ri,GUNGTE FRAMES,RESHAM FIRI RI | MICHI KOBIN | AR 01| MISS ARUNACHAL | SEPPA,weak,2394,,,metadata_candidate
Resham Firiri ( Nepali Folk Song) ｜ Fiddler's Green ｜ Orange Festival Dambuk.m4a,Resham Firiri ( Nepali Folk Song) ｜ Fiddler's Green ｜ Orange Festival Dambuk.m4a,orange festival of adventure music dambuk|resham firiri nepali folk song,"Orange Festival of Adventure & Music,Dambuk",Resham Firiri ( Nepali Folk Song) | Fiddler's Green | Orange Festival Dambuk,weak,207,,,metadata_candidate
Resham Firiri (Live) - FolkAGeet ｜ Nepali Folk Song.m4a,Resham Firiri (Live) - FolkAGeet ｜ Nepali Folk Song.m4a,folkageet|resham firiri folkageet,FolkAGeet,Resham Firiri (Live) - FolkAGeet | Nepali Folk Song,weak,1650,,,metadata_candidate
Resham Firiri (Live).m4a,Resham Firiri (Live).m4a,dharmendra sewan|resham firiri,Dharmendra Sewan,Resham Firiri (Live),strong,1650,1650,,metadata_only
Resham Firiri (lyrics) ｜｜ Nepali Folk song ｜｜.m4a,Resham Firiri (lyrics) ｜｜ Nepali Folk song ｜｜.m4a,nepali lyrics|resham firiri,Nepali Lyrics,Resham Firiri (lyrics) || Nepali Folk song ||,strong,1650,1650,,metadata_only
Resham firiri (LYRICS)｜｜ MICHI KOBIN｜｜ AR 01｜｜ (NEPALI FOLK) SONG｜｜.m4a,Resham firiri (LYRICS)｜｜ MICHI KOBIN｜｜ AR 01｜｜ (NEPALI FOLK) SONG｜｜.m4a,banya official|resham firiri,Banya official,Resham firiri (LYRICS)|| MICHI KOBIN|| AR 01|| (NEPALI FOLK) SONG||,strong,1650,1650,,metadata_only
Resham Firiri (Nepali Folk Song) Led By Prem.mp3,Resham Firiri (Nepali Folk Song) Led By Prem.mp3,goodvibrations org|resham firiri nepali folk song led by prem,goodvibrations.org,Resham Firiri (Nepali Folk Song) Led By Prem,weak,207,,,metadata_candidate
Resham Firiri (Original).m4a,Resham Firiri (Original).m4a,buddhi pariyar topic|resham firiri original,Buddhi Pariyar - Topic,Resham Firiri (Original),strong,1650,1650,,metadata_only
"Resham Firiri (Vocal) (feat. Sobit Rana, Krishna Lama & Dhaneswar Tiwari).m4a","Resham Firiri (Vocal) (feat. Sobit Rana, Krishna Lama & Dhaneswar Tiwari).m4a",bukun gandharba topic|resham firiri vocal feat sobit rana krishna lama dhaneswar tiwari,Bukun Gandharba - Topic,"Resham Firiri (Vocal) (feat. Sobit Rana, Krishna Lama & Dhaneswar Tiwari)",weak,1650,,,metadata_candidate
Resham Firiri (Vocal).m4a,Resham Firiri (Vocal).m4a,music z|resham firiri vocal,Music Z,Resham Firiri (Vocal),probable,1650,,,metadata_candidate
Resham Firiri - Sur Sudha.mp3,Resham Firiri - Sur Sudha.mp3,madan kumar bhattarai|resham firiri sur sudha,Madan Kumar Bhattarai,Resham Firiri - Sur Sudha,weak,1650,,,metadata_candidate
Resham firiri Akhai Tirimiri ( EDM MIX ) REMIX VERSION By Mr xorem 💥 Dance Version 2026 #djremix.m4a,Resham firiri Akhai Tirimiri ( EDM MIX ) REMIX VERSION By Mr xorem 💥 Dance Version 2026 #djremix.m4a,mr xorem|resham firiri akhai tirimiri edm mix version by mr xorem dance version djremix,Mr Xorem Remix,Resham firiri Akhai Tirimiri ( EDM MIX ) REMIX VERSION By Mr xorem 💥 Dance Version 2026 #djremix,probable,1650,,,metadata_candidate
Resham Firiri by Natraj.m4a,Resham Firiri by Natraj.m4a,roslynamiss|resham firiri by natraj,roslynamiss,Resham Firiri by Natraj,weak,1650,,,metadata_candidate
Resham firiri famous Nepali song.m4a,Resham firiri famous Nepali song.m4a,lakpa sherpa|resham firiri famous,lakpa sherpa,Resham firiri famous Nepali song,weak,1650,,,metadata_candidate
Resham Firiri Flute ｜ Nepali Instrumental Music ｜ Bansuri Dhun ｜｜ KAJI GURUNG ｜｜.m4a,Resham Firiri Flute ｜ Nepali Instrumental Music ｜ Bansuri Dhun ｜｜ KAJI GURUNG ｜｜.m4a,kaji gurung|resham firiri flute,KAJI GURUNG,Resham Firiri Flute | Nepali Instrumental Music | Bansuri Dhun || KAJI GURUNG ||,probable,1650,,,metadata_candidate
Resham Firiri Lyrical Karaoke Sing Along Nepali Folk Classic.m4a,Resham Firiri Lyrical Karaoke Sing Along Nepali Folk Classic.m4a,nepali swara sangam|resham firiri lyrical karaoke sing along nepali folk classic,Nepali Swara Sangam,Resham Firiri Lyrical Karaoke Sing Along Nepali Folk Classic,weak,207,,,metadata_candidate
Resham Firiri Original Nepali Song.m4a,Resham Firiri Original Nepali Song.m4a,bishnu basnet|resham firiri original,Bishnu Basnet,Resham Firiri Original Nepali Song,weak,1650,,,metadata_candidate
Resham firiri original song.m4a,Resham firiri original song.m4a,sangi संगी|resham firiri original song,Sangi संगी,Resham firiri original song,weak,1650,,,metadata_candidate
Resham Firiri Udera Jau Ki (रेशम) DJ Remix Old Is Gold ｜ New Nepali Song 2026 ｜ LAXMA4M ｜ New Song.m4a,Resham Firiri Udera Jau Ki (रेशम) DJ Remix Old Is Gold ｜ New Nepali Song 2026 ｜ LAXMA4M ｜ New Song.m4a,laxma|resham firiri udera jau ki रेशम dj old is gold,LAXMA,Resham Firiri Udera Jau Ki (रेशम) DJ Remix Old Is Gold | New Nepali Song 2026 | LAXMA4M | New Song,weak,1650,,,metadata_candidate
"Resham Firiri रेशम फिरिरी (Metal Version) Nepali Metal Song, Black Metal (AI Version).m4a","Resham Firiri रेशम फिरिरी (Metal Version) Nepali Metal Song, Black Metal (AI Version).m4a",nepali metal songs ai|resham firiri रेशम फिरिरी metal version nepali metal song black metal ai version,Nepali Metal Songs (AI),"Resham Firiri रेशम फिरिरी (Metal Version) Nepali Metal Song, Black Metal (AI Version)",strong,207,207,,metadata_only
Resham Firiri ｜ Arko Mukhaerjee and Hari Maharjan Ensemble ｜ Rooftop Live.m4a,Resham Firiri ｜ Arko Mukhaerjee and Hari Maharjan Ensemble ｜ Rooftop Live.m4a,arko mukhaerjee|resham firiri,Arko Mukhaerjee,Resham Firiri | Arko Mukhaerjee and Hari Maharjan Ensemble | Rooftop Live,weak,1650,,,metadata_candidate
Resham Firiri ｜ Nepali Folk Song ｜ Eng Sub.m4a,Resham Firiri ｜ Nepali Folk Song ｜ Eng Sub.m4a,הנודד|resham firiri,הנודד | Hanoded,Resham Firiri | Nepali Folk Song | Eng Sub,weak,1650,,,metadata_candidate
Resham Firiri ｜ रेशम फिरिरी ｜ Nepali Folk.m4a,Resham Firiri ｜ रेशम फिरिरी ｜ Nepali Folk.m4a,র ক ব|resham firiri,রাকিব,Resham Firiri | रेशम फिरिरी | Nepali Folk,weak,1650,,,metadata_candidate
"Resham Firiri, रेशम फिरिरी Official Music Video 1969 with lyric by buddhi pariyar.m4a","Resham Firiri, रेशम फिरिरी Official Music Video 1969 with lyric by buddhi pariyar.m4a",zurely vdoz|resham firiri रेशम फिरिरी with lyric by buddhi pariyar,Zurely Vdoz,"Resham Firiri, रेशम फिरिरी Official Music Video 1969 with lyric by buddhi pariyar",weak,1650,,,metadata_candidate
Resham Firiri- CJ (CHILL VERSION).mp3,Resham Firiri- CJ (CHILL VERSION).mp3,cj|resham firiri cj chill version,CJ,Resham Firiri- CJ (CHILL VERSION),weak,1650,,,metadata_candidate
Resham Firiri- Mandolin.mp3,Resham Firiri- Mandolin.mp3,agya karki pudner|resham firiri mandolin,Agya Karki Pudner,Resham Firiri- Mandolin,weak,1650,,,metadata_candidate
RESHAM FIRIRI_-_Rap_-_Psymal NFORSOVEN.mp3.mp3,RESHAM FIRIRI_-_Rap_-_Psymal NFORSOVEN.mp3.mp3,psymal nforsoven|resham firiri_ _rap_ _psymal nforsoven mp3,Psymal NFORSOVEN,RESHAM FIRIRI_-_Rap_-_Psymal NFORSOVEN.mp3,weak,2394,,,metadata_candidate
Resham Firiri_रेशम फिरीरी_Hill Boys.m4a,Resham Firiri_रेशम फिरीरी_Hill Boys.m4a,music memory|resham firiri_रेशम फिरीरी_hill boys,Music & Memory,Resham Firiri_रेशम फिरीरी_Hill Boys,weak,2394,,,metadata_candidate
Resham(रेशम) - Rock Cover ｜｜ Nepathya.m4a,Resham(रेशम) - Rock Cover ｜｜ Nepathya.m4a,yeti studio|resham रेशम rock,Yeti Studio,Resham(रेशम) - Rock Cover || Nepathya,weak,2394,,,metadata_candidate
Resham_Firiri_⧹(Remix⧹)_-_DJ_NK_.m4a,Resham_Firiri_⧹(Remix⧹)_-_DJ_NK_.m4a,jhapali kto|resham_firiri_ _ _dj_nk_,Jhapali Kto,Resham_Firiri_\(Remix\)_-_DJ_NK_,none,,,,no_lyrics
Reshami Nepali - Nepal Ke Shan.mp3,Reshami Nepali - Nepal Ke Shan.mp3,reshami nepali|nepal ke shan,Reshami Nepali,Nepal Ke Shan,weak,2944,,,metadata_candidate
Return Of Jah by Lil Buddha.m4a,Return Of Jah by Lil Buddha.m4a,trap sounds|return of jah by lil buddha,Trap Sounds,Return Of Jah by Lil Buddha,weak,3051,,,metadata_candidate
Reverb Dust  SLEEP feat Uniq Poet  Chogo.mp3.m4a,Reverb Dust  SLEEP feat Uniq Poet  Chogo.mp3.m4a,rai budo|reverb dust sleep feat uniq poet chogo mp3,Rai Budo,Reverb Dust  SLEEP feat Uniq Poet  Chogo.mp3,none,,,,no_lyrics
"RIGDEN NADIK, Yabesh Thapa - Kina Pawtauchau_.mp3","RIGDEN NADIK, Yabesh Thapa - Kina Pawtauchau_.mp3",rigden nadik yabesh thapa|kina pawtauchau,"RIGDEN NADIK, Yabesh Thapa",Kina Pawtauchau?,strong,862,862,,metadata_only
"Rizal Singh, Melina rai - Muskurau.mp3","Rizal Singh, Melina rai - Muskurau.mp3",rizal singh melina rai|muskurau,"Rizal Singh, Melina rai",Muskurau,probable,560,,,metadata_candidate
Rizwan Sohna - Lajpal Sajjan.mp3,Rizwan Sohna - Lajpal Sajjan.mp3,rizwan sohna|lajpal sajjan,Rizwan Sohna,Lajpal Sajjan,weak,1658,,,metadata_candidate
"RN BOSS - New Nepali Rap Song 2026 ｜｜ Rajendra Khadgi, Bina Raut, Bassa, Lopchan, Amrit Thakuri.m4a","RN BOSS - New Nepali Rap Song 2026 ｜｜ Rajendra Khadgi, Bina Raut, Bassa, Lopchan, Amrit Thakuri.m4a",osrdigital|rn boss new,OSRDigital,"RN BOSS - New Nepali Rap Song 2026 || Rajendra Khadgi, Bina Raut, Bassa, Lopchan, Amrit Thakuri",none,,,,no_lyrics
Robin and the New Revolution - Freedom and Liberty.mp3,Robin and the New Revolution - Freedom and Liberty.mp3,robin and the new revolution|freedom and liberty,Robin and the New Revolution,Freedom and Liberty,none,,,,no_lyrics
Robin And The New Revolution - Jawaaf.mp3,Robin And The New Revolution - Jawaaf.mp3,robin and the new revolution|jawaaf,Robin And The New Revolution,Jawaaf,none,191,,,metadata_candidate
Robin And The New Revolution - Muglan.mp3,Robin And The New Revolution - Muglan.mp3,robin and the new revolution|muglan,Robin And The New Revolution,Muglan,weak,3207,,,metadata_candidate
Robin And The New Revolution - Parisian Girl.mp3,Robin And The New Revolution - Parisian Girl.mp3,robin and the new revolution|parisian girl,Robin And The New Revolution,Parisian Girl,none,3200,,,metadata_candidate
Robin And The New Revolution - Shine On Me.mp3,Robin And The New Revolution - Shine On Me.mp3,robin and the new revolution|shine on me,Robin And The New Revolution,Shine On Me,none,668,,,metadata_candidate
Robin And The New Revolution - Swantantra Jiwan.mp3,Robin And The New Revolution - Swantantra Jiwan.mp3,robin and the new revolution|swantantra jiwan,Robin And The New Revolution,Swantantra Jiwan,weak,8,,,metadata_candidate
Robin And The New Revolution - Timro Din.mp3,Robin And The New Revolution - Timro Din.mp3,robin and the new revolution|timro din,Robin And The New Revolution,Timro Din,weak,419,,,metadata_candidate
Robin And The New Revolution - USA.mp3,Robin And The New Revolution - USA.mp3,robin and the new revolution|usa,Robin And The New Revolution,USA,weak,258,,,metadata_candidate
Robin Wagle Trio ： Maathi Gumba.m4a,Robin Wagle Trio ： Maathi Gumba.m4a,robin wagle|robin wagle trio maathi gumba,Robin Wagle,Robin Wagle Trio : Maathi Gumba,none,,,,no_lyrics
Rohit Bhandari - Shiv Shankar Chale Kailash.mp3,Rohit Bhandari - Shiv Shankar Chale Kailash.mp3,rohit bhandari|shiv shankar chale kailash,Rohit Bhandari,Shiv Shankar Chale Kailash,weak,1543,,,metadata_candidate
"Rohit Shakya x The Underdogs (Uniq Poet, Symfamous, Grizzle, Menace) ：Evening Session： Wondergods.m4a","Rohit Shakya x The Underdogs (Uniq Poet, Symfamous, Grizzle, Menace) ：Evening Session： Wondergods.m4a",the author|rohit shakya x the underdogs uniq poet symfamous grizzle menace evening session wondergods,The Author,"Rohit Shakya x The Underdogs (Uniq Poet, Symfamous, Grizzle, Menace) :Evening Session: Wondergods",none,,,,no_lyrics
"Rohit Shakya, Sajjan Raj Vaidya - Mellow.mp3","Rohit Shakya, Sajjan Raj Vaidya - Mellow.mp3",rohit shakya sajjan raj vaidya|mellow,"Rohit Shakya, Sajjan Raj Vaidya",Mellow,strong,2989,2989,,metadata_only
Rohit Tiwari Baba - Shiv Shankar Damru Wale.mp3,Rohit Tiwari Baba - Shiv Shankar Damru Wale.mp3,rohit tiwari baba|shiv shankar damru wale,Rohit Tiwari Baba,Shiv Shankar Damru Wale,weak,2067,,,metadata_candidate
Roshan Raut - Bhatar Ha Nepali Sakhi Phune Na Kare.mp3,Roshan Raut - Bhatar Ha Nepali Sakhi Phune Na Kare.mp3,roshan raut|bhatar ha nepali sakhi phune na kare,Roshan Raut,Bhatar Ha Nepali Sakhi Phune Na Kare,probable,207,,,metadata_candidate
Ruaf Sajjan - Yaar Layyah Da.mp3,Ruaf Sajjan - Yaar Layyah Da.mp3,ruaf sajjan|yaar layyah da,Ruaf Sajjan,Yaar Layyah Da,none,3788,,,metadata_candidate
"Rubin Kumar Shrestha, Ralph Thomas, Pramod Upadhyaya, Shyam Nepali & Sylvia Patricia - Alvorada.mp3","Rubin Kumar Shrestha, Ralph Thomas, Pramod Upadhyaya, Shyam Nepali & Sylvia Patricia - Alvorada.mp3",rubin kumar shrestha ralph thomas pramod upadhyaya shyam nepali sylvia patricia|alvorada,"Rubin Kumar Shrestha, Ralph Thomas, Pramod Upadhyaya, Shyam Nepali & Sylvia Patricia",Alvorada,none,2457,,,metadata_candidate
"RUKUM MAIKOT - New Nepali Movie khusma Song 2024 ｜ Ft. Dhiraj Magar, Upasana Singh Thakuri.m4a","RUKUM MAIKOT - New Nepali Movie khusma Song 2024 ｜ Ft. Dhiraj Magar, Upasana Singh Thakuri.m4a",kendra motion pictures|rukum maikot new nepali movie khusma song,Kendra Motion Pictures,"RUKUM MAIKOT - New Nepali Movie khusma Song 2024 | Ft. Dhiraj Magar, Upasana Singh Thakuri",weak,207,,,metadata_candidate
Rupinder Aujla - Sajjan.mp3,Rupinder Aujla - Sajjan.mp3,rupinder aujla|sajjan,Rupinder Aujla,Sajjan,weak,1366,,,metadata_candidate
S. M. D rap viten same like my location fulbari dhangadi my phone number=9822697874.m4a,S. M. D rap viten same like my location fulbari dhangadi my phone number=9822697874.m4a,mg king rap|s m d rap viten same like my location fulbari dhangadi my phone number 9822697874,MG KING RAP,S. M. D rap viten same like my location fulbari dhangadi my phone number=9822697874,none,3555,,,metadata_candidate
S.D. Yogi & Melina Rai - Curly Curly Kapal.mp3,S.D. Yogi & Melina Rai - Curly Curly Kapal.mp3,s d yogi melina rai|curly curly kapal,S.D. Yogi & Melina Rai,Curly Curly Kapal,strong,2035,2035,,metadata_only
saathi instrumental (yama buddha).m4a,saathi instrumental (yama buddha).m4a,dj ajmal kasi|saathi instrumental yama buddha,DJ Ajmal Kasi,saathi instrumental (yama buddha),weak,1184,,,metadata_candidate
Sabai Yaad Aye.mp3,Sabai Yaad Aye.mp3,ambar gurung|sabai yaad aye,"Ambar Gurung, www.geetsangraha.blogspot.com",Sabai Yaad Aye,weak,990,,,metadata_candidate
Sabdha KO Fulbari ｜｜ Curly Raper ｜｜ Fuchee Adhikari ｜｜ offical Nepali Rap ｜｜.m4a,Sabdha KO Fulbari ｜｜ Curly Raper ｜｜ Fuchee Adhikari ｜｜ offical Nepali Rap ｜｜.m4a,fuchee adhikari|sabdha ko fulbari,Fuchee Adhikari,Sabdha KO Fulbari || Curly Raper || Fuchee Adhikari || offical Nepali Rap ||,weak,132,,,metadata_candidate
Sabi Singh - Sajjan.mp3,Sabi Singh - Sajjan.mp3,sabi singh|sajjan,Sabi Singh,Sajjan,probable,1366,,,metadata_candidate
sabin rai - 05samjhana haru lai.mp3,sabin rai - 05samjhana haru lai.mp3,sabin rai|05samjhana haru lai,sabin rai,05samjhana haru lai,strong,1746,1746,,metadata_only
Sabin Rai - Akorinchhu.mp3,Sabin Rai - Akorinchhu.mp3,sabin rai|akorinchhu,Sabin Rai,Akorinchhu,weak,1441,,A-6653c9311b,new_lyrics
Sabin Rai - Budhasaubba Goldcup Song.mp3,Sabin Rai - Budhasaubba Goldcup Song.mp3,sabin rai|budhasaubba goldcup song,Sabin Rai,Budhasaubba Goldcup Song,weak,3163,,,metadata_candidate
Sabin Rai - Chapali Height.mp3,Sabin Rai - Chapali Height.mp3,sabin rai|chapali height,Sabin Rai,Chapali Height,weak,226,3007,,lyrics_ambiguous_linked
Sabin Rai - Daya Baya.mp3,Sabin Rai - Daya Baya.mp3,sabin rai|daya baya,Sabin Rai,Daya Baya,weak,601,,A-873fde3c56,new_lyrics
Sabin Rai - Due Thunga.mp3,Sabin Rai - Due Thunga.mp3,sabin rai|due thunga,Sabin Rai,Due Thunga,strong,3008,3008,,metadata_only
SABIN RAI - Guranshko Fed Muni.mp3,SABIN RAI - Guranshko Fed Muni.mp3,sabin rai|guranshko fed muni,SABIN RAI,Guranshko Fed Muni,strong,3011,3011,,metadata_only
Sabin Rai - Guras Ko Fed Muni.mp3,Sabin Rai - Guras Ko Fed Muni.mp3,sabin rai|guras ko fed muni,Sabin Rai,Guras Ko Fed Muni,strong,3011,3011,,metadata_only
Sabin Rai - Guras ko phed muni.mp3,Sabin Rai - Guras ko phed muni.mp3,sabin rai|guras ko phed muni,Sabin Rai,Guras ko phed muni,weak,3011,,,metadata_candidate
Sabin Rai - Gurasha Ko Feda Muni.mp3,Sabin Rai - Gurasha Ko Feda Muni.mp3,sabin rai|gurasha ko feda muni,Sabin Rai,Gurasha Ko Feda Muni,strong,4145,4145,,metadata_only
Sabin Rai - Jasma Ma Ramauchhu.mp3,Sabin Rai - Jasma Ma Ramauchhu.mp3,sabin rai|jasma ma ramauchhu,Sabin Rai,Jasma Ma Ramauchhu,strong,3773,3773,,metadata_only
Sabin Rai - Jau Ki Basu.mp3,Sabin Rai - Jau Ki Basu.mp3,sabin rai|jau ki basu,Sabin Rai,Jau Ki Basu,strong,3014,3014,,metadata_only
Sabin Rai - Kahan Dekhi Kahan Samma.mp3,Sabin Rai - Kahan Dekhi Kahan Samma.mp3,sabin rai|kahan dekhi kahan samma,Sabin Rai,Kahan Dekhi Kahan Samma,probable,3235,,A-fde37b3fd8,new_lyrics
Sabin Rai - Kalo kalo raat ko.mp3,Sabin Rai - Kalo kalo raat ko.mp3,sabin rai|kalo kalo raat ko,Sabin Rai,Kalo kalo raat ko,strong,3804,3804,,metadata_only
Sabin Rai - Komal Tyo Timro (2).mp3,Sabin Rai - Komal Tyo Timro (2).mp3,sabin rai|komal tyo timro,Sabin Rai,Komal Tyo Timro,strong,3017,3017,,metadata_only
Sabin Rai - Ma sansar jitne.mp3,Sabin Rai - Ma sansar jitne.mp3,sabin rai|ma sansar jitne,Sabin Rai,Ma sansar jitne,strong,3018,3018,,metadata_only
Sabin Rai - Malai Angali Deu.mp3,Sabin Rai - Malai Angali Deu.mp3,sabin rai|malai angali deu,Sabin Rai,Malai Angali Deu,strong,3020,3020,,metadata_only
Sabin Rai - Maya Jalaima.mp3,Sabin Rai - Maya Jalaima.mp3,sabin rai|maya jalaima,Sabin Rai,Maya Jalaima,strong,3021,3021,,metadata_only
Sabin Rai - Mero Jiwan.mp3,Sabin Rai - Mero Jiwan.mp3,sabin rai|mero jiwan,Sabin Rai,Mero Jiwan,strong,87,87,,metadata_only
Sabin Rai - Samjhana Haru Lai.mp3,Sabin Rai - Samjhana Haru Lai.mp3,sabin rai|samjhana haru lai,Sabin Rai,Samjhana Haru Lai,strong,737,737,,metadata_only
sabin rai - samjhana haru lie.mp3,sabin rai - samjhana haru lie.mp3,sabin rai|samjhana haru lie,sabin rai,samjhana haru lie,strong,737,737,,metadata_only
Sabin Rai - Sundarta Ko Timi.mp3,Sabin Rai - Sundarta Ko Timi.mp3,sabin rai|sundarta ko timi,Sabin Rai,Sundarta Ko Timi,strong,752,752,,metadata_only
Sabin Rai - Sundarta ko.mp3,Sabin Rai - Sundarta ko.mp3,sabin rai|sundarta ko,Sabin Rai,Sundarta ko,strong,3029,3029,,metadata_only
Sabin Rai - Superhit.mp3,Sabin Rai - Superhit.mp3,sabin rai|superhit,Sabin Rai,Superhit,weak,3996,,,metadata_candidate
Sabin Rai - Suruwat.mp3,Sabin Rai - Suruwat.mp3,sabin rai|suruwat,Sabin Rai,Suruwat,strong,3580,3580,,metadata_only
Sabin Rai - Timi Nai Hau.mp3,Sabin Rai - Timi Nai Hau.mp3,sabin rai|timi nai hau,Sabin Rai,Timi Nai Hau,strong,140,140,,metadata_only
Sabin Rai - Timro Lagi Ma.mp3,Sabin Rai - Timro Lagi Ma.mp3,sabin rai|timro lagi ma,Sabin Rai,Timro Lagi Ma,strong,131,131,,metadata_only
Sabin Rai - Timro.mp3,Sabin Rai - Timro.mp3,sabin rai|timro,Sabin Rai,Timro,strong,38,38,,metadata_only
Sabin Rai - Yo Nepal.mp3,Sabin Rai - Yo Nepal.mp3,sabin rai|yo nepal,Sabin Rai,Yo Nepal,strong,2944,2944,,metadata_only
"Sabin Rai, The Pharaoh - Dhanyavaad.mp3","Sabin Rai, The Pharaoh - Dhanyavaad.mp3",sabin rai the pharaoh|dhanyavaad,"Sabin Rai, The Pharaoh",Dhanyavaad,strong,3033,3033,,metadata_only
"Sabin Rai, The Pharaoh - Nilo Chata.mp3","Sabin Rai, The Pharaoh - Nilo Chata.mp3",sabin rai the pharaoh|nilo chata,"Sabin Rai, The Pharaoh",Nilo Chata,strong,3036,3036,,metadata_only
"Sabin Rai, The Pharaoh - Paisa.mp3","Sabin Rai, The Pharaoh - Paisa.mp3",sabin rai the pharaoh|paisa,"Sabin Rai, The Pharaoh",Paisa,strong,4076,4076,,metadata_only
"Sabin Rai, The Pharaoh - Raftaar.mp3","Sabin Rai, The Pharaoh - Raftaar.mp3",sabin rai the pharaoh|raftaar,"Sabin Rai, The Pharaoh",Raftaar,weak,3364,,A-7651a92274,new_lyrics
"Sabin Rai, The Pharaoh - Samarpan.mp3","Sabin Rai, The Pharaoh - Samarpan.mp3",sabin rai the pharaoh|samarpan,"Sabin Rai, The Pharaoh",Samarpan,strong,3026,3026,,metadata_only
"Sabin Rai, The Pharaoh - Samjhanchu.mp3","Sabin Rai, The Pharaoh - Samjhanchu.mp3",sabin rai the pharaoh|samjhanchu,"Sabin Rai, The Pharaoh",Samjhanchu,strong,3028,3028,,metadata_only
"Sabin Rai, The Pharaoh - Sutukka.mp3","Sabin Rai, The Pharaoh - Sutukka.mp3",sabin rai the pharaoh|sutukka,"Sabin Rai, The Pharaoh",Sutukka,weak,1995,,A-8bb52c3cbc,new_lyrics
Sac feat. Shyam Nepali - Himalaya.mp3,Sac feat. Shyam Nepali - Himalaya.mp3,sac feat shyam nepali|himalaya,Sac feat. Shyam Nepali,Himalaya,weak,3957,,,metadata_candidate
Sac feat. Shyam Nepali - Love of Nature.mp3,Sac feat. Shyam Nepali - Love of Nature.mp3,sac feat shyam nepali|love of nature,Sac feat. Shyam Nepali,Love of Nature,none,901,,,metadata_candidate
Sac feat. Shyam Nepali - Once a Time (2).mp3,Sac feat. Shyam Nepali - Once a Time (2).mp3,sac feat shyam nepali|once a time,Sac feat. Shyam Nepali,Once a Time,weak,214,,,metadata_candidate
Sac feat. Shyam Nepali - Sarangi & Soul.mp3,Sac feat. Shyam Nepali - Sarangi & Soul.mp3,sac feat shyam nepali|sarangi soul,Sac feat. Shyam Nepali,Sarangi & Soul,weak,3558,,,metadata_candidate
sacar d mi.m4a,sacar d mi.m4a,mugimustdiediediediedie|sacar d mi,mugimustdiediediediedie,sacar d mi,weak,1199,,,metadata_candidate
sacar esto a flote ft vinyltracker.m4a,sacar esto a flote ft vinyltracker.m4a,44hera|sacar esto a flote ft vinyltracker,44hera,sacar esto a flote ft vinyltracker,none,,,,no_lyrics
Sacar.m4a,Sacar.m4a,twinnservn|sacar,twinnservn,Sacar,weak,1199,,,metadata_candidate
Sachin Kandara - AMBALA.mp3,Sachin Kandara - AMBALA.mp3,sachin kandara|ambala,Sachin Kandara,AMBALA,weak,2490,,,metadata_candidate
Sachin Kandara - Himmat.mp3,Sachin Kandara - Himmat.mp3,sachin kandara|himmat,Sachin Kandara,Himmat,strong,3983,3983,,metadata_only
Saddam Hussain Qadri - Sajjan Tur Gaye Ronaq Tur Gai.mp3,Saddam Hussain Qadri - Sajjan Tur Gaye Ronaq Tur Gai.mp3,saddam hussain qadri|sajjan tur gaye ronaq tur gai,Saddam Hussain Qadri,Sajjan Tur Gaye Ronaq Tur Gai,none,,,,no_lyrics
"Sadhai - Preeti Kaur ｜｜ LAALIMAA Movie Official Song 2026 ｜｜ Roshni Karki, Jiban Bhattarai.m4a","Sadhai - Preeti Kaur ｜｜ LAALIMAA Movie Official Song 2026 ｜｜ Roshni Karki, Jiban Bhattarai.m4a",osrdigital|sadhai preeti kaur,OSRDigital,"Sadhai - Preeti Kaur || LAALIMAA Movie Official Song 2026 || Roshni Karki, Jiban Bhattarai",weak,129,,,metadata_candidate
"Sadhana Sargam, Prakash Shrestha - Kina Timi Aaja Yesto.mp3","Sadhana Sargam, Prakash Shrestha - Kina Timi Aaja Yesto.mp3",sadhana sargam prakash shrestha|kina timi aaja yesto,"Sadhana Sargam, Prakash Shrestha",Kina Timi Aaja Yesto,strong,144,144,,metadata_only
SAFALTA SHRESTHA - Ma Hu Nepali.mp3,SAFALTA SHRESTHA - Ma Hu Nepali.mp3,safalta shrestha|ma hu nepali,SAFALTA SHRESTHA,Ma Hu Nepali,probable,207,,,metadata_candidate
SAFALTA SHRESTHA - Maya Deshlai.mp3,SAFALTA SHRESTHA - Maya Deshlai.mp3,safalta shrestha|maya deshlai,SAFALTA SHRESTHA,Maya Deshlai,probable,526,,,metadata_candidate
SAGAR X AIDRAY X ROYAL FLO' ＂BHULNA KHOJE＂[ OFFICIAL AUDIO] 2016.m4a,SAGAR X AIDRAY X ROYAL FLO' ＂BHULNA KHOJE＂[ OFFICIAL AUDIO] 2016.m4a,sagar dahal|sagar x aidray x royal flo bhulna khoje official audio,Sagar Dahal,"SAGAR X AIDRAY X ROYAL FLO' ""BHULNA KHOJE""[ OFFICIAL AUDIO] 2016",probable,210,,,metadata_candidate
Sagarmatha Musukka Haschhin ｜ Nepali National Song ｜ Sumit Khadka ｜ Sarita Ghimire ｜ Shakti Ballav.m4a,Sagarmatha Musukka Haschhin ｜ Nepali National Song ｜ Sumit Khadka ｜ Sarita Ghimire ｜ Shakti Ballav.m4a,osrdigital|sagarmatha musukka haschhin,OSRDigital,Sagarmatha Musukka Haschhin | Nepali National Song | Sumit Khadka | Sarita Ghimire | Shakti Ballav,none,,,,no_lyrics
Saghir Ali Khan - Soon Na Dendi Yaad Sajjan Di.mp3,Saghir Ali Khan - Soon Na Dendi Yaad Sajjan Di.mp3,saghir ali khan|soon na dendi yaad sajjan di,Saghir Ali Khan,Soon Na Dendi Yaad Sajjan Di,none,2487,,,metadata_candidate
Sahani Dilip - Aaj Aavtare Nandosiya.mp3,Sahani Dilip - Aaj Aavtare Nandosiya.mp3,sahani dilip|aaj aavtare nandosiya,Sahani Dilip,Aaj Aavtare Nandosiya,none,,,,no_lyrics
Sahani Dilip - Bhangiya Dhatura Chadhaibo Baba.mp3,Sahani Dilip - Bhangiya Dhatura Chadhaibo Baba.mp3,sahani dilip|bhangiya dhatura chadhaibo baba,Sahani Dilip,Bhangiya Dhatura Chadhaibo Baba,weak,2372,,,metadata_candidate
Sahani Dilip - Binna Chumma Lele Piyava Deuti Nahi Jale Re.mp3,Sahani Dilip - Binna Chumma Lele Piyava Deuti Nahi Jale Re.mp3,sahani dilip|binna chumma lele piyava deuti nahi jale re,Sahani Dilip,Binna Chumma Lele Piyava Deuti Nahi Jale Re,none,,,,no_lyrics
Sahani Dilip - Bole Ke Sikha Da Nepali.mp3,Sahani Dilip - Bole Ke Sikha Da Nepali.mp3,sahani dilip|bole ke sikha da nepali,Sahani Dilip,Bole Ke Sikha Da Nepali,weak,207,,,metadata_candidate
Sahani Dilip - Chal Jayebu Apna Piya Ke Duyara.mp3,Sahani Dilip - Chal Jayebu Apna Piya Ke Duyara.mp3,sahani dilip|chal jayebu apna piya ke duyara,Sahani Dilip,Chal Jayebu Apna Piya Ke Duyara,none,,,,no_lyrics
Sahani Dilip - Google Bata Da Maal Mare Ke Tarika.mp3,Sahani Dilip - Google Bata Da Maal Mare Ke Tarika.mp3,sahani dilip|google bata da maal mare ke tarika,Sahani Dilip,Google Bata Da Maal Mare Ke Tarika,none,619,,,metadata_candidate
Sahani Dilip - He Bhole Dani Chahi Sunar Janani.mp3,Sahani Dilip - He Bhole Dani Chahi Sunar Janani.mp3,sahani dilip|he bhole dani chahi sunar janani,Sahani Dilip,He Bhole Dani Chahi Sunar Janani,weak,3427,,,metadata_candidate
Sahani Dilip - Lahaga Me Lagave Skal.mp3,Sahani Dilip - Lahaga Me Lagave Skal.mp3,sahani dilip|lahaga me lagave skal,Sahani Dilip,Lahaga Me Lagave Skal,none,,,,no_lyrics
Sahani Dilip - Laika Kara Da Jawa Ho.mp3,Sahani Dilip - Laika Kara Da Jawa Ho.mp3,sahani dilip|laika kara da jawa ho,Sahani Dilip,Laika Kara Da Jawa Ho,none,,,,no_lyrics
Sahani Dilip - Motihari Ke Laika Se Dhodhi Chatvale.mp3,Sahani Dilip - Motihari Ke Laika Se Dhodhi Chatvale.mp3,sahani dilip|motihari ke laika se dhodhi chatvale,Sahani Dilip,Motihari Ke Laika Se Dhodhi Chatvale,none,,,,no_lyrics
Sahani Dilip - Mujjafar Pur Ke Nichi 2.mp3,Sahani Dilip - Mujjafar Pur Ke Nichi 2.mp3,sahani dilip|mujjafar pur ke nichi 2,Sahani Dilip,Mujjafar Pur Ke Nichi 2,none,,,,no_lyrics
Sahani Dilip - Ranga Ta Dewara Dhodi Ke.mp3,Sahani Dilip - Ranga Ta Dewara Dhodi Ke.mp3,sahani dilip|ranga ta dewara dhodi ke,Sahani Dilip,Ranga Ta Dewara Dhodi Ke,weak,16,,,metadata_candidate
Sahani Dilip - Rangdar Ke Sardar Hai.mp3,Sahani Dilip - Rangdar Ke Sardar Hai.mp3,sahani dilip|rangdar ke sardar hai,Sahani Dilip,Rangdar Ke Sardar Hai,weak,1226,,,metadata_candidate
Sahani Dilip - Tohara Kajra Me Hamar Dil.mp3,Sahani Dilip - Tohara Kajra Me Hamar Dil.mp3,sahani dilip|tohara kajra me hamar dil,Sahani Dilip,Tohara Kajra Me Hamar Dil,none,3490,,,metadata_candidate
"Sahani Dilip, Madhuri Yadav - Dekhao Tani Dhoriya Ughar Ke.mp3","Sahani Dilip, Madhuri Yadav - Dekhao Tani Dhoriya Ughar Ke.mp3",sahani dilip madhuri yadav|dekhao tani dhoriya ughar ke,"Sahani Dilip, Madhuri Yadav",Dekhao Tani Dhoriya Ughar Ke,none,,,,no_lyrics
"Sahani Dilip, Ranjan Rashik - Coaching Me Aili Sarswati Mai.mp3","Sahani Dilip, Ranjan Rashik - Coaching Me Aili Sarswati Mai.mp3",sahani dilip ranjan rashik|coaching me aili sarswati mai,"Sahani Dilip, Ranjan Rashik",Coaching Me Aili Sarswati Mai,none,,,,no_lyrics
SAILIMA CHAR GHARE -Bishwo Dong- Cover Dance.m4a,SAILIMA CHAR GHARE -Bishwo Dong- Cover Dance.m4a,aachal x5|sailima char ghare bishwo dong dance,Aachal X5,SAILIMA CHAR GHARE -Bishwo Dong- Cover Dance,none,,,,no_lyrics
Sailo Ma Charghare (साईलो म चारघरे )  By Bishwo Dong ｜｜ New Nepali Lok Pop Song 2081.m4a,Sailo Ma Charghare (साईलो म चारघरे )  By Bishwo Dong ｜｜ New Nepali Lok Pop Song 2081.m4a,bishwo dong|sailo ma charghare साईलो म चारघरे by bishwo dong,Bishwo Dong,Sailo Ma Charghare (साईलो म चारघरे )  By Bishwo Dong || New Nepali Lok Pop Song 2081,strong,828,828,,metadata_only
Sailo ma Charghare - free fire beat sync {free fire best edited video}@Nefoli.m4a,Sailo ma Charghare - free fire beat sync {free fire best edited video}@Nefoli.m4a,ksm mgr|sailo ma charghare free fire beat sync free fire best edited video nefoli,KSM mgr,Sailo ma Charghare - free fire beat sync {free fire best edited video}@Nefoli,weak,828,,,metadata_candidate
Sailo Ma Charghare - Rock Version - साईलो म चारघरे Nepali Lok Pop Song 2026 - Nepali Blues Cover.m4a,Sailo Ma Charghare - Rock Version - साईलो म चारघरे Nepali Lok Pop Song 2026 - Nepali Blues Cover.m4a,nepali content studio|sailo ma charghare rock version साईलो म चारघरे nepali lok pop song nepali blues,Nepali Content Studio,Sailo Ma Charghare - Rock Version - साईलो म चारघरे Nepali Lok Pop Song 2026 - Nepali Blues Cover,weak,207,,,metadata_candidate
Sailo Ma charghare dance performance ｜ #dashain_special #dance.m4a,Sailo Ma charghare dance performance ｜ #dashain_special #dance.m4a,jr23|sailo ma charghare dance performance,Jr23,Sailo Ma charghare dance performance | #dashain_special #dance,weak,828,,,metadata_candidate
Sailo ma charghare maya namare.m4a,Sailo ma charghare maya namare.m4a,hamro dance center|sailo ma charghare maya namare,Hamro dance center,Sailo ma charghare maya namare,weak,12,,,metadata_candidate
Sailo Ma CharGhare R BISHWO DONG II Lyrics Song II Nepali ...m4a,Sailo Ma CharGhare R BISHWO DONG II Lyrics Song II Nepali ...m4a,tamang kind|sailo ma charghare r bishwo dong ii lyrics song ii nepali,Tamang Kind,Sailo Ma CharGhare R BISHWO DONG II Lyrics Song II Nepali ..,strong,207,207,,metadata_only
Sailo Ma Charghare ｜ Mayale Vane Bisai Pani Piduela ｜ Bishwo Dong [lyrics] @mediaspotlightofficial.m4a,Sailo Ma Charghare ｜ Mayale Vane Bisai Pani Piduela ｜ Bishwo Dong [lyrics] @mediaspotlightofficial.m4a,devraj unplugged|sailo ma charghare,Devraj Unplugged,Sailo Ma Charghare | Mayale Vane Bisai Pani Piduela | Bishwo Dong [lyrics] @mediaspotlightofficial,weak,828,,,metadata_candidate
Sailo Ma Charghare ｜｜ Aako Mata Maya Lai Bhetna Lai ｜｜ Bishwa Dong ｜｜ New Nepali Karaoke with lyrics.m4a,Sailo Ma Charghare ｜｜ Aako Mata Maya Lai Bhetna Lai ｜｜ Bishwa Dong ｜｜ New Nepali Karaoke with lyrics.m4a,clean karaoke zone|sailo ma charghare,Clean Karaoke Zone,Sailo Ma Charghare || Aako Mata Maya Lai Bhetna Lai || Bishwa Dong || New Nepali Karaoke with lyrics,weak,828,,,metadata_candidate
Sailo Ma Charghare ｜｜ Cover video ｜｜ Birbal Bhujel ｜｜ original song by @BishwoDong.m4a,Sailo Ma Charghare ｜｜ Cover video ｜｜ Birbal Bhujel ｜｜ original song by @BishwoDong.m4a,birbal bhujel|sailo ma charghare,Birbal Bhujel,Sailo Ma Charghare || Cover video || Birbal Bhujel || original song by @BishwoDong,weak,828,,,metadata_candidate
Sailo Ma Charghare-  Bishwo Dong.m4a,Sailo Ma Charghare-  Bishwo Dong.m4a,prithivi thakuri|sailo ma charghare bishwo dong,Prithivi Thakuri,Sailo Ma Charghare-  Bishwo Dong,weak,828,,,metadata_candidate
Sailo Ma Charghare『Official Music Video』- Bishwo Dong ｜｜ Ft. Alisha Rai ｜ Bijay Dong ｜ Sushil Waiba.m4a,Sailo Ma Charghare『Official Music Video』- Bishwo Dong ｜｜ Ft. Alisha Rai ｜ Bijay Dong ｜ Sushil Waiba.m4a,bishwo dong and brightlight pictures|sailo ma charghare bishwo dong,Bishwo Dong  and Brightlight Pictures,Sailo Ma Charghare『Official Music Video』- Bishwo Dong || Ft. Alisha Rai | Bijay Dong | Sushil Waiba,strong,828,828,,metadata_only
Sailo Ma Charghare｜｜Remix｜｜DJ BN｜｜ (साईलो म चारघरे )By Bishwo Dong ｜｜ New Nepali Lok Pop Song 2081｜｜.m4a,Sailo Ma Charghare｜｜Remix｜｜DJ BN｜｜ (साईलो म चारघरे )By Bishwo Dong ｜｜ New Nepali Lok Pop Song 2081｜｜.m4a,dj bn|sailo ma charghare,DJ BN,Sailo Ma Charghare||Remix||DJ BN|| (साईलो म चारघरे )By Bishwo Dong || New Nepali Lok Pop Song 2081||,weak,828,,,metadata_candidate
Sain Saaqi - Dilri Luti Tein Yaar Sajjan.mp3,Sain Saaqi - Dilri Luti Tein Yaar Sajjan.mp3,sain saaqi|dilri luti tein yaar sajjan,Sain Saaqi,Dilri Luti Tein Yaar Sajjan,none,,,,no_lyrics
Sain Saaqi - Udeek Sajjan Di.mp3,Sain Saaqi - Udeek Sajjan Di.mp3,sain saaqi|udeek sajjan di,Sain Saaqi,Udeek Sajjan Di,none,,,,no_lyrics
Saino Ramro ｜｜ साइनो राम्रो ｜｜ GURUNG MOVIE ｜｜ AAGE THAGU.m4a,Saino Ramro ｜｜ साइनो राम्रो ｜｜ GURUNG MOVIE ｜｜ AAGE THAGU.m4a,budha subba digital|saino ramro,Budha Subba Digital,Saino Ramro || साइनो राम्रो || GURUNG MOVIE || AAGE THAGU,weak,3433,,,metadata_candidate
Saiya Chhoda Laik Budhi Gudgudi Barata.m4a,Saiya Chhoda Laik Budhi Gudgudi Barata.m4a,kalpana|saiya chhoda laik budhi gudgudi barata,Kalpana,Saiya Chhoda Laik Budhi Gudgudi Barata,weak,,,,no_lyrics
"Sajan Sanjeev singh, MAMTA SINGH - Phon Karabo Bhore Bhore Bajariya Ghurabo Taare Jore.mp3","Sajan Sanjeev singh, MAMTA SINGH - Phon Karabo Bhore Bhore Bajariya Ghurabo Taare Jore.mp3",sajan sanjeev singh mamta singh|phon karabo bhore bhore bajariya ghurabo taare jore,"Sajan Sanjeev singh, MAMTA SINGH",Phon Karabo Bhore Bhore Bajariya Ghurabo Taare Jore,weak,,,,no_lyrics
Sajjan - 25.mp3,Sajjan - 25.mp3,sajjan|25,Sajjan,25,weak,,,,no_lyrics
Sajjan - Dakke Firde.mp3,Sajjan - Dakke Firde.mp3,sajjan|dakke firde,Sajjan,Dakke Firde,weak,2316,,,metadata_candidate
Sajjan Adeeb - Brown Eyes.mp3,Sajjan Adeeb - Brown Eyes.mp3,sajjan adeeb|brown eyes,Sajjan Adeeb,Brown Eyes,none,,,,no_lyrics
Sajjan Adeeb - Challa Tan Ni Mudeya.mp3,Sajjan Adeeb - Challa Tan Ni Mudeya.mp3,sajjan adeeb|challa tan ni mudeya,Sajjan Adeeb,Challa Tan Ni Mudeya,none,700,,,metadata_candidate
Sajjan Adeeb - Challa.mp3,Sajjan Adeeb - Challa.mp3,sajjan adeeb|challa,Sajjan Adeeb,Challa,weak,37,,,metadata_candidate
Sajjan Adeeb - Gabru Badam Warga.mp3,Sajjan Adeeb - Gabru Badam Warga.mp3,sajjan adeeb|gabru badam warga,Sajjan Adeeb,Gabru Badam Warga,weak,2062,,,metadata_candidate
Sajjan Adeeb - Gori Gori.mp3,Sajjan Adeeb - Gori Gori.mp3,sajjan adeeb|gori gori,Sajjan Adeeb,Gori Gori,weak,578,,,metadata_candidate
Sajjan Adeeb - Jodi Jachdi.mp3,Sajjan Adeeb - Jodi Jachdi.mp3,sajjan adeeb|jodi jachdi,Sajjan Adeeb,Jodi Jachdi,none,1154,,,metadata_candidate
Sajjan Adeeb - Sade Meach Da.mp3,Sajjan Adeeb - Sade Meach Da.mp3,sajjan adeeb|sade meach da,Sajjan Adeeb,Sade Meach Da,none,4014,,,metadata_candidate
Sajjan Adeeb feat. Happy Raikoti - Wang Da Bhaar.mp3,Sajjan Adeeb feat. Happy Raikoti - Wang Da Bhaar.mp3,sajjan adeeb feat happy raikoti|wang da bhaar,Sajjan Adeeb feat. Happy Raikoti,Wang Da Bhaar,weak,401,,,metadata_candidate
"Sajjan Adeeb, Deol Harman - Tu Mere Layi.mp3","Sajjan Adeeb, Deol Harman - Tu Mere Layi.mp3",sajjan adeeb deol harman|tu mere layi,"Sajjan Adeeb, Deol Harman",Tu Mere Layi,weak,948,,,metadata_candidate
"Sajjan Adeeb, Gill Raunta - Surm Salayi.mp3","Sajjan Adeeb, Gill Raunta - Surm Salayi.mp3",sajjan adeeb gill raunta|surm salayi,"Sajjan Adeeb, Gill Raunta",Surm Salayi,none,1538,,,metadata_candidate
"Sajjan Adeeb, Mannat Noor - Ikko Jehe.mp3","Sajjan Adeeb, Mannat Noor - Ikko Jehe.mp3",sajjan adeeb mannat noor|ikko jehe,"Sajjan Adeeb, Mannat Noor",Ikko Jehe,none,,,,no_lyrics
"Sajjan Adeeb, Marshal - Challa Tan Ni Mudeya.mp3","Sajjan Adeeb, Marshal - Challa Tan Ni Mudeya.mp3",sajjan adeeb marshal|challa tan ni mudeya,"Sajjan Adeeb, Marshal",Challa Tan Ni Mudeya,none,700,,,metadata_candidate
"Sajjan Adeeb, MixSingh, Mannat Noor - Channa Ve Channa.mp3","Sajjan Adeeb, MixSingh, Mannat Noor - Channa Ve Channa.mp3",sajjan adeeb mixsingh mannat noor|channa ve channa,"Sajjan Adeeb, MixSingh, Mannat Noor",Channa Ve Channa,weak,226,,,metadata_candidate
"Sajjan Adeeb, Mxrci, Shayar Sadeek - Self Made.mp3","Sajjan Adeeb, Mxrci, Shayar Sadeek - Self Made.mp3",sajjan adeeb mxrci shayar sadeek|self made,"Sajjan Adeeb, Mxrci, Shayar Sadeek",Self Made,none,4140,,,metadata_candidate
"Sajjan Adeeb, Shayar Sadeek, Tren D - Thank You God.mp3","Sajjan Adeeb, Shayar Sadeek, Tren D - Thank You God.mp3",sajjan adeeb shayar sadeek tren d|thank you god,"Sajjan Adeeb, Shayar Sadeek, Tren D",Thank You God,weak,2412,,,metadata_candidate
"Sajjan Adeeb, Tren D, Singhjeet - Naina Da Kehna.mp3","Sajjan Adeeb, Tren D, Singhjeet - Naina Da Kehna.mp3",sajjan adeeb tren d singhjeet|naina da kehna,"Sajjan Adeeb, Tren D, Singhjeet",Naina Da Kehna,weak,389,,,metadata_candidate
Sajjan Akbarpuri - Ghar Gareba De Ah Maa.mp3,Sajjan Akbarpuri - Ghar Gareba De Ah Maa.mp3,sajjan akbarpuri|ghar gareba de ah maa,Sajjan Akbarpuri,Ghar Gareba De Ah Maa,weak,205,,,metadata_candidate
Sajjan Akbarpuri - Paawan Nagri Ayodhya.mp3,Sajjan Akbarpuri - Paawan Nagri Ayodhya.mp3,sajjan akbarpuri|paawan nagri ayodhya,Sajjan Akbarpuri,Paawan Nagri Ayodhya,none,1191,,,metadata_candidate
Sajjan Dhami - Churot Salkaune.mp3,Sajjan Dhami - Churot Salkaune.mp3,sajjan dhami|churot salkaune,Sajjan Dhami,Churot Salkaune,weak,3974,,,metadata_candidate
Sajjan Gadi - Khudgharzi Nahi.mp3,Sajjan Gadi - Khudgharzi Nahi.mp3,sajjan gadi|khudgharzi nahi,Sajjan Gadi,Khudgharzi Nahi,none,1093,,,metadata_candidate
Sajjan Gadi - Tedi Te Sadi Yari.mp3,Sajjan Gadi - Tedi Te Sadi Yari.mp3,sajjan gadi|tedi te sadi yari,Sajjan Gadi,Tedi Te Sadi Yari,none,2433,,,metadata_candidate
Sajjan Khan - Dil Cheer Ke Dikha Du Sanam.mp3,Sajjan Khan - Dil Cheer Ke Dikha Du Sanam.mp3,sajjan khan|dil cheer ke dikha du sanam,Sajjan Khan,Dil Cheer Ke Dikha Du Sanam,none,357,,,metadata_candidate
Sajjan Khan - Jaad Ke Jogad.mp3,Sajjan Khan - Jaad Ke Jogad.mp3,sajjan khan|jaad ke jogad,Sajjan Khan,Jaad Ke Jogad,none,,,,no_lyrics
Sajjan Khan - Motaka Gajarawa.mp3,Sajjan Khan - Motaka Gajarawa.mp3,sajjan khan|motaka gajarawa,Sajjan Khan,Motaka Gajarawa,none,2415,,,metadata_candidate
"Sajjan Kumar, Jagveer Rathi - Comentry (Version 4) (Version 4).mp3","Sajjan Kumar, Jagveer Rathi - Comentry (Version 4) (Version 4).mp3",sajjan kumar jagveer rathi|comentry version 4 version 4,"Sajjan Kumar, Jagveer Rathi",Comentry (Version 4) (Version 4),none,1656,,,metadata_candidate
"Sajjan Kumar, Jagveer Rathi - Kon Chota.mp3","Sajjan Kumar, Jagveer Rathi - Kon Chota.mp3",sajjan kumar jagveer rathi|kon chota,"Sajjan Kumar, Jagveer Rathi",Kon Chota,weak,573,,,metadata_candidate
"Sajjan Kumar, Jagveer Rathi - Kunti Ne Chali.mp3","Sajjan Kumar, Jagveer Rathi - Kunti Ne Chali.mp3",sajjan kumar jagveer rathi|kunti ne chali,"Sajjan Kumar, Jagveer Rathi",Kunti Ne Chali,weak,2870,,,metadata_candidate
"Sajjan Kumar, Jagveer Rathi - Teri Murgayi.mp3","Sajjan Kumar, Jagveer Rathi - Teri Murgayi.mp3",sajjan kumar jagveer rathi|teri murgayi,"Sajjan Kumar, Jagveer Rathi",Teri Murgayi,weak,157,,,metadata_candidate
"Sajjan Kumar, Jagveer Rathi - Tu Kit Ki (Version 1) (Version 1).mp3","Sajjan Kumar, Jagveer Rathi - Tu Kit Ki (Version 1) (Version 1).mp3",sajjan kumar jagveer rathi|tu kit ki version 1 version 1,"Sajjan Kumar, Jagveer Rathi",Tu Kit Ki (Version 1) (Version 1),none,1656,,,metadata_candidate
Sajjan Premi - Balam Ji Jada Me.mp3,Sajjan Premi - Balam Ji Jada Me.mp3,sajjan premi|balam ji jada me,Sajjan Premi,Balam Ji Jada Me,none,743,,,metadata_candidate
Sajjan Premi - DJ Wale Babu Jara Gana Bajai.mp3,Sajjan Premi - DJ Wale Babu Jara Gana Bajai.mp3,sajjan premi|dj wale babu jara gana bajai,Sajjan Premi,DJ Wale Babu Jara Gana Bajai,none,2867,,,metadata_candidate
Sajjan Premi - Gori Satelu Tikuliya.mp3,Sajjan Premi - Gori Satelu Tikuliya.mp3,sajjan premi|gori satelu tikuliya,Sajjan Premi,Gori Satelu Tikuliya,none,,,,no_lyrics
Sajjan Premi - Laika Sahelan Kasala.mp3,Sajjan Premi - Laika Sahelan Kasala.mp3,sajjan premi|laika sahelan kasala,Sajjan Premi,Laika Sahelan Kasala,none,260,,,metadata_candidate
Sajjan Premi - Sari Ratiya Yad Aavai Balmuaa.mp3,Sajjan Premi - Sari Ratiya Yad Aavai Balmuaa.mp3,sajjan premi|sari ratiya yad aavai balmuaa,Sajjan Premi,Sari Ratiya Yad Aavai Balmuaa,none,2149,,,metadata_candidate
Sajjan Premi - Sas Boli Bolay.mp3,Sajjan Premi - Sas Boli Bolay.mp3,sajjan premi|sas boli bolay,Sajjan Premi,Sas Boli Bolay,none,824,,,metadata_candidate
Sajjan Premi - Semari Se Piyri Rang Ke Sari.mp3,Sajjan Premi - Semari Se Piyri Rang Ke Sari.mp3,sajjan premi|semari se piyri rang ke sari,Sajjan Premi,Semari Se Piyri Rang Ke Sari,weak,854,,,metadata_candidate
Sajjan Premi - Tora Nam Ke Shikariy.mp3,Sajjan Premi - Tora Nam Ke Shikariy.mp3,sajjan premi|tora nam ke shikariy,Sajjan Premi,Tora Nam Ke Shikariy,none,300,,,metadata_candidate
Sajjan Raj - Yaad Hai Mujhe Aaj Bhi.mp3,Sajjan Raj - Yaad Hai Mujhe Aaj Bhi.mp3,sajjan raj|yaad hai mujhe aaj bhi,Sajjan Raj,Yaad Hai Mujhe Aaj Bhi,weak,2485,,,metadata_candidate
Sajjan Shergill - Dheeyan.mp3,Sajjan Shergill - Dheeyan.mp3,sajjan shergill|dheeyan,Sajjan Shergill,Dheeyan,none,1155,,,metadata_candidate
Sajjan Surwase - Amba Shukrachi Chandani.mp3,Sajjan Surwase - Amba Shukrachi Chandani.mp3,sajjan surwase|amba shukrachi chandani,Sajjan Surwase,Amba Shukrachi Chandani,weak,1458,,,metadata_candidate
Sajjan Sweet - Dabdaba Bana Ba UP Me.mp3,Sajjan Sweet - Dabdaba Bana Ba UP Me.mp3,sajjan sweet|dabdaba bana ba up me,Sajjan Sweet,Dabdaba Bana Ba UP Me,none,1049,,,metadata_candidate
Sajjan Sweet - Gajra Lagavelu.mp3,Sajjan Sweet - Gajra Lagavelu.mp3,sajjan sweet|gajra lagavelu,Sajjan Sweet,Gajra Lagavelu,none,2415,,,metadata_candidate
Sajjan Sweet - Gav Ka Bigda Ladika.mp3,Sajjan Sweet - Gav Ka Bigda Ladika.mp3,sajjan sweet|gav ka bigda ladika,Sajjan Sweet,Gav Ka Bigda Ladika,none,,,,no_lyrics
Sajjan Sweet - Jhooth Rahal Sab Rona Dhona.mp3,Sajjan Sweet - Jhooth Rahal Sab Rona Dhona.mp3,sajjan sweet|jhooth rahal sab rona dhona,Sajjan Sweet,Jhooth Rahal Sab Rona Dhona,none,,,,no_lyrics
Sajjan Sweet - Pyar Mein Dhokha Kar Gailu.mp3,Sajjan Sweet - Pyar Mein Dhokha Kar Gailu.mp3,sajjan sweet|pyar mein dhokha kar gailu,Sajjan Sweet,Pyar Mein Dhokha Kar Gailu,weak,3732,,,metadata_candidate
Sajjan Thakur - Chadhlai Jahiya San Ashin Mahina.mp3,Sajjan Thakur - Chadhlai Jahiya San Ashin Mahina.mp3,sajjan thakur|chadhlai jahiya san ashin mahina,Sajjan Thakur,Chadhlai Jahiya San Ashin Mahina,none,1417,,,metadata_candidate
"Sakchhu Sakchhu ｜ JHARI PACHHI KO INDRENI Movie Song ｜ Ganesh Upreti, Ramesh Upreti ｜ Rhythm Kandel.m4a","Sakchhu Sakchhu ｜ JHARI PACHHI KO INDRENI Movie Song ｜ Ganesh Upreti, Ramesh Upreti ｜ Rhythm Kandel.m4a",osrdigital|sakchhu sakchhu,OSRDigital,"Sakchhu Sakchhu | JHARI PACHHI KO INDRENI Movie Song | Ganesh Upreti, Ramesh Upreti | Rhythm Kandel",weak,15,,,metadata_candidate
Sakhawat Hussain - Sajjan De Berukhi.mp3,Sakhawat Hussain - Sajjan De Berukhi.mp3,sakhawat hussain|sajjan de berukhi,Sakhawat Hussain,Sajjan De Berukhi,none,1370,,,metadata_candidate
Sakshi Choudhary - Shiv Shankar Chale Kailash.mp3,Sakshi Choudhary - Shiv Shankar Chale Kailash.mp3,sakshi choudhary|shiv shankar chale kailash,Sakshi Choudhary,Shiv Shankar Chale Kailash,weak,1543,,,metadata_candidate
Sakshi Choudhary - Ye Saari Duniya Kehti Hai Shiv Shankar Bhola Bhala Hai.mp3,Sakshi Choudhary - Ye Saari Duniya Kehti Hai Shiv Shankar Bhola Bhala Hai.mp3,sakshi choudhary|ye saari duniya kehti hai shiv shankar bhola bhala hai,Sakshi Choudhary,Ye Saari Duniya Kehti Hai Shiv Shankar Bhola Bhala Hai,weak,1543,,,metadata_candidate
"Salai Jo - Balram Pun, Krishna Gurung, Bima Kumari.m4a","Salai Jo - Balram Pun, Krishna Gurung, Bima Kumari.m4a",music nepal|salai jo balram pun krishna gurung bima kumari,Music Nepal,"Salai Jo - Balram Pun, Krishna Gurung, Bima Kumari",none,,,,no_lyrics
Salaijo (feat. Chija Moktan Tamang).m4a,Salaijo (feat. Chija Moktan Tamang).m4a,bishwo dong|salaijo feat chija moktan tamang,Bishwo Dong,Salaijo (feat. Chija Moktan Tamang),weak,1339,,,metadata_candidate
Salaijo from magar film meejhaar.mp3,Salaijo from magar film meejhaar.mp3,aashe magar|salaijo from magar film meejhaar,Aashe Magar,Salaijo from magar film meejhaar,none,,,,no_lyrics
Salaijo gurung song.mp3,Salaijo gurung song.mp3,gurung dilip|salaijo gurung song,Gurung Dilip,Salaijo gurung song,weak,3163,,,metadata_candidate
"SALAIJO MUGLANI, vocal-nabin rana, juna shris www.freeenepalisong.com.mp3","SALAIJO MUGLANI, vocal-nabin rana, juna shris www.freeenepalisong.com.mp3",archive org|salaijo muglani vocal nabin rana juna shris,archive.org,"SALAIJO MUGLANI, vocal-nabin rana, juna shris www.freeenepalisong.com",none,,,,no_lyrics
"SALAIJO MUGLANI, vocal-nabin rana, juna shris www.Lovenepal.net.mp3","SALAIJO MUGLANI, vocal-nabin rana, juna shris www.Lovenepal.net.mp3",archive org|salaijo muglani vocal nabin rana juna shris,archive.org,"SALAIJO MUGLANI, vocal-nabin rana, juna shris www.Lovenepal.net",none,,,,no_lyrics
"SALAIJO MUGLANI, vocal-nabin rana, juna shris.ogg","SALAIJO MUGLANI, vocal-nabin rana, juna shris.ogg",archive org|salaijo muglani vocal nabin rana juna shris,archive.org,"SALAIJO  MUGLANI, vocal-nabin rana, juna shris",none,,,,no_lyrics
Salaijo v-Roshan Chhantyal & Maya Magar ly-Prabesh Chhantyal Tara mu-Pravin Chhantyal prbt 70146009 smart 10115543-www.D.mp3,Salaijo v-Roshan Chhantyal & Maya Magar ly-Prabesh Chhantyal Tara mu-Pravin Chhantyal prbt 70146009 smart 10115543-www.D.mp3,archive org|salaijo v roshan chhantyal maya magar ly prabesh chhantyal tara mu pravin chhantyal prbt 70146009 smart 10115543,archive.org,Salaijo v-Roshan Chhantyal & Maya Magar ly-Prabesh Chhantyal Tara mu-Pravin Chhantyal prbt 70146009 smart 10115543-www.Devchulimp3.com,weak,526,,,metadata_candidate
Salaijo v-Roshan Chhantyal & Maya Magar ly-Prabesh Chhantyal Tara mu-Pravin Chhantyal prbt 70146009 smart 10115543.ogg,Salaijo v-Roshan Chhantyal & Maya Magar ly-Prabesh Chhantyal Tara mu-Pravin Chhantyal prbt 70146009 smart 10115543.ogg,archive org|salaijo v roshan chhantyal maya magar ly prabesh chhantyal tara mu pravin chhantyal prbt 70146009 smart 10115543,archive.org,Salaijo v-Roshan Chhantyal & Maya Magar ly-Prabesh Chhantyal Tara mu-Pravin Chhantyal prbt 70146009 smart 10115543,weak,526,,,metadata_candidate
Salaijo v-Roshan Chhantyal & Maya Magar ly-Prabesh Chhantyal Tara mu-Pravin Chhantyal.mp3,Salaijo v-Roshan Chhantyal & Maya Magar ly-Prabesh Chhantyal Tara mu-Pravin Chhantyal.mp3,archive org|salaijo v roshan chhantyal maya magar ly prabesh chhantyal tara mu pravin chhantyal,archive.org,Salaijo v-Roshan Chhantyal & Maya Magar ly-Prabesh Chhantyal Tara mu-Pravin Chhantyal,weak,526,,,metadata_candidate
Salaijo ： Macchapuchhre Sirai ma fewa tal by Tilak bom Malla.m4a,Salaijo ： Macchapuchhre Sirai ma fewa tal by Tilak bom Malla.m4a,s collection|salaijo macchapuchhre sirai ma fewa tal by tilak bom malla,Nepali Songs Collection,Salaijo : Macchapuchhre Sirai ma fewa tal by Tilak bom Malla,weak,3773,,,metadata_candidate
Salaijyo.m4a,Salaijyo.m4a,nepathya|salaijyo,Nepathya,Salaijyo,strong,2397,2397,,metadata_only
"Sam Popat, Shaman - Karma Kandara (Deep Mix) (Deep Mix).mp3","Sam Popat, Shaman - Karma Kandara (Deep Mix) (Deep Mix).mp3",sam popat shaman|karma kandara deep mix deep mix,"Sam Popat, Shaman",Karma Kandara (Deep Mix) (Deep Mix),none,,,,no_lyrics
Samadhi Again -Boyfromis Remix.m4a,Samadhi Again -Boyfromis Remix.m4a,boysfromis|samadhi again boyfromis,Boysfromis,Samadhi Again -Boyfromis Remix,weak,928,,,metadata_candidate
SAMARPAN - John & The New Wave ｜ New Nepali Pop Song 2020.m4a,SAMARPAN - John & The New Wave ｜ New Nepali Pop Song 2020.m4a,songsnepal|samarpan john the new wave,SongsNepal,SAMARPAN - John & The New Wave | New Nepali Pop Song 2020,weak,805,,,metadata_candidate
"SAMAYA - New Nepali Song 2026 ｜｜ R.P. Panta, Bikash Lamichhane, Lisa Chhetri ｜｜ Uttam Bhattarai.m4a","SAMAYA - New Nepali Song 2026 ｜｜ R.P. Panta, Bikash Lamichhane, Lisa Chhetri ｜｜ Uttam Bhattarai.m4a",osrdigital|samaya,OSRDigital,"SAMAYA - New Nepali Song 2026 || R.P. Panta, Bikash Lamichhane, Lisa Chhetri || Uttam Bhattarai",weak,2425,,,metadata_candidate
"Sambandha ｜｜ Ft. Kamal Singh, Shila Gajurel ｜｜ Chetan Rai ｜｜ New Nepali Song (Music Video) 2026.m4a","Sambandha ｜｜ Ft. Kamal Singh, Shila Gajurel ｜｜ Chetan Rai ｜｜ New Nepali Song (Music Video) 2026.m4a",osrdigital|sambandha,OSRDigital,"Sambandha || Ft. Kamal Singh, Shila Gajurel || Chetan Rai || New Nepali Song (Music Video) 2026",weak,173,,,metadata_candidate
Sambhu Nepali - He Kanchhi Timro Maya Ma Pagal Bhaye.mp3,Sambhu Nepali - He Kanchhi Timro Maya Ma Pagal Bhaye.mp3,sambhu nepali|he kanchhi timro maya ma pagal bhaye,Sambhu Nepali,He Kanchhi Timro Maya Ma Pagal Bhaye,probable,12,,,metadata_candidate
Sambhu Rai feat. Kunti Moktan - Dherai Dherai Sutyau Hami.mp3,Sambhu Rai feat. Kunti Moktan - Dherai Dherai Sutyau Hami.mp3,sambhu rai feat kunti moktan|dherai dherai sutyau hami,Sambhu Rai feat. Kunti Moktan,Dherai Dherai Sutyau Hami,strong,2061,2061,,metadata_only
SAMHEY Live 2017 - Nepali song.mp3,SAMHEY Live 2017 - Nepali song.mp3,samhey|,SAMHEY Live 2017,Nepali song,none,3040,,,metadata_candidate
SAMJHANA MERO PRIYATAM LAI (LAHURE) - KALA SUPTIHANG RAI ⧸ FT. KING THULUNG⧸AARJU POON.m4a,SAMJHANA MERO PRIYATAM LAI (LAHURE) - KALA SUPTIHANG RAI ⧸ FT. KING THULUNG⧸AARJU POON.m4a,kala suptihang rai|samjhana mero priyatam lai lahure kala suptihang rai ft king thulung aarju poon,Kala Suptihang Rai,SAMJHANA MERO PRIYATAM LAI (LAHURE) - KALA SUPTIHANG RAI / FT. KING THULUNG/AARJU POON,weak,737,,,metadata_candidate
Samjhera Malai - Anuprastha new song 2021.mp3,Samjhera Malai - Anuprastha new song 2021.mp3,samjhera malai|anuprastha new song,Samjhera Malai,Anuprastha new song 2021,weak,3163,,,metadata_candidate
Samjhera Malai - Anuprastha Original new song 2021.mp3,Samjhera Malai - Anuprastha Original new song 2021.mp3,samjhera malai|anuprastha original new song,Samjhera Malai,Anuprastha Original new song 2021,weak,3163,,,metadata_candidate
Sample Science - Kutumba - Planet Nepal(Sample From DJ Werd).mp3,Sample Science - Kutumba - Planet Nepal(Sample From DJ Werd).mp3,sample science|kutumba planet nepal sample from dj werd,Sample Science,Kutumba - Planet Nepal(Sample From DJ Werd),weak,2944,,,metadata_candidate
"Sandhiya Waiba, Nigma Sherpa, Shekhar Bal, Sikhar Moktan - Appa Ra Aasiyang.mp3","Sandhiya Waiba, Nigma Sherpa, Shekhar Bal, Sikhar Moktan - Appa Ra Aasiyang.mp3",sandhiya waiba nigma sherpa shekhar bal sikhar moktan|appa ra aasiyang,"Sandhiya Waiba, Nigma Sherpa, Shekhar Bal, Sikhar Moktan",Appa Ra Aasiyang,none,1389,,,metadata_candidate
"Sanga Sangai Bachna Pau (Audio Song _ Duet) ｜｜ Nepali Movie LEKHANTA ｜｜ Rekha Thapa, Uttam Pradhan.m4a","Sanga Sangai Bachna Pau (Audio Song _ Duet) ｜｜ Nepali Movie LEKHANTA ｜｜ Rekha Thapa, Uttam Pradhan.m4a",osrdigital|sanga sangai bachna pau,OSRDigital,"Sanga Sangai Bachna Pau (Audio Song _ Duet) || Nepali Movie LEKHANTA || Rekha Thapa, Uttam Pradhan",weak,3230,,,metadata_candidate
SANGAM LAMA -  [ FULBARI ].. LYRICS.VIDEO...m4a,SANGAM LAMA -  [ FULBARI ].. LYRICS.VIDEO...m4a,sangam music|sangam lama fulbari lyrics video,Sangam Music,SANGAM LAMA -  [ FULBARI ].. LYRICS.VIDEO..,none,,,,no_lyrics
Sangeeta Bhola Thakur - Mere Shiv Shankar Bhole.mp3,Sangeeta Bhola Thakur - Mere Shiv Shankar Bhole.mp3,sangeeta bhola thakur|mere shiv shankar bhole,Sangeeta Bhola Thakur,Mere Shiv Shankar Bhole,weak,1543,,,metadata_candidate
Sangita Shastri - Shiv Shankar Jodu Hath Mama Moye Lala Ke Darshan Karayede.mp3,Sangita Shastri - Shiv Shankar Jodu Hath Mama Moye Lala Ke Darshan Karayede.mp3,sangita shastri|shiv shankar jodu hath mama moye lala ke darshan karayede,Sangita Shastri,Shiv Shankar Jodu Hath Mama Moye Lala Ke Darshan Karayede,weak,890,,,metadata_candidate
Sanjay Shrestha - Aakashko Joon.mp3,Sanjay Shrestha - Aakashko Joon.mp3,sanjay shrestha|aakashko joon,Sanjay Shrestha,Aakashko Joon,probable,1025,,,metadata_candidate
Sanjay Shrestha - Chadi Janey Mayalu.mp3,Sanjay Shrestha - Chadi Janey Mayalu.mp3,sanjay shrestha|chadi janey mayalu,Sanjay Shrestha,Chadi Janey Mayalu,strong,56,56,,metadata_only
Sanjay Shrestha - Choera Bhanchu Yo Mutulai.mp3,Sanjay Shrestha - Choera Bhanchu Yo Mutulai.mp3,sanjay shrestha|choera bhanchu yo mutulai,Sanjay Shrestha,Choera Bhanchu Yo Mutulai,probable,3425,,,metadata_candidate
Sanjay Shrestha - Euta Gaun Thiyo.mp3,Sanjay Shrestha - Euta Gaun Thiyo.mp3,sanjay shrestha|euta gaun thiyo,Sanjay Shrestha,Euta Gaun Thiyo,strong,3186,3186,,metadata_only
Sanjay Shrestha - Let's rock mayalu.mp3,Sanjay Shrestha - Let's rock mayalu.mp3,sanjay shrestha|let s rock mayalu,Sanjay Shrestha,Let's rock mayalu,strong,3187,3187,,metadata_only
Sanjay Shrestha - Maya Meri Maya Unplugged.mp3,Sanjay Shrestha - Maya Meri Maya Unplugged.mp3,sanjay shrestha|maya meri maya unplugged,Sanjay Shrestha,Maya Meri Maya Unplugged,strong,157,157,,metadata_only
Sanjay Shrestha - Pahadko Manchhe.mp3,Sanjay Shrestha - Pahadko Manchhe.mp3,sanjay shrestha|pahadko manchhe,Sanjay Shrestha,Pahadko Manchhe,probable,2270,,,metadata_candidate
Sanjay Shrestha - Tadha Najaideu Timi.mp3,Sanjay Shrestha - Tadha Najaideu Timi.mp3,sanjay shrestha|tadha najaideu timi,Sanjay Shrestha,Tadha Najaideu Timi,strong,623,623,,metadata_only
Sanjay Shrestha - Timro Jarurat.mp3,Sanjay Shrestha - Timro Jarurat.mp3,sanjay shrestha|timro jarurat,Sanjay Shrestha,Timro Jarurat,weak,3614,,,metadata_candidate
Sanjay Shrestha - Timro Yaadle.mp3,Sanjay Shrestha - Timro Yaadle.mp3,sanjay shrestha|timro yaadle,Sanjay Shrestha,Timro Yaadle,strong,907,907,,metadata_only
Sanjay Shrestha - Veronica.mp3,Sanjay Shrestha - Veronica.mp3,sanjay shrestha|veronica,Sanjay Shrestha,Veronica,weak,,,,no_lyrics
Sanjay Shrestha - Yo Ankhama.mp3,Sanjay Shrestha - Yo Ankhama.mp3,sanjay shrestha|yo ankhama,Sanjay Shrestha,Yo Ankhama,probable,1207,,,metadata_candidate
"Sanjay Shrestha, Uddav KC, Sapana Thapa - Baisale Mateko.mp3","Sanjay Shrestha, Uddav KC, Sapana Thapa - Baisale Mateko.mp3",sanjay shrestha uddav kc sapana thapa|baisale mateko,"Sanjay Shrestha, Uddav KC, Sapana Thapa",Baisale Mateko,weak,1799,,,metadata_candidate
"Sanjeep Pradhan, Sanjay Shrestha, Harish Mathema - Ma Bhakta Hu (2).mp3","Sanjeep Pradhan, Sanjay Shrestha, Harish Mathema - Ma Bhakta Hu (2).mp3",sanjeep pradhan sanjay shrestha harish mathema|ma bhakta hu,"Sanjeep Pradhan, Sanjay Shrestha, Harish Mathema",Ma Bhakta Hu,strong,3773,3773,,metadata_only
Sanjeev Singh - Aaja Ko Yo Din.mp3,Sanjeev Singh - Aaja Ko Yo Din.mp3,sanjeev singh|aaja ko yo din,Sanjeev Singh,Aaja Ko Yo Din,strong,144,144,,metadata_only
Sanjeev Singh - Aankhama Timi.mp3,Sanjeev Singh - Aankhama Timi.mp3,sanjeev singh|aankhama timi,Sanjeev Singh,Aankhama Timi,strong,752,752,,metadata_only
Sanjeev Singh - Ae Ho Kareja.mp3,Sanjeev Singh - Ae Ho Kareja.mp3,sanjeev singh|ae ho kareja,Sanjeev Singh,Ae Ho Kareja,weak,3127,,,metadata_candidate
Sanjeev Singh - Aisan Sundar Maiya Mori Lageli.mp3,Sanjeev Singh - Aisan Sundar Maiya Mori Lageli.mp3,sanjeev singh|aisan sundar maiya mori lageli,Sanjeev Singh,Aisan Sundar Maiya Mori Lageli,weak,1161,,,metadata_candidate
Sanjeev Singh - Antai Maya.mp3,Sanjeev Singh - Antai Maya.mp3,sanjeev singh|antai maya,Sanjeev Singh,Antai Maya,strong,526,526,,metadata_only
Sanjeev Singh - Ashirwad Banawle Rakhiya Maai.mp3,Sanjeev Singh - Ashirwad Banawle Rakhiya Maai.mp3,sanjeev singh|ashirwad banawle rakhiya maai,Sanjeev Singh,Ashirwad Banawle Rakhiya Maai,weak,2865,,,metadata_candidate
Sanjeev Singh - Baadu Khiladi Ladkaiya Ke.mp3,Sanjeev Singh - Baadu Khiladi Ladkaiya Ke.mp3,sanjeev singh|baadu khiladi ladkaiya ke,Sanjeev Singh,Baadu Khiladi Ladkaiya Ke,weak,474,,,metadata_candidate
Sanjeev Singh - Babuan.mp3,Sanjeev Singh - Babuan.mp3,sanjeev singh|babuan,Sanjeev Singh,Babuan,weak,3367,,,metadata_candidate
Sanjeev Singh - Barbaad.mp3,Sanjeev Singh - Barbaad.mp3,sanjeev singh|barbaad,Sanjeev Singh,Barbaad,strong,3560,3560,,metadata_only
Sanjeev Singh - Bawara.mp3,Sanjeev Singh - Bawara.mp3,sanjeev singh|bawara,Sanjeev Singh,Bawara,weak,191,,,metadata_candidate
Sanjeev Singh - Bhatar Ke Rang Iyaar Ke Sang.mp3,Sanjeev Singh - Bhatar Ke Rang Iyaar Ke Sang.mp3,sanjeev singh|bhatar ke rang iyaar ke sang,Sanjeev Singh,Bhatar Ke Rang Iyaar Ke Sang,strong,854,854,,metadata_only
Sanjeev Singh - Bishwas Todera.mp3,Sanjeev Singh - Bishwas Todera.mp3,sanjeev singh|bishwas todera,Sanjeev Singh,Bishwas Todera,weak,895,,,metadata_candidate
Sanjeev Singh - Bus Stand.mp3,Sanjeev Singh - Bus Stand.mp3,sanjeev singh|bus stand,Sanjeev Singh,Bus Stand,probable,171,,,metadata_candidate
SANJEEV SINGH - Chadhal Dashahara.mp3,SANJEEV SINGH - Chadhal Dashahara.mp3,sanjeev singh|chadhal dashahara,SANJEEV SINGH,Chadhal Dashahara,weak,1736,,,metadata_candidate
Sanjeev Singh - Chahe Bhor Dupahar Chahe Sanjh (2).mp3,Sanjeev Singh - Chahe Bhor Dupahar Chahe Sanjh (2).mp3,sanjeev singh|chahe bhor dupahar chahe sanjh,Sanjeev Singh,Chahe Bhor Dupahar Chahe Sanjh,weak,2974,,,metadata_candidate
Sanjeev Singh - Chali A Aama Ji Aaju Maai Ke Darbar Me.mp3,Sanjeev Singh - Chali A Aama Ji Aaju Maai Ke Darbar Me.mp3,sanjeev singh|chali a aama ji aaju maai ke darbar me,Sanjeev Singh,Chali A Aama Ji Aaju Maai Ke Darbar Me,strong,1007,1007,,metadata_only
Sanjeev Singh - Chali A Aama Ji Aaju Maai Ke.mp3,Sanjeev Singh - Chali A Aama Ji Aaju Maai Ke.mp3,sanjeev singh|chali a aama ji aaju maai ke,Sanjeev Singh,Chali A Aama Ji Aaju Maai Ke,strong,1007,1007,,metadata_only
Sanjeev Singh - Chatani Kaaran Marle Baa Lasar Ke.mp3,Sanjeev Singh - Chatani Kaaran Marle Baa Lasar Ke.mp3,sanjeev singh|chatani kaaran marle baa lasar ke,Sanjeev Singh,Chatani Kaaran Marle Baa Lasar Ke,strong,2927,2927,,metadata_only
Sanjeev Singh - Chheka Padte Bolawe Lagal.mp3,Sanjeev Singh - Chheka Padte Bolawe Lagal.mp3,sanjeev singh|chheka padte bolawe lagal,Sanjeev Singh,Chheka Padte Bolawe Lagal,weak,,,,no_lyrics
Sanjeev Singh - Chulesima (2).mp3,Sanjeev Singh - Chulesima (2).mp3,sanjeev singh|chulesima,Sanjeev Singh,Chulesima,strong,3204,3204,,metadata_only
SANJEEV SINGH - Chunai Le Aawa.mp3,SANJEEV SINGH - Chunai Le Aawa.mp3,sanjeev singh|chunai le aawa,SANJEEV SINGH,Chunai Le Aawa,weak,462,,,metadata_candidate
Sanjeev Singh - Dev Bhumi Brahampur (3).mp3,Sanjeev Singh - Dev Bhumi Brahampur (3).mp3,sanjeev singh|dev bhumi brahampur,Sanjeev Singh,Dev Bhumi Brahampur,weak,1989,,,metadata_candidate
Sanjeev Singh - Devghar Abki Jayib Nando.mp3,Sanjeev Singh - Devghar Abki Jayib Nando.mp3,sanjeev singh|devghar abki jayib nando,Sanjeev Singh,Devghar Abki Jayib Nando,weak,,,,no_lyrics
Sanjeev Singh - Devghar Jaiab Ae Nando.mp3,Sanjeev Singh - Devghar Jaiab Ae Nando.mp3,sanjeev singh|devghar jaiab ae nando,Sanjeev Singh,Devghar Jaiab Ae Nando,weak,,,,no_lyrics
Sanjeev Singh - Devra Ke Dalal Colour.mp3,Sanjeev Singh - Devra Ke Dalal Colour.mp3,sanjeev singh|devra ke dalal colour,Sanjeev Singh,Devra Ke Dalal Colour,weak,,,,no_lyrics
Sanjeev Singh - Didiya Ke Laika Khelawe (2).mp3,Sanjeev Singh - Didiya Ke Laika Khelawe (2).mp3,sanjeev singh|didiya ke laika khelawe,Sanjeev Singh,Didiya Ke Laika Khelawe,weak,,,,no_lyrics
Sanjeev Singh - Dukh Dur Kari He Chhathi Maai.mp3,Sanjeev Singh - Dukh Dur Kari He Chhathi Maai.mp3,sanjeev singh|dukh dur kari he chhathi maai,Sanjeev Singh,Dukh Dur Kari He Chhathi Maai,weak,,,,no_lyrics
Sanjeev Singh - Fauji Saiya.mp3,Sanjeev Singh - Fauji Saiya.mp3,sanjeev singh|fauji saiya,Sanjeev Singh,Fauji Saiya,weak,2812,,,metadata_candidate
Sanjeev Singh - Galiya Rangha Tu Humar.mp3,Sanjeev Singh - Galiya Rangha Tu Humar.mp3,sanjeev singh|galiya rangha tu humar,Sanjeev Singh,Galiya Rangha Tu Humar,weak,2443,,,metadata_candidate
Sanjeev Singh - Geruaa Rang Ke Sadi.mp3,Sanjeev Singh - Geruaa Rang Ke Sadi.mp3,sanjeev singh|geruaa rang ke sadi,Sanjeev Singh,Geruaa Rang Ke Sadi,strong,854,854,,metadata_only
Sanjeev Singh - Godiya Saal Bhar Me Bhar Delas.mp3,Sanjeev Singh - Godiya Saal Bhar Me Bhar Delas.mp3,sanjeev singh|godiya saal bhar me bhar delas,Sanjeev Singh,Godiya Saal Bhar Me Bhar Delas,weak,1488,,,metadata_candidate
Sanjeev Singh - Godiya Saale Bhar Me Bhar Delash.mp3,Sanjeev Singh - Godiya Saale Bhar Me Bhar Delash.mp3,sanjeev singh|godiya saale bhar me bhar delash,Sanjeev Singh,Godiya Saale Bhar Me Bhar Delash,weak,,,,no_lyrics
Sanjeev Singh - Hamar Pagli Barat Karele.mp3,Sanjeev Singh - Hamar Pagli Barat Karele.mp3,sanjeev singh|hamar pagli barat karele,Sanjeev Singh,Hamar Pagli Barat Karele,weak,,,,no_lyrics
Sanjeev Singh - Hamar Piya Piyakkar Ba.mp3,Sanjeev Singh - Hamar Piya Piyakkar Ba.mp3,sanjeev singh|hamar piya piyakkar ba,Sanjeev Singh,Hamar Piya Piyakkar Ba,weak,,,,no_lyrics
Sanjeev Singh - Hazaribagh Hospitalwa.mp3,Sanjeev Singh - Hazaribagh Hospitalwa.mp3,sanjeev singh|hazaribagh hospitalwa,Sanjeev Singh,Hazaribagh Hospitalwa,weak,,,,no_lyrics
Sanjeev Singh - Holi Me Lahanga Lal Karihe.mp3,Sanjeev Singh - Holi Me Lahanga Lal Karihe.mp3,sanjeev singh|holi me lahanga lal karihe,Sanjeev Singh,Holi Me Lahanga Lal Karihe,weak,3061,,,metadata_candidate
Sanjeev Singh - Iyaar Sathe Holi Me.mp3,Sanjeev Singh - Iyaar Sathe Holi Me.mp3,sanjeev singh|iyaar sathe holi me,Sanjeev Singh,Iyaar Sathe Holi Me,weak,606,,,metadata_candidate
Sanjeev Singh - Jandaichhau Aaja.mp3,Sanjeev Singh - Jandaichhau Aaja.mp3,sanjeev singh|jandaichhau aaja,Sanjeev Singh,Jandaichhau Aaja,strong,144,144,,metadata_only
Sanjeev Singh - Kaise Chhui Charaniya Baghwe Se Darwa Lage.mp3,Sanjeev Singh - Kaise Chhui Charaniya Baghwe Se Darwa Lage.mp3,sanjeev singh|kaise chhui charaniya baghwe se darwa lage,Sanjeev Singh,Kaise Chhui Charaniya Baghwe Se Darwa Lage,weak,,,,no_lyrics
Sanjeev Singh - Kaise Chhui Charaniya.mp3,Sanjeev Singh - Kaise Chhui Charaniya.mp3,sanjeev singh|kaise chhui charaniya,Sanjeev Singh,Kaise Chhui Charaniya,weak,2200,,,metadata_candidate
Sanjeev Singh - Khela Bhail Ba Palang Pa.mp3,Sanjeev Singh - Khela Bhail Ba Palang Pa.mp3,sanjeev singh|khela bhail ba palang pa,Sanjeev Singh,Khela Bhail Ba Palang Pa,weak,,,,no_lyrics
Sanjeev Singh - Khela Bhayil Ba Palang Pe.mp3,Sanjeev Singh - Khela Bhayil Ba Palang Pe.mp3,sanjeev singh|khela bhayil ba palang pe,Sanjeev Singh,Khela Bhayil Ba Palang Pe,weak,,,,no_lyrics
Sanjeev Singh - Kholem Jhula.mp3,Sanjeev Singh - Kholem Jhula.mp3,sanjeev singh|kholem jhula,Sanjeev Singh,Kholem Jhula,weak,1148,,,metadata_candidate
Sanjeev Singh - Kiss Bina Fees Ke.mp3,Sanjeev Singh - Kiss Bina Fees Ke.mp3,sanjeev singh|kiss bina fees ke,Sanjeev Singh,Kiss Bina Fees Ke,weak,565,,,metadata_candidate
Sanjeev Singh - Lalanwa Kahiya Debu Nu Ho.mp3,Sanjeev Singh - Lalanwa Kahiya Debu Nu Ho.mp3,sanjeev singh|lalanwa kahiya debu nu ho,Sanjeev Singh,Lalanwa Kahiya Debu Nu Ho,weak,3899,,,metadata_candidate
Sanjeev Singh - Lets Celebrate New Year 2019.mp3,Sanjeev Singh - Lets Celebrate New Year 2019.mp3,sanjeev singh|lets celebrate new year,Sanjeev Singh,Lets Celebrate New Year 2019,weak,,,,no_lyrics
Sanjeev Singh - Maiya Ke Bhakti Me Ho Ke Magan.mp3,Sanjeev Singh - Maiya Ke Bhakti Me Ho Ke Magan.mp3,sanjeev singh|maiya ke bhakti me ho ke magan,Sanjeev Singh,Maiya Ke Bhakti Me Ho Ke Magan,weak,1039,,,metadata_candidate
SANJEEV SINGH - Maiya Rani Ho.mp3,SANJEEV SINGH - Maiya Rani Ho.mp3,sanjeev singh|maiya rani ho,SANJEEV SINGH,Maiya Rani Ho,probable,2092,,,metadata_candidate
Sanjeev Singh - Maja Mare Ke Aaj Rati Me.mp3,Sanjeev Singh - Maja Mare Ke Aaj Rati Me.mp3,sanjeev singh|maja mare ke aaj rati me,Sanjeev Singh,Maja Mare Ke Aaj Rati Me,weak,300,,,metadata_candidate
Sanjeev Singh - Manwa Ba Matwala Ho.mp3,Sanjeev Singh - Manwa Ba Matwala Ho.mp3,sanjeev singh|manwa ba matwala ho,Sanjeev Singh,Manwa Ba Matwala Ho,weak,1098,,,metadata_candidate
Sanjeev Singh - Mehandi Se Likhaka Nam.mp3,Sanjeev Singh - Mehandi Se Likhaka Nam.mp3,sanjeev singh|mehandi se likhaka nam,Sanjeev Singh,Mehandi Se Likhaka Nam,weak,,,,no_lyrics
Sanjeev Singh - Muglan Hera Jadai.mp3,Sanjeev Singh - Muglan Hera Jadai.mp3,sanjeev singh|muglan hera jadai,Sanjeev Singh,Muglan Hera Jadai,strong,3206,3206,,metadata_only
Sanjeev Singh - Na Aile Sajanwa Holi Me.mp3,Sanjeev Singh - Na Aile Sajanwa Holi Me.mp3,sanjeev singh|na aile sajanwa holi me,Sanjeev Singh,Na Aile Sajanwa Holi Me,weak,3413,,,metadata_candidate
Sanjeev Singh - Nidaunai Sakina.mp3,Sanjeev Singh - Nidaunai Sakina.mp3,sanjeev singh|nidaunai sakina,Sanjeev Singh,Nidaunai Sakina,weak,107,,,metadata_candidate
Sanjeev Singh - Nirmaya.mp3,Sanjeev Singh - Nirmaya.mp3,sanjeev singh|nirmaya,Sanjeev Singh,Nirmaya,strong,2274,2274,,metadata_only
SANJEEV SINGH - Paharawali Mai.mp3,SANJEEV SINGH - Paharawali Mai.mp3,sanjeev singh|paharawali mai,SANJEEV SINGH,Paharawali Mai,weak,639,,,metadata_candidate
Sanjeev Singh - Palani Raur Chuwata.mp3,Sanjeev Singh - Palani Raur Chuwata.mp3,sanjeev singh|palani raur chuwata,Sanjeev Singh,Palani Raur Chuwata,weak,1247,,,metadata_candidate
Sanjeev Singh - Priyasi Bhani.mp3,Sanjeev Singh - Priyasi Bhani.mp3,sanjeev singh|priyasi bhani,Sanjeev Singh,Priyasi Bhani,weak,2439,,,metadata_candidate
SANJEEV SINGH - Pujariya Aail.mp3,SANJEEV SINGH - Pujariya Aail.mp3,sanjeev singh|pujariya aail,SANJEEV SINGH,Pujariya Aail,weak,3677,,,metadata_candidate
Sanjeev Singh - Putt Punjab De.mp3,Sanjeev Singh - Putt Punjab De.mp3,sanjeev singh|putt punjab de,Sanjeev Singh,Putt Punjab De,weak,,,,no_lyrics
Sanjeev Singh - Sadhai Sadhai.mp3,Sanjeev Singh - Sadhai Sadhai.mp3,sanjeev singh|sadhai sadhai,Sanjeev Singh,Sadhai Sadhai,strong,855,855,,metadata_only
Sanjeev Singh - Saiya Mange Bar Bar.mp3,Sanjeev Singh - Saiya Mange Bar Bar.mp3,sanjeev singh|saiya mange bar bar,Sanjeev Singh,Saiya Mange Bar Bar,weak,3828,,,metadata_candidate
Sanjeev Singh - Saiyan Nahi Aya Sakhi.mp3,Sanjeev Singh - Saiyan Nahi Aya Sakhi.mp3,sanjeev singh|saiyan nahi aya sakhi,Sanjeev Singh,Saiyan Nahi Aya Sakhi,weak,3640,,,metadata_candidate
Sanjeev Singh - Sararara Udayo.mp3,Sanjeev Singh - Sararara Udayo.mp3,sanjeev singh|sararara udayo,Sanjeev Singh,Sararara Udayo,weak,2574,,,metadata_candidate
Sanjeev Singh - Satai Fanko.mp3,Sanjeev Singh - Satai Fanko.mp3,sanjeev singh|satai fanko,Sanjeev Singh,Satai Fanko,weak,68,,,metadata_candidate
Sanjeev Singh - Sharda Bhawani.mp3,Sanjeev Singh - Sharda Bhawani.mp3,sanjeev singh|sharda bhawani,Sanjeev Singh,Sharda Bhawani,weak,4099,,,metadata_candidate
Sanjeev Singh - Shitali Maiya.mp3,Sanjeev Singh - Shitali Maiya.mp3,sanjeev singh|shitali maiya,Sanjeev Singh,Shitali Maiya,weak,1281,,,metadata_candidate
Sanjeev Singh - Shiv Jogiya Ke Manala A Bam.mp3,Sanjeev Singh - Shiv Jogiya Ke Manala A Bam.mp3,sanjeev singh|shiv jogiya ke manala a bam,Sanjeev Singh,Shiv Jogiya Ke Manala A Bam,weak,,,,no_lyrics
Sanjeev Singh - Sila Fulmati Sali Lage Hene Aai.mp3,Sanjeev Singh - Sila Fulmati Sali Lage Hene Aai.mp3,sanjeev singh|sila fulmati sali lage hene aai,Sanjeev Singh,Sila Fulmati Sali Lage Hene Aai,weak,105,,,metadata_candidate
Sanjeev Singh - Sochi Sochi Aawe Maa Rowai.mp3,Sanjeev Singh - Sochi Sochi Aawe Maa Rowai.mp3,sanjeev singh|sochi sochi aawe maa rowai,Sanjeev Singh,Sochi Sochi Aawe Maa Rowai,strong,205,205,,metadata_only
Sanjeev Singh - Suhagwali Ratiya.mp3,Sanjeev Singh - Suhagwali Ratiya.mp3,sanjeev singh|suhagwali ratiya,Sanjeev Singh,Suhagwali Ratiya,weak,,,,no_lyrics
Sanjeev Singh - Timro Pratibimba.mp3,Sanjeev Singh - Timro Pratibimba.mp3,sanjeev singh|timro pratibimba,Sanjeev Singh,Timro Pratibimba,probable,3258,,,metadata_candidate
Sanjeev Singh Bhagat - Darshan Payenge.mp3,Sanjeev Singh Bhagat - Darshan Payenge.mp3,sanjeev singh bhagat|darshan payenge,Sanjeev Singh Bhagat,Darshan Payenge,weak,890,,,metadata_candidate
Sanjeev Singh Chandel - Bharat Desh Hamara.mp3,Sanjeev Singh Chandel - Bharat Desh Hamara.mp3,sanjeev singh chandel|bharat desh hamara,Sanjeev Singh Chandel,Bharat Desh Hamara,weak,3158,,,metadata_candidate
Sanjeev Singh Harivanshi - Bum Bum Bhole.mp3,Sanjeev Singh Harivanshi - Bum Bum Bhole.mp3,sanjeev singh harivanshi|bum bum bhole,Sanjeev Singh Harivanshi,Bum Bum Bhole,weak,1543,,,metadata_candidate
Sanjeev Singh Sanehi - Hay Mata.mp3,Sanjeev Singh Sanehi - Hay Mata.mp3,sanjeev singh sanehi|hay mata,Sanjeev Singh Sanehi,Hay Mata,weak,601,,,metadata_candidate
"Sanjeev Singh, Antra Singh Priyanka - Balam Ji Devghar Ghumadi.mp3","Sanjeev Singh, Antra Singh Priyanka - Balam Ji Devghar Ghumadi.mp3",sanjeev singh antra singh priyanka|balam ji devghar ghumadi,"Sanjeev Singh, Antra Singh Priyanka",Balam Ji Devghar Ghumadi,weak,3630,,,metadata_candidate
"Sanjeev Singh, Antra Singh Priyanka - Baurahwa Bar Ae Mena Mai.mp3","Sanjeev Singh, Antra Singh Priyanka - Baurahwa Bar Ae Mena Mai.mp3",sanjeev singh antra singh priyanka|baurahwa bar ae mena mai,"Sanjeev Singh, Antra Singh Priyanka",Baurahwa Bar Ae Mena Mai,weak,,,,no_lyrics
"Sanjeev Singh, Antra Singh Priyanka - Khela Bhail Ba Palang P.mp3","Sanjeev Singh, Antra Singh Priyanka - Khela Bhail Ba Palang P.mp3",sanjeev singh antra singh priyanka|khela bhail ba palang p,"Sanjeev Singh, Antra Singh Priyanka",Khela Bhail Ba Palang P,weak,2560,,,metadata_candidate
"Sanjeev Singh, Bagh Byas - Hasal Khelal Sab Band Ho Jaai.mp3","Sanjeev Singh, Bagh Byas - Hasal Khelal Sab Band Ho Jaai.mp3",sanjeev singh bagh byas|hasal khelal sab band ho jaai,"Sanjeev Singh, Bagh Byas",Hasal Khelal Sab Band Ho Jaai,weak,,,,no_lyrics
"Sanjeev Singh, Goldi Yadav - Mahoul Badal Di Majanua.mp3","Sanjeev Singh, Goldi Yadav - Mahoul Badal Di Majanua.mp3",sanjeev singh goldi yadav|mahoul badal di majanua,"Sanjeev Singh, Goldi Yadav",Mahoul Badal Di Majanua,weak,3589,,,metadata_candidate
"Sanjeev Singh, Khushi Kakkar - Mal Naya Sal Me.mp3","Sanjeev Singh, Khushi Kakkar - Mal Naya Sal Me.mp3",sanjeev singh khushi kakkar|mal naya sal me,"Sanjeev Singh, Khushi Kakkar",Mal Naya Sal Me,weak,1281,,,metadata_candidate
"Sanjeev Singh, Shilpi Raj - Faguaa Ke Puaa Bhatar Nahi Chuwa.mp3","Sanjeev Singh, Shilpi Raj - Faguaa Ke Puaa Bhatar Nahi Chuwa.mp3",sanjeev singh shilpi raj|faguaa ke puaa bhatar nahi chuwa,"Sanjeev Singh, Shilpi Raj",Faguaa Ke Puaa Bhatar Nahi Chuwa,weak,,,,no_lyrics
"Sanjeev Singh, Shilpi Raj - Labhar Ke Sarkar.mp3","Sanjeev Singh, Shilpi Raj - Labhar Ke Sarkar.mp3",sanjeev singh shilpi raj|labhar ke sarkar,"Sanjeev Singh, Shilpi Raj",Labhar Ke Sarkar,weak,1779,,,metadata_candidate
"Sanjeev Singh, Shilpi Raj - Nachniya.mp3","Sanjeev Singh, Shilpi Raj - Nachniya.mp3",sanjeev singh shilpi raj|nachniya,"Sanjeev Singh, Shilpi Raj",Nachniya,weak,370,,,metadata_candidate
"Sanjeev Singh, Shilpi Raj - Raja Ji Ke Chhual Dehiya.mp3","Sanjeev Singh, Shilpi Raj - Raja Ji Ke Chhual Dehiya.mp3",sanjeev singh shilpi raj|raja ji ke chhual dehiya,"Sanjeev Singh, Shilpi Raj",Raja Ji Ke Chhual Dehiya,weak,2672,,,metadata_candidate
"Sanjeev Singh, Shivani Singh - Dali Na Ae Jijaji.mp3","Sanjeev Singh, Shivani Singh - Dali Na Ae Jijaji.mp3",sanjeev singh shivani singh|dali na ae jijaji,"Sanjeev Singh, Shivani Singh",Dali Na Ae Jijaji,weak,2319,,,metadata_candidate
"Sanjeev Singh, Shivani Singh - Holiya Me Chhod Delas Mal.mp3","Sanjeev Singh, Shivani Singh - Holiya Me Chhod Delas Mal.mp3",sanjeev singh shivani singh|holiya me chhod delas mal,"Sanjeev Singh, Shivani Singh",Holiya Me Chhod Delas Mal,weak,,,,no_lyrics
"Sanjeev Singh, Shivani Singh - Khatra.mp3","Sanjeev Singh, Shivani Singh - Khatra.mp3",sanjeev singh shivani singh|khatra,"Sanjeev Singh, Shivani Singh",Khatra,strong,4103,4103,,metadata_only
"Sanjeev Singh, Srishti Bharti - Cigarette.mp3","Sanjeev Singh, Srishti Bharti - Cigarette.mp3",sanjeev singh srishti bharti|cigarette,"Sanjeev Singh, Srishti Bharti",Cigarette,weak,,,,no_lyrics
Sanjeevani feat. Deepak Limbu - Anaayashai.mp3,Sanjeevani feat. Deepak Limbu - Anaayashai.mp3,sanjeevani feat deepak limbu|anaayashai,Sanjeevani feat. Deepak Limbu,Anaayashai,weak,3396,,,metadata_candidate
Sannani Le Jhukkayo Malai ｜ Gorkha Paltan ｜ Prashant Tamang ｜ Narayan Rayamajhi ｜ Devi Gharti.m4a,Sannani Le Jhukkayo Malai ｜ Gorkha Paltan ｜ Prashant Tamang ｜ Narayan Rayamajhi ｜ Devi Gharti.m4a,narayan rayamajhi|sannani le jhukkayo malai,Narayan Rayamajhi,Sannani Le Jhukkayo Malai | Gorkha Paltan | Prashant Tamang | Narayan Rayamajhi | Devi Gharti,strong,528,528,,metadata_only
Sano Chada - Uniq poet Ft. Sagar Dahal.m4a,Sano Chada - Uniq poet Ft. Sagar Dahal.m4a,karbain s|sano chada uniq poet ft sagar dahal,karbain (Nepali Songs),Sano Chada - Uniq poet Ft. Sagar Dahal,weak,210,,,metadata_candidate
Sanwal Ali Khan - Ek Sajjan Hunda Si.mp3,Sanwal Ali Khan - Ek Sajjan Hunda Si.mp3,sanwal ali khan|ek sajjan hunda si,Sanwal Ali Khan,Ek Sajjan Hunda Si,weak,1367,,,metadata_candidate
"Sanwari Baai, Sugana Baai, Sajan Singh, Sajjan Kumar - Banna Mhari Banni Ne Samjhave.mp3","Sanwari Baai, Sugana Baai, Sajan Singh, Sajjan Kumar - Banna Mhari Banni Ne Samjhave.mp3",sanwari baai sugana baai sajan singh sajjan kumar|banna mhari banni ne samjhave,"Sanwari Baai, Sugana Baai, Sajan Singh, Sajjan Kumar",Banna Mhari Banni Ne Samjhave,none,3903,,,metadata_candidate
SapanA ExhalE(LETTER FROM DREAM)EnT.{BudWanG}new Nepali Official Rap Lyrics Vedio(2k19.)(256k).mp3,SapanA ExhalE(LETTER FROM DREAM)EnT.{BudWanG}new Nepali Official Rap Lyrics Vedio(2k19.)(256k).mp3,ent budwang|sapana exhale letter from dream ent budwang new nepali official rap lyrics vedio 2k19 256k,EnT. BudWanG,SapanA ExhalE(LETTER FROM DREAM)EnT.{BudWanG}new Nepali Official Rap Lyrics Vedio(2k19.)(256k),weak,207,,,metadata_candidate
"Sapana Harayo ｜｜ GAUTHALI Movie Sad Song 2026 ｜｜ Simran Khadka, Arun Chhetri, Madan Krishna Shrestha.m4a","Sapana Harayo ｜｜ GAUTHALI Movie Sad Song 2026 ｜｜ Simran Khadka, Arun Chhetri, Madan Krishna Shrestha.m4a",osrdigital|sapana harayo,OSRDigital,"Sapana Harayo || GAUTHALI Movie Sad Song 2026 || Simran Khadka, Arun Chhetri, Madan Krishna Shrestha",weak,816,,,metadata_candidate
"Sapana Ko Mero Mahal ｜｜ Ft. Puspa Khadka, Bimala Khajum Limbu ｜｜ Kalpana Limbu Rai ｜｜ Nepali Song.m4a","Sapana Ko Mero Mahal ｜｜ Ft. Puspa Khadka, Bimala Khajum Limbu ｜｜ Kalpana Limbu Rai ｜｜ Nepali Song.m4a",osrdigital|sapana ko mero mahal,OSRDigital,"Sapana Ko Mero Mahal || Ft. Puspa Khadka, Bimala Khajum Limbu || Kalpana Limbu Rai || Nepali Song",weak,816,,,metadata_candidate
"Sapana Shree (Pariyar), Prakash Shrestha - K Sainole Bolaun.mp3","Sapana Shree (Pariyar), Prakash Shrestha - K Sainole Bolaun.mp3",sapana shree pariyar prakash shrestha|k sainole bolaun,"Sapana Shree (Pariyar), Prakash Shrestha",K Sainole Bolaun,weak,707,,,metadata_candidate
Sapna Shree - Chitthi-Nepali Love Song.mp3,Sapna Shree - Chitthi-Nepali Love Song.mp3,sapna shree|chitthi nepali love song,Sapna Shree,Chitthi-Nepali Love Song,strong,207,207,,metadata_only
Sapne me Budhi Aurat dekhna ｜｜ Seeing Old Lady in dream ｜｜ Budhi Aurat ka Sapna dekhna.m4a,Sapne me Budhi Aurat dekhna ｜｜ Seeing Old Lady in dream ｜｜ Budhi Aurat ka Sapna dekhna.m4a,top hidden facts|sapne me budhi aurat dekhna,Top Hidden Facts,Sapne me Budhi Aurat dekhna || Seeing Old Lady in dream || Budhi Aurat ka Sapna dekhna,none,,,,no_lyrics
SARAK SARAK - D1 ft @Shadowgmusic-Thachani x NAMUNA x PIRTAM ｜ Prod - @iczbeats OFFICIAL M⧸V.m4a,SARAK SARAK - D1 ft @Shadowgmusic-Thachani x NAMUNA x PIRTAM ｜ Prod - @iczbeats OFFICIAL M⧸V.m4a,d1 official and shadow g music|sarak sarak d1 ft shadowgmusic thachani x namuna x pirtam,D1 Official and Shadow G Music,SARAK SARAK - D1 ft @Shadowgmusic-Thachani x NAMUNA x PIRTAM | Prod - @iczbeats OFFICIAL M/V,strong,2063,2063,,metadata_only
"Sarara Udne Ho ｜｜ Rachana Rimal ｜｜ Ft. Sankala Gautam, Tyagmurti ｜｜ Grinsika Gautam, Chirag Bhatta.m4a","Sarara Udne Ho ｜｜ Rachana Rimal ｜｜ Ft. Sankala Gautam, Tyagmurti ｜｜ Grinsika Gautam, Chirag Bhatta.m4a",osrdigital|sarara udne ho,OSRDigital,"Sarara Udne Ho || Rachana Rimal || Ft. Sankala Gautam, Tyagmurti || Grinsika Gautam, Chirag Bhatta",weak,904,,,metadata_candidate
Sardar Solangi - Tuhinjon Galhyoon Sajjan.mp3,Sardar Solangi - Tuhinjon Galhyoon Sajjan.mp3,sardar solangi|tuhinjon galhyoon sajjan,Sardar Solangi,Tuhinjon Galhyoon Sajjan,none,,,,no_lyrics
Sarfraz Iftikhar Ali - Dilri Lutti Yaar Sajjan.mp3,Sarfraz Iftikhar Ali - Dilri Lutti Yaar Sajjan.mp3,sarfraz iftikhar ali|dilri lutti yaar sajjan,Sarfraz Iftikhar Ali,Dilri Lutti Yaar Sajjan,none,,,,no_lyrics
Sargam Nepali - Chote Chote Dele Baru.mp3,Sargam Nepali - Chote Chote Dele Baru.mp3,sargam nepali|chote chote dele baru,Sargam Nepali,Chote Chote Dele Baru,weak,,,,no_lyrics
"Saroj Koirala, Melina Rai - Bhakarima Dhaan.mp3","Saroj Koirala, Melina Rai - Bhakarima Dhaan.mp3",saroj koirala melina rai|bhakarima dhaan,"Saroj Koirala, Melina Rai",Bhakarima Dhaan,weak,3692,,,metadata_candidate
"Saroj Oli, Melina Rai - Machhile Khane Kholi Ko Leu.mp3","Saroj Oli, Melina Rai - Machhile Khane Kholi Ko Leu.mp3",saroj oli melina rai|machhile khane kholi ko leu,"Saroj Oli, Melina Rai",Machhile Khane Kholi Ko Leu,weak,1256,,,metadata_candidate
Sarthak Lama＂ Sailo Ma Charghare..The voice of Nepal season 6 #viralvideo #keepsupport.m4a,Sarthak Lama＂ Sailo Ma Charghare..The voice of Nepal season 6 #viralvideo #keepsupport.m4a,chiralbhaii|sarthak lama sailo ma charghare the voice of nepal season 6 viralvideo keepsupport,ChiralBhaii,"Sarthak Lama"" Sailo Ma Charghare..The voice of Nepal season 6 #viralvideo #keepsupport",weak,828,,,metadata_candidate
"Sasi Rawal, Deepak Limbu - Juuneli Ujyalo Ma.mp3","Sasi Rawal, Deepak Limbu - Juuneli Ujyalo Ma.mp3",sasi rawal deepak limbu|juuneli ujyalo ma,"Sasi Rawal, Deepak Limbu",Juuneli Ujyalo Ma,strong,3773,3773,,metadata_only
"Sathi Maile Timilai Paaye ｜｜ Junu Gautam ｜｜ Saurav Sundas, Shradha Lama ｜｜ Official Music Video 2026.m4a","Sathi Maile Timilai Paaye ｜｜ Junu Gautam ｜｜ Saurav Sundas, Shradha Lama ｜｜ Official Music Video 2026.m4a",osrdigital|sathi maile timilai paaye,OSRDigital,"Sathi Maile Timilai Paaye || Junu Gautam || Saurav Sundas, Shradha Lama || Official Music Video 2026",weak,1555,,,metadata_candidate
sathi yama buddha female cover.m4a,sathi yama buddha female cover.m4a,steel man|sathi yama buddha female,Steel Man,sathi yama buddha female cover,probable,3562,,,metadata_candidate
Sawan Khan - Aj Sajjan Muh Eid Kai.mp3,Sawan Khan - Aj Sajjan Muh Eid Kai.mp3,sawan khan|aj sajjan muh eid kai,Sawan Khan,Aj Sajjan Muh Eid Kai,none,3028,,,metadata_candidate
Seema subarna - Malai Bolayo . Nepali Christian Dance Song 2021.mp3,Seema subarna - Malai Bolayo . Nepali Christian Dance Song 2021.mp3,seema subarna|malai bolayo nepali christian dance song,Seema subarna,Malai Bolayo . Nepali Christian Dance Song 2021,weak,207,,,metadata_candidate
Shaban Jani - Nawein Nawein Sajjan.mp3,Shaban Jani - Nawein Nawein Sajjan.mp3,shaban jani|nawein nawein sajjan,Shaban Jani,Nawein Nawein Sajjan,none,1366,,,metadata_candidate
Shaban Jani - Nawey Nawey Sajjan.mp3,Shaban Jani - Nawey Nawey Sajjan.mp3,shaban jani|nawey nawey sajjan,Shaban Jani,Nawey Nawey Sajjan,weak,3880,,,metadata_candidate
Shahid Ali Parwaz - Koi Nahi Sajjan Gareeban Daa.mp3,Shahid Ali Parwaz - Koi Nahi Sajjan Gareeban Daa.mp3,shahid ali parwaz|koi nahi sajjan gareeban daa,Shahid Ali Parwaz,Koi Nahi Sajjan Gareeban Daa,none,,,,no_lyrics
Shahid Ali Parwaz - Sade Sajjan.mp3,Shahid Ali Parwaz - Sade Sajjan.mp3,shahid ali parwaz|sade sajjan,Shahid Ali Parwaz,Sade Sajjan,weak,376,,,metadata_candidate
Shahid Khan - Be Wafa Sajjan.mp3,Shahid Khan - Be Wafa Sajjan.mp3,shahid khan|be wafa sajjan,Shahid Khan,Be Wafa Sajjan,none,3078,,,metadata_candidate
Shahzad Ali - Inj Kar De Nai Sajjan Pyare.mp3,Shahzad Ali - Inj Kar De Nai Sajjan Pyare.mp3,shahzad ali|inj kar de nai sajjan pyare,Shahzad Ali,Inj Kar De Nai Sajjan Pyare,none,1367,,,metadata_candidate
Shailesh Raj Sajjan - Tohara Dil Se Saiyan Ho.mp3,Shailesh Raj Sajjan - Tohara Dil Se Saiyan Ho.mp3,shailesh raj sajjan|tohara dil se saiyan ho,Shailesh Raj Sajjan,Tohara Dil Se Saiyan Ho,none,3237,,,metadata_candidate
Shaize Ali feat. Qaiser Kandara - Jatt Zimidaar.mp3,Shaize Ali feat. Qaiser Kandara - Jatt Zimidaar.mp3,shaize ali feat qaiser kandara|jatt zimidaar,Shaize Ali feat. Qaiser Kandara,Jatt Zimidaar,weak,2463,,,metadata_candidate
Shaize Ali feat. Qaiser Kandara - SADQAY PAKISTAN.mp3,Shaize Ali feat. Qaiser Kandara - SADQAY PAKISTAN.mp3,shaize ali feat qaiser kandara|sadqay pakistan,Shaize Ali feat. Qaiser Kandara,SADQAY PAKISTAN,weak,,,,no_lyrics
Shakeel Anjum - Mere Sajjan Naraz Hin.mp3,Shakeel Anjum - Mere Sajjan Naraz Hin.mp3,shakeel anjum|mere sajjan naraz hin,Shakeel Anjum,Mere Sajjan Naraz Hin,none,,,,no_lyrics
ShaMan - Karma Kandara (2).mp3,ShaMan - Karma Kandara (2).mp3,shaman|karma kandara,ShaMan,Karma Kandara,weak,1683,,,metadata_candidate
"shaMan, Sam Popat - Karma Kandara.mp3","shaMan, Sam Popat - Karma Kandara.mp3",shaman sam popat|karma kandara,"shaMan, Sam Popat",Karma Kandara,weak,1683,,,metadata_candidate
"Shambhu Rai, Kunti Moktan - Besareko Batai.mp3","Shambhu Rai, Kunti Moktan - Besareko Batai.mp3",shambhu rai kunti moktan|besareko batai,"Shambhu Rai, Kunti Moktan",Besareko Batai,weak,34,,,metadata_candidate
"Shambhu Rai, Kunti Moktan - Besarekoi Batai.mp3","Shambhu Rai, Kunti Moktan - Besarekoi Batai.mp3",shambhu rai kunti moktan|besarekoi batai,"Shambhu Rai, Kunti Moktan",Besarekoi Batai,weak,2008,,,metadata_candidate
"Shambhu Rai, Kunti Moktan - Maya Timi.mp3","Shambhu Rai, Kunti Moktan - Maya Timi.mp3",shambhu rai kunti moktan|maya timi,"Shambhu Rai, Kunti Moktan",Maya Timi,strong,141,141,,metadata_only
Shambhujeet Baskota - Kanchhi A Meri Jhuma.mp3,Shambhujeet Baskota - Kanchhi A Meri Jhuma.mp3,shambhujeet baskota|kanchhi a meri jhuma,Shambhujeet Baskota,Kanchhi A Meri Jhuma,strong,420,420,,metadata_only
Shandilya x Rxyam - Fulbari ｜ Prod. Saint Mike ｜ Bangla Rap.m4a,Shandilya x Rxyam - Fulbari ｜ Prod. Saint Mike ｜ Bangla Rap.m4a,shandilya banerjee|shandilya x rxyam fulbari,Shandilya Banerjee,Shandilya x Rxyam - Fulbari | Prod. Saint Mike | Bangla Rap,none,,,,no_lyrics
"Shankar Thapa, Melina Rai - Jani Na Jani.mp3","Shankar Thapa, Melina Rai - Jani Na Jani.mp3",shankar thapa melina rai|jani na jani,"Shankar Thapa, Melina Rai",Jani Na Jani,strong,2469,2469,,metadata_only
"Sharmila Bardewa, Sanjay Shrestha - Bishakh Ma.mp3","Sharmila Bardewa, Sanjay Shrestha - Bishakh Ma.mp3",sharmila bardewa sanjay shrestha|bishakh ma,"Sharmila Bardewa, Sanjay Shrestha",Bishakh Ma,strong,3773,3773,,metadata_only
She's My girl -Nepsydaz ft Pooja Grg & Dj Gorkhali.m4a,She's My girl -Nepsydaz ft Pooja Grg & Dj Gorkhali.m4a,uckvzqfq0eivvb0r2s3yataa|she s my girl nepsydaz ft pooja grg dj gorkhali,UCKvZqfQ0eIVvB0r2s3yaTaA,She's My girl -Nepsydaz ft Pooja Grg & Dj Gorkhali,weak,1941,,,metadata_candidate
Shekh Tabrej - Shiv Shankar Bholenath.mp3,Shekh Tabrej - Shiv Shankar Bholenath.mp3,shekh tabrej|shiv shankar bholenath,Shekh Tabrej,Shiv Shankar Bholenath,weak,1543,,,metadata_candidate
Shelly B - Vairy Sajjan.mp3,Shelly B - Vairy Sajjan.mp3,shelly b|vairy sajjan,Shelly B,Vairy Sajjan,weak,1366,,,metadata_candidate
Sherbaz Siyal - Sajjan Chore Wasen.mp3,Sherbaz Siyal - Sajjan Chore Wasen.mp3,sherbaz siyal|sajjan chore wasen,Sherbaz Siyal,Sajjan Chore Wasen,none,,,,no_lyrics
"Sherpa - Ariadne, Sister of Inanna.mp3","Sherpa - Ariadne, Sister of Inanna.mp3",sherpa|ariadne sister of inanna,Sherpa,"Ariadne, Sister of Inanna",weak,,,,no_lyrics
SHERPA - SONG.mp3,SHERPA - SONG.mp3,sherpa|song,SHERPA,SONG,strong,2,2,,metadata_only
Sherpa Fm - Dance.mp3,Sherpa Fm - Dance.mp3,sherpa fm|dance,Sherpa Fm,Dance,probable,1523,,,metadata_candidate
SHERPA SONG (हिन्सी हिन्सी - SONG.mp3,SHERPA SONG (हिन्सी हिन्सी - SONG.mp3,sherpa song हिन्सी हिन्सी|song,SHERPA SONG (हिन्सी हिन्सी,SONG,probable,2,,,metadata_candidate
sherpa songs 2 - chhuwikaowa.mp3,sherpa songs 2 - chhuwikaowa.mp3,sherpa songs 2|chhuwikaowa,sherpa songs 2,chhuwikaowa,none,4128,,,metadata_candidate
Sherpa Sánchez - Bésame Despacito.mp3,Sherpa Sánchez - Bésame Despacito.mp3,sherpa sánchez|bésame despacito,Sherpa Sánchez,Bésame Despacito,none,,,,no_lyrics
Sherpa Sánchez - Honey.mp3,Sherpa Sánchez - Honey.mp3,sherpa sánchez|honey,Sherpa Sánchez,Honey,weak,1343,,,metadata_candidate
"shila Bahadur Moktan, Sheetal Moktan, Subani Moktan, Kunti Moktan - Geet Mero Nepal Ho.mp3","shila Bahadur Moktan, Sheetal Moktan, Subani Moktan, Kunti Moktan - Geet Mero Nepal Ho.mp3",shila bahadur moktan sheetal moktan subani moktan kunti moktan|geet mero nepal ho,"shila Bahadur Moktan, Sheetal Moktan, Subani Moktan, Kunti Moktan",Geet Mero Nepal Ho,strong,2830,2830,,metadata_only
Shilpa Pokharel s New Nepali Remix Song 2074DJ W - Chakra BamFt.Mr.R.mp3,Shilpa Pokharel s New Nepali Remix Song 2074DJ W - Chakra BamFt.Mr.R.mp3,shilpa pokharel s new nepali song 2074dj w|chakra bamft mr r,Shilpa Pokharel s New Nepali Remix Song 2074DJ W,Chakra BamFt.Mr.R,none,2767,,,metadata_candidate
"Shilpi Raj, Nepali Babu - Chand Banke Aailu.mp3","Shilpi Raj, Nepali Babu - Chand Banke Aailu.mp3",shilpi raj nepali babu|chand banke aailu,"Shilpi Raj, Nepali Babu",Chand Banke Aailu,weak,2298,,,metadata_candidate
"Shilpi Raj, Nepali Babu - Lal Odhani.mp3","Shilpi Raj, Nepali Babu - Lal Odhani.mp3",shilpi raj nepali babu|lal odhani,"Shilpi Raj, Nepali Babu",Lal Odhani,weak,607,,,metadata_candidate
"Shilpi Raj, Nepali Babu - Pyar Ho Gail.mp3","Shilpi Raj, Nepali Babu - Pyar Ho Gail.mp3",shilpi raj nepali babu|pyar ho gail,"Shilpi Raj, Nepali Babu",Pyar Ho Gail,none,3826,,,metadata_candidate
Shimmy Shimmy Ya.m4a,Shimmy Shimmy Ya.m4a,ol dirty bastard|shimmy shimmy ya,Ol' Dirty Bastard,Shimmy Shimmy Ya,weak,3983,,,metadata_candidate
"Shiraima Ribbon ｜ Ft. Ramesh Chhetri, Bina Raut, Lux Shrestha ｜ Rishi Khadka ｜ New Nepali Song 2026.m4a","Shiraima Ribbon ｜ Ft. Ramesh Chhetri, Bina Raut, Lux Shrestha ｜ Rishi Khadka ｜ New Nepali Song 2026.m4a",osrdigital|shiraima ribbon,OSRDigital,"Shiraima Ribbon | Ft. Ramesh Chhetri, Bina Raut, Lux Shrestha | Rishi Khadka | New Nepali Song 2026",weak,2024,,,metadata_candidate
Shital Thakur - Nache Shiv Shankar Bhola.mp3,Shital Thakur - Nache Shiv Shankar Bhola.mp3,shital thakur|nache shiv shankar bhola,Shital Thakur,Nache Shiv Shankar Bhola,weak,1543,,,metadata_candidate
Shiv Shankar - Devghar Kawar Utha Ke Jaeb.mp3,Shiv Shankar - Devghar Kawar Utha Ke Jaeb.mp3,shiv shankar|devghar kawar utha ke jaeb,Shiv Shankar,Devghar Kawar Utha Ke Jaeb,none,,,,no_lyrics
Shiv Shankar Pandit - Aaw Ye Raja Le Liha Maja.mp3,Shiv Shankar Pandit - Aaw Ye Raja Le Liha Maja.mp3,shiv shankar pandit|aaw ye raja le liha maja,Shiv Shankar Pandit,Aaw Ye Raja Le Liha Maja,weak,2457,,,metadata_candidate
"Shiv Shankar Pandit, Nandani Dixit - Hathiyar Chahi Badka.mp3","Shiv Shankar Pandit, Nandani Dixit - Hathiyar Chahi Badka.mp3",shiv shankar pandit nandani dixit|hathiyar chahi badka,"Shiv Shankar Pandit, Nandani Dixit",Hathiyar Chahi Badka,weak,3427,,,metadata_candidate
Shiv Shankar Saahil - April.mp3,Shiv Shankar Saahil - April.mp3,shiv shankar saahil|april,Shiv Shankar Saahil,April,weak,270,,,metadata_candidate
Shiv Shankar Saahil feat. Amit Kushwaha - Bata De Mujhko.mp3,Shiv Shankar Saahil feat. Amit Kushwaha - Bata De Mujhko.mp3,shiv shankar saahil feat amit kushwaha|bata de mujhko,Shiv Shankar Saahil feat. Amit Kushwaha,Bata De Mujhko,none,936,,,metadata_candidate
Shiv Shankar Saahil feat. Priyanka Korche - Faasla (Ghazal).mp3,Shiv Shankar Saahil feat. Priyanka Korche - Faasla (Ghazal).mp3,shiv shankar saahil feat priyanka korche|faasla ghazal,Shiv Shankar Saahil feat. Priyanka Korche,Faasla (Ghazal),none,,,,no_lyrics
Shiv Shankar Yadav - Bhabhi Bhi Nachegi.mp3,Shiv Shankar Yadav - Bhabhi Bhi Nachegi.mp3,shiv shankar yadav|bhabhi bhi nachegi,Shiv Shankar Yadav,Bhabhi Bhi Nachegi,weak,1180,,,metadata_candidate
Shiv Shankar Yadav - Fan Sanjay Yaduvanshi Ke Hai.mp3,Shiv Shankar Yadav - Fan Sanjay Yaduvanshi Ke Hai.mp3,shiv shankar yadav|fan sanjay yaduvanshi ke hai,Shiv Shankar Yadav,Fan Sanjay Yaduvanshi Ke Hai,weak,1226,,,metadata_candidate
Shiv Shankar Yadav - Rakt Ahir Ke Ba.mp3,Shiv Shankar Yadav - Rakt Ahir Ke Ba.mp3,shiv shankar yadav|rakt ahir ke ba,Shiv Shankar Yadav,Rakt Ahir Ke Ba,none,2672,,,metadata_candidate
Shiv Shankar Yadav - Saukh Hathiyar Ke Hawe.mp3,Shiv Shankar Yadav - Saukh Hathiyar Ke Hawe.mp3,shiv shankar yadav|saukh hathiyar ke hawe,Shiv Shankar Yadav,Saukh Hathiyar Ke Hawe,none,,,,no_lyrics
"Shiva Pariyar, Anju Panta - Duri Jati.mp3","Shiva Pariyar, Anju Panta - Duri Jati.mp3",shiva pariyar anju panta|duri jati,"Shiva Pariyar, Anju Panta",Duri Jati,weak,3724,,,metadata_candidate
"Shiva Pariyar, Anju Panta - Holi Holi.mp3","Shiva Pariyar, Anju Panta - Holi Holi.mp3",shiva pariyar anju panta|holi holi,"Shiva Pariyar, Anju Panta",Holi Holi,probable,728,,,metadata_candidate
"Shiva Tandav ｜｜ Bhawani Rana, Saraswoti Khatri ｜｜ Nepali Shiva Bhajan Song ｜｜ Sur Sudha Surendra.m4a","Shiva Tandav ｜｜ Bhawani Rana, Saraswoti Khatri ｜｜ Nepali Shiva Bhajan Song ｜｜ Sur Sudha Surendra.m4a",osrdigital|shiva tandav,OSRDigital,"Shiva Tandav || Bhawani Rana, Saraswoti Khatri || Nepali Shiva Bhajan Song || Sur Sudha Surendra",weak,3270,,,metadata_candidate
Shivansh & Aditi - Jai Shiv Shankar Jai Bhole Baba.mp3,Shivansh & Aditi - Jai Shiv Shankar Jai Bhole Baba.mp3,shivansh aditi|jai shiv shankar jai bhole baba,Shivansh & Aditi,Jai Shiv Shankar Jai Bhole Baba,weak,1543,,,metadata_candidate
Shivansh & Aditi - Shiv Shankar Beda Paar Karo.mp3,Shivansh & Aditi - Shiv Shankar Beda Paar Karo.mp3,shivansh aditi|shiv shankar beda paar karo,Shivansh & Aditi,Shiv Shankar Beda Paar Karo,weak,1543,,,metadata_candidate
"Shreya Rai, Rajesh Payal Rai - Khoje Jasto.mp3","Shreya Rai, Rajesh Payal Rai - Khoje Jasto.mp3",shreya rai rajesh payal rai|khoje jasto,"Shreya Rai, Rajesh Payal Rai",Khoje Jasto,weak,868,,,metadata_candidate
Shyam Nepali - Bonus Track 1.mp3,Shyam Nepali - Bonus Track 1.mp3,shyam nepali|bonus track 1,Shyam Nepali,Bonus Track 1,strong,3782,3782,,metadata_only
Shyam Nepali - Colors of Spring (2).mp3,Shyam Nepali - Colors of Spring (2).mp3,shyam nepali|colors of spring,Shyam Nepali,Colors of Spring,weak,,,,no_lyrics
Shyam Nepali - Dark and Light.mp3,Shyam Nepali - Dark and Light.mp3,shyam nepali|dark and light,Shyam Nepali,Dark and Light,weak,4141,,,new_lyrics_non_nepali
Shyam Nepali - Gawe Kawariya Shiv Ke Bhajanma.mp3,Shyam Nepali - Gawe Kawariya Shiv Ke Bhajanma.mp3,shyam nepali|gawe kawariya shiv ke bhajanma,Shyam Nepali,Gawe Kawariya Shiv Ke Bhajanma,weak,4012,,,metadata_candidate
Shyam Nepali - Himalayan Sounds.mp3,Shyam Nepali - Himalayan Sounds.mp3,shyam nepali|himalayan sounds,Shyam Nepali,Himalayan Sounds,weak,2919,,,metadata_candidate
Shyam Nepali - Illusions.mp3,Shyam Nepali - Illusions.mp3,shyam nepali|illusions,Shyam Nepali,Illusions,weak,,,,no_lyrics
Shyam Nepali - Knot of Energy.mp3,Shyam Nepali - Knot of Energy.mp3,shyam nepali|knot of energy,Shyam Nepali,Knot of Energy,weak,,,,no_lyrics
Shyam Nepali - Morning Mist.mp3,Shyam Nepali - Morning Mist.mp3,shyam nepali|morning mist,Shyam Nepali,Morning Mist,weak,3379,,,metadata_candidate
Shyam Nepali - Sundar Dehiya Ba Anmol.mp3,Shyam Nepali - Sundar Dehiya Ba Anmol.mp3,shyam nepali|sundar dehiya ba anmol,Shyam Nepali,Sundar Dehiya Ba Anmol,weak,2864,,,metadata_candidate
Shyam Nepali - Tears of Everest.mp3,Shyam Nepali - Tears of Everest.mp3,shyam nepali|tears of everest,Shyam Nepali,Tears of Everest,strong,1997,1997,,metadata_only
Shyam Nepali - Time and Passion.mp3,Shyam Nepali - Time and Passion.mp3,shyam nepali|time and passion,Shyam Nepali,Time and Passion,weak,2368,,,metadata_candidate
Simran Rathore - Shiv Shankar Bhole Bhale Bhasmi Ramane Wale.mp3,Simran Rathore - Shiv Shankar Bhole Bhale Bhasmi Ramane Wale.mp3,simran rathore|shiv shankar bhole bhale bhasmi ramane wale,Simran Rathore,Shiv Shankar Bhole Bhale Bhasmi Ramane Wale,weak,1543,,,metadata_candidate
Simran Rathore - Uncha Mandir Neeche Ganga Dekho Ri Shiv Shankar Ka Mela.mp3,Simran Rathore - Uncha Mandir Neeche Ganga Dekho Ri Shiv Shankar Ka Mela.mp3,simran rathore|uncha mandir neeche ganga dekho ri shiv shankar ka mela,Simran Rathore,Uncha Mandir Neeche Ganga Dekho Ri Shiv Shankar Ka Mela,weak,1543,,,metadata_candidate
Simsime Pani By Vten Deleted Song.m4a,Simsime Pani By Vten Deleted Song.m4a,nepali trap|simsime pani by vten deleted song,Nepali Trap,Simsime Pani By Vten Deleted Song,weak,433,,,metadata_candidate
Sleigh Ride.mp3,Sleigh Ride.mp3,various artists|sleigh ride,Various Artists,Sleigh Ride,none,,,,no_lyrics
"Sley..ft Bob - G, Taxi (mp3cut.net).mp3","Sley..ft Bob - G, Taxi (mp3cut.net).mp3",rap k|sley ft bob g taxi mp3cut net,rap.k,"Sley..ft Bob - G, Taxi (mp3cut.net)",none,,,,no_lyrics
Smriti Shahi feat. Ram Krishna Dhakal - Jindagi ko (2).mp3,Smriti Shahi feat. Ram Krishna Dhakal - Jindagi ko (2).mp3,smriti shahi feat ram krishna dhakal|jindagi ko,Smriti Shahi feat. Ram Krishna Dhakal,Jindagi ko,strong,7,7,,metadata_only
Soch (New Nepali Rap Song 2021) Nephop. Nepali Rapper.m4a,Soch (New Nepali Rap Song 2021) Nephop. Nepali Rapper.m4a,emikid|soch new nephop nepali rapper,Emikid,Soch (New Nepali Rap Song 2021) Nephop. Nepali Rapper,strong,207,207,,metadata_only
Sohail Abbasi - Sajjan Sath Wen Chade.mp3,Sohail Abbasi - Sajjan Sath Wen Chade.mp3,sohail abbasi|sajjan sath wen chade,Sohail Abbasi,Sajjan Sath Wen Chade,weak,688,,,metadata_candidate
"Soi Dhole Soi ｜｜ PAHICHAN (Ladain Ko) Movie Official Song 2025 ｜｜ Kishwor Sambahamfe, Sharmila Rai.m4a","Soi Dhole Soi ｜｜ PAHICHAN (Ladain Ko) Movie Official Song 2025 ｜｜ Kishwor Sambahamfe, Sharmila Rai.m4a",osrdigital|soi dhole soi,OSRDigital,"Soi Dhole Soi || PAHICHAN (Ladain Ko) Movie Official Song 2025 || Kishwor Sambahamfe, Sharmila Rai",weak,1108,,,metadata_candidate
"Soltini - Prabin Bajracharya ｜｜ Ft. Bina Raut, Geeta Bhujel, Maya (Dog) ｜｜ New Nepali Song 2026.m4a","Soltini - Prabin Bajracharya ｜｜ Ft. Bina Raut, Geeta Bhujel, Maya (Dog) ｜｜ New Nepali Song 2026.m4a",osrdigital|soltini prabin bajracharya,OSRDigital,"Soltini - Prabin Bajracharya || Ft. Bina Raut, Geeta Bhujel, Maya (Dog) || New Nepali Song 2026",none,1247,,,metadata_candidate
song 2016_Soongla riku yo by Sonam J. Sherpa (SONA - New Sherpa song 2016_Soongla riku yo by Sonam J. S.mp3,song 2016_Soongla riku yo by Sonam J. Sherpa (SONA - New Sherpa song 2016_Soongla riku yo by Sonam J. S.mp3,song soongla riku yo by sonam j sherpa sona|new sherpa song soongla riku yo by sonam j s,song 2016/Soongla riku yo by Sonam J. Sherpa (SONA,New Sherpa song 2016/Soongla riku yo by Sonam J. S,weak,3163,,,metadata_candidate
song Naasam Lemu By Sonam J. Sherpa - song Naasam Lemu By Sonam J. Sherpa.mp3,song Naasam Lemu By Sonam J. Sherpa - song Naasam Lemu By Sonam J. Sherpa.mp3,song naasam lemu by sonam j sherpa|song naasam lemu by sonam j sherpa,song Naasam Lemu By Sonam J. Sherpa,song Naasam Lemu By Sonam J. Sherpa,weak,3163,,,metadata_candidate
sonu satrangi - Aawo Nepal Ke Pari Tu Khola Ham Chadhi.mp3,sonu satrangi - Aawo Nepal Ke Pari Tu Khola Ham Chadhi.mp3,sonu satrangi|aawo nepal ke pari tu khola ham chadhi,sonu satrangi,Aawo Nepal Ke Pari Tu Khola Ham Chadhi,weak,270,,,metadata_candidate
Sonu Satrangi - Chhati Mai ho Kuchle Biya Dil Godhan Me.mp3,Sonu Satrangi - Chhati Mai ho Kuchle Biya Dil Godhan Me.mp3,sonu satrangi|chhati mai ho kuchle biya dil godhan me,Sonu Satrangi,Chhati Mai ho Kuchle Biya Dil Godhan Me,none,357,,,metadata_candidate
Sonu Satrangi - Chote Saman Bhail Kuwa.mp3,Sonu Satrangi - Chote Saman Bhail Kuwa.mp3,sonu satrangi|chote saman bhail kuwa,Sonu Satrangi,Chote Saman Bhail Kuwa,none,1437,,,metadata_candidate
Sonu Satrangi - Dihalu 64 Gb Ke Gam.mp3,Sonu Satrangi - Dihalu 64 Gb Ke Gam.mp3,sonu satrangi|dihalu 64 gb ke gam,Sonu Satrangi,Dihalu 64 Gb Ke Gam,none,,,,no_lyrics
Sonu Satrangi - Hamare Chusal Tor Bhatara Chusi.mp3,Sonu Satrangi - Hamare Chusal Tor Bhatara Chusi.mp3,sonu satrangi|hamare chusal tor bhatara chusi,Sonu Satrangi,Hamare Chusal Tor Bhatara Chusi,none,,,,no_lyrics
Sonu Satrangi - Hamare Jilla Ke pila h.mp3,Sonu Satrangi - Hamare Jilla Ke pila h.mp3,sonu satrangi|hamare jilla ke pila h,Sonu Satrangi,Hamare Jilla Ke pila h,none,,,,no_lyrics
Sonu Satrangi - Jahar Judai Ke Piya Dena Ge jaan.mp3,Sonu Satrangi - Jahar Judai Ke Piya Dena Ge jaan.mp3,sonu satrangi|jahar judai ke piya dena ge jaan,Sonu Satrangi,Jahar Judai Ke Piya Dena Ge jaan,none,,,,no_lyrics
Sonu Satrangi - Janu Jahar Diha Piyai.mp3,Sonu Satrangi - Janu Jahar Diha Piyai.mp3,sonu satrangi|janu jahar diha piyai,Sonu Satrangi,Janu Jahar Diha Piyai,none,347,,,metadata_candidate
Sonu Satrangi - Jaymala P Goli Chalaile Ba.mp3,Sonu Satrangi - Jaymala P Goli Chalaile Ba.mp3,sonu satrangi|jaymala p goli chalaile ba,Sonu Satrangi,Jaymala P Goli Chalaile Ba,none,,,,no_lyrics
Sonu Satrangi - Kuch Gyan Deda Bidya Ke Dani Hau Ho.mp3,Sonu Satrangi - Kuch Gyan Deda Bidya Ke Dani Hau Ho.mp3,sonu satrangi|kuch gyan deda bidya ke dani hau ho,Sonu Satrangi,Kuch Gyan Deda Bidya Ke Dani Hau Ho,none,,,,no_lyrics
Sonu Satrangi - Lele Ba Chaura Chawara Me.mp3,Sonu Satrangi - Lele Ba Chaura Chawara Me.mp3,sonu satrangi|lele ba chaura chawara me,Sonu Satrangi,Lele Ba Chaura Chawara Me,none,,,,no_lyrics
Sonu Satrangi - Lele Jaiha Dilwa Sinhora Me.mp3,Sonu Satrangi - Lele Jaiha Dilwa Sinhora Me.mp3,sonu satrangi|lele jaiha dilwa sinhora me,Sonu Satrangi,Lele Jaiha Dilwa Sinhora Me,none,,,,no_lyrics
Sonu Satrangi - Mai Bina Ke Gohariha Ho.mp3,Sonu Satrangi - Mai Bina Ke Gohariha Ho.mp3,sonu satrangi|mai bina ke gohariha ho,Sonu Satrangi,Mai Bina Ke Gohariha Ho,weak,1697,,,metadata_candidate
sonu satrangi - MARILE SAN BETA RE NEPALI SAN KE GHER KE.mp3,sonu satrangi - MARILE SAN BETA RE NEPALI SAN KE GHER KE.mp3,sonu satrangi|marile san beta re nepali san ke gher ke,sonu satrangi,MARILE SAN BETA RE NEPALI SAN KE GHER KE,weak,207,,,metadata_candidate
Sonu Satrangi - Morya Ji Ke Jhanda.mp3,Sonu Satrangi - Morya Ji Ke Jhanda.mp3,sonu satrangi|morya ji ke jhanda,Sonu Satrangi,Morya Ji Ke Jhanda,weak,2672,,,metadata_candidate
sonu satrangi - Nepal Ke Lokal Hiye Bihari Ke Thokal Hiye.mp3,sonu satrangi - Nepal Ke Lokal Hiye Bihari Ke Thokal Hiye.mp3,sonu satrangi|nepal ke lokal hiye bihari ke thokal hiye,sonu satrangi,Nepal Ke Lokal Hiye Bihari Ke Thokal Hiye,weak,2944,,,metadata_candidate
sonu satrangi - Nepal Wali Bhauji Re 300 Me Hau Di re.mp3,sonu satrangi - Nepal Wali Bhauji Re 300 Me Hau Di re.mp3,sonu satrangi|nepal wali bhauji re 300 me hau di re,sonu satrangi,Nepal Wali Bhauji Re 300 Me Hau Di re,weak,2944,,,metadata_candidate
Sonu Satrangi - Payar Na Karila Rangdari Kari Re.mp3,Sonu Satrangi - Payar Na Karila Rangdari Kari Re.mp3,sonu satrangi|payar na karila rangdari kari re,Sonu Satrangi,Payar Na Karila Rangdari Kari Re,none,,,,no_lyrics
Sonu Satrangi - Rani Ho Tohara Godiya Me.mp3,Sonu Satrangi - Rani Ho Tohara Godiya Me.mp3,sonu satrangi|rani ho tohara godiya me,Sonu Satrangi,Rani Ho Tohara Godiya Me,none,3063,,,metadata_candidate
Sonu Satrangi - Saman Tor Far Dem.mp3,Sonu Satrangi - Saman Tor Far Dem.mp3,sonu satrangi|saman tor far dem,Sonu Satrangi,Saman Tor Far Dem,none,521,,,metadata_candidate
Sonu Satrangi - Sas Damad Pe Lubha Gail.mp3,Sonu Satrangi - Sas Damad Pe Lubha Gail.mp3,sonu satrangi|sas damad pe lubha gail,Sonu Satrangi,Sas Damad Pe Lubha Gail,none,,,,no_lyrics
sonu satrangi - Siwan Lagi Mari Ta Bolaibi 112.mp3,sonu satrangi - Siwan Lagi Mari Ta Bolaibi 112.mp3,sonu satrangi|siwan lagi mari ta bolaibi 112,sonu satrangi,Siwan Lagi Mari Ta Bolaibi 112,weak,2643,,,metadata_candidate
Sonu Satrangi feat. Sanjana Saksena - Dhori Pa Bhatar Likh Ke Tattoo Banali Ka.mp3,Sonu Satrangi feat. Sanjana Saksena - Dhori Pa Bhatar Likh Ke Tattoo Banali Ka.mp3,sonu satrangi feat sanjana saksena|dhori pa bhatar likh ke tattoo banali ka,Sonu Satrangi feat. Sanjana Saksena,Dhori Pa Bhatar Likh Ke Tattoo Banali Ka,none,,,,no_lyrics
Sonu Satrangi feat. Sanjana Saxena - Mauriya Jee Ke Jhanda 2.mp3,Sonu Satrangi feat. Sanjana Saxena - Mauriya Jee Ke Jhanda 2.mp3,sonu satrangi feat sanjana saxena|mauriya jee ke jhanda 2,Sonu Satrangi feat. Sanjana Saxena,Mauriya Jee Ke Jhanda 2,none,,,,no_lyrics
"Sonu Satrangi, Anu Raj - Aashiq Chilam Gaja Ke.mp3","Sonu Satrangi, Anu Raj - Aashiq Chilam Gaja Ke.mp3",sonu satrangi anu raj|aashiq chilam gaja ke,"Sonu Satrangi, Anu Raj",Aashiq Chilam Gaja Ke,none,1420,,,metadata_candidate
"Sonu Satrangi, Karan Pandey - Siwan Mor Jilwa Me.mp3","Sonu Satrangi, Karan Pandey - Siwan Mor Jilwa Me.mp3",sonu satrangi karan pandey|siwan mor jilwa me,"Sonu Satrangi, Karan Pandey",Siwan Mor Jilwa Me,none,748,,,metadata_candidate
"Sonu Satrangi, Nandani Dixit - Jara Fir Se Dona.mp3","Sonu Satrangi, Nandani Dixit - Jara Fir Se Dona.mp3",sonu satrangi nandani dixit|jara fir se dona,"Sonu Satrangi, Nandani Dixit",Jara Fir Se Dona,none,,,,no_lyrics
"Sonu Satrangi, Nandani Dixit - Senura Mangiya Me Saja ke Koiran Bana Leti.mp3","Sonu Satrangi, Nandani Dixit - Senura Mangiya Me Saja ke Koiran Bana Leti.mp3",sonu satrangi nandani dixit|senura mangiya me saja ke koiran bana leti,"Sonu Satrangi, Nandani Dixit",Senura Mangiya Me Saja ke Koiran Bana Leti,none,,,,no_lyrics
"Sonu Satrangi, Nandni Dixit - Basuriya Mar Kake Ughare.mp3","Sonu Satrangi, Nandni Dixit - Basuriya Mar Kake Ughare.mp3",sonu satrangi nandni dixit|basuriya mar kake ughare,"Sonu Satrangi, Nandni Dixit",Basuriya Mar Kake Ughare,none,,,,no_lyrics
"Sonu Satrangi, Sanjana Saxsena - Jawan Patawe Na Di.mp3","Sonu Satrangi, Sanjana Saxsena - Jawan Patawe Na Di.mp3",sonu satrangi sanjana saxsena|jawan patawe na di,"Sonu Satrangi, Sanjana Saxsena",Jawan Patawe Na Di,none,620,,,metadata_candidate
Soonam Sherpa - Ma Barbad.mp3,Soonam Sherpa - Ma Barbad.mp3,soonam sherpa|ma barbad,Soonam Sherpa,Ma Barbad,weak,3773,,,metadata_candidate
SPARSHA 2 - Prashant Myst Ft. Teena Sherpa ｜ New Nepali Pop Song 2021.m4a,SPARSHA 2 - Prashant Myst Ft. Teena Sherpa ｜ New Nepali Pop Song 2021.m4a,songsnepal|sparsha 2 prashant myst ft teena sherpa,SongsNepal,SPARSHA 2 - Prashant Myst Ft. Teena Sherpa | New Nepali Pop Song 2021,weak,1994,,,metadata_candidate
Sr. Musician Ambar Gurung Passed Away 2073 Jestha 25. 6.45AM Bulletin.mp3,Sr. Musician Ambar Gurung Passed Away 2073 Jestha 25. 6.45AM Bulletin.mp3,shree ram paudel|sr musician ambar gurung passed away jestha 25 6 45am bulletin,Shree Ram Paudel,Sr. Musician Ambar Gurung Passed Away 2073 Jestha 25. 6.45AM Bulletin,none,,,,no_lyrics
"Srishti Bharti, Sanjeev Singh - Kala Suit.mp3","Srishti Bharti, Sanjeev Singh - Kala Suit.mp3",srishti bharti sanjeev singh|kala suit,"Srishti Bharti, Sanjeev Singh",Kala Suit,weak,750,,,metadata_candidate
"ST MAN FT. LIL JHOLA, YUNG 22 & LIL NORZZA - INDIA (DJ Lam Remix)(Housemusicnepal).m4a","ST MAN FT. LIL JHOLA, YUNG 22 & LIL NORZZA - INDIA (DJ Lam Remix)(Housemusicnepal).m4a",dj lama|st man ft lil jhola yung 22 lil norzza india dj lam housemusicnepal,DJ LAMA,"ST MAN FT. LIL JHOLA, YUNG 22 & LIL NORZZA - INDIA (DJ Lam Remix)(Housemusicnepal)",probable,3363,,,metadata_candidate
"ST MAN FT. LIL JHOLA, YUNG 22 & LIL NORZZA - INDIA (IRAZ REMIX).m4a","ST MAN FT. LIL JHOLA, YUNG 22 & LIL NORZZA - INDIA (IRAZ REMIX).m4a",iraz|st man ft lil jhola yung 22 lil norzza india iraz,IRAZ,"ST MAN FT. LIL JHOLA, YUNG 22 & LIL NORZZA - INDIA (IRAZ REMIX)",weak,3363,,,metadata_candidate
ST MAN FT.LIL JHOLA-INDIA(CLUB REMIX).m4a,ST MAN FT.LIL JHOLA-INDIA(CLUB REMIX).m4a,dj nbn|st man ft lil jhola india club,DJ NBN,ST MAN FT.LIL JHOLA-INDIA(CLUB REMIX),weak,3363,,,metadata_candidate
striven - Shiv Shankar Parvati.mp3,striven - Shiv Shankar Parvati.mp3,striven|shiv shankar parvati,striven,Shiv Shankar Parvati,weak,2067,,,metadata_candidate
"Sudan Gaire, Melina Rai - Udi Jana Rel.mp3","Sudan Gaire, Melina Rai - Udi Jana Rel.mp3",sudan gaire melina rai|udi jana rel,"Sudan Gaire, Melina Rai",Udi Jana Rel,weak,3203,,,metadata_candidate
Sugam Pokharel & Anju Panta - Rahar Chha Sangai.mp3,Sugam Pokharel & Anju Panta - Rahar Chha Sangai.mp3,sugam pokharel anju panta|rahar chha sangai,Sugam Pokharel & Anju Panta,Rahar Chha Sangai,strong,347,347,,metadata_only
Sugam Pokharel & Anju Panta - Yesto Saathi.mp3,Sugam Pokharel & Anju Panta - Yesto Saathi.mp3,sugam pokharel anju panta|yesto saathi,Sugam Pokharel & Anju Panta,Yesto Saathi,strong,1184,1184,,metadata_only
Sugam Pokharel - Aaja Mero.mp3,Sugam Pokharel - Aaja Mero.mp3,sugam pokharel|aaja mero,Sugam Pokharel,Aaja Mero,strong,144,144,,metadata_only
Sugam Pokharel - Aakash Aaja Roirahechha.mp3,Sugam Pokharel - Aakash Aaja Roirahechha.mp3,sugam pokharel|aakash aaja roirahechha,Sugam Pokharel,Aakash Aaja Roirahechha,strong,144,144,,metadata_only
Sugam Pokharel - Aja Feri.mp3,Sugam Pokharel - Aja Feri.mp3,sugam pokharel|aja feri,Sugam Pokharel,Aja Feri,strong,3598,3598,,metadata_only
Sugam Pokharel - Bhanekai Hun Mailey.mp3,Sugam Pokharel - Bhanekai Hun Mailey.mp3,sugam pokharel|bhanekai hun mailey,Sugam Pokharel,Bhanekai Hun Mailey,strong,3426,3426,,metadata_only
Sugam Pokharel - Bhar Sangeet Ko.mp3,Sugam Pokharel - Bhar Sangeet Ko.mp3,sugam pokharel|bhar sangeet ko,Sugam Pokharel,Bhar Sangeet Ko,weak,1008,,,metadata_candidate
Sugam Pokharel - Biteka Yaad.mp3,Sugam Pokharel - Biteka Yaad.mp3,sugam pokharel|biteka yaad,Sugam Pokharel,Biteka Yaad,strong,3254,3254,,metadata_only
Sugam Pokharel - Buwa.mp3,Sugam Pokharel - Buwa.mp3,sugam pokharel|buwa,Sugam Pokharel,Buwa,strong,91,91,,metadata_only
Sugam Pokharel - Chhaina Kohi.mp3,Sugam Pokharel - Chhaina Kohi.mp3,sugam pokharel|chhaina kohi,Sugam Pokharel,Chhaina Kohi,strong,194,194,,metadata_only
Sugam Pokharel - Dashain Aayo.mp3,Sugam Pokharel - Dashain Aayo.mp3,sugam pokharel|dashain aayo,Sugam Pokharel,Dashain Aayo,strong,3396,3396,,metadata_only
Sugam Pokharel - Dashain Tihar.mp3,Sugam Pokharel - Dashain Tihar.mp3,sugam pokharel|dashain tihar,Sugam Pokharel,Dashain Tihar,strong,3397,3397,,metadata_only
Sugam Pokharel - Eauta Manchhe.mp3,Sugam Pokharel - Eauta Manchhe.mp3,sugam pokharel|eauta manchhe,Sugam Pokharel,Eauta Manchhe,probable,2178,,A-8b211396eb,new_lyrics
Sugam Pokharel - Ekantama.mp3,Sugam Pokharel - Ekantama.mp3,sugam pokharel|ekantama,Sugam Pokharel,Ekantama,strong,3432,3432,,metadata_only
Sugam Pokharel - Ekantamaa.mp3,Sugam Pokharel - Ekantamaa.mp3,sugam pokharel|ekantamaa,Sugam Pokharel,Ekantamaa,strong,1693,1693,,metadata_only
Sugam Pokharel - Hasda Uni.mp3,Sugam Pokharel - Hasda Uni.mp3,sugam pokharel|hasda uni,Sugam Pokharel,Hasda Uni,weak,4055,,,metadata_candidate
Sugam Pokharel - Holi.mp3,Sugam Pokharel - Holi.mp3,sugam pokharel|holi,Sugam Pokharel,Holi,probable,728,,A-cdce53439e,new_lyrics
Sugam Pokharel - Jaba Din.mp3,Sugam Pokharel - Jaba Din.mp3,sugam pokharel|jaba din,Sugam Pokharel,Jaba Din,strong,419,419,,metadata_only
Sugam Pokharel - Jaba Raat.mp3,Sugam Pokharel - Jaba Raat.mp3,sugam pokharel|jaba raat,Sugam Pokharel,Jaba Raat,weak,2126,,A-d5188b956d,new_lyrics
Sugam Pokharel - Jeuna Chahanchhu.mp3,Sugam Pokharel - Jeuna Chahanchhu.mp3,sugam pokharel|jeuna chahanchhu,Sugam Pokharel,Jeuna Chahanchhu,strong,2668,2668,,metadata_only
Sugam Pokharel - K Yehi Prem Ho.mp3,Sugam Pokharel - K Yehi Prem Ho.mp3,sugam pokharel|k yehi prem ho,Sugam Pokharel,K Yehi Prem Ho,probable,738,,A-3cbcaba0ab,new_lyrics
Sugam Pokharel - Kasari Bhanu Timilai.mp3,Sugam Pokharel - Kasari Bhanu Timilai.mp3,sugam pokharel|kasari bhanu timilai,Sugam Pokharel,Kasari Bhanu Timilai,strong,3402,3402,,metadata_only
Sugam Pokharel - Kasto Nasha Yo.mp3,Sugam Pokharel - Kasto Nasha Yo.mp3,sugam pokharel|kasto nasha yo,Sugam Pokharel,Kasto Nasha Yo,probable,3581,,,metadata_candidate
Sugam Pokharel - Kati Din Bite.mp3,Sugam Pokharel - Kati Din Bite.mp3,sugam pokharel|kati din bite,Sugam Pokharel,Kati Din Bite,strong,3438,3438,,metadata_only
Sugam Pokharel - Lagchha Malai.mp3,Sugam Pokharel - Lagchha Malai.mp3,sugam pokharel|lagchha malai,Sugam Pokharel,Lagchha Malai,probable,3035,,A-228256b26f,new_lyrics
Sugam Pokharel - Malai Nasamjha.mp3,Sugam Pokharel - Malai Nasamjha.mp3,sugam pokharel|malai nasamjha,Sugam Pokharel,Malai Nasamjha,strong,160,160,,metadata_only
Sugam Pokharel - Malai.mp3,Sugam Pokharel - Malai.mp3,sugam pokharel|malai,Sugam Pokharel,Malai,strong,10,10,,metadata_only
Sugam Pokharel - Maya Baidame.mp3,Sugam Pokharel - Maya Baidame.mp3,sugam pokharel|maya baidame,Sugam Pokharel,Maya Baidame,strong,526,526,,metadata_only
Sugam Pokharel - Maya Ko Bato.mp3,Sugam Pokharel - Maya Ko Bato.mp3,sugam pokharel|maya ko bato,Sugam Pokharel,Maya Ko Bato,strong,3443,3443,,metadata_only
Sugam Pokharel - Maya Yo.mp3,Sugam Pokharel - Maya Yo.mp3,sugam pokharel|maya yo,Sugam Pokharel,Maya Yo,strong,336,336,,metadata_only
Sugam Pokharel - Melanko.mp3,Sugam Pokharel - Melanko.mp3,sugam pokharel|melanko,Sugam Pokharel,Melanko,weak,2989,,,metadata_candidate
Sugam Pokharel - Mero Mann.mp3,Sugam Pokharel - Mero Mann.mp3,sugam pokharel|mero mann,Sugam Pokharel,Mero Mann,strong,2093,2093,,metadata_only
Sugam Pokharel - Mero Sansar.mp3,Sugam Pokharel - Mero Sansar.mp3,sugam pokharel|mero sansar,Sugam Pokharel,Mero Sansar,strong,3446,3446,,metadata_only
Sugam Pokharel - Mero Yo Dil.mp3,Sugam Pokharel - Mero Yo Dil.mp3,sugam pokharel|mero yo dil,Sugam Pokharel,Mero Yo Dil,strong,1225,1225,,metadata_only
Sugam Pokharel - Pheri Tyo Din.mp3,Sugam Pokharel - Pheri Tyo Din.mp3,sugam pokharel|pheri tyo din,Sugam Pokharel,Pheri Tyo Din,strong,3410,3410,,metadata_only
Sugam Pokharel - Sakdina Kina Ho.mp3,Sugam Pokharel - Sakdina Kina Ho.mp3,sugam pokharel|sakdina kina ho,Sugam Pokharel,Sakdina Kina Ho,strong,130,130,,metadata_only
Sugam Pokharel - Samjhana Ma.mp3,Sugam Pokharel - Samjhana Ma.mp3,sugam pokharel|samjhana ma,Sugam Pokharel,Samjhana Ma,strong,168,168,,metadata_only
Sugam Pokharel - Sancheko Maya.mp3,Sugam Pokharel - Sancheko Maya.mp3,sugam pokharel|sancheko maya,Sugam Pokharel,Sancheko Maya,strong,526,526,,metadata_only
Sugam Pokharel - Sathi Ho.mp3,Sugam Pokharel - Sathi Ho.mp3,sugam pokharel|sathi ho,Sugam Pokharel,Sathi Ho,strong,1848,1848,,metadata_only
Sugam Pokharel - Satya Rahechha.mp3,Sugam Pokharel - Satya Rahechha.mp3,sugam pokharel|satya rahechha,Sugam Pokharel,Satya Rahechha,probable,1087,,A-050cff35d8,new_lyrics
Sugam Pokharel - Satya Satya.mp3,Sugam Pokharel - Satya Satya.mp3,sugam pokharel|satya satya,Sugam Pokharel,Satya Satya,strong,555,555,,metadata_only
Sugam Pokharel - Suruwaat.mp3,Sugam Pokharel - Suruwaat.mp3,sugam pokharel|suruwaat,Sugam Pokharel,Suruwaat,strong,3030,3030,,metadata_only
Sugam Pokharel - Timi Jitna.mp3,Sugam Pokharel - Timi Jitna.mp3,sugam pokharel|timi jitna,Sugam Pokharel,Timi Jitna,strong,752,752,,metadata_only
Sugam Pokharel - Timi Lai.mp3,Sugam Pokharel - Timi Lai.mp3,sugam pokharel|timi lai,Sugam Pokharel,Timi Lai,strong,752,752,,metadata_only
Sugam Pokharel - Timi Nabhaye.mp3,Sugam Pokharel - Timi Nabhaye.mp3,sugam pokharel|timi nabhaye,Sugam Pokharel,Timi Nabhaye,strong,3452,3452,,metadata_only
Sugam Pokharel - Timro muhar Ma.mp3,Sugam Pokharel - Timro muhar Ma.mp3,sugam pokharel|timro muhar ma,Sugam Pokharel,Timro muhar Ma,strong,3614,3614,,metadata_only
Sugam Pokharel - Yasari.mp3,Sugam Pokharel - Yasari.mp3,sugam pokharel|yasari,Sugam Pokharel,Yasari,probable,1713,,A-919c9f44c4,new_lyrics
Sugam Pokharel - Yestai Rahechha Yo Maya.mp3,Sugam Pokharel - Yestai Rahechha Yo Maya.mp3,sugam pokharel|yestai rahechha yo maya,Sugam Pokharel,Yestai Rahechha Yo Maya,strong,526,526,,metadata_only
Sugam Pokharel - Yo Sanjh.mp3,Sugam Pokharel - Yo Sanjh.mp3,sugam pokharel|yo sanjh,Sugam Pokharel,Yo Sanjh,strong,434,434,,metadata_only
"Sugam Pokharel, Anamika Malla - Timro mero Preet.mp3","Sugam Pokharel, Anamika Malla - Timro mero Preet.mp3",sugam pokharel anamika malla|timro mero preet,"Sugam Pokharel, Anamika Malla",Timro mero Preet,probable,1178,,,metadata_candidate
"Sugam Pokharel, Anju Pant - Aaye Ma Timro Chheu.mp3","Sugam Pokharel, Anju Pant - Aaye Ma Timro Chheu.mp3",sugam pokharel anju pant|aaye ma timro chheu,"Sugam Pokharel, Anju Pant",Aaye Ma Timro Chheu,strong,3614,3614,,metadata_only
"Sugam Pokharel, Anju Pant - Timro Lagi Ma.mp3","Sugam Pokharel, Anju Pant - Timro Lagi Ma.mp3",sugam pokharel anju pant|timro lagi ma,"Sugam Pokharel, Anju Pant",Timro Lagi Ma,strong,131,131,,metadata_only
"Sugam Pokharel, Anju Panta - Kunai Din.mp3","Sugam Pokharel, Anju Panta - Kunai Din.mp3",sugam pokharel anju panta|kunai din,"Sugam Pokharel, Anju Panta",Kunai Din,strong,419,419,,metadata_only
"Sugam Pokharel, Anju Panta - Maya Baschha Ki Ke Ho.mp3","Sugam Pokharel, Anju Panta - Maya Baschha Ki Ke Ho.mp3",sugam pokharel anju panta|maya baschha ki ke ho,"Sugam Pokharel, Anju Panta",Maya Baschha Ki Ke Ho,strong,526,526,,metadata_only
"Sugam Pokharel, Babu Bogati, Prashna Shakya - Timrai Lagi.mp3","Sugam Pokharel, Babu Bogati, Prashna Shakya - Timrai Lagi.mp3",sugam pokharel babu bogati prashna shakya|timrai lagi,"Sugam Pokharel, Babu Bogati, Prashna Shakya",Timrai Lagi,strong,2643,2643,,metadata_only
"Sugam Pokharel, Durga Kharel - Doli Sajai.mp3","Sugam Pokharel, Durga Kharel - Doli Sajai.mp3",sugam pokharel durga kharel|doli sajai,"Sugam Pokharel, Durga Kharel",Doli Sajai,weak,68,,,metadata_candidate
"Sugam Pokharel, Melina Rai - Aakha Ugharera Herda.mp3","Sugam Pokharel, Melina Rai - Aakha Ugharera Herda.mp3",sugam pokharel melina rai|aakha ugharera herda,"Sugam Pokharel, Melina Rai",Aakha Ugharera Herda,weak,873,,,metadata_candidate
"Sugam Pokharel, Prabisha Adhikari - Maya Garideuna.mp3","Sugam Pokharel, Prabisha Adhikari - Maya Garideuna.mp3",sugam pokharel prabisha adhikari|maya garideuna,"Sugam Pokharel, Prabisha Adhikari",Maya Garideuna,strong,526,526,,metadata_only
"Sugam Pokharel, Reshma pun - Gham Joon Chahidaina.mp3","Sugam Pokharel, Reshma pun - Gham Joon Chahidaina.mp3",sugam pokharel reshma pun|gham joon chahidaina,"Sugam Pokharel, Reshma pun",Gham Joon Chahidaina,weak,264,,,metadata_candidate
"Sugam Pokharel, Shristi Singh Thakuri - Jeevan Hamro.mp3","Sugam Pokharel, Shristi Singh Thakuri - Jeevan Hamro.mp3",sugam pokharel shristi singh thakuri|jeevan hamro,"Sugam Pokharel, Shristi Singh Thakuri",Jeevan Hamro,strong,1155,1155,,metadata_only
"Sugam Pokharel, Sudin Pokharel - Panchhi.mp3","Sugam Pokharel, Sudin Pokharel - Panchhi.mp3",sugam pokharel sudin pokharel|panchhi,"Sugam Pokharel, Sudin Pokharel",Panchhi,strong,318,318,,metadata_only
Sugam Pokhrel - Kalakar ft Yama Buddha and Girish.m4a,Sugam Pokhrel - Kalakar ft Yama Buddha and Girish.m4a,girish khatiwada|sugam pokhrel kalakar ft yama buddha and girish,Girish Khatiwada,Sugam Pokhrel - Kalakar ft Yama Buddha and Girish,weak,4079,,,metadata_candidate
"Sugam Pokhrel, Anju Pant, Melina Rai - Bahar Sangai Udyo Maan (2).mp3","Sugam Pokhrel, Anju Pant, Melina Rai - Bahar Sangai Udyo Maan (2).mp3",sugam pokhrel anju pant melina rai|bahar sangai udyo maan,"Sugam Pokhrel, Anju Pant, Melina Rai",Bahar Sangai Udyo Maan,strong,3230,3230,,metadata_only
"Sugam Pokhrel, Anju Pant, Melina Rai - Timi Royeko Pal.mp3","Sugam Pokhrel, Anju Pant, Melina Rai - Timi Royeko Pal.mp3",sugam pokhrel anju pant melina rai|timi royeko pal,"Sugam Pokhrel, Anju Pant, Melina Rai",Timi Royeko Pal,strong,752,752,,metadata_only
"Sujan Rasaili, Melina Rai - Timile Bhanda Dherai Maya Garchhu.mp3","Sujan Rasaili, Melina Rai - Timile Bhanda Dherai Maya Garchhu.mp3",sujan rasaili melina rai|timile bhanda dherai maya garchhu,"Sujan Rasaili, Melina Rai",Timile Bhanda Dherai Maya Garchhu,strong,526,526,,metadata_only
Sujan Tigela Limbu feat. Melina Rai - Harpe Ma Ghiu (feat. Melina Rai).mp3,Sujan Tigela Limbu feat. Melina Rai - Harpe Ma Ghiu (feat. Melina Rai).mp3,sujan tigela limbu feat melina rai|harpe ma ghiu feat melina rai,Sujan Tigela Limbu feat. Melina Rai,Harpe Ma Ghiu (feat. Melina Rai),strong,3773,3773,,metadata_only
Sujan Tigela Limbu feat. Melina Rai - Timi Bhitra (feat. Melina Rai).mp3,Sujan Tigela Limbu feat. Melina Rai - Timi Bhitra (feat. Melina Rai).mp3,sujan tigela limbu feat melina rai|timi bhitra feat melina rai,Sujan Tigela Limbu feat. Melina Rai,Timi Bhitra (feat. Melina Rai),strong,752,752,,metadata_only
"Sukmit Gurung, Bimala Rai - Maile Maya.mp3","Sukmit Gurung, Bimala Rai - Maile Maya.mp3",sukmit gurung bimala rai|maile maya,"Sukmit Gurung, Bimala Rai",Maile Maya,strong,526,526,,metadata_only
"Sukmit Gurung, Prakash Shrestha - Chumera Sugandhi Phool.mp3","Sukmit Gurung, Prakash Shrestha - Chumera Sugandhi Phool.mp3",sukmit gurung prakash shrestha|chumera sugandhi phool,"Sukmit Gurung, Prakash Shrestha",Chumera Sugandhi Phool,strong,3465,3465,,metadata_only
"Sukmit Gurung, Prakash Shrestha - Naya Naya.mp3","Sukmit Gurung, Prakash Shrestha - Naya Naya.mp3",sukmit gurung prakash shrestha|naya naya,"Sukmit Gurung, Prakash Shrestha",Naya Naya,strong,777,777,,metadata_only
"Sukmit Gurung, Prakash Shrestha - Timi Bhaye Dekhi.mp3","Sukmit Gurung, Prakash Shrestha - Timi Bhaye Dekhi.mp3",sukmit gurung prakash shrestha|timi bhaye dekhi,"Sukmit Gurung, Prakash Shrestha",Timi Bhaye Dekhi,strong,752,752,,metadata_only
Sukru Sani - Sama E Kot A Kutumba.mp3,Sukru Sani - Sama E Kot A Kutumba.mp3,sukru sani|sama e kot a kutumba,Sukru Sani,Sama E Kot A Kutumba,weak,3177,,,metadata_candidate
Suman KC feat. Melina Rai - Dilma Sajaula.mp3,Suman KC feat. Melina Rai - Dilma Sajaula.mp3,suman kc feat melina rai|dilma sajaula,Suman KC feat. Melina Rai,Dilma Sajaula,weak,168,,,metadata_candidate
"Suman KC, Melina Rai - Makhamali Choli.mp3","Suman KC, Melina Rai - Makhamali Choli.mp3",suman kc melina rai|makhamali choli,"Suman KC, Melina Rai",Makhamali Choli,strong,3473,3473,,metadata_only
"Suman Sona, Bhogendra Nepali - Lal Suit Mein Bullet Lagechhi.mp3","Suman Sona, Bhogendra Nepali - Lal Suit Mein Bullet Lagechhi.mp3",suman sona bhogendra nepali|lal suit mein bullet lagechhi,"Suman Sona, Bhogendra Nepali",Lal Suit Mein Bullet Lagechhi,none,2348,,,metadata_candidate
Sumina Nepali - Mero Sorhai Shringarma.mp3,Sumina Nepali - Mero Sorhai Shringarma.mp3,sumina nepali|mero sorhai shringarma,Sumina Nepali,Mero Sorhai Shringarma,none,499,,,metadata_candidate
"Suna Soltinee ｜｜ SOLTINEE Nepali Movie Official Song 2025 ｜｜ Prakash Saput, Parikshya Limbu.m4a","Suna Soltinee ｜｜ SOLTINEE Nepali Movie Official Song 2025 ｜｜ Prakash Saput, Parikshya Limbu.m4a",osrdigital|suna soltinee,OSRDigital,"Suna Soltinee || SOLTINEE Nepali Movie Official Song 2025 || Prakash Saput, Parikshya Limbu",weak,2290,,,metadata_candidate
"Sunai Ko Juhar ｜｜ Ft. Shree Raj Karki, Smarika Dhakal ｜｜ New Nepali Song 2025 ｜｜ Bikash Chaudhary.m4a","Sunai Ko Juhar ｜｜ Ft. Shree Raj Karki, Smarika Dhakal ｜｜ New Nepali Song 2025 ｜｜ Bikash Chaudhary.m4a",osrdigital|sunai ko juhar,OSRDigital,"Sunai Ko Juhar || Ft. Shree Raj Karki, Smarika Dhakal || New Nepali Song 2025 || Bikash Chaudhary",weak,677,,,metadata_candidate
Sunana - Prakash Neupane X Aidray ｜ Brijesh Shrestha ｜ New Nepali R&B Pop Song 2017.m4a,Sunana - Prakash Neupane X Aidray ｜ Brijesh Shrestha ｜ New Nepali R&B Pop Song 2017.m4a,songsnepal|sunana prakash neupane x aidray,SongsNepal,Sunana - Prakash Neupane X Aidray | Brijesh Shrestha | New Nepali R&B Pop Song 2017,none,3154,,,metadata_candidate
"Sunchhau Malai Kasam ｜ Smarika Dhakal, Sandip Osti ｜ Prabin Bedwal, Rajina Rimal ｜ New Nepali Song.m4a","Sunchhau Malai Kasam ｜ Smarika Dhakal, Sandip Osti ｜ Prabin Bedwal, Rajina Rimal ｜ New Nepali Song.m4a",osrdigital|sunchhau malai kasam,OSRDigital,"Sunchhau Malai Kasam | Smarika Dhakal, Sandip Osti | Prabin Bedwal, Rajina Rimal | New Nepali Song",weak,3437,,,metadata_candidate
Sunday morning instrumental.mp3,Sunday morning instrumental.mp3,uniq poet|sunday morning instrumental,Uniq Poet,Sunday morning instrumental,weak,3379,,,metadata_candidate
Sunil Giri - Dasain Aayo Farkiyo Lahure.mp3,Sunil Giri - Dasain Aayo Farkiyo Lahure.mp3,sunil giri|dasain aayo farkiyo lahure,Sunil Giri,Dasain Aayo Farkiyo Lahure,strong,899,899,,metadata_only
Sunil Giri - Dashain Ayo.mp3,Sunil Giri - Dashain Ayo.mp3,sunil giri|dashain ayo,Sunil Giri,Dashain Ayo,strong,3904,3904,,metadata_only
Sunil Giri - Deurali Bhanjyang.mp3,Sunil Giri - Deurali Bhanjyang.mp3,sunil giri|deurali bhanjyang,Sunil Giri,Deurali Bhanjyang,strong,43,43,,metadata_only
Sunil Giri - Deurali.mp3,Sunil Giri - Deurali.mp3,sunil giri|deurali,Sunil Giri,Deurali,strong,2285,2285,,metadata_only
Sunil Giri - Gharwali.mp3,Sunil Giri - Gharwali.mp3,sunil giri|gharwali,Sunil Giri,Gharwali,weak,110,,,metadata_candidate
Sunil Giri - Hami Chau Ni Aama.mp3,Sunil Giri - Hami Chau Ni Aama.mp3,sunil giri|hami chau ni aama,Sunil Giri,Hami Chau Ni Aama,strong,1007,1007,,metadata_only
Sunil Giri - Jeevan Yo Rahe Samma.mp3,Sunil Giri - Jeevan Yo Rahe Samma.mp3,sunil giri|jeevan yo rahe samma,Sunil Giri,Jeevan Yo Rahe Samma,strong,1155,1155,,metadata_only
Sunil Giri - KAILAS TABAH RE.mp3,Sunil Giri - KAILAS TABAH RE.mp3,sunil giri|kailas tabah re,Sunil Giri,KAILAS TABAH RE,weak,1152,,,metadata_candidate
Sunil Giri - Ko Hola Tyo.mp3,Sunil Giri - Ko Hola Tyo.mp3,sunil giri|ko hola tyo,Sunil Giri,Ko Hola Tyo,strong,3498,3498,,metadata_only
Sunil Giri - Mix Tape • Deuralima Ko Hola.mp3,Sunil Giri - Mix Tape • Deuralima Ko Hola.mp3,sunil giri|mix tape deuralima ko hola,Sunil Giri,Mix Tape • Deuralima Ko Hola,weak,3498,,,metadata_candidate
Sunil Giri - Na Manem Tor Bat.mp3,Sunil Giri - Na Manem Tor Bat.mp3,sunil giri|na manem tor bat,Sunil Giri,Na Manem Tor Bat,weak,521,,,metadata_candidate
Sunil Giri - Nacho Joram Jor Ji.mp3,Sunil Giri - Nacho Joram Jor Ji.mp3,sunil giri|nacho joram jor ji,Sunil Giri,Nacho Joram Jor Ji,weak,,,,no_lyrics
Sunil Giri - Niman Na Lage Piya.mp3,Sunil Giri - Niman Na Lage Piya.mp3,sunil giri|niman na lage piya,Sunil Giri,Niman Na Lage Piya,weak,1772,,,metadata_candidate
Sunil Giri - Nind Na Aawe Akela.mp3,Sunil Giri - Nind Na Aawe Akela.mp3,sunil giri|nind na aawe akela,Sunil Giri,Nind Na Aawe Akela,weak,1582,,,metadata_candidate
Sunil Giri - Okahri Me Kute Dhanawa.mp3,Sunil Giri - Okahri Me Kute Dhanawa.mp3,sunil giri|okahri me kute dhanawa,Sunil Giri,Okahri Me Kute Dhanawa,weak,2015,,,metadata_candidate
Sunil Giri - Othlali Badi Chamake.mp3,Sunil Giri - Othlali Badi Chamake.mp3,sunil giri|othlali badi chamake,Sunil Giri,Othlali Badi Chamake,weak,1263,,,metadata_candidate
Sunil Giri - Pakad Lele Bade.mp3,Sunil Giri - Pakad Lele Bade.mp3,sunil giri|pakad lele bade,Sunil Giri,Pakad Lele Bade,weak,,,,no_lyrics
Sunil Giri - Pani Barase Lagal.mp3,Sunil Giri - Pani Barase Lagal.mp3,sunil giri|pani barase lagal,Sunil Giri,Pani Barase Lagal,strong,2156,2156,,metadata_only
Sunil Giri - Pee Lelas Daru.mp3,Sunil Giri - Pee Lelas Daru.mp3,sunil giri|pee lelas daru,Sunil Giri,Pee Lelas Daru,weak,,,,no_lyrics
Sunil Giri - Pyar Na Karela Ho.mp3,Sunil Giri - Pyar Na Karela Ho.mp3,sunil giri|pyar na karela ho,Sunil Giri,Pyar Na Karela Ho,weak,738,,,metadata_candidate
Sunil Giri - Raatko Sannata.mp3,Sunil Giri - Raatko Sannata.mp3,sunil giri|raatko sannata,Sunil Giri,Raatko Sannata,weak,3385,,,metadata_candidate
Sunil Giri - Rakhale Bade U.mp3,Sunil Giri - Rakhale Bade U.mp3,sunil giri|rakhale bade u,Sunil Giri,Rakhale Bade U,weak,275,,,metadata_candidate
Sunil Giri - Rang Khula Me Dalem.mp3,Sunil Giri - Rang Khula Me Dalem.mp3,sunil giri|rang khula me dalem,Sunil Giri,Rang Khula Me Dalem,strong,854,854,,metadata_only
Sunil Giri - Timi Aauchauki Bhani (Ko Hola Tyo 2).mp3,Sunil Giri - Timi Aauchauki Bhani (Ko Hola Tyo 2).mp3,sunil giri|timi aauchauki bhani ko hola tyo 2,Sunil Giri,Timi Aauchauki Bhani (Ko Hola Tyo 2),strong,752,752,,metadata_only
Sunil Giri - Timi Auchau.mp3,Sunil Giri - Timi Auchau.mp3,sunil giri|timi auchau,Sunil Giri,Timi Auchau,strong,752,752,,metadata_only
Sunil Giri - Timro Maya.mp3,Sunil Giri - Timro Maya.mp3,sunil giri|timro maya,Sunil Giri,Timro Maya,strong,3568,3568,,metadata_only
Sunil Giri - Timro Rupaiko (2).mp3,Sunil Giri - Timro Rupaiko (2).mp3,sunil giri|timro rupaiko,Sunil Giri,Timro Rupaiko,weak,3614,,,metadata_candidate
Sunil Giri - Uthat Naikhe Piyawa.mp3,Sunil Giri - Uthat Naikhe Piyawa.mp3,sunil giri|uthat naikhe piyawa,Sunil Giri,Uthat Naikhe Piyawa,weak,,,,no_lyrics
"Sunil Giri, Suman Gurung - Timi Aayou.mp3","Sunil Giri, Suman Gurung - Timi Aayou.mp3",sunil giri suman gurung|timi aayou,"Sunil Giri, Suman Gurung",Timi Aayou,strong,1047,1047,,metadata_only
Sunimayan - Nepali Love Song.mp3,Sunimayan - Nepali Love Song.mp3,sunimayan|nepali love song,Sunimayan,Nepali Love Song,weak,207,,,metadata_candidate
"Sunimayan, Indraman Serchan, Govindman Serchan - Nepali Love Song.mp3","Sunimayan, Indraman Serchan, Govindman Serchan - Nepali Love Song.mp3",sunimayan indraman serchan govindman serchan|nepali love song,"Sunimayan, Indraman Serchan, Govindman Serchan",Nepali Love Song,weak,207,,,metadata_candidate
"Sunita Thegim, Melina Rai - Ningwa Pongsinglo.mp3","Sunita Thegim, Melina Rai - Ningwa Pongsinglo.mp3",sunita thegim melina rai|ningwa pongsinglo,"Sunita Thegim, Melina Rai",Ningwa Pongsinglo,weak,,,,no_lyrics
Sunny Ahirwar - Shiv Shankar Maar De Mantar.mp3,Sunny Ahirwar - Shiv Shankar Maar De Mantar.mp3,sunny ahirwar|shiv shankar maar de mantar,Sunny Ahirwar,Shiv Shankar Maar De Mantar,weak,2067,,,metadata_candidate
"Suntali Mai ｜｜ Movie Song “HARI BAHADUR KO JUTTA” ｜｜ Aryan Sigdel, Barsha Raut, Prakash Saput.m4a","Suntali Mai ｜｜ Movie Song “HARI BAHADUR KO JUTTA” ｜｜ Aryan Sigdel, Barsha Raut, Prakash Saput.m4a",osrdigital|suntali mai,OSRDigital,"Suntali Mai || Movie Song “HARI BAHADUR KO JUTTA” || Aryan Sigdel, Barsha Raut, Prakash Saput",weak,872,,,metadata_candidate
Superstar ft. Ruthless.m4a,Superstar ft. Ruthless.m4a,vten|superstar ft ruthless,VTEN,Superstar ft. Ruthless,strong,3996,3996,,metadata_only
Supreme - SHUBH New Song.m4a,Supreme - SHUBH New Song.m4a,bhupindershoker|supreme shubh new song,bhupindershoker,Supreme - SHUBH New Song,weak,3163,,,metadata_candidate
Suresh Wadkar - Krupalu Sajjan.mp3,Suresh Wadkar - Krupalu Sajjan.mp3,suresh wadkar|krupalu sajjan,Suresh Wadkar,Krupalu Sajjan,none,2400,,,metadata_candidate
Sushant KC - Aasha.mp3,Sushant KC - Aasha.mp3,sushant kc|aasha,Sushant KC,Aasha,strong,3532,3532,,metadata_only
Sushant KC - Atteri.mp3,Sushant KC - Atteri.mp3,sushant kc|atteri,Sushant KC,Atteri,strong,3533,3533,,metadata_only
Sushant KC - Baimani.mp3,Sushant KC - Baimani.mp3,sushant kc|baimani,Sushant KC,Baimani,strong,3534,3534,,metadata_only
Sushant KC - Bardali.mp3,Sushant KC - Bardali.mp3,sushant kc|bardali,Sushant KC,Bardali,strong,3535,3535,,metadata_only
Sushant KC - Bela Bela.mp3,Sushant KC - Bela Bela.mp3,sushant kc|bela bela,Sushant KC,Bela Bela,strong,3538,3538,,metadata_only
Sushant KC - Bhayena.mp3,Sushant KC - Bhayena.mp3,sushant kc|bhayena,Sushant KC,Bhayena,strong,407,407,,metadata_only
Sushant KC - Estai Raicha.mp3,Sushant KC - Estai Raicha.mp3,sushant kc|estai raicha,Sushant KC,Estai Raicha,strong,3539,3539,,metadata_only
Sushant KC - Fakauna Ma.mp3,Sushant KC - Fakauna Ma.mp3,sushant kc|fakauna ma,Sushant KC,Fakauna Ma,strong,3540,3540,,metadata_only
Sushant KC - Gajalu.mp3,Sushant KC - Gajalu.mp3,sushant kc|gajalu,Sushant KC,Gajalu,strong,1411,1411,,metadata_only
Sushant KC - Gayo Ta Gayo.mp3,Sushant KC - Gayo Ta Gayo.mp3,sushant kc|gayo ta gayo,Sushant KC,Gayo Ta Gayo,strong,3542,3542,,metadata_only
Sushant KC - Hawa Le.mp3,Sushant KC - Hawa Le.mp3,sushant kc|hawa le,Sushant KC,Hawa Le,strong,3545,3545,,metadata_only
Sushant KC - Jhandai.mp3,Sushant KC - Jhandai.mp3,sushant kc|jhandai,Sushant KC,Jhandai,strong,3547,3547,,metadata_only
Sushant KC - Jhyal Bata (2).mp3,Sushant KC - Jhyal Bata (2).mp3,sushant kc|jhyal bata,Sushant KC,Jhyal Bata,strong,3548,3548,,metadata_only
Sushant KC - Ji Chanta Matina.mp3,Sushant KC - Ji Chanta Matina.mp3,sushant kc|ji chanta matina,Sushant KC,Ji Chanta Matina,strong,3549,3549,,metadata_only
Sushant KC - Kheladi.mp3,Sushant KC - Kheladi.mp3,sushant kc|kheladi,Sushant KC,Kheladi,strong,3771,3771,,metadata_only
Sushant KC - Kya Kardiya.mp3,Sushant KC - Kya Kardiya.mp3,sushant kc|kya kardiya,Sushant KC,Kya Kardiya,strong,3550,3550,,metadata_only
Sushant KC - Pagal.mp3,Sushant KC - Pagal.mp3,sushant kc|pagal,Sushant KC,Pagal,strong,3574,3574,,metadata_only
Sushant KC - Pahuna.mp3,Sushant KC - Pahuna.mp3,sushant kc|pahuna,Sushant KC,Pahuna,strong,3554,3554,,metadata_only
Sushant KC - Parkha Na.mp3,Sushant KC - Parkha Na.mp3,sushant kc|parkha na,Sushant KC,Parkha Na,strong,3569,3569,,metadata_only
Sushant KC - Risaune Bhaye.mp3,Sushant KC - Risaune Bhaye.mp3,sushant kc|risaune bhaye,Sushant KC,Risaune Bhaye,strong,3557,3557,,metadata_only
Sushant KC - Sarangi.mp3,Sushant KC - Sarangi.mp3,sushant kc|sarangi,Sushant KC,Sarangi,strong,3558,3558,,metadata_only
Sushant KC - Timro Maya.mp3,Sushant KC - Timro Maya.mp3,sushant kc|timro maya,Sushant KC,Timro Maya,strong,3568,3568,,metadata_only
Sushant KC feat. The Bangers - Behos.mp3,Sushant KC feat. The Bangers - Behos.mp3,sushant kc feat the bangers|behos,Sushant KC feat. The Bangers,Behos,strong,3536,3536,,metadata_only
"Sushant KC, Bluesss - Thik.mp3","Sushant KC, Bluesss - Thik.mp3",sushant kc bluesss|thik,"Sushant KC, Bluesss",Thik,strong,17,17,,metadata_only
"Sushant KC, Brijesh Shrestha - Yaad.mp3","Sushant KC, Brijesh Shrestha - Yaad.mp3",sushant kc brijesh shrestha|yaad,"Sushant KC, Brijesh Shrestha",Yaad,strong,114,114,,metadata_only
"Sushant KC, Foeseal - Dhanyabad.mp3","Sushant KC, Foeseal - Dhanyabad.mp3",sushant kc foeseal|dhanyabad,"Sushant KC, Foeseal",Dhanyabad,strong,1737,1737,,metadata_only
"Sushant KC, Ruslan Studio feat. The Bangers - Behos.mp3","Sushant KC, Ruslan Studio feat. The Bangers - Behos.mp3",sushant kc ruslan studio feat the bangers|behos,"Sushant KC, Ruslan Studio feat. The Bangers",Behos,strong,3536,3536,,metadata_only
"Sushant KC, Utsav - Kheladi.mp3","Sushant KC, Utsav - Kheladi.mp3",sushant kc utsav|kheladi,"Sushant KC, Utsav",Kheladi,strong,3771,3771,,metadata_only
"Sushant KC, Yashaswi Khadka, Asmick Khawash - Tabahi.mp3","Sushant KC, Yashaswi Khadka, Asmick Khawash - Tabahi.mp3",sushant kc yashaswi khadka asmick khawash|tabahi,"Sushant KC, Yashaswi Khadka, Asmick Khawash",Tabahi,weak,1184,,,metadata_candidate
"Sushant KC, Yodda - Plan B.mp3","Sushant KC, Yodda - Plan B.mp3",sushant kc yodda|plan b,"Sushant KC, Yodda",Plan B,weak,447,,,metadata_candidate
Sushma Shrestha (Poornima) - Chan Chana Chan(MaxIn).mp3,Sushma Shrestha (Poornima) - Chan Chana Chan(MaxIn).mp3,sushma shrestha poornima|chan chana chan maxin,Sushma Shrestha (Poornima),Chan Chana Chan(MaxIn),weak,3921,,,metadata_candidate
Sushma Shrestha - Tera Mujh Se Hai.mp3,Sushma Shrestha - Tera Mujh Se Hai.mp3,sushma shrestha|tera mujh se hai,Sushma Shrestha,Tera Mujh Se Hai,weak,1226,,,metadata_candidate
Sushma Shrestha - To Priyakar Majha Kuthe Aahe.mp3,Sushma Shrestha - To Priyakar Majha Kuthe Aahe.mp3,sushma shrestha|to priyakar majha kuthe aahe,Sushma Shrestha,To Priyakar Majha Kuthe Aahe,weak,,,,no_lyrics
Sushma Shrestha Poornima & Kishore Kumar - Tera Mujhse.mp3,Sushma Shrestha Poornima & Kishore Kumar - Tera Mujhse.mp3,sushma shrestha poornima kishore kumar|tera mujhse,Sushma Shrestha Poornima & Kishore Kumar,Tera Mujhse,none,202,,,metadata_candidate
"Sushma Shrestha, Chorus, Deepa jha - Dhiki Chyau Dhiki Chyau.mp3","Sushma Shrestha, Chorus, Deepa jha - Dhiki Chyau Dhiki Chyau.mp3",sushma shrestha chorus deepa jha|dhiki chyau dhiki chyau,"Sushma Shrestha, Chorus, Deepa jha",Dhiki Chyau Dhiki Chyau,weak,881,,,metadata_candidate
"Sushma Shrestha, English Babu Desi Mem - Bharatpur Lut Gaya.mp3","Sushma Shrestha, English Babu Desi Mem - Bharatpur Lut Gaya.mp3",sushma shrestha english babu desi mem|bharatpur lut gaya,"Sushma Shrestha, English Babu Desi Mem",Bharatpur Lut Gaya,none,1197,,,metadata_candidate
"Sushma Shrestha, Shatrugan Sinha - Ek Baat Suni Hai (From _Naram Garam_).mp3","Sushma Shrestha, Shatrugan Sinha - Ek Baat Suni Hai (From _Naram Garam_).mp3",sushma shrestha shatrugan sinha|ek baat suni hai from naram garam,"Sushma Shrestha, Shatrugan Sinha","Ek Baat Suni Hai (From ""Naram Garam"")",weak,1226,,,metadata_candidate
Susila Kansakar - Newari Song.mp3,Susila Kansakar - Newari Song.mp3,susila kansakar|newari song,Susila Kansakar,Newari Song,weak,2462,,,metadata_candidate
Susma Rai - Nepali Ko Aankhaile.mp3,Susma Rai - Nepali Ko Aankhaile.mp3,susma rai|nepali ko aankhaile,Susma Rai,Nepali Ko Aankhaile,probable,207,,,metadata_candidate
Swag King Artist - Nepali Gali Scene.mp3,Swag King Artist - Nepali Gali Scene.mp3,swag king artist|nepali gali scene,Swag King Artist,Nepali Gali Scene,weak,207,,,metadata_candidate
Swartha New Nepali Rap Song 2019.m4a,Swartha New Nepali Rap Song 2019.m4a,manish thapa magar|swartha new,Manish Thapa Magar,Swartha New Nepali Rap Song 2019,none,2713,,,metadata_candidate
"SWORGA KI PARI ｜｜ Ramesh Balampaki Magar, Melina Rai ｜｜ Saroj Praja, Chahana Magar ｜｜ Nepali Song.m4a","SWORGA KI PARI ｜｜ Ramesh Balampaki Magar, Melina Rai ｜｜ Saroj Praja, Chahana Magar ｜｜ Nepali Song.m4a",osrdigital|sworga ki pari,OSRDigital,"SWORGA KI PARI || Ramesh Balampaki Magar, Melina Rai || Saroj Praja, Chahana Magar || Nepali Song",weak,1921,,,metadata_candidate
Symfamous - Naya Nepal.mp3,Symfamous - Naya Nepal.mp3,trap nepal|symfamous naya nepal,Trap Nepal,Symfamous - Naya Nepal,probable,2944,,,metadata_candidate
"Taan Bunako Jhola ｜｜ GOBAR GANESH Nepali Movie Official Song 2026 ｜｜ Marichman, Barsha, Padam, Pujan.m4a","Taan Bunako Jhola ｜｜ GOBAR GANESH Nepali Movie Official Song 2026 ｜｜ Marichman, Barsha, Padam, Pujan.m4a",osrdigital|taan bunako jhola,OSRDigital,"Taan Bunako Jhola || GOBAR GANESH Nepali Movie Official Song 2026 || Marichman, Barsha, Padam, Pujan",none,1773,,,metadata_candidate
Takeshi Hasegawa & Albatross - 02. Yuuyakeiro ni.mp3,Takeshi Hasegawa & Albatross - 02. Yuuyakeiro ni.mp3,takeshi hasegawa albatross|02 yuuyakeiro ni,Takeshi Hasegawa & Albatross,02. Yuuyakeiro ni,weak,,,,no_lyrics
Takeshi Hasegawa & Albatross - 05. Sky Blue.mp3,Takeshi Hasegawa & Albatross - 05. Sky Blue.mp3,takeshi hasegawa albatross|05 sky blue,Takeshi Hasegawa & Albatross,05. Sky Blue,weak,,,,no_lyrics
Tamang LTC Monastery｜Mahankal-4 kaleshwor Batase Dada Lalitpur｜Tamang Gumba.m4a,Tamang LTC Monastery｜Mahankal-4 kaleshwor Batase Dada Lalitpur｜Tamang Gumba.m4a,aawaj tamang la|tamang ltc monastery,Aawaj Tamang La,Tamang LTC Monastery|Mahankal-4 kaleshwor Batase Dada Lalitpur|Tamang Gumba,weak,,,,no_lyrics
"Tan Manma Volleyball ｜｜ BUKI Nepali Movie Song 2026 ｜｜ Devendra Bablu, Roshni Karki, Surakshya Panta.m4a","Tan Manma Volleyball ｜｜ BUKI Nepali Movie Song 2026 ｜｜ Devendra Bablu, Roshni Karki, Surakshya Panta.m4a",osrdigital|tan manma volleyball,OSRDigital,"Tan Manma Volleyball || BUKI Nepali Movie Song 2026 || Devendra Bablu, Roshni Karki, Surakshya Panta",none,599,,,metadata_candidate
"Tanka Budathoki, Melina Rai - Kasari Kasari 3.mp3","Tanka Budathoki, Melina Rai - Kasari Kasari 3.mp3",tanka budathoki melina rai|kasari kasari 3,"Tanka Budathoki, Melina Rai",Kasari Kasari 3,strong,4030,4030,,metadata_only
"Tanka Timilsina ko new teej song juneli raataiko chhayale v-tanka timilsina,rajani lama,laya-sabda-tanka timilsina2073 w.mp3","Tanka Timilsina ko new teej song juneli raataiko chhayale v-tanka timilsina,rajani lama,laya-sabda-tanka timilsina2073 w.mp3",archive org|tanka timilsina ko new teej song juneli raataiko chhayale v tanka timilsina rajani lama laya sabda tanka timilsina2073,archive.org,"Tanka Timilsina ko new teej song juneli raataiko chhayale v-tanka timilsina,rajani lama,laya-sabda-tanka timilsina2073 www.Lovenepal.net",weak,3163,,,metadata_candidate
Tanka Timilsina ko new teej song juneli raataiko chhayale www.Lovenepal.net.ogg,Tanka Timilsina ko new teej song juneli raataiko chhayale www.Lovenepal.net.ogg,archive org|tanka timilsina ko new teej song juneli raataiko chhayale,archive.org,Tanka Timilsina ko new teej song juneli raataiko chhayale www.Lovenepal.net,weak,3163,,,metadata_candidate
Tansen Ghamailo (Jhalak Man).mp3,Tansen Ghamailo (Jhalak Man).mp3,blackdeep thapa|tansen ghamailo jhalak man,Blackdeep Thapa,Tansen Ghamailo (Jhalak Man),none,2523,,,metadata_candidate
"Tappa Tipi ｜｜ Ft. Ramesh Pun Magar, Riju Ranjit ｜｜ Prajwal Koirala ｜｜ New Nepali Song 2025.m4a","Tappa Tipi ｜｜ Ft. Ramesh Pun Magar, Riju Ranjit ｜｜ Prajwal Koirala ｜｜ New Nepali Song 2025.m4a",osrdigital|tappa tipi,OSRDigital,"Tappa Tipi || Ft. Ramesh Pun Magar, Riju Ranjit || Prajwal Koirala || New Nepali Song 2025",weak,2540,,,metadata_candidate
TARA (eh kancha) malai sunko tara feat. SHREYA RAI (variation II).mp3,TARA (eh kancha) malai sunko tara feat. SHREYA RAI (variation II).mp3,subash thebe limbu|tara eh kancha malai sunko tara feat shreya rai variation ii,subash thebe limbu,TARA (eh kancha) malai sunko tara feat. SHREYA RAI (variation II),weak,472,,,metadata_candidate
Tara Devi - Baru Paththarko.mp3,Tara Devi - Baru Paththarko.mp3,tara devi|baru paththarko,Tara Devi,Baru Paththarko,weak,1648,,,metadata_candidate
Tara Devi - Foolko Thunga.mp3,Tara Devi - Foolko Thunga.mp3,tara devi|foolko thunga,Tara Devi,Foolko Thunga.,probable,3680,,,metadata_candidate
Tara Devi - Maile Timilai.mp3,Tara Devi - Maile Timilai.mp3,tara devi|maile timilai,Tara Devi,Maile Timilai,strong,306,306,,metadata_only
Tara Devi - Phool Ko Thunga (cover by TMPLCT & Anjali Luitel).mp3,Tara Devi - Phool Ko Thunga (cover by TMPLCT & Anjali Luitel).mp3,tmplct|tara devi phool ko thunga by tmplct anjali luitel,Tmplct,Tara Devi - Phool Ko Thunga (cover by TMPLCT & Anjali Luitel),weak,3465,,,metadata_candidate
Tara Devi - Timile Diyeka.mp3,Tara Devi - Timile Diyeka.mp3,tara devi|timile diyeka,Tara Devi,Timile Diyeka,strong,3567,3567,,metadata_only
Tara Devi - Timro Pau Haruma.mp3,Tara Devi - Timro Pau Haruma.mp3,tara devi|timro pau haruma,Tara Devi,Timro Pau Haruma,strong,3684,3684,,metadata_only
Tara Devi - Usko Maya Le Maryo.mp3,Tara Devi - Usko Maya Le Maryo.mp3,tara devi|usko maya le maryo,Tara Devi,Usko Maya Le Maryo,strong,526,526,,metadata_only
Tara Devi - Yeti Thulo Sansarma.mp3,Tara Devi - Yeti Thulo Sansarma.mp3,tara devi|yeti thulo sansarma,Tara Devi,Yeti Thulo Sansarma,weak,3686,,,metadata_candidate
Tara jee - Ya Sajjan Randen Ya Ghar Randan.mp3,Tara jee - Ya Sajjan Randen Ya Ghar Randan.mp3,tara jee|ya sajjan randen ya ghar randan,Tara jee,Ya Sajjan Randen Ya Ghar Randan,none,1370,,,metadata_candidate
Tasveer khanam - Na Sajjan Tou Mok Lokaa.mp3,Tasveer khanam - Na Sajjan Tou Mok Lokaa.mp3,tasveer khanam|na sajjan tou mok lokaa,Tasveer khanam,Na Sajjan Tou Mok Lokaa,none,3413,,,metadata_candidate
Tatopani - Tatopani.mp3,Tatopani - Tatopani.mp3,tatopani|tatopani,Tatopani,Tatopani,weak,2156,,,metadata_candidate
Teej Ko Rahara Aayo Bari lai  Re Make Manju Thapa Karishma Manandhar Basundhara Bhusal Popular Teej.m4a,Teej Ko Rahara Aayo Bari lai  Re Make Manju Thapa Karishma Manandhar Basundhara Bhusal Popular Teej.m4a,manju thapa|teej ko rahara aayo bari lai re make manju thapa karishma manandhar basundhara bhusal popular teej,Manju Thapa,Teej Ko Rahara Aayo Bari lai  Re Make Manju Thapa Karishma Manandhar Basundhara Bhusal Popular Teej,probable,1746,,,metadata_candidate
Teej Ko Ranko ｜ Bhadaure Maina ｜ Kali Prasad Baskota ｜ Darshana Ganga Mrinal Pitu ｜ तीजको रन्को.m4a,Teej Ko Ranko ｜ Bhadaure Maina ｜ Kali Prasad Baskota ｜ Darshana Ganga Mrinal Pitu ｜ तीजको रन्को.m4a,kali prasad baskota|teej ko ranko,Kali Prasad Baskota,Teej Ko Ranko | Bhadaure Maina | Kali Prasad Baskota | Darshana Ganga Mrinal Pitu | तीजको रन्को,weak,4155,,,metadata_candidate
Teej Song 2070 ： Vinaju Palkera (भिनाजु पल्केर).m4a,Teej Song 2070 ： Vinaju Palkera (भिनाजु पल्केर).m4a,bishnu majhi|teej song vinaju palkera भिनाजु पल्केर,Bishnu Majhi,Teej Song 2070 : Vinaju Palkera (भिनाजु पल्केर),weak,3163,,,metadata_candidate
Teej Song Barilai Nachchhu Chhamma - Vocal- Sirju www.freenepalisong.com.mp3,Teej Song Barilai Nachchhu Chhamma - Vocal- Sirju www.freenepalisong.com.mp3,archive org|teej song barilai nachchhu chhamma vocal sirju,archive.org,Teej Song Barilai Nachchhu Chhamma - Vocal- Sirju www.freenepalisong.com,weak,3163,,,metadata_candidate
Teej Song Nepal Ko Pragati Acchamm Cha Dai by Ramesh K S DJ FM Party Song कृपया गित सेयर गरि दिनुहोस.m4a,Teej Song Nepal Ko Pragati Acchamm Cha Dai by Ramesh K S DJ FM Party Song कृपया गित सेयर गरि दिनुहोस.m4a,nepali modern songs pop r|teej song nepal ko pragati acchamm cha dai by ramesh k s dj fm party song कृपया गित सेयर गरि दिनुहोस,Nepali Modern Songs Pop R,Teej Song Nepal Ko Pragati Acchamm Cha Dai by Ramesh K S DJ FM Party Song कृपया गित सेयर गरि दिनुहोस,strong,2944,2944,,metadata_only
Teej Song.mp3,Teej Song.mp3,archive org|teej song,archive.org,Teej Song,weak,901,,,metadata_candidate
TEEJA MANE BAR  तिजा माने बर CG. SONG SHRUTI PANDEY AKANKSHA BANJARE CHAMPA NISHAD MANISHA KASHYAP.m4a,TEEJA MANE BAR  तिजा माने बर CG. SONG SHRUTI PANDEY AKANKSHA BANJARE CHAMPA NISHAD MANISHA KASHYAP.m4a,shubh music official|teeja mane bar तिजा माने बर cg song shruti pandey akanksha banjare champa nishad manisha kashyap,shubh music official,TEEJA MANE BAR  तिजा माने बर CG. SONG SHRUTI PANDEY AKANKSHA BANJARE CHAMPA NISHAD MANISHA KASHYAP,strong,3165,3165,,metadata_only
"Tek BC, Melina Rai - Mayale Maryo.mp3","Tek BC, Melina Rai - Mayale Maryo.mp3",tek bc melina rai|mayale maryo,"Tek BC, Melina Rai",Mayale Maryo,strong,1701,1701,,metadata_only
"Tekendra Shah, Melina Rai - Lau Gori.mp3","Tekendra Shah, Melina Rai - Lau Gori.mp3",tekendra shah melina rai|lau gori,"Tekendra Shah, Melina Rai",Lau Gori,weak,578,,,metadata_candidate
tensan hataideu New Teej song 2072 www.babaalmasti.com.mp3,tensan hataideu New Teej song 2072 www.babaalmasti.com.mp3,archive org|tensan hataideu new teej song,archive.org,tensan hataideu New Teej song 2072 www.babaalmasti.com,weak,3163,,,metadata_candidate
Teo Mazet - Nepali Forest.mp3,Teo Mazet - Nepali Forest.mp3,teo mazet|nepali forest,Teo Mazet,Nepali Forest,weak,207,,,metadata_candidate
Tha Xaina.m4a,Tha Xaina.m4a,gbob music|tha xaina,GBOB MUSIC,Tha Xaina,weak,1757,,,metadata_candidate
Thaa Chaina.m4a,Thaa Chaina.m4a,vten|thaa chaina,VTEN,Thaa Chaina,strong,3998,3998,,metadata_only
THE ACT feat. Kiran Nepali - Prashna.mp3,THE ACT feat. Kiran Nepali - Prashna.mp3,the act feat kiran nepali|prashna,THE ACT feat. Kiran Nepali,Prashna,weak,2094,,,metadata_candidate
The Axe Band - 01 LUKNA DEU.mp3,The Axe Band - 01 LUKNA DEU.mp3,the axe band|01 lukna deu,The Axe Band,01 LUKNA DEU,strong,3705,3705,,metadata_only
The Axe Band - 02 CHIYA BARI MA.mp3,The Axe Band - 02 CHIYA BARI MA.mp3,the axe band|02 chiya bari ma,The Axe Band,02 CHIYA BARI MA,strong,3773,3773,,metadata_only
The Axe Band - 04 THADHO JANE UKALO.mp3,The Axe Band - 04 THADHO JANE UKALO.mp3,the axe band|04 thadho jane ukalo,The Axe Band,04 THADHO JANE UKALO,probable,3711,,,metadata_candidate
The Axe Band - 05 MA AAUDAICHHU.mp3,The Axe Band - 05 MA AAUDAICHHU.mp3,the axe band|05 ma aaudaichhu,The Axe Band,05 MA AAUDAICHHU,strong,3719,3719,,metadata_only
The Axe Band - 12 PARDESH GAYE.mp3,The Axe Band - 12 PARDESH GAYE.mp3,the axe band|12 pardesh gaye,The Axe Band,12 PARDESH GAYE,weak,1728,,,metadata_candidate
The Axe Band - 17_TIMI_AAKASHKO_JOON.mp3,The Axe Band - 17_TIMI_AAKASHKO_JOON.mp3,the axe band|17_timi_aakashko_joon,The Axe Band,17_TIMI_AAKASHKO_JOON,weak,,,,no_lyrics
The Axe Band - Lukna Deu.mp3,The Axe Band - Lukna Deu.mp3,the axe band|lukna deu,The Axe Band,Lukna Deu,strong,3705,3705,,metadata_only
The Band of the Brigade of Gurkhas - Men of the Hills _ Zorba the Greek _ Yo Nepali.mp3,The Band of the Brigade of Gurkhas - Men of the Hills _ Zorba the Greek _ Yo Nepali.mp3,the band of the brigade of gurkhas|men of the hills zorba the greek yo nepali,The Band of the Brigade of Gurkhas,Men of the Hills / Zorba the Greek / Yo Nepali,probable,207,,,metadata_candidate
The Edge Band - Laayo Timiley Mayalu.mp3,The Edge Band - Laayo Timiley Mayalu.mp3,the edge band|laayo timiley mayalu,The Edge Band,Laayo Timiley Mayalu,strong,56,56,,metadata_only
The Edge Band - Nachahe Ko Hoina.mp3,The Edge Band - Nachahe Ko Hoina.mp3,the edge band|nachahe ko hoina,The Edge Band,Nachahe Ko Hoina,strong,3749,3749,,metadata_only
The Edge Band - Nachaheko Hoina Old Version.mp3,The Edge Band - Nachaheko Hoina Old Version.mp3,the edge band|nachaheko hoina old version,The Edge Band,Nachaheko Hoina Old Version,probable,3738,3738,,lyrics_confirmed
The Edge Band - Nachaheko Hoina Timilai.mp3,The Edge Band - Nachaheko Hoina Timilai.mp3,the edge band|nachaheko hoina timilai,The Edge Band,Nachaheko Hoina Timilai,strong,3738,3738,,metadata_only
The Edge Band - Nachodnu Yo Saath.mp3,The Edge Band - Nachodnu Yo Saath.mp3,the edge band|nachodnu yo saath,The Edge Band,Nachodnu Yo Saath,strong,1219,1219,,metadata_only
The Edge Band - Prayas.mp3,The Edge Band - Prayas.mp3,the edge band|prayas,The Edge Band,Prayas,strong,3176,3176,,metadata_only
The Edge Band - Samjhine Mutu.mp3,The Edge Band - Samjhine Mutu.mp3,the edge band|samjhine mutu,The Edge Band,Samjhine Mutu,strong,1222,1222,,metadata_only
The Edge Band - Thaha Chaina.mp3,The Edge Band - Thaha Chaina.mp3,the edge band|thaha chaina,The Edge Band,Thaha Chaina,strong,1223,1223,,metadata_only
The Edge Band - Traash.mp3,The Edge Band - Traash.mp3,the edge band|traash,The Edge Band,Traash,probable,2281,,A-58df69c2ff,new_lyrics
The Edge Band - Yo Dil Mero.mp3,The Edge Band - Yo Dil Mero.mp3,the edge band|yo dil mero,The Edge Band,Yo Dil Mero,strong,1225,1225,,metadata_only
The Electronic Commode - Cobweb.mp3,The Electronic Commode - Cobweb.mp3,the electronic commode|cobweb,The Electronic Commode,Cobweb,none,,,,no_lyrics
The Four Grand Vows & Opening Prayer before Reading a Sutra.mp3,The Four Grand Vows & Opening Prayer before Reading a Sutra.mp3,society of ksitigarbha studies usa|the four grand vows opening prayer before reading a sutra,"Society of Ksitigarbha Studies, USA",The Four Grand Vows & Opening Prayer before Reading a Sutra,none,,,,no_lyrics
The Night Before Bit Mess.mp3,The Night Before Bit Mess.mp3,various artists|the night before bit mess,Various Artists,The Night Before Bit Mess,none,,,,no_lyrics
"The Semri ｜｜ New Tamang Movie HYANG TAMANG Official Song ｜｜ Abhi Lama, Anita Gole.m4a","The Semri ｜｜ New Tamang Movie HYANG TAMANG Official Song ｜｜ Abhi Lama, Anita Gole.m4a",osrdigital|the semri,OSRDigital,"The Semri || New Tamang Movie HYANG TAMANG Official Song || Abhi Lama, Anita Gole",none,842,,,metadata_candidate
THECOMEUP ＊V2＊ - Lil Buddha.mp3,THECOMEUP ＊V2＊ - Lil Buddha.mp3,lil_buddha_|thecomeup v2 lil buddha,Lil_Buddha_,THECOMEUP *V2* - Lil Buddha,weak,3051,,,metadata_candidate
thoda sa ge chhori pata Budha sange Budhi pata.m4a,thoda sa ge chhori pata Budha sange Budhi pata.m4a,kanjan herenj 707|thoda sa ge chhori pata budha sange budhi pata,kanjan herenj 707,thoda sa ge chhori pata Budha sange Budhi pata,none,,,,no_lyrics
Tiki Devi - Nepali Song.mp3,Tiki Devi - Nepali Song.mp3,tiki devi|,Tiki Devi,Nepali Song,none,3934,,,metadata_candidate
"Timi Mero Sanjeevani ｜｜ KAMALA MISS Movie Song 2026 ｜｜ Basana Timilsina, Aarav Dahal, Shivam Saraf.m4a","Timi Mero Sanjeevani ｜｜ KAMALA MISS Movie Song 2026 ｜｜ Basana Timilsina, Aarav Dahal, Shivam Saraf.m4a",osrdigital|timi mero sanjeevani,OSRDigital,"Timi Mero Sanjeevani || KAMALA MISS Movie Song 2026 || Basana Timilsina, Aarav Dahal, Shivam Saraf",weak,752,,,metadata_candidate
"Timi Nabhaye ｜ I AM JIT BAHADUR Movie Song 2026 (Sad Song) ｜ Jitu Nepal, Priyanka Karki, Barsha Raut.m4a","Timi Nabhaye ｜ I AM JIT BAHADUR Movie Song 2026 (Sad Song) ｜ Jitu Nepal, Priyanka Karki, Barsha Raut.m4a",osrdigital|timi nabhaye,OSRDigital,"Timi Nabhaye | I AM JIT BAHADUR Movie Song 2026 (Sad Song) | Jitu Nepal, Priyanka Karki, Barsha Raut",weak,3891,,,metadata_candidate
"Timi Saath Huda ｜｜ Shiva Pariyar ｜｜ Neer Dahal, Sanju Karki, Manisha Panth ｜｜ New Nepali Song 2026.m4a","Timi Saath Huda ｜｜ Shiva Pariyar ｜｜ Neer Dahal, Sanju Karki, Manisha Panth ｜｜ New Nepali Song 2026.m4a",osrdigital|timi saath huda,OSRDigital,"Timi Saath Huda || Shiva Pariyar || Neer Dahal, Sanju Karki, Manisha Panth || New Nepali Song 2026",weak,752,,,metadata_candidate
"Timilai Hasauchhu ｜｜ BEHULI Movie Sad Song 2026 ｜ Cool Boy (Paras Bam Thakuri), Divya Rayamajhi.m4a","Timilai Hasauchhu ｜｜ BEHULI Movie Sad Song 2026 ｜ Cool Boy (Paras Bam Thakuri), Divya Rayamajhi.m4a",osrdigital|timilai hasauchhu,OSRDigital,"Timilai Hasauchhu || BEHULI Movie Sad Song 2026 | Cool Boy (Paras Bam Thakuri), Divya Rayamajhi",weak,1555,,,metadata_candidate
"Timilai Ke Thaha Sanu ｜｜ MAIJHARO Nepali Movie Official Song 2025 ｜｜ Dhiraj Magar, Miruna Magar.m4a","Timilai Ke Thaha Sanu ｜｜ MAIJHARO Nepali Movie Official Song 2025 ｜｜ Dhiraj Magar, Miruna Magar.m4a",osrdigital|timilai ke thaha sanu,OSRDigital,"Timilai Ke Thaha Sanu || MAIJHARO Nepali Movie Official Song 2025 || Dhiraj Magar, Miruna Magar",weak,1555,,,metadata_candidate
"Timilai Maya Garchhu Hridayale - Preeti Kaur ｜｜ LAALIMAA Movie Official Song 2026 ｜｜ Roshni, Jiban.m4a","Timilai Maya Garchhu Hridayale - Preeti Kaur ｜｜ LAALIMAA Movie Official Song 2026 ｜｜ Roshni, Jiban.m4a",osrdigital|timilai maya garchhu hridayale preeti kaur,OSRDigital,"Timilai Maya Garchhu Hridayale - Preeti Kaur || LAALIMAA Movie Official Song 2026 || Roshni, Jiban",weak,526,,,metadata_candidate
TIMRO CHAHANA.m4a,TIMRO CHAHANA.m4a,gbob music|timro chahana,GBOB MUSIC,TIMRO CHAHANA,strong,2921,2921,,metadata_only
"Timro Hamro Preet ｜｜ LOKANTI Nepali Movie Official Song 2082 ｜｜ Kumar Neupane, Bimala Limbu.m4a","Timro Hamro Preet ｜｜ LOKANTI Nepali Movie Official Song 2082 ｜｜ Kumar Neupane, Bimala Limbu.m4a",osrdigital|timro hamro preet,OSRDigital,"Timro Hamro Preet || LOKANTI Nepali Movie Official Song 2082 || Kumar Neupane, Bimala Limbu",weak,3614,,,metadata_candidate
Timro Kassam -Nepsydaz ft Dibya Subba (Lyrics Video).m4a,Timro Kassam -Nepsydaz ft Dibya Subba (Lyrics Video).m4a,uckvzqfq0eivvb0r2s3yataa|timro kassam nepsydaz ft dibya subba,UCKvZqfQ0eIVvB0r2s3yaTaA,Timro Kassam -Nepsydaz ft Dibya Subba (Lyrics Video),weak,3614,,,metadata_candidate
timro neno aagalo ko maya ... - nepali old songs.mp3,timro neno aagalo ko maya ... - nepali old songs.mp3,timro neno aagalo ko maya|nepali old songs,timro neno aagalo ko maya ...,nepali old songs,weak,207,,,metadata_candidate
timro yek muskanma sara khusi r lama - nepali pop songs.mp3,timro yek muskanma sara khusi r lama - nepali pop songs.mp3,timro yek muskanma sara khusi r lama|nepali pop songs,timro yek muskanma sara khusi r lama,nepali pop songs,weak,207,,,metadata_candidate
"Tin Pane Ko Jhadka ｜ Ft. Bina Raut, Sagar Banmala ｜ Mahesh Thapa, Pabitra Gurung ｜ New Nepali Song.m4a","Tin Pane Ko Jhadka ｜ Ft. Bina Raut, Sagar Banmala ｜ Mahesh Thapa, Pabitra Gurung ｜ New Nepali Song.m4a",osrdigital|tin pane ko jhadka,OSRDigital,"Tin Pane Ko Jhadka | Ft. Bina Raut, Sagar Banmala | Mahesh Thapa, Pabitra Gurung | New Nepali Song",weak,1930,,,metadata_candidate
Tipical Nepali Folk Songs - cha bhane maya.mp3,Tipical Nepali Folk Songs - cha bhane maya.mp3,tipical nepali folk songs|cha bhane maya,Tipical Nepali Folk Songs,cha bhane maya,strong,526,526,,metadata_only
Tipical Nepali Folk Songs - phool ko mala.mp3,Tipical Nepali Folk Songs - phool ko mala.mp3,tipical nepali folk songs|phool ko mala,Tipical Nepali Folk Songs,phool ko mala,strong,3465,3465,,metadata_only
Tiyo Pari Dara Ko Gumba Ma  (official song of Anjil moktan) Gorubathan.m4a,Tiyo Pari Dara Ko Gumba Ma  (official song of Anjil moktan) Gorubathan.m4a,anjil aj music|tiyo pari dara ko gumba ma gorubathan,Anjil Aj Music 🎶,Tiyo Pari Dara Ko Gumba Ma  (official song of Anjil moktan) Gorubathan,probable,270,,,metadata_candidate
Todiyo Todiyo by Rajesh Rainew nepali pop song 2 - by Rajesh Rainew nepali pop song 2015official.mp3,Todiyo Todiyo by Rajesh Rainew nepali pop song 2 - by Rajesh Rainew nepali pop song 2015official.mp3,todiyo todiyo by rajesh rainew nepali pop song 2|by rajesh rainew nepali pop song 2015official,Todiyo Todiyo by Rajesh Rainew nepali pop song 2,by Rajesh Rainew nepali pop song 2015official,probable,207,,,metadata_candidate
Topendra 2.0 Lyrics   Chirag Khadka   Lyrical Video By TMusic.m4a,Topendra 2.0 Lyrics   Chirag Khadka   Lyrical Video By TMusic.m4a,utsarga adhikari|topendra 2 0 lyrics chirag khadka by tmusic,Utsarga Adhikari,Topendra 2.0 Lyrics   Chirag Khadka   Lyrical Video By TMusic,weak,1335,,,metadata_candidate
TOXIC - Lil Buddha.mp3,TOXIC - Lil Buddha.mp3,lil_buddha_|toxic lil buddha,Lil_Buddha_,TOXIC - Lil Buddha,weak,1331,,,metadata_candidate
Trap Nepal-uniq poet.mp3,Trap Nepal-uniq poet.mp3,tastenepsmusic|trap nepal uniq poet,TasteNepsMusic,Trap Nepal-uniq poet,weak,2944,,,metadata_candidate
Trap nepal.mp3,Trap nepal.mp3,nickolarse wright|trap nepal,NickolARSE Wright,Trap nepal,weak,2944,,,metadata_candidate
Tribal Rain - Bhanai.mp3,Tribal Rain - Bhanai.mp3,tribal rain|bhanai,Tribal Rain,Bhanai,strong,3798,3798,,metadata_only
Tribal Rain - Devi Deuta.mp3,Tribal Rain - Devi Deuta.mp3,tribal rain|devi deuta,Tribal Rain,Devi Deuta,strong,3801,3801,,metadata_only
Tribal Rain - Devi Devta.mp3,Tribal Rain - Devi Devta.mp3,tribal rain|devi devta,Tribal Rain,Devi Devta,strong,3801,3801,,metadata_only
Tribal Rain - How Long We Can Wait.mp3,Tribal Rain - How Long We Can Wait.mp3,tribal rain|how long we can wait,Tribal Rain,How Long We Can Wait,weak,,,,no_lyrics
Tribal Rain - It's Ok.mp3,Tribal Rain - It's Ok.mp3,tribal rain|it s ok,Tribal Rain,It's Ok,weak,154,,,metadata_candidate
Tribal Rain - Sahara.mp3,Tribal Rain - Sahara.mp3,tribal rain|sahara,Tribal Rain,Sahara,strong,3810,3810,,metadata_only
Tribal Rain - Swarga.mp3,Tribal Rain - Swarga.mp3,tribal rain|swarga,Tribal Rain,Swarga,weak,210,,,metadata_candidate
Tribal Rain Sikkim - Bhrama (Instrumental).mp3,Tribal Rain Sikkim - Bhrama (Instrumental).mp3,tribal rain sikkim|bhrama instrumental,Tribal Rain Sikkim,Bhrama (Instrumental),weak,2502,,,metadata_candidate
Tribal Rain Sikkim - Devi Deuta.mp3,Tribal Rain Sikkim - Devi Deuta.mp3,tribal rain sikkim|devi deuta,Tribal Rain Sikkim,Devi Deuta,strong,3801,3801,,metadata_only
Tribal Rain Sikkim - Juneli Raat.mp3,Tribal Rain Sikkim - Juneli Raat.mp3,tribal rain sikkim|juneli raat,Tribal Rain Sikkim,Juneli Raat,strong,2765,2765,,metadata_only
Tribal Rain Sikkim - Khola.mp3,Tribal Rain Sikkim - Khola.mp3,tribal rain sikkim|khola,Tribal Rain Sikkim,Khola,strong,330,330,,metadata_only
Tribal Rain Sikkim - Sangai.mp3,Tribal Rain Sikkim - Sangai.mp3,tribal rain sikkim|sangai,Tribal Rain Sikkim,Sangai,strong,3230,3230,,metadata_only
Tribal Rain Sikkim - Sunideu.mp3,Tribal Rain Sikkim - Sunideu.mp3,tribal rain sikkim|sunideu,Tribal Rain Sikkim,Sunideu,strong,428,428,,metadata_only
Tribal Rain Sikkim - Swarga.mp3,Tribal Rain Sikkim - Swarga.mp3,tribal rain sikkim|swarga,Tribal Rain Sikkim,Swarga,weak,210,,,metadata_candidate
Trotsky Experience Band - Albatross.mp3,Trotsky Experience Band - Albatross.mp3,trotsky experience band|albatross,Trotsky Experience Band,Albatross,weak,1303,,,metadata_candidate
Tulsipurma Dhulo Teej Song Mix.mp3,Tulsipurma Dhulo Teej Song Mix.mp3,dj cn rocks|tulsipurma dhulo teej song mix,dj CN rocks,Tulsipurma Dhulo Teej Song Mix,weak,3163,,,metadata_candidate
"Tuna Fukechha ｜｜ NISHABDA - नि：शब्द Movie Song 2026 ｜｜ Umesh Khadka, Saroj Dahal, Kabita Thami.m4a","Tuna Fukechha ｜｜ NISHABDA - नि：शब्द Movie Song 2026 ｜｜ Umesh Khadka, Saroj Dahal, Kabita Thami.m4a",osrdigital|tuna fukechha,OSRDigital,"Tuna Fukechha || NISHABDA - नि:शब्द Movie Song 2026 || Umesh Khadka, Saroj Dahal, Kabita Thami",none,2047,,,metadata_candidate
Tungna Ra Damfu Bajaudai..⧸Sindhu Malla⧸Bandana Moktan⧸Cover Dance Video.m4a,Tungna Ra Damfu Bajaudai..⧸Sindhu Malla⧸Bandana Moktan⧸Cover Dance Video.m4a,click digital|tungna ra damfu bajaudai sindhu malla bandana moktan dance video,CLICK DIGITAL,Tungna Ra Damfu Bajaudai../Sindhu Malla/Bandana Moktan/Cover Dance Video,none,,,,no_lyrics
Turn the lights off -MistaH K Ft Yamabuddha Duke & Bigshake.m4a,Turn the lights off -MistaH K Ft Yamabuddha Duke & Bigshake.m4a,uckvzqfq0eivvb0r2s3yataa|turn the lights off mistah k ft yamabuddha duke bigshake,UCKvZqfQ0eIVvB0r2s3yaTaA,Turn the lights off -MistaH K Ft Yamabuddha Duke & Bigshake,none,,,,no_lyrics
"Tyo Dilma ｜ Shantishree Pariyar ｜ Ft. Dev Raj Acharya, Pramita Rajghatane, Sushma KC ｜ Nepali Song.m4a","Tyo Dilma ｜ Shantishree Pariyar ｜ Ft. Dev Raj Acharya, Pramita Rajghatane, Sushma KC ｜ Nepali Song.m4a",osrdigital|tyo dilma,OSRDigital,"Tyo Dilma | Shantishree Pariyar | Ft. Dev Raj Acharya, Pramita Rajghatane, Sushma KC | Nepali Song",weak,280,,,metadata_candidate
U.n.i.Q freeverse love.m4a,U.n.i.Q freeverse love.m4a,uniq poet|u n i q freeverse love,Uniq Poet,U.n.i.Q freeverse love,weak,267,,,metadata_candidate
Udaayo Mann ｜ BEHULI from MEGHAULI Nepali Movie Official Song ｜ Swastima Khadka ｜ Simran Khadka.m4a,Udaayo Mann ｜ BEHULI from MEGHAULI Nepali Movie Official Song ｜ Swastima Khadka ｜ Simran Khadka.m4a,osr digital|udaayo mann,OSR Digital,Udaayo Mann | BEHULI from MEGHAULI Nepali Movie Official Song | Swastima Khadka | Simran Khadka,weak,772,,,metadata_candidate
"Udhumai Ramri ｜｜ Abishek Shrestha, Juna Sundas, SaRoj Praja, Karishma ｜｜ Kiran Bimali ｜｜ Nepali Song.m4a","Udhumai Ramri ｜｜ Abishek Shrestha, Juna Sundas, SaRoj Praja, Karishma ｜｜ Kiran Bimali ｜｜ Nepali Song.m4a",osrdigital|udhumai ramri,OSRDigital,"Udhumai Ramri || Abishek Shrestha, Juna Sundas, SaRoj Praja, Karishma || Kiran Bimali || Nepali Song",weak,303,,,metadata_candidate
"Udit Narayan Jha, Bimala Rai - Mero Aankha Ramro.mp3","Udit Narayan Jha, Bimala Rai - Mero Aankha Ramro.mp3",udit narayan jha bimala rai|mero aankha ramro,"Udit Narayan Jha, Bimala Rai",Mero Aankha Ramro,probable,490,,,metadata_candidate
"Udit Narayan, Poornima - Sushma Shrestha - 05 - Ooiiyan Ooiiyan.mp3","Udit Narayan, Poornima - Sushma Shrestha - 05 - Ooiiyan Ooiiyan.mp3",udit narayan poornima sushma shrestha|05 ooiiyan ooiiyan,"Udit Narayan, Poornima - Sushma Shrestha",05 - Ooiiyan Ooiiyan,weak,,,,no_lyrics
Uma - Little Buddha.m4a,Uma - Little Buddha.m4a,uma shanti|uma little buddha,Uma Shanti,Uma - Little Buddha,none,3051,,,metadata_candidate
Underneath the cobweb - Me and the people.mp3,Underneath the cobweb - Me and the people.mp3,underneath the cobweb|me and the people,Underneath the cobweb,Me and the people,strong,2923,2923,,metadata_only
Underneath the cobweb - Pefka.mp3,Underneath the cobweb - Pefka.mp3,underneath the cobweb|pefka,Underneath the cobweb,Pefka,weak,3649,,,metadata_candidate
Unik Poet Stand Up Ft Aid Ray ｜ Nephop TV ｜.m4a,Unik Poet Stand Up Ft Aid Ray ｜ Nephop TV ｜.m4a,nephop tv|unik poet stand up ft aid ray,Nephop Tv,Unik Poet Stand Up Ft Aid Ray | Nephop TV |,weak,171,,,metadata_candidate
Uniq - Kaam (Prod. by Bluesss).m4a,Uniq - Kaam (Prod. by Bluesss).m4a,uniq poet|uniq kaam,Uniq Poet,Uniq - Kaam (Prod. by Bluesss),strong,1386,1386,,metadata_only
Uniq Breaking Point.mp3,Uniq Breaking Point.mp3,uniq poet|uniq breaking point,Uniq Poet,Uniq Breaking Point,weak,1159,,,metadata_candidate
Uniq Poet & Blues-STRAIGHT OUTTA KATHMANDU (ft. MC DAVE).m4a,Uniq Poet & Blues-STRAIGHT OUTTA KATHMANDU (ft. MC DAVE).m4a,flyingtunesmusic|uniq poet blues straight outta kathmandu ft mc dave,FlyingTunesMusic,Uniq Poet & Blues-STRAIGHT OUTTA KATHMANDU (ft. MC DAVE),weak,880,,,metadata_candidate
UNIQ POET & BLUESSS - STRAIGHT OUTTA KATHMANDU (ft. MC DAVE) Official Music Video.m4a,UNIQ POET & BLUESSS - STRAIGHT OUTTA KATHMANDU (ft. MC DAVE) Official Music Video.m4a,shahraiz ali|uniq poet bluesss straight outta kathmandu ft mc dave,Shahraiz ali,UNIQ POET & BLUESSS - STRAIGHT OUTTA KATHMANDU (ft. MC DAVE) Official Music Video,weak,880,,,metadata_candidate
UNIQ POET - IELTS MA 7(360P)-mc.mp3.m4a,UNIQ POET - IELTS MA 7(360P)-mc.mp3.m4a,crazy boy|uniq poet ielts ma 7 mc mp3,crazy boy,UNIQ POET - IELTS MA 7(360P)-mc.mp3,weak,3773,,,metadata_candidate
UNIQ POET - KAALO (Purple Melody Remix).m4a,UNIQ POET - KAALO (Purple Melody Remix).m4a,uniq poet|uniq poet kaalo purple melody,Uniq Poet,UNIQ POET - KAALO (Purple Melody Remix),strong,3940,3940,,metadata_only
UNIQ Poet - kaalo 2.0 ( emiway bantai diss).m4a,UNIQ Poet - kaalo 2.0 ( emiway bantai diss).m4a,nepalstarmusic tv|uniq poet kaalo 2 0 emiway bantai diss,NEPALSTARMUSIC Tv,UNIQ Poet - kaalo 2.0 ( emiway bantai diss),weak,3940,,,metadata_candidate
UNIQ POET - Killah 03.mp3,UNIQ POET - Killah 03.mp3,nephop industry|uniq poet killah 03,Nephop Industry,UNIQ POET - Killah 03,none,1295,,,metadata_candidate
Uniq Poet - Mero Desh Birami (Prod. By Reverb Dust) (1080p).m4a,Uniq Poet - Mero Desh Birami (Prod. By Reverb Dust) (1080p).m4a,ronmessrajukandel|uniq poet mero desh birami,Ronmessrajukandel,Uniq Poet - Mero Desh Birami (Prod. By Reverb Dust) (1080p),weak,1387,,,metadata_candidate
UNIQ POET - Tamaso.m4a,UNIQ POET - Tamaso.m4a,trap nepal|uniq poet tamaso,Trap Nepal,UNIQ POET - Tamaso,probable,3946,,,metadata_candidate
Uniq Poet Jheli (feat. Kavi G).m4a,Uniq Poet Jheli (feat. Kavi G).m4a,gonenp|uniq poet jheli feat kavi g,gonenp,Uniq Poet Jheli (feat. Kavi G),none,,,,no_lyrics
Uniq Poet x Kavi G x Menace - Uth Aghi Badh_HIGH-mc.mp3.m4a,Uniq Poet x Kavi G x Menace - Uth Aghi Badh_HIGH-mc.mp3.m4a,crazy boy|uniq poet x kavi g x menace uth aghi badh_high mc mp3,crazy boy,Uniq Poet x Kavi G x Menace - Uth Aghi Badh_HIGH-mc.mp3,none,,,,no_lyrics
Upendra Nepali - Mile Aaib Gori Ham Chori Chori.mp3,Upendra Nepali - Mile Aaib Gori Ham Chori Chori.mp3,upendra nepali|mile aaib gori ham chori chori,Upendra Nepali,Mile Aaib Gori Ham Chori Chori,weak,3058,,,metadata_candidate
Urli Aayo Saune Jhari (उर्लिआयो साउने झरी).mp3,Urli Aayo Saune Jhari (उर्लिआयो साउने झरी).mp3,neelatamang|urli aayo saune jhari उर्लिआयो साउने झरी,neelatamang,Urli Aayo Saune Jhari (उर्लिआयो साउने झरी),weak,1985,,,metadata_candidate
Usha ko lali sangai by Strangers Band.m4a,Usha ko lali sangai by Strangers Band.m4a,ayush shakya|usha ko lali sangai by strangers band,Ayush Shakya,Usha ko lali sangai by Strangers Band,probable,3230,,,metadata_candidate
"UshaKiran Adhikari, Kumar Basnet - Dhankutta Hile.mp3","UshaKiran Adhikari, Kumar Basnet - Dhankutta Hile.mp3",ushakiran adhikari kumar basnet|dhankutta hile,"UshaKiran Adhikari, Kumar Basnet",Dhankutta Hile,weak,2806,,,metadata_candidate
"Usle Chhode Pachhi ｜｜ Om Tilak Oli, Eleena Chauhan ｜｜ Sandesh, Anamika, Sajita, Nabin ｜｜ New Song.m4a","Usle Chhode Pachhi ｜｜ Om Tilak Oli, Eleena Chauhan ｜｜ Sandesh, Anamika, Sajita, Nabin ｜｜ New Song.m4a",osrdigital|usle chhode pachhi,OSRDigital,"Usle Chhode Pachhi || Om Tilak Oli, Eleena Chauhan || Sandesh, Anamika, Sajita, Nabin || New Song",weak,1740,,,metadata_candidate
Ustad Sakhawat Khan - Sajjan Di Be Rukhai A Kiya Krejy.mp3,Ustad Sakhawat Khan - Sajjan Di Be Rukhai A Kiya Krejy.mp3,ustad sakhawat khan|sajjan di be rukhai a kiya krejy,Ustad Sakhawat Khan,Sajjan Di Be Rukhai A Kiya Krejy,none,,,,no_lyrics
"Uth Aghi Badh - Kavi G, Uniq Poet, Brhymin.m4a.mp3","Uth Aghi Badh - Kavi G, Uniq Poet, Brhymin.m4a.mp3",ronmessrajukandel|uth aghi badh kavi g uniq poet brhymin m4a,Ronmessrajukandel,"Uth Aghi Badh - Kavi G, Uniq Poet, Brhymin.m4a",none,,,,no_lyrics
"Uttam Thapa Magar UD, Rajan Raj Shiwakoti, Melina Rai - Mitho Mitho.mp3","Uttam Thapa Magar UD, Rajan Raj Shiwakoti, Melina Rai - Mitho Mitho.mp3",uttam thapa magar ud rajan raj shiwakoti melina rai|mitho mitho,"Uttam Thapa Magar UD, Rajan Raj Shiwakoti, Melina Rai",Mitho Mitho,strong,1006,1006,,metadata_only
Video ｜ जिही जबले रही सुहागन हो ｜ Teej Special Song ｜ #Amrapali Dubey ｜ Priyanka Singh ｜ Teej Song.m4a,Video ｜ जिही जबले रही सुहागन हो ｜ Teej Special Song ｜ #Amrapali Dubey ｜ Priyanka Singh ｜ Teej Song.m4a,yashi music world|video,Yashi Music World,Video | जिही जबले रही सुहागन हो | Teej Special Song | #Amrapali Dubey | Priyanka Singh | Teej Song,none,,,,no_lyrics
VIJE KHAVERI VEERA VAJAVAJERI BANJARA TEEJ SONG REMIX BY DJ SONU SK.mp3,VIJE KHAVERI VEERA VAJAVAJERI BANJARA TEEJ SONG REMIX BY DJ SONU SK.mp3,dj sonu sk 06|vije khaveri veera vajavajeri banjara teej song by dj sonu sk,Dj Sonu Sk 06,VIJE KHAVERI VEERA VAJAVAJERI BANJARA TEEJ SONG REMIX BY DJ SONU SK,weak,3163,,,metadata_candidate
Vikash Raja - Bagal Vali Hamse Pat Jaye.mp3,Vikash Raja - Bagal Vali Hamse Pat Jaye.mp3,vikash raja|bagal vali hamse pat jaye,Vikash Raja,Bagal Vali Hamse Pat Jaye,none,746,,,metadata_candidate
Vikash Raja - Bhole Baba Piyatani Ho Ganja.mp3,Vikash Raja - Bhole Baba Piyatani Ho Ganja.mp3,vikash raja|bhole baba piyatani ho ganja,Vikash Raja,Bhole Baba Piyatani Ho Ganja,weak,2372,,,metadata_candidate
Vikash Raja - Chal Ge Chhaudi Gaya Shahariya.mp3,Vikash Raja - Chal Ge Chhaudi Gaya Shahariya.mp3,vikash raja|chal ge chhaudi gaya shahariya,Vikash Raja,Chal Ge Chhaudi Gaya Shahariya,none,,,,no_lyrics
Vikash Raja - Chhane Chhane Badle Tohro Mijaj Chhaudi Randibaj Chhaudi.mp3,Vikash Raja - Chhane Chhane Badle Tohro Mijaj Chhaudi Randibaj Chhaudi.mp3,vikash raja|chhane chhane badle tohro mijaj chhaudi randibaj chhaudi,Vikash Raja,Chhane Chhane Badle Tohro Mijaj Chhaudi Randibaj Chhaudi,none,,,,no_lyrics
Vikash Raja - Chhauri Hippi Wali.mp3,Vikash Raja - Chhauri Hippi Wali.mp3,vikash raja|chhauri hippi wali,Vikash Raja,Chhauri Hippi Wali,none,2371,,,metadata_candidate
Vikash Raja - CHOT KHATE KHATE JINDGI PATHAR BAN GAI.mp3,Vikash Raja - CHOT KHATE KHATE JINDGI PATHAR BAN GAI.mp3,vikash raja|chot khate khate jindgi pathar ban gai,Vikash Raja,CHOT KHATE KHATE JINDGI PATHAR BAN GAI,none,2519,,,metadata_candidate
Vikash Raja - Dele Ba Kavan Lalaki Farak Re.mp3,Vikash Raja - Dele Ba Kavan Lalaki Farak Re.mp3,vikash raja|dele ba kavan lalaki farak re,Vikash Raja,Dele Ba Kavan Lalaki Farak Re,none,,,,no_lyrics
Vikash Raja - Hai Rate Ekdam 130 Ba.mp3,Vikash Raja - Hai Rate Ekdam 130 Ba.mp3,vikash raja|hai rate ekdam 130 ba,Vikash Raja,Hai Rate Ekdam 130 Ba,weak,1226,,,metadata_candidate
Vikash Raja - Hai Shiv Ke Pujari Ho.mp3,Vikash Raja - Hai Shiv Ke Pujari Ho.mp3,vikash raja|hai shiv ke pujari ho,Vikash Raja,Hai Shiv Ke Pujari Ho,weak,1226,,,metadata_candidate
Vikash Raja - Jara Me Mor Hota Donga.mp3,Vikash Raja - Jara Me Mor Hota Donga.mp3,vikash raja|jara me mor hota donga,Vikash Raja,Jara Me Mor Hota Donga,none,,,,no_lyrics
Vikash Raja - Jawani Sakhi Palang Pa Roy (2).mp3,Vikash Raja - Jawani Sakhi Palang Pa Roy (2).mp3,vikash raja|jawani sakhi palang pa roy,Vikash Raja,Jawani Sakhi Palang Pa Roy,weak,602,,,metadata_candidate
Vikash Raja - Karab Pujai Sarswati Mai Ke.mp3,Vikash Raja - Karab Pujai Sarswati Mai Ke.mp3,vikash raja|karab pujai sarswati mai ke,Vikash Raja,Karab Pujai Sarswati Mai Ke,none,1458,,,metadata_candidate
Vikash Raja - milanwa mai labhar se hoi.mp3,Vikash Raja - milanwa mai labhar se hoi.mp3,vikash raja|milanwa mai labhar se hoi,Vikash Raja,milanwa mai labhar se hoi,none,2630,,,metadata_candidate
Vikash Raja - Patna Ke Mela.mp3,Vikash Raja - Patna Ke Mela.mp3,vikash raja|patna ke mela,Vikash Raja,Patna Ke Mela,weak,559,,,metadata_candidate
Vikash Raja - Pudina Ke Pawar kawar mein Ba.mp3,Vikash Raja - Pudina Ke Pawar kawar mein Ba.mp3,vikash raja|pudina ke pawar kawar mein ba,Vikash Raja,Pudina Ke Pawar kawar mein Ba,none,,,,no_lyrics
Vikash Raja - Rangdari Kare Bihari.mp3,Vikash Raja - Rangdari Kare Bihari.mp3,vikash raja|rangdari kare bihari,Vikash Raja,Rangdari Kare Bihari,weak,2132,,,metadata_candidate
Vikash Raja - Vina ke Bajaiya.mp3,Vikash Raja - Vina ke Bajaiya.mp3,vikash raja|vina ke bajaiya,Vikash Raja,Vina ke Bajaiya,weak,1939,,,metadata_candidate
"Vikash Raja, Aisa Raj - Daiya daiya re khube Leh leba saiya re.mp3","Vikash Raja, Aisa Raj - Daiya daiya re khube Leh leba saiya re.mp3",vikash raja aisa raj|daiya daiya re khube leh leba saiya re,"Vikash Raja, Aisa Raj",Daiya daiya re khube Leh leba saiya re,none,,,,no_lyrics
"Vikash Raja, Anita Shiwani - Docter Sahab Dekhi Na Bhukhar Lagal Ba Ka.mp3","Vikash Raja, Anita Shiwani - Docter Sahab Dekhi Na Bhukhar Lagal Ba Ka.mp3",vikash raja anita shiwani|docter sahab dekhi na bhukhar lagal ba ka,"Vikash Raja, Anita Shiwani",Docter Sahab Dekhi Na Bhukhar Lagal Ba Ka,none,,,,no_lyrics
"Vikash Raja, Kumari Neetu - Maar Ye Saiya Taang Utha Le Bani.mp3","Vikash Raja, Kumari Neetu - Maar Ye Saiya Taang Utha Le Bani.mp3",vikash raja kumari neetu|maar ye saiya taang utha le bani,"Vikash Raja, Kumari Neetu",Maar Ye Saiya Taang Utha Le Bani,none,1338,,,metadata_candidate
"Vikash Raja, Kumari Neetu - Saat fero ke sato Vachan.mp3","Vikash Raja, Kumari Neetu - Saat fero ke sato Vachan.mp3",vikash raja kumari neetu|saat fero ke sato vachan,"Vikash Raja, Kumari Neetu",Saat fero ke sato Vachan,none,,,,no_lyrics
"Vikash Raja, Naina Yadav - Suru Kar Saiya Ji Sej Pa Ladai.mp3","Vikash Raja, Naina Yadav - Suru Kar Saiya Ji Sej Pa Ladai.mp3",vikash raja naina yadav|suru kar saiya ji sej pa ladai,"Vikash Raja, Naina Yadav",Suru Kar Saiya Ji Sej Pa Ladai,none,,,,no_lyrics
Vikram Shehzada - Sajjan Gawa Bewengi.mp3,Vikram Shehzada - Sajjan Gawa Bewengi.mp3,vikram shehzada|sajjan gawa bewengi,Vikram Shehzada,Sajjan Gawa Bewengi,none,,,,no_lyrics
Vinay Nepali - Ghiuwa Ke Deyawa.mp3,Vinay Nepali - Ghiuwa Ke Deyawa.mp3,vinay nepali|ghiuwa ke deyawa,Vinay Nepali,Ghiuwa Ke Deyawa,none,,,,no_lyrics
Vinay Nepali - Sachchi Dosti.mp3,Vinay Nepali - Sachchi Dosti.mp3,vinay nepali|sachchi dosti,Vinay Nepali,Sachchi Dosti,none,,,,no_lyrics
"Vinay Nepali, Neha Kushwaha - Laila Majanu.mp3","Vinay Nepali, Neha Kushwaha - Laila Majanu.mp3",vinay nepali neha kushwaha|laila majanu,"Vinay Nepali, Neha Kushwaha",Laila Majanu,weak,1038,,,metadata_candidate
Vipin Ggn - Sajjan Daultabad (2).mp3,Vipin Ggn - Sajjan Daultabad (2).mp3,vipin ggn|sajjan daultabad,Vipin Ggn,Sajjan Daultabad,none,460,,,metadata_candidate
VIREANAA BHENA BANJARA TEEJ SONG ( REMIX ) DJ SONU SK & DJ SURESH SP.m4a,VIREANAA BHENA BANJARA TEEJ SONG ( REMIX ) DJ SONU SK & DJ SURESH SP.m4a,dj sonu sk 09|vireanaa bhena banjara teej song dj sonu sk dj suresh sp,Dj Sonu Sk 09,VIREANAA BHENA BANJARA TEEJ SONG ( REMIX ) DJ SONU SK & DJ SURESH SP,weak,3163,,,metadata_candidate
VIRENO BAI NA BALALEN TEEJ SONG MIX BY DJ VENKY ROCKZ 888686880.mp3.m4a,VIRENO BAI NA BALALEN TEEJ SONG MIX BY DJ VENKY ROCKZ 888686880.mp3.m4a,dj venky rockz mbnr|vireno bai na balalen teej song mix by dj venky rockz 888686880 mp3,DJ VENKY ROCKZ MBNR,VIRENO BAI NA BALALEN TEEJ SONG MIX BY DJ VENKY ROCKZ 888686880.mp3,weak,3163,,,metadata_candidate
VIRENO BANJARA TEEJ SONG REMIX BUDWELDJSAI.mp3.m4a,VIRENO BANJARA TEEJ SONG REMIX BUDWELDJSAI.mp3.m4a,budweldjsai 12|vireno banjara teej song budweldjsai mp3,BUDWELDJSAI 12,VIRENO BANJARA TEEJ SONG REMIX BUDWELDJSAI.mp3,weak,3163,,,metadata_candidate
Vireno Banjara Teej Song Remix Dj Pradeep Smiley.m4a,Vireno Banjara Teej Song Remix Dj Pradeep Smiley.m4a,dj pradeep smiley 11|vireno banjara teej song dj pradeep smiley,DJ PRADEEP SMILEY 11,Vireno Banjara Teej Song Remix Dj Pradeep Smiley,weak,3163,,,metadata_candidate
Vivek Nepali - Rangdari Chalela Khandani.mp3,Vivek Nepali - Rangdari Chalela Khandani.mp3,vivek nepali|rangdari chalela khandani,Vivek Nepali,Rangdari Chalela Khandani,none,1135,,,metadata_candidate
Vivek Sherpa - Timi Mero Shikhar.mp3,Vivek Sherpa - Timi Mero Shikhar.mp3,vivek sherpa|timi mero shikhar,Vivek Sherpa,Timi Mero Shikhar,weak,752,,,metadata_candidate
Vlad & dj nePali feat. Jarique - Are you in team_ (2night mix by Vlad & dj nePali & Jarique).mp3,Vlad & dj nePali feat. Jarique - Are you in team_ (2night mix by Vlad & dj nePali & Jarique).mp3,vlad dj nepali feat jarique|are you in team 2night mix by vlad dj nepali jarique,Vlad & dj nePali feat. Jarique,Are you in team? (2night mix by Vlad & dj nePali & Jarique),weak,207,,,metadata_candidate
VTEN - CRMNL (OFFICIAL SONG) SAMIR GHISING.m4a,VTEN - CRMNL (OFFICIAL SONG) SAMIR GHISING.m4a,ramesh beatzs|vten crmnl samir ghising,Ramesh Beatzs,VTEN - CRMNL (OFFICIAL SONG) SAMIR GHISING,weak,1391,,,metadata_candidate
VTEN - Cypher.mp3,VTEN - Cypher.mp3,vten|cypher,VTEN,Cypher,strong,3978,3978,,metadata_only
VTEN - Galli Sadak (2).mp3,VTEN - Galli Sadak (2).mp3,vten|galli sadak,VTEN,Galli Sadak,strong,3980,3980,,metadata_only
VTEN - Galli Sadak.m4a,VTEN - Galli Sadak.m4a,nephop industry|vten galli sadak,Nephop Industry,VTEN - Galli Sadak,weak,3980,,,metadata_candidate
VTEN - Haalkhabar.mp3,VTEN - Haalkhabar.mp3,vten|haalkhabar,VTEN,Haalkhabar,strong,3981,3981,,metadata_only
VTEN - Laure Ko Fashion ( Prod. @BeatsByHype ).m4a,VTEN - Laure Ko Fashion ( Prod. @BeatsByHype ).m4a,trap nepal|vten laure ko fashion,Trap Nepal,VTEN - Laure Ko Fashion ( Prod. @BeatsByHype ),weak,1568,,,metadata_candidate
Vten - Laure Ko Fashion ｜｜ Lyrics Video ｜｜.m4a,Vten - Laure Ko Fashion ｜｜ Lyrics Video ｜｜.m4a,izzi vlogs|vten laure ko fashion,izzi vlogs,Vten - Laure Ko Fashion || Lyrics Video ||,weak,1568,,,metadata_candidate
VTEN - Maanchhe Khattam.mp3,VTEN - Maanchhe Khattam.mp3,vten|maanchhe khattam,VTEN,Maanchhe Khattam,strong,3989,3989,,metadata_only
VTEN - PAARAA.m4a,VTEN - PAARAA.m4a,iamthehighway_____|vten paaraa,Iamthehighway_____,VTEN - PAARAA,weak,3991,,,metadata_candidate
VTEN - PAARAA.mp3,VTEN - PAARAA.mp3,vten|paaraa,VTEN,PAARAA,strong,3991,3991,,metadata_only
VTEN - Simsime Paani Rev.mp3,VTEN - Simsime Paani Rev.mp3,vten|simsime paani rev,VTEN,Simsime Paani Rev,strong,3993,3993,,metadata_only
VTEN - STRAIN (WISP REMIX).m4a,VTEN - STRAIN (WISP REMIX).m4a,wisp|vten strain wisp,WISP,VTEN - STRAIN (WISP REMIX),weak,3994,,,metadata_candidate
VTEN - Thaa Chaina - New Nepali Rap Song 2020.m4a,VTEN - Thaa Chaina - New Nepali Rap Song 2020.m4a,parmu jr|vten thaa chaina new,parmu jr,VTEN - Thaa Chaina - New Nepali Rap Song 2020,weak,193,,,metadata_candidate
VTEN Ft. GBOB - Khel (Music Video) ｜｜ Prod. By Sik Music ｜｜.m4a,VTEN Ft. GBOB - Khel (Music Video) ｜｜ Prod. By Sik Music ｜｜.m4a,saayen beats|vten ft gbob khel,Saayen Beats,VTEN Ft. GBOB - Khel (Music Video) || Prod. By Sik Music ||,none,,,,no_lyrics
Vten x Emotional Piano Type Beat - ''Fulbari'' l Sad Rap Instrumental.m4a,Vten x Emotional Piano Type Beat - ''Fulbari'' l Sad Rap Instrumental.m4a,thakuri beats|vten x emotional piano type beat fulbari l sad rap instrumental,Thakuri Beats,Vten x Emotional Piano Type Beat - ''Fulbari'' l Sad Rap Instrumental,none,,,,no_lyrics
"VTEN, beatsbyhype - Haalkhabar.mp3","VTEN, beatsbyhype - Haalkhabar.mp3",vten beatsbyhype|haalkhabar,"VTEN, beatsbyhype",Haalkhabar,strong,3981,3981,,metadata_only
"VTEN, beatsbyhype - Himmat.mp3","VTEN, beatsbyhype - Himmat.mp3",vten beatsbyhype|himmat,"VTEN, beatsbyhype",Himmat,strong,3983,3983,,metadata_only
"VTEN, beatsbyhype - Manchhe Khattam.mp3","VTEN, beatsbyhype - Manchhe Khattam.mp3",vten beatsbyhype|manchhe khattam,"VTEN, beatsbyhype",Manchhe Khattam,strong,3989,3989,,metadata_only
"VTEN, beatsbyhype - On My Way.mp3","VTEN, beatsbyhype - On My Way.mp3",vten beatsbyhype|on my way,"VTEN, beatsbyhype",On My Way,probable,808,,,metadata_candidate
"VTEN, Bluesss, beatsbyhype - Yestai Ta Ho Ni Bro.mp3","VTEN, Bluesss, beatsbyhype - Yestai Ta Ho Ni Bro.mp3",vten bluesss beatsbyhype|yestai ta ho ni bro,"VTEN, Bluesss, beatsbyhype",Yestai Ta Ho Ni Bro,strong,4001,4001,,metadata_only
"VTEN, Mana Shrestha, beatsbyhype - Ma Pa Se.mp3","VTEN, Mana Shrestha, beatsbyhype - Ma Pa Se.mp3",vten mana shrestha beatsbyhype|ma pa se,"VTEN, Mana Shrestha, beatsbyhype",Ma Pa Se,strong,3987,3987,,metadata_only
VTEN- HAALKHABAR.m4a,VTEN- HAALKHABAR.m4a,forever_5nac|vten haalkhabar,forever_5nac,VTEN- HAALKHABAR,weak,1394,,,metadata_candidate
Vten- Hami Yestai Ta Honi Bro(Dj Asmee Mix).m4a,Vten- Hami Yestai Ta Honi Bro(Dj Asmee Mix).m4a,asmita ghimire|vten hami yestai ta honi bro dj asmee mix,Asmita Ghimire,Vten- Hami Yestai Ta Honi Bro(Dj Asmee Mix),probable,2569,,,metadata_candidate
vten.m4a,vten.m4a,rajeev bhujel|vten,Rajeev Bhujel,vten,weak,1331,,,metadata_candidate
Vten_-kanchi___vten_new_song_kanxi___vten_new_nepali_rap_song_2021(MP3_70K).mp3.m4a,Vten_-kanchi___vten_new_song_kanxi___vten_new_nepali_rap_song_2021(MP3_70K).mp3.m4a,dipesh magar|vten_ kanchi___vten_new_song_kanxi___vten_new_nepali_rap_song_2021 mp3_70k mp3,dipesh magar,Vten_-kanchi___vten_new_song_kanxi___vten_new_nepali_rap_song_2021(MP3_70K).mp3,none,,,,no_lyrics
VZN & prodbyfrancis - Kanchi Cha Ki (feat. Sushishery).m4a,VZN & prodbyfrancis - Kanchi Cha Ki (feat. Sushishery).m4a,ucp8ecqbe2qn8gmw_nafudrq|vzn,UCp8ecQbe2Qn8Gmw_nAFuDRQ,VZN & prodbyfrancis - Kanchi Cha Ki (feat. Sushishery),none,,,,no_lyrics
VZN - BASANTI ⧸ HEARTBREAKER.m4a,VZN - BASANTI ⧸ HEARTBREAKER.m4a,ucp8ecqbe2qn8gmw_nafudrq|vzn basanti heartbreaker,UCp8ecQbe2Qn8Gmw_nAFuDRQ,VZN - BASANTI / HEARTBREAKER,none,,,,no_lyrics
VZN X CZR - UDI JALA SAMAYE.m4a,VZN X CZR - UDI JALA SAMAYE.m4a,ucp8ecqbe2qn8gmw_nafudrq|vzn x czr udi jala samaye,UCp8ecQbe2Qn8Gmw_nAFuDRQ,VZN X CZR - UDI JALA SAMAYE,none,,,,no_lyrics
VZN X JAMESY - JHYAP HUDA FERI.m4a,VZN X JAMESY - JHYAP HUDA FERI.m4a,ucp8ecqbe2qn8gmw_nafudrq|vzn x jamesy jhyap huda feri,UCp8ecQbe2Qn8Gmw_nAFuDRQ,VZN X JAMESY - JHYAP HUDA FERI,none,3598,,,metadata_candidate
"VZN, Vinci & Caeserboii - RAKSHEESH (feat. Lemonstand Boys).m4a","VZN, Vinci & Caeserboii - RAKSHEESH (feat. Lemonstand Boys).m4a",ucp8ecqbe2qn8gmw_nafudrq|vzn vinci caeserboii raksheesh feat lemonstand boys,UCp8ecQbe2Qn8Gmw_nAFuDRQ,"VZN, Vinci & Caeserboii - RAKSHEESH (feat. Lemonstand Boys)",none,,,,no_lyrics
Waheed Nawaz - Dil Me Natho Den Sajjan.mp3,Waheed Nawaz - Dil Me Natho Den Sajjan.mp3,waheed nawaz|dil me natho den sajjan,Waheed Nawaz,Dil Me Natho Den Sajjan,none,357,,,metadata_candidate
Waheed Nawaz - Muqadar Kiyo Sajjan.mp3,Waheed Nawaz - Muqadar Kiyo Sajjan.mp3,waheed nawaz|muqadar kiyo sajjan,Waheed Nawaz,Muqadar Kiyo Sajjan,none,3752,,,metadata_candidate
Wakkai lagisakyo~I$H.m4a,Wakkai lagisakyo~I$H.m4a,ucmeknbv_spqqwjrafqlacwa|wakkai lagisakyo i h,UCMEkNBv_SPQQwjrafqlAcWA,Wakkai lagisakyo~I$H,none,,,,no_lyrics
WALKING FIRIRI - GORKHALI TAKMA BAND (OFFICIAL MUSIC VIDEO) HD.m4a,WALKING FIRIRI - GORKHALI TAKMA BAND (OFFICIAL MUSIC VIDEO) HD.m4a,safic official|walking firiri gorkhali takma band hd,Safic Official,WALKING FIRIRI - GORKHALI TAKMA BAND (OFFICIAL MUSIC VIDEO) HD,strong,1430,1430,,metadata_only
WS Rendra - Burung Kondor (Jhon The Bronx Cover).3gpp.mp3,WS Rendra - Burung Kondor (Jhon The Bronx Cover).3gpp.mp3,rizky akbar|ws rendra burung kondor jhon the bronx 3gpp,Rizky Akbar,WS Rendra - Burung Kondor (Jhon The Bronx Cover).3gpp,none,,,,no_lyrics
Yaad - Sarad Singh ft Amit Dangol (B-8EIGHT) And Shraddha Tamang.m4a,Yaad - Sarad Singh ft Amit Dangol (B-8EIGHT) And Shraddha Tamang.m4a,b8eight|yaad sarad singh ft amit dangol b 8eight and shraddha tamang,b8eight,Yaad - Sarad Singh ft Amit Dangol (B-8EIGHT) And Shraddha Tamang,weak,1316,,,metadata_candidate
Yabesh Thapa - Jhari.mp3,Yabesh Thapa - Jhari.mp3,yabesh thapa|jhari,Yabesh Thapa,Jhari,strong,4028,4028,,metadata_only
Yabesh Thapa - Kamana (कामना).mp3,Yabesh Thapa - Kamana (कामना).mp3,yabesh thapa|kamana कामना,Yabesh Thapa,Kamana (कामना),weak,1231,,,metadata_candidate
Yabesh Thapa - Kasari (कसरी).mp3,Yabesh Thapa - Kasari (कसरी).mp3,yabesh thapa|kasari कसरी,Yabesh Thapa,Kasari (कसरी),strong,4031,4031,,metadata_only
Yabesh Thapa - Phulbari (lyrics).m4a,Yabesh Thapa - Phulbari (lyrics).m4a,low key|yabesh thapa phulbari,low key,Yabesh Thapa - Phulbari (lyrics),weak,1401,,,metadata_candidate
Yabesh Thapa - Prayas.mp3,Yabesh Thapa - Prayas.mp3,yabesh thapa|prayas,Yabesh Thapa,Prayas,strong,3176,3176,,metadata_only
YABI - Vagwan ( Official Music Video ) Prod. by - Saint6.m4a,YABI - Vagwan ( Official Music Video ) Prod. by - Saint6.m4a,yabithegoat|yabi vagwan,yabithegoat,YABI - Vagwan ( Official Music Video ) Prod. by - Saint6,weak,4045,,,metadata_candidate
YABI x @purplemusic111  x @Young_Gwala  - WEEEEEE ( OFFICIAL MUSIC VIDEO ) ｜ Prod. by K-pass.m4a,YABI x @purplemusic111  x @Young_Gwala  - WEEEEEE ( OFFICIAL MUSIC VIDEO ) ｜ Prod. by K-pass.m4a,yabithegoat|yabi x purplemusic111 x young_gwala weeeeee,yabithegoat,YABI x @purplemusic111  x @Young_Gwala  - WEEEEEE ( OFFICIAL MUSIC VIDEO ) | Prod. by K-pass,none,,,,no_lyrics
YABI x KARAN ｜ BHANA ｜ Prod. by Anup Kunwar ｜ Official Music Video.m4a,YABI x KARAN ｜ BHANA ｜ Prod. by Anup Kunwar ｜ Official Music Video.m4a,yabithegoat|yabi x karan,yabithegoat,YABI x KARAN | BHANA | Prod. by Anup Kunwar | Official Music Video,none,3401,,,metadata_candidate
YABI X PASCHIMEY - MAAUDE ( title song ) prod. by Black Rose Beatz.m4a,YABI X PASCHIMEY - MAAUDE ( title song ) prod. by Black Rose Beatz.m4a,yabithegoat|yabi x paschimey maaude title song,yabithegoat,YABI X PASCHIMEY - MAAUDE ( title song ) prod. by Black Rose Beatz,weak,3163,,,metadata_candidate
YABI X PASCHIMEY X QAIDI - Audaixa her ( Official  Music VIdeo ).m4a,YABI X PASCHIMEY X QAIDI - Audaixa her ( Official  Music VIdeo ).m4a,yabithegoat|yabi x paschimey x qaidi audaixa her,yabithegoat,YABI X PASCHIMEY X QAIDI - Audaixa her ( Official  Music VIdeo ),none,,,,no_lyrics
YABI x SARKAAR x BELLA - NAJAAU ｜ Official Audio.m4a,YABI x SARKAAR x BELLA - NAJAAU ｜ Official Audio.m4a,yabithegoat|yabi x sarkaar x bella najaau,yabithegoat,YABI x SARKAAR x BELLA - NAJAAU | Official Audio,none,,,,no_lyrics
YABI- RAILA ft. Nawaj ansari ( prod. by sik007 music  ).m4a,YABI- RAILA ft. Nawaj ansari ( prod. by sik007 music  ).m4a,yabithegoat|yabi raila ft nawaj ansari,yabithegoat,YABI- RAILA ft. Nawaj ansari ( prod. by sik007 music  ),none,,,,no_lyrics
Yad Haru _ New nepali rap song 2021.m4a,Yad Haru _ New nepali rap song 2021.m4a,parmu jr|yad haru _ new,parmu jr,Yad Haru _ New nepali rap song 2021,none,2230,,,metadata_candidate
"Yagyaraj Upadhyaya, Kunti Moktan - Dhalkidi Kanki Bali.mp3","Yagyaraj Upadhyaya, Kunti Moktan - Dhalkidi Kanki Bali.mp3",yagyaraj upadhyaya kunti moktan|dhalkidi kanki bali,"Yagyaraj Upadhyaya, Kunti Moktan",Dhalkidi Kanki Bali,weak,1919,,,metadata_candidate
"Yaha Kati Aaye ｜｜ Utsaha Kant Mainali ｜｜ Ft. Surbir Pandit, AK Arjun Khadka, Binita Dahal ｜｜ Song.m4a","Yaha Kati Aaye ｜｜ Utsaha Kant Mainali ｜｜ Ft. Surbir Pandit, AK Arjun Khadka, Binita Dahal ｜｜ Song.m4a",osrdigital|yaha kati aaye,OSRDigital,"Yaha Kati Aaye || Utsaha Kant Mainali || Ft. Surbir Pandit, AK Arjun Khadka, Binita Dahal || Song",weak,1918,,,metadata_candidate
Yam Baral & Sukmit Gurung - Manaibhari Pairo Gayo.mp3,Yam Baral & Sukmit Gurung - Manaibhari Pairo Gayo.mp3,yam baral sukmit gurung|manaibhari pairo gayo,Yam Baral & Sukmit Gurung,Manaibhari Pairo Gayo,weak,3542,,,metadata_candidate
Yam Baral - A Suna.mp3,Yam Baral - A Suna.mp3,yam baral|a suna,Yam Baral,A Suna,strong,338,338,,metadata_only
Yam Baral - Aaba Ta Bhannu Ke.mp3,Yam Baral - Aaba Ta Bhannu Ke.mp3,yam baral|aaba ta bhannu ke,Yam Baral,Aaba Ta Bhannu Ke,weak,1976,,,metadata_candidate
Yam Baral - Aafailai Sodhe Khoje.mp3,Yam Baral - Aafailai Sodhe Khoje.mp3,yam baral|aafailai sodhe khoje,Yam Baral,Aafailai Sodhe Khoje,weak,491,,,metadata_candidate
Yam Baral - Aaja Kamaiyako.mp3,Yam Baral - Aaja Kamaiyako.mp3,yam baral|aaja kamaiyako,Yam Baral,Aaja Kamaiyako,strong,144,144,,metadata_only
Yam Baral - Aakhabhari (2).mp3,Yam Baral - Aakhabhari (2).mp3,yam baral|aakhabhari,Yam Baral,Aakhabhari,weak,4125,,,metadata_candidate
Yam Baral - Aaudaichhu Ma.mp3,Yam Baral - Aaudaichhu Ma.mp3,yam baral|aaudaichhu ma,Yam Baral,Aaudaichhu Ma,strong,3719,3719,,metadata_only
Yam Baral - Aba Chot Harule Piroldaina Malai.mp3,Yam Baral - Aba Chot Harule Piroldaina Malai.mp3,yam baral|aba chot harule piroldaina malai,Yam Baral,Aba Chot Harule Piroldaina Malai,strong,1403,1403,,metadata_only
Yam Baral - Aba Malai.mp3,Yam Baral - Aba Malai.mp3,yam baral|aba malai,Yam Baral,Aba Malai,strong,1403,1403,,metadata_only
Yam Baral - Arulai Haneko Teer.mp3,Yam Baral - Arulai Haneko Teer.mp3,yam baral|arulai haneko teer,Yam Baral,Arulai Haneko Teer,probable,465,,,metadata_candidate
Yam Baral - Badaluko Ghumtole.mp3,Yam Baral - Badaluko Ghumtole.mp3,yam baral|badaluko ghumtole,Yam Baral,Badaluko Ghumtole,strong,4048,4048,,metadata_only
Yam Baral - Basa Tanama.mp3,Yam Baral - Basa Tanama.mp3,yam baral|basa tanama,Yam Baral,Basa Tanama,weak,1627,,,metadata_candidate
Yam Baral - Basantko.mp3,Yam Baral - Basantko.mp3,yam baral|basantko,Yam Baral,Basantko,probable,1626,,,metadata_candidate
Yam Baral - Bhari Mano (3).mp3,Yam Baral - Bhari Mano (3).mp3,yam baral|bhari mano,Yam Baral,Bhari Mano,probable,1919,,,metadata_candidate
Yam Baral - Bidhatale Kina Yesto.mp3,Yam Baral - Bidhatale Kina Yesto.mp3,yam baral|bidhatale kina yesto,Yam Baral,Bidhatale Kina Yesto,strong,862,862,,metadata_only
Yam Baral - Birano Lagyo Tyo Timro Shahar.mp3,Yam Baral - Birano Lagyo Tyo Timro Shahar.mp3,yam baral|birano lagyo tyo timro shahar,Yam Baral,Birano Lagyo Tyo Timro Shahar,strong,564,564,,metadata_only
Yam Baral - Birano Thaubata.mp3,Yam Baral - Birano Thaubata.mp3,yam baral|birano thaubata,Yam Baral,Birano Thaubata,strong,1115,1115,,metadata_only
Yam Baral - Birsiyara Aafailai.mp3,Yam Baral - Birsiyara Aafailai.mp3,yam baral|birsiyara aafailai,Yam Baral,Birsiyara Aafailai,weak,344,,,metadata_candidate
Yam Baral - Bot Bhari Ful.mp3,Yam Baral - Bot Bhari Ful.mp3,yam baral|bot bhari ful,Yam Baral,Bot Bhari Ful,probable,2497,,,metadata_candidate
Yam Baral - Buddam Saranam.mp3,Yam Baral - Buddam Saranam.mp3,yam baral|buddam saranam,Yam Baral,Buddam Saranam,weak,3078,,,metadata_candidate
Yam Baral - Campus Bhari Mela.mp3,Yam Baral - Campus Bhari Mela.mp3,yam baral|campus bhari mela,Yam Baral,Campus Bhari Mela,weak,3760,,,metadata_candidate
Yam Baral - Chanchal Timro.mp3,Yam Baral - Chanchal Timro.mp3,yam baral|chanchal timro,Yam Baral,Chanchal Timro,strong,3428,3428,,metadata_only
Yam Baral - Chandra Surya.mp3,Yam Baral - Chandra Surya.mp3,yam baral|chandra surya,Yam Baral,Chandra Surya,strong,2393,2393,,metadata_only
Yam Baral - Chari Jhai Udyo.mp3,Yam Baral - Chari Jhai Udyo.mp3,yam baral|chari jhai udyo,Yam Baral,Chari Jhai Udyo,probable,4147,,,metadata_candidate
Yam Baral - Chirera Hera.mp3,Yam Baral - Chirera Hera.mp3,yam baral|chirera hera,Yam Baral,Chirera Hera,weak,2825,,,metadata_candidate
Yam Baral - Chita Mathi Las Mero.mp3,Yam Baral - Chita Mathi Las Mero.mp3,yam baral|chita mathi las mero,Yam Baral,Chita Mathi Las Mero,probable,4049,,,metadata_candidate
Yam Baral - Chori Lagyo.mp3,Yam Baral - Chori Lagyo.mp3,yam baral|chori lagyo,Yam Baral,Chori Lagyo,probable,1689,,,metadata_candidate
Yam Baral - Chup Chap Heru Katti.mp3,Yam Baral - Chup Chap Heru Katti.mp3,yam baral|chup chap heru katti,Yam Baral,Chup Chap Heru Katti,weak,487,,,metadata_candidate
Yam Baral - Chyatiyera Dhuja Dhuja (2).mp3,Yam Baral - Chyatiyera Dhuja Dhuja (2).mp3,yam baral|chyatiyera dhuja dhuja,Yam Baral,Chyatiyera Dhuja Dhuja,weak,238,,,metadata_candidate
Yam Baral - Deurali Dandaima.mp3,Yam Baral - Deurali Dandaima.mp3,yam baral|deurali dandaima,Yam Baral,Deurali Dandaima,strong,2285,2285,,metadata_only
Yam Baral - Dhuwaa Dhuwaa Nabhaijau.mp3,Yam Baral - Dhuwaa Dhuwaa Nabhaijau.mp3,yam baral|dhuwaa dhuwaa nabhaijau,Yam Baral,Dhuwaa Dhuwaa Nabhaijau,probable,1869,,,metadata_candidate
Yam Baral - Din Dinai.mp3,Yam Baral - Din Dinai.mp3,yam baral|din dinai,Yam Baral,Din Dinai,strong,419,419,,metadata_only
Yam Baral - Din Ke Ho Raat Ke Ho.mp3,Yam Baral - Din Ke Ho Raat Ke Ho.mp3,yam baral|din ke ho raat ke ho,Yam Baral,Din Ke Ho Raat Ke Ho,strong,419,419,,metadata_only
Yam Baral - Dui Panchhi.mp3,Yam Baral - Dui Panchhi.mp3,yam baral|dui panchhi,Yam Baral,Dui Panchhi,weak,318,,,metadata_candidate
Yam Baral - Dukha Pani Ropeyo.mp3,Yam Baral - Dukha Pani Ropeyo.mp3,yam baral|dukha pani ropeyo,Yam Baral,Dukha Pani Ropeyo,strong,2156,2156,,metadata_only
Yam Baral - Gahiroko.mp3,Yam Baral - Gahiroko.mp3,yam baral|gahiroko,Yam Baral,Gahiroko,probable,766,,,metadata_candidate
Yam Baral - Garmi Bhayo (2).mp3,Yam Baral - Garmi Bhayo (2).mp3,yam baral|garmi bhayo,Yam Baral,Garmi Bhayo,weak,4,,,metadata_candidate
Yam Baral - Gaule Ho Ma Gaule.mp3,Yam Baral - Gaule Ho Ma Gaule.mp3,yam baral|gaule ho ma gaule,Yam Baral,Gaule Ho Ma Gaule,strong,3773,3773,,metadata_only
Yam Baral - Gham-Joon Jastai.mp3,Yam Baral - Gham-Joon Jastai.mp3,yam baral|gham joon jastai,Yam Baral,Gham-Joon Jastai,probable,3356,,,metadata_candidate
Yam Baral - Hajur Ko Ta.mp3,Yam Baral - Hajur Ko Ta.mp3,yam baral|hajur ko ta,Yam Baral,Hajur Ko Ta,weak,2537,,,metadata_candidate
Yam Baral - Har Chij Chha Jiwan Ma.mp3,Yam Baral - Har Chij Chha Jiwan Ma.mp3,yam baral|har chij chha jiwan ma,Yam Baral,Har Chij Chha Jiwan Ma,strong,8,8,,metadata_only
Yam Baral - Hasihasi (2).mp3,Yam Baral - Hasihasi (2).mp3,yam baral|hasihasi,Yam Baral,Hasihasi,weak,3166,,,metadata_candidate
Yam Baral - Hasnalai Ta (2).mp3,Yam Baral - Hasnalai Ta (2).mp3,yam baral|hasnalai ta,Yam Baral,Hasnalai Ta,weak,1098,,,metadata_candidate
Yam Baral - Hidnai Nasakine.mp3,Yam Baral - Hidnai Nasakine.mp3,yam baral|hidnai nasakine,Yam Baral,Hidnai Nasakine,probable,3786,,,metadata_candidate
Yam Baral - Hidnai Naskane Bhiralo Bato.mp3,Yam Baral - Hidnai Naskane Bhiralo Bato.mp3,yam baral|hidnai naskane bhiralo bato,Yam Baral,Hidnai Naskane Bhiralo Bato,weak,1931,,,metadata_candidate
Yam Baral - Himali Chhora.mp3,Yam Baral - Himali Chhora.mp3,yam baral|himali chhora,Yam Baral,Himali Chhora,weak,2371,,,metadata_candidate
Yam Baral - Hittale Chhanera.mp3,Yam Baral - Hittale Chhanera.mp3,yam baral|hittale chhanera,Yam Baral,Hittale Chhanera,weak,2999,,,metadata_candidate
Yam Baral - Instrumental 1 (2).mp3,Yam Baral - Instrumental 1 (2).mp3,yam baral|instrumental 1,Yam Baral,Instrumental 1,weak,,,,no_lyrics
Yam Baral - Instrumental 2.mp3,Yam Baral - Instrumental 2.mp3,yam baral|instrumental 2,Yam Baral,Instrumental 2,weak,,,,no_lyrics
Yam Baral - Jaba Hunchha Timro Satha.mp3,Yam Baral - Jaba Hunchha Timro Satha.mp3,yam baral|jaba hunchha timro satha,Yam Baral,Jaba Hunchha Timro Satha,weak,3614,,,metadata_candidate
Yam Baral - Jaba Jhari Parna Thalchha.mp3,Yam Baral - Jaba Jhari Parna Thalchha.mp3,yam baral|jaba jhari parna thalchha,Yam Baral,Jaba Jhari Parna Thalchha,strong,1985,1985,,metadata_only
Yam Baral - Jane Bela.mp3,Yam Baral - Jane Bela.mp3,yam baral|jane bela,Yam Baral,Jane Bela,strong,3538,3538,,metadata_only
Yam Baral - Jati Bhogchhu Aafailai.mp3,Yam Baral - Jati Bhogchhu Aafailai.mp3,yam baral|jati bhogchhu aafailai,Yam Baral,Jati Bhogchhu Aafailai,weak,24,,,metadata_candidate
Yam Baral - Jaun Sangee.mp3,Yam Baral - Jaun Sangee.mp3,yam baral|jaun sangee,Yam Baral,Jaun Sangee,weak,3643,,,metadata_candidate
Yam Baral - Jaun Sangi (2).mp3,Yam Baral - Jaun Sangi (2).mp3,yam baral|jaun sangi,Yam Baral,Jaun Sangi,strong,3304,3304,,metadata_only
Yam Baral - Jindagi Bata (2).mp3,Yam Baral - Jindagi Bata (2).mp3,yam baral|jindagi bata,Yam Baral,Jindagi Bata,probable,85,,,metadata_candidate
Yam Baral - Jindagi Bharilai (2).mp3,Yam Baral - Jindagi Bharilai (2).mp3,yam baral|jindagi bharilai,Yam Baral,Jindagi Bharilai,probable,90,,,metadata_candidate
Yam Baral - Joonko Kirana.mp3,Yam Baral - Joonko Kirana.mp3,yam baral|joonko kirana,Yam Baral,Joonko Kirana,weak,3596,,,metadata_candidate
Yam Baral - Jun Ko Kiran.mp3,Yam Baral - Jun Ko Kiran.mp3,yam baral|jun ko kiran,Yam Baral,Jun Ko Kiran,weak,459,,,metadata_candidate
Yam Baral - Kahile Jeevan Kandama.mp3,Yam Baral - Kahile Jeevan Kandama.mp3,yam baral|kahile jeevan kandama,Yam Baral,Kahile Jeevan Kandama,strong,52,52,,metadata_only
Yam Baral - Kaiyau Rahar Asta Hunchhan.mp3,Yam Baral - Kaiyau Rahar Asta Hunchhan.mp3,yam baral|kaiyau rahar asta hunchhan,Yam Baral,Kaiyau Rahar Asta Hunchhan,weak,1112,,,metadata_candidate
Yam Baral - Kasto Hola.mp3,Yam Baral - Kasto Hola.mp3,yam baral|kasto hola,Yam Baral,Kasto Hola,weak,3498,,,metadata_candidate
Yam Baral - Ke Bhayo Khai Kunni.mp3,Yam Baral - Ke Bhayo Khai Kunni.mp3,yam baral|ke bhayo khai kunni,Yam Baral,Ke Bhayo Khai Kunni,strong,659,659,,metadata_only
Yam Baral - Kina Futyo Man.mp3,Yam Baral - Kina Futyo Man.mp3,yam baral|kina futyo man,Yam Baral,Kina Futyo Man,strong,862,862,,metadata_only
Yam Baral - Kohi Bhaye Aakash Chhune.mp3,Yam Baral - Kohi Bhaye Aakash Chhune.mp3,yam baral|kohi bhaye aakash chhune,Yam Baral,Kohi Bhaye Aakash Chhune,strong,1937,1937,,metadata_only
Yam Baral - Kolte Feri Feri.mp3,Yam Baral - Kolte Feri Feri.mp3,yam baral|kolte feri feri,Yam Baral,Kolte Feri Feri,weak,3598,,,metadata_candidate
Yam Baral - Krishna Kishor Mohan Murari.mp3,Yam Baral - Krishna Kishor Mohan Murari.mp3,yam baral|krishna kishor mohan murari,Yam Baral,Krishna Kishor Mohan Murari,weak,2920,,,metadata_candidate
Yam Baral - Kun Ritu Bhanu Timilai.mp3,Yam Baral - Kun Ritu Bhanu Timilai.mp3,yam baral|kun ritu bhanu timilai,Yam Baral,Kun Ritu Bhanu Timilai,strong,1555,1555,,metadata_only
Yam Baral - Mahalma Timi Haasi Rahauli (2).mp3,Yam Baral - Mahalma Timi Haasi Rahauli (2).mp3,yam baral|mahalma timi haasi rahauli,Yam Baral,Mahalma Timi Haasi Rahauli,strong,752,752,,metadata_only
Yam Baral - Malai Kanda Bijhda.mp3,Yam Baral - Malai Kanda Bijhda.mp3,yam baral|malai kanda bijhda,Yam Baral,Malai Kanda Bijhda,weak,3197,,,metadata_candidate
Yam Baral - Mann Herne Gurase Gaala.mp3,Yam Baral - Mann Herne Gurase Gaala.mp3,yam baral|mann herne gurase gaala,Yam Baral,Mann Herne Gurase Gaala,strong,772,772,,metadata_only
Yam Baral - Mann Rahe Po.mp3,Yam Baral - Mann Rahe Po.mp3,yam baral|mann rahe po,Yam Baral,Mann Rahe Po,strong,772,772,,metadata_only
Yam Baral - Mathi Tara Bhir.mp3,Yam Baral - Mathi Tara Bhir.mp3,yam baral|mathi tara bhir,Yam Baral,Mathi Tara Bhir,weak,2696,,,metadata_candidate
Yam Baral - Maya Garnu Bhool Hoina.mp3,Yam Baral - Maya Garnu Bhool Hoina.mp3,yam baral|maya garnu bhool hoina,Yam Baral,Maya Garnu Bhool Hoina,strong,192,192,,metadata_only
Yam Baral - Mayako (2).mp3,Yam Baral - Mayako (2).mp3,yam baral|mayako,Yam Baral,Mayako,strong,136,136,,metadata_only
Yam Baral - Mero Badanm (2).mp3,Yam Baral - Mero Badanm (2).mp3,yam baral|mero badanm,Yam Baral,Mero Badanm,weak,490,,,metadata_candidate
Yam Baral - Mero Maya Fula.mp3,Yam Baral - Mero Maya Fula.mp3,yam baral|mero maya fula,Yam Baral,Mero Maya Fula,strong,526,526,,metadata_only
Yam Baral - Mulukkhatir.mp3,Yam Baral - Mulukkhatir.mp3,yam baral|mulukkhatir,Yam Baral,Mulukkhatir,weak,1241,,,metadata_candidate
Yam Baral - Nachoyera Pani Choye.mp3,Yam Baral - Nachoyera Pani Choye.mp3,yam baral|nachoyera pani choye,Yam Baral,Nachoyera Pani Choye,strong,2156,2156,,metadata_only
Yam Baral - Namloma Khapi.mp3,Yam Baral - Namloma Khapi.mp3,yam baral|namloma khapi,Yam Baral,Namloma Khapi,weak,3325,,,metadata_candidate
Yam Baral - Nata Kunai.mp3,Yam Baral - Nata Kunai.mp3,yam baral|nata kunai,Yam Baral,Nata Kunai,weak,1016,,,metadata_candidate
Yam Baral - Nidharama Rato Mato (2).mp3,Yam Baral - Nidharama Rato Mato (2).mp3,yam baral|nidharama rato mato,Yam Baral,Nidharama Rato Mato,weak,3881,,,metadata_candidate
Yam Baral - Nirmaya Ko Samjhana.mp3,Yam Baral - Nirmaya Ko Samjhana.mp3,yam baral|nirmaya ko samjhana,Yam Baral,Nirmaya Ko Samjhana,strong,737,737,,metadata_only
Yam Baral - Nisthurile Chhadera (2).mp3,Yam Baral - Nisthurile Chhadera (2).mp3,yam baral|nisthurile chhadera,Yam Baral,Nisthurile Chhadera,weak,4054,4054,,lyrics_confirmed
Yam Baral - Pahilo Pahilo.mp3,Yam Baral - Pahilo Pahilo.mp3,yam baral|pahilo pahilo,Yam Baral,Pahilo Pahilo,strong,26,26,,metadata_only
Yam Baral - Pallo Ghar Ko.mp3,Yam Baral - Pallo Ghar Ko.mp3,yam baral|pallo ghar ko,Yam Baral,Pallo Ghar Ko,probable,2389,,,metadata_candidate
Yam Baral - Phool ko Thunga Sat Naran Puja.mp3,Yam Baral - Phool ko Thunga Sat Naran Puja.mp3,yam baral|phool ko thunga sat naran puja,Yam Baral,Phool ko Thunga Sat Naran Puja,strong,3465,3465,,metadata_only
Yam Baral - Piratile Khelyo (2).mp3,Yam Baral - Piratile Khelyo (2).mp3,yam baral|piratile khelyo,Yam Baral,Piratile Khelyo,weak,2383,,,metadata_candidate
Yam Baral - Pithyaun Ma Shyaula Ko.mp3,Yam Baral - Pithyaun Ma Shyaula Ko.mp3,yam baral|pithyaun ma shyaula ko,Yam Baral,Pithyaun Ma Shyaula Ko,strong,3773,3773,,metadata_only
Yam Baral - Piundai Napiune Manchhe (2).mp3,Yam Baral - Piundai Napiune Manchhe (2).mp3,yam baral|piundai napiune manchhe,Yam Baral,Piundai Napiune Manchhe,weak,2272,,,metadata_candidate
Yam Baral - Premko Panchhi (2).mp3,Yam Baral - Premko Panchhi (2).mp3,yam baral|premko panchhi,Yam Baral,Premko Panchhi,weak,438,,,metadata_candidate
Yam Baral - Ritto Manchhe.mp3,Yam Baral - Ritto Manchhe.mp3,yam baral|ritto manchhe,Yam Baral,Ritto Manchhe,weak,3989,,,metadata_candidate
Yam Baral - Sadhai Sadhai Chhati.mp3,Yam Baral - Sadhai Sadhai Chhati.mp3,yam baral|sadhai sadhai chhati,Yam Baral,Sadhai Sadhai Chhati,strong,129,129,,metadata_only
Yam Baral - Sagar Bichko Moti.mp3,Yam Baral - Sagar Bichko Moti.mp3,yam baral|sagar bichko moti,Yam Baral,Sagar Bichko Moti,strong,210,210,,metadata_only
Yam Baral - Sagar Ki Pari.mp3,Yam Baral - Sagar Ki Pari.mp3,yam baral|sagar ki pari,Yam Baral,Sagar Ki Pari,strong,210,210,,metadata_only
Yam Baral - Samudrako Chhal.mp3,Yam Baral - Samudrako Chhal.mp3,yam baral|samudrako chhal,Yam Baral,Samudrako Chhal,weak,4085,,,metadata_candidate
Yam Baral - Saptarangi Indreni.mp3,Yam Baral - Saptarangi Indreni.mp3,yam baral|saptarangi indreni,Yam Baral,Saptarangi Indreni,weak,3643,,,metadata_candidate
Yam Baral - Saptarangi Ko Dhunma.mp3,Yam Baral - Saptarangi Ko Dhunma.mp3,yam baral|saptarangi ko dhunma,Yam Baral,Saptarangi Ko Dhunma,weak,3597,,,metadata_candidate
Yam Baral - Sarangima Sahili Rimai.mp3,Yam Baral - Sarangima Sahili Rimai.mp3,yam baral|sarangima sahili rimai,Yam Baral,Sarangima Sahili Rimai,weak,1830,,,metadata_candidate
Yam Baral - Sayau Jhut Bolnu Parchha.mp3,Yam Baral - Sayau Jhut Bolnu Parchha.mp3,yam baral|sayau jhut bolnu parchha,Yam Baral,Sayau Jhut Bolnu Parchha,weak,2812,,,metadata_candidate
Yam Baral - Sheetal Chha Joon.mp3,Yam Baral - Sheetal Chha Joon.mp3,yam baral|sheetal chha joon,Yam Baral,Sheetal Chha Joon,weak,2366,,,metadata_candidate
Yam Baral - Sidhai Herna Bhanda Hajur.mp3,Yam Baral - Sidhai Herna Bhanda Hajur.mp3,yam baral|sidhai herna bhanda hajur,Yam Baral,Sidhai Herna Bhanda Hajur,weak,1175,,,metadata_candidate
Yam Baral - Sirma Topi Dhalkaune.mp3,Yam Baral - Sirma Topi Dhalkaune.mp3,yam baral|sirma topi dhalkaune,Yam Baral,Sirma Topi Dhalkaune,weak,2307,,,metadata_candidate
Yam Baral - Suna Ho Ki Chadi Maya.mp3,Yam Baral - Suna Ho Ki Chadi Maya.mp3,yam baral|suna ho ki chadi maya,Yam Baral,Suna Ho Ki Chadi Maya,strong,526,526,,metadata_only
Yam Baral - Sundar Rahecha.mp3,Yam Baral - Sundar Rahecha.mp3,yam baral|sundar rahecha,Yam Baral,Sundar Rahecha,weak,1087,,,metadata_candidate
Yam Baral - Timi Hasda Tyo.mp3,Yam Baral - Timi Hasda Tyo.mp3,yam baral|timi hasda tyo,Yam Baral,Timi Hasda Tyo,strong,4055,4055,,metadata_only
Yam Baral - Timi Mero Kohi.mp3,Yam Baral - Timi Mero Kohi.mp3,yam baral|timi mero kohi,Yam Baral,Timi Mero Kohi,strong,752,752,,metadata_only
Yam Baral - Timi Mero.mp3,Yam Baral - Timi Mero.mp3,yam baral|timi mero,Yam Baral,Timi Mero,strong,74,74,,metadata_only
Yam Baral - Timilai Baatobhari.mp3,Yam Baral - Timilai Baatobhari.mp3,yam baral|timilai baatobhari,Yam Baral,Timilai Baatobhari,strong,1555,1555,,metadata_only
Yam Baral - Timisanga.mp3,Yam Baral - Timisanga.mp3,yam baral|timisanga,Yam Baral,Timisanga,weak,3230,,,metadata_candidate
Yam Baral - Timro Samjhanale (2).mp3,Yam Baral - Timro Samjhanale (2).mp3,yam baral|timro samjhanale,Yam Baral,Timro Samjhanale,strong,903,903,,metadata_only
Yam Baral - Unka Kura.mp3,Yam Baral - Unka Kura.mp3,yam baral|unka kura,Yam Baral,Unka Kura,strong,2472,2472,,metadata_only
Yam Baral - Yaadle Satayo.mp3,Yam Baral - Yaadle Satayo.mp3,yam baral|yaadle satayo,Yam Baral,Yaadle Satayo,weak,2487,,,metadata_candidate
Yam Baral - Yata Uta Charai Dishama.mp3,Yam Baral - Yata Uta Charai Dishama.mp3,yam baral|yata uta charai dishama,Yam Baral,Yata Uta Charai Dishama,weak,3760,,,metadata_candidate
Yam Baral - Yata Uta Charaidisha.mp3,Yam Baral - Yata Uta Charaidisha.mp3,yam baral|yata uta charaidisha,Yam Baral,Yata Uta Charaidisha,weak,264,,,metadata_candidate
Yam Baral - Yo Kanchhi Ko Aanshu (2).mp3,Yam Baral - Yo Kanchhi Ko Aanshu (2).mp3,yam baral|yo kanchhi ko aanshu,Yam Baral,Yo Kanchhi Ko Aanshu,strong,420,420,,metadata_only
Yam Baral feat. Anju Panta - Bardhan (2).mp3,Yam Baral feat. Anju Panta - Bardhan (2).mp3,yam baral feat anju panta|bardhan,Yam Baral feat. Anju Panta,Bardhan,weak,631,,,metadata_candidate
Yam Baral feat. Anju Panta - Buddam Saranam.mp3,Yam Baral feat. Anju Panta - Buddam Saranam.mp3,yam baral feat anju panta|buddam saranam,Yam Baral feat. Anju Panta,Buddam Saranam,weak,3078,,,metadata_candidate
Yam Baral feat. Anju Panta - Buddha.mp3,Yam Baral feat. Anju Panta - Buddha.mp3,yam baral feat anju panta|buddha,Yam Baral feat. Anju Panta,Buddha,strong,696,696,,metadata_only
Yam Baral feat. Anju Panta - Jun Khola ko.mp3,Yam Baral feat. Anju Panta - Jun Khola ko.mp3,yam baral feat anju panta|jun khola ko,Yam Baral feat. Anju Panta,Jun Khola ko,probable,2858,,,metadata_candidate
Yam Baral feat. Anju Panta - Timro Roop.mp3,Yam Baral feat. Anju Panta - Timro Roop.mp3,yam baral feat anju panta|timro roop,Yam Baral feat. Anju Panta,Timro Roop,weak,3614,,,metadata_candidate
Yam Baral feat. Komal Oli - Mari Lanu Kya Chha Ra (2).mp3,Yam Baral feat. Komal Oli - Mari Lanu Kya Chha Ra (2).mp3,yam baral feat komal oli|mari lanu kya chha ra,Yam Baral feat. Komal Oli,Mari Lanu Kya Chha Ra,weak,2672,,,metadata_candidate
Yam Baral feat. Rekha Thapa - Bhuiko Maya Chat.mp3,Yam Baral feat. Rekha Thapa - Bhuiko Maya Chat.mp3,yam baral feat rekha thapa|bhuiko maya chat,Yam Baral feat. Rekha Thapa,Bhuiko Maya Chat,strong,526,526,,metadata_only
Yam Baral feat. Sapana Shree - Ma Matiyeko Bela.mp3,Yam Baral feat. Sapana Shree - Ma Matiyeko Bela.mp3,yam baral feat sapana shree|ma matiyeko bela,Yam Baral feat. Sapana Shree,Ma Matiyeko Bela,strong,3538,3538,,metadata_only
"Yam Baral, Anju Panta - Timi Meri Meri Hau.mp3","Yam Baral, Anju Panta - Timi Meri Meri Hau.mp3",yam baral anju panta|timi meri meri hau,"Yam Baral, Anju Panta",Timi Meri Meri Hau,strong,752,752,,metadata_only
"Yam Baral, Devika Pradhan - Aaja Hamro Bihe.mp3","Yam Baral, Devika Pradhan - Aaja Hamro Bihe.mp3",yam baral devika pradhan|aaja hamro bihe,"Yam Baral, Devika Pradhan",Aaja Hamro Bihe,strong,144,144,,metadata_only
"Yam Baral, Devika Pradhan - Sagar Tyasai Bandaina.mp3","Yam Baral, Devika Pradhan - Sagar Tyasai Bandaina.mp3",yam baral devika pradhan|sagar tyasai bandaina,"Yam Baral, Devika Pradhan",Sagar Tyasai Bandaina,strong,210,210,,metadata_only
"Yam Baral, Lochan Bhatarai - Muri Muri Samjhana.mp3","Yam Baral, Lochan Bhatarai - Muri Muri Samjhana.mp3",yam baral lochan bhatarai|muri muri samjhana,"Yam Baral, Lochan Bhatarai",Muri Muri Samjhana,strong,737,737,,metadata_only
"Yam Baral, Mandavi Tripathi - Ye Janu.mp3","Yam Baral, Mandavi Tripathi - Ye Janu.mp3",yam baral mandavi tripathi|ye janu,"Yam Baral, Mandavi Tripathi",Ye Janu,weak,621,,,metadata_candidate
"Yam Baral, Pushpa Poudel - Mirganayan Ma.mp3","Yam Baral, Pushpa Poudel - Mirganayan Ma.mp3",yam baral pushpa poudel|mirganayan ma,"Yam Baral, Pushpa Poudel",Mirganayan Ma,strong,3773,3773,,metadata_only
"Yam Baral, Sangit Sakya - Mero Maya Nau Muri.mp3","Yam Baral, Sangit Sakya - Mero Maya Nau Muri.mp3",yam baral sangit sakya|mero maya nau muri,"Yam Baral, Sangit Sakya",Mero Maya Nau Muri,strong,526,526,,metadata_only
"Yam Baral, Sanjeevani - Haina Ra Maya Chhaina Ra.mp3","Yam Baral, Sanjeevani - Haina Ra Maya Chhaina Ra.mp3",yam baral sanjeevani|haina ra maya chhaina ra,"Yam Baral, Sanjeevani",Haina Ra Maya Chhaina Ra,strong,194,194,,metadata_only
"Yam Baral, Sapana Shree (Pariyar) - Naau Mero Pachi Pachi.mp3","Yam Baral, Sapana Shree (Pariyar) - Naau Mero Pachi Pachi.mp3",yam baral sapana shree pariyar|naau mero pachi pachi,"Yam Baral, Sapana Shree (Pariyar)",Naau Mero Pachi Pachi,weak,158,,,metadata_candidate
"Yam Baral, Sapana Shree - Dui Jodi Aankha.mp3","Yam Baral, Sapana Shree - Dui Jodi Aankha.mp3",yam baral sapana shree|dui jodi aankha,"Yam Baral, Sapana Shree",Dui Jodi Aankha,weak,2129,,,metadata_candidate
"Yam Baral, Sapana Shree - Sano hamro Sansarma.mp3","Yam Baral, Sapana Shree - Sano hamro Sansarma.mp3",yam baral sapana shree|sano hamro sansarma,"Yam Baral, Sapana Shree",Sano hamro Sansarma,strong,427,427,,metadata_only
"Yam Baral, Sapana Shree - Uddaichhau Ki Basyau.mp3","Yam Baral, Sapana Shree - Uddaichhau Ki Basyau.mp3",yam baral sapana shree|uddaichhau ki basyau,"Yam Baral, Sapana Shree",Uddaichhau Ki Basyau,weak,3014,,,metadata_candidate
"Yam Baral, Sapana Shree - Yeti Ramri Maya Aaj.mp3","Yam Baral, Sapana Shree - Yeti Ramri Maya Aaj.mp3",yam baral sapana shree|yeti ramri maya aaj,"Yam Baral, Sapana Shree",Yeti Ramri Maya Aaj,strong,526,526,,metadata_only
"Yam Baral, Sarmila Bardiwa - Jaba Hunchha Timro Sath.mp3","Yam Baral, Sarmila Bardiwa - Jaba Hunchha Timro Sath.mp3",yam baral sarmila bardiwa|jaba hunchha timro sath,"Yam Baral, Sarmila Bardiwa",Jaba Hunchha Timro Sath,strong,688,688,,metadata_only
"Yam Baral, Shila Bista - Je Parla Parla !.mp3","Yam Baral, Shila Bista - Je Parla Parla !.mp3",yam baral shila bista|je parla parla,"Yam Baral, Shila Bista",Je Parla Parla !,weak,282,,,metadata_candidate
"Yam Baral, Sindhu Malla - Ma Timlai Man Parauchu.mp3","Yam Baral, Sindhu Malla - Ma Timlai Man Parauchu.mp3",yam baral sindhu malla|ma timlai man parauchu,"Yam Baral, Sindhu Malla",Ma Timlai Man Parauchu,strong,3773,3773,,metadata_only
"Yam Baral, Sindhu Rana - Muluk Khatir.mp3","Yam Baral, Sindhu Rana - Muluk Khatir.mp3",yam baral sindhu rana|muluk khatir,"Yam Baral, Sindhu Rana",Muluk Khatir,weak,59,,,metadata_candidate
"Yam Baral, Sukmeet Gurung - Mutu Bhari Timro Maya.mp3","Yam Baral, Sukmeet Gurung - Mutu Bhari Timro Maya.mp3",yam baral sukmeet gurung|mutu bhari timro maya,"Yam Baral, Sukmeet Gurung",Mutu Bhari Timro Maya,strong,59,59,,metadata_only
"Yam Baral, Sukmit Gurung - Mannaibhari Paihro.mp3","Yam Baral, Sukmit Gurung - Mannaibhari Paihro.mp3",yam baral sukmit gurung|mannaibhari paihro,"Yam Baral, Sukmit Gurung",Mannaibhari Paihro,weak,241,,,metadata_candidate
"Yam Baral, Sunita subba - Yekantama.mp3","Yam Baral, Sunita subba - Yekantama.mp3",yam baral sunita subba|yekantama,"Yam Baral, Sunita subba",Yekantama,strong,1693,1693,,metadata_only
Yama Buddha  Paisa Prod By Nasty [Album Khatra].m4a,Yama Buddha  Paisa Prod By Nasty [Album Khatra].m4a,rupak khadka|yama buddha paisa,RuPak Khadka,Yama Buddha  Paisa Prod By Nasty [Album Khatra],probable,4076,,,metadata_candidate
Yama Buddha 'Saathi' - cover by Peter.m4a,Yama Buddha 'Saathi' - cover by Peter.m4a,peter copperhead165|yama buddha saathi by peter,Peter (copperhead165),Yama Buddha 'Saathi' - cover by Peter,weak,1184,,,metadata_candidate
Yama Buddha - Foothpath Mero Ghar.m4a,Yama Buddha - Foothpath Mero Ghar.m4a,peeyachdee|yama buddha foothpath mero ghar,PeeYachDee,Yama Buddha - Foothpath Mero Ghar,weak,4065,,,metadata_candidate
Yama Buddha - Real (FreeVerse).m4a,Yama Buddha - Real (FreeVerse).m4a,yama buddha|yama buddha real freeverse,Yama Buddha,Yama Buddha - Real (FreeVerse),weak,4079,,,metadata_candidate
Yama buddha - Saathi instrumental flute type beat.m4a,Yama buddha - Saathi instrumental flute type beat.m4a,asim|yama buddha saathi instrumental flute type beat,ASiM 💫,Yama buddha - Saathi instrumental flute type beat,weak,1184,,,metadata_candidate
Yama buddha - Saathi ｜ Cover ｜ indian fan ｜ Uk rapi boy ｜ Nepali rap song 2015.m4a,Yama buddha - Saathi ｜ Cover ｜ indian fan ｜ Uk rapi boy ｜ Nepali rap song 2015.m4a,uk rapi boy|yama buddha saathi,Uk rapi boy,Yama buddha - Saathi | Cover | indian fan | Uk rapi boy | Nepali rap song 2015,weak,1184,,,metadata_candidate
Yama Buddha - SaathiNew Nepali Rap Song 2015 - SaathiNew Nepali Rap Song 2015.mp3,Yama Buddha - SaathiNew Nepali Rap Song 2015 - SaathiNew Nepali Rap Song 2015.mp3,yama buddha saathinew|saathinew,Yama Buddha - SaathiNew Nepali Rap Song 2015,SaathiNew Nepali Rap Song 2015,probable,1184,,,metadata_candidate
Yama Buddha - Sathi Nepali LO-FI Chill Mix [Mr Shanks].m4a,Yama Buddha - Sathi Nepali LO-FI Chill Mix [Mr Shanks].m4a,mr shanks|yama buddha sathi nepali lo fi chill mix mr shanks,Mr Shanks,Yama Buddha - Sathi Nepali LO-FI Chill Mix [Mr Shanks],weak,207,,,metadata_candidate
Yama Buddha Allarey Thita.m4a,Yama Buddha Allarey Thita.m4a,music king nepal|yama buddha allarey thita,Music King Nepal,Yama Buddha Allarey Thita,weak,792,,,metadata_candidate
Yama Buddha Saathi Cover By Puskar Bhandari.m4a,Yama Buddha Saathi Cover By Puskar Bhandari.m4a,puskar bhandari|yama buddha saathi by puskar bhandari,Puskar Bhandari,Yama Buddha Saathi Cover By Puskar Bhandari,weak,1184,,,metadata_candidate
Yama Buddha Sapana.m4a,Yama Buddha Sapana.m4a,music king nepal|yama buddha sapana,Music King Nepal,Yama Buddha Sapana,weak,816,,,metadata_candidate
Yama Buddha Vs 2 Pac NepHop-Click the link below to download.m4a,Yama Buddha Vs 2 Pac NepHop-Click the link below to download.m4a,dj krisisna|yama buddha vs 2 pac nephop click the link below to,DJ Krisisna,Yama Buddha Vs 2 Pac NepHop-Click the link below to download,weak,3049,,,metadata_candidate
Yama buddha ： sathi.m4a,Yama buddha ： sathi.m4a,then_dope711|yama buddha sathi,Then_dope711,Yama buddha : sathi,weak,3562,,,metadata_candidate
Yama Buddha- Aamaa Ft. Mistah k.m4a,Yama Buddha- Aamaa Ft. Mistah k.m4a,ladup lama|yama buddha aamaa ft mistah k,Ladup Lama,Yama Buddha- Aamaa Ft. Mistah k,weak,4059,,,metadata_candidate
Yama Buddha- Gimme That Beat (Ekadesh).mp3.mp3,Yama Buddha- Gimme That Beat (Ekadesh).mp3.mp3,aakash pokhrel|yama buddha gimme that beat ekadesh mp3,Aakash Pokhrel,Yama Buddha- Gimme That Beat (Ekadesh).mp3,weak,4067,,,metadata_candidate
Yama Buddha- Kohi ft. Aidray & Nattu.m4a,Yama Buddha- Kohi ft. Aidray & Nattu.m4a,yama buddha|yama buddha kohi ft aidray nattu,Yama Buddha,Yama Buddha- Kohi ft. Aidray & Nattu,strong,4069,4069,,metadata_only
YAMA BUDDHA- SAATHI.m4a,YAMA BUDDHA- SAATHI.m4a,ember|yama buddha saathi,ember,YAMA BUDDHA- SAATHI,weak,1184,,,metadata_candidate
Yama Buddha-Jutta Ma (Ekadesh).m4a,Yama Buddha-Jutta Ma (Ekadesh).m4a,surazz xharma|yama buddha jutta ma ekadesh,SurAzz XhaRma,Yama Buddha-Jutta Ma (Ekadesh),weak,3773,,,metadata_candidate
yama buddha-Kathmandu Ko Thito.m4a,yama buddha-Kathmandu Ko Thito.m4a,aasis tamu gurung|yama buddha kathmandu ko thito,Aasis Tamu Gurung,yama buddha-Kathmandu Ko Thito,weak,880,,,metadata_candidate
yama buddha~utsav kandel.mp3,yama buddha~utsav kandel.mp3,archive org|yama buddha utsav kandel,archive.org,yama buddha~utsav kandel,none,4079,,,metadata_candidate
Yama ra Buddha (A tribute song to Yama Buddha).m4a,Yama ra Buddha (A tribute song to Yama Buddha).m4a,khelaadi|yama ra buddha a tribute song to yama buddha,Khelaadi,Yama ra Buddha (A tribute song to Yama Buddha),weak,3163,,,metadata_candidate
Yama_Buddha_-_Taaj_(Prod_by_Nasty__Alexx).m4a,Yama_Buddha_-_Taaj_(Prod_by_Nasty__Alexx).m4a,yo yo deepak|yama_buddha_ _taaj_ prod_by_nasty__alexx,yo yo deepak,Yama_Buddha_-_Taaj_(Prod_by_Nasty__Alexx),none,,,,no_lyrics
"Yanglan Dharma Yanglan Kaai ｜｜ HYANG TAMANG ｜｜ Tamang Movie Song ｜｜ Jay, Abhi, Sita Ram, Nirmala.m4a","Yanglan Dharma Yanglan Kaai ｜｜ HYANG TAMANG ｜｜ Tamang Movie Song ｜｜ Jay, Abhi, Sita Ram, Nirmala.m4a",osrdigital|yanglan dharma yanglan kaai,OSRDigital,"Yanglan Dharma Yanglan Kaai || HYANG TAMANG || Tamang Movie Song || Jay, Abhi, Sita Ram, Nirmala",none,2113,,,metadata_candidate
Yashashree Bhave - Bhola Hai Bhola Hai Shiv Shankar Bada Bhola Hai.mp3,Yashashree Bhave - Bhola Hai Bhola Hai Shiv Shankar Bada Bhola Hai.mp3,yashashree bhave|bhola hai bhola hai shiv shankar bada bhola hai,Yashashree Bhave,Bhola Hai Bhola Hai Shiv Shankar Bada Bhola Hai,weak,2067,,,metadata_candidate
"Ye Hoi Ketti Teej Aayo ｜ Meena Bogati ｜ Aashma Bishwokarma, Alisha Sharma, Sajina Limbu ｜ Teej Song.m4a","Ye Hoi Ketti Teej Aayo ｜ Meena Bogati ｜ Aashma Bishwokarma, Alisha Sharma, Sajina Limbu ｜ Teej Song.m4a",osrdigital|ye hoi ketti teej aayo,OSRDigital,"Ye Hoi Ketti Teej Aayo | Meena Bogati | Aashma Bishwokarma, Alisha Sharma, Sajina Limbu | Teej Song",none,1084,,,metadata_candidate
"Ye Maya Najikai Sara (Dashain Song) ｜｜ JHINGEDAAU 2 Movie Song 2083 ｜｜ Keki, Aanchal, Mahesh, Kushal.m4a","Ye Maya Najikai Sara (Dashain Song) ｜｜ JHINGEDAAU 2 Movie Song 2083 ｜｜ Keki, Aanchal, Mahesh, Kushal.m4a",osrdigital|ye maya najikai sara dashain song,OSRDigital,"Ye Maya Najikai Sara (Dashain Song) || JHINGEDAAU 2 Movie Song 2083 || Keki, Aanchal, Mahesh, Kushal",weak,526,,,metadata_candidate
YeMeriiChanchari-JhalakManGandarv.mp3.mp3,YeMeriiChanchari-JhalakManGandarv.mp3.mp3,evergreen loke song collection|yemeriichanchari jhalakmangandarv mp3,evergreen loke song collection,YeMeriiChanchari-JhalakManGandarv.mp3,weak,,,,no_lyrics
"Yi Najarle Rojyo Timilai ｜｜ Ft. Dilip Okheda, Sunisha Bajagain ｜｜ Rachana Rimal, Rajendra Koli (RK).m4a","Yi Najarle Rojyo Timilai ｜｜ Ft. Dilip Okheda, Sunisha Bajagain ｜｜ Rachana Rimal, Rajendra Koli (RK).m4a",osrdigital|yi najarle rojyo timilai,OSRDigital,"Yi Najarle Rojyo Timilai || Ft. Dilip Okheda, Sunisha Bajagain || Rachana Rimal, Rajendra Koli (RK)",weak,1555,,,metadata_candidate
Yo Jindagi Ko Ke Kura - Amber Gurung - 1.mp3,Yo Jindagi Ko Ke Kura - Amber Gurung - 1.mp3,bhupendra pandey|yo jindagi ko ke kura amber gurung 1,Bhupendra Pandey,Yo Jindagi Ko Ke Kura - Amber Gurung - 1,probable,85,,,metadata_candidate
Yo Maya Ho - Melina Rai and Mabindra RaiNew Nepali Pop Song.mp3,Yo Maya Ho - Melina Rai and Mabindra RaiNew Nepali Pop Song.mp3,yo maya ho|melina rai and mabindra rainew nepali pop song,Yo Maya Ho,Melina Rai and Mabindra RaiNew Nepali Pop Song,weak,207,,,metadata_candidate
"Yogidev Nath ji, Karan shergill - Shiv Shankar Bhole.mp3","Yogidev Nath ji, Karan shergill - Shiv Shankar Bhole.mp3",yogidev nath ji karan shergill|shiv shankar bhole,"Yogidev Nath ji, Karan shergill",Shiv Shankar Bhole,weak,1543,,,metadata_candidate
Youth Unite - Nepali Ko Betha.mp3,Youth Unite - Nepali Ko Betha.mp3,youth unite|nepali ko betha,Youth Unite,Nepali Ko Betha,weak,207,,,metadata_candidate
Yuveen Sherpa - ATIHSIN Prelude.mp3,Yuveen Sherpa - ATIHSIN Prelude.mp3,yuveen sherpa|atihsin prelude,Yuveen Sherpa,ATIHSIN Prelude,none,,,,no_lyrics
Yuveen Sherpa - Laijau Malai.mp3,Yuveen Sherpa - Laijau Malai.mp3,yuveen sherpa|laijau malai,Yuveen Sherpa,Laijau Malai,weak,3813,,,metadata_candidate
YvnG 22 - Wena (ft SashaForTheBabies & Samzen SA).m4a,YvnG 22 - Wena (ft SashaForTheBabies & Samzen SA).m4a,yvng22|yvng 22 wena ft sashaforthebabies samzen sa,yvng22,YvnG 22 - Wena (ft SashaForTheBabies & Samzen SA),none,,,,no_lyrics
Zaigham Abbas Dard - Sajjan Taan Honde Km De Shaiya.mp3,Zaigham Abbas Dard - Sajjan Taan Honde Km De Shaiya.mp3,zaigham abbas dard|sajjan taan honde km de shaiya,Zaigham Abbas Dard,Sajjan Taan Honde Km De Shaiya,none,,,,no_lyrics
Zillay Hasnain - Sajjan Pardesia.mp3,Zillay Hasnain - Sajjan Pardesia.mp3,zillay hasnain|sajjan pardesia,Zillay Hasnain,Sajjan Pardesia,none,1199,,,metadata_candidate
Zyanigh - River Man ft Everton Bahadur Young.mp3,Zyanigh - River Man ft Everton Bahadur Young.mp3,realzyanigh|zyanigh river man ft everton bahadur young,RealZyanigh,Zyanigh - River Man ft Everton Bahadur Young,none,,,,no_lyrics
अज्ञात - best nepali pop song.mp3,अज्ञात - best nepali pop song.mp3,अज्ञात|best nepali pop song,अज्ञात,best nepali pop song,weak,207,,,metadata_candidate
कर्णालीको स्याउ खान रहर लागेको मिलन लामा लाइ लादै छिन इब्सल ले.m4a,कर्णालीको स्याउ खान रहर लागेको मिलन लामा लाइ लादै छिन इब्सल ले.m4a,top 4 dohori tukka दोहोरि टुक्का|कर्णालीको स्याउ खान रहर लागेको मिलन लामा लाइ लादै छिन इब्सल ले,TOP 4 DOHORI TUKKA (दोहोरि टुक्का),कर्णालीको स्याउ खान रहर लागेको मिलन लामा लाइ लादै छिन इब्सल ले,none,,,,no_lyrics
ख्याली ｜｜New Limbu Khyali 2020 ｜｜ Limbu Traditional Song ｜｜ का：ईचेङ्गमा ख्याली.m4a,ख्याली ｜｜New Limbu Khyali 2020 ｜｜ Limbu Traditional Song ｜｜ का：ईचेङ्गमा ख्याली.m4a,samyangphung films|ख्याली,Samyangphung Films,ख्याली ||New Limbu Khyali 2020 || Limbu Traditional Song || का:ईचेङ्गमा ख्याली,none,,,,no_lyrics
झल्को लाली ओँठको ।। New nepali live dohori geet jhalko lali otha ko। milan lama v⧸s ibsu sanjyal.m4a,झल्को लाली ओँठको ।। New nepali live dohori geet jhalko lali otha ko। milan lama v⧸s ibsu sanjyal.m4a,chakrapani pandey official|झल्को लाली ओँठको ।। new nepali dohori geet jhalko lali otha ko। milan lama v s ibsu sanjyal,Chakrapani Pandey Official,झल्को लाली ओँठको ।। New nepali live dohori geet jhalko lali otha ko। milan lama v/s ibsu sanjyal,strong,207,207,,metadata_only
झल्को लाली ओठ को ｜ Jhalko Lali Othako New Live Dohori Chije Gurung vs Bishal Sanjiyal.m4a,झल्को लाली ओठ को ｜ Jhalko Lali Othako New Live Dohori Chije Gurung vs Bishal Sanjiyal.m4a,dipesh khanal official|झल्को लाली ओठ को,Dipesh Khanal Official,झल्को लाली ओठ को | Jhalko Lali Othako New Live Dohori Chije Gurung vs Bishal Sanjiyal,weak,,,,no_lyrics
झल्को लाली ओठको ⧸⧸ new nepali live dohori ⧸⧸ milan lama vs ibsal sanjyal.m4a,झल्को लाली ओठको ⧸⧸ new nepali live dohori ⧸⧸ milan lama vs ibsal sanjyal.m4a,music nepal dohori|झल्को लाली ओठको new nepali dohori milan lama vs ibsal sanjyal,Music nepal Live dohori,झल्को लाली ओठको // new nepali live dohori // milan lama vs ibsal sanjyal,weak,207,,,metadata_candidate
फुलको माला ｜ Fulako Mala ｜ Nepali Christian Welcome Song with Lyrics.m4a,फुलको माला ｜ Fulako Mala ｜ Nepali Christian Welcome Song with Lyrics.m4a,bijaya church tv|फुलको माला,Bijaya Church TV,फुलको माला | Fulako Mala | Nepali Christian Welcome Song with Lyrics,none,,,,no_lyrics
बनक छ पहरल  Baneko Cha Paharale - Heavy Rock Fusion  Tribute to Gopal Yonjan.mp3.m4a,बनक छ पहरल  Baneko Cha Paharale - Heavy Rock Fusion  Tribute to Gopal Yonjan.mp3.m4a,jhampate|बनक छ पहरल baneko cha paharale heavy rock fusion tribute to gopal yonjan mp3,Jhampate,बनक छ पहरल  Baneko Cha Paharale - Heavy Rock Fusion  Tribute to Gopal Yonjan.mp3,weak,1423,,,metadata_candidate
भारि भो भारि भो ｜｜ Bhari Bho Bhari Bho ｜｜ Lyrical Song ｜｜ Resham Filili.m4a,भारि भो भारि भो ｜｜ Bhari Bho Bhari Bho ｜｜ Lyrical Song ｜｜ Resham Filili.m4a,budha subba digital|भारि भो भारि भो,Budha Subba Digital,भारि भो भारि भो || Bhari Bho Bhari Bho || Lyrical Song || Resham Filili,none,,,,no_lyrics
म दुर भएर के भो। -Tribute to late Legend Ambar Gurung.mp3,म दुर भएर के भो। -Tribute to late Legend Ambar Gurung.mp3,rajkumar thapa|म दुर भएर के भो। tribute to late legend ambar gurung,Rajkumar Thapa,म दुर भएर के भो। -Tribute to late Legend Ambar Gurung,probable,3293,,,metadata_candidate
यस्तो पनि हुँदो रैछ ｜ Yesto Pani Hudo Raichha ｜ Fatteman Rajbhandari (Cover).mp3,यस्तो पनि हुँदो रैछ ｜ Yesto Pani Hudo Raichha ｜ Fatteman Rajbhandari (Cover).mp3,sanyukta shrestha|यस्तो पनि हुँदो रैछ,Sanyukta Shrestha,यस्तो पनि हुँदो रैछ | Yesto Pani Hudo Raichha | Fatteman Rajbhandari (Cover),none,,,,no_lyrics
रेशम फिरिरी।Resham Firiri ｜｜ Nivriti Sharma｜｜ 2020dec.m4a,रेशम फिरिरी।Resham Firiri ｜｜ Nivriti Sharma｜｜ 2020dec.m4a,studio soundtrack kids|रेशम फिरिरी।resham firiri,Studio SoundTrack Kids,रेशम फिरिरी।Resham Firiri || Nivriti Sharma|| 2020dec,weak,1650,,,metadata_candidate
लाहुरे टाँसिएको सुपादेउरालीको रहस्य ｜ Supadeurali Mata Arghakhanchi ｜ Lahure Tasiyako Thau ｜ Supa.m4a,लाहुरे टाँसिएको सुपादेउरालीको रहस्य ｜ Supadeurali Mata Arghakhanchi ｜ Lahure Tasiyako Thau ｜ Supa.m4a,epic khabar|लाहुरे टाँसिएको सुपादेउरालीको रहस्य,Epic Khabar,लाहुरे टाँसिएको सुपादेउरालीको रहस्य | Supadeurali Mata Arghakhanchi | Lahure Tasiyako Thau | Supa,none,,,,no_lyrics
सान्नानीको गालैमा कालो कोठी रैछ - A tribute to Fatteman Rajbhandari.mp3,सान्नानीको गालैमा कालो कोठी रैछ - A tribute to Fatteman Rajbhandari.mp3,sanyukta shrestha|सान्नानीको गालैमा कालो कोठी रैछ a tribute to fatteman rajbhandari,Sanyukta Shrestha,सान्नानीको गालैमा कालो कोठी रैछ - A tribute to Fatteman Rajbhandari,none,,,,no_lyrics
हर साल तीज में बजने वाला गाना ｜ बनल रहे सेनूरा हमार भोला ｜ Teej geet ｜ 2025.m4a,हर साल तीज में बजने वाला गाना ｜ बनल रहे सेनूरा हमार भोला ｜ Teej geet ｜ 2025.m4a,bhakti bhaw|हर साल तीज में बजने वाला गाना,Bhakti Bhaw,हर साल तीज में बजने वाला गाना | बनल रहे सेनूरा हमार भोला | Teej geet | 2025,none,,,,no_lyrics
हे दैव - HEY DAIBA - Dr. Sam ｜ New Nepali Rap Song.m4a,हे दैव - HEY DAIBA - Dr. Sam ｜ New Nepali Rap Song.m4a,girish khatiwada|हे दैव hey daiba dr sam,Girish Khatiwada,हे दैव - HEY DAIBA - Dr. Sam | New Nepali Rap Song,strong,3220,3220,,metadata_only
௵ Sherpa FM & Incontrol - You Got Me Voodoo feat. Louis Armstrong.mp3,௵ Sherpa FM & Incontrol - You Got Me Voodoo feat. Louis Armstrong.mp3,sherpa fm incontrol|you got me voodoo feat louis armstrong,௵ Sherpa FM & Incontrol,You Got Me Voodoo feat. Louis Armstrong,none,,,,no_lyrics
＂AAKRAMAN＂ - VYOMA ｜ Official Music Video ｜ Beat Prod ： Vipax34.m4a,＂AAKRAMAN＂ - VYOMA ｜ Official Music Video ｜ Beat Prod ： Vipax34.m4a,vyoma official|aakraman vyoma,Vyoma Official,"""AAKRAMAN"" - VYOMA | Official Music Video | Beat Prod : Vipax34",weak,485,,,metadata_candidate
＂Alone＂ Nepali Rap Beat Instrumental 2019 ｜ Nepali Rap Song ｜ ( Prod. By： Yakub Tamang ).mp3,＂Alone＂ Nepali Rap Beat Instrumental 2019 ｜ Nepali Rap Song ｜ ( Prod. By： Yakub Tamang ).mp3,yakuv tamang|alone nepali rap beat instrumental,Yakuv Tamang,"""Alone"" Nepali Rap Beat Instrumental 2019 | Nepali Rap Song | ( Prod. By: Yakub Tamang )",strong,207,207,,metadata_only
＂cover payung teduh - cerita tentang gunung dan laut＂.mp3,＂cover payung teduh - cerita tentang gunung dan laut＂.mp3,awhu akbar|payung teduh cerita tentang gunung dan laut,awhu akbar,"""cover payung teduh - cerita tentang gunung dan laut""",none,,,,no_lyrics
＂मन साईली＂ Man Saili - Prashant Tamang ｜ Keki Adhikari ｜ Official Music Video ｜ Nepali Song.m4a,＂मन साईली＂ Man Saili - Prashant Tamang ｜ Keki Adhikari ｜ Official Music Video ｜ Nepali Song.m4a,music nepal|मन साईली man saili prashant tamang,Music Nepal,"""मन साईली"" Man Saili - Prashant Tamang | Keki Adhikari | Official Music Video | Nepali Song",probable,1494,,,metadata_candidate
🇮🇳mere gaon mein hai ek Meri budhi man army🇮🇳.m4a,🇮🇳mere gaon mein hai ek Meri budhi man army🇮🇳.m4a,rj official rj official|mere gaon mein hai ek meri budhi man army,RJ official RJ official,🇮🇳mere gaon mein hai ek Meri budhi man army🇮🇳,weak,1226,,,metadata_candidate
🎧🌍🖤#Maa #budhi #jagulai #singh #baja #Jajpur #Orissa #digital #sound 🎤🎵.mo;7504372041..9658019249.m4a,🎧🌍🖤#Maa #budhi #jagulai #singh #baja #Jajpur #Orissa #digital #sound 🎤🎵.mo;7504372041..9658019249.m4a,a1 maa budhi jagulai singh baja brand|maa budhi jagulai singh baja jajpur orissa digital sound mo 7504372041 9658019249,A1 MAA BUDHI JAGULAI SINGH BAJA BRAND,🎧🌍🖤#Maa #budhi #jagulai #singh #baja #Jajpur #Orissa #digital #sound 🎤🎵.mo;7504372041..9658019249,weak,205,,,metadata_candidate
